"Problem","Package","File","Priority","Line","Description","Rule set","Rule"
"1","org.apache.commons.fileupload","/Users/grantnelson/go/src/github.com/apache/commons-fileupload/src/main/java/org/apache/commons/fileupload/DefaultFileItem.java","3","38","The class 'DefaultFileItem' has a NCSS line count of 3 (Highest = 2).","Design","NcssCount"
"2","org.apache.commons.fileupload","/Users/grantnelson/go/src/github.com/apache/commons-fileupload/src/main/java/org/apache/commons/fileupload/DefaultFileItem.java","3","38","The class 'DefaultFileItem' has a total cyclomatic complexity of 1 (highest 1).","Design","CyclomaticComplexity"
"3","org.apache.commons.fileupload","/Users/grantnelson/go/src/github.com/apache/commons-fileupload/src/main/java/org/apache/commons/fileupload/DefaultFileItem.java","3","38","This class has 1 public methods and attributes; current threshold is 1.","Design","ExcessivePublicCount"
"4","org.apache.commons.fileupload","/Users/grantnelson/go/src/github.com/apache/commons-fileupload/src/main/java/org/apache/commons/fileupload/DefaultFileItem.java","3","63","The constructor 'DefaultFileItem(String, String, boolean, String, int, File)' has a NCSS line count of 2.","Design","NcssCount"
"5","org.apache.commons.fileupload","/Users/grantnelson/go/src/github.com/apache/commons-fileupload/src/main/java/org/apache/commons/fileupload/DefaultFileItem.java","3","63","The constructor 'DefaultFileItem(String, String, boolean, String, int, File)' has a cyclomatic complexity of 1.","Design","CyclomaticComplexity"
"6","org.apache.commons.fileupload","/Users/grantnelson/go/src/github.com/apache/commons-fileupload/src/main/java/org/apache/commons/fileupload/DefaultFileItem.java","3","63","The constructor 'DefaultFileItem(String, String, boolean, String, int, File)' has an NPath complexity of 1, current threshold is 1","Design","NPathComplexity"
"7","org.apache.commons.fileupload","/Users/grantnelson/go/src/github.com/apache/commons-fileupload/src/main/java/org/apache/commons/fileupload/DefaultFileItem.java","3","63","Avoid long parameter lists (6 parameters - threshold is 1).","Design","ExcessiveParameterList"
"1","org.apache.commons.fileupload","/Users/grantnelson/go/src/github.com/apache/commons-fileupload/src/main/java/org/apache/commons/fileupload/DefaultFileItemFactory.java","3","42","A value of 2 may denote a high amount of coupling within the class (threshold: 1)","Design","CouplingBetweenObjects"
"2","org.apache.commons.fileupload","/Users/grantnelson/go/src/github.com/apache/commons-fileupload/src/main/java/org/apache/commons/fileupload/DefaultFileItemFactory.java","3","42","The class 'DefaultFileItemFactory' has a NCSS line count of 7 (Highest = 2).","Design","NcssCount"
"3","org.apache.commons.fileupload","/Users/grantnelson/go/src/github.com/apache/commons-fileupload/src/main/java/org/apache/commons/fileupload/DefaultFileItemFactory.java","3","42","The class 'DefaultFileItemFactory' has a total cyclomatic complexity of 3 (highest 1).","Design","CyclomaticComplexity"
"4","org.apache.commons.fileupload","/Users/grantnelson/go/src/github.com/apache/commons-fileupload/src/main/java/org/apache/commons/fileupload/DefaultFileItemFactory.java","3","42","This class has 3 public methods and attributes; current threshold is 1.","Design","ExcessivePublicCount"
"5","org.apache.commons.fileupload","/Users/grantnelson/go/src/github.com/apache/commons-fileupload/src/main/java/org/apache/commons/fileupload/DefaultFileItemFactory.java","3","53","The constructor 'DefaultFileItemFactory()' has a NCSS line count of 2.","Design","NcssCount"
"6","org.apache.commons.fileupload","/Users/grantnelson/go/src/github.com/apache/commons-fileupload/src/main/java/org/apache/commons/fileupload/DefaultFileItemFactory.java","3","53","The constructor 'DefaultFileItemFactory()' has a cyclomatic complexity of 1.","Design","CyclomaticComplexity"
"7","org.apache.commons.fileupload","/Users/grantnelson/go/src/github.com/apache/commons-fileupload/src/main/java/org/apache/commons/fileupload/DefaultFileItemFactory.java","3","53","The constructor 'DefaultFileItemFactory()' has an NPath complexity of 1, current threshold is 1","Design","NPathComplexity"
"8","org.apache.commons.fileupload","/Users/grantnelson/go/src/github.com/apache/commons-fileupload/src/main/java/org/apache/commons/fileupload/DefaultFileItemFactory.java","3","70","The constructor 'DefaultFileItemFactory(int, File)' has a NCSS line count of 2.","Design","NcssCount"
"9","org.apache.commons.fileupload","/Users/grantnelson/go/src/github.com/apache/commons-fileupload/src/main/java/org/apache/commons/fileupload/DefaultFileItemFactory.java","3","70","The constructor 'DefaultFileItemFactory(int, File)' has a cyclomatic complexity of 1.","Design","CyclomaticComplexity"
"10","org.apache.commons.fileupload","/Users/grantnelson/go/src/github.com/apache/commons-fileupload/src/main/java/org/apache/commons/fileupload/DefaultFileItemFactory.java","3","70","The constructor 'DefaultFileItemFactory(int, File)' has an NPath complexity of 1, current threshold is 1","Design","NPathComplexity"
"11","org.apache.commons.fileupload","/Users/grantnelson/go/src/github.com/apache/commons-fileupload/src/main/java/org/apache/commons/fileupload/DefaultFileItemFactory.java","3","70","Avoid long parameter lists (2 parameters - threshold is 1).","Design","ExcessiveParameterList"
"12","org.apache.commons.fileupload","/Users/grantnelson/go/src/github.com/apache/commons-fileupload/src/main/java/org/apache/commons/fileupload/DefaultFileItemFactory.java","3","94","The method 'createItem(String, String, boolean, String)' has a NCSS line count of 2.","Design","NcssCount"
"13","org.apache.commons.fileupload","/Users/grantnelson/go/src/github.com/apache/commons-fileupload/src/main/java/org/apache/commons/fileupload/DefaultFileItemFactory.java","3","94","The method 'createItem(String, String, boolean, String)' has a cyclomatic complexity of 1.","Design","CyclomaticComplexity"
"14","org.apache.commons.fileupload","/Users/grantnelson/go/src/github.com/apache/commons-fileupload/src/main/java/org/apache/commons/fileupload/DefaultFileItemFactory.java","3","94","The method 'createItem(String, String, boolean, String)' has an NPath complexity of 1, current threshold is 1","Design","NPathComplexity"
"15","org.apache.commons.fileupload","/Users/grantnelson/go/src/github.com/apache/commons-fileupload/src/main/java/org/apache/commons/fileupload/DefaultFileItemFactory.java","3","94","Avoid long parameter lists (4 parameters - threshold is 1).","Design","ExcessiveParameterList"
"1","org.apache.commons.fileupload","/Users/grantnelson/go/src/github.com/apache/commons-fileupload/src/main/java/org/apache/commons/fileupload/DiskFileUpload.java","3","41","A value of 4 may denote a high amount of coupling within the class (threshold: 1)","Design","CouplingBetweenObjects"
"2","org.apache.commons.fileupload","/Users/grantnelson/go/src/github.com/apache/commons-fileupload/src/main/java/org/apache/commons/fileupload/DiskFileUpload.java","3","41","The class 'DiskFileUpload' has a NCSS line count of 25 (Highest = 5).","Design","NcssCount"
"3","org.apache.commons.fileupload","/Users/grantnelson/go/src/github.com/apache/commons-fileupload/src/main/java/org/apache/commons/fileupload/DiskFileUpload.java","3","41","The class 'DiskFileUpload' has a total cyclomatic complexity of 9 (highest 1).","Design","CyclomaticComplexity"
"4","org.apache.commons.fileupload","/Users/grantnelson/go/src/github.com/apache/commons-fileupload/src/main/java/org/apache/commons/fileupload/DiskFileUpload.java","3","41","This class has 9 public methods and attributes; current threshold is 1.","Design","ExcessivePublicCount"
"5","org.apache.commons.fileupload","/Users/grantnelson/go/src/github.com/apache/commons-fileupload/src/main/java/org/apache/commons/fileupload/DiskFileUpload.java","3","62","The constructor 'DiskFileUpload()' has a NCSS line count of 3.","Design","NcssCount"
"6","org.apache.commons.fileupload","/Users/grantnelson/go/src/github.com/apache/commons-fileupload/src/main/java/org/apache/commons/fileupload/DiskFileUpload.java","3","62","The constructor 'DiskFileUpload()' has a cyclomatic complexity of 1.","Design","CyclomaticComplexity"
"7","org.apache.commons.fileupload","/Users/grantnelson/go/src/github.com/apache/commons-fileupload/src/main/java/org/apache/commons/fileupload/DiskFileUpload.java","3","62","The constructor 'DiskFileUpload()' has an NPath complexity of 1, current threshold is 1","Design","NPathComplexity"
"8","org.apache.commons.fileupload","/Users/grantnelson/go/src/github.com/apache/commons-fileupload/src/main/java/org/apache/commons/fileupload/DiskFileUpload.java","3","77","The constructor 'DiskFileUpload(DefaultFileItemFactory)' has a NCSS line count of 3.","Design","NcssCount"
"9","org.apache.commons.fileupload","/Users/grantnelson/go/src/github.com/apache/commons-fileupload/src/main/java/org/apache/commons/fileupload/DiskFileUpload.java","3","77","The constructor 'DiskFileUpload(DefaultFileItemFactory)' has a cyclomatic complexity of 1.","Design","CyclomaticComplexity"
"10","org.apache.commons.fileupload","/Users/grantnelson/go/src/github.com/apache/commons-fileupload/src/main/java/org/apache/commons/fileupload/DiskFileUpload.java","3","77","The constructor 'DiskFileUpload(DefaultFileItemFactory)' has an NPath complexity of 1, current threshold is 1","Design","NPathComplexity"
"11","org.apache.commons.fileupload","/Users/grantnelson/go/src/github.com/apache/commons-fileupload/src/main/java/org/apache/commons/fileupload/DiskFileUpload.java","3","77","Avoid long parameter lists (1 parameters - threshold is 1).","Design","ExcessiveParameterList"
"12","org.apache.commons.fileupload","/Users/grantnelson/go/src/github.com/apache/commons-fileupload/src/main/java/org/apache/commons/fileupload/DiskFileUpload.java","3","93","The method 'getFileItemFactory()' has a NCSS line count of 2.","Design","NcssCount"
"13","org.apache.commons.fileupload","/Users/grantnelson/go/src/github.com/apache/commons-fileupload/src/main/java/org/apache/commons/fileupload/DiskFileUpload.java","3","93","The method 'getFileItemFactory()' has a cyclomatic complexity of 1.","Design","CyclomaticComplexity"
"14","org.apache.commons.fileupload","/Users/grantnelson/go/src/github.com/apache/commons-fileupload/src/main/java/org/apache/commons/fileupload/DiskFileUpload.java","3","93","The method 'getFileItemFactory()' has an NPath complexity of 1, current threshold is 1","Design","NPathComplexity"
"15","org.apache.commons.fileupload","/Users/grantnelson/go/src/github.com/apache/commons-fileupload/src/main/java/org/apache/commons/fileupload/DiskFileUpload.java","3","108","The method 'setFileItemFactory(FileItemFactory)' has a NCSS line count of 2.","Design","NcssCount"
"16","org.apache.commons.fileupload","/Users/grantnelson/go/src/github.com/apache/commons-fileupload/src/main/java/org/apache/commons/fileupload/DiskFileUpload.java","3","108","The method 'setFileItemFactory(FileItemFactory)' has a cyclomatic complexity of 1.","Design","CyclomaticComplexity"
"17","org.apache.commons.fileupload","/Users/grantnelson/go/src/github.com/apache/commons-fileupload/src/main/java/org/apache/commons/fileupload/DiskFileUpload.java","3","108","The method 'setFileItemFactory(FileItemFactory)' has an NPath complexity of 1, current threshold is 1","Design","NPathComplexity"
"18","org.apache.commons.fileupload","/Users/grantnelson/go/src/github.com/apache/commons-fileupload/src/main/java/org/apache/commons/fileupload/DiskFileUpload.java","3","108","Avoid long parameter lists (1 parameters - threshold is 1).","Design","ExcessiveParameterList"
"19","org.apache.commons.fileupload","/Users/grantnelson/go/src/github.com/apache/commons-fileupload/src/main/java/org/apache/commons/fileupload/DiskFileUpload.java","3","123","The method 'getSizeThreshold()' has a NCSS line count of 2.","Design","NcssCount"
"20","org.apache.commons.fileupload","/Users/grantnelson/go/src/github.com/apache/commons-fileupload/src/main/java/org/apache/commons/fileupload/DiskFileUpload.java","3","123","The method 'getSizeThreshold()' has a cyclomatic complexity of 1.","Design","CyclomaticComplexity"
"21","org.apache.commons.fileupload","/Users/grantnelson/go/src/github.com/apache/commons-fileupload/src/main/java/org/apache/commons/fileupload/DiskFileUpload.java","3","123","The method 'getSizeThreshold()' has an NPath complexity of 1, current threshold is 1","Design","NPathComplexity"
"22","org.apache.commons.fileupload","/Users/grantnelson/go/src/github.com/apache/commons-fileupload/src/main/java/org/apache/commons/fileupload/DiskFileUpload.java","3","137","The method 'setSizeThreshold(int)' has a NCSS line count of 2.","Design","NcssCount"
"23","org.apache.commons.fileupload","/Users/grantnelson/go/src/github.com/apache/commons-fileupload/src/main/java/org/apache/commons/fileupload/DiskFileUpload.java","3","137","The method 'setSizeThreshold(int)' has a cyclomatic complexity of 1.","Design","CyclomaticComplexity"
"24","org.apache.commons.fileupload","/Users/grantnelson/go/src/github.com/apache/commons-fileupload/src/main/java/org/apache/commons/fileupload/DiskFileUpload.java","3","137","The method 'setSizeThreshold(int)' has an NPath complexity of 1, current threshold is 1","Design","NPathComplexity"
"25","org.apache.commons.fileupload","/Users/grantnelson/go/src/github.com/apache/commons-fileupload/src/main/java/org/apache/commons/fileupload/DiskFileUpload.java","3","137","Avoid long parameter lists (1 parameters - threshold is 1).","Design","ExcessiveParameterList"
"26","org.apache.commons.fileupload","/Users/grantnelson/go/src/github.com/apache/commons-fileupload/src/main/java/org/apache/commons/fileupload/DiskFileUpload.java","3","152","The method 'getRepositoryPath()' has a NCSS line count of 2.","Design","NcssCount"
"27","org.apache.commons.fileupload","/Users/grantnelson/go/src/github.com/apache/commons-fileupload/src/main/java/org/apache/commons/fileupload/DiskFileUpload.java","3","152","The method 'getRepositoryPath()' has a cyclomatic complexity of 1.","Design","CyclomaticComplexity"
"28","org.apache.commons.fileupload","/Users/grantnelson/go/src/github.com/apache/commons-fileupload/src/main/java/org/apache/commons/fileupload/DiskFileUpload.java","3","152","The method 'getRepositoryPath()' has an NPath complexity of 1, current threshold is 1","Design","NPathComplexity"
"29","org.apache.commons.fileupload","/Users/grantnelson/go/src/github.com/apache/commons-fileupload/src/main/java/org/apache/commons/fileupload/DiskFileUpload.java","3","167","The method 'setRepositoryPath(String)' has a NCSS line count of 2.","Design","NcssCount"
"30","org.apache.commons.fileupload","/Users/grantnelson/go/src/github.com/apache/commons-fileupload/src/main/java/org/apache/commons/fileupload/DiskFileUpload.java","3","167","The method 'setRepositoryPath(String)' has a cyclomatic complexity of 1.","Design","CyclomaticComplexity"
"31","org.apache.commons.fileupload","/Users/grantnelson/go/src/github.com/apache/commons-fileupload/src/main/java/org/apache/commons/fileupload/DiskFileUpload.java","3","167","The method 'setRepositoryPath(String)' has an NPath complexity of 1, current threshold is 1","Design","NPathComplexity"
"32","org.apache.commons.fileupload","/Users/grantnelson/go/src/github.com/apache/commons-fileupload/src/main/java/org/apache/commons/fileupload/DiskFileUpload.java","3","167","Avoid long parameter lists (1 parameters - threshold is 1).","Design","ExcessiveParameterList"
"33","org.apache.commons.fileupload","/Users/grantnelson/go/src/github.com/apache/commons-fileupload/src/main/java/org/apache/commons/fileupload/DiskFileUpload.java","3","192","The method 'parseRequest(HttpServletRequest, int, long, String)' has a NCSS line count of 5.","Design","NcssCount"
"34","org.apache.commons.fileupload","/Users/grantnelson/go/src/github.com/apache/commons-fileupload/src/main/java/org/apache/commons/fileupload/DiskFileUpload.java","3","192","The method 'parseRequest(HttpServletRequest, int, long, String)' has a cyclomatic complexity of 1.","Design","CyclomaticComplexity"
"35","org.apache.commons.fileupload","/Users/grantnelson/go/src/github.com/apache/commons-fileupload/src/main/java/org/apache/commons/fileupload/DiskFileUpload.java","3","192","The method 'parseRequest(HttpServletRequest, int, long, String)' has an NPath complexity of 1, current threshold is 1","Design","NPathComplexity"
"36","org.apache.commons.fileupload","/Users/grantnelson/go/src/github.com/apache/commons-fileupload/src/main/java/org/apache/commons/fileupload/DiskFileUpload.java","3","192","Avoid long parameter lists (4 parameters - threshold is 1).","Design","ExcessiveParameterList"
"1","org.apache.commons.fileupload","/Users/grantnelson/go/src/github.com/apache/commons-fileupload/src/main/java/org/apache/commons/fileupload/FileItem.java","3","47","The interface 'FileItem' has a NCSS line count of 16 (Highest = 1).","Design","NcssCount"
"2","org.apache.commons.fileupload","/Users/grantnelson/go/src/github.com/apache/commons-fileupload/src/main/java/org/apache/commons/fileupload/FileItem.java","3","47","This class has 15 public methods and attributes; current threshold is 1.","Design","ExcessivePublicCount"
"3","org.apache.commons.fileupload","/Users/grantnelson/go/src/github.com/apache/commons-fileupload/src/main/java/org/apache/commons/fileupload/FileItem.java","3","60","The method 'getInputStream()' has a NCSS line count of 1.","Design","NcssCount"
"4","org.apache.commons.fileupload","/Users/grantnelson/go/src/github.com/apache/commons-fileupload/src/main/java/org/apache/commons/fileupload/FileItem.java","3","60","The method 'getInputStream()' has a cyclomatic complexity of 1.","Design","CyclomaticComplexity"
"5","org.apache.commons.fileupload","/Users/grantnelson/go/src/github.com/apache/commons-fileupload/src/main/java/org/apache/commons/fileupload/FileItem.java","3","60","The method 'getInputStream()' has an NPath complexity of 1, current threshold is 1","Design","NPathComplexity"
"6","org.apache.commons.fileupload","/Users/grantnelson/go/src/github.com/apache/commons-fileupload/src/main/java/org/apache/commons/fileupload/FileItem.java","3","69","The method 'getContentType()' has a NCSS line count of 1.","Design","NcssCount"
"7","org.apache.commons.fileupload","/Users/grantnelson/go/src/github.com/apache/commons-fileupload/src/main/java/org/apache/commons/fileupload/FileItem.java","3","69","The method 'getContentType()' has a cyclomatic complexity of 1.","Design","CyclomaticComplexity"
"8","org.apache.commons.fileupload","/Users/grantnelson/go/src/github.com/apache/commons-fileupload/src/main/java/org/apache/commons/fileupload/FileItem.java","3","69","The method 'getContentType()' has an NPath complexity of 1, current threshold is 1","Design","NPathComplexity"
"9","org.apache.commons.fileupload","/Users/grantnelson/go/src/github.com/apache/commons-fileupload/src/main/java/org/apache/commons/fileupload/FileItem.java","3","83","The method 'getName()' has a NCSS line count of 1.","Design","NcssCount"
"10","org.apache.commons.fileupload","/Users/grantnelson/go/src/github.com/apache/commons-fileupload/src/main/java/org/apache/commons/fileupload/FileItem.java","3","83","The method 'getName()' has a cyclomatic complexity of 1.","Design","CyclomaticComplexity"
"11","org.apache.commons.fileupload","/Users/grantnelson/go/src/github.com/apache/commons-fileupload/src/main/java/org/apache/commons/fileupload/FileItem.java","3","83","The method 'getName()' has an NPath complexity of 1, current threshold is 1","Design","NPathComplexity"
"12","org.apache.commons.fileupload","/Users/grantnelson/go/src/github.com/apache/commons-fileupload/src/main/java/org/apache/commons/fileupload/FileItem.java","3","94","The method 'isInMemory()' has a NCSS line count of 1.","Design","NcssCount"
"13","org.apache.commons.fileupload","/Users/grantnelson/go/src/github.com/apache/commons-fileupload/src/main/java/org/apache/commons/fileupload/FileItem.java","3","94","The method 'isInMemory()' has a cyclomatic complexity of 1.","Design","CyclomaticComplexity"
"14","org.apache.commons.fileupload","/Users/grantnelson/go/src/github.com/apache/commons-fileupload/src/main/java/org/apache/commons/fileupload/FileItem.java","3","94","The method 'isInMemory()' has an NPath complexity of 1, current threshold is 1","Design","NPathComplexity"
"15","org.apache.commons.fileupload","/Users/grantnelson/go/src/github.com/apache/commons-fileupload/src/main/java/org/apache/commons/fileupload/FileItem.java","3","101","The method 'getSize()' has a NCSS line count of 1.","Design","NcssCount"
"16","org.apache.commons.fileupload","/Users/grantnelson/go/src/github.com/apache/commons-fileupload/src/main/java/org/apache/commons/fileupload/FileItem.java","3","101","The method 'getSize()' has a cyclomatic complexity of 1.","Design","CyclomaticComplexity"
"17","org.apache.commons.fileupload","/Users/grantnelson/go/src/github.com/apache/commons-fileupload/src/main/java/org/apache/commons/fileupload/FileItem.java","3","101","The method 'getSize()' has an NPath complexity of 1, current threshold is 1","Design","NPathComplexity"
"18","org.apache.commons.fileupload","/Users/grantnelson/go/src/github.com/apache/commons-fileupload/src/main/java/org/apache/commons/fileupload/FileItem.java","3","108","The method 'get()' has a NCSS line count of 1.","Design","NcssCount"
"19","org.apache.commons.fileupload","/Users/grantnelson/go/src/github.com/apache/commons-fileupload/src/main/java/org/apache/commons/fileupload/FileItem.java","3","108","The method 'get()' has a cyclomatic complexity of 1.","Design","CyclomaticComplexity"
"20","org.apache.commons.fileupload","/Users/grantnelson/go/src/github.com/apache/commons-fileupload/src/main/java/org/apache/commons/fileupload/FileItem.java","3","108","The method 'get()' has an NPath complexity of 1, current threshold is 1","Design","NPathComplexity"
"21","org.apache.commons.fileupload","/Users/grantnelson/go/src/github.com/apache/commons-fileupload/src/main/java/org/apache/commons/fileupload/FileItem.java","3","122","The method 'getString(String)' has a NCSS line count of 1.","Design","NcssCount"
"22","org.apache.commons.fileupload","/Users/grantnelson/go/src/github.com/apache/commons-fileupload/src/main/java/org/apache/commons/fileupload/FileItem.java","3","122","The method 'getString(String)' has a cyclomatic complexity of 1.","Design","CyclomaticComplexity"
"23","org.apache.commons.fileupload","/Users/grantnelson/go/src/github.com/apache/commons-fileupload/src/main/java/org/apache/commons/fileupload/FileItem.java","3","122","The method 'getString(String)' has an NPath complexity of 1, current threshold is 1","Design","NPathComplexity"
"24","org.apache.commons.fileupload","/Users/grantnelson/go/src/github.com/apache/commons-fileupload/src/main/java/org/apache/commons/fileupload/FileItem.java","3","122","Avoid long parameter lists (1 parameters - threshold is 1).","Design","ExcessiveParameterList"
"25","org.apache.commons.fileupload","/Users/grantnelson/go/src/github.com/apache/commons-fileupload/src/main/java/org/apache/commons/fileupload/FileItem.java","3","131","The method 'getString()' has a NCSS line count of 1.","Design","NcssCount"
"26","org.apache.commons.fileupload","/Users/grantnelson/go/src/github.com/apache/commons-fileupload/src/main/java/org/apache/commons/fileupload/FileItem.java","3","131","The method 'getString()' has a cyclomatic complexity of 1.","Design","CyclomaticComplexity"
"27","org.apache.commons.fileupload","/Users/grantnelson/go/src/github.com/apache/commons-fileupload/src/main/java/org/apache/commons/fileupload/FileItem.java","3","131","The method 'getString()' has an NPath complexity of 1, current threshold is 1","Design","NPathComplexity"
"28","org.apache.commons.fileupload","/Users/grantnelson/go/src/github.com/apache/commons-fileupload/src/main/java/org/apache/commons/fileupload/FileItem.java","3","149","The method 'write(File)' has a NCSS line count of 1.","Design","NcssCount"
"29","org.apache.commons.fileupload","/Users/grantnelson/go/src/github.com/apache/commons-fileupload/src/main/java/org/apache/commons/fileupload/FileItem.java","3","149","The method 'write(File)' has a cyclomatic complexity of 1.","Design","CyclomaticComplexity"
"30","org.apache.commons.fileupload","/Users/grantnelson/go/src/github.com/apache/commons-fileupload/src/main/java/org/apache/commons/fileupload/FileItem.java","3","149","The method 'write(File)' has an NPath complexity of 1, current threshold is 1","Design","NPathComplexity"
"31","org.apache.commons.fileupload","/Users/grantnelson/go/src/github.com/apache/commons-fileupload/src/main/java/org/apache/commons/fileupload/FileItem.java","3","149","Avoid long parameter lists (1 parameters - threshold is 1).","Design","ExcessiveParameterList"
"32","org.apache.commons.fileupload","/Users/grantnelson/go/src/github.com/apache/commons-fileupload/src/main/java/org/apache/commons/fileupload/FileItem.java","3","158","The method 'delete()' has a NCSS line count of 1.","Design","NcssCount"
"33","org.apache.commons.fileupload","/Users/grantnelson/go/src/github.com/apache/commons-fileupload/src/main/java/org/apache/commons/fileupload/FileItem.java","3","158","The method 'delete()' has a cyclomatic complexity of 1.","Design","CyclomaticComplexity"
"34","org.apache.commons.fileupload","/Users/grantnelson/go/src/github.com/apache/commons-fileupload/src/main/java/org/apache/commons/fileupload/FileItem.java","3","158","The method 'delete()' has an NPath complexity of 1, current threshold is 1","Design","NPathComplexity"
"35","org.apache.commons.fileupload","/Users/grantnelson/go/src/github.com/apache/commons-fileupload/src/main/java/org/apache/commons/fileupload/FileItem.java","3","166","The method 'getFieldName()' has a NCSS line count of 1.","Design","NcssCount"
"36","org.apache.commons.fileupload","/Users/grantnelson/go/src/github.com/apache/commons-fileupload/src/main/java/org/apache/commons/fileupload/FileItem.java","3","166","The method 'getFieldName()' has a cyclomatic complexity of 1.","Design","CyclomaticComplexity"
"37","org.apache.commons.fileupload","/Users/grantnelson/go/src/github.com/apache/commons-fileupload/src/main/java/org/apache/commons/fileupload/FileItem.java","3","166","The method 'getFieldName()' has an NPath complexity of 1, current threshold is 1","Design","NPathComplexity"
"38","org.apache.commons.fileupload","/Users/grantnelson/go/src/github.com/apache/commons-fileupload/src/main/java/org/apache/commons/fileupload/FileItem.java","3","173","The method 'setFieldName(String)' has a NCSS line count of 1.","Design","NcssCount"
"39","org.apache.commons.fileupload","/Users/grantnelson/go/src/github.com/apache/commons-fileupload/src/main/java/org/apache/commons/fileupload/FileItem.java","3","173","The method 'setFieldName(String)' has a cyclomatic complexity of 1.","Design","CyclomaticComplexity"
"40","org.apache.commons.fileupload","/Users/grantnelson/go/src/github.com/apache/commons-fileupload/src/main/java/org/apache/commons/fileupload/FileItem.java","3","173","The method 'setFieldName(String)' has an NPath complexity of 1, current threshold is 1","Design","NPathComplexity"
"41","org.apache.commons.fileupload","/Users/grantnelson/go/src/github.com/apache/commons-fileupload/src/main/java/org/apache/commons/fileupload/FileItem.java","3","173","Avoid long parameter lists (1 parameters - threshold is 1).","Design","ExcessiveParameterList"
"42","org.apache.commons.fileupload","/Users/grantnelson/go/src/github.com/apache/commons-fileupload/src/main/java/org/apache/commons/fileupload/FileItem.java","3","182","The method 'isFormField()' has a NCSS line count of 1.","Design","NcssCount"
"43","org.apache.commons.fileupload","/Users/grantnelson/go/src/github.com/apache/commons-fileupload/src/main/java/org/apache/commons/fileupload/FileItem.java","3","182","The method 'isFormField()' has a cyclomatic complexity of 1.","Design","CyclomaticComplexity"
"44","org.apache.commons.fileupload","/Users/grantnelson/go/src/github.com/apache/commons-fileupload/src/main/java/org/apache/commons/fileupload/FileItem.java","3","182","The method 'isFormField()' has an NPath complexity of 1, current threshold is 1","Design","NPathComplexity"
"45","org.apache.commons.fileupload","/Users/grantnelson/go/src/github.com/apache/commons-fileupload/src/main/java/org/apache/commons/fileupload/FileItem.java","3","191","The method 'setFormField(boolean)' has a NCSS line count of 1.","Design","NcssCount"
"46","org.apache.commons.fileupload","/Users/grantnelson/go/src/github.com/apache/commons-fileupload/src/main/java/org/apache/commons/fileupload/FileItem.java","3","191","The method 'setFormField(boolean)' has a cyclomatic complexity of 1.","Design","CyclomaticComplexity"
"47","org.apache.commons.fileupload","/Users/grantnelson/go/src/github.com/apache/commons-fileupload/src/main/java/org/apache/commons/fileupload/FileItem.java","3","191","The method 'setFormField(boolean)' has an NPath complexity of 1, current threshold is 1","Design","NPathComplexity"
"48","org.apache.commons.fileupload","/Users/grantnelson/go/src/github.com/apache/commons-fileupload/src/main/java/org/apache/commons/fileupload/FileItem.java","3","191","Avoid long parameter lists (1 parameters - threshold is 1).","Design","ExcessiveParameterList"
"49","org.apache.commons.fileupload","/Users/grantnelson/go/src/github.com/apache/commons-fileupload/src/main/java/org/apache/commons/fileupload/FileItem.java","3","202","The method 'getOutputStream()' has a NCSS line count of 1.","Design","NcssCount"
"50","org.apache.commons.fileupload","/Users/grantnelson/go/src/github.com/apache/commons-fileupload/src/main/java/org/apache/commons/fileupload/FileItem.java","3","202","The method 'getOutputStream()' has a cyclomatic complexity of 1.","Design","CyclomaticComplexity"
"51","org.apache.commons.fileupload","/Users/grantnelson/go/src/github.com/apache/commons-fileupload/src/main/java/org/apache/commons/fileupload/FileItem.java","3","202","The method 'getOutputStream()' has an NPath complexity of 1, current threshold is 1","Design","NPathComplexity"
"1","org.apache.commons.fileupload","/Users/grantnelson/go/src/github.com/apache/commons-fileupload/src/main/java/org/apache/commons/fileupload/FileItemFactory.java","3","24","The interface 'FileItemFactory' has a NCSS line count of 2 (Highest = 1).","Design","NcssCount"
"2","org.apache.commons.fileupload","/Users/grantnelson/go/src/github.com/apache/commons-fileupload/src/main/java/org/apache/commons/fileupload/FileItemFactory.java","3","24","This class has 1 public methods and attributes; current threshold is 1.","Design","ExcessivePublicCount"
"3","org.apache.commons.fileupload","/Users/grantnelson/go/src/github.com/apache/commons-fileupload/src/main/java/org/apache/commons/fileupload/FileItemFactory.java","3","39","The method 'createItem(String, String, boolean, String)' has a NCSS line count of 1.","Design","NcssCount"
"4","org.apache.commons.fileupload","/Users/grantnelson/go/src/github.com/apache/commons-fileupload/src/main/java/org/apache/commons/fileupload/FileItemFactory.java","3","39","The method 'createItem(String, String, boolean, String)' has a cyclomatic complexity of 1.","Design","CyclomaticComplexity"
"5","org.apache.commons.fileupload","/Users/grantnelson/go/src/github.com/apache/commons-fileupload/src/main/java/org/apache/commons/fileupload/FileItemFactory.java","3","39","The method 'createItem(String, String, boolean, String)' has an NPath complexity of 1, current threshold is 1","Design","NPathComplexity"
"6","org.apache.commons.fileupload","/Users/grantnelson/go/src/github.com/apache/commons-fileupload/src/main/java/org/apache/commons/fileupload/FileItemFactory.java","3","39","Avoid long parameter lists (4 parameters - threshold is 1).","Design","ExcessiveParameterList"
"1","org.apache.commons.fileupload","/Users/grantnelson/go/src/github.com/apache/commons-fileupload/src/main/java/org/apache/commons/fileupload/FileItemHeaders.java","3","28","The interface 'FileItemHeaders' has a NCSS line count of 4 (Highest = 1).","Design","NcssCount"
"2","org.apache.commons.fileupload","/Users/grantnelson/go/src/github.com/apache/commons-fileupload/src/main/java/org/apache/commons/fileupload/FileItemHeaders.java","3","28","This class has 3 public methods and attributes; current threshold is 1.","Design","ExcessivePublicCount"
"3","org.apache.commons.fileupload","/Users/grantnelson/go/src/github.com/apache/commons-fileupload/src/main/java/org/apache/commons/fileupload/FileItemHeaders.java","3","43","The method 'getHeader(String)' has a NCSS line count of 1.","Design","NcssCount"
"4","org.apache.commons.fileupload","/Users/grantnelson/go/src/github.com/apache/commons-fileupload/src/main/java/org/apache/commons/fileupload/FileItemHeaders.java","3","43","The method 'getHeader(String)' has a cyclomatic complexity of 1.","Design","CyclomaticComplexity"
"5","org.apache.commons.fileupload","/Users/grantnelson/go/src/github.com/apache/commons-fileupload/src/main/java/org/apache/commons/fileupload/FileItemHeaders.java","3","43","The method 'getHeader(String)' has an NPath complexity of 1, current threshold is 1","Design","NPathComplexity"
"6","org.apache.commons.fileupload","/Users/grantnelson/go/src/github.com/apache/commons-fileupload/src/main/java/org/apache/commons/fileupload/FileItemHeaders.java","3","43","Avoid long parameter lists (1 parameters - threshold is 1).","Design","ExcessiveParameterList"
"7","org.apache.commons.fileupload","/Users/grantnelson/go/src/github.com/apache/commons-fileupload/src/main/java/org/apache/commons/fileupload/FileItemHeaders.java","3","61","The method 'getHeaders(String)' has a NCSS line count of 1.","Design","NcssCount"
"8","org.apache.commons.fileupload","/Users/grantnelson/go/src/github.com/apache/commons-fileupload/src/main/java/org/apache/commons/fileupload/FileItemHeaders.java","3","61","The method 'getHeaders(String)' has a cyclomatic complexity of 1.","Design","CyclomaticComplexity"
"9","org.apache.commons.fileupload","/Users/grantnelson/go/src/github.com/apache/commons-fileupload/src/main/java/org/apache/commons/fileupload/FileItemHeaders.java","3","61","The method 'getHeaders(String)' has an NPath complexity of 1, current threshold is 1","Design","NPathComplexity"
"10","org.apache.commons.fileupload","/Users/grantnelson/go/src/github.com/apache/commons-fileupload/src/main/java/org/apache/commons/fileupload/FileItemHeaders.java","3","61","Avoid long parameter lists (1 parameters - threshold is 1).","Design","ExcessiveParameterList"
"11","org.apache.commons.fileupload","/Users/grantnelson/go/src/github.com/apache/commons-fileupload/src/main/java/org/apache/commons/fileupload/FileItemHeaders.java","3","72","The method 'getHeaderNames()' has a NCSS line count of 1.","Design","NcssCount"
"12","org.apache.commons.fileupload","/Users/grantnelson/go/src/github.com/apache/commons-fileupload/src/main/java/org/apache/commons/fileupload/FileItemHeaders.java","3","72","The method 'getHeaderNames()' has a cyclomatic complexity of 1.","Design","CyclomaticComplexity"
"13","org.apache.commons.fileupload","/Users/grantnelson/go/src/github.com/apache/commons-fileupload/src/main/java/org/apache/commons/fileupload/FileItemHeaders.java","3","72","The method 'getHeaderNames()' has an NPath complexity of 1, current threshold is 1","Design","NPathComplexity"
"1","org.apache.commons.fileupload","/Users/grantnelson/go/src/github.com/apache/commons-fileupload/src/main/java/org/apache/commons/fileupload/FileItemHeadersSupport.java","3","28","The interface 'FileItemHeadersSupport' has a NCSS line count of 3 (Highest = 1).","Design","NcssCount"
"2","org.apache.commons.fileupload","/Users/grantnelson/go/src/github.com/apache/commons-fileupload/src/main/java/org/apache/commons/fileupload/FileItemHeadersSupport.java","3","28","This class has 2 public methods and attributes; current threshold is 1.","Design","ExcessivePublicCount"
"3","org.apache.commons.fileupload","/Users/grantnelson/go/src/github.com/apache/commons-fileupload/src/main/java/org/apache/commons/fileupload/FileItemHeadersSupport.java","3","35","The method 'getHeaders()' has a NCSS line count of 1.","Design","NcssCount"
"4","org.apache.commons.fileupload","/Users/grantnelson/go/src/github.com/apache/commons-fileupload/src/main/java/org/apache/commons/fileupload/FileItemHeadersSupport.java","3","35","The method 'getHeaders()' has a cyclomatic complexity of 1.","Design","CyclomaticComplexity"
"5","org.apache.commons.fileupload","/Users/grantnelson/go/src/github.com/apache/commons-fileupload/src/main/java/org/apache/commons/fileupload/FileItemHeadersSupport.java","3","35","The method 'getHeaders()' has an NPath complexity of 1, current threshold is 1","Design","NPathComplexity"
"6","org.apache.commons.fileupload","/Users/grantnelson/go/src/github.com/apache/commons-fileupload/src/main/java/org/apache/commons/fileupload/FileItemHeadersSupport.java","3","46","The method 'setHeaders(FileItemHeaders)' has a NCSS line count of 1.","Design","NcssCount"
"7","org.apache.commons.fileupload","/Users/grantnelson/go/src/github.com/apache/commons-fileupload/src/main/java/org/apache/commons/fileupload/FileItemHeadersSupport.java","3","46","The method 'setHeaders(FileItemHeaders)' has a cyclomatic complexity of 1.","Design","CyclomaticComplexity"
"8","org.apache.commons.fileupload","/Users/grantnelson/go/src/github.com/apache/commons-fileupload/src/main/java/org/apache/commons/fileupload/FileItemHeadersSupport.java","3","46","The method 'setHeaders(FileItemHeaders)' has an NPath complexity of 1, current threshold is 1","Design","NPathComplexity"
"9","org.apache.commons.fileupload","/Users/grantnelson/go/src/github.com/apache/commons-fileupload/src/main/java/org/apache/commons/fileupload/FileItemHeadersSupport.java","3","46","Avoid long parameter lists (1 parameters - threshold is 1).","Design","ExcessiveParameterList"
"1","org.apache.commons.fileupload","/Users/grantnelson/go/src/github.com/apache/commons-fileupload/src/main/java/org/apache/commons/fileupload/FileItemIterator.java","3","25","The interface 'FileItemIterator' has a NCSS line count of 3 (Highest = 1).","Design","NcssCount"
"2","org.apache.commons.fileupload","/Users/grantnelson/go/src/github.com/apache/commons-fileupload/src/main/java/org/apache/commons/fileupload/FileItemIterator.java","3","25","This class has 2 public methods and attributes; current threshold is 1.","Design","ExcessivePublicCount"
"3","org.apache.commons.fileupload","/Users/grantnelson/go/src/github.com/apache/commons-fileupload/src/main/java/org/apache/commons/fileupload/FileItemIterator.java","3","37","The method 'hasNext()' has a NCSS line count of 1.","Design","NcssCount"
"4","org.apache.commons.fileupload","/Users/grantnelson/go/src/github.com/apache/commons-fileupload/src/main/java/org/apache/commons/fileupload/FileItemIterator.java","3","37","The method 'hasNext()' has a cyclomatic complexity of 1.","Design","CyclomaticComplexity"
"5","org.apache.commons.fileupload","/Users/grantnelson/go/src/github.com/apache/commons-fileupload/src/main/java/org/apache/commons/fileupload/FileItemIterator.java","3","37","The method 'hasNext()' has an NPath complexity of 1, current threshold is 1","Design","NPathComplexity"
"6","org.apache.commons.fileupload","/Users/grantnelson/go/src/github.com/apache/commons-fileupload/src/main/java/org/apache/commons/fileupload/FileItemIterator.java","3","50","The method 'next()' has a NCSS line count of 1.","Design","NcssCount"
"7","org.apache.commons.fileupload","/Users/grantnelson/go/src/github.com/apache/commons-fileupload/src/main/java/org/apache/commons/fileupload/FileItemIterator.java","3","50","The method 'next()' has a cyclomatic complexity of 1.","Design","CyclomaticComplexity"
"8","org.apache.commons.fileupload","/Users/grantnelson/go/src/github.com/apache/commons-fileupload/src/main/java/org/apache/commons/fileupload/FileItemIterator.java","3","50","The method 'next()' has an NPath complexity of 1, current threshold is 1","Design","NPathComplexity"
"1","org.apache.commons.fileupload","/Users/grantnelson/go/src/github.com/apache/commons-fileupload/src/main/java/org/apache/commons/fileupload/FileItemStream.java","3","34","The interface 'FileItemStream' has a NCSS line count of 8 (Highest = 1).","Design","NcssCount"
"2","org.apache.commons.fileupload","/Users/grantnelson/go/src/github.com/apache/commons-fileupload/src/main/java/org/apache/commons/fileupload/FileItemStream.java","3","34","This class has 6 public methods and attributes; current threshold is 1.","Design","ExcessivePublicCount"
"3","org.apache.commons.fileupload","/Users/grantnelson/go/src/github.com/apache/commons-fileupload/src/main/java/org/apache/commons/fileupload/FileItemStream.java","3","43","The class 'ItemSkippedException' has a NCSS line count of 2 (Highest = -2147483648).","Design","NcssCount"
"4","org.apache.commons.fileupload","/Users/grantnelson/go/src/github.com/apache/commons-fileupload/src/main/java/org/apache/commons/fileupload/FileItemStream.java","3","64","The method 'openStream()' has a NCSS line count of 1.","Design","NcssCount"
"5","org.apache.commons.fileupload","/Users/grantnelson/go/src/github.com/apache/commons-fileupload/src/main/java/org/apache/commons/fileupload/FileItemStream.java","3","64","The method 'openStream()' has a cyclomatic complexity of 1.","Design","CyclomaticComplexity"
"6","org.apache.commons.fileupload","/Users/grantnelson/go/src/github.com/apache/commons-fileupload/src/main/java/org/apache/commons/fileupload/FileItemStream.java","3","64","The method 'openStream()' has an NPath complexity of 1, current threshold is 1","Design","NPathComplexity"
"7","org.apache.commons.fileupload","/Users/grantnelson/go/src/github.com/apache/commons-fileupload/src/main/java/org/apache/commons/fileupload/FileItemStream.java","3","73","The method 'getContentType()' has a NCSS line count of 1.","Design","NcssCount"
"8","org.apache.commons.fileupload","/Users/grantnelson/go/src/github.com/apache/commons-fileupload/src/main/java/org/apache/commons/fileupload/FileItemStream.java","3","73","The method 'getContentType()' has a cyclomatic complexity of 1.","Design","CyclomaticComplexity"
"9","org.apache.commons.fileupload","/Users/grantnelson/go/src/github.com/apache/commons-fileupload/src/main/java/org/apache/commons/fileupload/FileItemStream.java","3","73","The method 'getContentType()' has an NPath complexity of 1, current threshold is 1","Design","NPathComplexity"
"10","org.apache.commons.fileupload","/Users/grantnelson/go/src/github.com/apache/commons-fileupload/src/main/java/org/apache/commons/fileupload/FileItemStream.java","3","83","The method 'getName()' has a NCSS line count of 1.","Design","NcssCount"
"11","org.apache.commons.fileupload","/Users/grantnelson/go/src/github.com/apache/commons-fileupload/src/main/java/org/apache/commons/fileupload/FileItemStream.java","3","83","The method 'getName()' has a cyclomatic complexity of 1.","Design","CyclomaticComplexity"
"12","org.apache.commons.fileupload","/Users/grantnelson/go/src/github.com/apache/commons-fileupload/src/main/java/org/apache/commons/fileupload/FileItemStream.java","3","83","The method 'getName()' has an NPath complexity of 1, current threshold is 1","Design","NPathComplexity"
"13","org.apache.commons.fileupload","/Users/grantnelson/go/src/github.com/apache/commons-fileupload/src/main/java/org/apache/commons/fileupload/FileItemStream.java","3","91","The method 'getFieldName()' has a NCSS line count of 1.","Design","NcssCount"
"14","org.apache.commons.fileupload","/Users/grantnelson/go/src/github.com/apache/commons-fileupload/src/main/java/org/apache/commons/fileupload/FileItemStream.java","3","91","The method 'getFieldName()' has a cyclomatic complexity of 1.","Design","CyclomaticComplexity"
"15","org.apache.commons.fileupload","/Users/grantnelson/go/src/github.com/apache/commons-fileupload/src/main/java/org/apache/commons/fileupload/FileItemStream.java","3","91","The method 'getFieldName()' has an NPath complexity of 1, current threshold is 1","Design","NPathComplexity"
"16","org.apache.commons.fileupload","/Users/grantnelson/go/src/github.com/apache/commons-fileupload/src/main/java/org/apache/commons/fileupload/FileItemStream.java","3","100","The method 'isFormField()' has a NCSS line count of 1.","Design","NcssCount"
"17","org.apache.commons.fileupload","/Users/grantnelson/go/src/github.com/apache/commons-fileupload/src/main/java/org/apache/commons/fileupload/FileItemStream.java","3","100","The method 'isFormField()' has a cyclomatic complexity of 1.","Design","CyclomaticComplexity"
"18","org.apache.commons.fileupload","/Users/grantnelson/go/src/github.com/apache/commons-fileupload/src/main/java/org/apache/commons/fileupload/FileItemStream.java","3","100","The method 'isFormField()' has an NPath complexity of 1, current threshold is 1","Design","NPathComplexity"
"1","org.apache.commons.fileupload","/Users/grantnelson/go/src/github.com/apache/commons-fileupload/src/main/java/org/apache/commons/fileupload/FileUpload.java","3","33","The class 'FileUpload' has a NCSS line count of 11 (Highest = 3).","Design","NcssCount"
"2","org.apache.commons.fileupload","/Users/grantnelson/go/src/github.com/apache/commons-fileupload/src/main/java/org/apache/commons/fileupload/FileUpload.java","3","33","The class 'FileUpload' has a total cyclomatic complexity of 4 (highest 1).","Design","CyclomaticComplexity"
"3","org.apache.commons.fileupload","/Users/grantnelson/go/src/github.com/apache/commons-fileupload/src/main/java/org/apache/commons/fileupload/FileUpload.java","3","33","This class has 4 public methods and attributes; current threshold is 1.","Design","ExcessivePublicCount"
"4","org.apache.commons.fileupload","/Users/grantnelson/go/src/github.com/apache/commons-fileupload/src/main/java/org/apache/commons/fileupload/FileUpload.java","3","54","The constructor 'FileUpload()' has a NCSS line count of 2.","Design","NcssCount"
"5","org.apache.commons.fileupload","/Users/grantnelson/go/src/github.com/apache/commons-fileupload/src/main/java/org/apache/commons/fileupload/FileUpload.java","3","54","The constructor 'FileUpload()' has a cyclomatic complexity of 1.","Design","CyclomaticComplexity"
"6","org.apache.commons.fileupload","/Users/grantnelson/go/src/github.com/apache/commons-fileupload/src/main/java/org/apache/commons/fileupload/FileUpload.java","3","54","The constructor 'FileUpload()' has an NPath complexity of 1, current threshold is 1","Design","NPathComplexity"
"7","org.apache.commons.fileupload","/Users/grantnelson/go/src/github.com/apache/commons-fileupload/src/main/java/org/apache/commons/fileupload/FileUpload.java","3","65","The constructor 'FileUpload(FileItemFactory)' has a NCSS line count of 3.","Design","NcssCount"
"8","org.apache.commons.fileupload","/Users/grantnelson/go/src/github.com/apache/commons-fileupload/src/main/java/org/apache/commons/fileupload/FileUpload.java","3","65","The constructor 'FileUpload(FileItemFactory)' has a cyclomatic complexity of 1.","Design","CyclomaticComplexity"
"9","org.apache.commons.fileupload","/Users/grantnelson/go/src/github.com/apache/commons-fileupload/src/main/java/org/apache/commons/fileupload/FileUpload.java","3","65","The constructor 'FileUpload(FileItemFactory)' has an NPath complexity of 1, current threshold is 1","Design","NPathComplexity"
"10","org.apache.commons.fileupload","/Users/grantnelson/go/src/github.com/apache/commons-fileupload/src/main/java/org/apache/commons/fileupload/FileUpload.java","3","65","Avoid long parameter lists (1 parameters - threshold is 1).","Design","ExcessiveParameterList"
"11","org.apache.commons.fileupload","/Users/grantnelson/go/src/github.com/apache/commons-fileupload/src/main/java/org/apache/commons/fileupload/FileUpload.java","3","78","The method 'getFileItemFactory()' has a NCSS line count of 2.","Design","NcssCount"
"12","org.apache.commons.fileupload","/Users/grantnelson/go/src/github.com/apache/commons-fileupload/src/main/java/org/apache/commons/fileupload/FileUpload.java","3","78","The method 'getFileItemFactory()' has a cyclomatic complexity of 1.","Design","CyclomaticComplexity"
"13","org.apache.commons.fileupload","/Users/grantnelson/go/src/github.com/apache/commons-fileupload/src/main/java/org/apache/commons/fileupload/FileUpload.java","3","78","The method 'getFileItemFactory()' has an NPath complexity of 1, current threshold is 1","Design","NPathComplexity"
"14","org.apache.commons.fileupload","/Users/grantnelson/go/src/github.com/apache/commons-fileupload/src/main/java/org/apache/commons/fileupload/FileUpload.java","3","88","The method 'setFileItemFactory(FileItemFactory)' has a NCSS line count of 2.","Design","NcssCount"
"15","org.apache.commons.fileupload","/Users/grantnelson/go/src/github.com/apache/commons-fileupload/src/main/java/org/apache/commons/fileupload/FileUpload.java","3","88","The method 'setFileItemFactory(FileItemFactory)' has a cyclomatic complexity of 1.","Design","CyclomaticComplexity"
"16","org.apache.commons.fileupload","/Users/grantnelson/go/src/github.com/apache/commons-fileupload/src/main/java/org/apache/commons/fileupload/FileUpload.java","3","88","The method 'setFileItemFactory(FileItemFactory)' has an NPath complexity of 1, current threshold is 1","Design","NPathComplexity"
"17","org.apache.commons.fileupload","/Users/grantnelson/go/src/github.com/apache/commons-fileupload/src/main/java/org/apache/commons/fileupload/FileUpload.java","3","88","Avoid long parameter lists (1 parameters - threshold is 1).","Design","ExcessiveParameterList"
"1","org.apache.commons.fileupload","/Users/grantnelson/go/src/github.com/apache/commons-fileupload/src/main/java/org/apache/commons/fileupload/FileUploadBase.java","3","57","A value of 14 may denote a high amount of coupling within the class (threshold: 1)","Design","CouplingBetweenObjects"
"2","org.apache.commons.fileupload","/Users/grantnelson/go/src/github.com/apache/commons-fileupload/src/main/java/org/apache/commons/fileupload/FileUploadBase.java","3","57","Possible God Class (WMC=75, ATFD=36, TCC=2.529%)","Design","GodClass"
"3","org.apache.commons.fileupload","/Users/grantnelson/go/src/github.com/apache/commons-fileupload/src/main/java/org/apache/commons/fileupload/FileUploadBase.java","3","57","The class 'FileUploadBase' has a NCSS line count of 397 (Highest = 30).","Design","NcssCount"
"4","org.apache.commons.fileupload","/Users/grantnelson/go/src/github.com/apache/commons-fileupload/src/main/java/org/apache/commons/fileupload/FileUploadBase.java","3","57","The class 'FileUploadBase' has a total cyclomatic complexity of 75 (highest 15).","Design","CyclomaticComplexity"
"5","org.apache.commons.fileupload","/Users/grantnelson/go/src/github.com/apache/commons-fileupload/src/main/java/org/apache/commons/fileupload/FileUploadBase.java","3","57","This class has 22 public methods and attributes; current threshold is 1.","Design","ExcessivePublicCount"
"6","org.apache.commons.fileupload","/Users/grantnelson/go/src/github.com/apache/commons-fileupload/src/main/java/org/apache/commons/fileupload/FileUploadBase.java","3","75","The method 'isMultipartContent(RequestContext)' has a NCSS line count of 7.","Design","NcssCount"
"7","org.apache.commons.fileupload","/Users/grantnelson/go/src/github.com/apache/commons-fileupload/src/main/java/org/apache/commons/fileupload/FileUploadBase.java","3","75","The method 'isMultipartContent(RequestContext)' has a cognitive complexity of 2, current threshold is 1","Design","CognitiveComplexity"
"8","org.apache.commons.fileupload","/Users/grantnelson/go/src/github.com/apache/commons-fileupload/src/main/java/org/apache/commons/fileupload/FileUploadBase.java","3","75","The method 'isMultipartContent(RequestContext)' has a cyclomatic complexity of 3.","Design","CyclomaticComplexity"
"9","org.apache.commons.fileupload","/Users/grantnelson/go/src/github.com/apache/commons-fileupload/src/main/java/org/apache/commons/fileupload/FileUploadBase.java","3","75","The method 'isMultipartContent(RequestContext)' has an NPath complexity of 3, current threshold is 1","Design","NPathComplexity"
"10","org.apache.commons.fileupload","/Users/grantnelson/go/src/github.com/apache/commons-fileupload/src/main/java/org/apache/commons/fileupload/FileUploadBase.java","3","75","Avoid long parameter lists (1 parameters - threshold is 1).","Design","ExcessiveParameterList"
"11","org.apache.commons.fileupload","/Users/grantnelson/go/src/github.com/apache/commons-fileupload/src/main/java/org/apache/commons/fileupload/FileUploadBase.java","3","98","The method 'isMultipartContent(HttpServletRequest)' has a NCSS line count of 2.","Design","NcssCount"
"12","org.apache.commons.fileupload","/Users/grantnelson/go/src/github.com/apache/commons-fileupload/src/main/java/org/apache/commons/fileupload/FileUploadBase.java","3","98","The method 'isMultipartContent(HttpServletRequest)' has a cyclomatic complexity of 1.","Design","CyclomaticComplexity"
"13","org.apache.commons.fileupload","/Users/grantnelson/go/src/github.com/apache/commons-fileupload/src/main/java/org/apache/commons/fileupload/FileUploadBase.java","3","98","The method 'isMultipartContent(HttpServletRequest)' has an NPath complexity of 1, current threshold is 1","Design","NPathComplexity"
"14","org.apache.commons.fileupload","/Users/grantnelson/go/src/github.com/apache/commons-fileupload/src/main/java/org/apache/commons/fileupload/FileUploadBase.java","3","98","Avoid long parameter lists (1 parameters - threshold is 1).","Design","ExcessiveParameterList"
"15","org.apache.commons.fileupload","/Users/grantnelson/go/src/github.com/apache/commons-fileupload/src/main/java/org/apache/commons/fileupload/FileUploadBase.java","3","185","The method 'getFileItemFactory()' has a NCSS line count of 1.","Design","NcssCount"
"16","org.apache.commons.fileupload","/Users/grantnelson/go/src/github.com/apache/commons-fileupload/src/main/java/org/apache/commons/fileupload/FileUploadBase.java","3","185","The method 'getFileItemFactory()' has a cyclomatic complexity of 1.","Design","CyclomaticComplexity"
"17","org.apache.commons.fileupload","/Users/grantnelson/go/src/github.com/apache/commons-fileupload/src/main/java/org/apache/commons/fileupload/FileUploadBase.java","3","185","The method 'getFileItemFactory()' has an NPath complexity of 1, current threshold is 1","Design","NPathComplexity"
"18","org.apache.commons.fileupload","/Users/grantnelson/go/src/github.com/apache/commons-fileupload/src/main/java/org/apache/commons/fileupload/FileUploadBase.java","3","192","The method 'setFileItemFactory(FileItemFactory)' has a NCSS line count of 1.","Design","NcssCount"
"19","org.apache.commons.fileupload","/Users/grantnelson/go/src/github.com/apache/commons-fileupload/src/main/java/org/apache/commons/fileupload/FileUploadBase.java","3","192","The method 'setFileItemFactory(FileItemFactory)' has a cyclomatic complexity of 1.","Design","CyclomaticComplexity"
"20","org.apache.commons.fileupload","/Users/grantnelson/go/src/github.com/apache/commons-fileupload/src/main/java/org/apache/commons/fileupload/FileUploadBase.java","3","192","The method 'setFileItemFactory(FileItemFactory)' has an NPath complexity of 1, current threshold is 1","Design","NPathComplexity"
"21","org.apache.commons.fileupload","/Users/grantnelson/go/src/github.com/apache/commons-fileupload/src/main/java/org/apache/commons/fileupload/FileUploadBase.java","3","192","Avoid long parameter lists (1 parameters - threshold is 1).","Design","ExcessiveParameterList"
"22","org.apache.commons.fileupload","/Users/grantnelson/go/src/github.com/apache/commons-fileupload/src/main/java/org/apache/commons/fileupload/FileUploadBase.java","3","204","The method 'getSizeMax()' has a NCSS line count of 2.","Design","NcssCount"
"23","org.apache.commons.fileupload","/Users/grantnelson/go/src/github.com/apache/commons-fileupload/src/main/java/org/apache/commons/fileupload/FileUploadBase.java","3","204","The method 'getSizeMax()' has a cyclomatic complexity of 1.","Design","CyclomaticComplexity"
"24","org.apache.commons.fileupload","/Users/grantnelson/go/src/github.com/apache/commons-fileupload/src/main/java/org/apache/commons/fileupload/FileUploadBase.java","3","204","The method 'getSizeMax()' has an NPath complexity of 1, current threshold is 1","Design","NPathComplexity"
"25","org.apache.commons.fileupload","/Users/grantnelson/go/src/github.com/apache/commons-fileupload/src/main/java/org/apache/commons/fileupload/FileUploadBase.java","3","218","The method 'setSizeMax(long)' has a NCSS line count of 2.","Design","NcssCount"
"26","org.apache.commons.fileupload","/Users/grantnelson/go/src/github.com/apache/commons-fileupload/src/main/java/org/apache/commons/fileupload/FileUploadBase.java","3","218","The method 'setSizeMax(long)' has a cyclomatic complexity of 1.","Design","CyclomaticComplexity"
"27","org.apache.commons.fileupload","/Users/grantnelson/go/src/github.com/apache/commons-fileupload/src/main/java/org/apache/commons/fileupload/FileUploadBase.java","3","218","The method 'setSizeMax(long)' has an NPath complexity of 1, current threshold is 1","Design","NPathComplexity"
"28","org.apache.commons.fileupload","/Users/grantnelson/go/src/github.com/apache/commons-fileupload/src/main/java/org/apache/commons/fileupload/FileUploadBase.java","3","218","Avoid long parameter lists (1 parameters - threshold is 1).","Design","ExcessiveParameterList"
"29","org.apache.commons.fileupload","/Users/grantnelson/go/src/github.com/apache/commons-fileupload/src/main/java/org/apache/commons/fileupload/FileUploadBase.java","3","229","The method 'getFileSizeMax()' has a NCSS line count of 2.","Design","NcssCount"
"30","org.apache.commons.fileupload","/Users/grantnelson/go/src/github.com/apache/commons-fileupload/src/main/java/org/apache/commons/fileupload/FileUploadBase.java","3","229","The method 'getFileSizeMax()' has a cyclomatic complexity of 1.","Design","CyclomaticComplexity"
"31","org.apache.commons.fileupload","/Users/grantnelson/go/src/github.com/apache/commons-fileupload/src/main/java/org/apache/commons/fileupload/FileUploadBase.java","3","229","The method 'getFileSizeMax()' has an NPath complexity of 1, current threshold is 1","Design","NPathComplexity"
"32","org.apache.commons.fileupload","/Users/grantnelson/go/src/github.com/apache/commons-fileupload/src/main/java/org/apache/commons/fileupload/FileUploadBase.java","3","240","The method 'setFileSizeMax(long)' has a NCSS line count of 2.","Design","NcssCount"
"33","org.apache.commons.fileupload","/Users/grantnelson/go/src/github.com/apache/commons-fileupload/src/main/java/org/apache/commons/fileupload/FileUploadBase.java","3","240","The method 'setFileSizeMax(long)' has a cyclomatic complexity of 1.","Design","CyclomaticComplexity"
"34","org.apache.commons.fileupload","/Users/grantnelson/go/src/github.com/apache/commons-fileupload/src/main/java/org/apache/commons/fileupload/FileUploadBase.java","3","240","The method 'setFileSizeMax(long)' has an NPath complexity of 1, current threshold is 1","Design","NPathComplexity"
"35","org.apache.commons.fileupload","/Users/grantnelson/go/src/github.com/apache/commons-fileupload/src/main/java/org/apache/commons/fileupload/FileUploadBase.java","3","240","Avoid long parameter lists (1 parameters - threshold is 1).","Design","ExcessiveParameterList"
"36","org.apache.commons.fileupload","/Users/grantnelson/go/src/github.com/apache/commons-fileupload/src/main/java/org/apache/commons/fileupload/FileUploadBase.java","3","252","The method 'getHeaderEncoding()' has a NCSS line count of 2.","Design","NcssCount"
"37","org.apache.commons.fileupload","/Users/grantnelson/go/src/github.com/apache/commons-fileupload/src/main/java/org/apache/commons/fileupload/FileUploadBase.java","3","252","The method 'getHeaderEncoding()' has a cyclomatic complexity of 1.","Design","CyclomaticComplexity"
"38","org.apache.commons.fileupload","/Users/grantnelson/go/src/github.com/apache/commons-fileupload/src/main/java/org/apache/commons/fileupload/FileUploadBase.java","3","252","The method 'getHeaderEncoding()' has an NPath complexity of 1, current threshold is 1","Design","NPathComplexity"
"39","org.apache.commons.fileupload","/Users/grantnelson/go/src/github.com/apache/commons-fileupload/src/main/java/org/apache/commons/fileupload/FileUploadBase.java","3","264","The method 'setHeaderEncoding(String)' has a NCSS line count of 2.","Design","NcssCount"
"40","org.apache.commons.fileupload","/Users/grantnelson/go/src/github.com/apache/commons-fileupload/src/main/java/org/apache/commons/fileupload/FileUploadBase.java","3","264","The method 'setHeaderEncoding(String)' has a cyclomatic complexity of 1.","Design","CyclomaticComplexity"
"41","org.apache.commons.fileupload","/Users/grantnelson/go/src/github.com/apache/commons-fileupload/src/main/java/org/apache/commons/fileupload/FileUploadBase.java","3","264","The method 'setHeaderEncoding(String)' has an NPath complexity of 1, current threshold is 1","Design","NPathComplexity"
"42","org.apache.commons.fileupload","/Users/grantnelson/go/src/github.com/apache/commons-fileupload/src/main/java/org/apache/commons/fileupload/FileUploadBase.java","3","264","Avoid long parameter lists (1 parameters - threshold is 1).","Design","ExcessiveParameterList"
"43","org.apache.commons.fileupload","/Users/grantnelson/go/src/github.com/apache/commons-fileupload/src/main/java/org/apache/commons/fileupload/FileUploadBase.java","3","285","The method 'parseRequest(HttpServletRequest)' has a NCSS line count of 2.","Design","NcssCount"
"44","org.apache.commons.fileupload","/Users/grantnelson/go/src/github.com/apache/commons-fileupload/src/main/java/org/apache/commons/fileupload/FileUploadBase.java","3","285","The method 'parseRequest(HttpServletRequest)' has a cognitive complexity of 1, current threshold is 1","Design","CognitiveComplexity"
"45","org.apache.commons.fileupload","/Users/grantnelson/go/src/github.com/apache/commons-fileupload/src/main/java/org/apache/commons/fileupload/FileUploadBase.java","3","285","The method 'parseRequest(HttpServletRequest)' has a cyclomatic complexity of 1.","Design","CyclomaticComplexity"
"46","org.apache.commons.fileupload","/Users/grantnelson/go/src/github.com/apache/commons-fileupload/src/main/java/org/apache/commons/fileupload/FileUploadBase.java","3","285","The method 'parseRequest(HttpServletRequest)' has an NPath complexity of 1, current threshold is 1","Design","NPathComplexity"
"47","org.apache.commons.fileupload","/Users/grantnelson/go/src/github.com/apache/commons-fileupload/src/main/java/org/apache/commons/fileupload/FileUploadBase.java","3","285","Avoid long parameter lists (1 parameters - threshold is 1).","Design","ExcessiveParameterList"
"48","org.apache.commons.fileupload","/Users/grantnelson/go/src/github.com/apache/commons-fileupload/src/main/java/org/apache/commons/fileupload/FileUploadBase.java","3","306","The method 'getItemIterator(RequestContext)' has a NCSS line count of 4.","Design","NcssCount"
"49","org.apache.commons.fileupload","/Users/grantnelson/go/src/github.com/apache/commons-fileupload/src/main/java/org/apache/commons/fileupload/FileUploadBase.java","3","306","The method 'getItemIterator(RequestContext)' has a cognitive complexity of 1, current threshold is 1","Design","CognitiveComplexity"
"50","org.apache.commons.fileupload","/Users/grantnelson/go/src/github.com/apache/commons-fileupload/src/main/java/org/apache/commons/fileupload/FileUploadBase.java","3","306","The method 'getItemIterator(RequestContext)' has a cyclomatic complexity of 3.","Design","CyclomaticComplexity"
"51","org.apache.commons.fileupload","/Users/grantnelson/go/src/github.com/apache/commons-fileupload/src/main/java/org/apache/commons/fileupload/FileUploadBase.java","3","306","The method 'getItemIterator(RequestContext)' has an NPath complexity of 1, current threshold is 1","Design","NPathComplexity"
"52","org.apache.commons.fileupload","/Users/grantnelson/go/src/github.com/apache/commons-fileupload/src/main/java/org/apache/commons/fileupload/FileUploadBase.java","3","306","Avoid long parameter lists (1 parameters - threshold is 1).","Design","ExcessiveParameterList"
"53","org.apache.commons.fileupload","/Users/grantnelson/go/src/github.com/apache/commons-fileupload/src/main/java/org/apache/commons/fileupload/FileUploadBase.java","3","328","The method 'parseRequest(RequestContext)' has a NCSS line count of 30.","Design","NcssCount"
"54","org.apache.commons.fileupload","/Users/grantnelson/go/src/github.com/apache/commons-fileupload/src/main/java/org/apache/commons/fileupload/FileUploadBase.java","3","328","The method 'parseRequest(RequestContext)' has a cognitive complexity of 14, current threshold is 1","Design","CognitiveComplexity"
"55","org.apache.commons.fileupload","/Users/grantnelson/go/src/github.com/apache/commons-fileupload/src/main/java/org/apache/commons/fileupload/FileUploadBase.java","3","328","The method 'parseRequest(RequestContext)' has a cyclomatic complexity of 15.","Design","CyclomaticComplexity"
"56","org.apache.commons.fileupload","/Users/grantnelson/go/src/github.com/apache/commons-fileupload/src/main/java/org/apache/commons/fileupload/FileUploadBase.java","3","328","The method 'parseRequest(RequestContext)' has an NPath complexity of 3, current threshold is 1","Design","NPathComplexity"
"57","org.apache.commons.fileupload","/Users/grantnelson/go/src/github.com/apache/commons-fileupload/src/main/java/org/apache/commons/fileupload/FileUploadBase.java","3","328","Avoid long parameter lists (1 parameters - threshold is 1).","Design","ExcessiveParameterList"
"58","org.apache.commons.fileupload","/Users/grantnelson/go/src/github.com/apache/commons-fileupload/src/main/java/org/apache/commons/fileupload/FileUploadBase.java","3","388","The method 'parseParameterMap(RequestContext)' has a NCSS line count of 11.","Design","NcssCount"
"59","org.apache.commons.fileupload","/Users/grantnelson/go/src/github.com/apache/commons-fileupload/src/main/java/org/apache/commons/fileupload/FileUploadBase.java","3","388","The method 'parseParameterMap(RequestContext)' has a cognitive complexity of 3, current threshold is 1","Design","CognitiveComplexity"
"60","org.apache.commons.fileupload","/Users/grantnelson/go/src/github.com/apache/commons-fileupload/src/main/java/org/apache/commons/fileupload/FileUploadBase.java","3","388","The method 'parseParameterMap(RequestContext)' has a cyclomatic complexity of 3.","Design","CyclomaticComplexity"
"61","org.apache.commons.fileupload","/Users/grantnelson/go/src/github.com/apache/commons-fileupload/src/main/java/org/apache/commons/fileupload/FileUploadBase.java","3","388","The method 'parseParameterMap(RequestContext)' has an NPath complexity of 3, current threshold is 1","Design","NPathComplexity"
"62","org.apache.commons.fileupload","/Users/grantnelson/go/src/github.com/apache/commons-fileupload/src/main/java/org/apache/commons/fileupload/FileUploadBase.java","3","388","Avoid long parameter lists (1 parameters - threshold is 1).","Design","ExcessiveParameterList"
"63","org.apache.commons.fileupload","/Users/grantnelson/go/src/github.com/apache/commons-fileupload/src/main/java/org/apache/commons/fileupload/FileUploadBase.java","3","418","The method 'getBoundary(String)' has a NCSS line count of 12.","Design","NcssCount"
"64","org.apache.commons.fileupload","/Users/grantnelson/go/src/github.com/apache/commons-fileupload/src/main/java/org/apache/commons/fileupload/FileUploadBase.java","3","418","The method 'getBoundary(String)' has a cognitive complexity of 2, current threshold is 1","Design","CognitiveComplexity"
"65","org.apache.commons.fileupload","/Users/grantnelson/go/src/github.com/apache/commons-fileupload/src/main/java/org/apache/commons/fileupload/FileUploadBase.java","3","418","The method 'getBoundary(String)' has a cyclomatic complexity of 3.","Design","CyclomaticComplexity"
"66","org.apache.commons.fileupload","/Users/grantnelson/go/src/github.com/apache/commons-fileupload/src/main/java/org/apache/commons/fileupload/FileUploadBase.java","3","418","The method 'getBoundary(String)' has an NPath complexity of 2, current threshold is 1","Design","NPathComplexity"
"67","org.apache.commons.fileupload","/Users/grantnelson/go/src/github.com/apache/commons-fileupload/src/main/java/org/apache/commons/fileupload/FileUploadBase.java","3","418","Avoid long parameter lists (1 parameters - threshold is 1).","Design","ExcessiveParameterList"
"68","org.apache.commons.fileupload","/Users/grantnelson/go/src/github.com/apache/commons-fileupload/src/main/java/org/apache/commons/fileupload/FileUploadBase.java","3","447","The method 'getFileName(Map<String, String>)' has a NCSS line count of 2.","Design","NcssCount"
"69","org.apache.commons.fileupload","/Users/grantnelson/go/src/github.com/apache/commons-fileupload/src/main/java/org/apache/commons/fileupload/FileUploadBase.java","3","447","The method 'getFileName(Map<String, String>)' has a cyclomatic complexity of 1.","Design","CyclomaticComplexity"
"70","org.apache.commons.fileupload","/Users/grantnelson/go/src/github.com/apache/commons-fileupload/src/main/java/org/apache/commons/fileupload/FileUploadBase.java","3","447","The method 'getFileName(Map<String, String>)' has an NPath complexity of 1, current threshold is 1","Design","NPathComplexity"
"71","org.apache.commons.fileupload","/Users/grantnelson/go/src/github.com/apache/commons-fileupload/src/main/java/org/apache/commons/fileupload/FileUploadBase.java","3","447","Avoid long parameter lists (1 parameters - threshold is 1).","Design","ExcessiveParameterList"
"72","org.apache.commons.fileupload","/Users/grantnelson/go/src/github.com/apache/commons-fileupload/src/main/java/org/apache/commons/fileupload/FileUploadBase.java","3","459","The method 'getFileName(FileItemHeaders)' has a NCSS line count of 2.","Design","NcssCount"
"73","org.apache.commons.fileupload","/Users/grantnelson/go/src/github.com/apache/commons-fileupload/src/main/java/org/apache/commons/fileupload/FileUploadBase.java","3","459","The method 'getFileName(FileItemHeaders)' has a cognitive complexity of 1, current threshold is 1","Design","CognitiveComplexity"
"74","org.apache.commons.fileupload","/Users/grantnelson/go/src/github.com/apache/commons-fileupload/src/main/java/org/apache/commons/fileupload/FileUploadBase.java","3","459","The method 'getFileName(FileItemHeaders)' has a cyclomatic complexity of 1.","Design","CyclomaticComplexity"
"75","org.apache.commons.fileupload","/Users/grantnelson/go/src/github.com/apache/commons-fileupload/src/main/java/org/apache/commons/fileupload/FileUploadBase.java","3","459","The method 'getFileName(FileItemHeaders)' has an NPath complexity of 1, current threshold is 1","Design","NPathComplexity"
"76","org.apache.commons.fileupload","/Users/grantnelson/go/src/github.com/apache/commons-fileupload/src/main/java/org/apache/commons/fileupload/FileUploadBase.java","3","459","Avoid long parameter lists (1 parameters - threshold is 1).","Design","ExcessiveParameterList"
"77","org.apache.commons.fileupload","/Users/grantnelson/go/src/github.com/apache/commons-fileupload/src/main/java/org/apache/commons/fileupload/FileUploadBase.java","3","468","The method 'getFileName(String)' has a NCSS line count of 15.","Design","NcssCount"
"78","org.apache.commons.fileupload","/Users/grantnelson/go/src/github.com/apache/commons-fileupload/src/main/java/org/apache/commons/fileupload/FileUploadBase.java","3","468","The method 'getFileName(String)' has a cognitive complexity of 12, current threshold is 1","Design","CognitiveComplexity"
"79","org.apache.commons.fileupload","/Users/grantnelson/go/src/github.com/apache/commons-fileupload/src/main/java/org/apache/commons/fileupload/FileUploadBase.java","3","468","The method 'getFileName(String)' has a cyclomatic complexity of 6.","Design","CyclomaticComplexity"
"80","org.apache.commons.fileupload","/Users/grantnelson/go/src/github.com/apache/commons-fileupload/src/main/java/org/apache/commons/fileupload/FileUploadBase.java","3","468","The method 'getFileName(String)' has an NPath complexity of 8, current threshold is 1","Design","NPathComplexity"
"81","org.apache.commons.fileupload","/Users/grantnelson/go/src/github.com/apache/commons-fileupload/src/main/java/org/apache/commons/fileupload/FileUploadBase.java","3","468","Avoid long parameter lists (1 parameters - threshold is 1).","Design","ExcessiveParameterList"
"82","org.apache.commons.fileupload","/Users/grantnelson/go/src/github.com/apache/commons-fileupload/src/main/java/org/apache/commons/fileupload/FileUploadBase.java","3","501","The method 'getFieldName(FileItemHeaders)' has a NCSS line count of 2.","Design","NcssCount"
"83","org.apache.commons.fileupload","/Users/grantnelson/go/src/github.com/apache/commons-fileupload/src/main/java/org/apache/commons/fileupload/FileUploadBase.java","3","501","The method 'getFieldName(FileItemHeaders)' has a cognitive complexity of 1, current threshold is 1","Design","CognitiveComplexity"
"84","org.apache.commons.fileupload","/Users/grantnelson/go/src/github.com/apache/commons-fileupload/src/main/java/org/apache/commons/fileupload/FileUploadBase.java","3","501","The method 'getFieldName(FileItemHeaders)' has a cyclomatic complexity of 1.","Design","CyclomaticComplexity"
"85","org.apache.commons.fileupload","/Users/grantnelson/go/src/github.com/apache/commons-fileupload/src/main/java/org/apache/commons/fileupload/FileUploadBase.java","3","501","The method 'getFieldName(FileItemHeaders)' has an NPath complexity of 1, current threshold is 1","Design","NPathComplexity"
"86","org.apache.commons.fileupload","/Users/grantnelson/go/src/github.com/apache/commons-fileupload/src/main/java/org/apache/commons/fileupload/FileUploadBase.java","3","501","Avoid long parameter lists (1 parameters - threshold is 1).","Design","ExcessiveParameterList"
"87","org.apache.commons.fileupload","/Users/grantnelson/go/src/github.com/apache/commons-fileupload/src/main/java/org/apache/commons/fileupload/FileUploadBase.java","3","511","The method 'getFieldName(String)' has a NCSS line count of 10.","Design","NcssCount"
"88","org.apache.commons.fileupload","/Users/grantnelson/go/src/github.com/apache/commons-fileupload/src/main/java/org/apache/commons/fileupload/FileUploadBase.java","3","511","The method 'getFieldName(String)' has a cognitive complexity of 4, current threshold is 1","Design","CognitiveComplexity"
"89","org.apache.commons.fileupload","/Users/grantnelson/go/src/github.com/apache/commons-fileupload/src/main/java/org/apache/commons/fileupload/FileUploadBase.java","3","511","The method 'getFieldName(String)' has a cyclomatic complexity of 4.","Design","CyclomaticComplexity"
"90","org.apache.commons.fileupload","/Users/grantnelson/go/src/github.com/apache/commons-fileupload/src/main/java/org/apache/commons/fileupload/FileUploadBase.java","3","511","The method 'getFieldName(String)' has an NPath complexity of 4, current threshold is 1","Design","NPathComplexity"
"91","org.apache.commons.fileupload","/Users/grantnelson/go/src/github.com/apache/commons-fileupload/src/main/java/org/apache/commons/fileupload/FileUploadBase.java","3","511","Avoid long parameter lists (1 parameters - threshold is 1).","Design","ExcessiveParameterList"
"92","org.apache.commons.fileupload","/Users/grantnelson/go/src/github.com/apache/commons-fileupload/src/main/java/org/apache/commons/fileupload/FileUploadBase.java","3","537","The method 'getFieldName(Map<String, String>)' has a NCSS line count of 2.","Design","NcssCount"
"93","org.apache.commons.fileupload","/Users/grantnelson/go/src/github.com/apache/commons-fileupload/src/main/java/org/apache/commons/fileupload/FileUploadBase.java","3","537","The method 'getFieldName(Map<String, String>)' has a cyclomatic complexity of 1.","Design","CyclomaticComplexity"
"94","org.apache.commons.fileupload","/Users/grantnelson/go/src/github.com/apache/commons-fileupload/src/main/java/org/apache/commons/fileupload/FileUploadBase.java","3","537","The method 'getFieldName(Map<String, String>)' has an NPath complexity of 1, current threshold is 1","Design","NPathComplexity"
"95","org.apache.commons.fileupload","/Users/grantnelson/go/src/github.com/apache/commons-fileupload/src/main/java/org/apache/commons/fileupload/FileUploadBase.java","3","537","Avoid long parameter lists (1 parameters - threshold is 1).","Design","ExcessiveParameterList"
"96","org.apache.commons.fileupload","/Users/grantnelson/go/src/github.com/apache/commons-fileupload/src/main/java/org/apache/commons/fileupload/FileUploadBase.java","3","556","The method 'createItem(Map<String, String>, boolean)' has a NCSS line count of 2.","Design","NcssCount"
"97","org.apache.commons.fileupload","/Users/grantnelson/go/src/github.com/apache/commons-fileupload/src/main/java/org/apache/commons/fileupload/FileUploadBase.java","3","556","The method 'createItem(Map<String, String>, boolean)' has a cyclomatic complexity of 1.","Design","CyclomaticComplexity"
"98","org.apache.commons.fileupload","/Users/grantnelson/go/src/github.com/apache/commons-fileupload/src/main/java/org/apache/commons/fileupload/FileUploadBase.java","3","556","The method 'createItem(Map<String, String>, boolean)' has an NPath complexity of 1, current threshold is 1","Design","NPathComplexity"
"99","org.apache.commons.fileupload","/Users/grantnelson/go/src/github.com/apache/commons-fileupload/src/main/java/org/apache/commons/fileupload/FileUploadBase.java","3","556","Avoid long parameter lists (2 parameters - threshold is 1).","Design","ExcessiveParameterList"
"100","org.apache.commons.fileupload","/Users/grantnelson/go/src/github.com/apache/commons-fileupload/src/main/java/org/apache/commons/fileupload/FileUploadBase.java","3","577","The method 'getParsedHeaders(String)' has a NCSS line count of 24.","Design","NcssCount"
"101","org.apache.commons.fileupload","/Users/grantnelson/go/src/github.com/apache/commons-fileupload/src/main/java/org/apache/commons/fileupload/FileUploadBase.java","3","577","The method 'getParsedHeaders(String)' has a cognitive complexity of 16, current threshold is 1","Design","CognitiveComplexity"
"102","org.apache.commons.fileupload","/Users/grantnelson/go/src/github.com/apache/commons-fileupload/src/main/java/org/apache/commons/fileupload/FileUploadBase.java","3","577","The method 'getParsedHeaders(String)' has a cyclomatic complexity of 8.","Design","CyclomaticComplexity"
"103","org.apache.commons.fileupload","/Users/grantnelson/go/src/github.com/apache/commons-fileupload/src/main/java/org/apache/commons/fileupload/FileUploadBase.java","3","577","The method 'getParsedHeaders(String)' has an NPath complexity of 10, current threshold is 1","Design","NPathComplexity"
"104","org.apache.commons.fileupload","/Users/grantnelson/go/src/github.com/apache/commons-fileupload/src/main/java/org/apache/commons/fileupload/FileUploadBase.java","3","577","Avoid long parameter lists (1 parameters - threshold is 1).","Design","ExcessiveParameterList"
"105","org.apache.commons.fileupload","/Users/grantnelson/go/src/github.com/apache/commons-fileupload/src/main/java/org/apache/commons/fileupload/FileUploadBase.java","3","614","The method 'newFileItemHeaders()' has a NCSS line count of 2.","Design","NcssCount"
"106","org.apache.commons.fileupload","/Users/grantnelson/go/src/github.com/apache/commons-fileupload/src/main/java/org/apache/commons/fileupload/FileUploadBase.java","3","614","The method 'newFileItemHeaders()' has a cyclomatic complexity of 1.","Design","CyclomaticComplexity"
"107","org.apache.commons.fileupload","/Users/grantnelson/go/src/github.com/apache/commons-fileupload/src/main/java/org/apache/commons/fileupload/FileUploadBase.java","3","614","The method 'newFileItemHeaders()' has an NPath complexity of 1, current threshold is 1","Design","NPathComplexity"
"108","org.apache.commons.fileupload","/Users/grantnelson/go/src/github.com/apache/commons-fileupload/src/main/java/org/apache/commons/fileupload/FileUploadBase.java","3","632","The method 'parseHeaders(String)' has a NCSS line count of 11.","Design","NcssCount"
"109","org.apache.commons.fileupload","/Users/grantnelson/go/src/github.com/apache/commons-fileupload/src/main/java/org/apache/commons/fileupload/FileUploadBase.java","3","632","The method 'parseHeaders(String)' has a cognitive complexity of 3, current threshold is 1","Design","CognitiveComplexity"
"110","org.apache.commons.fileupload","/Users/grantnelson/go/src/github.com/apache/commons-fileupload/src/main/java/org/apache/commons/fileupload/FileUploadBase.java","3","632","The method 'parseHeaders(String)' has a cyclomatic complexity of 3.","Design","CyclomaticComplexity"
"111","org.apache.commons.fileupload","/Users/grantnelson/go/src/github.com/apache/commons-fileupload/src/main/java/org/apache/commons/fileupload/FileUploadBase.java","3","632","The method 'parseHeaders(String)' has an NPath complexity of 3, current threshold is 1","Design","NPathComplexity"
"112","org.apache.commons.fileupload","/Users/grantnelson/go/src/github.com/apache/commons-fileupload/src/main/java/org/apache/commons/fileupload/FileUploadBase.java","3","632","Avoid long parameter lists (1 parameters - threshold is 1).","Design","ExcessiveParameterList"
"113","org.apache.commons.fileupload","/Users/grantnelson/go/src/github.com/apache/commons-fileupload/src/main/java/org/apache/commons/fileupload/FileUploadBase.java","3","655","The method 'parseEndOfLine(String, int)' has a NCSS line count of 9.","Design","NcssCount"
"114","org.apache.commons.fileupload","/Users/grantnelson/go/src/github.com/apache/commons-fileupload/src/main/java/org/apache/commons/fileupload/FileUploadBase.java","3","655","The method 'parseEndOfLine(String, int)' has a cognitive complexity of 6, current threshold is 1","Design","CognitiveComplexity"
"115","org.apache.commons.fileupload","/Users/grantnelson/go/src/github.com/apache/commons-fileupload/src/main/java/org/apache/commons/fileupload/FileUploadBase.java","3","655","The method 'parseEndOfLine(String, int)' has a cyclomatic complexity of 6.","Design","CyclomaticComplexity"
"116","org.apache.commons.fileupload","/Users/grantnelson/go/src/github.com/apache/commons-fileupload/src/main/java/org/apache/commons/fileupload/FileUploadBase.java","3","655","The method 'parseEndOfLine(String, int)' has an NPath complexity of 4, current threshold is 1","Design","NPathComplexity"
"117","org.apache.commons.fileupload","/Users/grantnelson/go/src/github.com/apache/commons-fileupload/src/main/java/org/apache/commons/fileupload/FileUploadBase.java","3","655","Avoid long parameter lists (2 parameters - threshold is 1).","Design","ExcessiveParameterList"
"118","org.apache.commons.fileupload","/Users/grantnelson/go/src/github.com/apache/commons-fileupload/src/main/java/org/apache/commons/fileupload/FileUploadBase.java","3","675","The method 'parseHeaderLine(FileItemHeadersImpl, String)' has a NCSS line count of 7.","Design","NcssCount"
"119","org.apache.commons.fileupload","/Users/grantnelson/go/src/github.com/apache/commons-fileupload/src/main/java/org/apache/commons/fileupload/FileUploadBase.java","3","675","The method 'parseHeaderLine(FileItemHeadersImpl, String)' has a cognitive complexity of 1, current threshold is 1","Design","CognitiveComplexity"
"120","org.apache.commons.fileupload","/Users/grantnelson/go/src/github.com/apache/commons-fileupload/src/main/java/org/apache/commons/fileupload/FileUploadBase.java","3","675","The method 'parseHeaderLine(FileItemHeadersImpl, String)' has a cyclomatic complexity of 2.","Design","CyclomaticComplexity"
"121","org.apache.commons.fileupload","/Users/grantnelson/go/src/github.com/apache/commons-fileupload/src/main/java/org/apache/commons/fileupload/FileUploadBase.java","3","675","The method 'parseHeaderLine(FileItemHeadersImpl, String)' has an NPath complexity of 2, current threshold is 1","Design","NPathComplexity"
"122","org.apache.commons.fileupload","/Users/grantnelson/go/src/github.com/apache/commons-fileupload/src/main/java/org/apache/commons/fileupload/FileUploadBase.java","3","675","Avoid long parameter lists (2 parameters - threshold is 1).","Design","ExcessiveParameterList"
"123","org.apache.commons.fileupload","/Users/grantnelson/go/src/github.com/apache/commons-fileupload/src/main/java/org/apache/commons/fileupload/FileUploadBase.java","3","699","The method 'getHeader(Map<String, String>, String)' has a NCSS line count of 2.","Design","NcssCount"
"124","org.apache.commons.fileupload","/Users/grantnelson/go/src/github.com/apache/commons-fileupload/src/main/java/org/apache/commons/fileupload/FileUploadBase.java","3","699","The method 'getHeader(Map<String, String>, String)' has a cyclomatic complexity of 1.","Design","CyclomaticComplexity"
"125","org.apache.commons.fileupload","/Users/grantnelson/go/src/github.com/apache/commons-fileupload/src/main/java/org/apache/commons/fileupload/FileUploadBase.java","3","699","The method 'getHeader(Map<String, String>, String)' has an NPath complexity of 1, current threshold is 1","Design","NPathComplexity"
"126","org.apache.commons.fileupload","/Users/grantnelson/go/src/github.com/apache/commons-fileupload/src/main/java/org/apache/commons/fileupload/FileUploadBase.java","3","699","Avoid long parameter lists (2 parameters - threshold is 1).","Design","ExcessiveParameterList"
"127","org.apache.commons.fileupload","/Users/grantnelson/go/src/github.com/apache/commons-fileupload/src/main/java/org/apache/commons/fileupload/FileUploadBase.java","3","708","A value of 8 may denote a high amount of coupling within the class (threshold: 1)","Design","CouplingBetweenObjects"
"128","org.apache.commons.fileupload","/Users/grantnelson/go/src/github.com/apache/commons-fileupload/src/main/java/org/apache/commons/fileupload/FileUploadBase.java","3","708","The class 'FileItemIteratorImpl' has a NCSS line count of 144 (Highest = 45).","Design","NcssCount"
"129","org.apache.commons.fileupload","/Users/grantnelson/go/src/github.com/apache/commons-fileupload/src/main/java/org/apache/commons/fileupload/FileUploadBase.java","3","708","The class 'FileItemIteratorImpl' has a total cyclomatic complexity of 40 (highest 16).","Design","CyclomaticComplexity"
"130","org.apache.commons.fileupload","/Users/grantnelson/go/src/github.com/apache/commons-fileupload/src/main/java/org/apache/commons/fileupload/FileUploadBase.java","3","708","This class has 2 public methods and attributes; current threshold is 1.","Design","ExcessivePublicCount"
"131","org.apache.commons.fileupload","/Users/grantnelson/go/src/github.com/apache/commons-fileupload/src/main/java/org/apache/commons/fileupload/FileUploadBase.java","3","713","A value of 4 may denote a high amount of coupling within the class (threshold: 1)","Design","CouplingBetweenObjects"
"132","org.apache.commons.fileupload","/Users/grantnelson/go/src/github.com/apache/commons-fileupload/src/main/java/org/apache/commons/fileupload/FileUploadBase.java","3","713","The class 'FileItemStreamImpl' has a NCSS line count of 43 (Highest = 15).","Design","NcssCount"
"133","org.apache.commons.fileupload","/Users/grantnelson/go/src/github.com/apache/commons-fileupload/src/main/java/org/apache/commons/fileupload/FileUploadBase.java","3","713","The class 'FileItemStreamImpl' has a total cyclomatic complexity of 17 (highest 5).","Design","CyclomaticComplexity"
"134","org.apache.commons.fileupload","/Users/grantnelson/go/src/github.com/apache/commons-fileupload/src/main/java/org/apache/commons/fileupload/FileUploadBase.java","3","713","This class has 7 public methods and attributes; current threshold is 1.","Design","ExcessivePublicCount"
"135","org.apache.commons.fileupload","/Users/grantnelson/go/src/github.com/apache/commons-fileupload/src/main/java/org/apache/commons/fileupload/FileUploadBase.java","3","760","The constructor 'FileItemStreamImpl(String, String, String, boolean, long)' has a NCSS line count of 15.","Design","NcssCount"
"136","org.apache.commons.fileupload","/Users/grantnelson/go/src/github.com/apache/commons-fileupload/src/main/java/org/apache/commons/fileupload/FileUploadBase.java","3","760","The constructor 'FileItemStreamImpl(String, String, String, boolean, long)' has a cognitive complexity of 4, current threshold is 1","Design","CognitiveComplexity"
"137","org.apache.commons.fileupload","/Users/grantnelson/go/src/github.com/apache/commons-fileupload/src/main/java/org/apache/commons/fileupload/FileUploadBase.java","3","760","The constructor 'FileItemStreamImpl(String, String, String, boolean, long)' has a cyclomatic complexity of 5.","Design","CyclomaticComplexity"
"138","org.apache.commons.fileupload","/Users/grantnelson/go/src/github.com/apache/commons-fileupload/src/main/java/org/apache/commons/fileupload/FileUploadBase.java","3","760","The constructor 'FileItemStreamImpl(String, String, String, boolean, long)' has an NPath complexity of 4, current threshold is 1","Design","NPathComplexity"
"139","org.apache.commons.fileupload","/Users/grantnelson/go/src/github.com/apache/commons-fileupload/src/main/java/org/apache/commons/fileupload/FileUploadBase.java","3","760","Avoid long parameter lists (5 parameters - threshold is 1).","Design","ExcessiveParameterList"
"140","org.apache.commons.fileupload","/Users/grantnelson/go/src/github.com/apache/commons-fileupload/src/main/java/org/apache/commons/fileupload/FileUploadBase.java","3","781","The class '' has a NCSS line count of 6 (Highest = 6).","Design","NcssCount"
"141","org.apache.commons.fileupload","/Users/grantnelson/go/src/github.com/apache/commons-fileupload/src/main/java/org/apache/commons/fileupload/FileUploadBase.java","3","781","The class '' has a total cyclomatic complexity of 2 (highest 2).","Design","CyclomaticComplexity"
"142","org.apache.commons.fileupload","/Users/grantnelson/go/src/github.com/apache/commons-fileupload/src/main/java/org/apache/commons/fileupload/FileUploadBase.java","3","783","The method 'raiseError(long, long)' has a NCSS line count of 6.","Design","NcssCount"
"143","org.apache.commons.fileupload","/Users/grantnelson/go/src/github.com/apache/commons-fileupload/src/main/java/org/apache/commons/fileupload/FileUploadBase.java","3","783","The method 'raiseError(long, long)' has a cyclomatic complexity of 2.","Design","CyclomaticComplexity"
"144","org.apache.commons.fileupload","/Users/grantnelson/go/src/github.com/apache/commons-fileupload/src/main/java/org/apache/commons/fileupload/FileUploadBase.java","3","783","The method 'raiseError(long, long)' has an NPath complexity of 1, current threshold is 1","Design","NPathComplexity"
"145","org.apache.commons.fileupload","/Users/grantnelson/go/src/github.com/apache/commons-fileupload/src/main/java/org/apache/commons/fileupload/FileUploadBase.java","3","783","Avoid long parameter lists (2 parameters - threshold is 1).","Design","ExcessiveParameterList"
"146","org.apache.commons.fileupload","/Users/grantnelson/go/src/github.com/apache/commons-fileupload/src/main/java/org/apache/commons/fileupload/FileUploadBase.java","3","805","The method 'getContentType()' has a NCSS line count of 2.","Design","NcssCount"
"147","org.apache.commons.fileupload","/Users/grantnelson/go/src/github.com/apache/commons-fileupload/src/main/java/org/apache/commons/fileupload/FileUploadBase.java","3","805","The method 'getContentType()' has a cyclomatic complexity of 1.","Design","CyclomaticComplexity"
"148","org.apache.commons.fileupload","/Users/grantnelson/go/src/github.com/apache/commons-fileupload/src/main/java/org/apache/commons/fileupload/FileUploadBase.java","3","805","The method 'getContentType()' has an NPath complexity of 1, current threshold is 1","Design","NPathComplexity"
"149","org.apache.commons.fileupload","/Users/grantnelson/go/src/github.com/apache/commons-fileupload/src/main/java/org/apache/commons/fileupload/FileUploadBase.java","3","814","The method 'getFieldName()' has a NCSS line count of 2.","Design","NcssCount"
"150","org.apache.commons.fileupload","/Users/grantnelson/go/src/github.com/apache/commons-fileupload/src/main/java/org/apache/commons/fileupload/FileUploadBase.java","3","814","The method 'getFieldName()' has a cyclomatic complexity of 1.","Design","CyclomaticComplexity"
"151","org.apache.commons.fileupload","/Users/grantnelson/go/src/github.com/apache/commons-fileupload/src/main/java/org/apache/commons/fileupload/FileUploadBase.java","3","814","The method 'getFieldName()' has an NPath complexity of 1, current threshold is 1","Design","NPathComplexity"
"152","org.apache.commons.fileupload","/Users/grantnelson/go/src/github.com/apache/commons-fileupload/src/main/java/org/apache/commons/fileupload/FileUploadBase.java","3","827","The method 'getName()' has a NCSS line count of 2.","Design","NcssCount"
"153","org.apache.commons.fileupload","/Users/grantnelson/go/src/github.com/apache/commons-fileupload/src/main/java/org/apache/commons/fileupload/FileUploadBase.java","3","827","The method 'getName()' has a cyclomatic complexity of 1.","Design","CyclomaticComplexity"
"154","org.apache.commons.fileupload","/Users/grantnelson/go/src/github.com/apache/commons-fileupload/src/main/java/org/apache/commons/fileupload/FileUploadBase.java","3","827","The method 'getName()' has an NPath complexity of 1, current threshold is 1","Design","NPathComplexity"
"155","org.apache.commons.fileupload","/Users/grantnelson/go/src/github.com/apache/commons-fileupload/src/main/java/org/apache/commons/fileupload/FileUploadBase.java","3","837","The method 'isFormField()' has a NCSS line count of 2.","Design","NcssCount"
"156","org.apache.commons.fileupload","/Users/grantnelson/go/src/github.com/apache/commons-fileupload/src/main/java/org/apache/commons/fileupload/FileUploadBase.java","3","837","The method 'isFormField()' has a cyclomatic complexity of 1.","Design","CyclomaticComplexity"
"157","org.apache.commons.fileupload","/Users/grantnelson/go/src/github.com/apache/commons-fileupload/src/main/java/org/apache/commons/fileupload/FileUploadBase.java","3","837","The method 'isFormField()' has an NPath complexity of 1, current threshold is 1","Design","NPathComplexity"
"158","org.apache.commons.fileupload","/Users/grantnelson/go/src/github.com/apache/commons-fileupload/src/main/java/org/apache/commons/fileupload/FileUploadBase.java","3","848","The method 'openStream()' has a NCSS line count of 6.","Design","NcssCount"
"159","org.apache.commons.fileupload","/Users/grantnelson/go/src/github.com/apache/commons-fileupload/src/main/java/org/apache/commons/fileupload/FileUploadBase.java","3","848","The method 'openStream()' has a cognitive complexity of 2, current threshold is 1","Design","CognitiveComplexity"
"160","org.apache.commons.fileupload","/Users/grantnelson/go/src/github.com/apache/commons-fileupload/src/main/java/org/apache/commons/fileupload/FileUploadBase.java","3","848","The method 'openStream()' has a cyclomatic complexity of 5.","Design","CyclomaticComplexity"
"161","org.apache.commons.fileupload","/Users/grantnelson/go/src/github.com/apache/commons-fileupload/src/main/java/org/apache/commons/fileupload/FileUploadBase.java","3","848","The method 'openStream()' has an NPath complexity of 3, current threshold is 1","Design","NPathComplexity"
"162","org.apache.commons.fileupload","/Users/grantnelson/go/src/github.com/apache/commons-fileupload/src/main/java/org/apache/commons/fileupload/FileUploadBase.java","3","864","The method 'close()' has a NCSS line count of 2.","Design","NcssCount"
"163","org.apache.commons.fileupload","/Users/grantnelson/go/src/github.com/apache/commons-fileupload/src/main/java/org/apache/commons/fileupload/FileUploadBase.java","3","864","The method 'close()' has a cyclomatic complexity of 1.","Design","CyclomaticComplexity"
"164","org.apache.commons.fileupload","/Users/grantnelson/go/src/github.com/apache/commons-fileupload/src/main/java/org/apache/commons/fileupload/FileUploadBase.java","3","864","The method 'close()' has an NPath complexity of 1, current threshold is 1","Design","NPathComplexity"
"165","org.apache.commons.fileupload","/Users/grantnelson/go/src/github.com/apache/commons-fileupload/src/main/java/org/apache/commons/fileupload/FileUploadBase.java","3","873","The method 'getHeaders()' has a NCSS line count of 2.","Design","NcssCount"
"166","org.apache.commons.fileupload","/Users/grantnelson/go/src/github.com/apache/commons-fileupload/src/main/java/org/apache/commons/fileupload/FileUploadBase.java","3","873","The method 'getHeaders()' has a cyclomatic complexity of 1.","Design","CyclomaticComplexity"
"167","org.apache.commons.fileupload","/Users/grantnelson/go/src/github.com/apache/commons-fileupload/src/main/java/org/apache/commons/fileupload/FileUploadBase.java","3","873","The method 'getHeaders()' has an NPath complexity of 1, current threshold is 1","Design","NPathComplexity"
"168","org.apache.commons.fileupload","/Users/grantnelson/go/src/github.com/apache/commons-fileupload/src/main/java/org/apache/commons/fileupload/FileUploadBase.java","3","882","The method 'setHeaders(FileItemHeaders)' has a NCSS line count of 2.","Design","NcssCount"
"169","org.apache.commons.fileupload","/Users/grantnelson/go/src/github.com/apache/commons-fileupload/src/main/java/org/apache/commons/fileupload/FileUploadBase.java","3","882","The method 'setHeaders(FileItemHeaders)' has a cyclomatic complexity of 1.","Design","CyclomaticComplexity"
"170","org.apache.commons.fileupload","/Users/grantnelson/go/src/github.com/apache/commons-fileupload/src/main/java/org/apache/commons/fileupload/FileUploadBase.java","3","882","The method 'setHeaders(FileItemHeaders)' has an NPath complexity of 1, current threshold is 1","Design","NPathComplexity"
"171","org.apache.commons.fileupload","/Users/grantnelson/go/src/github.com/apache/commons-fileupload/src/main/java/org/apache/commons/fileupload/FileUploadBase.java","3","882","Avoid long parameter lists (1 parameters - threshold is 1).","Design","ExcessiveParameterList"
"172","org.apache.commons.fileupload","/Users/grantnelson/go/src/github.com/apache/commons-fileupload/src/main/java/org/apache/commons/fileupload/FileUploadBase.java","3","937","The constructor 'FileItemIteratorImpl(RequestContext)' has a NCSS line count of 30.","Design","NcssCount"
"173","org.apache.commons.fileupload","/Users/grantnelson/go/src/github.com/apache/commons-fileupload/src/main/java/org/apache/commons/fileupload/FileUploadBase.java","3","937","The constructor 'FileItemIteratorImpl(RequestContext)' has a cognitive complexity of 12, current threshold is 1","Design","CognitiveComplexity"
"174","org.apache.commons.fileupload","/Users/grantnelson/go/src/github.com/apache/commons-fileupload/src/main/java/org/apache/commons/fileupload/FileUploadBase.java","3","937","The constructor 'FileItemIteratorImpl(RequestContext)' has a cyclomatic complexity of 16.","Design","CyclomaticComplexity"
"175","org.apache.commons.fileupload","/Users/grantnelson/go/src/github.com/apache/commons-fileupload/src/main/java/org/apache/commons/fileupload/FileUploadBase.java","3","937","The constructor 'FileItemIteratorImpl(RequestContext)' has an NPath complexity of 29, current threshold is 1","Design","NPathComplexity"
"176","org.apache.commons.fileupload","/Users/grantnelson/go/src/github.com/apache/commons-fileupload/src/main/java/org/apache/commons/fileupload/FileUploadBase.java","3","937","Avoid long parameter lists (1 parameters - threshold is 1).","Design","ExcessiveParameterList"
"177","org.apache.commons.fileupload","/Users/grantnelson/go/src/github.com/apache/commons-fileupload/src/main/java/org/apache/commons/fileupload/FileUploadBase.java","3","970","The class '' has a NCSS line count of 3 (Highest = 3).","Design","NcssCount"
"178","org.apache.commons.fileupload","/Users/grantnelson/go/src/github.com/apache/commons-fileupload/src/main/java/org/apache/commons/fileupload/FileUploadBase.java","3","970","The class '' has a total cyclomatic complexity of 2 (highest 2).","Design","CyclomaticComplexity"
"179","org.apache.commons.fileupload","/Users/grantnelson/go/src/github.com/apache/commons-fileupload/src/main/java/org/apache/commons/fileupload/FileUploadBase.java","3","972","The method 'raiseError(long, long)' has a NCSS line count of 3.","Design","NcssCount"
"180","org.apache.commons.fileupload","/Users/grantnelson/go/src/github.com/apache/commons-fileupload/src/main/java/org/apache/commons/fileupload/FileUploadBase.java","3","972","The method 'raiseError(long, long)' has a cyclomatic complexity of 2.","Design","CyclomaticComplexity"
"181","org.apache.commons.fileupload","/Users/grantnelson/go/src/github.com/apache/commons-fileupload/src/main/java/org/apache/commons/fileupload/FileUploadBase.java","3","972","The method 'raiseError(long, long)' has an NPath complexity of 1, current threshold is 1","Design","NPathComplexity"
"182","org.apache.commons.fileupload","/Users/grantnelson/go/src/github.com/apache/commons-fileupload/src/main/java/org/apache/commons/fileupload/FileUploadBase.java","3","972","Avoid long parameter lists (2 parameters - threshold is 1).","Design","ExcessiveParameterList"
"183","org.apache.commons.fileupload","/Users/grantnelson/go/src/github.com/apache/commons-fileupload/src/main/java/org/apache/commons/fileupload/FileUploadBase.java","3","1016","The method 'findNextItem()' has a NCSS line count of 45.","Design","NcssCount"
"184","org.apache.commons.fileupload","/Users/grantnelson/go/src/github.com/apache/commons-fileupload/src/main/java/org/apache/commons/fileupload/FileUploadBase.java","3","1016","The method 'findNextItem()' has a cognitive complexity of 25, current threshold is 1","Design","CognitiveComplexity"
"185","org.apache.commons.fileupload","/Users/grantnelson/go/src/github.com/apache/commons-fileupload/src/main/java/org/apache/commons/fileupload/FileUploadBase.java","3","1016","The method 'findNextItem()' has a cyclomatic complexity of 12.","Design","CyclomaticComplexity"
"186","org.apache.commons.fileupload","/Users/grantnelson/go/src/github.com/apache/commons-fileupload/src/main/java/org/apache/commons/fileupload/FileUploadBase.java","3","1016","The method 'findNextItem()' has an NPath complexity of 33, current threshold is 1","Design","NPathComplexity"
"187","org.apache.commons.fileupload","/Users/grantnelson/go/src/github.com/apache/commons-fileupload/src/main/java/org/apache/commons/fileupload/FileUploadBase.java","3","1084","The method 'getContentLength(FileItemHeaders)' has a NCSS line count of 4.","Design","NcssCount"
"188","org.apache.commons.fileupload","/Users/grantnelson/go/src/github.com/apache/commons-fileupload/src/main/java/org/apache/commons/fileupload/FileUploadBase.java","3","1084","The method 'getContentLength(FileItemHeaders)' has a cognitive complexity of 1, current threshold is 1","Design","CognitiveComplexity"
"189","org.apache.commons.fileupload","/Users/grantnelson/go/src/github.com/apache/commons-fileupload/src/main/java/org/apache/commons/fileupload/FileUploadBase.java","3","1084","The method 'getContentLength(FileItemHeaders)' has a cyclomatic complexity of 2.","Design","CyclomaticComplexity"
"190","org.apache.commons.fileupload","/Users/grantnelson/go/src/github.com/apache/commons-fileupload/src/main/java/org/apache/commons/fileupload/FileUploadBase.java","3","1084","The method 'getContentLength(FileItemHeaders)' has an NPath complexity of 1, current threshold is 1","Design","NPathComplexity"
"191","org.apache.commons.fileupload","/Users/grantnelson/go/src/github.com/apache/commons-fileupload/src/main/java/org/apache/commons/fileupload/FileUploadBase.java","3","1084","Avoid long parameter lists (1 parameters - threshold is 1).","Design","ExcessiveParameterList"
"192","org.apache.commons.fileupload","/Users/grantnelson/go/src/github.com/apache/commons-fileupload/src/main/java/org/apache/commons/fileupload/FileUploadBase.java","3","1102","The method 'hasNext()' has a NCSS line count of 8.","Design","NcssCount"
"193","org.apache.commons.fileupload","/Users/grantnelson/go/src/github.com/apache/commons-fileupload/src/main/java/org/apache/commons/fileupload/FileUploadBase.java","3","1102","The method 'hasNext()' has a cognitive complexity of 3, current threshold is 1","Design","CognitiveComplexity"
"194","org.apache.commons.fileupload","/Users/grantnelson/go/src/github.com/apache/commons-fileupload/src/main/java/org/apache/commons/fileupload/FileUploadBase.java","3","1102","The method 'hasNext()' has a cyclomatic complexity of 5.","Design","CyclomaticComplexity"
"195","org.apache.commons.fileupload","/Users/grantnelson/go/src/github.com/apache/commons-fileupload/src/main/java/org/apache/commons/fileupload/FileUploadBase.java","3","1102","The method 'hasNext()' has an NPath complexity of 3, current threshold is 1","Design","NPathComplexity"
"196","org.apache.commons.fileupload","/Users/grantnelson/go/src/github.com/apache/commons-fileupload/src/main/java/org/apache/commons/fileupload/FileUploadBase.java","3","1128","The method 'next()' has a NCSS line count of 5.","Design","NcssCount"
"197","org.apache.commons.fileupload","/Users/grantnelson/go/src/github.com/apache/commons-fileupload/src/main/java/org/apache/commons/fileupload/FileUploadBase.java","3","1128","The method 'next()' has a cognitive complexity of 3, current threshold is 1","Design","CognitiveComplexity"
"198","org.apache.commons.fileupload","/Users/grantnelson/go/src/github.com/apache/commons-fileupload/src/main/java/org/apache/commons/fileupload/FileUploadBase.java","3","1128","The method 'next()' has a cyclomatic complexity of 5.","Design","CyclomaticComplexity"
"199","org.apache.commons.fileupload","/Users/grantnelson/go/src/github.com/apache/commons-fileupload/src/main/java/org/apache/commons/fileupload/FileUploadBase.java","3","1128","The method 'next()' has an NPath complexity of 4, current threshold is 1","Design","NPathComplexity"
"200","org.apache.commons.fileupload","/Users/grantnelson/go/src/github.com/apache/commons-fileupload/src/main/java/org/apache/commons/fileupload/FileUploadBase.java","3","1142","The class 'FileUploadIOException' has a NCSS line count of 7 (Highest = 2).","Design","NcssCount"
"201","org.apache.commons.fileupload","/Users/grantnelson/go/src/github.com/apache/commons-fileupload/src/main/java/org/apache/commons/fileupload/FileUploadBase.java","3","1142","The class 'FileUploadIOException' has a total cyclomatic complexity of 2 (highest 1).","Design","CyclomaticComplexity"
"202","org.apache.commons.fileupload","/Users/grantnelson/go/src/github.com/apache/commons-fileupload/src/main/java/org/apache/commons/fileupload/FileUploadBase.java","3","1142","This class has 2 public methods and attributes; current threshold is 1.","Design","ExcessivePublicCount"
"203","org.apache.commons.fileupload","/Users/grantnelson/go/src/github.com/apache/commons-fileupload/src/main/java/org/apache/commons/fileupload/FileUploadBase.java","3","1162","The constructor 'FileUploadIOException(FileUploadException)' has a NCSS line count of 2.","Design","NcssCount"
"204","org.apache.commons.fileupload","/Users/grantnelson/go/src/github.com/apache/commons-fileupload/src/main/java/org/apache/commons/fileupload/FileUploadBase.java","3","1162","The constructor 'FileUploadIOException(FileUploadException)' has a cyclomatic complexity of 1.","Design","CyclomaticComplexity"
"205","org.apache.commons.fileupload","/Users/grantnelson/go/src/github.com/apache/commons-fileupload/src/main/java/org/apache/commons/fileupload/FileUploadBase.java","3","1162","The constructor 'FileUploadIOException(FileUploadException)' has an NPath complexity of 1, current threshold is 1","Design","NPathComplexity"
"206","org.apache.commons.fileupload","/Users/grantnelson/go/src/github.com/apache/commons-fileupload/src/main/java/org/apache/commons/fileupload/FileUploadBase.java","3","1162","Avoid long parameter lists (1 parameters - threshold is 1).","Design","ExcessiveParameterList"
"207","org.apache.commons.fileupload","/Users/grantnelson/go/src/github.com/apache/commons-fileupload/src/main/java/org/apache/commons/fileupload/FileUploadBase.java","3","1173","The method 'getCause()' has a NCSS line count of 2.","Design","NcssCount"
"208","org.apache.commons.fileupload","/Users/grantnelson/go/src/github.com/apache/commons-fileupload/src/main/java/org/apache/commons/fileupload/FileUploadBase.java","3","1173","The method 'getCause()' has a cyclomatic complexity of 1.","Design","CyclomaticComplexity"
"209","org.apache.commons.fileupload","/Users/grantnelson/go/src/github.com/apache/commons-fileupload/src/main/java/org/apache/commons/fileupload/FileUploadBase.java","3","1173","The method 'getCause()' has an NPath complexity of 1, current threshold is 1","Design","NPathComplexity"
"210","org.apache.commons.fileupload","/Users/grantnelson/go/src/github.com/apache/commons-fileupload/src/main/java/org/apache/commons/fileupload/FileUploadBase.java","3","1182","The class 'InvalidContentTypeException' has a NCSS line count of 8 (Highest = 2).","Design","NcssCount"
"211","org.apache.commons.fileupload","/Users/grantnelson/go/src/github.com/apache/commons-fileupload/src/main/java/org/apache/commons/fileupload/FileUploadBase.java","3","1182","The class 'InvalidContentTypeException' has a total cyclomatic complexity of 3 (highest 1).","Design","CyclomaticComplexity"
"212","org.apache.commons.fileupload","/Users/grantnelson/go/src/github.com/apache/commons-fileupload/src/main/java/org/apache/commons/fileupload/FileUploadBase.java","3","1182","This class has 3 public methods and attributes; current threshold is 1.","Design","ExcessivePublicCount"
"213","org.apache.commons.fileupload","/Users/grantnelson/go/src/github.com/apache/commons-fileupload/src/main/java/org/apache/commons/fileupload/FileUploadBase.java","3","1194","The constructor 'InvalidContentTypeException()' has a NCSS line count of 2.","Design","NcssCount"
"214","org.apache.commons.fileupload","/Users/grantnelson/go/src/github.com/apache/commons-fileupload/src/main/java/org/apache/commons/fileupload/FileUploadBase.java","3","1194","The constructor 'InvalidContentTypeException()' has a cyclomatic complexity of 1.","Design","CyclomaticComplexity"
"215","org.apache.commons.fileupload","/Users/grantnelson/go/src/github.com/apache/commons-fileupload/src/main/java/org/apache/commons/fileupload/FileUploadBase.java","3","1194","The constructor 'InvalidContentTypeException()' has an NPath complexity of 1, current threshold is 1","Design","NPathComplexity"
"216","org.apache.commons.fileupload","/Users/grantnelson/go/src/github.com/apache/commons-fileupload/src/main/java/org/apache/commons/fileupload/FileUploadBase.java","3","1204","The constructor 'InvalidContentTypeException(String)' has a NCSS line count of 2.","Design","NcssCount"
"217","org.apache.commons.fileupload","/Users/grantnelson/go/src/github.com/apache/commons-fileupload/src/main/java/org/apache/commons/fileupload/FileUploadBase.java","3","1204","The constructor 'InvalidContentTypeException(String)' has a cyclomatic complexity of 1.","Design","CyclomaticComplexity"
"218","org.apache.commons.fileupload","/Users/grantnelson/go/src/github.com/apache/commons-fileupload/src/main/java/org/apache/commons/fileupload/FileUploadBase.java","3","1204","The constructor 'InvalidContentTypeException(String)' has an NPath complexity of 1, current threshold is 1","Design","NPathComplexity"
"219","org.apache.commons.fileupload","/Users/grantnelson/go/src/github.com/apache/commons-fileupload/src/main/java/org/apache/commons/fileupload/FileUploadBase.java","3","1204","Avoid long parameter lists (1 parameters - threshold is 1).","Design","ExcessiveParameterList"
"220","org.apache.commons.fileupload","/Users/grantnelson/go/src/github.com/apache/commons-fileupload/src/main/java/org/apache/commons/fileupload/FileUploadBase.java","3","1217","The constructor 'InvalidContentTypeException(String, Throwable)' has a NCSS line count of 2.","Design","NcssCount"
"221","org.apache.commons.fileupload","/Users/grantnelson/go/src/github.com/apache/commons-fileupload/src/main/java/org/apache/commons/fileupload/FileUploadBase.java","3","1217","The constructor 'InvalidContentTypeException(String, Throwable)' has a cyclomatic complexity of 1.","Design","CyclomaticComplexity"
"222","org.apache.commons.fileupload","/Users/grantnelson/go/src/github.com/apache/commons-fileupload/src/main/java/org/apache/commons/fileupload/FileUploadBase.java","3","1217","The constructor 'InvalidContentTypeException(String, Throwable)' has an NPath complexity of 1, current threshold is 1","Design","NPathComplexity"
"223","org.apache.commons.fileupload","/Users/grantnelson/go/src/github.com/apache/commons-fileupload/src/main/java/org/apache/commons/fileupload/FileUploadBase.java","3","1217","Avoid long parameter lists (2 parameters - threshold is 1).","Design","ExcessiveParameterList"
"224","org.apache.commons.fileupload","/Users/grantnelson/go/src/github.com/apache/commons-fileupload/src/main/java/org/apache/commons/fileupload/FileUploadBase.java","3","1225","The class 'IOFileUploadException' has a NCSS line count of 8 (Highest = 3).","Design","NcssCount"
"225","org.apache.commons.fileupload","/Users/grantnelson/go/src/github.com/apache/commons-fileupload/src/main/java/org/apache/commons/fileupload/FileUploadBase.java","3","1225","The class 'IOFileUploadException' has a total cyclomatic complexity of 2 (highest 1).","Design","CyclomaticComplexity"
"226","org.apache.commons.fileupload","/Users/grantnelson/go/src/github.com/apache/commons-fileupload/src/main/java/org/apache/commons/fileupload/FileUploadBase.java","3","1225","This class has 2 public methods and attributes; current threshold is 1.","Design","ExcessivePublicCount"
"227","org.apache.commons.fileupload","/Users/grantnelson/go/src/github.com/apache/commons-fileupload/src/main/java/org/apache/commons/fileupload/FileUploadBase.java","3","1245","The constructor 'IOFileUploadException(String, IOException)' has a NCSS line count of 3.","Design","NcssCount"
"228","org.apache.commons.fileupload","/Users/grantnelson/go/src/github.com/apache/commons-fileupload/src/main/java/org/apache/commons/fileupload/FileUploadBase.java","3","1245","The constructor 'IOFileUploadException(String, IOException)' has a cyclomatic complexity of 1.","Design","CyclomaticComplexity"
"229","org.apache.commons.fileupload","/Users/grantnelson/go/src/github.com/apache/commons-fileupload/src/main/java/org/apache/commons/fileupload/FileUploadBase.java","3","1245","The constructor 'IOFileUploadException(String, IOException)' has an NPath complexity of 1, current threshold is 1","Design","NPathComplexity"
"230","org.apache.commons.fileupload","/Users/grantnelson/go/src/github.com/apache/commons-fileupload/src/main/java/org/apache/commons/fileupload/FileUploadBase.java","3","1245","Avoid long parameter lists (2 parameters - threshold is 1).","Design","ExcessiveParameterList"
"231","org.apache.commons.fileupload","/Users/grantnelson/go/src/github.com/apache/commons-fileupload/src/main/java/org/apache/commons/fileupload/FileUploadBase.java","3","1256","The method 'getCause()' has a NCSS line count of 2.","Design","NcssCount"
"232","org.apache.commons.fileupload","/Users/grantnelson/go/src/github.com/apache/commons-fileupload/src/main/java/org/apache/commons/fileupload/FileUploadBase.java","3","1256","The method 'getCause()' has a cyclomatic complexity of 1.","Design","CyclomaticComplexity"
"233","org.apache.commons.fileupload","/Users/grantnelson/go/src/github.com/apache/commons-fileupload/src/main/java/org/apache/commons/fileupload/FileUploadBase.java","3","1256","The method 'getCause()' has an NPath complexity of 1, current threshold is 1","Design","NPathComplexity"
"234","org.apache.commons.fileupload","/Users/grantnelson/go/src/github.com/apache/commons-fileupload/src/main/java/org/apache/commons/fileupload/FileUploadBase.java","3","1266","The class 'SizeException' has a NCSS line count of 12 (Highest = 4).","Design","NcssCount"
"235","org.apache.commons.fileupload","/Users/grantnelson/go/src/github.com/apache/commons-fileupload/src/main/java/org/apache/commons/fileupload/FileUploadBase.java","3","1266","The class 'SizeException' has a total cyclomatic complexity of 3 (highest 1).","Design","CyclomaticComplexity"
"236","org.apache.commons.fileupload","/Users/grantnelson/go/src/github.com/apache/commons-fileupload/src/main/java/org/apache/commons/fileupload/FileUploadBase.java","3","1266","This class has 2 public methods and attributes; current threshold is 1.","Design","ExcessivePublicCount"
"237","org.apache.commons.fileupload","/Users/grantnelson/go/src/github.com/apache/commons-fileupload/src/main/java/org/apache/commons/fileupload/FileUploadBase.java","3","1290","The constructor 'SizeException(String, long, long)' has a NCSS line count of 4.","Design","NcssCount"
"238","org.apache.commons.fileupload","/Users/grantnelson/go/src/github.com/apache/commons-fileupload/src/main/java/org/apache/commons/fileupload/FileUploadBase.java","3","1290","The constructor 'SizeException(String, long, long)' has a cyclomatic complexity of 1.","Design","CyclomaticComplexity"
"239","org.apache.commons.fileupload","/Users/grantnelson/go/src/github.com/apache/commons-fileupload/src/main/java/org/apache/commons/fileupload/FileUploadBase.java","3","1290","The constructor 'SizeException(String, long, long)' has an NPath complexity of 1, current threshold is 1","Design","NPathComplexity"
"240","org.apache.commons.fileupload","/Users/grantnelson/go/src/github.com/apache/commons-fileupload/src/main/java/org/apache/commons/fileupload/FileUploadBase.java","3","1290","Avoid long parameter lists (3 parameters - threshold is 1).","Design","ExcessiveParameterList"
"241","org.apache.commons.fileupload","/Users/grantnelson/go/src/github.com/apache/commons-fileupload/src/main/java/org/apache/commons/fileupload/FileUploadBase.java","3","1302","The method 'getActualSize()' has a NCSS line count of 2.","Design","NcssCount"
"242","org.apache.commons.fileupload","/Users/grantnelson/go/src/github.com/apache/commons-fileupload/src/main/java/org/apache/commons/fileupload/FileUploadBase.java","3","1302","The method 'getActualSize()' has a cyclomatic complexity of 1.","Design","CyclomaticComplexity"
"243","org.apache.commons.fileupload","/Users/grantnelson/go/src/github.com/apache/commons-fileupload/src/main/java/org/apache/commons/fileupload/FileUploadBase.java","3","1302","The method 'getActualSize()' has an NPath complexity of 1, current threshold is 1","Design","NPathComplexity"
"244","org.apache.commons.fileupload","/Users/grantnelson/go/src/github.com/apache/commons-fileupload/src/main/java/org/apache/commons/fileupload/FileUploadBase.java","3","1312","The method 'getPermittedSize()' has a NCSS line count of 2.","Design","NcssCount"
"245","org.apache.commons.fileupload","/Users/grantnelson/go/src/github.com/apache/commons-fileupload/src/main/java/org/apache/commons/fileupload/FileUploadBase.java","3","1312","The method 'getPermittedSize()' has a cyclomatic complexity of 1.","Design","CyclomaticComplexity"
"246","org.apache.commons.fileupload","/Users/grantnelson/go/src/github.com/apache/commons-fileupload/src/main/java/org/apache/commons/fileupload/FileUploadBase.java","3","1312","The method 'getPermittedSize()' has an NPath complexity of 1, current threshold is 1","Design","NPathComplexity"
"247","org.apache.commons.fileupload","/Users/grantnelson/go/src/github.com/apache/commons-fileupload/src/main/java/org/apache/commons/fileupload/FileUploadBase.java","3","1327","The class 'UnknownSizeException' has a NCSS line count of 6 (Highest = 2).","Design","NcssCount"
"248","org.apache.commons.fileupload","/Users/grantnelson/go/src/github.com/apache/commons-fileupload/src/main/java/org/apache/commons/fileupload/FileUploadBase.java","3","1327","The class 'UnknownSizeException' has a total cyclomatic complexity of 2 (highest 1).","Design","CyclomaticComplexity"
"249","org.apache.commons.fileupload","/Users/grantnelson/go/src/github.com/apache/commons-fileupload/src/main/java/org/apache/commons/fileupload/FileUploadBase.java","3","1327","This class has 2 public methods and attributes; current threshold is 1.","Design","ExcessivePublicCount"
"250","org.apache.commons.fileupload","/Users/grantnelson/go/src/github.com/apache/commons-fileupload/src/main/java/org/apache/commons/fileupload/FileUploadBase.java","3","1339","The constructor 'UnknownSizeException()' has a NCSS line count of 2.","Design","NcssCount"
"251","org.apache.commons.fileupload","/Users/grantnelson/go/src/github.com/apache/commons-fileupload/src/main/java/org/apache/commons/fileupload/FileUploadBase.java","3","1339","The constructor 'UnknownSizeException()' has a cyclomatic complexity of 1.","Design","CyclomaticComplexity"
"252","org.apache.commons.fileupload","/Users/grantnelson/go/src/github.com/apache/commons-fileupload/src/main/java/org/apache/commons/fileupload/FileUploadBase.java","3","1339","The constructor 'UnknownSizeException()' has an NPath complexity of 1, current threshold is 1","Design","NPathComplexity"
"253","org.apache.commons.fileupload","/Users/grantnelson/go/src/github.com/apache/commons-fileupload/src/main/java/org/apache/commons/fileupload/FileUploadBase.java","3","1349","The constructor 'UnknownSizeException(String)' has a NCSS line count of 2.","Design","NcssCount"
"254","org.apache.commons.fileupload","/Users/grantnelson/go/src/github.com/apache/commons-fileupload/src/main/java/org/apache/commons/fileupload/FileUploadBase.java","3","1349","The constructor 'UnknownSizeException(String)' has a cyclomatic complexity of 1.","Design","CyclomaticComplexity"
"255","org.apache.commons.fileupload","/Users/grantnelson/go/src/github.com/apache/commons-fileupload/src/main/java/org/apache/commons/fileupload/FileUploadBase.java","3","1349","The constructor 'UnknownSizeException(String)' has an NPath complexity of 1, current threshold is 1","Design","NPathComplexity"
"256","org.apache.commons.fileupload","/Users/grantnelson/go/src/github.com/apache/commons-fileupload/src/main/java/org/apache/commons/fileupload/FileUploadBase.java","3","1349","Avoid long parameter lists (1 parameters - threshold is 1).","Design","ExcessiveParameterList"
"257","org.apache.commons.fileupload","/Users/grantnelson/go/src/github.com/apache/commons-fileupload/src/main/java/org/apache/commons/fileupload/FileUploadBase.java","3","1358","The class 'SizeLimitExceededException' has a NCSS line count of 8 (Highest = 2).","Design","NcssCount"
"258","org.apache.commons.fileupload","/Users/grantnelson/go/src/github.com/apache/commons-fileupload/src/main/java/org/apache/commons/fileupload/FileUploadBase.java","3","1358","The class 'SizeLimitExceededException' has a total cyclomatic complexity of 3 (highest 1).","Design","CyclomaticComplexity"
"259","org.apache.commons.fileupload","/Users/grantnelson/go/src/github.com/apache/commons-fileupload/src/main/java/org/apache/commons/fileupload/FileUploadBase.java","3","1358","This class has 3 public methods and attributes; current threshold is 1.","Design","ExcessivePublicCount"
"260","org.apache.commons.fileupload","/Users/grantnelson/go/src/github.com/apache/commons-fileupload/src/main/java/org/apache/commons/fileupload/FileUploadBase.java","3","1371","The constructor 'SizeLimitExceededException()' has a NCSS line count of 2.","Design","NcssCount"
"261","org.apache.commons.fileupload","/Users/grantnelson/go/src/github.com/apache/commons-fileupload/src/main/java/org/apache/commons/fileupload/FileUploadBase.java","3","1371","The constructor 'SizeLimitExceededException()' has a cyclomatic complexity of 1.","Design","CyclomaticComplexity"
"262","org.apache.commons.fileupload","/Users/grantnelson/go/src/github.com/apache/commons-fileupload/src/main/java/org/apache/commons/fileupload/FileUploadBase.java","3","1371","The constructor 'SizeLimitExceededException()' has an NPath complexity of 1, current threshold is 1","Design","NPathComplexity"
"263","org.apache.commons.fileupload","/Users/grantnelson/go/src/github.com/apache/commons-fileupload/src/main/java/org/apache/commons/fileupload/FileUploadBase.java","3","1381","The constructor 'SizeLimitExceededException(String)' has a NCSS line count of 2.","Design","NcssCount"
"264","org.apache.commons.fileupload","/Users/grantnelson/go/src/github.com/apache/commons-fileupload/src/main/java/org/apache/commons/fileupload/FileUploadBase.java","3","1381","The constructor 'SizeLimitExceededException(String)' has a cyclomatic complexity of 1.","Design","CyclomaticComplexity"
"265","org.apache.commons.fileupload","/Users/grantnelson/go/src/github.com/apache/commons-fileupload/src/main/java/org/apache/commons/fileupload/FileUploadBase.java","3","1381","The constructor 'SizeLimitExceededException(String)' has an NPath complexity of 1, current threshold is 1","Design","NPathComplexity"
"266","org.apache.commons.fileupload","/Users/grantnelson/go/src/github.com/apache/commons-fileupload/src/main/java/org/apache/commons/fileupload/FileUploadBase.java","3","1381","Avoid long parameter lists (1 parameters - threshold is 1).","Design","ExcessiveParameterList"
"267","org.apache.commons.fileupload","/Users/grantnelson/go/src/github.com/apache/commons-fileupload/src/main/java/org/apache/commons/fileupload/FileUploadBase.java","3","1393","The constructor 'SizeLimitExceededException(String, long, long)' has a NCSS line count of 2.","Design","NcssCount"
"268","org.apache.commons.fileupload","/Users/grantnelson/go/src/github.com/apache/commons-fileupload/src/main/java/org/apache/commons/fileupload/FileUploadBase.java","3","1393","The constructor 'SizeLimitExceededException(String, long, long)' has a cyclomatic complexity of 1.","Design","CyclomaticComplexity"
"269","org.apache.commons.fileupload","/Users/grantnelson/go/src/github.com/apache/commons-fileupload/src/main/java/org/apache/commons/fileupload/FileUploadBase.java","3","1393","The constructor 'SizeLimitExceededException(String, long, long)' has an NPath complexity of 1, current threshold is 1","Design","NPathComplexity"
"270","org.apache.commons.fileupload","/Users/grantnelson/go/src/github.com/apache/commons-fileupload/src/main/java/org/apache/commons/fileupload/FileUploadBase.java","3","1393","Avoid long parameter lists (3 parameters - threshold is 1).","Design","ExcessiveParameterList"
"271","org.apache.commons.fileupload","/Users/grantnelson/go/src/github.com/apache/commons-fileupload/src/main/java/org/apache/commons/fileupload/FileUploadBase.java","3","1403","The class 'FileSizeLimitExceededException' has a NCSS line count of 14 (Highest = 2).","Design","NcssCount"
"272","org.apache.commons.fileupload","/Users/grantnelson/go/src/github.com/apache/commons-fileupload/src/main/java/org/apache/commons/fileupload/FileUploadBase.java","3","1403","The class 'FileSizeLimitExceededException' has a total cyclomatic complexity of 5 (highest 1).","Design","CyclomaticComplexity"
"273","org.apache.commons.fileupload","/Users/grantnelson/go/src/github.com/apache/commons-fileupload/src/main/java/org/apache/commons/fileupload/FileUploadBase.java","3","1403","This class has 5 public methods and attributes; current threshold is 1.","Design","ExcessivePublicCount"
"274","org.apache.commons.fileupload","/Users/grantnelson/go/src/github.com/apache/commons-fileupload/src/main/java/org/apache/commons/fileupload/FileUploadBase.java","3","1429","The constructor 'FileSizeLimitExceededException(String, long, long)' has a NCSS line count of 2.","Design","NcssCount"
"275","org.apache.commons.fileupload","/Users/grantnelson/go/src/github.com/apache/commons-fileupload/src/main/java/org/apache/commons/fileupload/FileUploadBase.java","3","1429","The constructor 'FileSizeLimitExceededException(String, long, long)' has a cyclomatic complexity of 1.","Design","CyclomaticComplexity"
"276","org.apache.commons.fileupload","/Users/grantnelson/go/src/github.com/apache/commons-fileupload/src/main/java/org/apache/commons/fileupload/FileUploadBase.java","3","1429","The constructor 'FileSizeLimitExceededException(String, long, long)' has an NPath complexity of 1, current threshold is 1","Design","NPathComplexity"
"277","org.apache.commons.fileupload","/Users/grantnelson/go/src/github.com/apache/commons-fileupload/src/main/java/org/apache/commons/fileupload/FileUploadBase.java","3","1429","Avoid long parameter lists (3 parameters - threshold is 1).","Design","ExcessiveParameterList"
"278","org.apache.commons.fileupload","/Users/grantnelson/go/src/github.com/apache/commons-fileupload/src/main/java/org/apache/commons/fileupload/FileUploadBase.java","3","1440","The method 'getFileName()' has a NCSS line count of 2.","Design","NcssCount"
"279","org.apache.commons.fileupload","/Users/grantnelson/go/src/github.com/apache/commons-fileupload/src/main/java/org/apache/commons/fileupload/FileUploadBase.java","3","1440","The method 'getFileName()' has a cyclomatic complexity of 1.","Design","CyclomaticComplexity"
"280","org.apache.commons.fileupload","/Users/grantnelson/go/src/github.com/apache/commons-fileupload/src/main/java/org/apache/commons/fileupload/FileUploadBase.java","3","1440","The method 'getFileName()' has an NPath complexity of 1, current threshold is 1","Design","NPathComplexity"
"281","org.apache.commons.fileupload","/Users/grantnelson/go/src/github.com/apache/commons-fileupload/src/main/java/org/apache/commons/fileupload/FileUploadBase.java","3","1450","The method 'setFileName(String)' has a NCSS line count of 2.","Design","NcssCount"
"282","org.apache.commons.fileupload","/Users/grantnelson/go/src/github.com/apache/commons-fileupload/src/main/java/org/apache/commons/fileupload/FileUploadBase.java","3","1450","The method 'setFileName(String)' has a cyclomatic complexity of 1.","Design","CyclomaticComplexity"
"283","org.apache.commons.fileupload","/Users/grantnelson/go/src/github.com/apache/commons-fileupload/src/main/java/org/apache/commons/fileupload/FileUploadBase.java","3","1450","The method 'setFileName(String)' has an NPath complexity of 1, current threshold is 1","Design","NPathComplexity"
"284","org.apache.commons.fileupload","/Users/grantnelson/go/src/github.com/apache/commons-fileupload/src/main/java/org/apache/commons/fileupload/FileUploadBase.java","3","1450","Avoid long parameter lists (1 parameters - threshold is 1).","Design","ExcessiveParameterList"
"285","org.apache.commons.fileupload","/Users/grantnelson/go/src/github.com/apache/commons-fileupload/src/main/java/org/apache/commons/fileupload/FileUploadBase.java","3","1460","The method 'getFieldName()' has a NCSS line count of 2.","Design","NcssCount"
"286","org.apache.commons.fileupload","/Users/grantnelson/go/src/github.com/apache/commons-fileupload/src/main/java/org/apache/commons/fileupload/FileUploadBase.java","3","1460","The method 'getFieldName()' has a cyclomatic complexity of 1.","Design","CyclomaticComplexity"
"287","org.apache.commons.fileupload","/Users/grantnelson/go/src/github.com/apache/commons-fileupload/src/main/java/org/apache/commons/fileupload/FileUploadBase.java","3","1460","The method 'getFieldName()' has an NPath complexity of 1, current threshold is 1","Design","NPathComplexity"
"288","org.apache.commons.fileupload","/Users/grantnelson/go/src/github.com/apache/commons-fileupload/src/main/java/org/apache/commons/fileupload/FileUploadBase.java","3","1471","The method 'setFieldName(String)' has a NCSS line count of 2.","Design","NcssCount"
"289","org.apache.commons.fileupload","/Users/grantnelson/go/src/github.com/apache/commons-fileupload/src/main/java/org/apache/commons/fileupload/FileUploadBase.java","3","1471","The method 'setFieldName(String)' has a cyclomatic complexity of 1.","Design","CyclomaticComplexity"
"290","org.apache.commons.fileupload","/Users/grantnelson/go/src/github.com/apache/commons-fileupload/src/main/java/org/apache/commons/fileupload/FileUploadBase.java","3","1471","The method 'setFieldName(String)' has an NPath complexity of 1, current threshold is 1","Design","NPathComplexity"
"291","org.apache.commons.fileupload","/Users/grantnelson/go/src/github.com/apache/commons-fileupload/src/main/java/org/apache/commons/fileupload/FileUploadBase.java","3","1471","Avoid long parameter lists (1 parameters - threshold is 1).","Design","ExcessiveParameterList"
"292","org.apache.commons.fileupload","/Users/grantnelson/go/src/github.com/apache/commons-fileupload/src/main/java/org/apache/commons/fileupload/FileUploadBase.java","3","1482","The method 'getProgressListener()' has a NCSS line count of 2.","Design","NcssCount"
"293","org.apache.commons.fileupload","/Users/grantnelson/go/src/github.com/apache/commons-fileupload/src/main/java/org/apache/commons/fileupload/FileUploadBase.java","3","1482","The method 'getProgressListener()' has a cyclomatic complexity of 1.","Design","CyclomaticComplexity"
"294","org.apache.commons.fileupload","/Users/grantnelson/go/src/github.com/apache/commons-fileupload/src/main/java/org/apache/commons/fileupload/FileUploadBase.java","3","1482","The method 'getProgressListener()' has an NPath complexity of 1, current threshold is 1","Design","NPathComplexity"
"295","org.apache.commons.fileupload","/Users/grantnelson/go/src/github.com/apache/commons-fileupload/src/main/java/org/apache/commons/fileupload/FileUploadBase.java","3","1491","The method 'setProgressListener(ProgressListener)' has a NCSS line count of 2.","Design","NcssCount"
"296","org.apache.commons.fileupload","/Users/grantnelson/go/src/github.com/apache/commons-fileupload/src/main/java/org/apache/commons/fileupload/FileUploadBase.java","3","1491","The method 'setProgressListener(ProgressListener)' has a cyclomatic complexity of 1.","Design","CyclomaticComplexity"
"297","org.apache.commons.fileupload","/Users/grantnelson/go/src/github.com/apache/commons-fileupload/src/main/java/org/apache/commons/fileupload/FileUploadBase.java","3","1491","The method 'setProgressListener(ProgressListener)' has an NPath complexity of 1, current threshold is 1","Design","NPathComplexity"
"298","org.apache.commons.fileupload","/Users/grantnelson/go/src/github.com/apache/commons-fileupload/src/main/java/org/apache/commons/fileupload/FileUploadBase.java","3","1491","Avoid long parameter lists (1 parameters - threshold is 1).","Design","ExcessiveParameterList"
"1","org.apache.commons.fileupload","/Users/grantnelson/go/src/github.com/apache/commons-fileupload/src/main/java/org/apache/commons/fileupload/FileUploadException.java","3","25","A value of 2 may denote a high amount of coupling within the class (threshold: 1)","Design","CouplingBetweenObjects"
"2","org.apache.commons.fileupload","/Users/grantnelson/go/src/github.com/apache/commons-fileupload/src/main/java/org/apache/commons/fileupload/FileUploadException.java","3","25","The class 'FileUploadException' has a NCSS line count of 22 (Highest = 5).","Design","NcssCount"
"3","org.apache.commons.fileupload","/Users/grantnelson/go/src/github.com/apache/commons-fileupload/src/main/java/org/apache/commons/fileupload/FileUploadException.java","3","25","The class 'FileUploadException' has a total cyclomatic complexity of 8 (highest 2).","Design","CyclomaticComplexity"
"4","org.apache.commons.fileupload","/Users/grantnelson/go/src/github.com/apache/commons-fileupload/src/main/java/org/apache/commons/fileupload/FileUploadException.java","3","25","This class has 6 public methods and attributes; current threshold is 1.","Design","ExcessivePublicCount"
"5","org.apache.commons.fileupload","/Users/grantnelson/go/src/github.com/apache/commons-fileupload/src/main/java/org/apache/commons/fileupload/FileUploadException.java","3","42","The constructor 'FileUploadException()' has a NCSS line count of 2.","Design","NcssCount"
"6","org.apache.commons.fileupload","/Users/grantnelson/go/src/github.com/apache/commons-fileupload/src/main/java/org/apache/commons/fileupload/FileUploadException.java","3","42","The constructor 'FileUploadException()' has a cyclomatic complexity of 1.","Design","CyclomaticComplexity"
"7","org.apache.commons.fileupload","/Users/grantnelson/go/src/github.com/apache/commons-fileupload/src/main/java/org/apache/commons/fileupload/FileUploadException.java","3","42","The constructor 'FileUploadException()' has an NPath complexity of 1, current threshold is 1","Design","NPathComplexity"
"8","org.apache.commons.fileupload","/Users/grantnelson/go/src/github.com/apache/commons-fileupload/src/main/java/org/apache/commons/fileupload/FileUploadException.java","3","52","The constructor 'FileUploadException(String)' has a NCSS line count of 2.","Design","NcssCount"
"9","org.apache.commons.fileupload","/Users/grantnelson/go/src/github.com/apache/commons-fileupload/src/main/java/org/apache/commons/fileupload/FileUploadException.java","3","52","The constructor 'FileUploadException(String)' has a cyclomatic complexity of 1.","Design","CyclomaticComplexity"
"10","org.apache.commons.fileupload","/Users/grantnelson/go/src/github.com/apache/commons-fileupload/src/main/java/org/apache/commons/fileupload/FileUploadException.java","3","52","The constructor 'FileUploadException(String)' has an NPath complexity of 1, current threshold is 1","Design","NPathComplexity"
"11","org.apache.commons.fileupload","/Users/grantnelson/go/src/github.com/apache/commons-fileupload/src/main/java/org/apache/commons/fileupload/FileUploadException.java","3","52","Avoid long parameter lists (1 parameters - threshold is 1).","Design","ExcessiveParameterList"
"12","org.apache.commons.fileupload","/Users/grantnelson/go/src/github.com/apache/commons-fileupload/src/main/java/org/apache/commons/fileupload/FileUploadException.java","3","63","The constructor 'FileUploadException(String, Throwable)' has a NCSS line count of 3.","Design","NcssCount"
"13","org.apache.commons.fileupload","/Users/grantnelson/go/src/github.com/apache/commons-fileupload/src/main/java/org/apache/commons/fileupload/FileUploadException.java","3","63","The constructor 'FileUploadException(String, Throwable)' has a cyclomatic complexity of 1.","Design","CyclomaticComplexity"
"14","org.apache.commons.fileupload","/Users/grantnelson/go/src/github.com/apache/commons-fileupload/src/main/java/org/apache/commons/fileupload/FileUploadException.java","3","63","The constructor 'FileUploadException(String, Throwable)' has an NPath complexity of 1, current threshold is 1","Design","NPathComplexity"
"15","org.apache.commons.fileupload","/Users/grantnelson/go/src/github.com/apache/commons-fileupload/src/main/java/org/apache/commons/fileupload/FileUploadException.java","3","63","Avoid long parameter lists (2 parameters - threshold is 1).","Design","ExcessiveParameterList"
"16","org.apache.commons.fileupload","/Users/grantnelson/go/src/github.com/apache/commons-fileupload/src/main/java/org/apache/commons/fileupload/FileUploadException.java","3","74","The method 'printStackTrace(PrintStream)' has a NCSS line count of 5.","Design","NcssCount"
"17","org.apache.commons.fileupload","/Users/grantnelson/go/src/github.com/apache/commons-fileupload/src/main/java/org/apache/commons/fileupload/FileUploadException.java","3","74","The method 'printStackTrace(PrintStream)' has a cognitive complexity of 1, current threshold is 1","Design","CognitiveComplexity"
"18","org.apache.commons.fileupload","/Users/grantnelson/go/src/github.com/apache/commons-fileupload/src/main/java/org/apache/commons/fileupload/FileUploadException.java","3","74","The method 'printStackTrace(PrintStream)' has a cyclomatic complexity of 2.","Design","CyclomaticComplexity"
"19","org.apache.commons.fileupload","/Users/grantnelson/go/src/github.com/apache/commons-fileupload/src/main/java/org/apache/commons/fileupload/FileUploadException.java","3","74","The method 'printStackTrace(PrintStream)' has an NPath complexity of 2, current threshold is 1","Design","NPathComplexity"
"20","org.apache.commons.fileupload","/Users/grantnelson/go/src/github.com/apache/commons-fileupload/src/main/java/org/apache/commons/fileupload/FileUploadException.java","3","74","Avoid long parameter lists (1 parameters - threshold is 1).","Design","ExcessiveParameterList"
"21","org.apache.commons.fileupload","/Users/grantnelson/go/src/github.com/apache/commons-fileupload/src/main/java/org/apache/commons/fileupload/FileUploadException.java","3","89","The method 'printStackTrace(PrintWriter)' has a NCSS line count of 5.","Design","NcssCount"
"22","org.apache.commons.fileupload","/Users/grantnelson/go/src/github.com/apache/commons-fileupload/src/main/java/org/apache/commons/fileupload/FileUploadException.java","3","89","The method 'printStackTrace(PrintWriter)' has a cognitive complexity of 1, current threshold is 1","Design","CognitiveComplexity"
"23","org.apache.commons.fileupload","/Users/grantnelson/go/src/github.com/apache/commons-fileupload/src/main/java/org/apache/commons/fileupload/FileUploadException.java","3","89","The method 'printStackTrace(PrintWriter)' has a cyclomatic complexity of 2.","Design","CyclomaticComplexity"
"24","org.apache.commons.fileupload","/Users/grantnelson/go/src/github.com/apache/commons-fileupload/src/main/java/org/apache/commons/fileupload/FileUploadException.java","3","89","The method 'printStackTrace(PrintWriter)' has an NPath complexity of 2, current threshold is 1","Design","NPathComplexity"
"25","org.apache.commons.fileupload","/Users/grantnelson/go/src/github.com/apache/commons-fileupload/src/main/java/org/apache/commons/fileupload/FileUploadException.java","3","89","Avoid long parameter lists (1 parameters - threshold is 1).","Design","ExcessiveParameterList"
"26","org.apache.commons.fileupload","/Users/grantnelson/go/src/github.com/apache/commons-fileupload/src/main/java/org/apache/commons/fileupload/FileUploadException.java","3","101","The method 'getCause()' has a NCSS line count of 2.","Design","NcssCount"
"27","org.apache.commons.fileupload","/Users/grantnelson/go/src/github.com/apache/commons-fileupload/src/main/java/org/apache/commons/fileupload/FileUploadException.java","3","101","The method 'getCause()' has a cyclomatic complexity of 1.","Design","CyclomaticComplexity"
"28","org.apache.commons.fileupload","/Users/grantnelson/go/src/github.com/apache/commons-fileupload/src/main/java/org/apache/commons/fileupload/FileUploadException.java","3","101","The method 'getCause()' has an NPath complexity of 1, current threshold is 1","Design","NPathComplexity"
"1","org.apache.commons.fileupload","/Users/grantnelson/go/src/github.com/apache/commons-fileupload/src/main/java/org/apache/commons/fileupload/InvalidFileNameException.java","3","29","The class 'InvalidFileNameException' has a NCSS line count of 8 (Highest = 3).","Design","NcssCount"
"2","org.apache.commons.fileupload","/Users/grantnelson/go/src/github.com/apache/commons-fileupload/src/main/java/org/apache/commons/fileupload/InvalidFileNameException.java","3","29","The class 'InvalidFileNameException' has a total cyclomatic complexity of 2 (highest 1).","Design","CyclomaticComplexity"
"3","org.apache.commons.fileupload","/Users/grantnelson/go/src/github.com/apache/commons-fileupload/src/main/java/org/apache/commons/fileupload/InvalidFileNameException.java","3","29","This class has 2 public methods and attributes; current threshold is 1.","Design","ExcessivePublicCount"
"4","org.apache.commons.fileupload","/Users/grantnelson/go/src/github.com/apache/commons-fileupload/src/main/java/org/apache/commons/fileupload/InvalidFileNameException.java","3","48","The constructor 'InvalidFileNameException(String, String)' has a NCSS line count of 3.","Design","NcssCount"
"5","org.apache.commons.fileupload","/Users/grantnelson/go/src/github.com/apache/commons-fileupload/src/main/java/org/apache/commons/fileupload/InvalidFileNameException.java","3","48","The constructor 'InvalidFileNameException(String, String)' has a cyclomatic complexity of 1.","Design","CyclomaticComplexity"
"6","org.apache.commons.fileupload","/Users/grantnelson/go/src/github.com/apache/commons-fileupload/src/main/java/org/apache/commons/fileupload/InvalidFileNameException.java","3","48","The constructor 'InvalidFileNameException(String, String)' has an NPath complexity of 1, current threshold is 1","Design","NPathComplexity"
"7","org.apache.commons.fileupload","/Users/grantnelson/go/src/github.com/apache/commons-fileupload/src/main/java/org/apache/commons/fileupload/InvalidFileNameException.java","3","48","Avoid long parameter lists (2 parameters - threshold is 1).","Design","ExcessiveParameterList"
"8","org.apache.commons.fileupload","/Users/grantnelson/go/src/github.com/apache/commons-fileupload/src/main/java/org/apache/commons/fileupload/InvalidFileNameException.java","3","58","The method 'getName()' has a NCSS line count of 2.","Design","NcssCount"
"9","org.apache.commons.fileupload","/Users/grantnelson/go/src/github.com/apache/commons-fileupload/src/main/java/org/apache/commons/fileupload/InvalidFileNameException.java","3","58","The method 'getName()' has a cyclomatic complexity of 1.","Design","CyclomaticComplexity"
"10","org.apache.commons.fileupload","/Users/grantnelson/go/src/github.com/apache/commons-fileupload/src/main/java/org/apache/commons/fileupload/InvalidFileNameException.java","3","58","The method 'getName()' has an NPath complexity of 1, current threshold is 1","Design","NPathComplexity"
"1","org.apache.commons.fileupload","/Users/grantnelson/go/src/github.com/apache/commons-fileupload/src/main/java/org/apache/commons/fileupload/MultipartStream.java","3","84","A value of 5 may denote a high amount of coupling within the class (threshold: 1)","Design","CouplingBetweenObjects"
"2","org.apache.commons.fileupload","/Users/grantnelson/go/src/github.com/apache/commons-fileupload/src/main/java/org/apache/commons/fileupload/MultipartStream.java","3","84","Possible God Class (WMC=59, ATFD=15, TCC=18.681%)","Design","GodClass"
"3","org.apache.commons.fileupload","/Users/grantnelson/go/src/github.com/apache/commons-fileupload/src/main/java/org/apache/commons/fileupload/MultipartStream.java","3","84","The class 'MultipartStream' has a NCSS line count of 292 (Highest = 26).","Design","NcssCount"
"4","org.apache.commons.fileupload","/Users/grantnelson/go/src/github.com/apache/commons-fileupload/src/main/java/org/apache/commons/fileupload/MultipartStream.java","3","84","The class 'MultipartStream' has a total cyclomatic complexity of 59 (highest 11).","Design","CyclomaticComplexity"
"5","org.apache.commons.fileupload","/Users/grantnelson/go/src/github.com/apache/commons-fileupload/src/main/java/org/apache/commons/fileupload/MultipartStream.java","3","84","This class has 18 public methods and attributes; current threshold is 1.","Design","ExcessivePublicCount"
"6","org.apache.commons.fileupload","/Users/grantnelson/go/src/github.com/apache/commons-fileupload/src/main/java/org/apache/commons/fileupload/MultipartStream.java","3","90","The class 'ProgressNotifier' has a NCSS line count of 17 (Highest = 3).","Design","NcssCount"
"7","org.apache.commons.fileupload","/Users/grantnelson/go/src/github.com/apache/commons-fileupload/src/main/java/org/apache/commons/fileupload/MultipartStream.java","3","90","The class 'ProgressNotifier' has a total cyclomatic complexity of 5 (highest 2).","Design","CyclomaticComplexity"
"8","org.apache.commons.fileupload","/Users/grantnelson/go/src/github.com/apache/commons-fileupload/src/main/java/org/apache/commons/fileupload/MultipartStream.java","3","119","The constructor 'ProgressNotifier(ProgressListener, long)' has a NCSS line count of 3.","Design","NcssCount"
"9","org.apache.commons.fileupload","/Users/grantnelson/go/src/github.com/apache/commons-fileupload/src/main/java/org/apache/commons/fileupload/MultipartStream.java","3","119","The constructor 'ProgressNotifier(ProgressListener, long)' has a cyclomatic complexity of 1.","Design","CyclomaticComplexity"
"10","org.apache.commons.fileupload","/Users/grantnelson/go/src/github.com/apache/commons-fileupload/src/main/java/org/apache/commons/fileupload/MultipartStream.java","3","119","The constructor 'ProgressNotifier(ProgressListener, long)' has an NPath complexity of 1, current threshold is 1","Design","NPathComplexity"
"11","org.apache.commons.fileupload","/Users/grantnelson/go/src/github.com/apache/commons-fileupload/src/main/java/org/apache/commons/fileupload/MultipartStream.java","3","119","Avoid long parameter lists (2 parameters - threshold is 1).","Design","ExcessiveParameterList"
"12","org.apache.commons.fileupload","/Users/grantnelson/go/src/github.com/apache/commons-fileupload/src/main/java/org/apache/commons/fileupload/MultipartStream.java","3","129","The method 'noteBytesRead(int)' has a NCSS line count of 3.","Design","NcssCount"
"13","org.apache.commons.fileupload","/Users/grantnelson/go/src/github.com/apache/commons-fileupload/src/main/java/org/apache/commons/fileupload/MultipartStream.java","3","129","The method 'noteBytesRead(int)' has a cyclomatic complexity of 1.","Design","CyclomaticComplexity"
"14","org.apache.commons.fileupload","/Users/grantnelson/go/src/github.com/apache/commons-fileupload/src/main/java/org/apache/commons/fileupload/MultipartStream.java","3","129","The method 'noteBytesRead(int)' has an NPath complexity of 1, current threshold is 1","Design","NPathComplexity"
"15","org.apache.commons.fileupload","/Users/grantnelson/go/src/github.com/apache/commons-fileupload/src/main/java/org/apache/commons/fileupload/MultipartStream.java","3","129","Avoid long parameter lists (1 parameters - threshold is 1).","Design","ExcessiveParameterList"
"16","org.apache.commons.fileupload","/Users/grantnelson/go/src/github.com/apache/commons-fileupload/src/main/java/org/apache/commons/fileupload/MultipartStream.java","3","140","The method 'noteItem()' has a NCSS line count of 3.","Design","NcssCount"
"17","org.apache.commons.fileupload","/Users/grantnelson/go/src/github.com/apache/commons-fileupload/src/main/java/org/apache/commons/fileupload/MultipartStream.java","3","140","The method 'noteItem()' has a cyclomatic complexity of 1.","Design","CyclomaticComplexity"
"18","org.apache.commons.fileupload","/Users/grantnelson/go/src/github.com/apache/commons-fileupload/src/main/java/org/apache/commons/fileupload/MultipartStream.java","3","140","The method 'noteItem()' has an NPath complexity of 1, current threshold is 1","Design","NPathComplexity"
"19","org.apache.commons.fileupload","/Users/grantnelson/go/src/github.com/apache/commons-fileupload/src/main/java/org/apache/commons/fileupload/MultipartStream.java","3","148","The method 'notifyListener()' has a NCSS line count of 3.","Design","NcssCount"
"20","org.apache.commons.fileupload","/Users/grantnelson/go/src/github.com/apache/commons-fileupload/src/main/java/org/apache/commons/fileupload/MultipartStream.java","3","148","The method 'notifyListener()' has a cognitive complexity of 1, current threshold is 1","Design","CognitiveComplexity"
"21","org.apache.commons.fileupload","/Users/grantnelson/go/src/github.com/apache/commons-fileupload/src/main/java/org/apache/commons/fileupload/MultipartStream.java","3","148","The method 'notifyListener()' has a cyclomatic complexity of 2.","Design","CyclomaticComplexity"
"22","org.apache.commons.fileupload","/Users/grantnelson/go/src/github.com/apache/commons-fileupload/src/main/java/org/apache/commons/fileupload/MultipartStream.java","3","148","The method 'notifyListener()' has an NPath complexity of 2, current threshold is 1","Design","NPathComplexity"
"23","org.apache.commons.fileupload","/Users/grantnelson/go/src/github.com/apache/commons-fileupload/src/main/java/org/apache/commons/fileupload/MultipartStream.java","3","278","The constructor 'MultipartStream()' has a NCSS line count of 2.","Design","NcssCount"
"24","org.apache.commons.fileupload","/Users/grantnelson/go/src/github.com/apache/commons-fileupload/src/main/java/org/apache/commons/fileupload/MultipartStream.java","3","278","The constructor 'MultipartStream()' has a cyclomatic complexity of 1.","Design","CyclomaticComplexity"
"25","org.apache.commons.fileupload","/Users/grantnelson/go/src/github.com/apache/commons-fileupload/src/main/java/org/apache/commons/fileupload/MultipartStream.java","3","278","The constructor 'MultipartStream()' has an NPath complexity of 1, current threshold is 1","Design","NPathComplexity"
"26","org.apache.commons.fileupload","/Users/grantnelson/go/src/github.com/apache/commons-fileupload/src/main/java/org/apache/commons/fileupload/MultipartStream.java","3","300","The constructor 'MultipartStream(InputStream, byte[], int)' has a NCSS line count of 2.","Design","NcssCount"
"27","org.apache.commons.fileupload","/Users/grantnelson/go/src/github.com/apache/commons-fileupload/src/main/java/org/apache/commons/fileupload/MultipartStream.java","3","300","The constructor 'MultipartStream(InputStream, byte[], int)' has a cyclomatic complexity of 1.","Design","CyclomaticComplexity"
"28","org.apache.commons.fileupload","/Users/grantnelson/go/src/github.com/apache/commons-fileupload/src/main/java/org/apache/commons/fileupload/MultipartStream.java","3","300","The constructor 'MultipartStream(InputStream, byte[], int)' has an NPath complexity of 1, current threshold is 1","Design","NPathComplexity"
"29","org.apache.commons.fileupload","/Users/grantnelson/go/src/github.com/apache/commons-fileupload/src/main/java/org/apache/commons/fileupload/MultipartStream.java","3","300","Avoid long parameter lists (3 parameters - threshold is 1).","Design","ExcessiveParameterList"
"30","org.apache.commons.fileupload","/Users/grantnelson/go/src/github.com/apache/commons-fileupload/src/main/java/org/apache/commons/fileupload/MultipartStream.java","3","323","The constructor 'MultipartStream(InputStream, byte[], int, ProgressNotifier)' has a NCSS line count of 18.","Design","NcssCount"
"31","org.apache.commons.fileupload","/Users/grantnelson/go/src/github.com/apache/commons-fileupload/src/main/java/org/apache/commons/fileupload/MultipartStream.java","3","323","The constructor 'MultipartStream(InputStream, byte[], int, ProgressNotifier)' has a cognitive complexity of 2, current threshold is 1","Design","CognitiveComplexity"
"32","org.apache.commons.fileupload","/Users/grantnelson/go/src/github.com/apache/commons-fileupload/src/main/java/org/apache/commons/fileupload/MultipartStream.java","3","323","The constructor 'MultipartStream(InputStream, byte[], int, ProgressNotifier)' has a cyclomatic complexity of 5.","Design","CyclomaticComplexity"
"33","org.apache.commons.fileupload","/Users/grantnelson/go/src/github.com/apache/commons-fileupload/src/main/java/org/apache/commons/fileupload/MultipartStream.java","3","323","The constructor 'MultipartStream(InputStream, byte[], int, ProgressNotifier)' has an NPath complexity of 3, current threshold is 1","Design","NPathComplexity"
"34","org.apache.commons.fileupload","/Users/grantnelson/go/src/github.com/apache/commons-fileupload/src/main/java/org/apache/commons/fileupload/MultipartStream.java","3","323","Avoid long parameter lists (4 parameters - threshold is 1).","Design","ExcessiveParameterList"
"35","org.apache.commons.fileupload","/Users/grantnelson/go/src/github.com/apache/commons-fileupload/src/main/java/org/apache/commons/fileupload/MultipartStream.java","3","369","The constructor 'MultipartStream(InputStream, byte[], ProgressNotifier)' has a NCSS line count of 2.","Design","NcssCount"
"36","org.apache.commons.fileupload","/Users/grantnelson/go/src/github.com/apache/commons-fileupload/src/main/java/org/apache/commons/fileupload/MultipartStream.java","3","369","The constructor 'MultipartStream(InputStream, byte[], ProgressNotifier)' has a cyclomatic complexity of 1.","Design","CyclomaticComplexity"
"37","org.apache.commons.fileupload","/Users/grantnelson/go/src/github.com/apache/commons-fileupload/src/main/java/org/apache/commons/fileupload/MultipartStream.java","3","369","The constructor 'MultipartStream(InputStream, byte[], ProgressNotifier)' has an NPath complexity of 1, current threshold is 1","Design","NPathComplexity"
"38","org.apache.commons.fileupload","/Users/grantnelson/go/src/github.com/apache/commons-fileupload/src/main/java/org/apache/commons/fileupload/MultipartStream.java","3","369","Avoid long parameter lists (3 parameters - threshold is 1).","Design","ExcessiveParameterList"
"39","org.apache.commons.fileupload","/Users/grantnelson/go/src/github.com/apache/commons-fileupload/src/main/java/org/apache/commons/fileupload/MultipartStream.java","3","386","The constructor 'MultipartStream(InputStream, byte[])' has a NCSS line count of 2.","Design","NcssCount"
"40","org.apache.commons.fileupload","/Users/grantnelson/go/src/github.com/apache/commons-fileupload/src/main/java/org/apache/commons/fileupload/MultipartStream.java","3","386","The constructor 'MultipartStream(InputStream, byte[])' has a cyclomatic complexity of 1.","Design","CyclomaticComplexity"
"41","org.apache.commons.fileupload","/Users/grantnelson/go/src/github.com/apache/commons-fileupload/src/main/java/org/apache/commons/fileupload/MultipartStream.java","3","386","The constructor 'MultipartStream(InputStream, byte[])' has an NPath complexity of 1, current threshold is 1","Design","NPathComplexity"
"42","org.apache.commons.fileupload","/Users/grantnelson/go/src/github.com/apache/commons-fileupload/src/main/java/org/apache/commons/fileupload/MultipartStream.java","3","386","Avoid long parameter lists (2 parameters - threshold is 1).","Design","ExcessiveParameterList"
"43","org.apache.commons.fileupload","/Users/grantnelson/go/src/github.com/apache/commons-fileupload/src/main/java/org/apache/commons/fileupload/MultipartStream.java","3","400","The method 'getHeaderEncoding()' has a NCSS line count of 2.","Design","NcssCount"
"44","org.apache.commons.fileupload","/Users/grantnelson/go/src/github.com/apache/commons-fileupload/src/main/java/org/apache/commons/fileupload/MultipartStream.java","3","400","The method 'getHeaderEncoding()' has a cyclomatic complexity of 1.","Design","CyclomaticComplexity"
"45","org.apache.commons.fileupload","/Users/grantnelson/go/src/github.com/apache/commons-fileupload/src/main/java/org/apache/commons/fileupload/MultipartStream.java","3","400","The method 'getHeaderEncoding()' has an NPath complexity of 1, current threshold is 1","Design","NPathComplexity"
"46","org.apache.commons.fileupload","/Users/grantnelson/go/src/github.com/apache/commons-fileupload/src/main/java/org/apache/commons/fileupload/MultipartStream.java","3","411","The method 'setHeaderEncoding(String)' has a NCSS line count of 2.","Design","NcssCount"
"47","org.apache.commons.fileupload","/Users/grantnelson/go/src/github.com/apache/commons-fileupload/src/main/java/org/apache/commons/fileupload/MultipartStream.java","3","411","The method 'setHeaderEncoding(String)' has a cyclomatic complexity of 1.","Design","CyclomaticComplexity"
"48","org.apache.commons.fileupload","/Users/grantnelson/go/src/github.com/apache/commons-fileupload/src/main/java/org/apache/commons/fileupload/MultipartStream.java","3","411","The method 'setHeaderEncoding(String)' has an NPath complexity of 1, current threshold is 1","Design","NPathComplexity"
"49","org.apache.commons.fileupload","/Users/grantnelson/go/src/github.com/apache/commons-fileupload/src/main/java/org/apache/commons/fileupload/MultipartStream.java","3","411","Avoid long parameter lists (1 parameters - threshold is 1).","Design","ExcessiveParameterList"
"50","org.apache.commons.fileupload","/Users/grantnelson/go/src/github.com/apache/commons-fileupload/src/main/java/org/apache/commons/fileupload/MultipartStream.java","3","423","The method 'readByte()' has a NCSS line count of 9.","Design","NcssCount"
"51","org.apache.commons.fileupload","/Users/grantnelson/go/src/github.com/apache/commons-fileupload/src/main/java/org/apache/commons/fileupload/MultipartStream.java","3","423","The method 'readByte()' has a cognitive complexity of 5, current threshold is 1","Design","CognitiveComplexity"
"52","org.apache.commons.fileupload","/Users/grantnelson/go/src/github.com/apache/commons-fileupload/src/main/java/org/apache/commons/fileupload/MultipartStream.java","3","423","The method 'readByte()' has a cyclomatic complexity of 5.","Design","CyclomaticComplexity"
"53","org.apache.commons.fileupload","/Users/grantnelson/go/src/github.com/apache/commons-fileupload/src/main/java/org/apache/commons/fileupload/MultipartStream.java","3","423","The method 'readByte()' has an NPath complexity of 4, current threshold is 1","Design","NPathComplexity"
"54","org.apache.commons.fileupload","/Users/grantnelson/go/src/github.com/apache/commons-fileupload/src/main/java/org/apache/commons/fileupload/MultipartStream.java","3","451","The method 'readBoundary()' has a NCSS line count of 20.","Design","NcssCount"
"55","org.apache.commons.fileupload","/Users/grantnelson/go/src/github.com/apache/commons-fileupload/src/main/java/org/apache/commons/fileupload/MultipartStream.java","3","451","The method 'readBoundary()' has a cognitive complexity of 6, current threshold is 1","Design","CognitiveComplexity"
"56","org.apache.commons.fileupload","/Users/grantnelson/go/src/github.com/apache/commons-fileupload/src/main/java/org/apache/commons/fileupload/MultipartStream.java","3","451","The method 'readBoundary()' has a cyclomatic complexity of 9.","Design","CyclomaticComplexity"
"57","org.apache.commons.fileupload","/Users/grantnelson/go/src/github.com/apache/commons-fileupload/src/main/java/org/apache/commons/fileupload/MultipartStream.java","3","451","The method 'readBoundary()' has an NPath complexity of 4, current threshold is 1","Design","NPathComplexity"
"58","org.apache.commons.fileupload","/Users/grantnelson/go/src/github.com/apache/commons-fileupload/src/main/java/org/apache/commons/fileupload/MultipartStream.java","3","506","The method 'setBoundary(byte[])' has a NCSS line count of 5.","Design","NcssCount"
"59","org.apache.commons.fileupload","/Users/grantnelson/go/src/github.com/apache/commons-fileupload/src/main/java/org/apache/commons/fileupload/MultipartStream.java","3","506","The method 'setBoundary(byte[])' has a cognitive complexity of 1, current threshold is 1","Design","CognitiveComplexity"
"60","org.apache.commons.fileupload","/Users/grantnelson/go/src/github.com/apache/commons-fileupload/src/main/java/org/apache/commons/fileupload/MultipartStream.java","3","506","The method 'setBoundary(byte[])' has a cyclomatic complexity of 3.","Design","CyclomaticComplexity"
"61","org.apache.commons.fileupload","/Users/grantnelson/go/src/github.com/apache/commons-fileupload/src/main/java/org/apache/commons/fileupload/MultipartStream.java","3","506","The method 'setBoundary(byte[])' has an NPath complexity of 2, current threshold is 1","Design","NPathComplexity"
"62","org.apache.commons.fileupload","/Users/grantnelson/go/src/github.com/apache/commons-fileupload/src/main/java/org/apache/commons/fileupload/MultipartStream.java","3","506","Avoid long parameter lists (1 parameters - threshold is 1).","Design","ExcessiveParameterList"
"63","org.apache.commons.fileupload","/Users/grantnelson/go/src/github.com/apache/commons-fileupload/src/main/java/org/apache/commons/fileupload/MultipartStream.java","3","520","The method 'computeBoundaryTable()' has a NCSS line count of 16.","Design","NcssCount"
"64","org.apache.commons.fileupload","/Users/grantnelson/go/src/github.com/apache/commons-fileupload/src/main/java/org/apache/commons/fileupload/MultipartStream.java","3","520","The method 'computeBoundaryTable()' has a cognitive complexity of 5, current threshold is 1","Design","CognitiveComplexity"
"65","org.apache.commons.fileupload","/Users/grantnelson/go/src/github.com/apache/commons-fileupload/src/main/java/org/apache/commons/fileupload/MultipartStream.java","3","520","The method 'computeBoundaryTable()' has a cyclomatic complexity of 4.","Design","CyclomaticComplexity"
"66","org.apache.commons.fileupload","/Users/grantnelson/go/src/github.com/apache/commons-fileupload/src/main/java/org/apache/commons/fileupload/MultipartStream.java","3","520","The method 'computeBoundaryTable()' has an NPath complexity of 4, current threshold is 1","Design","NPathComplexity"
"67","org.apache.commons.fileupload","/Users/grantnelson/go/src/github.com/apache/commons-fileupload/src/main/java/org/apache/commons/fileupload/MultipartStream.java","3","557","The method 'readHeaders()' has a NCSS line count of 26.","Design","NcssCount"
"68","org.apache.commons.fileupload","/Users/grantnelson/go/src/github.com/apache/commons-fileupload/src/main/java/org/apache/commons/fileupload/MultipartStream.java","3","557","The method 'readHeaders()' has a cognitive complexity of 14, current threshold is 1","Design","CognitiveComplexity"
"69","org.apache.commons.fileupload","/Users/grantnelson/go/src/github.com/apache/commons-fileupload/src/main/java/org/apache/commons/fileupload/MultipartStream.java","3","557","The method 'readHeaders()' has a cyclomatic complexity of 11.","Design","CyclomaticComplexity"
"70","org.apache.commons.fileupload","/Users/grantnelson/go/src/github.com/apache/commons-fileupload/src/main/java/org/apache/commons/fileupload/MultipartStream.java","3","557","The method 'readHeaders()' has an NPath complexity of 3, current threshold is 1","Design","NPathComplexity"
"71","org.apache.commons.fileupload","/Users/grantnelson/go/src/github.com/apache/commons-fileupload/src/main/java/org/apache/commons/fileupload/MultipartStream.java","3","620","The method 'readBodyData(OutputStream)' has a NCSS line count of 2.","Design","NcssCount"
"72","org.apache.commons.fileupload","/Users/grantnelson/go/src/github.com/apache/commons-fileupload/src/main/java/org/apache/commons/fileupload/MultipartStream.java","3","620","The method 'readBodyData(OutputStream)' has a cyclomatic complexity of 1.","Design","CyclomaticComplexity"
"73","org.apache.commons.fileupload","/Users/grantnelson/go/src/github.com/apache/commons-fileupload/src/main/java/org/apache/commons/fileupload/MultipartStream.java","3","620","The method 'readBodyData(OutputStream)' has an NPath complexity of 1, current threshold is 1","Design","NPathComplexity"
"74","org.apache.commons.fileupload","/Users/grantnelson/go/src/github.com/apache/commons-fileupload/src/main/java/org/apache/commons/fileupload/MultipartStream.java","3","620","Avoid long parameter lists (1 parameters - threshold is 1).","Design","ExcessiveParameterList"
"75","org.apache.commons.fileupload","/Users/grantnelson/go/src/github.com/apache/commons-fileupload/src/main/java/org/apache/commons/fileupload/MultipartStream.java","3","629","The method 'newInputStream()' has a NCSS line count of 2.","Design","NcssCount"
"76","org.apache.commons.fileupload","/Users/grantnelson/go/src/github.com/apache/commons-fileupload/src/main/java/org/apache/commons/fileupload/MultipartStream.java","3","629","The method 'newInputStream()' has a cyclomatic complexity of 1.","Design","CyclomaticComplexity"
"77","org.apache.commons.fileupload","/Users/grantnelson/go/src/github.com/apache/commons-fileupload/src/main/java/org/apache/commons/fileupload/MultipartStream.java","3","629","The method 'newInputStream()' has an NPath complexity of 1, current threshold is 1","Design","NPathComplexity"
"78","org.apache.commons.fileupload","/Users/grantnelson/go/src/github.com/apache/commons-fileupload/src/main/java/org/apache/commons/fileupload/MultipartStream.java","3","645","The method 'discardBodyData()' has a NCSS line count of 2.","Design","NcssCount"
"79","org.apache.commons.fileupload","/Users/grantnelson/go/src/github.com/apache/commons-fileupload/src/main/java/org/apache/commons/fileupload/MultipartStream.java","3","645","The method 'discardBodyData()' has a cyclomatic complexity of 1.","Design","CyclomaticComplexity"
"80","org.apache.commons.fileupload","/Users/grantnelson/go/src/github.com/apache/commons-fileupload/src/main/java/org/apache/commons/fileupload/MultipartStream.java","3","645","The method 'discardBodyData()' has an NPath complexity of 1, current threshold is 1","Design","NPathComplexity"
"81","org.apache.commons.fileupload","/Users/grantnelson/go/src/github.com/apache/commons-fileupload/src/main/java/org/apache/commons/fileupload/MultipartStream.java","3","657","The method 'skipPreamble()' has a NCSS line count of 14.","Design","NcssCount"
"82","org.apache.commons.fileupload","/Users/grantnelson/go/src/github.com/apache/commons-fileupload/src/main/java/org/apache/commons/fileupload/MultipartStream.java","3","657","The method 'skipPreamble()' has a cognitive complexity of 1, current threshold is 1","Design","CognitiveComplexity"
"83","org.apache.commons.fileupload","/Users/grantnelson/go/src/github.com/apache/commons-fileupload/src/main/java/org/apache/commons/fileupload/MultipartStream.java","3","657","The method 'skipPreamble()' has a cyclomatic complexity of 2.","Design","CyclomaticComplexity"
"84","org.apache.commons.fileupload","/Users/grantnelson/go/src/github.com/apache/commons-fileupload/src/main/java/org/apache/commons/fileupload/MultipartStream.java","3","657","The method 'skipPreamble()' has an NPath complexity of 1, current threshold is 1","Design","NPathComplexity"
"85","org.apache.commons.fileupload","/Users/grantnelson/go/src/github.com/apache/commons-fileupload/src/main/java/org/apache/commons/fileupload/MultipartStream.java","3","692","The method 'arrayequals(byte[], byte[], int)' has a NCSS line count of 5.","Design","NcssCount"
"86","org.apache.commons.fileupload","/Users/grantnelson/go/src/github.com/apache/commons-fileupload/src/main/java/org/apache/commons/fileupload/MultipartStream.java","3","692","The method 'arrayequals(byte[], byte[], int)' has a cognitive complexity of 3, current threshold is 1","Design","CognitiveComplexity"
"87","org.apache.commons.fileupload","/Users/grantnelson/go/src/github.com/apache/commons-fileupload/src/main/java/org/apache/commons/fileupload/MultipartStream.java","3","692","The method 'arrayequals(byte[], byte[], int)' has a cyclomatic complexity of 3.","Design","CyclomaticComplexity"
"88","org.apache.commons.fileupload","/Users/grantnelson/go/src/github.com/apache/commons-fileupload/src/main/java/org/apache/commons/fileupload/MultipartStream.java","3","692","The method 'arrayequals(byte[], byte[], int)' has an NPath complexity of 3, current threshold is 1","Design","NPathComplexity"
"89","org.apache.commons.fileupload","/Users/grantnelson/go/src/github.com/apache/commons-fileupload/src/main/java/org/apache/commons/fileupload/MultipartStream.java","3","692","Avoid long parameter lists (3 parameters - threshold is 1).","Design","ExcessiveParameterList"
"90","org.apache.commons.fileupload","/Users/grantnelson/go/src/github.com/apache/commons-fileupload/src/main/java/org/apache/commons/fileupload/MultipartStream.java","3","713","The method 'findByte(byte, int)' has a NCSS line count of 5.","Design","NcssCount"
"91","org.apache.commons.fileupload","/Users/grantnelson/go/src/github.com/apache/commons-fileupload/src/main/java/org/apache/commons/fileupload/MultipartStream.java","3","713","The method 'findByte(byte, int)' has a cognitive complexity of 3, current threshold is 1","Design","CognitiveComplexity"
"92","org.apache.commons.fileupload","/Users/grantnelson/go/src/github.com/apache/commons-fileupload/src/main/java/org/apache/commons/fileupload/MultipartStream.java","3","713","The method 'findByte(byte, int)' has a cyclomatic complexity of 3.","Design","CyclomaticComplexity"
"93","org.apache.commons.fileupload","/Users/grantnelson/go/src/github.com/apache/commons-fileupload/src/main/java/org/apache/commons/fileupload/MultipartStream.java","3","713","The method 'findByte(byte, int)' has an NPath complexity of 3, current threshold is 1","Design","NPathComplexity"
"94","org.apache.commons.fileupload","/Users/grantnelson/go/src/github.com/apache/commons-fileupload/src/main/java/org/apache/commons/fileupload/MultipartStream.java","3","713","Avoid long parameter lists (2 parameters - threshold is 1).","Design","ExcessiveParameterList"
"95","org.apache.commons.fileupload","/Users/grantnelson/go/src/github.com/apache/commons-fileupload/src/main/java/org/apache/commons/fileupload/MultipartStream.java","3","732","The method 'findSeparator()' has a NCSS line count of 11.","Design","NcssCount"
"96","org.apache.commons.fileupload","/Users/grantnelson/go/src/github.com/apache/commons-fileupload/src/main/java/org/apache/commons/fileupload/MultipartStream.java","3","732","The method 'findSeparator()' has a cognitive complexity of 6, current threshold is 1","Design","CognitiveComplexity"
"97","org.apache.commons.fileupload","/Users/grantnelson/go/src/github.com/apache/commons-fileupload/src/main/java/org/apache/commons/fileupload/MultipartStream.java","3","732","The method 'findSeparator()' has a cyclomatic complexity of 5.","Design","CyclomaticComplexity"
"98","org.apache.commons.fileupload","/Users/grantnelson/go/src/github.com/apache/commons-fileupload/src/main/java/org/apache/commons/fileupload/MultipartStream.java","3","732","The method 'findSeparator()' has an NPath complexity of 7, current threshold is 1","Design","NPathComplexity"
"99","org.apache.commons.fileupload","/Users/grantnelson/go/src/github.com/apache/commons-fileupload/src/main/java/org/apache/commons/fileupload/MultipartStream.java","3","754","The class 'MalformedStreamException' has a NCSS line count of 6 (Highest = 2).","Design","NcssCount"
"100","org.apache.commons.fileupload","/Users/grantnelson/go/src/github.com/apache/commons-fileupload/src/main/java/org/apache/commons/fileupload/MultipartStream.java","3","754","The class 'MalformedStreamException' has a total cyclomatic complexity of 2 (highest 1).","Design","CyclomaticComplexity"
"101","org.apache.commons.fileupload","/Users/grantnelson/go/src/github.com/apache/commons-fileupload/src/main/java/org/apache/commons/fileupload/MultipartStream.java","3","754","This class has 2 public methods and attributes; current threshold is 1.","Design","ExcessivePublicCount"
"102","org.apache.commons.fileupload","/Users/grantnelson/go/src/github.com/apache/commons-fileupload/src/main/java/org/apache/commons/fileupload/MultipartStream.java","3","765","The constructor 'MalformedStreamException()' has a NCSS line count of 2.","Design","NcssCount"
"103","org.apache.commons.fileupload","/Users/grantnelson/go/src/github.com/apache/commons-fileupload/src/main/java/org/apache/commons/fileupload/MultipartStream.java","3","765","The constructor 'MalformedStreamException()' has a cyclomatic complexity of 1.","Design","CyclomaticComplexity"
"104","org.apache.commons.fileupload","/Users/grantnelson/go/src/github.com/apache/commons-fileupload/src/main/java/org/apache/commons/fileupload/MultipartStream.java","3","765","The constructor 'MalformedStreamException()' has an NPath complexity of 1, current threshold is 1","Design","NPathComplexity"
"105","org.apache.commons.fileupload","/Users/grantnelson/go/src/github.com/apache/commons-fileupload/src/main/java/org/apache/commons/fileupload/MultipartStream.java","3","775","The constructor 'MalformedStreamException(String)' has a NCSS line count of 2.","Design","NcssCount"
"106","org.apache.commons.fileupload","/Users/grantnelson/go/src/github.com/apache/commons-fileupload/src/main/java/org/apache/commons/fileupload/MultipartStream.java","3","775","The constructor 'MalformedStreamException(String)' has a cyclomatic complexity of 1.","Design","CyclomaticComplexity"
"107","org.apache.commons.fileupload","/Users/grantnelson/go/src/github.com/apache/commons-fileupload/src/main/java/org/apache/commons/fileupload/MultipartStream.java","3","775","The constructor 'MalformedStreamException(String)' has an NPath complexity of 1, current threshold is 1","Design","NPathComplexity"
"108","org.apache.commons.fileupload","/Users/grantnelson/go/src/github.com/apache/commons-fileupload/src/main/java/org/apache/commons/fileupload/MultipartStream.java","3","775","Avoid long parameter lists (1 parameters - threshold is 1).","Design","ExcessiveParameterList"
"109","org.apache.commons.fileupload","/Users/grantnelson/go/src/github.com/apache/commons-fileupload/src/main/java/org/apache/commons/fileupload/MultipartStream.java","3","784","The class 'IllegalBoundaryException' has a NCSS line count of 6 (Highest = 2).","Design","NcssCount"
"110","org.apache.commons.fileupload","/Users/grantnelson/go/src/github.com/apache/commons-fileupload/src/main/java/org/apache/commons/fileupload/MultipartStream.java","3","784","The class 'IllegalBoundaryException' has a total cyclomatic complexity of 2 (highest 1).","Design","CyclomaticComplexity"
"111","org.apache.commons.fileupload","/Users/grantnelson/go/src/github.com/apache/commons-fileupload/src/main/java/org/apache/commons/fileupload/MultipartStream.java","3","784","This class has 2 public methods and attributes; current threshold is 1.","Design","ExcessivePublicCount"
"112","org.apache.commons.fileupload","/Users/grantnelson/go/src/github.com/apache/commons-fileupload/src/main/java/org/apache/commons/fileupload/MultipartStream.java","3","795","The constructor 'IllegalBoundaryException()' has a NCSS line count of 2.","Design","NcssCount"
"113","org.apache.commons.fileupload","/Users/grantnelson/go/src/github.com/apache/commons-fileupload/src/main/java/org/apache/commons/fileupload/MultipartStream.java","3","795","The constructor 'IllegalBoundaryException()' has a cyclomatic complexity of 1.","Design","CyclomaticComplexity"
"114","org.apache.commons.fileupload","/Users/grantnelson/go/src/github.com/apache/commons-fileupload/src/main/java/org/apache/commons/fileupload/MultipartStream.java","3","795","The constructor 'IllegalBoundaryException()' has an NPath complexity of 1, current threshold is 1","Design","NPathComplexity"
"115","org.apache.commons.fileupload","/Users/grantnelson/go/src/github.com/apache/commons-fileupload/src/main/java/org/apache/commons/fileupload/MultipartStream.java","3","805","The constructor 'IllegalBoundaryException(String)' has a NCSS line count of 2.","Design","NcssCount"
"116","org.apache.commons.fileupload","/Users/grantnelson/go/src/github.com/apache/commons-fileupload/src/main/java/org/apache/commons/fileupload/MultipartStream.java","3","805","The constructor 'IllegalBoundaryException(String)' has a cyclomatic complexity of 1.","Design","CyclomaticComplexity"
"117","org.apache.commons.fileupload","/Users/grantnelson/go/src/github.com/apache/commons-fileupload/src/main/java/org/apache/commons/fileupload/MultipartStream.java","3","805","The constructor 'IllegalBoundaryException(String)' has an NPath complexity of 1, current threshold is 1","Design","NPathComplexity"
"118","org.apache.commons.fileupload","/Users/grantnelson/go/src/github.com/apache/commons-fileupload/src/main/java/org/apache/commons/fileupload/MultipartStream.java","3","805","Avoid long parameter lists (1 parameters - threshold is 1).","Design","ExcessiveParameterList"
"119","org.apache.commons.fileupload","/Users/grantnelson/go/src/github.com/apache/commons-fileupload/src/main/java/org/apache/commons/fileupload/MultipartStream.java","3","814","The class 'ItemInputStream' has a NCSS line count of 95 (Highest = 19).","Design","NcssCount"
"120","org.apache.commons.fileupload","/Users/grantnelson/go/src/github.com/apache/commons-fileupload/src/main/java/org/apache/commons/fileupload/MultipartStream.java","3","814","The class 'ItemInputStream' has a total cyclomatic complexity of 40 (highest 8).","Design","CyclomaticComplexity"
"121","org.apache.commons.fileupload","/Users/grantnelson/go/src/github.com/apache/commons-fileupload/src/main/java/org/apache/commons/fileupload/MultipartStream.java","3","814","This class has 8 public methods and attributes; current threshold is 1.","Design","ExcessivePublicCount"
"122","org.apache.commons.fileupload","/Users/grantnelson/go/src/github.com/apache/commons-fileupload/src/main/java/org/apache/commons/fileupload/MultipartStream.java","3","840","The constructor 'ItemInputStream()' has a NCSS line count of 2.","Design","NcssCount"
"123","org.apache.commons.fileupload","/Users/grantnelson/go/src/github.com/apache/commons-fileupload/src/main/java/org/apache/commons/fileupload/MultipartStream.java","3","840","The constructor 'ItemInputStream()' has a cyclomatic complexity of 1.","Design","CyclomaticComplexity"
"124","org.apache.commons.fileupload","/Users/grantnelson/go/src/github.com/apache/commons-fileupload/src/main/java/org/apache/commons/fileupload/MultipartStream.java","3","840","The constructor 'ItemInputStream()' has an NPath complexity of 1, current threshold is 1","Design","NPathComplexity"
"125","org.apache.commons.fileupload","/Users/grantnelson/go/src/github.com/apache/commons-fileupload/src/main/java/org/apache/commons/fileupload/MultipartStream.java","3","847","The method 'findSeparator()' has a NCSS line count of 7.","Design","NcssCount"
"126","org.apache.commons.fileupload","/Users/grantnelson/go/src/github.com/apache/commons-fileupload/src/main/java/org/apache/commons/fileupload/MultipartStream.java","3","847","The method 'findSeparator()' has a cognitive complexity of 4, current threshold is 1","Design","CognitiveComplexity"
"127","org.apache.commons.fileupload","/Users/grantnelson/go/src/github.com/apache/commons-fileupload/src/main/java/org/apache/commons/fileupload/MultipartStream.java","3","847","The method 'findSeparator()' has a cyclomatic complexity of 3.","Design","CyclomaticComplexity"
"128","org.apache.commons.fileupload","/Users/grantnelson/go/src/github.com/apache/commons-fileupload/src/main/java/org/apache/commons/fileupload/MultipartStream.java","3","847","The method 'findSeparator()' has an NPath complexity of 3, current threshold is 1","Design","NPathComplexity"
"129","org.apache.commons.fileupload","/Users/grantnelson/go/src/github.com/apache/commons-fileupload/src/main/java/org/apache/commons/fileupload/MultipartStream.java","3","864","The method 'getBytesRead()' has a NCSS line count of 2.","Design","NcssCount"
"130","org.apache.commons.fileupload","/Users/grantnelson/go/src/github.com/apache/commons-fileupload/src/main/java/org/apache/commons/fileupload/MultipartStream.java","3","864","The method 'getBytesRead()' has a cyclomatic complexity of 1.","Design","CyclomaticComplexity"
"131","org.apache.commons.fileupload","/Users/grantnelson/go/src/github.com/apache/commons-fileupload/src/main/java/org/apache/commons/fileupload/MultipartStream.java","3","864","The method 'getBytesRead()' has an NPath complexity of 1, current threshold is 1","Design","NPathComplexity"
"132","org.apache.commons.fileupload","/Users/grantnelson/go/src/github.com/apache/commons-fileupload/src/main/java/org/apache/commons/fileupload/MultipartStream.java","3","876","The method 'available()' has a NCSS line count of 4.","Design","NcssCount"
"133","org.apache.commons.fileupload","/Users/grantnelson/go/src/github.com/apache/commons-fileupload/src/main/java/org/apache/commons/fileupload/MultipartStream.java","3","876","The method 'available()' has a cognitive complexity of 1, current threshold is 1","Design","CognitiveComplexity"
"134","org.apache.commons.fileupload","/Users/grantnelson/go/src/github.com/apache/commons-fileupload/src/main/java/org/apache/commons/fileupload/MultipartStream.java","3","876","The method 'available()' has a cyclomatic complexity of 2.","Design","CyclomaticComplexity"
"135","org.apache.commons.fileupload","/Users/grantnelson/go/src/github.com/apache/commons-fileupload/src/main/java/org/apache/commons/fileupload/MultipartStream.java","3","876","The method 'available()' has an NPath complexity of 2, current threshold is 1","Design","NPathComplexity"
"136","org.apache.commons.fileupload","/Users/grantnelson/go/src/github.com/apache/commons-fileupload/src/main/java/org/apache/commons/fileupload/MultipartStream.java","3","896","The method 'read()' has a NCSS line count of 10.","Design","NcssCount"
"137","org.apache.commons.fileupload","/Users/grantnelson/go/src/github.com/apache/commons-fileupload/src/main/java/org/apache/commons/fileupload/MultipartStream.java","3","896","The method 'read()' has a cognitive complexity of 4, current threshold is 1","Design","CognitiveComplexity"
"138","org.apache.commons.fileupload","/Users/grantnelson/go/src/github.com/apache/commons-fileupload/src/main/java/org/apache/commons/fileupload/MultipartStream.java","3","896","The method 'read()' has a cyclomatic complexity of 6.","Design","CyclomaticComplexity"
"139","org.apache.commons.fileupload","/Users/grantnelson/go/src/github.com/apache/commons-fileupload/src/main/java/org/apache/commons/fileupload/MultipartStream.java","3","896","The method 'read()' has an NPath complexity of 6, current threshold is 1","Design","NPathComplexity"
"140","org.apache.commons.fileupload","/Users/grantnelson/go/src/github.com/apache/commons-fileupload/src/main/java/org/apache/commons/fileupload/MultipartStream.java","3","922","The method 'read(byte[], int, int)' has a NCSS line count of 15.","Design","NcssCount"
"141","org.apache.commons.fileupload","/Users/grantnelson/go/src/github.com/apache/commons-fileupload/src/main/java/org/apache/commons/fileupload/MultipartStream.java","3","922","The method 'read(byte[], int, int)' has a cognitive complexity of 5, current threshold is 1","Design","CognitiveComplexity"
"142","org.apache.commons.fileupload","/Users/grantnelson/go/src/github.com/apache/commons-fileupload/src/main/java/org/apache/commons/fileupload/MultipartStream.java","3","922","The method 'read(byte[], int, int)' has a cyclomatic complexity of 6.","Design","CyclomaticComplexity"
"143","org.apache.commons.fileupload","/Users/grantnelson/go/src/github.com/apache/commons-fileupload/src/main/java/org/apache/commons/fileupload/MultipartStream.java","3","922","The method 'read(byte[], int, int)' has an NPath complexity of 5, current threshold is 1","Design","NPathComplexity"
"144","org.apache.commons.fileupload","/Users/grantnelson/go/src/github.com/apache/commons-fileupload/src/main/java/org/apache/commons/fileupload/MultipartStream.java","3","922","Avoid long parameter lists (3 parameters - threshold is 1).","Design","ExcessiveParameterList"
"145","org.apache.commons.fileupload","/Users/grantnelson/go/src/github.com/apache/commons-fileupload/src/main/java/org/apache/commons/fileupload/MultipartStream.java","3","949","The method 'close()' has a NCSS line count of 2.","Design","NcssCount"
"146","org.apache.commons.fileupload","/Users/grantnelson/go/src/github.com/apache/commons-fileupload/src/main/java/org/apache/commons/fileupload/MultipartStream.java","3","949","The method 'close()' has a cyclomatic complexity of 1.","Design","CyclomaticComplexity"
"147","org.apache.commons.fileupload","/Users/grantnelson/go/src/github.com/apache/commons-fileupload/src/main/java/org/apache/commons/fileupload/MultipartStream.java","3","949","The method 'close()' has an NPath complexity of 1, current threshold is 1","Design","NPathComplexity"
"148","org.apache.commons.fileupload","/Users/grantnelson/go/src/github.com/apache/commons-fileupload/src/main/java/org/apache/commons/fileupload/MultipartStream.java","3","960","The method 'close(boolean)' has a NCSS line count of 15.","Design","NcssCount"
"149","org.apache.commons.fileupload","/Users/grantnelson/go/src/github.com/apache/commons-fileupload/src/main/java/org/apache/commons/fileupload/MultipartStream.java","3","960","The method 'close(boolean)' has a cognitive complexity of 12, current threshold is 1","Design","CognitiveComplexity"
"150","org.apache.commons.fileupload","/Users/grantnelson/go/src/github.com/apache/commons-fileupload/src/main/java/org/apache/commons/fileupload/MultipartStream.java","3","960","The method 'close(boolean)' has a cyclomatic complexity of 6.","Design","CyclomaticComplexity"
"151","org.apache.commons.fileupload","/Users/grantnelson/go/src/github.com/apache/commons-fileupload/src/main/java/org/apache/commons/fileupload/MultipartStream.java","3","960","The method 'close(boolean)' has an NPath complexity of 5, current threshold is 1","Design","NPathComplexity"
"152","org.apache.commons.fileupload","/Users/grantnelson/go/src/github.com/apache/commons-fileupload/src/main/java/org/apache/commons/fileupload/MultipartStream.java","3","960","Avoid long parameter lists (1 parameters - threshold is 1).","Design","ExcessiveParameterList"
"153","org.apache.commons.fileupload","/Users/grantnelson/go/src/github.com/apache/commons-fileupload/src/main/java/org/apache/commons/fileupload/MultipartStream.java","3","991","The method 'skip(long)' has a NCSS line count of 11.","Design","NcssCount"
"154","org.apache.commons.fileupload","/Users/grantnelson/go/src/github.com/apache/commons-fileupload/src/main/java/org/apache/commons/fileupload/MultipartStream.java","3","991","The method 'skip(long)' has a cognitive complexity of 4, current threshold is 1","Design","CognitiveComplexity"
"155","org.apache.commons.fileupload","/Users/grantnelson/go/src/github.com/apache/commons-fileupload/src/main/java/org/apache/commons/fileupload/MultipartStream.java","3","991","The method 'skip(long)' has a cyclomatic complexity of 5.","Design","CyclomaticComplexity"
"156","org.apache.commons.fileupload","/Users/grantnelson/go/src/github.com/apache/commons-fileupload/src/main/java/org/apache/commons/fileupload/MultipartStream.java","3","991","The method 'skip(long)' has an NPath complexity of 4, current threshold is 1","Design","NPathComplexity"
"157","org.apache.commons.fileupload","/Users/grantnelson/go/src/github.com/apache/commons-fileupload/src/main/java/org/apache/commons/fileupload/MultipartStream.java","3","991","Avoid long parameter lists (1 parameters - threshold is 1).","Design","ExcessiveParameterList"
"158","org.apache.commons.fileupload","/Users/grantnelson/go/src/github.com/apache/commons-fileupload/src/main/java/org/apache/commons/fileupload/MultipartStream.java","3","1013","The method 'makeAvailable()' has a NCSS line count of 19.","Design","NcssCount"
"159","org.apache.commons.fileupload","/Users/grantnelson/go/src/github.com/apache/commons-fileupload/src/main/java/org/apache/commons/fileupload/MultipartStream.java","3","1013","The method 'makeAvailable()' has a cognitive complexity of 9, current threshold is 1","Design","CognitiveComplexity"
"160","org.apache.commons.fileupload","/Users/grantnelson/go/src/github.com/apache/commons-fileupload/src/main/java/org/apache/commons/fileupload/MultipartStream.java","3","1013","The method 'makeAvailable()' has a cyclomatic complexity of 8.","Design","CyclomaticComplexity"
"161","org.apache.commons.fileupload","/Users/grantnelson/go/src/github.com/apache/commons-fileupload/src/main/java/org/apache/commons/fileupload/MultipartStream.java","3","1013","The method 'makeAvailable()' has an NPath complexity of 8, current threshold is 1","Design","NPathComplexity"
"162","org.apache.commons.fileupload","/Users/grantnelson/go/src/github.com/apache/commons-fileupload/src/main/java/org/apache/commons/fileupload/MultipartStream.java","3","1054","The method 'isClosed()' has a NCSS line count of 2.","Design","NcssCount"
"163","org.apache.commons.fileupload","/Users/grantnelson/go/src/github.com/apache/commons-fileupload/src/main/java/org/apache/commons/fileupload/MultipartStream.java","3","1054","The method 'isClosed()' has a cyclomatic complexity of 1.","Design","CyclomaticComplexity"
"164","org.apache.commons.fileupload","/Users/grantnelson/go/src/github.com/apache/commons-fileupload/src/main/java/org/apache/commons/fileupload/MultipartStream.java","3","1054","The method 'isClosed()' has an NPath complexity of 1, current threshold is 1","Design","NPathComplexity"
"1","org.apache.commons.fileupload","/Users/grantnelson/go/src/github.com/apache/commons-fileupload/src/main/java/org/apache/commons/fileupload/ParameterParser.java","3","37","A value of 2 may denote a high amount of coupling within the class (threshold: 1)","Design","CouplingBetweenObjects"
"2","org.apache.commons.fileupload","/Users/grantnelson/go/src/github.com/apache/commons-fileupload/src/main/java/org/apache/commons/fileupload/ParameterParser.java","3","37","The class 'ParameterParser' has a NCSS line count of 106 (Highest = 25).","Design","NcssCount"
"3","org.apache.commons.fileupload","/Users/grantnelson/go/src/github.com/apache/commons-fileupload/src/main/java/org/apache/commons/fileupload/ParameterParser.java","3","37","The class 'ParameterParser' has a total cyclomatic complexity of 49 (highest 12).","Design","CyclomaticComplexity"
"4","org.apache.commons.fileupload","/Users/grantnelson/go/src/github.com/apache/commons-fileupload/src/main/java/org/apache/commons/fileupload/ParameterParser.java","3","37","This class has 7 public methods and attributes; current threshold is 1.","Design","ExcessivePublicCount"
"5","org.apache.commons.fileupload","/Users/grantnelson/go/src/github.com/apache/commons-fileupload/src/main/java/org/apache/commons/fileupload/ParameterParser.java","3","72","The constructor 'ParameterParser()' has a NCSS line count of 2.","Design","NcssCount"
"6","org.apache.commons.fileupload","/Users/grantnelson/go/src/github.com/apache/commons-fileupload/src/main/java/org/apache/commons/fileupload/ParameterParser.java","3","72","The constructor 'ParameterParser()' has a cyclomatic complexity of 1.","Design","CyclomaticComplexity"
"7","org.apache.commons.fileupload","/Users/grantnelson/go/src/github.com/apache/commons-fileupload/src/main/java/org/apache/commons/fileupload/ParameterParser.java","3","72","The constructor 'ParameterParser()' has an NPath complexity of 1, current threshold is 1","Design","NPathComplexity"
"8","org.apache.commons.fileupload","/Users/grantnelson/go/src/github.com/apache/commons-fileupload/src/main/java/org/apache/commons/fileupload/ParameterParser.java","3","82","The method 'hasChar()' has a NCSS line count of 2.","Design","NcssCount"
"9","org.apache.commons.fileupload","/Users/grantnelson/go/src/github.com/apache/commons-fileupload/src/main/java/org/apache/commons/fileupload/ParameterParser.java","3","82","The method 'hasChar()' has a cyclomatic complexity of 1.","Design","CyclomaticComplexity"
"10","org.apache.commons.fileupload","/Users/grantnelson/go/src/github.com/apache/commons-fileupload/src/main/java/org/apache/commons/fileupload/ParameterParser.java","3","82","The method 'hasChar()' has an NPath complexity of 1, current threshold is 1","Design","NPathComplexity"
"11","org.apache.commons.fileupload","/Users/grantnelson/go/src/github.com/apache/commons-fileupload/src/main/java/org/apache/commons/fileupload/ParameterParser.java","3","95","The method 'getToken(boolean)' has a NCSS line count of 12.","Design","NcssCount"
"12","org.apache.commons.fileupload","/Users/grantnelson/go/src/github.com/apache/commons-fileupload/src/main/java/org/apache/commons/fileupload/ParameterParser.java","3","95","The method 'getToken(boolean)' has a cognitive complexity of 7, current threshold is 1","Design","CognitiveComplexity"
"13","org.apache.commons.fileupload","/Users/grantnelson/go/src/github.com/apache/commons-fileupload/src/main/java/org/apache/commons/fileupload/ParameterParser.java","3","95","The method 'getToken(boolean)' has a cyclomatic complexity of 10.","Design","CyclomaticComplexity"
"14","org.apache.commons.fileupload","/Users/grantnelson/go/src/github.com/apache/commons-fileupload/src/main/java/org/apache/commons/fileupload/ParameterParser.java","3","95","The method 'getToken(boolean)' has an NPath complexity of 90, current threshold is 1","Design","NPathComplexity"
"15","org.apache.commons.fileupload","/Users/grantnelson/go/src/github.com/apache/commons-fileupload/src/main/java/org/apache/commons/fileupload/ParameterParser.java","3","95","Avoid long parameter lists (1 parameters - threshold is 1).","Design","ExcessiveParameterList"
"16","org.apache.commons.fileupload","/Users/grantnelson/go/src/github.com/apache/commons-fileupload/src/main/java/org/apache/commons/fileupload/ParameterParser.java","3","128","The method 'isOneOf(char, char[])' has a NCSS line count of 7.","Design","NcssCount"
"17","org.apache.commons.fileupload","/Users/grantnelson/go/src/github.com/apache/commons-fileupload/src/main/java/org/apache/commons/fileupload/ParameterParser.java","3","128","The method 'isOneOf(char, char[])' has a cognitive complexity of 3, current threshold is 1","Design","CognitiveComplexity"
"18","org.apache.commons.fileupload","/Users/grantnelson/go/src/github.com/apache/commons-fileupload/src/main/java/org/apache/commons/fileupload/ParameterParser.java","3","128","The method 'isOneOf(char, char[])' has a cyclomatic complexity of 3.","Design","CyclomaticComplexity"
"19","org.apache.commons.fileupload","/Users/grantnelson/go/src/github.com/apache/commons-fileupload/src/main/java/org/apache/commons/fileupload/ParameterParser.java","3","128","The method 'isOneOf(char, char[])' has an NPath complexity of 3, current threshold is 1","Design","NPathComplexity"
"20","org.apache.commons.fileupload","/Users/grantnelson/go/src/github.com/apache/commons-fileupload/src/main/java/org/apache/commons/fileupload/ParameterParser.java","3","128","Avoid long parameter lists (2 parameters - threshold is 1).","Design","ExcessiveParameterList"
"21","org.apache.commons.fileupload","/Users/grantnelson/go/src/github.com/apache/commons-fileupload/src/main/java/org/apache/commons/fileupload/ParameterParser.java","3","148","The method 'parseToken(char[])' has a NCSS line count of 11.","Design","NcssCount"
"22","org.apache.commons.fileupload","/Users/grantnelson/go/src/github.com/apache/commons-fileupload/src/main/java/org/apache/commons/fileupload/ParameterParser.java","3","148","The method 'parseToken(char[])' has a cognitive complexity of 3, current threshold is 1","Design","CognitiveComplexity"
"23","org.apache.commons.fileupload","/Users/grantnelson/go/src/github.com/apache/commons-fileupload/src/main/java/org/apache/commons/fileupload/ParameterParser.java","3","148","The method 'parseToken(char[])' has a cyclomatic complexity of 3.","Design","CyclomaticComplexity"
"24","org.apache.commons.fileupload","/Users/grantnelson/go/src/github.com/apache/commons-fileupload/src/main/java/org/apache/commons/fileupload/ParameterParser.java","3","148","The method 'parseToken(char[])' has an NPath complexity of 3, current threshold is 1","Design","NPathComplexity"
"25","org.apache.commons.fileupload","/Users/grantnelson/go/src/github.com/apache/commons-fileupload/src/main/java/org/apache/commons/fileupload/ParameterParser.java","3","148","Avoid long parameter lists (1 parameters - threshold is 1).","Design","ExcessiveParameterList"
"26","org.apache.commons.fileupload","/Users/grantnelson/go/src/github.com/apache/commons-fileupload/src/main/java/org/apache/commons/fileupload/ParameterParser.java","3","173","The method 'parseQuotedToken(char[])' has a NCSS line count of 16.","Design","NcssCount"
"27","org.apache.commons.fileupload","/Users/grantnelson/go/src/github.com/apache/commons-fileupload/src/main/java/org/apache/commons/fileupload/ParameterParser.java","3","173","The method 'parseQuotedToken(char[])' has a cognitive complexity of 8, current threshold is 1","Design","CognitiveComplexity"
"28","org.apache.commons.fileupload","/Users/grantnelson/go/src/github.com/apache/commons-fileupload/src/main/java/org/apache/commons/fileupload/ParameterParser.java","3","173","The method 'parseQuotedToken(char[])' has a cyclomatic complexity of 6.","Design","CyclomaticComplexity"
"29","org.apache.commons.fileupload","/Users/grantnelson/go/src/github.com/apache/commons-fileupload/src/main/java/org/apache/commons/fileupload/ParameterParser.java","3","173","The method 'parseQuotedToken(char[])' has an NPath complexity of 14, current threshold is 1","Design","NPathComplexity"
"30","org.apache.commons.fileupload","/Users/grantnelson/go/src/github.com/apache/commons-fileupload/src/main/java/org/apache/commons/fileupload/ParameterParser.java","3","173","Avoid long parameter lists (1 parameters - threshold is 1).","Design","ExcessiveParameterList"
"31","org.apache.commons.fileupload","/Users/grantnelson/go/src/github.com/apache/commons-fileupload/src/main/java/org/apache/commons/fileupload/ParameterParser.java","3","203","The method 'isLowerCaseNames()' has a NCSS line count of 2.","Design","NcssCount"
"32","org.apache.commons.fileupload","/Users/grantnelson/go/src/github.com/apache/commons-fileupload/src/main/java/org/apache/commons/fileupload/ParameterParser.java","3","203","The method 'isLowerCaseNames()' has a cyclomatic complexity of 1.","Design","CyclomaticComplexity"
"33","org.apache.commons.fileupload","/Users/grantnelson/go/src/github.com/apache/commons-fileupload/src/main/java/org/apache/commons/fileupload/ParameterParser.java","3","203","The method 'isLowerCaseNames()' has an NPath complexity of 1, current threshold is 1","Design","NPathComplexity"
"34","org.apache.commons.fileupload","/Users/grantnelson/go/src/github.com/apache/commons-fileupload/src/main/java/org/apache/commons/fileupload/ParameterParser.java","3","215","The method 'setLowerCaseNames(boolean)' has a NCSS line count of 2.","Design","NcssCount"
"35","org.apache.commons.fileupload","/Users/grantnelson/go/src/github.com/apache/commons-fileupload/src/main/java/org/apache/commons/fileupload/ParameterParser.java","3","215","The method 'setLowerCaseNames(boolean)' has a cyclomatic complexity of 1.","Design","CyclomaticComplexity"
"36","org.apache.commons.fileupload","/Users/grantnelson/go/src/github.com/apache/commons-fileupload/src/main/java/org/apache/commons/fileupload/ParameterParser.java","3","215","The method 'setLowerCaseNames(boolean)' has an NPath complexity of 1, current threshold is 1","Design","NPathComplexity"
"37","org.apache.commons.fileupload","/Users/grantnelson/go/src/github.com/apache/commons-fileupload/src/main/java/org/apache/commons/fileupload/ParameterParser.java","3","215","Avoid long parameter lists (1 parameters - threshold is 1).","Design","ExcessiveParameterList"
"38","org.apache.commons.fileupload","/Users/grantnelson/go/src/github.com/apache/commons-fileupload/src/main/java/org/apache/commons/fileupload/ParameterParser.java","3","229","The method 'parse(String, char[])' has a NCSS line count of 12.","Design","NcssCount"
"39","org.apache.commons.fileupload","/Users/grantnelson/go/src/github.com/apache/commons-fileupload/src/main/java/org/apache/commons/fileupload/ParameterParser.java","3","229","The method 'parse(String, char[])' has a cognitive complexity of 9, current threshold is 1","Design","CognitiveComplexity"
"40","org.apache.commons.fileupload","/Users/grantnelson/go/src/github.com/apache/commons-fileupload/src/main/java/org/apache/commons/fileupload/ParameterParser.java","3","229","The method 'parse(String, char[])' has a cyclomatic complexity of 7.","Design","CyclomaticComplexity"
"41","org.apache.commons.fileupload","/Users/grantnelson/go/src/github.com/apache/commons-fileupload/src/main/java/org/apache/commons/fileupload/ParameterParser.java","3","229","The method 'parse(String, char[])' has an NPath complexity of 7, current threshold is 1","Design","NPathComplexity"
"42","org.apache.commons.fileupload","/Users/grantnelson/go/src/github.com/apache/commons-fileupload/src/main/java/org/apache/commons/fileupload/ParameterParser.java","3","229","Avoid long parameter lists (2 parameters - threshold is 1).","Design","ExcessiveParameterList"
"43","org.apache.commons.fileupload","/Users/grantnelson/go/src/github.com/apache/commons-fileupload/src/main/java/org/apache/commons/fileupload/ParameterParser.java","3","256","The method 'parse(String, char)' has a NCSS line count of 4.","Design","NcssCount"
"44","org.apache.commons.fileupload","/Users/grantnelson/go/src/github.com/apache/commons-fileupload/src/main/java/org/apache/commons/fileupload/ParameterParser.java","3","256","The method 'parse(String, char)' has a cognitive complexity of 1, current threshold is 1","Design","CognitiveComplexity"
"45","org.apache.commons.fileupload","/Users/grantnelson/go/src/github.com/apache/commons-fileupload/src/main/java/org/apache/commons/fileupload/ParameterParser.java","3","256","The method 'parse(String, char)' has a cyclomatic complexity of 2.","Design","CyclomaticComplexity"
"46","org.apache.commons.fileupload","/Users/grantnelson/go/src/github.com/apache/commons-fileupload/src/main/java/org/apache/commons/fileupload/ParameterParser.java","3","256","The method 'parse(String, char)' has an NPath complexity of 2, current threshold is 1","Design","NPathComplexity"
"47","org.apache.commons.fileupload","/Users/grantnelson/go/src/github.com/apache/commons-fileupload/src/main/java/org/apache/commons/fileupload/ParameterParser.java","3","256","Avoid long parameter lists (2 parameters - threshold is 1).","Design","ExcessiveParameterList"
"48","org.apache.commons.fileupload","/Users/grantnelson/go/src/github.com/apache/commons-fileupload/src/main/java/org/apache/commons/fileupload/ParameterParser.java","3","273","The method 'parse(char[], char)' has a NCSS line count of 4.","Design","NcssCount"
"49","org.apache.commons.fileupload","/Users/grantnelson/go/src/github.com/apache/commons-fileupload/src/main/java/org/apache/commons/fileupload/ParameterParser.java","3","273","The method 'parse(char[], char)' has a cognitive complexity of 1, current threshold is 1","Design","CognitiveComplexity"
"50","org.apache.commons.fileupload","/Users/grantnelson/go/src/github.com/apache/commons-fileupload/src/main/java/org/apache/commons/fileupload/ParameterParser.java","3","273","The method 'parse(char[], char)' has a cyclomatic complexity of 2.","Design","CyclomaticComplexity"
"51","org.apache.commons.fileupload","/Users/grantnelson/go/src/github.com/apache/commons-fileupload/src/main/java/org/apache/commons/fileupload/ParameterParser.java","3","273","The method 'parse(char[], char)' has an NPath complexity of 2, current threshold is 1","Design","NPathComplexity"
"52","org.apache.commons.fileupload","/Users/grantnelson/go/src/github.com/apache/commons-fileupload/src/main/java/org/apache/commons/fileupload/ParameterParser.java","3","273","Avoid long parameter lists (2 parameters - threshold is 1).","Design","ExcessiveParameterList"
"53","org.apache.commons.fileupload","/Users/grantnelson/go/src/github.com/apache/commons-fileupload/src/main/java/org/apache/commons/fileupload/ParameterParser.java","3","292","The method 'parse(char[], int, int, char)' has a NCSS line count of 25.","Design","NcssCount"
"54","org.apache.commons.fileupload","/Users/grantnelson/go/src/github.com/apache/commons-fileupload/src/main/java/org/apache/commons/fileupload/ParameterParser.java","3","292","The method 'parse(char[], int, int, char)' has a cognitive complexity of 21, current threshold is 1","Design","CognitiveComplexity"
"55","org.apache.commons.fileupload","/Users/grantnelson/go/src/github.com/apache/commons-fileupload/src/main/java/org/apache/commons/fileupload/ParameterParser.java","3","292","The method 'parse(char[], int, int, char)' has a cyclomatic complexity of 12.","Design","CyclomaticComplexity"
"56","org.apache.commons.fileupload","/Users/grantnelson/go/src/github.com/apache/commons-fileupload/src/main/java/org/apache/commons/fileupload/ParameterParser.java","3","292","The method 'parse(char[], int, int, char)' has an NPath complexity of 50, current threshold is 1","Design","NPathComplexity"
"57","org.apache.commons.fileupload","/Users/grantnelson/go/src/github.com/apache/commons-fileupload/src/main/java/org/apache/commons/fileupload/ParameterParser.java","3","292","Avoid long parameter lists (4 parameters - threshold is 1).","Design","ExcessiveParameterList"
"1","org.apache.commons.fileupload","/Users/grantnelson/go/src/github.com/apache/commons-fileupload/src/main/java/org/apache/commons/fileupload/ProgressListener.java","3","23","The interface 'ProgressListener' has a NCSS line count of 2 (Highest = 1).","Design","NcssCount"
"2","org.apache.commons.fileupload","/Users/grantnelson/go/src/github.com/apache/commons-fileupload/src/main/java/org/apache/commons/fileupload/ProgressListener.java","3","23","This class has 1 public methods and attributes; current threshold is 1.","Design","ExcessivePublicCount"
"3","org.apache.commons.fileupload","/Users/grantnelson/go/src/github.com/apache/commons-fileupload/src/main/java/org/apache/commons/fileupload/ProgressListener.java","3","35","The method 'update(long, long, int)' has a NCSS line count of 1.","Design","NcssCount"
"4","org.apache.commons.fileupload","/Users/grantnelson/go/src/github.com/apache/commons-fileupload/src/main/java/org/apache/commons/fileupload/ProgressListener.java","3","35","The method 'update(long, long, int)' has a cyclomatic complexity of 1.","Design","CyclomaticComplexity"
"5","org.apache.commons.fileupload","/Users/grantnelson/go/src/github.com/apache/commons-fileupload/src/main/java/org/apache/commons/fileupload/ProgressListener.java","3","35","The method 'update(long, long, int)' has an NPath complexity of 1, current threshold is 1","Design","NPathComplexity"
"6","org.apache.commons.fileupload","/Users/grantnelson/go/src/github.com/apache/commons-fileupload/src/main/java/org/apache/commons/fileupload/ProgressListener.java","3","35","Avoid long parameter lists (3 parameters - threshold is 1).","Design","ExcessiveParameterList"
"1","org.apache.commons.fileupload","/Users/grantnelson/go/src/github.com/apache/commons-fileupload/src/main/java/org/apache/commons/fileupload/RequestContext.java","3","29","The interface 'RequestContext' has a NCSS line count of 5 (Highest = 1).","Design","NcssCount"
"2","org.apache.commons.fileupload","/Users/grantnelson/go/src/github.com/apache/commons-fileupload/src/main/java/org/apache/commons/fileupload/RequestContext.java","3","29","This class has 4 public methods and attributes; current threshold is 1.","Design","ExcessivePublicCount"
"3","org.apache.commons.fileupload","/Users/grantnelson/go/src/github.com/apache/commons-fileupload/src/main/java/org/apache/commons/fileupload/RequestContext.java","3","36","The method 'getCharacterEncoding()' has a NCSS line count of 1.","Design","NcssCount"
"4","org.apache.commons.fileupload","/Users/grantnelson/go/src/github.com/apache/commons-fileupload/src/main/java/org/apache/commons/fileupload/RequestContext.java","3","36","The method 'getCharacterEncoding()' has a cyclomatic complexity of 1.","Design","CyclomaticComplexity"
"5","org.apache.commons.fileupload","/Users/grantnelson/go/src/github.com/apache/commons-fileupload/src/main/java/org/apache/commons/fileupload/RequestContext.java","3","36","The method 'getCharacterEncoding()' has an NPath complexity of 1, current threshold is 1","Design","NPathComplexity"
"6","org.apache.commons.fileupload","/Users/grantnelson/go/src/github.com/apache/commons-fileupload/src/main/java/org/apache/commons/fileupload/RequestContext.java","3","43","The method 'getContentType()' has a NCSS line count of 1.","Design","NcssCount"
"7","org.apache.commons.fileupload","/Users/grantnelson/go/src/github.com/apache/commons-fileupload/src/main/java/org/apache/commons/fileupload/RequestContext.java","3","43","The method 'getContentType()' has a cyclomatic complexity of 1.","Design","CyclomaticComplexity"
"8","org.apache.commons.fileupload","/Users/grantnelson/go/src/github.com/apache/commons-fileupload/src/main/java/org/apache/commons/fileupload/RequestContext.java","3","43","The method 'getContentType()' has an NPath complexity of 1, current threshold is 1","Design","NPathComplexity"
"9","org.apache.commons.fileupload","/Users/grantnelson/go/src/github.com/apache/commons-fileupload/src/main/java/org/apache/commons/fileupload/RequestContext.java","3","52","The method 'getContentLength()' has a NCSS line count of 1.","Design","NcssCount"
"10","org.apache.commons.fileupload","/Users/grantnelson/go/src/github.com/apache/commons-fileupload/src/main/java/org/apache/commons/fileupload/RequestContext.java","3","52","The method 'getContentLength()' has a cyclomatic complexity of 1.","Design","CyclomaticComplexity"
"11","org.apache.commons.fileupload","/Users/grantnelson/go/src/github.com/apache/commons-fileupload/src/main/java/org/apache/commons/fileupload/RequestContext.java","3","52","The method 'getContentLength()' has an NPath complexity of 1, current threshold is 1","Design","NPathComplexity"
"12","org.apache.commons.fileupload","/Users/grantnelson/go/src/github.com/apache/commons-fileupload/src/main/java/org/apache/commons/fileupload/RequestContext.java","3","61","The method 'getInputStream()' has a NCSS line count of 1.","Design","NcssCount"
"13","org.apache.commons.fileupload","/Users/grantnelson/go/src/github.com/apache/commons-fileupload/src/main/java/org/apache/commons/fileupload/RequestContext.java","3","61","The method 'getInputStream()' has a cyclomatic complexity of 1.","Design","CyclomaticComplexity"
"14","org.apache.commons.fileupload","/Users/grantnelson/go/src/github.com/apache/commons-fileupload/src/main/java/org/apache/commons/fileupload/RequestContext.java","3","61","The method 'getInputStream()' has an NPath complexity of 1, current threshold is 1","Design","NPathComplexity"
"1","org.apache.commons.fileupload","/Users/grantnelson/go/src/github.com/apache/commons-fileupload/src/main/java/org/apache/commons/fileupload/UploadContext.java","3","29","The interface 'UploadContext' has a NCSS line count of 2 (Highest = 1).","Design","NcssCount"
"2","org.apache.commons.fileupload","/Users/grantnelson/go/src/github.com/apache/commons-fileupload/src/main/java/org/apache/commons/fileupload/UploadContext.java","3","29","This class has 1 public methods and attributes; current threshold is 1.","Design","ExcessivePublicCount"
"3","org.apache.commons.fileupload","/Users/grantnelson/go/src/github.com/apache/commons-fileupload/src/main/java/org/apache/commons/fileupload/UploadContext.java","3","37","The method 'contentLength()' has a NCSS line count of 1.","Design","NcssCount"
"4","org.apache.commons.fileupload","/Users/grantnelson/go/src/github.com/apache/commons-fileupload/src/main/java/org/apache/commons/fileupload/UploadContext.java","3","37","The method 'contentLength()' has a cyclomatic complexity of 1.","Design","CyclomaticComplexity"
"5","org.apache.commons.fileupload","/Users/grantnelson/go/src/github.com/apache/commons-fileupload/src/main/java/org/apache/commons/fileupload/UploadContext.java","3","37","The method 'contentLength()' has an NPath complexity of 1, current threshold is 1","Design","NPathComplexity"
"1","org.apache.commons.fileupload.disk","/Users/grantnelson/go/src/github.com/apache/commons-fileupload/src/main/java/org/apache/commons/fileupload/disk/DiskFileItem.java","3","71","A value of 9 may denote a high amount of coupling within the class (threshold: 1)","Design","CouplingBetweenObjects"
"2","org.apache.commons.fileupload.disk","/Users/grantnelson/go/src/github.com/apache/commons-fileupload/src/main/java/org/apache/commons/fileupload/disk/DiskFileItem.java","3","71","Possible God Class (WMC=54, ATFD=14, TCC=10.667%)","Design","GodClass"
"3","org.apache.commons.fileupload.disk","/Users/grantnelson/go/src/github.com/apache/commons-fileupload/src/main/java/org/apache/commons/fileupload/disk/DiskFileItem.java","3","71","The class 'DiskFileItem' has a NCSS line count of 147 (Highest = 15).","Design","NcssCount"
"4","org.apache.commons.fileupload.disk","/Users/grantnelson/go/src/github.com/apache/commons-fileupload/src/main/java/org/apache/commons/fileupload/disk/DiskFileItem.java","3","71","The class 'DiskFileItem' has a total cyclomatic complexity of 54 (highest 5).","Design","CyclomaticComplexity"
"5","org.apache.commons.fileupload.disk","/Users/grantnelson/go/src/github.com/apache/commons-fileupload/src/main/java/org/apache/commons/fileupload/disk/DiskFileItem.java","3","71","This class has 23 public methods and attributes; current threshold is 1.","Design","ExcessivePublicCount"
"6","org.apache.commons.fileupload.disk","/Users/grantnelson/go/src/github.com/apache/commons-fileupload/src/main/java/org/apache/commons/fileupload/disk/DiskFileItem.java","3","180","The constructor 'DiskFileItem(String, String, boolean, String, int, File)' has a NCSS line count of 7.","Design","NcssCount"
"7","org.apache.commons.fileupload.disk","/Users/grantnelson/go/src/github.com/apache/commons-fileupload/src/main/java/org/apache/commons/fileupload/disk/DiskFileItem.java","3","180","The constructor 'DiskFileItem(String, String, boolean, String, int, File)' has a cyclomatic complexity of 1.","Design","CyclomaticComplexity"
"8","org.apache.commons.fileupload.disk","/Users/grantnelson/go/src/github.com/apache/commons-fileupload/src/main/java/org/apache/commons/fileupload/disk/DiskFileItem.java","3","180","The constructor 'DiskFileItem(String, String, boolean, String, int, File)' has an NPath complexity of 1, current threshold is 1","Design","NPathComplexity"
"9","org.apache.commons.fileupload.disk","/Users/grantnelson/go/src/github.com/apache/commons-fileupload/src/main/java/org/apache/commons/fileupload/disk/DiskFileItem.java","3","180","Avoid long parameter lists (6 parameters - threshold is 1).","Design","ExcessiveParameterList"
"10","org.apache.commons.fileupload.disk","/Users/grantnelson/go/src/github.com/apache/commons-fileupload/src/main/java/org/apache/commons/fileupload/disk/DiskFileItem.java","3","202","The method 'getInputStream()' has a NCSS line count of 6.","Design","NcssCount"
"11","org.apache.commons.fileupload.disk","/Users/grantnelson/go/src/github.com/apache/commons-fileupload/src/main/java/org/apache/commons/fileupload/disk/DiskFileItem.java","3","202","The method 'getInputStream()' has a cognitive complexity of 2, current threshold is 1","Design","CognitiveComplexity"
"12","org.apache.commons.fileupload.disk","/Users/grantnelson/go/src/github.com/apache/commons-fileupload/src/main/java/org/apache/commons/fileupload/disk/DiskFileItem.java","3","202","The method 'getInputStream()' has a cyclomatic complexity of 3.","Design","CyclomaticComplexity"
"13","org.apache.commons.fileupload.disk","/Users/grantnelson/go/src/github.com/apache/commons-fileupload/src/main/java/org/apache/commons/fileupload/disk/DiskFileItem.java","3","202","The method 'getInputStream()' has an NPath complexity of 3, current threshold is 1","Design","NPathComplexity"
"14","org.apache.commons.fileupload.disk","/Users/grantnelson/go/src/github.com/apache/commons-fileupload/src/main/java/org/apache/commons/fileupload/disk/DiskFileItem.java","3","221","The method 'getContentType()' has a NCSS line count of 2.","Design","NcssCount"
"15","org.apache.commons.fileupload.disk","/Users/grantnelson/go/src/github.com/apache/commons-fileupload/src/main/java/org/apache/commons/fileupload/disk/DiskFileItem.java","3","221","The method 'getContentType()' has a cyclomatic complexity of 1.","Design","CyclomaticComplexity"
"16","org.apache.commons.fileupload.disk","/Users/grantnelson/go/src/github.com/apache/commons-fileupload/src/main/java/org/apache/commons/fileupload/disk/DiskFileItem.java","3","221","The method 'getContentType()' has an NPath complexity of 1, current threshold is 1","Design","NPathComplexity"
"17","org.apache.commons.fileupload.disk","/Users/grantnelson/go/src/github.com/apache/commons-fileupload/src/main/java/org/apache/commons/fileupload/disk/DiskFileItem.java","3","232","The method 'getCharSet()' has a NCSS line count of 5.","Design","NcssCount"
"18","org.apache.commons.fileupload.disk","/Users/grantnelson/go/src/github.com/apache/commons-fileupload/src/main/java/org/apache/commons/fileupload/disk/DiskFileItem.java","3","232","The method 'getCharSet()' has a cyclomatic complexity of 1.","Design","CyclomaticComplexity"
"19","org.apache.commons.fileupload.disk","/Users/grantnelson/go/src/github.com/apache/commons-fileupload/src/main/java/org/apache/commons/fileupload/disk/DiskFileItem.java","3","232","The method 'getCharSet()' has an NPath complexity of 1, current threshold is 1","Design","NPathComplexity"
"20","org.apache.commons.fileupload.disk","/Users/grantnelson/go/src/github.com/apache/commons-fileupload/src/main/java/org/apache/commons/fileupload/disk/DiskFileItem.java","3","249","The method 'getName()' has a NCSS line count of 2.","Design","NcssCount"
"21","org.apache.commons.fileupload.disk","/Users/grantnelson/go/src/github.com/apache/commons-fileupload/src/main/java/org/apache/commons/fileupload/disk/DiskFileItem.java","3","249","The method 'getName()' has a cyclomatic complexity of 1.","Design","CyclomaticComplexity"
"22","org.apache.commons.fileupload.disk","/Users/grantnelson/go/src/github.com/apache/commons-fileupload/src/main/java/org/apache/commons/fileupload/disk/DiskFileItem.java","3","249","The method 'getName()' has an NPath complexity of 1, current threshold is 1","Design","NPathComplexity"
"23","org.apache.commons.fileupload.disk","/Users/grantnelson/go/src/github.com/apache/commons-fileupload/src/main/java/org/apache/commons/fileupload/disk/DiskFileItem.java","3","262","The method 'isInMemory()' has a NCSS line count of 4.","Design","NcssCount"
"24","org.apache.commons.fileupload.disk","/Users/grantnelson/go/src/github.com/apache/commons-fileupload/src/main/java/org/apache/commons/fileupload/disk/DiskFileItem.java","3","262","The method 'isInMemory()' has a cognitive complexity of 1, current threshold is 1","Design","CognitiveComplexity"
"25","org.apache.commons.fileupload.disk","/Users/grantnelson/go/src/github.com/apache/commons-fileupload/src/main/java/org/apache/commons/fileupload/disk/DiskFileItem.java","3","262","The method 'isInMemory()' has a cyclomatic complexity of 2.","Design","CyclomaticComplexity"
"26","org.apache.commons.fileupload.disk","/Users/grantnelson/go/src/github.com/apache/commons-fileupload/src/main/java/org/apache/commons/fileupload/disk/DiskFileItem.java","3","262","The method 'isInMemory()' has an NPath complexity of 2, current threshold is 1","Design","NPathComplexity"
"27","org.apache.commons.fileupload.disk","/Users/grantnelson/go/src/github.com/apache/commons-fileupload/src/main/java/org/apache/commons/fileupload/disk/DiskFileItem.java","3","274","The method 'getSize()' has a NCSS line count of 11.","Design","NcssCount"
"28","org.apache.commons.fileupload.disk","/Users/grantnelson/go/src/github.com/apache/commons-fileupload/src/main/java/org/apache/commons/fileupload/disk/DiskFileItem.java","3","274","The method 'getSize()' has a cognitive complexity of 4, current threshold is 1","Design","CognitiveComplexity"
"29","org.apache.commons.fileupload.disk","/Users/grantnelson/go/src/github.com/apache/commons-fileupload/src/main/java/org/apache/commons/fileupload/disk/DiskFileItem.java","3","274","The method 'getSize()' has a cyclomatic complexity of 4.","Design","CyclomaticComplexity"
"30","org.apache.commons.fileupload.disk","/Users/grantnelson/go/src/github.com/apache/commons-fileupload/src/main/java/org/apache/commons/fileupload/disk/DiskFileItem.java","3","274","The method 'getSize()' has an NPath complexity of 4, current threshold is 1","Design","NPathComplexity"
"31","org.apache.commons.fileupload.disk","/Users/grantnelson/go/src/github.com/apache/commons-fileupload/src/main/java/org/apache/commons/fileupload/disk/DiskFileItem.java","3","294","The method 'get()' has a NCSS line count of 14.","Design","NcssCount"
"32","org.apache.commons.fileupload.disk","/Users/grantnelson/go/src/github.com/apache/commons-fileupload/src/main/java/org/apache/commons/fileupload/disk/DiskFileItem.java","3","294","The method 'get()' has a cognitive complexity of 5, current threshold is 1","Design","CognitiveComplexity"
"33","org.apache.commons.fileupload.disk","/Users/grantnelson/go/src/github.com/apache/commons-fileupload/src/main/java/org/apache/commons/fileupload/disk/DiskFileItem.java","3","294","The method 'get()' has a cyclomatic complexity of 5.","Design","CyclomaticComplexity"
"34","org.apache.commons.fileupload.disk","/Users/grantnelson/go/src/github.com/apache/commons-fileupload/src/main/java/org/apache/commons/fileupload/disk/DiskFileItem.java","3","294","The method 'get()' has an NPath complexity of 4, current threshold is 1","Design","NPathComplexity"
"35","org.apache.commons.fileupload.disk","/Users/grantnelson/go/src/github.com/apache/commons-fileupload/src/main/java/org/apache/commons/fileupload/disk/DiskFileItem.java","3","329","The method 'getString(String)' has a NCSS line count of 2.","Design","NcssCount"
"36","org.apache.commons.fileupload.disk","/Users/grantnelson/go/src/github.com/apache/commons-fileupload/src/main/java/org/apache/commons/fileupload/disk/DiskFileItem.java","3","329","The method 'getString(String)' has a cyclomatic complexity of 1.","Design","CyclomaticComplexity"
"37","org.apache.commons.fileupload.disk","/Users/grantnelson/go/src/github.com/apache/commons-fileupload/src/main/java/org/apache/commons/fileupload/disk/DiskFileItem.java","3","329","The method 'getString(String)' has an NPath complexity of 1, current threshold is 1","Design","NPathComplexity"
"38","org.apache.commons.fileupload.disk","/Users/grantnelson/go/src/github.com/apache/commons-fileupload/src/main/java/org/apache/commons/fileupload/disk/DiskFileItem.java","3","329","Avoid long parameter lists (1 parameters - threshold is 1).","Design","ExcessiveParameterList"
"39","org.apache.commons.fileupload.disk","/Users/grantnelson/go/src/github.com/apache/commons-fileupload/src/main/java/org/apache/commons/fileupload/disk/DiskFileItem.java","3","343","The method 'getString()' has a NCSS line count of 8.","Design","NcssCount"
"40","org.apache.commons.fileupload.disk","/Users/grantnelson/go/src/github.com/apache/commons-fileupload/src/main/java/org/apache/commons/fileupload/disk/DiskFileItem.java","3","343","The method 'getString()' has a cognitive complexity of 2, current threshold is 1","Design","CognitiveComplexity"
"41","org.apache.commons.fileupload.disk","/Users/grantnelson/go/src/github.com/apache/commons-fileupload/src/main/java/org/apache/commons/fileupload/disk/DiskFileItem.java","3","343","The method 'getString()' has a cyclomatic complexity of 3.","Design","CyclomaticComplexity"
"42","org.apache.commons.fileupload.disk","/Users/grantnelson/go/src/github.com/apache/commons-fileupload/src/main/java/org/apache/commons/fileupload/disk/DiskFileItem.java","3","343","The method 'getString()' has an NPath complexity of 2, current threshold is 1","Design","NPathComplexity"
"43","org.apache.commons.fileupload.disk","/Users/grantnelson/go/src/github.com/apache/commons-fileupload/src/main/java/org/apache/commons/fileupload/disk/DiskFileItem.java","3","376","The method 'write(File)' has a NCSS line count of 15.","Design","NcssCount"
"44","org.apache.commons.fileupload.disk","/Users/grantnelson/go/src/github.com/apache/commons-fileupload/src/main/java/org/apache/commons/fileupload/disk/DiskFileItem.java","3","376","The method 'write(File)' has a cognitive complexity of 5, current threshold is 1","Design","CognitiveComplexity"
"45","org.apache.commons.fileupload.disk","/Users/grantnelson/go/src/github.com/apache/commons-fileupload/src/main/java/org/apache/commons/fileupload/disk/DiskFileItem.java","3","376","The method 'write(File)' has a cyclomatic complexity of 4.","Design","CyclomaticComplexity"
"46","org.apache.commons.fileupload.disk","/Users/grantnelson/go/src/github.com/apache/commons-fileupload/src/main/java/org/apache/commons/fileupload/disk/DiskFileItem.java","3","376","The method 'write(File)' has an NPath complexity of 3, current threshold is 1","Design","NPathComplexity"
"47","org.apache.commons.fileupload.disk","/Users/grantnelson/go/src/github.com/apache/commons-fileupload/src/main/java/org/apache/commons/fileupload/disk/DiskFileItem.java","3","376","Avoid long parameter lists (1 parameters - threshold is 1).","Design","ExcessiveParameterList"
"48","org.apache.commons.fileupload.disk","/Users/grantnelson/go/src/github.com/apache/commons-fileupload/src/main/java/org/apache/commons/fileupload/disk/DiskFileItem.java","3","415","The method 'delete()' has a NCSS line count of 5.","Design","NcssCount"
"49","org.apache.commons.fileupload.disk","/Users/grantnelson/go/src/github.com/apache/commons-fileupload/src/main/java/org/apache/commons/fileupload/disk/DiskFileItem.java","3","415","The method 'delete()' has a cognitive complexity of 2, current threshold is 1","Design","CognitiveComplexity"
"50","org.apache.commons.fileupload.disk","/Users/grantnelson/go/src/github.com/apache/commons-fileupload/src/main/java/org/apache/commons/fileupload/disk/DiskFileItem.java","3","415","The method 'delete()' has a cyclomatic complexity of 4.","Design","CyclomaticComplexity"
"51","org.apache.commons.fileupload.disk","/Users/grantnelson/go/src/github.com/apache/commons-fileupload/src/main/java/org/apache/commons/fileupload/disk/DiskFileItem.java","3","415","The method 'delete()' has an NPath complexity of 4, current threshold is 1","Design","NPathComplexity"
"52","org.apache.commons.fileupload.disk","/Users/grantnelson/go/src/github.com/apache/commons-fileupload/src/main/java/org/apache/commons/fileupload/disk/DiskFileItem.java","3","432","The method 'getFieldName()' has a NCSS line count of 2.","Design","NcssCount"
"53","org.apache.commons.fileupload.disk","/Users/grantnelson/go/src/github.com/apache/commons-fileupload/src/main/java/org/apache/commons/fileupload/disk/DiskFileItem.java","3","432","The method 'getFieldName()' has a cyclomatic complexity of 1.","Design","CyclomaticComplexity"
"54","org.apache.commons.fileupload.disk","/Users/grantnelson/go/src/github.com/apache/commons-fileupload/src/main/java/org/apache/commons/fileupload/disk/DiskFileItem.java","3","432","The method 'getFieldName()' has an NPath complexity of 1, current threshold is 1","Design","NPathComplexity"
"55","org.apache.commons.fileupload.disk","/Users/grantnelson/go/src/github.com/apache/commons-fileupload/src/main/java/org/apache/commons/fileupload/disk/DiskFileItem.java","3","444","The method 'setFieldName(String)' has a NCSS line count of 2.","Design","NcssCount"
"56","org.apache.commons.fileupload.disk","/Users/grantnelson/go/src/github.com/apache/commons-fileupload/src/main/java/org/apache/commons/fileupload/disk/DiskFileItem.java","3","444","The method 'setFieldName(String)' has a cyclomatic complexity of 1.","Design","CyclomaticComplexity"
"57","org.apache.commons.fileupload.disk","/Users/grantnelson/go/src/github.com/apache/commons-fileupload/src/main/java/org/apache/commons/fileupload/disk/DiskFileItem.java","3","444","The method 'setFieldName(String)' has an NPath complexity of 1, current threshold is 1","Design","NPathComplexity"
"58","org.apache.commons.fileupload.disk","/Users/grantnelson/go/src/github.com/apache/commons-fileupload/src/main/java/org/apache/commons/fileupload/disk/DiskFileItem.java","3","444","Avoid long parameter lists (1 parameters - threshold is 1).","Design","ExcessiveParameterList"
"59","org.apache.commons.fileupload.disk","/Users/grantnelson/go/src/github.com/apache/commons-fileupload/src/main/java/org/apache/commons/fileupload/disk/DiskFileItem.java","3","458","The method 'isFormField()' has a NCSS line count of 2.","Design","NcssCount"
"60","org.apache.commons.fileupload.disk","/Users/grantnelson/go/src/github.com/apache/commons-fileupload/src/main/java/org/apache/commons/fileupload/disk/DiskFileItem.java","3","458","The method 'isFormField()' has a cyclomatic complexity of 1.","Design","CyclomaticComplexity"
"61","org.apache.commons.fileupload.disk","/Users/grantnelson/go/src/github.com/apache/commons-fileupload/src/main/java/org/apache/commons/fileupload/disk/DiskFileItem.java","3","458","The method 'isFormField()' has an NPath complexity of 1, current threshold is 1","Design","NPathComplexity"
"62","org.apache.commons.fileupload.disk","/Users/grantnelson/go/src/github.com/apache/commons-fileupload/src/main/java/org/apache/commons/fileupload/disk/DiskFileItem.java","3","472","The method 'setFormField(boolean)' has a NCSS line count of 2.","Design","NcssCount"
"63","org.apache.commons.fileupload.disk","/Users/grantnelson/go/src/github.com/apache/commons-fileupload/src/main/java/org/apache/commons/fileupload/disk/DiskFileItem.java","3","472","The method 'setFormField(boolean)' has a cyclomatic complexity of 1.","Design","CyclomaticComplexity"
"64","org.apache.commons.fileupload.disk","/Users/grantnelson/go/src/github.com/apache/commons-fileupload/src/main/java/org/apache/commons/fileupload/disk/DiskFileItem.java","3","472","The method 'setFormField(boolean)' has an NPath complexity of 1, current threshold is 1","Design","NPathComplexity"
"65","org.apache.commons.fileupload.disk","/Users/grantnelson/go/src/github.com/apache/commons-fileupload/src/main/java/org/apache/commons/fileupload/disk/DiskFileItem.java","3","472","Avoid long parameter lists (1 parameters - threshold is 1).","Design","ExcessiveParameterList"
"66","org.apache.commons.fileupload.disk","/Users/grantnelson/go/src/github.com/apache/commons-fileupload/src/main/java/org/apache/commons/fileupload/disk/DiskFileItem.java","3","485","The method 'getOutputStream()' has a NCSS line count of 5.","Design","NcssCount"
"67","org.apache.commons.fileupload.disk","/Users/grantnelson/go/src/github.com/apache/commons-fileupload/src/main/java/org/apache/commons/fileupload/disk/DiskFileItem.java","3","485","The method 'getOutputStream()' has a cognitive complexity of 1, current threshold is 1","Design","CognitiveComplexity"
"68","org.apache.commons.fileupload.disk","/Users/grantnelson/go/src/github.com/apache/commons-fileupload/src/main/java/org/apache/commons/fileupload/disk/DiskFileItem.java","3","485","The method 'getOutputStream()' has a cyclomatic complexity of 2.","Design","CyclomaticComplexity"
"69","org.apache.commons.fileupload.disk","/Users/grantnelson/go/src/github.com/apache/commons-fileupload/src/main/java/org/apache/commons/fileupload/disk/DiskFileItem.java","3","485","The method 'getOutputStream()' has an NPath complexity of 2, current threshold is 1","Design","NPathComplexity"
"70","org.apache.commons.fileupload.disk","/Users/grantnelson/go/src/github.com/apache/commons-fileupload/src/main/java/org/apache/commons/fileupload/disk/DiskFileItem.java","3","509","The method 'getStoreLocation()' has a NCSS line count of 6.","Design","NcssCount"
"71","org.apache.commons.fileupload.disk","/Users/grantnelson/go/src/github.com/apache/commons-fileupload/src/main/java/org/apache/commons/fileupload/disk/DiskFileItem.java","3","509","The method 'getStoreLocation()' has a cognitive complexity of 2, current threshold is 1","Design","CognitiveComplexity"
"72","org.apache.commons.fileupload.disk","/Users/grantnelson/go/src/github.com/apache/commons-fileupload/src/main/java/org/apache/commons/fileupload/disk/DiskFileItem.java","3","509","The method 'getStoreLocation()' has a cyclomatic complexity of 3.","Design","CyclomaticComplexity"
"73","org.apache.commons.fileupload.disk","/Users/grantnelson/go/src/github.com/apache/commons-fileupload/src/main/java/org/apache/commons/fileupload/disk/DiskFileItem.java","3","509","The method 'getStoreLocation()' has an NPath complexity of 3, current threshold is 1","Design","NPathComplexity"
"74","org.apache.commons.fileupload.disk","/Users/grantnelson/go/src/github.com/apache/commons-fileupload/src/main/java/org/apache/commons/fileupload/disk/DiskFileItem.java","3","525","The method 'finalize()' has a NCSS line count of 6.","Design","NcssCount"
"75","org.apache.commons.fileupload.disk","/Users/grantnelson/go/src/github.com/apache/commons-fileupload/src/main/java/org/apache/commons/fileupload/disk/DiskFileItem.java","3","525","The method 'finalize()' has a cognitive complexity of 4, current threshold is 1","Design","CognitiveComplexity"
"76","org.apache.commons.fileupload.disk","/Users/grantnelson/go/src/github.com/apache/commons-fileupload/src/main/java/org/apache/commons/fileupload/disk/DiskFileItem.java","3","525","The method 'finalize()' has a cyclomatic complexity of 5.","Design","CyclomaticComplexity"
"77","org.apache.commons.fileupload.disk","/Users/grantnelson/go/src/github.com/apache/commons-fileupload/src/main/java/org/apache/commons/fileupload/disk/DiskFileItem.java","3","525","The method 'finalize()' has an NPath complexity of 5, current threshold is 1","Design","NPathComplexity"
"78","org.apache.commons.fileupload.disk","/Users/grantnelson/go/src/github.com/apache/commons-fileupload/src/main/java/org/apache/commons/fileupload/disk/DiskFileItem.java","3","547","The method 'getTempFile()' has a NCSS line count of 8.","Design","NcssCount"
"79","org.apache.commons.fileupload.disk","/Users/grantnelson/go/src/github.com/apache/commons-fileupload/src/main/java/org/apache/commons/fileupload/disk/DiskFileItem.java","3","547","The method 'getTempFile()' has a cognitive complexity of 3, current threshold is 1","Design","CognitiveComplexity"
"80","org.apache.commons.fileupload.disk","/Users/grantnelson/go/src/github.com/apache/commons-fileupload/src/main/java/org/apache/commons/fileupload/disk/DiskFileItem.java","3","547","The method 'getTempFile()' has a cyclomatic complexity of 3.","Design","CyclomaticComplexity"
"81","org.apache.commons.fileupload.disk","/Users/grantnelson/go/src/github.com/apache/commons-fileupload/src/main/java/org/apache/commons/fileupload/disk/DiskFileItem.java","3","547","The method 'getTempFile()' has an NPath complexity of 3, current threshold is 1","Design","NPathComplexity"
"82","org.apache.commons.fileupload.disk","/Users/grantnelson/go/src/github.com/apache/commons-fileupload/src/main/java/org/apache/commons/fileupload/disk/DiskFileItem.java","3","569","The method 'getUniqueId()' has a NCSS line count of 7.","Design","NcssCount"
"83","org.apache.commons.fileupload.disk","/Users/grantnelson/go/src/github.com/apache/commons-fileupload/src/main/java/org/apache/commons/fileupload/disk/DiskFileItem.java","3","569","The method 'getUniqueId()' has a cognitive complexity of 1, current threshold is 1","Design","CognitiveComplexity"
"84","org.apache.commons.fileupload.disk","/Users/grantnelson/go/src/github.com/apache/commons-fileupload/src/main/java/org/apache/commons/fileupload/disk/DiskFileItem.java","3","569","The method 'getUniqueId()' has a cyclomatic complexity of 2.","Design","CyclomaticComplexity"
"85","org.apache.commons.fileupload.disk","/Users/grantnelson/go/src/github.com/apache/commons-fileupload/src/main/java/org/apache/commons/fileupload/disk/DiskFileItem.java","3","569","The method 'getUniqueId()' has an NPath complexity of 2, current threshold is 1","Design","NPathComplexity"
"86","org.apache.commons.fileupload.disk","/Users/grantnelson/go/src/github.com/apache/commons-fileupload/src/main/java/org/apache/commons/fileupload/disk/DiskFileItem.java","3","588","The method 'toString()' has a NCSS line count of 2.","Design","NcssCount"
"87","org.apache.commons.fileupload.disk","/Users/grantnelson/go/src/github.com/apache/commons-fileupload/src/main/java/org/apache/commons/fileupload/disk/DiskFileItem.java","3","588","The method 'toString()' has a cyclomatic complexity of 1.","Design","CyclomaticComplexity"
"88","org.apache.commons.fileupload.disk","/Users/grantnelson/go/src/github.com/apache/commons-fileupload/src/main/java/org/apache/commons/fileupload/disk/DiskFileItem.java","3","588","The method 'toString()' has an NPath complexity of 1, current threshold is 1","Design","NPathComplexity"
"89","org.apache.commons.fileupload.disk","/Users/grantnelson/go/src/github.com/apache/commons-fileupload/src/main/java/org/apache/commons/fileupload/disk/DiskFileItem.java","3","598","The method 'getHeaders()' has a NCSS line count of 2.","Design","NcssCount"
"90","org.apache.commons.fileupload.disk","/Users/grantnelson/go/src/github.com/apache/commons-fileupload/src/main/java/org/apache/commons/fileupload/disk/DiskFileItem.java","3","598","The method 'getHeaders()' has a cyclomatic complexity of 1.","Design","CyclomaticComplexity"
"91","org.apache.commons.fileupload.disk","/Users/grantnelson/go/src/github.com/apache/commons-fileupload/src/main/java/org/apache/commons/fileupload/disk/DiskFileItem.java","3","598","The method 'getHeaders()' has an NPath complexity of 1, current threshold is 1","Design","NPathComplexity"
"92","org.apache.commons.fileupload.disk","/Users/grantnelson/go/src/github.com/apache/commons-fileupload/src/main/java/org/apache/commons/fileupload/disk/DiskFileItem.java","3","606","The method 'setHeaders(FileItemHeaders)' has a NCSS line count of 2.","Design","NcssCount"
"93","org.apache.commons.fileupload.disk","/Users/grantnelson/go/src/github.com/apache/commons-fileupload/src/main/java/org/apache/commons/fileupload/disk/DiskFileItem.java","3","606","The method 'setHeaders(FileItemHeaders)' has a cyclomatic complexity of 1.","Design","CyclomaticComplexity"
"94","org.apache.commons.fileupload.disk","/Users/grantnelson/go/src/github.com/apache/commons-fileupload/src/main/java/org/apache/commons/fileupload/disk/DiskFileItem.java","3","606","The method 'setHeaders(FileItemHeaders)' has an NPath complexity of 1, current threshold is 1","Design","NPathComplexity"
"95","org.apache.commons.fileupload.disk","/Users/grantnelson/go/src/github.com/apache/commons-fileupload/src/main/java/org/apache/commons/fileupload/disk/DiskFileItem.java","3","606","Avoid long parameter lists (1 parameters - threshold is 1).","Design","ExcessiveParameterList"
"96","org.apache.commons.fileupload.disk","/Users/grantnelson/go/src/github.com/apache/commons-fileupload/src/main/java/org/apache/commons/fileupload/disk/DiskFileItem.java","3","615","The method 'getDefaultCharset()' has a NCSS line count of 2.","Design","NcssCount"
"97","org.apache.commons.fileupload.disk","/Users/grantnelson/go/src/github.com/apache/commons-fileupload/src/main/java/org/apache/commons/fileupload/disk/DiskFileItem.java","3","615","The method 'getDefaultCharset()' has a cyclomatic complexity of 1.","Design","CyclomaticComplexity"
"98","org.apache.commons.fileupload.disk","/Users/grantnelson/go/src/github.com/apache/commons-fileupload/src/main/java/org/apache/commons/fileupload/disk/DiskFileItem.java","3","615","The method 'getDefaultCharset()' has an NPath complexity of 1, current threshold is 1","Design","NPathComplexity"
"99","org.apache.commons.fileupload.disk","/Users/grantnelson/go/src/github.com/apache/commons-fileupload/src/main/java/org/apache/commons/fileupload/disk/DiskFileItem.java","3","624","The method 'setDefaultCharset(String)' has a NCSS line count of 2.","Design","NcssCount"
"100","org.apache.commons.fileupload.disk","/Users/grantnelson/go/src/github.com/apache/commons-fileupload/src/main/java/org/apache/commons/fileupload/disk/DiskFileItem.java","3","624","The method 'setDefaultCharset(String)' has a cyclomatic complexity of 1.","Design","CyclomaticComplexity"
"101","org.apache.commons.fileupload.disk","/Users/grantnelson/go/src/github.com/apache/commons-fileupload/src/main/java/org/apache/commons/fileupload/disk/DiskFileItem.java","3","624","The method 'setDefaultCharset(String)' has an NPath complexity of 1, current threshold is 1","Design","NPathComplexity"
"102","org.apache.commons.fileupload.disk","/Users/grantnelson/go/src/github.com/apache/commons-fileupload/src/main/java/org/apache/commons/fileupload/disk/DiskFileItem.java","3","624","Avoid long parameter lists (1 parameters - threshold is 1).","Design","ExcessiveParameterList"
"1","org.apache.commons.fileupload.disk","/Users/grantnelson/go/src/github.com/apache/commons-fileupload/src/main/java/org/apache/commons/fileupload/disk/DiskFileItemFactory.java","3","70","A value of 4 may denote a high amount of coupling within the class (threshold: 1)","Design","CouplingBetweenObjects"
"2","org.apache.commons.fileupload.disk","/Users/grantnelson/go/src/github.com/apache/commons-fileupload/src/main/java/org/apache/commons/fileupload/disk/DiskFileItemFactory.java","3","70","The class 'DiskFileItemFactory' has a NCSS line count of 34 (Highest = 7).","Design","NcssCount"
"3","org.apache.commons.fileupload.disk","/Users/grantnelson/go/src/github.com/apache/commons-fileupload/src/main/java/org/apache/commons/fileupload/disk/DiskFileItemFactory.java","3","70","The class 'DiskFileItemFactory' has a total cyclomatic complexity of 12 (highest 2).","Design","CyclomaticComplexity"
"4","org.apache.commons.fileupload.disk","/Users/grantnelson/go/src/github.com/apache/commons-fileupload/src/main/java/org/apache/commons/fileupload/disk/DiskFileItemFactory.java","3","70","This class has 11 public methods and attributes; current threshold is 1.","Design","ExcessivePublicCount"
"5","org.apache.commons.fileupload.disk","/Users/grantnelson/go/src/github.com/apache/commons-fileupload/src/main/java/org/apache/commons/fileupload/disk/DiskFileItemFactory.java","3","110","The constructor 'DiskFileItemFactory()' has a NCSS line count of 2.","Design","NcssCount"
"6","org.apache.commons.fileupload.disk","/Users/grantnelson/go/src/github.com/apache/commons-fileupload/src/main/java/org/apache/commons/fileupload/disk/DiskFileItemFactory.java","3","110","The constructor 'DiskFileItemFactory()' has a cyclomatic complexity of 1.","Design","CyclomaticComplexity"
"7","org.apache.commons.fileupload.disk","/Users/grantnelson/go/src/github.com/apache/commons-fileupload/src/main/java/org/apache/commons/fileupload/disk/DiskFileItemFactory.java","3","110","The constructor 'DiskFileItemFactory()' has an NPath complexity of 1, current threshold is 1","Design","NPathComplexity"
"8","org.apache.commons.fileupload.disk","/Users/grantnelson/go/src/github.com/apache/commons-fileupload/src/main/java/org/apache/commons/fileupload/disk/DiskFileItemFactory.java","3","124","The constructor 'DiskFileItemFactory(int, File)' has a NCSS line count of 3.","Design","NcssCount"
"9","org.apache.commons.fileupload.disk","/Users/grantnelson/go/src/github.com/apache/commons-fileupload/src/main/java/org/apache/commons/fileupload/disk/DiskFileItemFactory.java","3","124","The constructor 'DiskFileItemFactory(int, File)' has a cyclomatic complexity of 1.","Design","CyclomaticComplexity"
"10","org.apache.commons.fileupload.disk","/Users/grantnelson/go/src/github.com/apache/commons-fileupload/src/main/java/org/apache/commons/fileupload/disk/DiskFileItemFactory.java","3","124","The constructor 'DiskFileItemFactory(int, File)' has an NPath complexity of 1, current threshold is 1","Design","NPathComplexity"
"11","org.apache.commons.fileupload.disk","/Users/grantnelson/go/src/github.com/apache/commons-fileupload/src/main/java/org/apache/commons/fileupload/disk/DiskFileItemFactory.java","3","124","Avoid long parameter lists (2 parameters - threshold is 1).","Design","ExcessiveParameterList"
"12","org.apache.commons.fileupload.disk","/Users/grantnelson/go/src/github.com/apache/commons-fileupload/src/main/java/org/apache/commons/fileupload/disk/DiskFileItemFactory.java","3","140","The method 'getRepository()' has a NCSS line count of 2.","Design","NcssCount"
"13","org.apache.commons.fileupload.disk","/Users/grantnelson/go/src/github.com/apache/commons-fileupload/src/main/java/org/apache/commons/fileupload/disk/DiskFileItemFactory.java","3","140","The method 'getRepository()' has a cyclomatic complexity of 1.","Design","CyclomaticComplexity"
"14","org.apache.commons.fileupload.disk","/Users/grantnelson/go/src/github.com/apache/commons-fileupload/src/main/java/org/apache/commons/fileupload/disk/DiskFileItemFactory.java","3","140","The method 'getRepository()' has an NPath complexity of 1, current threshold is 1","Design","NPathComplexity"
"15","org.apache.commons.fileupload.disk","/Users/grantnelson/go/src/github.com/apache/commons-fileupload/src/main/java/org/apache/commons/fileupload/disk/DiskFileItemFactory.java","3","153","The method 'setRepository(File)' has a NCSS line count of 2.","Design","NcssCount"
"16","org.apache.commons.fileupload.disk","/Users/grantnelson/go/src/github.com/apache/commons-fileupload/src/main/java/org/apache/commons/fileupload/disk/DiskFileItemFactory.java","3","153","The method 'setRepository(File)' has a cyclomatic complexity of 1.","Design","CyclomaticComplexity"
"17","org.apache.commons.fileupload.disk","/Users/grantnelson/go/src/github.com/apache/commons-fileupload/src/main/java/org/apache/commons/fileupload/disk/DiskFileItemFactory.java","3","153","The method 'setRepository(File)' has an NPath complexity of 1, current threshold is 1","Design","NPathComplexity"
"18","org.apache.commons.fileupload.disk","/Users/grantnelson/go/src/github.com/apache/commons-fileupload/src/main/java/org/apache/commons/fileupload/disk/DiskFileItemFactory.java","3","153","Avoid long parameter lists (1 parameters - threshold is 1).","Design","ExcessiveParameterList"
"19","org.apache.commons.fileupload.disk","/Users/grantnelson/go/src/github.com/apache/commons-fileupload/src/main/java/org/apache/commons/fileupload/disk/DiskFileItemFactory.java","3","165","The method 'getSizeThreshold()' has a NCSS line count of 2.","Design","NcssCount"
"20","org.apache.commons.fileupload.disk","/Users/grantnelson/go/src/github.com/apache/commons-fileupload/src/main/java/org/apache/commons/fileupload/disk/DiskFileItemFactory.java","3","165","The method 'getSizeThreshold()' has a cyclomatic complexity of 1.","Design","CyclomaticComplexity"
"21","org.apache.commons.fileupload.disk","/Users/grantnelson/go/src/github.com/apache/commons-fileupload/src/main/java/org/apache/commons/fileupload/disk/DiskFileItemFactory.java","3","165","The method 'getSizeThreshold()' has an NPath complexity of 1, current threshold is 1","Design","NPathComplexity"
"22","org.apache.commons.fileupload.disk","/Users/grantnelson/go/src/github.com/apache/commons-fileupload/src/main/java/org/apache/commons/fileupload/disk/DiskFileItemFactory.java","3","177","The method 'setSizeThreshold(int)' has a NCSS line count of 2.","Design","NcssCount"
"23","org.apache.commons.fileupload.disk","/Users/grantnelson/go/src/github.com/apache/commons-fileupload/src/main/java/org/apache/commons/fileupload/disk/DiskFileItemFactory.java","3","177","The method 'setSizeThreshold(int)' has a cyclomatic complexity of 1.","Design","CyclomaticComplexity"
"24","org.apache.commons.fileupload.disk","/Users/grantnelson/go/src/github.com/apache/commons-fileupload/src/main/java/org/apache/commons/fileupload/disk/DiskFileItemFactory.java","3","177","The method 'setSizeThreshold(int)' has an NPath complexity of 1, current threshold is 1","Design","NPathComplexity"
"25","org.apache.commons.fileupload.disk","/Users/grantnelson/go/src/github.com/apache/commons-fileupload/src/main/java/org/apache/commons/fileupload/disk/DiskFileItemFactory.java","3","177","Avoid long parameter lists (1 parameters - threshold is 1).","Design","ExcessiveParameterList"
"26","org.apache.commons.fileupload.disk","/Users/grantnelson/go/src/github.com/apache/commons-fileupload/src/main/java/org/apache/commons/fileupload/disk/DiskFileItemFactory.java","3","197","The method 'createItem(String, String, boolean, String)' has a NCSS line count of 7.","Design","NcssCount"
"27","org.apache.commons.fileupload.disk","/Users/grantnelson/go/src/github.com/apache/commons-fileupload/src/main/java/org/apache/commons/fileupload/disk/DiskFileItemFactory.java","3","197","The method 'createItem(String, String, boolean, String)' has a cognitive complexity of 1, current threshold is 1","Design","CognitiveComplexity"
"28","org.apache.commons.fileupload.disk","/Users/grantnelson/go/src/github.com/apache/commons-fileupload/src/main/java/org/apache/commons/fileupload/disk/DiskFileItemFactory.java","3","197","The method 'createItem(String, String, boolean, String)' has a cyclomatic complexity of 2.","Design","CyclomaticComplexity"
"29","org.apache.commons.fileupload.disk","/Users/grantnelson/go/src/github.com/apache/commons-fileupload/src/main/java/org/apache/commons/fileupload/disk/DiskFileItemFactory.java","3","197","The method 'createItem(String, String, boolean, String)' has an NPath complexity of 2, current threshold is 1","Design","NPathComplexity"
"30","org.apache.commons.fileupload.disk","/Users/grantnelson/go/src/github.com/apache/commons-fileupload/src/main/java/org/apache/commons/fileupload/disk/DiskFileItemFactory.java","3","197","Avoid long parameter lists (4 parameters - threshold is 1).","Design","ExcessiveParameterList"
"31","org.apache.commons.fileupload.disk","/Users/grantnelson/go/src/github.com/apache/commons-fileupload/src/main/java/org/apache/commons/fileupload/disk/DiskFileItemFactory.java","3","216","The method 'getFileCleaningTracker()' has a NCSS line count of 2.","Design","NcssCount"
"32","org.apache.commons.fileupload.disk","/Users/grantnelson/go/src/github.com/apache/commons-fileupload/src/main/java/org/apache/commons/fileupload/disk/DiskFileItemFactory.java","3","216","The method 'getFileCleaningTracker()' has a cyclomatic complexity of 1.","Design","CyclomaticComplexity"
"33","org.apache.commons.fileupload.disk","/Users/grantnelson/go/src/github.com/apache/commons-fileupload/src/main/java/org/apache/commons/fileupload/disk/DiskFileItemFactory.java","3","216","The method 'getFileCleaningTracker()' has an NPath complexity of 1, current threshold is 1","Design","NPathComplexity"
"34","org.apache.commons.fileupload.disk","/Users/grantnelson/go/src/github.com/apache/commons-fileupload/src/main/java/org/apache/commons/fileupload/disk/DiskFileItemFactory.java","3","228","The method 'setFileCleaningTracker(FileCleaningTracker)' has a NCSS line count of 2.","Design","NcssCount"
"35","org.apache.commons.fileupload.disk","/Users/grantnelson/go/src/github.com/apache/commons-fileupload/src/main/java/org/apache/commons/fileupload/disk/DiskFileItemFactory.java","3","228","The method 'setFileCleaningTracker(FileCleaningTracker)' has a cyclomatic complexity of 1.","Design","CyclomaticComplexity"
"36","org.apache.commons.fileupload.disk","/Users/grantnelson/go/src/github.com/apache/commons-fileupload/src/main/java/org/apache/commons/fileupload/disk/DiskFileItemFactory.java","3","228","The method 'setFileCleaningTracker(FileCleaningTracker)' has an NPath complexity of 1, current threshold is 1","Design","NPathComplexity"
"37","org.apache.commons.fileupload.disk","/Users/grantnelson/go/src/github.com/apache/commons-fileupload/src/main/java/org/apache/commons/fileupload/disk/DiskFileItemFactory.java","3","228","Avoid long parameter lists (1 parameters - threshold is 1).","Design","ExcessiveParameterList"
"38","org.apache.commons.fileupload.disk","/Users/grantnelson/go/src/github.com/apache/commons-fileupload/src/main/java/org/apache/commons/fileupload/disk/DiskFileItemFactory.java","3","237","The method 'getDefaultCharset()' has a NCSS line count of 2.","Design","NcssCount"
"39","org.apache.commons.fileupload.disk","/Users/grantnelson/go/src/github.com/apache/commons-fileupload/src/main/java/org/apache/commons/fileupload/disk/DiskFileItemFactory.java","3","237","The method 'getDefaultCharset()' has a cyclomatic complexity of 1.","Design","CyclomaticComplexity"
"40","org.apache.commons.fileupload.disk","/Users/grantnelson/go/src/github.com/apache/commons-fileupload/src/main/java/org/apache/commons/fileupload/disk/DiskFileItemFactory.java","3","237","The method 'getDefaultCharset()' has an NPath complexity of 1, current threshold is 1","Design","NPathComplexity"
"41","org.apache.commons.fileupload.disk","/Users/grantnelson/go/src/github.com/apache/commons-fileupload/src/main/java/org/apache/commons/fileupload/disk/DiskFileItemFactory.java","3","246","The method 'setDefaultCharset(String)' has a NCSS line count of 2.","Design","NcssCount"
"42","org.apache.commons.fileupload.disk","/Users/grantnelson/go/src/github.com/apache/commons-fileupload/src/main/java/org/apache/commons/fileupload/disk/DiskFileItemFactory.java","3","246","The method 'setDefaultCharset(String)' has a cyclomatic complexity of 1.","Design","CyclomaticComplexity"
"43","org.apache.commons.fileupload.disk","/Users/grantnelson/go/src/github.com/apache/commons-fileupload/src/main/java/org/apache/commons/fileupload/disk/DiskFileItemFactory.java","3","246","The method 'setDefaultCharset(String)' has an NPath complexity of 1, current threshold is 1","Design","NPathComplexity"
"44","org.apache.commons.fileupload.disk","/Users/grantnelson/go/src/github.com/apache/commons-fileupload/src/main/java/org/apache/commons/fileupload/disk/DiskFileItemFactory.java","3","246","Avoid long parameter lists (1 parameters - threshold is 1).","Design","ExcessiveParameterList"
"1","org.apache.commons.fileupload.portlet","/Users/grantnelson/go/src/github.com/apache/commons-fileupload/src/main/java/org/apache/commons/fileupload/portlet/PortletFileUpload.java","3","49","A value of 5 may denote a high amount of coupling within the class (threshold: 1)","Design","CouplingBetweenObjects"
"2","org.apache.commons.fileupload.portlet","/Users/grantnelson/go/src/github.com/apache/commons-fileupload/src/main/java/org/apache/commons/fileupload/portlet/PortletFileUpload.java","3","49","The class 'PortletFileUpload' has a NCSS line count of 13 (Highest = 2).","Design","NcssCount"
"3","org.apache.commons.fileupload.portlet","/Users/grantnelson/go/src/github.com/apache/commons-fileupload/src/main/java/org/apache/commons/fileupload/portlet/PortletFileUpload.java","3","49","The class 'PortletFileUpload' has a total cyclomatic complexity of 6 (highest 1).","Design","CyclomaticComplexity"
"4","org.apache.commons.fileupload.portlet","/Users/grantnelson/go/src/github.com/apache/commons-fileupload/src/main/java/org/apache/commons/fileupload/portlet/PortletFileUpload.java","3","49","This class has 6 public methods and attributes; current threshold is 1.","Design","ExcessivePublicCount"
"5","org.apache.commons.fileupload.portlet","/Users/grantnelson/go/src/github.com/apache/commons-fileupload/src/main/java/org/apache/commons/fileupload/portlet/PortletFileUpload.java","3","62","The method 'isMultipartContent(ActionRequest)' has a NCSS line count of 2.","Design","NcssCount"
"6","org.apache.commons.fileupload.portlet","/Users/grantnelson/go/src/github.com/apache/commons-fileupload/src/main/java/org/apache/commons/fileupload/portlet/PortletFileUpload.java","3","62","The method 'isMultipartContent(ActionRequest)' has a cyclomatic complexity of 1.","Design","CyclomaticComplexity"
"7","org.apache.commons.fileupload.portlet","/Users/grantnelson/go/src/github.com/apache/commons-fileupload/src/main/java/org/apache/commons/fileupload/portlet/PortletFileUpload.java","3","62","The method 'isMultipartContent(ActionRequest)' has an NPath complexity of 1, current threshold is 1","Design","NPathComplexity"
"8","org.apache.commons.fileupload.portlet","/Users/grantnelson/go/src/github.com/apache/commons-fileupload/src/main/java/org/apache/commons/fileupload/portlet/PortletFileUpload.java","3","62","Avoid long parameter lists (1 parameters - threshold is 1).","Design","ExcessiveParameterList"
"9","org.apache.commons.fileupload.portlet","/Users/grantnelson/go/src/github.com/apache/commons-fileupload/src/main/java/org/apache/commons/fileupload/portlet/PortletFileUpload.java","3","76","The constructor 'PortletFileUpload()' has a NCSS line count of 2.","Design","NcssCount"
"10","org.apache.commons.fileupload.portlet","/Users/grantnelson/go/src/github.com/apache/commons-fileupload/src/main/java/org/apache/commons/fileupload/portlet/PortletFileUpload.java","3","76","The constructor 'PortletFileUpload()' has a cyclomatic complexity of 1.","Design","CyclomaticComplexity"
"11","org.apache.commons.fileupload.portlet","/Users/grantnelson/go/src/github.com/apache/commons-fileupload/src/main/java/org/apache/commons/fileupload/portlet/PortletFileUpload.java","3","76","The constructor 'PortletFileUpload()' has an NPath complexity of 1, current threshold is 1","Design","NPathComplexity"
"12","org.apache.commons.fileupload.portlet","/Users/grantnelson/go/src/github.com/apache/commons-fileupload/src/main/java/org/apache/commons/fileupload/portlet/PortletFileUpload.java","3","87","The constructor 'PortletFileUpload(FileItemFactory)' has a NCSS line count of 2.","Design","NcssCount"
"13","org.apache.commons.fileupload.portlet","/Users/grantnelson/go/src/github.com/apache/commons-fileupload/src/main/java/org/apache/commons/fileupload/portlet/PortletFileUpload.java","3","87","The constructor 'PortletFileUpload(FileItemFactory)' has a cyclomatic complexity of 1.","Design","CyclomaticComplexity"
"14","org.apache.commons.fileupload.portlet","/Users/grantnelson/go/src/github.com/apache/commons-fileupload/src/main/java/org/apache/commons/fileupload/portlet/PortletFileUpload.java","3","87","The constructor 'PortletFileUpload(FileItemFactory)' has an NPath complexity of 1, current threshold is 1","Design","NPathComplexity"
"15","org.apache.commons.fileupload.portlet","/Users/grantnelson/go/src/github.com/apache/commons-fileupload/src/main/java/org/apache/commons/fileupload/portlet/PortletFileUpload.java","3","87","Avoid long parameter lists (1 parameters - threshold is 1).","Design","ExcessiveParameterList"
"16","org.apache.commons.fileupload.portlet","/Users/grantnelson/go/src/github.com/apache/commons-fileupload/src/main/java/org/apache/commons/fileupload/portlet/PortletFileUpload.java","3","105","The method 'parseRequest(ActionRequest)' has a NCSS line count of 2.","Design","NcssCount"
"17","org.apache.commons.fileupload.portlet","/Users/grantnelson/go/src/github.com/apache/commons-fileupload/src/main/java/org/apache/commons/fileupload/portlet/PortletFileUpload.java","3","105","The method 'parseRequest(ActionRequest)' has a cognitive complexity of 1, current threshold is 1","Design","CognitiveComplexity"
"18","org.apache.commons.fileupload.portlet","/Users/grantnelson/go/src/github.com/apache/commons-fileupload/src/main/java/org/apache/commons/fileupload/portlet/PortletFileUpload.java","3","105","The method 'parseRequest(ActionRequest)' has a cyclomatic complexity of 1.","Design","CyclomaticComplexity"
"19","org.apache.commons.fileupload.portlet","/Users/grantnelson/go/src/github.com/apache/commons-fileupload/src/main/java/org/apache/commons/fileupload/portlet/PortletFileUpload.java","3","105","The method 'parseRequest(ActionRequest)' has an NPath complexity of 1, current threshold is 1","Design","NPathComplexity"
"20","org.apache.commons.fileupload.portlet","/Users/grantnelson/go/src/github.com/apache/commons-fileupload/src/main/java/org/apache/commons/fileupload/portlet/PortletFileUpload.java","3","105","Avoid long parameter lists (1 parameters - threshold is 1).","Design","ExcessiveParameterList"
"21","org.apache.commons.fileupload.portlet","/Users/grantnelson/go/src/github.com/apache/commons-fileupload/src/main/java/org/apache/commons/fileupload/portlet/PortletFileUpload.java","3","123","The method 'parseParameterMap(ActionRequest)' has a NCSS line count of 2.","Design","NcssCount"
"22","org.apache.commons.fileupload.portlet","/Users/grantnelson/go/src/github.com/apache/commons-fileupload/src/main/java/org/apache/commons/fileupload/portlet/PortletFileUpload.java","3","123","The method 'parseParameterMap(ActionRequest)' has a cognitive complexity of 1, current threshold is 1","Design","CognitiveComplexity"
"23","org.apache.commons.fileupload.portlet","/Users/grantnelson/go/src/github.com/apache/commons-fileupload/src/main/java/org/apache/commons/fileupload/portlet/PortletFileUpload.java","3","123","The method 'parseParameterMap(ActionRequest)' has a cyclomatic complexity of 1.","Design","CyclomaticComplexity"
"24","org.apache.commons.fileupload.portlet","/Users/grantnelson/go/src/github.com/apache/commons-fileupload/src/main/java/org/apache/commons/fileupload/portlet/PortletFileUpload.java","3","123","The method 'parseParameterMap(ActionRequest)' has an NPath complexity of 1, current threshold is 1","Design","NPathComplexity"
"25","org.apache.commons.fileupload.portlet","/Users/grantnelson/go/src/github.com/apache/commons-fileupload/src/main/java/org/apache/commons/fileupload/portlet/PortletFileUpload.java","3","123","Avoid long parameter lists (1 parameters - threshold is 1).","Design","ExcessiveParameterList"
"26","org.apache.commons.fileupload.portlet","/Users/grantnelson/go/src/github.com/apache/commons-fileupload/src/main/java/org/apache/commons/fileupload/portlet/PortletFileUpload.java","3","144","The method 'getItemIterator(ActionRequest)' has a NCSS line count of 2.","Design","NcssCount"
"27","org.apache.commons.fileupload.portlet","/Users/grantnelson/go/src/github.com/apache/commons-fileupload/src/main/java/org/apache/commons/fileupload/portlet/PortletFileUpload.java","3","144","The method 'getItemIterator(ActionRequest)' has a cyclomatic complexity of 1.","Design","CyclomaticComplexity"
"28","org.apache.commons.fileupload.portlet","/Users/grantnelson/go/src/github.com/apache/commons-fileupload/src/main/java/org/apache/commons/fileupload/portlet/PortletFileUpload.java","3","144","The method 'getItemIterator(ActionRequest)' has an NPath complexity of 1, current threshold is 1","Design","NPathComplexity"
"29","org.apache.commons.fileupload.portlet","/Users/grantnelson/go/src/github.com/apache/commons-fileupload/src/main/java/org/apache/commons/fileupload/portlet/PortletFileUpload.java","3","144","Avoid long parameter lists (1 parameters - threshold is 1).","Design","ExcessiveParameterList"
"1","org.apache.commons.fileupload.portlet","/Users/grantnelson/go/src/github.com/apache/commons-fileupload/src/main/java/org/apache/commons/fileupload/portlet/PortletRequestContext.java","3","35","A value of 2 may denote a high amount of coupling within the class (threshold: 1)","Design","CouplingBetweenObjects"
"2","org.apache.commons.fileupload.portlet","/Users/grantnelson/go/src/github.com/apache/commons-fileupload/src/main/java/org/apache/commons/fileupload/portlet/PortletRequestContext.java","3","35","The class 'PortletRequestContext' has a NCSS line count of 20 (Highest = 6).","Design","NcssCount"
"3","org.apache.commons.fileupload.portlet","/Users/grantnelson/go/src/github.com/apache/commons-fileupload/src/main/java/org/apache/commons/fileupload/portlet/PortletRequestContext.java","3","35","The class 'PortletRequestContext' has a total cyclomatic complexity of 8 (highest 2).","Design","CyclomaticComplexity"
"4","org.apache.commons.fileupload.portlet","/Users/grantnelson/go/src/github.com/apache/commons-fileupload/src/main/java/org/apache/commons/fileupload/portlet/PortletRequestContext.java","3","35","This class has 7 public methods and attributes; current threshold is 1.","Design","ExcessivePublicCount"
"5","org.apache.commons.fileupload.portlet","/Users/grantnelson/go/src/github.com/apache/commons-fileupload/src/main/java/org/apache/commons/fileupload/portlet/PortletRequestContext.java","3","52","The constructor 'PortletRequestContext(ActionRequest)' has a NCSS line count of 2.","Design","NcssCount"
"6","org.apache.commons.fileupload.portlet","/Users/grantnelson/go/src/github.com/apache/commons-fileupload/src/main/java/org/apache/commons/fileupload/portlet/PortletRequestContext.java","3","52","The constructor 'PortletRequestContext(ActionRequest)' has a cyclomatic complexity of 1.","Design","CyclomaticComplexity"
"7","org.apache.commons.fileupload.portlet","/Users/grantnelson/go/src/github.com/apache/commons-fileupload/src/main/java/org/apache/commons/fileupload/portlet/PortletRequestContext.java","3","52","The constructor 'PortletRequestContext(ActionRequest)' has an NPath complexity of 1, current threshold is 1","Design","NPathComplexity"
"8","org.apache.commons.fileupload.portlet","/Users/grantnelson/go/src/github.com/apache/commons-fileupload/src/main/java/org/apache/commons/fileupload/portlet/PortletRequestContext.java","3","52","Avoid long parameter lists (1 parameters - threshold is 1).","Design","ExcessiveParameterList"
"9","org.apache.commons.fileupload.portlet","/Users/grantnelson/go/src/github.com/apache/commons-fileupload/src/main/java/org/apache/commons/fileupload/portlet/PortletRequestContext.java","3","64","The method 'getCharacterEncoding()' has a NCSS line count of 2.","Design","NcssCount"
"10","org.apache.commons.fileupload.portlet","/Users/grantnelson/go/src/github.com/apache/commons-fileupload/src/main/java/org/apache/commons/fileupload/portlet/PortletRequestContext.java","3","64","The method 'getCharacterEncoding()' has a cyclomatic complexity of 1.","Design","CyclomaticComplexity"
"11","org.apache.commons.fileupload.portlet","/Users/grantnelson/go/src/github.com/apache/commons-fileupload/src/main/java/org/apache/commons/fileupload/portlet/PortletRequestContext.java","3","64","The method 'getCharacterEncoding()' has an NPath complexity of 1, current threshold is 1","Design","NPathComplexity"
"12","org.apache.commons.fileupload.portlet","/Users/grantnelson/go/src/github.com/apache/commons-fileupload/src/main/java/org/apache/commons/fileupload/portlet/PortletRequestContext.java","3","73","The method 'getContentType()' has a NCSS line count of 2.","Design","NcssCount"
"13","org.apache.commons.fileupload.portlet","/Users/grantnelson/go/src/github.com/apache/commons-fileupload/src/main/java/org/apache/commons/fileupload/portlet/PortletRequestContext.java","3","73","The method 'getContentType()' has a cyclomatic complexity of 1.","Design","CyclomaticComplexity"
"14","org.apache.commons.fileupload.portlet","/Users/grantnelson/go/src/github.com/apache/commons-fileupload/src/main/java/org/apache/commons/fileupload/portlet/PortletRequestContext.java","3","73","The method 'getContentType()' has an NPath complexity of 1, current threshold is 1","Design","NPathComplexity"
"15","org.apache.commons.fileupload.portlet","/Users/grantnelson/go/src/github.com/apache/commons-fileupload/src/main/java/org/apache/commons/fileupload/portlet/PortletRequestContext.java","3","84","The method 'getContentLength()' has a NCSS line count of 2.","Design","NcssCount"
"16","org.apache.commons.fileupload.portlet","/Users/grantnelson/go/src/github.com/apache/commons-fileupload/src/main/java/org/apache/commons/fileupload/portlet/PortletRequestContext.java","3","84","The method 'getContentLength()' has a cyclomatic complexity of 1.","Design","CyclomaticComplexity"
"17","org.apache.commons.fileupload.portlet","/Users/grantnelson/go/src/github.com/apache/commons-fileupload/src/main/java/org/apache/commons/fileupload/portlet/PortletRequestContext.java","3","84","The method 'getContentLength()' has an NPath complexity of 1, current threshold is 1","Design","NPathComplexity"
"18","org.apache.commons.fileupload.portlet","/Users/grantnelson/go/src/github.com/apache/commons-fileupload/src/main/java/org/apache/commons/fileupload/portlet/PortletRequestContext.java","3","94","The method 'contentLength()' has a NCSS line count of 6.","Design","NcssCount"
"19","org.apache.commons.fileupload.portlet","/Users/grantnelson/go/src/github.com/apache/commons-fileupload/src/main/java/org/apache/commons/fileupload/portlet/PortletRequestContext.java","3","94","The method 'contentLength()' has a cognitive complexity of 1, current threshold is 1","Design","CognitiveComplexity"
"20","org.apache.commons.fileupload.portlet","/Users/grantnelson/go/src/github.com/apache/commons-fileupload/src/main/java/org/apache/commons/fileupload/portlet/PortletRequestContext.java","3","94","The method 'contentLength()' has a cyclomatic complexity of 2.","Design","CyclomaticComplexity"
"21","org.apache.commons.fileupload.portlet","/Users/grantnelson/go/src/github.com/apache/commons-fileupload/src/main/java/org/apache/commons/fileupload/portlet/PortletRequestContext.java","3","94","The method 'contentLength()' has an NPath complexity of 1, current threshold is 1","Design","NPathComplexity"
"22","org.apache.commons.fileupload.portlet","/Users/grantnelson/go/src/github.com/apache/commons-fileupload/src/main/java/org/apache/commons/fileupload/portlet/PortletRequestContext.java","3","111","The method 'getInputStream()' has a NCSS line count of 2.","Design","NcssCount"
"23","org.apache.commons.fileupload.portlet","/Users/grantnelson/go/src/github.com/apache/commons-fileupload/src/main/java/org/apache/commons/fileupload/portlet/PortletRequestContext.java","3","111","The method 'getInputStream()' has a cyclomatic complexity of 1.","Design","CyclomaticComplexity"
"24","org.apache.commons.fileupload.portlet","/Users/grantnelson/go/src/github.com/apache/commons-fileupload/src/main/java/org/apache/commons/fileupload/portlet/PortletRequestContext.java","3","111","The method 'getInputStream()' has an NPath complexity of 1, current threshold is 1","Design","NPathComplexity"
"25","org.apache.commons.fileupload.portlet","/Users/grantnelson/go/src/github.com/apache/commons-fileupload/src/main/java/org/apache/commons/fileupload/portlet/PortletRequestContext.java","3","121","The method 'toString()' has a NCSS line count of 2.","Design","NcssCount"
"26","org.apache.commons.fileupload.portlet","/Users/grantnelson/go/src/github.com/apache/commons-fileupload/src/main/java/org/apache/commons/fileupload/portlet/PortletRequestContext.java","3","121","The method 'toString()' has a cyclomatic complexity of 1.","Design","CyclomaticComplexity"
"27","org.apache.commons.fileupload.portlet","/Users/grantnelson/go/src/github.com/apache/commons-fileupload/src/main/java/org/apache/commons/fileupload/portlet/PortletRequestContext.java","3","121","The method 'toString()' has an NPath complexity of 1, current threshold is 1","Design","NPathComplexity"
"1","org.apache.commons.fileupload.servlet","/Users/grantnelson/go/src/github.com/apache/commons-fileupload/src/main/java/org/apache/commons/fileupload/servlet/FileCleanerCleanup.java","3","30","A value of 3 may denote a high amount of coupling within the class (threshold: 1)","Design","CouplingBetweenObjects"
"2","org.apache.commons.fileupload.servlet","/Users/grantnelson/go/src/github.com/apache/commons-fileupload/src/main/java/org/apache/commons/fileupload/servlet/FileCleanerCleanup.java","3","30","The class 'FileCleanerCleanup' has a NCSS line count of 10 (Highest = 2).","Design","NcssCount"
"3","org.apache.commons.fileupload.servlet","/Users/grantnelson/go/src/github.com/apache/commons-fileupload/src/main/java/org/apache/commons/fileupload/servlet/FileCleanerCleanup.java","3","30","The class 'FileCleanerCleanup' has a total cyclomatic complexity of 4 (highest 1).","Design","CyclomaticComplexity"
"4","org.apache.commons.fileupload.servlet","/Users/grantnelson/go/src/github.com/apache/commons-fileupload/src/main/java/org/apache/commons/fileupload/servlet/FileCleanerCleanup.java","3","30","This class has 4 public methods and attributes; current threshold is 1.","Design","ExcessivePublicCount"
"5","org.apache.commons.fileupload.servlet","/Users/grantnelson/go/src/github.com/apache/commons-fileupload/src/main/java/org/apache/commons/fileupload/servlet/FileCleanerCleanup.java","3","47","The method 'getFileCleaningTracker(ServletContext)' has a NCSS line count of 2.","Design","NcssCount"
"6","org.apache.commons.fileupload.servlet","/Users/grantnelson/go/src/github.com/apache/commons-fileupload/src/main/java/org/apache/commons/fileupload/servlet/FileCleanerCleanup.java","3","47","The method 'getFileCleaningTracker(ServletContext)' has a cyclomatic complexity of 1.","Design","CyclomaticComplexity"
"7","org.apache.commons.fileupload.servlet","/Users/grantnelson/go/src/github.com/apache/commons-fileupload/src/main/java/org/apache/commons/fileupload/servlet/FileCleanerCleanup.java","3","47","The method 'getFileCleaningTracker(ServletContext)' has an NPath complexity of 1, current threshold is 1","Design","NPathComplexity"
"8","org.apache.commons.fileupload.servlet","/Users/grantnelson/go/src/github.com/apache/commons-fileupload/src/main/java/org/apache/commons/fileupload/servlet/FileCleanerCleanup.java","3","47","Avoid long parameter lists (1 parameters - threshold is 1).","Design","ExcessiveParameterList"
"9","org.apache.commons.fileupload.servlet","/Users/grantnelson/go/src/github.com/apache/commons-fileupload/src/main/java/org/apache/commons/fileupload/servlet/FileCleanerCleanup.java","3","59","The method 'setFileCleaningTracker(ServletContext, FileCleaningTracker)' has a NCSS line count of 2.","Design","NcssCount"
"10","org.apache.commons.fileupload.servlet","/Users/grantnelson/go/src/github.com/apache/commons-fileupload/src/main/java/org/apache/commons/fileupload/servlet/FileCleanerCleanup.java","3","59","The method 'setFileCleaningTracker(ServletContext, FileCleaningTracker)' has a cyclomatic complexity of 1.","Design","CyclomaticComplexity"
"11","org.apache.commons.fileupload.servlet","/Users/grantnelson/go/src/github.com/apache/commons-fileupload/src/main/java/org/apache/commons/fileupload/servlet/FileCleanerCleanup.java","3","59","The method 'setFileCleaningTracker(ServletContext, FileCleaningTracker)' has an NPath complexity of 1, current threshold is 1","Design","NPathComplexity"
"12","org.apache.commons.fileupload.servlet","/Users/grantnelson/go/src/github.com/apache/commons-fileupload/src/main/java/org/apache/commons/fileupload/servlet/FileCleanerCleanup.java","3","59","Avoid long parameter lists (2 parameters - threshold is 1).","Design","ExcessiveParameterList"
"13","org.apache.commons.fileupload.servlet","/Users/grantnelson/go/src/github.com/apache/commons-fileupload/src/main/java/org/apache/commons/fileupload/servlet/FileCleanerCleanup.java","3","71","The method 'contextInitialized(ServletContextEvent)' has a NCSS line count of 2.","Design","NcssCount"
"14","org.apache.commons.fileupload.servlet","/Users/grantnelson/go/src/github.com/apache/commons-fileupload/src/main/java/org/apache/commons/fileupload/servlet/FileCleanerCleanup.java","3","71","The method 'contextInitialized(ServletContextEvent)' has a cyclomatic complexity of 1.","Design","CyclomaticComplexity"
"15","org.apache.commons.fileupload.servlet","/Users/grantnelson/go/src/github.com/apache/commons-fileupload/src/main/java/org/apache/commons/fileupload/servlet/FileCleanerCleanup.java","3","71","The method 'contextInitialized(ServletContextEvent)' has an NPath complexity of 1, current threshold is 1","Design","NPathComplexity"
"16","org.apache.commons.fileupload.servlet","/Users/grantnelson/go/src/github.com/apache/commons-fileupload/src/main/java/org/apache/commons/fileupload/servlet/FileCleanerCleanup.java","3","71","Avoid long parameter lists (1 parameters - threshold is 1).","Design","ExcessiveParameterList"
"17","org.apache.commons.fileupload.servlet","/Users/grantnelson/go/src/github.com/apache/commons-fileupload/src/main/java/org/apache/commons/fileupload/servlet/FileCleanerCleanup.java","3","83","The method 'contextDestroyed(ServletContextEvent)' has a NCSS line count of 2.","Design","NcssCount"
"18","org.apache.commons.fileupload.servlet","/Users/grantnelson/go/src/github.com/apache/commons-fileupload/src/main/java/org/apache/commons/fileupload/servlet/FileCleanerCleanup.java","3","83","The method 'contextDestroyed(ServletContextEvent)' has a cyclomatic complexity of 1.","Design","CyclomaticComplexity"
"19","org.apache.commons.fileupload.servlet","/Users/grantnelson/go/src/github.com/apache/commons-fileupload/src/main/java/org/apache/commons/fileupload/servlet/FileCleanerCleanup.java","3","83","The method 'contextDestroyed(ServletContextEvent)' has an NPath complexity of 1, current threshold is 1","Design","NPathComplexity"
"20","org.apache.commons.fileupload.servlet","/Users/grantnelson/go/src/github.com/apache/commons-fileupload/src/main/java/org/apache/commons/fileupload/servlet/FileCleanerCleanup.java","3","83","Avoid long parameter lists (1 parameters - threshold is 1).","Design","ExcessiveParameterList"
"1","org.apache.commons.fileupload.servlet","/Users/grantnelson/go/src/github.com/apache/commons-fileupload/src/main/java/org/apache/commons/fileupload/servlet/ServletFileUpload.java","3","46","A value of 5 may denote a high amount of coupling within the class (threshold: 1)","Design","CouplingBetweenObjects"
"2","org.apache.commons.fileupload.servlet","/Users/grantnelson/go/src/github.com/apache/commons-fileupload/src/main/java/org/apache/commons/fileupload/servlet/ServletFileUpload.java","3","46","The class 'ServletFileUpload' has a NCSS line count of 16 (Highest = 4).","Design","NcssCount"
"3","org.apache.commons.fileupload.servlet","/Users/grantnelson/go/src/github.com/apache/commons-fileupload/src/main/java/org/apache/commons/fileupload/servlet/ServletFileUpload.java","3","46","The class 'ServletFileUpload' has a total cyclomatic complexity of 7 (highest 2).","Design","CyclomaticComplexity"
"4","org.apache.commons.fileupload.servlet","/Users/grantnelson/go/src/github.com/apache/commons-fileupload/src/main/java/org/apache/commons/fileupload/servlet/ServletFileUpload.java","3","46","This class has 6 public methods and attributes; current threshold is 1.","Design","ExcessivePublicCount"
"5","org.apache.commons.fileupload.servlet","/Users/grantnelson/go/src/github.com/apache/commons-fileupload/src/main/java/org/apache/commons/fileupload/servlet/ServletFileUpload.java","3","64","The method 'isMultipartContent(HttpServletRequest)' has a NCSS line count of 4.","Design","NcssCount"
"6","org.apache.commons.fileupload.servlet","/Users/grantnelson/go/src/github.com/apache/commons-fileupload/src/main/java/org/apache/commons/fileupload/servlet/ServletFileUpload.java","3","64","The method 'isMultipartContent(HttpServletRequest)' has a cognitive complexity of 1, current threshold is 1","Design","CognitiveComplexity"
"7","org.apache.commons.fileupload.servlet","/Users/grantnelson/go/src/github.com/apache/commons-fileupload/src/main/java/org/apache/commons/fileupload/servlet/ServletFileUpload.java","3","64","The method 'isMultipartContent(HttpServletRequest)' has a cyclomatic complexity of 2.","Design","CyclomaticComplexity"
"8","org.apache.commons.fileupload.servlet","/Users/grantnelson/go/src/github.com/apache/commons-fileupload/src/main/java/org/apache/commons/fileupload/servlet/ServletFileUpload.java","3","64","The method 'isMultipartContent(HttpServletRequest)' has an NPath complexity of 2, current threshold is 1","Design","NPathComplexity"
"9","org.apache.commons.fileupload.servlet","/Users/grantnelson/go/src/github.com/apache/commons-fileupload/src/main/java/org/apache/commons/fileupload/servlet/ServletFileUpload.java","3","64","Avoid long parameter lists (1 parameters - threshold is 1).","Design","ExcessiveParameterList"
"10","org.apache.commons.fileupload.servlet","/Users/grantnelson/go/src/github.com/apache/commons-fileupload/src/main/java/org/apache/commons/fileupload/servlet/ServletFileUpload.java","3","81","The constructor 'ServletFileUpload()' has a NCSS line count of 2.","Design","NcssCount"
"11","org.apache.commons.fileupload.servlet","/Users/grantnelson/go/src/github.com/apache/commons-fileupload/src/main/java/org/apache/commons/fileupload/servlet/ServletFileUpload.java","3","81","The constructor 'ServletFileUpload()' has a cyclomatic complexity of 1.","Design","CyclomaticComplexity"
"12","org.apache.commons.fileupload.servlet","/Users/grantnelson/go/src/github.com/apache/commons-fileupload/src/main/java/org/apache/commons/fileupload/servlet/ServletFileUpload.java","3","81","The constructor 'ServletFileUpload()' has an NPath complexity of 1, current threshold is 1","Design","NPathComplexity"
"13","org.apache.commons.fileupload.servlet","/Users/grantnelson/go/src/github.com/apache/commons-fileupload/src/main/java/org/apache/commons/fileupload/servlet/ServletFileUpload.java","3","92","The constructor 'ServletFileUpload(FileItemFactory)' has a NCSS line count of 2.","Design","NcssCount"
"14","org.apache.commons.fileupload.servlet","/Users/grantnelson/go/src/github.com/apache/commons-fileupload/src/main/java/org/apache/commons/fileupload/servlet/ServletFileUpload.java","3","92","The constructor 'ServletFileUpload(FileItemFactory)' has a cyclomatic complexity of 1.","Design","CyclomaticComplexity"
"15","org.apache.commons.fileupload.servlet","/Users/grantnelson/go/src/github.com/apache/commons-fileupload/src/main/java/org/apache/commons/fileupload/servlet/ServletFileUpload.java","3","92","The constructor 'ServletFileUpload(FileItemFactory)' has an NPath complexity of 1, current threshold is 1","Design","NPathComplexity"
"16","org.apache.commons.fileupload.servlet","/Users/grantnelson/go/src/github.com/apache/commons-fileupload/src/main/java/org/apache/commons/fileupload/servlet/ServletFileUpload.java","3","92","Avoid long parameter lists (1 parameters - threshold is 1).","Design","ExcessiveParameterList"
"17","org.apache.commons.fileupload.servlet","/Users/grantnelson/go/src/github.com/apache/commons-fileupload/src/main/java/org/apache/commons/fileupload/servlet/ServletFileUpload.java","3","111","The method 'parseRequest(HttpServletRequest)' has a NCSS line count of 2.","Design","NcssCount"
"18","org.apache.commons.fileupload.servlet","/Users/grantnelson/go/src/github.com/apache/commons-fileupload/src/main/java/org/apache/commons/fileupload/servlet/ServletFileUpload.java","3","111","The method 'parseRequest(HttpServletRequest)' has a cognitive complexity of 1, current threshold is 1","Design","CognitiveComplexity"
"19","org.apache.commons.fileupload.servlet","/Users/grantnelson/go/src/github.com/apache/commons-fileupload/src/main/java/org/apache/commons/fileupload/servlet/ServletFileUpload.java","3","111","The method 'parseRequest(HttpServletRequest)' has a cyclomatic complexity of 1.","Design","CyclomaticComplexity"
"20","org.apache.commons.fileupload.servlet","/Users/grantnelson/go/src/github.com/apache/commons-fileupload/src/main/java/org/apache/commons/fileupload/servlet/ServletFileUpload.java","3","111","The method 'parseRequest(HttpServletRequest)' has an NPath complexity of 1, current threshold is 1","Design","NPathComplexity"
"21","org.apache.commons.fileupload.servlet","/Users/grantnelson/go/src/github.com/apache/commons-fileupload/src/main/java/org/apache/commons/fileupload/servlet/ServletFileUpload.java","3","111","Avoid long parameter lists (1 parameters - threshold is 1).","Design","ExcessiveParameterList"
"22","org.apache.commons.fileupload.servlet","/Users/grantnelson/go/src/github.com/apache/commons-fileupload/src/main/java/org/apache/commons/fileupload/servlet/ServletFileUpload.java","3","129","The method 'parseParameterMap(HttpServletRequest)' has a NCSS line count of 2.","Design","NcssCount"
"23","org.apache.commons.fileupload.servlet","/Users/grantnelson/go/src/github.com/apache/commons-fileupload/src/main/java/org/apache/commons/fileupload/servlet/ServletFileUpload.java","3","129","The method 'parseParameterMap(HttpServletRequest)' has a cognitive complexity of 1, current threshold is 1","Design","CognitiveComplexity"
"24","org.apache.commons.fileupload.servlet","/Users/grantnelson/go/src/github.com/apache/commons-fileupload/src/main/java/org/apache/commons/fileupload/servlet/ServletFileUpload.java","3","129","The method 'parseParameterMap(HttpServletRequest)' has a cyclomatic complexity of 1.","Design","CyclomaticComplexity"
"25","org.apache.commons.fileupload.servlet","/Users/grantnelson/go/src/github.com/apache/commons-fileupload/src/main/java/org/apache/commons/fileupload/servlet/ServletFileUpload.java","3","129","The method 'parseParameterMap(HttpServletRequest)' has an NPath complexity of 1, current threshold is 1","Design","NPathComplexity"
"26","org.apache.commons.fileupload.servlet","/Users/grantnelson/go/src/github.com/apache/commons-fileupload/src/main/java/org/apache/commons/fileupload/servlet/ServletFileUpload.java","3","129","Avoid long parameter lists (1 parameters - threshold is 1).","Design","ExcessiveParameterList"
"27","org.apache.commons.fileupload.servlet","/Users/grantnelson/go/src/github.com/apache/commons-fileupload/src/main/java/org/apache/commons/fileupload/servlet/ServletFileUpload.java","3","150","The method 'getItemIterator(HttpServletRequest)' has a NCSS line count of 2.","Design","NcssCount"
"28","org.apache.commons.fileupload.servlet","/Users/grantnelson/go/src/github.com/apache/commons-fileupload/src/main/java/org/apache/commons/fileupload/servlet/ServletFileUpload.java","3","150","The method 'getItemIterator(HttpServletRequest)' has a cyclomatic complexity of 1.","Design","CyclomaticComplexity"
"29","org.apache.commons.fileupload.servlet","/Users/grantnelson/go/src/github.com/apache/commons-fileupload/src/main/java/org/apache/commons/fileupload/servlet/ServletFileUpload.java","3","150","The method 'getItemIterator(HttpServletRequest)' has an NPath complexity of 1, current threshold is 1","Design","NPathComplexity"
"30","org.apache.commons.fileupload.servlet","/Users/grantnelson/go/src/github.com/apache/commons-fileupload/src/main/java/org/apache/commons/fileupload/servlet/ServletFileUpload.java","3","150","Avoid long parameter lists (1 parameters - threshold is 1).","Design","ExcessiveParameterList"
"1","org.apache.commons.fileupload.servlet","/Users/grantnelson/go/src/github.com/apache/commons-fileupload/src/main/java/org/apache/commons/fileupload/servlet/ServletRequestContext.java","3","35","A value of 2 may denote a high amount of coupling within the class (threshold: 1)","Design","CouplingBetweenObjects"
"2","org.apache.commons.fileupload.servlet","/Users/grantnelson/go/src/github.com/apache/commons-fileupload/src/main/java/org/apache/commons/fileupload/servlet/ServletRequestContext.java","3","35","The class 'ServletRequestContext' has a NCSS line count of 20 (Highest = 6).","Design","NcssCount"
"3","org.apache.commons.fileupload.servlet","/Users/grantnelson/go/src/github.com/apache/commons-fileupload/src/main/java/org/apache/commons/fileupload/servlet/ServletRequestContext.java","3","35","The class 'ServletRequestContext' has a total cyclomatic complexity of 8 (highest 2).","Design","CyclomaticComplexity"
"4","org.apache.commons.fileupload.servlet","/Users/grantnelson/go/src/github.com/apache/commons-fileupload/src/main/java/org/apache/commons/fileupload/servlet/ServletRequestContext.java","3","35","This class has 7 public methods and attributes; current threshold is 1.","Design","ExcessivePublicCount"
"5","org.apache.commons.fileupload.servlet","/Users/grantnelson/go/src/github.com/apache/commons-fileupload/src/main/java/org/apache/commons/fileupload/servlet/ServletRequestContext.java","3","51","The constructor 'ServletRequestContext(HttpServletRequest)' has a NCSS line count of 2.","Design","NcssCount"
"6","org.apache.commons.fileupload.servlet","/Users/grantnelson/go/src/github.com/apache/commons-fileupload/src/main/java/org/apache/commons/fileupload/servlet/ServletRequestContext.java","3","51","The constructor 'ServletRequestContext(HttpServletRequest)' has a cyclomatic complexity of 1.","Design","CyclomaticComplexity"
"7","org.apache.commons.fileupload.servlet","/Users/grantnelson/go/src/github.com/apache/commons-fileupload/src/main/java/org/apache/commons/fileupload/servlet/ServletRequestContext.java","3","51","The constructor 'ServletRequestContext(HttpServletRequest)' has an NPath complexity of 1, current threshold is 1","Design","NPathComplexity"
"8","org.apache.commons.fileupload.servlet","/Users/grantnelson/go/src/github.com/apache/commons-fileupload/src/main/java/org/apache/commons/fileupload/servlet/ServletRequestContext.java","3","51","Avoid long parameter lists (1 parameters - threshold is 1).","Design","ExcessiveParameterList"
"9","org.apache.commons.fileupload.servlet","/Users/grantnelson/go/src/github.com/apache/commons-fileupload/src/main/java/org/apache/commons/fileupload/servlet/ServletRequestContext.java","3","62","The method 'getCharacterEncoding()' has a NCSS line count of 2.","Design","NcssCount"
"10","org.apache.commons.fileupload.servlet","/Users/grantnelson/go/src/github.com/apache/commons-fileupload/src/main/java/org/apache/commons/fileupload/servlet/ServletRequestContext.java","3","62","The method 'getCharacterEncoding()' has a cyclomatic complexity of 1.","Design","CyclomaticComplexity"
"11","org.apache.commons.fileupload.servlet","/Users/grantnelson/go/src/github.com/apache/commons-fileupload/src/main/java/org/apache/commons/fileupload/servlet/ServletRequestContext.java","3","62","The method 'getCharacterEncoding()' has an NPath complexity of 1, current threshold is 1","Design","NPathComplexity"
"12","org.apache.commons.fileupload.servlet","/Users/grantnelson/go/src/github.com/apache/commons-fileupload/src/main/java/org/apache/commons/fileupload/servlet/ServletRequestContext.java","3","71","The method 'getContentType()' has a NCSS line count of 2.","Design","NcssCount"
"13","org.apache.commons.fileupload.servlet","/Users/grantnelson/go/src/github.com/apache/commons-fileupload/src/main/java/org/apache/commons/fileupload/servlet/ServletRequestContext.java","3","71","The method 'getContentType()' has a cyclomatic complexity of 1.","Design","CyclomaticComplexity"
"14","org.apache.commons.fileupload.servlet","/Users/grantnelson/go/src/github.com/apache/commons-fileupload/src/main/java/org/apache/commons/fileupload/servlet/ServletRequestContext.java","3","71","The method 'getContentType()' has an NPath complexity of 1, current threshold is 1","Design","NPathComplexity"
"15","org.apache.commons.fileupload.servlet","/Users/grantnelson/go/src/github.com/apache/commons-fileupload/src/main/java/org/apache/commons/fileupload/servlet/ServletRequestContext.java","3","82","The method 'getContentLength()' has a NCSS line count of 2.","Design","NcssCount"
"16","org.apache.commons.fileupload.servlet","/Users/grantnelson/go/src/github.com/apache/commons-fileupload/src/main/java/org/apache/commons/fileupload/servlet/ServletRequestContext.java","3","82","The method 'getContentLength()' has a cyclomatic complexity of 1.","Design","CyclomaticComplexity"
"17","org.apache.commons.fileupload.servlet","/Users/grantnelson/go/src/github.com/apache/commons-fileupload/src/main/java/org/apache/commons/fileupload/servlet/ServletRequestContext.java","3","82","The method 'getContentLength()' has an NPath complexity of 1, current threshold is 1","Design","NPathComplexity"
"18","org.apache.commons.fileupload.servlet","/Users/grantnelson/go/src/github.com/apache/commons-fileupload/src/main/java/org/apache/commons/fileupload/servlet/ServletRequestContext.java","3","92","The method 'contentLength()' has a NCSS line count of 6.","Design","NcssCount"
"19","org.apache.commons.fileupload.servlet","/Users/grantnelson/go/src/github.com/apache/commons-fileupload/src/main/java/org/apache/commons/fileupload/servlet/ServletRequestContext.java","3","92","The method 'contentLength()' has a cognitive complexity of 1, current threshold is 1","Design","CognitiveComplexity"
"20","org.apache.commons.fileupload.servlet","/Users/grantnelson/go/src/github.com/apache/commons-fileupload/src/main/java/org/apache/commons/fileupload/servlet/ServletRequestContext.java","3","92","The method 'contentLength()' has a cyclomatic complexity of 2.","Design","CyclomaticComplexity"
"21","org.apache.commons.fileupload.servlet","/Users/grantnelson/go/src/github.com/apache/commons-fileupload/src/main/java/org/apache/commons/fileupload/servlet/ServletRequestContext.java","3","92","The method 'contentLength()' has an NPath complexity of 1, current threshold is 1","Design","NPathComplexity"
"22","org.apache.commons.fileupload.servlet","/Users/grantnelson/go/src/github.com/apache/commons-fileupload/src/main/java/org/apache/commons/fileupload/servlet/ServletRequestContext.java","3","109","The method 'getInputStream()' has a NCSS line count of 2.","Design","NcssCount"
"23","org.apache.commons.fileupload.servlet","/Users/grantnelson/go/src/github.com/apache/commons-fileupload/src/main/java/org/apache/commons/fileupload/servlet/ServletRequestContext.java","3","109","The method 'getInputStream()' has a cyclomatic complexity of 1.","Design","CyclomaticComplexity"
"24","org.apache.commons.fileupload.servlet","/Users/grantnelson/go/src/github.com/apache/commons-fileupload/src/main/java/org/apache/commons/fileupload/servlet/ServletRequestContext.java","3","109","The method 'getInputStream()' has an NPath complexity of 1, current threshold is 1","Design","NPathComplexity"
"25","org.apache.commons.fileupload.servlet","/Users/grantnelson/go/src/github.com/apache/commons-fileupload/src/main/java/org/apache/commons/fileupload/servlet/ServletRequestContext.java","3","119","The method 'toString()' has a NCSS line count of 2.","Design","NcssCount"
"26","org.apache.commons.fileupload.servlet","/Users/grantnelson/go/src/github.com/apache/commons-fileupload/src/main/java/org/apache/commons/fileupload/servlet/ServletRequestContext.java","3","119","The method 'toString()' has a cyclomatic complexity of 1.","Design","CyclomaticComplexity"
"27","org.apache.commons.fileupload.servlet","/Users/grantnelson/go/src/github.com/apache/commons-fileupload/src/main/java/org/apache/commons/fileupload/servlet/ServletRequestContext.java","3","119","The method 'toString()' has an NPath complexity of 1, current threshold is 1","Design","NPathComplexity"
"1","org.apache.commons.fileupload.util","/Users/grantnelson/go/src/github.com/apache/commons-fileupload/src/main/java/org/apache/commons/fileupload/util/Closeable.java","3","24","The interface 'Closeable' has a NCSS line count of 3 (Highest = 1).","Design","NcssCount"
"2","org.apache.commons.fileupload.util","/Users/grantnelson/go/src/github.com/apache/commons-fileupload/src/main/java/org/apache/commons/fileupload/util/Closeable.java","3","24","This class has 2 public methods and attributes; current threshold is 1.","Design","ExcessivePublicCount"
"3","org.apache.commons.fileupload.util","/Users/grantnelson/go/src/github.com/apache/commons-fileupload/src/main/java/org/apache/commons/fileupload/util/Closeable.java","3","31","The method 'close()' has a NCSS line count of 1.","Design","NcssCount"
"4","org.apache.commons.fileupload.util","/Users/grantnelson/go/src/github.com/apache/commons-fileupload/src/main/java/org/apache/commons/fileupload/util/Closeable.java","3","31","The method 'close()' has a cyclomatic complexity of 1.","Design","CyclomaticComplexity"
"5","org.apache.commons.fileupload.util","/Users/grantnelson/go/src/github.com/apache/commons-fileupload/src/main/java/org/apache/commons/fileupload/util/Closeable.java","3","31","The method 'close()' has an NPath complexity of 1, current threshold is 1","Design","NPathComplexity"
"6","org.apache.commons.fileupload.util","/Users/grantnelson/go/src/github.com/apache/commons-fileupload/src/main/java/org/apache/commons/fileupload/util/Closeable.java","3","39","The method 'isClosed()' has a NCSS line count of 1.","Design","NcssCount"
"7","org.apache.commons.fileupload.util","/Users/grantnelson/go/src/github.com/apache/commons-fileupload/src/main/java/org/apache/commons/fileupload/util/Closeable.java","3","39","The method 'isClosed()' has a cyclomatic complexity of 1.","Design","CyclomaticComplexity"
"8","org.apache.commons.fileupload.util","/Users/grantnelson/go/src/github.com/apache/commons-fileupload/src/main/java/org/apache/commons/fileupload/util/Closeable.java","3","39","The method 'isClosed()' has an NPath complexity of 1, current threshold is 1","Design","NPathComplexity"
"1","org.apache.commons.fileupload.util","/Users/grantnelson/go/src/github.com/apache/commons-fileupload/src/main/java/org/apache/commons/fileupload/util/FileItemHeadersImpl.java","3","35","A value of 3 may denote a high amount of coupling within the class (threshold: 1)","Design","CouplingBetweenObjects"
"2","org.apache.commons.fileupload.util","/Users/grantnelson/go/src/github.com/apache/commons-fileupload/src/main/java/org/apache/commons/fileupload/util/FileItemHeadersImpl.java","3","35","The class 'FileItemHeadersImpl' has a NCSS line count of 24 (Highest = 7).","Design","NcssCount"
"3","org.apache.commons.fileupload.util","/Users/grantnelson/go/src/github.com/apache/commons-fileupload/src/main/java/org/apache/commons/fileupload/util/FileItemHeadersImpl.java","3","35","The class 'FileItemHeadersImpl' has a total cyclomatic complexity of 7 (highest 2).","Design","CyclomaticComplexity"
"4","org.apache.commons.fileupload.util","/Users/grantnelson/go/src/github.com/apache/commons-fileupload/src/main/java/org/apache/commons/fileupload/util/FileItemHeadersImpl.java","3","35","This class has 4 public methods and attributes; current threshold is 1.","Design","ExcessivePublicCount"
"5","org.apache.commons.fileupload.util","/Users/grantnelson/go/src/github.com/apache/commons-fileupload/src/main/java/org/apache/commons/fileupload/util/FileItemHeadersImpl.java","3","51","The method 'getHeader(String)' has a NCSS line count of 6.","Design","NcssCount"
"6","org.apache.commons.fileupload.util","/Users/grantnelson/go/src/github.com/apache/commons-fileupload/src/main/java/org/apache/commons/fileupload/util/FileItemHeadersImpl.java","3","51","The method 'getHeader(String)' has a cognitive complexity of 1, current threshold is 1","Design","CognitiveComplexity"
"7","org.apache.commons.fileupload.util","/Users/grantnelson/go/src/github.com/apache/commons-fileupload/src/main/java/org/apache/commons/fileupload/util/FileItemHeadersImpl.java","3","51","The method 'getHeader(String)' has a cyclomatic complexity of 2.","Design","CyclomaticComplexity"
"8","org.apache.commons.fileupload.util","/Users/grantnelson/go/src/github.com/apache/commons-fileupload/src/main/java/org/apache/commons/fileupload/util/FileItemHeadersImpl.java","3","51","The method 'getHeader(String)' has an NPath complexity of 2, current threshold is 1","Design","NPathComplexity"
"9","org.apache.commons.fileupload.util","/Users/grantnelson/go/src/github.com/apache/commons-fileupload/src/main/java/org/apache/commons/fileupload/util/FileItemHeadersImpl.java","3","51","Avoid long parameter lists (1 parameters - threshold is 1).","Design","ExcessiveParameterList"
"10","org.apache.commons.fileupload.util","/Users/grantnelson/go/src/github.com/apache/commons-fileupload/src/main/java/org/apache/commons/fileupload/util/FileItemHeadersImpl.java","3","63","The method 'getHeaderNames()' has a NCSS line count of 2.","Design","NcssCount"
"11","org.apache.commons.fileupload.util","/Users/grantnelson/go/src/github.com/apache/commons-fileupload/src/main/java/org/apache/commons/fileupload/util/FileItemHeadersImpl.java","3","63","The method 'getHeaderNames()' has a cyclomatic complexity of 1.","Design","CyclomaticComplexity"
"12","org.apache.commons.fileupload.util","/Users/grantnelson/go/src/github.com/apache/commons-fileupload/src/main/java/org/apache/commons/fileupload/util/FileItemHeadersImpl.java","3","63","The method 'getHeaderNames()' has an NPath complexity of 1, current threshold is 1","Design","NPathComplexity"
"13","org.apache.commons.fileupload.util","/Users/grantnelson/go/src/github.com/apache/commons-fileupload/src/main/java/org/apache/commons/fileupload/util/FileItemHeadersImpl.java","3","70","The method 'getHeaders(String)' has a NCSS line count of 6.","Design","NcssCount"
"14","org.apache.commons.fileupload.util","/Users/grantnelson/go/src/github.com/apache/commons-fileupload/src/main/java/org/apache/commons/fileupload/util/FileItemHeadersImpl.java","3","70","The method 'getHeaders(String)' has a cognitive complexity of 1, current threshold is 1","Design","CognitiveComplexity"
"15","org.apache.commons.fileupload.util","/Users/grantnelson/go/src/github.com/apache/commons-fileupload/src/main/java/org/apache/commons/fileupload/util/FileItemHeadersImpl.java","3","70","The method 'getHeaders(String)' has a cyclomatic complexity of 2.","Design","CyclomaticComplexity"
"16","org.apache.commons.fileupload.util","/Users/grantnelson/go/src/github.com/apache/commons-fileupload/src/main/java/org/apache/commons/fileupload/util/FileItemHeadersImpl.java","3","70","The method 'getHeaders(String)' has an NPath complexity of 2, current threshold is 1","Design","NPathComplexity"
"17","org.apache.commons.fileupload.util","/Users/grantnelson/go/src/github.com/apache/commons-fileupload/src/main/java/org/apache/commons/fileupload/util/FileItemHeadersImpl.java","3","70","Avoid long parameter lists (1 parameters - threshold is 1).","Design","ExcessiveParameterList"
"18","org.apache.commons.fileupload.util","/Users/grantnelson/go/src/github.com/apache/commons-fileupload/src/main/java/org/apache/commons/fileupload/util/FileItemHeadersImpl.java","3","85","The method 'addHeader(String, String)' has a NCSS line count of 7.","Design","NcssCount"
"19","org.apache.commons.fileupload.util","/Users/grantnelson/go/src/github.com/apache/commons-fileupload/src/main/java/org/apache/commons/fileupload/util/FileItemHeadersImpl.java","3","85","The method 'addHeader(String, String)' has a cognitive complexity of 1, current threshold is 1","Design","CognitiveComplexity"
"20","org.apache.commons.fileupload.util","/Users/grantnelson/go/src/github.com/apache/commons-fileupload/src/main/java/org/apache/commons/fileupload/util/FileItemHeadersImpl.java","3","85","The method 'addHeader(String, String)' has a cyclomatic complexity of 2.","Design","CyclomaticComplexity"
"21","org.apache.commons.fileupload.util","/Users/grantnelson/go/src/github.com/apache/commons-fileupload/src/main/java/org/apache/commons/fileupload/util/FileItemHeadersImpl.java","3","85","The method 'addHeader(String, String)' has an NPath complexity of 2, current threshold is 1","Design","NPathComplexity"
"22","org.apache.commons.fileupload.util","/Users/grantnelson/go/src/github.com/apache/commons-fileupload/src/main/java/org/apache/commons/fileupload/util/FileItemHeadersImpl.java","3","85","Avoid long parameter lists (2 parameters - threshold is 1).","Design","ExcessiveParameterList"
"1","org.apache.commons.fileupload.util","/Users/grantnelson/go/src/github.com/apache/commons-fileupload/src/main/java/org/apache/commons/fileupload/util/LimitedInputStream.java","3","27","The class 'LimitedInputStream' has a NCSS line count of 28 (Highest = 6).","Design","NcssCount"
"2","org.apache.commons.fileupload.util","/Users/grantnelson/go/src/github.com/apache/commons-fileupload/src/main/java/org/apache/commons/fileupload/util/LimitedInputStream.java","3","27","The class 'LimitedInputStream' has a total cyclomatic complexity of 10 (highest 2).","Design","CyclomaticComplexity"
"3","org.apache.commons.fileupload.util","/Users/grantnelson/go/src/github.com/apache/commons-fileupload/src/main/java/org/apache/commons/fileupload/util/LimitedInputStream.java","3","27","This class has 5 public methods and attributes; current threshold is 1.","Design","ExcessivePublicCount"
"4","org.apache.commons.fileupload.util","/Users/grantnelson/go/src/github.com/apache/commons-fileupload/src/main/java/org/apache/commons/fileupload/util/LimitedInputStream.java","3","51","The constructor 'LimitedInputStream(InputStream, long)' has a NCSS line count of 3.","Design","NcssCount"
"5","org.apache.commons.fileupload.util","/Users/grantnelson/go/src/github.com/apache/commons-fileupload/src/main/java/org/apache/commons/fileupload/util/LimitedInputStream.java","3","51","The constructor 'LimitedInputStream(InputStream, long)' has a cyclomatic complexity of 1.","Design","CyclomaticComplexity"
"6","org.apache.commons.fileupload.util","/Users/grantnelson/go/src/github.com/apache/commons-fileupload/src/main/java/org/apache/commons/fileupload/util/LimitedInputStream.java","3","51","The constructor 'LimitedInputStream(InputStream, long)' has an NPath complexity of 1, current threshold is 1","Design","NPathComplexity"
"7","org.apache.commons.fileupload.util","/Users/grantnelson/go/src/github.com/apache/commons-fileupload/src/main/java/org/apache/commons/fileupload/util/LimitedInputStream.java","3","51","Avoid long parameter lists (2 parameters - threshold is 1).","Design","ExcessiveParameterList"
"8","org.apache.commons.fileupload.util","/Users/grantnelson/go/src/github.com/apache/commons-fileupload/src/main/java/org/apache/commons/fileupload/util/LimitedInputStream.java","3","65","The method 'raiseError(long, long)' has a NCSS line count of 1.","Design","NcssCount"
"9","org.apache.commons.fileupload.util","/Users/grantnelson/go/src/github.com/apache/commons-fileupload/src/main/java/org/apache/commons/fileupload/util/LimitedInputStream.java","3","65","The method 'raiseError(long, long)' has a cyclomatic complexity of 1.","Design","CyclomaticComplexity"
"10","org.apache.commons.fileupload.util","/Users/grantnelson/go/src/github.com/apache/commons-fileupload/src/main/java/org/apache/commons/fileupload/util/LimitedInputStream.java","3","65","The method 'raiseError(long, long)' has an NPath complexity of 1, current threshold is 1","Design","NPathComplexity"
"11","org.apache.commons.fileupload.util","/Users/grantnelson/go/src/github.com/apache/commons-fileupload/src/main/java/org/apache/commons/fileupload/util/LimitedInputStream.java","3","65","Avoid long parameter lists (2 parameters - threshold is 1).","Design","ExcessiveParameterList"
"12","org.apache.commons.fileupload.util","/Users/grantnelson/go/src/github.com/apache/commons-fileupload/src/main/java/org/apache/commons/fileupload/util/LimitedInputStream.java","3","74","The method 'checkLimit()' has a NCSS line count of 3.","Design","NcssCount"
"13","org.apache.commons.fileupload.util","/Users/grantnelson/go/src/github.com/apache/commons-fileupload/src/main/java/org/apache/commons/fileupload/util/LimitedInputStream.java","3","74","The method 'checkLimit()' has a cognitive complexity of 1, current threshold is 1","Design","CognitiveComplexity"
"14","org.apache.commons.fileupload.util","/Users/grantnelson/go/src/github.com/apache/commons-fileupload/src/main/java/org/apache/commons/fileupload/util/LimitedInputStream.java","3","74","The method 'checkLimit()' has a cyclomatic complexity of 2.","Design","CyclomaticComplexity"
"15","org.apache.commons.fileupload.util","/Users/grantnelson/go/src/github.com/apache/commons-fileupload/src/main/java/org/apache/commons/fileupload/util/LimitedInputStream.java","3","74","The method 'checkLimit()' has an NPath complexity of 2, current threshold is 1","Design","NPathComplexity"
"16","org.apache.commons.fileupload.util","/Users/grantnelson/go/src/github.com/apache/commons-fileupload/src/main/java/org/apache/commons/fileupload/util/LimitedInputStream.java","3","98","The method 'read()' has a NCSS line count of 6.","Design","NcssCount"
"17","org.apache.commons.fileupload.util","/Users/grantnelson/go/src/github.com/apache/commons-fileupload/src/main/java/org/apache/commons/fileupload/util/LimitedInputStream.java","3","98","The method 'read()' has a cognitive complexity of 1, current threshold is 1","Design","CognitiveComplexity"
"18","org.apache.commons.fileupload.util","/Users/grantnelson/go/src/github.com/apache/commons-fileupload/src/main/java/org/apache/commons/fileupload/util/LimitedInputStream.java","3","98","The method 'read()' has a cyclomatic complexity of 2.","Design","CyclomaticComplexity"
"19","org.apache.commons.fileupload.util","/Users/grantnelson/go/src/github.com/apache/commons-fileupload/src/main/java/org/apache/commons/fileupload/util/LimitedInputStream.java","3","98","The method 'read()' has an NPath complexity of 2, current threshold is 1","Design","NPathComplexity"
"20","org.apache.commons.fileupload.util","/Users/grantnelson/go/src/github.com/apache/commons-fileupload/src/main/java/org/apache/commons/fileupload/util/LimitedInputStream.java","3","131","The method 'read(byte[], int, int)' has a NCSS line count of 6.","Design","NcssCount"
"21","org.apache.commons.fileupload.util","/Users/grantnelson/go/src/github.com/apache/commons-fileupload/src/main/java/org/apache/commons/fileupload/util/LimitedInputStream.java","3","131","The method 'read(byte[], int, int)' has a cognitive complexity of 1, current threshold is 1","Design","CognitiveComplexity"
"22","org.apache.commons.fileupload.util","/Users/grantnelson/go/src/github.com/apache/commons-fileupload/src/main/java/org/apache/commons/fileupload/util/LimitedInputStream.java","3","131","The method 'read(byte[], int, int)' has a cyclomatic complexity of 2.","Design","CyclomaticComplexity"
"23","org.apache.commons.fileupload.util","/Users/grantnelson/go/src/github.com/apache/commons-fileupload/src/main/java/org/apache/commons/fileupload/util/LimitedInputStream.java","3","131","The method 'read(byte[], int, int)' has an NPath complexity of 2, current threshold is 1","Design","NPathComplexity"
"24","org.apache.commons.fileupload.util","/Users/grantnelson/go/src/github.com/apache/commons-fileupload/src/main/java/org/apache/commons/fileupload/util/LimitedInputStream.java","3","131","Avoid long parameter lists (3 parameters - threshold is 1).","Design","ExcessiveParameterList"
"25","org.apache.commons.fileupload.util","/Users/grantnelson/go/src/github.com/apache/commons-fileupload/src/main/java/org/apache/commons/fileupload/util/LimitedInputStream.java","3","146","The method 'isClosed()' has a NCSS line count of 2.","Design","NcssCount"
"26","org.apache.commons.fileupload.util","/Users/grantnelson/go/src/github.com/apache/commons-fileupload/src/main/java/org/apache/commons/fileupload/util/LimitedInputStream.java","3","146","The method 'isClosed()' has a cyclomatic complexity of 1.","Design","CyclomaticComplexity"
"27","org.apache.commons.fileupload.util","/Users/grantnelson/go/src/github.com/apache/commons-fileupload/src/main/java/org/apache/commons/fileupload/util/LimitedInputStream.java","3","146","The method 'isClosed()' has an NPath complexity of 1, current threshold is 1","Design","NPathComplexity"
"28","org.apache.commons.fileupload.util","/Users/grantnelson/go/src/github.com/apache/commons-fileupload/src/main/java/org/apache/commons/fileupload/util/LimitedInputStream.java","3","160","The method 'close()' has a NCSS line count of 3.","Design","NcssCount"
"29","org.apache.commons.fileupload.util","/Users/grantnelson/go/src/github.com/apache/commons-fileupload/src/main/java/org/apache/commons/fileupload/util/LimitedInputStream.java","3","160","The method 'close()' has a cyclomatic complexity of 1.","Design","CyclomaticComplexity"
"30","org.apache.commons.fileupload.util","/Users/grantnelson/go/src/github.com/apache/commons-fileupload/src/main/java/org/apache/commons/fileupload/util/LimitedInputStream.java","3","160","The method 'close()' has an NPath complexity of 1, current threshold is 1","Design","NPathComplexity"
"1","org.apache.commons.fileupload.util","/Users/grantnelson/go/src/github.com/apache/commons-fileupload/src/main/java/org/apache/commons/fileupload/util/Streams.java","3","30","A value of 3 may denote a high amount of coupling within the class (threshold: 1)","Design","CouplingBetweenObjects"
"2","org.apache.commons.fileupload.util","/Users/grantnelson/go/src/github.com/apache/commons-fileupload/src/main/java/org/apache/commons/fileupload/util/Streams.java","3","30","The class 'Streams' has a NCSS line count of 52 (Highest = 25).","Design","NcssCount"
"3","org.apache.commons.fileupload.util","/Users/grantnelson/go/src/github.com/apache/commons-fileupload/src/main/java/org/apache/commons/fileupload/util/Streams.java","3","30","The class 'Streams' has a total cyclomatic complexity of 18 (highest 8).","Design","CyclomaticComplexity"
"4","org.apache.commons.fileupload.util","/Users/grantnelson/go/src/github.com/apache/commons-fileupload/src/main/java/org/apache/commons/fileupload/util/Streams.java","3","30","This class has 5 public methods and attributes; current threshold is 1.","Design","ExcessivePublicCount"
"5","org.apache.commons.fileupload.util","/Users/grantnelson/go/src/github.com/apache/commons-fileupload/src/main/java/org/apache/commons/fileupload/util/Streams.java","3","36","The constructor 'Streams()' has a NCSS line count of 1.","Design","NcssCount"
"6","org.apache.commons.fileupload.util","/Users/grantnelson/go/src/github.com/apache/commons-fileupload/src/main/java/org/apache/commons/fileupload/util/Streams.java","3","36","The constructor 'Streams()' has a cyclomatic complexity of 1.","Design","CyclomaticComplexity"
"7","org.apache.commons.fileupload.util","/Users/grantnelson/go/src/github.com/apache/commons-fileupload/src/main/java/org/apache/commons/fileupload/util/Streams.java","3","36","The constructor 'Streams()' has an NPath complexity of 1, current threshold is 1","Design","NPathComplexity"
"8","org.apache.commons.fileupload.util","/Users/grantnelson/go/src/github.com/apache/commons-fileupload/src/main/java/org/apache/commons/fileupload/util/Streams.java","3","66","The method 'copy(InputStream, OutputStream, boolean)' has a NCSS line count of 2.","Design","NcssCount"
"9","org.apache.commons.fileupload.util","/Users/grantnelson/go/src/github.com/apache/commons-fileupload/src/main/java/org/apache/commons/fileupload/util/Streams.java","3","66","The method 'copy(InputStream, OutputStream, boolean)' has a cyclomatic complexity of 1.","Design","CyclomaticComplexity"
"10","org.apache.commons.fileupload.util","/Users/grantnelson/go/src/github.com/apache/commons-fileupload/src/main/java/org/apache/commons/fileupload/util/Streams.java","3","66","The method 'copy(InputStream, OutputStream, boolean)' has an NPath complexity of 1, current threshold is 1","Design","NPathComplexity"
"11","org.apache.commons.fileupload.util","/Users/grantnelson/go/src/github.com/apache/commons-fileupload/src/main/java/org/apache/commons/fileupload/util/Streams.java","3","66","Avoid long parameter lists (3 parameters - threshold is 1).","Design","ExcessiveParameterList"
"12","org.apache.commons.fileupload.util","/Users/grantnelson/go/src/github.com/apache/commons-fileupload/src/main/java/org/apache/commons/fileupload/util/Streams.java","3","89","The method 'copy(InputStream, OutputStream, boolean, byte[])' has a NCSS line count of 25.","Design","NcssCount"
"13","org.apache.commons.fileupload.util","/Users/grantnelson/go/src/github.com/apache/commons-fileupload/src/main/java/org/apache/commons/fileupload/util/Streams.java","3","89","The method 'copy(InputStream, OutputStream, boolean, byte[])' has a cognitive complexity of 13, current threshold is 1","Design","CognitiveComplexity"
"14","org.apache.commons.fileupload.util","/Users/grantnelson/go/src/github.com/apache/commons-fileupload/src/main/java/org/apache/commons/fileupload/util/Streams.java","3","89","The method 'copy(InputStream, OutputStream, boolean, byte[])' has a cyclomatic complexity of 8.","Design","CyclomaticComplexity"
"15","org.apache.commons.fileupload.util","/Users/grantnelson/go/src/github.com/apache/commons-fileupload/src/main/java/org/apache/commons/fileupload/util/Streams.java","3","89","The method 'copy(InputStream, OutputStream, boolean, byte[])' has an NPath complexity of 12, current threshold is 1","Design","NPathComplexity"
"16","org.apache.commons.fileupload.util","/Users/grantnelson/go/src/github.com/apache/commons-fileupload/src/main/java/org/apache/commons/fileupload/util/Streams.java","3","89","Avoid long parameter lists (4 parameters - threshold is 1).","Design","ExcessiveParameterList"
"17","org.apache.commons.fileupload.util","/Users/grantnelson/go/src/github.com/apache/commons-fileupload/src/main/java/org/apache/commons/fileupload/util/Streams.java","3","139","The method 'asString(InputStream)' has a NCSS line count of 4.","Design","NcssCount"
"18","org.apache.commons.fileupload.util","/Users/grantnelson/go/src/github.com/apache/commons-fileupload/src/main/java/org/apache/commons/fileupload/util/Streams.java","3","139","The method 'asString(InputStream)' has a cyclomatic complexity of 1.","Design","CyclomaticComplexity"
"19","org.apache.commons.fileupload.util","/Users/grantnelson/go/src/github.com/apache/commons-fileupload/src/main/java/org/apache/commons/fileupload/util/Streams.java","3","139","The method 'asString(InputStream)' has an NPath complexity of 1, current threshold is 1","Design","NPathComplexity"
"20","org.apache.commons.fileupload.util","/Users/grantnelson/go/src/github.com/apache/commons-fileupload/src/main/java/org/apache/commons/fileupload/util/Streams.java","3","139","Avoid long parameter lists (1 parameters - threshold is 1).","Design","ExcessiveParameterList"
"21","org.apache.commons.fileupload.util","/Users/grantnelson/go/src/github.com/apache/commons-fileupload/src/main/java/org/apache/commons/fileupload/util/Streams.java","3","156","The method 'asString(InputStream, String)' has a NCSS line count of 4.","Design","NcssCount"
"22","org.apache.commons.fileupload.util","/Users/grantnelson/go/src/github.com/apache/commons-fileupload/src/main/java/org/apache/commons/fileupload/util/Streams.java","3","156","The method 'asString(InputStream, String)' has a cyclomatic complexity of 1.","Design","CyclomaticComplexity"
"23","org.apache.commons.fileupload.util","/Users/grantnelson/go/src/github.com/apache/commons-fileupload/src/main/java/org/apache/commons/fileupload/util/Streams.java","3","156","The method 'asString(InputStream, String)' has an NPath complexity of 1, current threshold is 1","Design","NPathComplexity"
"24","org.apache.commons.fileupload.util","/Users/grantnelson/go/src/github.com/apache/commons-fileupload/src/main/java/org/apache/commons/fileupload/util/Streams.java","3","156","Avoid long parameter lists (2 parameters - threshold is 1).","Design","ExcessiveParameterList"
"25","org.apache.commons.fileupload.util","/Users/grantnelson/go/src/github.com/apache/commons-fileupload/src/main/java/org/apache/commons/fileupload/util/Streams.java","3","172","The method 'checkFileName(String)' has a NCSS line count of 14.","Design","NcssCount"
"26","org.apache.commons.fileupload.util","/Users/grantnelson/go/src/github.com/apache/commons-fileupload/src/main/java/org/apache/commons/fileupload/util/Streams.java","3","172","The method 'checkFileName(String)' has a cognitive complexity of 7, current threshold is 1","Design","CognitiveComplexity"
"27","org.apache.commons.fileupload.util","/Users/grantnelson/go/src/github.com/apache/commons-fileupload/src/main/java/org/apache/commons/fileupload/util/Streams.java","3","172","The method 'checkFileName(String)' has a cyclomatic complexity of 6.","Design","CyclomaticComplexity"
"28","org.apache.commons.fileupload.util","/Users/grantnelson/go/src/github.com/apache/commons-fileupload/src/main/java/org/apache/commons/fileupload/util/Streams.java","3","172","The method 'checkFileName(String)' has an NPath complexity of 5, current threshold is 1","Design","NPathComplexity"
"29","org.apache.commons.fileupload.util","/Users/grantnelson/go/src/github.com/apache/commons-fileupload/src/main/java/org/apache/commons/fileupload/util/Streams.java","3","172","Avoid long parameter lists (1 parameters - threshold is 1).","Design","ExcessiveParameterList"
"1","org.apache.commons.fileupload.util.mime","/Users/grantnelson/go/src/github.com/apache/commons-fileupload/src/main/java/org/apache/commons/fileupload/util/mime/Base64Decoder.java","3","25","The class 'Base64Decoder' has a NCSS line count of 46 (Highest = 31).","Design","NcssCount"
"2","org.apache.commons.fileupload.util.mime","/Users/grantnelson/go/src/github.com/apache/commons-fileupload/src/main/java/org/apache/commons/fileupload/util/mime/Base64Decoder.java","3","25","The class 'Base64Decoder' has a total cyclomatic complexity of 14 (highest 13).","Design","CyclomaticComplexity"
"3","org.apache.commons.fileupload.util.mime","/Users/grantnelson/go/src/github.com/apache/commons-fileupload/src/main/java/org/apache/commons/fileupload/util/mime/Base64Decoder.java","3","25","This class has 1 public methods and attributes; current threshold is 1.","Design","ExcessivePublicCount"
"4","org.apache.commons.fileupload.util.mime","/Users/grantnelson/go/src/github.com/apache/commons-fileupload/src/main/java/org/apache/commons/fileupload/util/mime/Base64Decoder.java","3","92","The constructor 'Base64Decoder()' has a NCSS line count of 1.","Design","NcssCount"
"5","org.apache.commons.fileupload.util.mime","/Users/grantnelson/go/src/github.com/apache/commons-fileupload/src/main/java/org/apache/commons/fileupload/util/mime/Base64Decoder.java","3","92","The constructor 'Base64Decoder()' has a cyclomatic complexity of 1.","Design","CyclomaticComplexity"
"6","org.apache.commons.fileupload.util.mime","/Users/grantnelson/go/src/github.com/apache/commons-fileupload/src/main/java/org/apache/commons/fileupload/util/mime/Base64Decoder.java","3","92","The constructor 'Base64Decoder()' has an NPath complexity of 1, current threshold is 1","Design","NPathComplexity"
"7","org.apache.commons.fileupload.util.mime","/Users/grantnelson/go/src/github.com/apache/commons-fileupload/src/main/java/org/apache/commons/fileupload/util/mime/Base64Decoder.java","3","106","The method 'decode(byte[], OutputStream)' has a NCSS line count of 31.","Design","NcssCount"
"8","org.apache.commons.fileupload.util.mime","/Users/grantnelson/go/src/github.com/apache/commons-fileupload/src/main/java/org/apache/commons/fileupload/util/mime/Base64Decoder.java","3","106","The method 'decode(byte[], OutputStream)' has a cognitive complexity of 18, current threshold is 1","Design","CognitiveComplexity"
"9","org.apache.commons.fileupload.util.mime","/Users/grantnelson/go/src/github.com/apache/commons-fileupload/src/main/java/org/apache/commons/fileupload/util/mime/Base64Decoder.java","3","106","The method 'decode(byte[], OutputStream)' has a cyclomatic complexity of 13.","Design","CyclomaticComplexity"
"10","org.apache.commons.fileupload.util.mime","/Users/grantnelson/go/src/github.com/apache/commons-fileupload/src/main/java/org/apache/commons/fileupload/util/mime/Base64Decoder.java","3","106","The method 'decode(byte[], OutputStream)' has an NPath complexity of 15, current threshold is 1","Design","NPathComplexity"
"11","org.apache.commons.fileupload.util.mime","/Users/grantnelson/go/src/github.com/apache/commons-fileupload/src/main/java/org/apache/commons/fileupload/util/mime/Base64Decoder.java","3","106","Avoid long parameter lists (2 parameters - threshold is 1).","Design","ExcessiveParameterList"
"1","org.apache.commons.fileupload.util.mime","/Users/grantnelson/go/src/github.com/apache/commons-fileupload/src/main/java/org/apache/commons/fileupload/util/mime/MimeUtility.java","3","31","A value of 2 may denote a high amount of coupling within the class (threshold: 1)","Design","CouplingBetweenObjects"
"2","org.apache.commons.fileupload.util.mime","/Users/grantnelson/go/src/github.com/apache/commons-fileupload/src/main/java/org/apache/commons/fileupload/util/mime/MimeUtility.java","3","31","The class 'MimeUtility' has a NCSS line count of 101 (Highest = 44).","Design","NcssCount"
"3","org.apache.commons.fileupload.util.mime","/Users/grantnelson/go/src/github.com/apache/commons-fileupload/src/main/java/org/apache/commons/fileupload/util/mime/MimeUtility.java","3","31","The class 'MimeUtility' has a total cyclomatic complexity of 32 (highest 15).","Design","CyclomaticComplexity"
"4","org.apache.commons.fileupload.util.mime","/Users/grantnelson/go/src/github.com/apache/commons-fileupload/src/main/java/org/apache/commons/fileupload/util/mime/MimeUtility.java","3","31","This class has 1 public methods and attributes; current threshold is 1.","Design","ExcessivePublicCount"
"5","org.apache.commons.fileupload.util.mime","/Users/grantnelson/go/src/github.com/apache/commons-fileupload/src/main/java/org/apache/commons/fileupload/util/mime/MimeUtility.java","3","84","The constructor 'MimeUtility()' has a NCSS line count of 1.","Design","NcssCount"
"6","org.apache.commons.fileupload.util.mime","/Users/grantnelson/go/src/github.com/apache/commons-fileupload/src/main/java/org/apache/commons/fileupload/util/mime/MimeUtility.java","3","84","The constructor 'MimeUtility()' has a cyclomatic complexity of 1.","Design","CyclomaticComplexity"
"7","org.apache.commons.fileupload.util.mime","/Users/grantnelson/go/src/github.com/apache/commons-fileupload/src/main/java/org/apache/commons/fileupload/util/mime/MimeUtility.java","3","84","The constructor 'MimeUtility()' has an NPath complexity of 1, current threshold is 1","Design","NPathComplexity"
"8","org.apache.commons.fileupload.util.mime","/Users/grantnelson/go/src/github.com/apache/commons-fileupload/src/main/java/org/apache/commons/fileupload/util/mime/MimeUtility.java","3","99","The method 'decodeText(String)' has a NCSS line count of 44.","Design","NcssCount"
"9","org.apache.commons.fileupload.util.mime","/Users/grantnelson/go/src/github.com/apache/commons-fileupload/src/main/java/org/apache/commons/fileupload/util/mime/MimeUtility.java","3","99","The method 'decodeText(String)' has a cognitive complexity of 36, current threshold is 1","Design","CognitiveComplexity"
"10","org.apache.commons.fileupload.util.mime","/Users/grantnelson/go/src/github.com/apache/commons-fileupload/src/main/java/org/apache/commons/fileupload/util/mime/MimeUtility.java","3","99","The method 'decodeText(String)' has a cyclomatic complexity of 13.","Design","CyclomaticComplexity"
"11","org.apache.commons.fileupload.util.mime","/Users/grantnelson/go/src/github.com/apache/commons-fileupload/src/main/java/org/apache/commons/fileupload/util/mime/MimeUtility.java","3","99","The method 'decodeText(String)' has an NPath complexity of 20, current threshold is 1","Design","NPathComplexity"
"12","org.apache.commons.fileupload.util.mime","/Users/grantnelson/go/src/github.com/apache/commons-fileupload/src/main/java/org/apache/commons/fileupload/util/mime/MimeUtility.java","3","99","Avoid long parameter lists (1 parameters - threshold is 1).","Design","ExcessiveParameterList"
"13","org.apache.commons.fileupload.util.mime","/Users/grantnelson/go/src/github.com/apache/commons-fileupload/src/main/java/org/apache/commons/fileupload/util/mime/MimeUtility.java","3","201","The method 'decodeWord(String)' has a NCSS line count of 30.","Design","NcssCount"
"14","org.apache.commons.fileupload.util.mime","/Users/grantnelson/go/src/github.com/apache/commons-fileupload/src/main/java/org/apache/commons/fileupload/util/mime/MimeUtility.java","3","201","The method 'decodeWord(String)' has a cognitive complexity of 9, current threshold is 1","Design","CognitiveComplexity"
"15","org.apache.commons.fileupload.util.mime","/Users/grantnelson/go/src/github.com/apache/commons-fileupload/src/main/java/org/apache/commons/fileupload/util/mime/MimeUtility.java","3","201","The method 'decodeWord(String)' has a cyclomatic complexity of 15.","Design","CyclomaticComplexity"
"16","org.apache.commons.fileupload.util.mime","/Users/grantnelson/go/src/github.com/apache/commons-fileupload/src/main/java/org/apache/commons/fileupload/util/mime/MimeUtility.java","3","201","The method 'decodeWord(String)' has an NPath complexity of 8, current threshold is 1","Design","NPathComplexity"
"17","org.apache.commons.fileupload.util.mime","/Users/grantnelson/go/src/github.com/apache/commons-fileupload/src/main/java/org/apache/commons/fileupload/util/mime/MimeUtility.java","3","201","Avoid long parameter lists (1 parameters - threshold is 1).","Design","ExcessiveParameterList"
"18","org.apache.commons.fileupload.util.mime","/Users/grantnelson/go/src/github.com/apache/commons-fileupload/src/main/java/org/apache/commons/fileupload/util/mime/MimeUtility.java","3","268","The method 'javaCharset(String)' has a NCSS line count of 7.","Design","NcssCount"
"19","org.apache.commons.fileupload.util.mime","/Users/grantnelson/go/src/github.com/apache/commons-fileupload/src/main/java/org/apache/commons/fileupload/util/mime/MimeUtility.java","3","268","The method 'javaCharset(String)' has a cognitive complexity of 2, current threshold is 1","Design","CognitiveComplexity"
"20","org.apache.commons.fileupload.util.mime","/Users/grantnelson/go/src/github.com/apache/commons-fileupload/src/main/java/org/apache/commons/fileupload/util/mime/MimeUtility.java","3","268","The method 'javaCharset(String)' has a cyclomatic complexity of 3.","Design","CyclomaticComplexity"
"21","org.apache.commons.fileupload.util.mime","/Users/grantnelson/go/src/github.com/apache/commons-fileupload/src/main/java/org/apache/commons/fileupload/util/mime/MimeUtility.java","3","268","The method 'javaCharset(String)' has an NPath complexity of 3, current threshold is 1","Design","NPathComplexity"
"22","org.apache.commons.fileupload.util.mime","/Users/grantnelson/go/src/github.com/apache/commons-fileupload/src/main/java/org/apache/commons/fileupload/util/mime/MimeUtility.java","3","268","Avoid long parameter lists (1 parameters - threshold is 1).","Design","ExcessiveParameterList"
"1","org.apache.commons.fileupload.util.mime","/Users/grantnelson/go/src/github.com/apache/commons-fileupload/src/main/java/org/apache/commons/fileupload/util/mime/ParseException.java","3","22","The class 'ParseException' has a NCSS line count of 4 (Highest = 2).","Design","NcssCount"
"2","org.apache.commons.fileupload.util.mime","/Users/grantnelson/go/src/github.com/apache/commons-fileupload/src/main/java/org/apache/commons/fileupload/util/mime/ParseException.java","3","22","The class 'ParseException' has a total cyclomatic complexity of 1 (highest 1).","Design","CyclomaticComplexity"
"3","org.apache.commons.fileupload.util.mime","/Users/grantnelson/go/src/github.com/apache/commons-fileupload/src/main/java/org/apache/commons/fileupload/util/mime/ParseException.java","3","22","This class has 1 public methods and attributes; current threshold is 1.","Design","ExcessivePublicCount"
"4","org.apache.commons.fileupload.util.mime","/Users/grantnelson/go/src/github.com/apache/commons-fileupload/src/main/java/org/apache/commons/fileupload/util/mime/ParseException.java","3","34","The constructor 'ParseException(String)' has a NCSS line count of 2.","Design","NcssCount"
"5","org.apache.commons.fileupload.util.mime","/Users/grantnelson/go/src/github.com/apache/commons-fileupload/src/main/java/org/apache/commons/fileupload/util/mime/ParseException.java","3","34","The constructor 'ParseException(String)' has a cyclomatic complexity of 1.","Design","CyclomaticComplexity"
"6","org.apache.commons.fileupload.util.mime","/Users/grantnelson/go/src/github.com/apache/commons-fileupload/src/main/java/org/apache/commons/fileupload/util/mime/ParseException.java","3","34","The constructor 'ParseException(String)' has an NPath complexity of 1, current threshold is 1","Design","NPathComplexity"
"7","org.apache.commons.fileupload.util.mime","/Users/grantnelson/go/src/github.com/apache/commons-fileupload/src/main/java/org/apache/commons/fileupload/util/mime/ParseException.java","3","34","Avoid long parameter lists (1 parameters - threshold is 1).","Design","ExcessiveParameterList"
"1","org.apache.commons.fileupload.util.mime","/Users/grantnelson/go/src/github.com/apache/commons-fileupload/src/main/java/org/apache/commons/fileupload/util/mime/QuotedPrintableDecoder.java","3","25","The class 'QuotedPrintableDecoder' has a NCSS line count of 35 (Highest = 27).","Design","NcssCount"
"2","org.apache.commons.fileupload.util.mime","/Users/grantnelson/go/src/github.com/apache/commons-fileupload/src/main/java/org/apache/commons/fileupload/util/mime/QuotedPrintableDecoder.java","3","25","The class 'QuotedPrintableDecoder' has a total cyclomatic complexity of 13 (highest 9).","Design","CyclomaticComplexity"
"3","org.apache.commons.fileupload.util.mime","/Users/grantnelson/go/src/github.com/apache/commons-fileupload/src/main/java/org/apache/commons/fileupload/util/mime/QuotedPrintableDecoder.java","3","25","This class has 1 public methods and attributes; current threshold is 1.","Design","ExcessivePublicCount"
"4","org.apache.commons.fileupload.util.mime","/Users/grantnelson/go/src/github.com/apache/commons-fileupload/src/main/java/org/apache/commons/fileupload/util/mime/QuotedPrintableDecoder.java","3","36","The constructor 'QuotedPrintableDecoder()' has a NCSS line count of 1.","Design","NcssCount"
"5","org.apache.commons.fileupload.util.mime","/Users/grantnelson/go/src/github.com/apache/commons-fileupload/src/main/java/org/apache/commons/fileupload/util/mime/QuotedPrintableDecoder.java","3","36","The constructor 'QuotedPrintableDecoder()' has a cyclomatic complexity of 1.","Design","CyclomaticComplexity"
"6","org.apache.commons.fileupload.util.mime","/Users/grantnelson/go/src/github.com/apache/commons-fileupload/src/main/java/org/apache/commons/fileupload/util/mime/QuotedPrintableDecoder.java","3","36","The constructor 'QuotedPrintableDecoder()' has an NPath complexity of 1, current threshold is 1","Design","NPathComplexity"
"7","org.apache.commons.fileupload.util.mime","/Users/grantnelson/go/src/github.com/apache/commons-fileupload/src/main/java/org/apache/commons/fileupload/util/mime/QuotedPrintableDecoder.java","3","49","The method 'decode(byte[], OutputStream)' has a NCSS line count of 27.","Design","NcssCount"
"8","org.apache.commons.fileupload.util.mime","/Users/grantnelson/go/src/github.com/apache/commons-fileupload/src/main/java/org/apache/commons/fileupload/util/mime/QuotedPrintableDecoder.java","3","49","The method 'decode(byte[], OutputStream)' has a cognitive complexity of 16, current threshold is 1","Design","CognitiveComplexity"
"9","org.apache.commons.fileupload.util.mime","/Users/grantnelson/go/src/github.com/apache/commons-fileupload/src/main/java/org/apache/commons/fileupload/util/mime/QuotedPrintableDecoder.java","3","49","The method 'decode(byte[], OutputStream)' has a cyclomatic complexity of 9.","Design","CyclomaticComplexity"
"10","org.apache.commons.fileupload.util.mime","/Users/grantnelson/go/src/github.com/apache/commons-fileupload/src/main/java/org/apache/commons/fileupload/util/mime/QuotedPrintableDecoder.java","3","49","The method 'decode(byte[], OutputStream)' has an NPath complexity of 7, current threshold is 1","Design","NPathComplexity"
"11","org.apache.commons.fileupload.util.mime","/Users/grantnelson/go/src/github.com/apache/commons-fileupload/src/main/java/org/apache/commons/fileupload/util/mime/QuotedPrintableDecoder.java","3","49","Avoid long parameter lists (2 parameters - threshold is 1).","Design","ExcessiveParameterList"
"12","org.apache.commons.fileupload.util.mime","/Users/grantnelson/go/src/github.com/apache/commons-fileupload/src/main/java/org/apache/commons/fileupload/util/mime/QuotedPrintableDecoder.java","3","103","The method 'hexToBinary(byte)' has a NCSS line count of 5.","Design","NcssCount"
"13","org.apache.commons.fileupload.util.mime","/Users/grantnelson/go/src/github.com/apache/commons-fileupload/src/main/java/org/apache/commons/fileupload/util/mime/QuotedPrintableDecoder.java","3","103","The method 'hexToBinary(byte)' has a cognitive complexity of 1, current threshold is 1","Design","CognitiveComplexity"
"14","org.apache.commons.fileupload.util.mime","/Users/grantnelson/go/src/github.com/apache/commons-fileupload/src/main/java/org/apache/commons/fileupload/util/mime/QuotedPrintableDecoder.java","3","103","The method 'hexToBinary(byte)' has a cyclomatic complexity of 3.","Design","CyclomaticComplexity"
"15","org.apache.commons.fileupload.util.mime","/Users/grantnelson/go/src/github.com/apache/commons-fileupload/src/main/java/org/apache/commons/fileupload/util/mime/QuotedPrintableDecoder.java","3","103","The method 'hexToBinary(byte)' has an NPath complexity of 2, current threshold is 1","Design","NPathComplexity"
"16","org.apache.commons.fileupload.util.mime","/Users/grantnelson/go/src/github.com/apache/commons-fileupload/src/main/java/org/apache/commons/fileupload/util/mime/QuotedPrintableDecoder.java","3","103","Avoid long parameter lists (1 parameters - threshold is 1).","Design","ExcessiveParameterList"
"1","org.apache.commons.fileupload","/Users/grantnelson/go/src/github.com/apache/commons-fileupload/src/test/java/org/apache/commons/fileupload/Constants.java","3","24","The class 'Constants' has a NCSS line count of 3 (Highest = 1).","Design","NcssCount"
"2","org.apache.commons.fileupload","/Users/grantnelson/go/src/github.com/apache/commons-fileupload/src/test/java/org/apache/commons/fileupload/Constants.java","3","24","The class 'Constants' has a total cyclomatic complexity of 1 (highest 1).","Design","CyclomaticComplexity"
"3","org.apache.commons.fileupload","/Users/grantnelson/go/src/github.com/apache/commons-fileupload/src/test/java/org/apache/commons/fileupload/Constants.java","3","31","The constructor 'Constants()' has a NCSS line count of 1.","Design","NcssCount"
"4","org.apache.commons.fileupload","/Users/grantnelson/go/src/github.com/apache/commons-fileupload/src/test/java/org/apache/commons/fileupload/Constants.java","3","31","The constructor 'Constants()' has a cyclomatic complexity of 1.","Design","CyclomaticComplexity"
"5","org.apache.commons.fileupload","/Users/grantnelson/go/src/github.com/apache/commons-fileupload/src/test/java/org/apache/commons/fileupload/Constants.java","3","31","The constructor 'Constants()' has an NPath complexity of 1, current threshold is 1","Design","NPathComplexity"
"1","org.apache.commons.fileupload","/Users/grantnelson/go/src/github.com/apache/commons-fileupload/src/test/java/org/apache/commons/fileupload/DefaultFileItemTest.java","3","37","A value of 5 may denote a high amount of coupling within the class (threshold: 1)","Design","CouplingBetweenObjects"
"2","org.apache.commons.fileupload","/Users/grantnelson/go/src/github.com/apache/commons-fileupload/src/test/java/org/apache/commons/fileupload/DefaultFileItemTest.java","3","37","The class 'DefaultFileItemTest' has a NCSS line count of 127 (Highest = 34).","Design","NcssCount"
"3","org.apache.commons.fileupload","/Users/grantnelson/go/src/github.com/apache/commons-fileupload/src/test/java/org/apache/commons/fileupload/DefaultFileItemTest.java","3","37","The class 'DefaultFileItemTest' has a total cyclomatic complexity of 19 (highest 6).","Design","CyclomaticComplexity"
"4","org.apache.commons.fileupload","/Users/grantnelson/go/src/github.com/apache/commons-fileupload/src/test/java/org/apache/commons/fileupload/DefaultFileItemTest.java","3","37","This class has 7 public methods and attributes; current threshold is 1.","Design","ExcessivePublicCount"
"5","org.apache.commons.fileupload","/Users/grantnelson/go/src/github.com/apache/commons-fileupload/src/test/java/org/apache/commons/fileupload/DefaultFileItemTest.java","3","58","The method 'testTextFieldConstruction()' has a NCSS line count of 9.","Design","NcssCount"
"6","org.apache.commons.fileupload","/Users/grantnelson/go/src/github.com/apache/commons-fileupload/src/test/java/org/apache/commons/fileupload/DefaultFileItemTest.java","3","58","The method 'testTextFieldConstruction()' has a cyclomatic complexity of 1.","Design","CyclomaticComplexity"
"7","org.apache.commons.fileupload","/Users/grantnelson/go/src/github.com/apache/commons-fileupload/src/test/java/org/apache/commons/fileupload/DefaultFileItemTest.java","3","58","The method 'testTextFieldConstruction()' has an NPath complexity of 1, current threshold is 1","Design","NPathComplexity"
"8","org.apache.commons.fileupload","/Users/grantnelson/go/src/github.com/apache/commons-fileupload/src/test/java/org/apache/commons/fileupload/DefaultFileItemTest.java","3","79","The method 'testFileFieldConstruction()' has a NCSS line count of 10.","Design","NcssCount"
"9","org.apache.commons.fileupload","/Users/grantnelson/go/src/github.com/apache/commons-fileupload/src/test/java/org/apache/commons/fileupload/DefaultFileItemTest.java","3","79","The method 'testFileFieldConstruction()' has a cyclomatic complexity of 1.","Design","CyclomaticComplexity"
"10","org.apache.commons.fileupload","/Users/grantnelson/go/src/github.com/apache/commons-fileupload/src/test/java/org/apache/commons/fileupload/DefaultFileItemTest.java","3","79","The method 'testFileFieldConstruction()' has an NPath complexity of 1, current threshold is 1","Design","NPathComplexity"
"11","org.apache.commons.fileupload","/Users/grantnelson/go/src/github.com/apache/commons-fileupload/src/test/java/org/apache/commons/fileupload/DefaultFileItemTest.java","3","102","The method 'testBelowThreshold()' has a NCSS line count of 16.","Design","NcssCount"
"12","org.apache.commons.fileupload","/Users/grantnelson/go/src/github.com/apache/commons-fileupload/src/test/java/org/apache/commons/fileupload/DefaultFileItemTest.java","3","102","The method 'testBelowThreshold()' has a cognitive complexity of 1, current threshold is 1","Design","CognitiveComplexity"
"13","org.apache.commons.fileupload","/Users/grantnelson/go/src/github.com/apache/commons-fileupload/src/test/java/org/apache/commons/fileupload/DefaultFileItemTest.java","3","102","The method 'testBelowThreshold()' has a cyclomatic complexity of 2.","Design","CyclomaticComplexity"
"14","org.apache.commons.fileupload","/Users/grantnelson/go/src/github.com/apache/commons-fileupload/src/test/java/org/apache/commons/fileupload/DefaultFileItemTest.java","3","102","The method 'testBelowThreshold()' has an NPath complexity of 1, current threshold is 1","Design","NPathComplexity"
"15","org.apache.commons.fileupload","/Users/grantnelson/go/src/github.com/apache/commons-fileupload/src/test/java/org/apache/commons/fileupload/DefaultFileItemTest.java","3","134","The method 'testAboveThresholdDefaultRepository()' has a NCSS line count of 2.","Design","NcssCount"
"16","org.apache.commons.fileupload","/Users/grantnelson/go/src/github.com/apache/commons-fileupload/src/test/java/org/apache/commons/fileupload/DefaultFileItemTest.java","3","134","The method 'testAboveThresholdDefaultRepository()' has a cyclomatic complexity of 1.","Design","CyclomaticComplexity"
"17","org.apache.commons.fileupload","/Users/grantnelson/go/src/github.com/apache/commons-fileupload/src/test/java/org/apache/commons/fileupload/DefaultFileItemTest.java","3","134","The method 'testAboveThresholdDefaultRepository()' has an NPath complexity of 1, current threshold is 1","Design","NPathComplexity"
"18","org.apache.commons.fileupload","/Users/grantnelson/go/src/github.com/apache/commons-fileupload/src/test/java/org/apache/commons/fileupload/DefaultFileItemTest.java","3","143","The method 'testAboveThresholdSpecifiedRepository()' has a NCSS line count of 7.","Design","NcssCount"
"19","org.apache.commons.fileupload","/Users/grantnelson/go/src/github.com/apache/commons-fileupload/src/test/java/org/apache/commons/fileupload/DefaultFileItemTest.java","3","143","The method 'testAboveThresholdSpecifiedRepository()' has a cyclomatic complexity of 1.","Design","CyclomaticComplexity"
"20","org.apache.commons.fileupload","/Users/grantnelson/go/src/github.com/apache/commons-fileupload/src/test/java/org/apache/commons/fileupload/DefaultFileItemTest.java","3","143","The method 'testAboveThresholdSpecifiedRepository()' has an NPath complexity of 1, current threshold is 1","Design","NPathComplexity"
"21","org.apache.commons.fileupload","/Users/grantnelson/go/src/github.com/apache/commons-fileupload/src/test/java/org/apache/commons/fileupload/DefaultFileItemTest.java","3","160","The method 'doTestAboveThreshold(File)' has a NCSS line count of 25.","Design","NcssCount"
"22","org.apache.commons.fileupload","/Users/grantnelson/go/src/github.com/apache/commons-fileupload/src/test/java/org/apache/commons/fileupload/DefaultFileItemTest.java","3","160","The method 'doTestAboveThreshold(File)' has a cognitive complexity of 2, current threshold is 1","Design","CognitiveComplexity"
"23","org.apache.commons.fileupload","/Users/grantnelson/go/src/github.com/apache/commons-fileupload/src/test/java/org/apache/commons/fileupload/DefaultFileItemTest.java","3","160","The method 'doTestAboveThreshold(File)' has a cyclomatic complexity of 3.","Design","CyclomaticComplexity"
"24","org.apache.commons.fileupload","/Users/grantnelson/go/src/github.com/apache/commons-fileupload/src/test/java/org/apache/commons/fileupload/DefaultFileItemTest.java","3","160","The method 'doTestAboveThreshold(File)' has an NPath complexity of 2, current threshold is 1","Design","NPathComplexity"
"25","org.apache.commons.fileupload","/Users/grantnelson/go/src/github.com/apache/commons-fileupload/src/test/java/org/apache/commons/fileupload/DefaultFileItemTest.java","3","160","Avoid long parameter lists (1 parameters - threshold is 1).","Design","ExcessiveParameterList"
"26","org.apache.commons.fileupload","/Users/grantnelson/go/src/github.com/apache/commons-fileupload/src/test/java/org/apache/commons/fileupload/DefaultFileItemTest.java","3","209","The method 'createFactory(File)' has a NCSS line count of 2.","Design","NcssCount"
"27","org.apache.commons.fileupload","/Users/grantnelson/go/src/github.com/apache/commons-fileupload/src/test/java/org/apache/commons/fileupload/DefaultFileItemTest.java","3","209","The method 'createFactory(File)' has a cyclomatic complexity of 1.","Design","CyclomaticComplexity"
"28","org.apache.commons.fileupload","/Users/grantnelson/go/src/github.com/apache/commons-fileupload/src/test/java/org/apache/commons/fileupload/DefaultFileItemTest.java","3","209","The method 'createFactory(File)' has an NPath complexity of 1, current threshold is 1","Design","NPathComplexity"
"29","org.apache.commons.fileupload","/Users/grantnelson/go/src/github.com/apache/commons-fileupload/src/test/java/org/apache/commons/fileupload/DefaultFileItemTest.java","3","209","Avoid long parameter lists (1 parameters - threshold is 1).","Design","ExcessiveParameterList"
"30","org.apache.commons.fileupload","/Users/grantnelson/go/src/github.com/apache/commons-fileupload/src/test/java/org/apache/commons/fileupload/DefaultFileItemTest.java","3","257","The method 'constructString(int[])' has a NCSS line count of 6.","Design","NcssCount"
"31","org.apache.commons.fileupload","/Users/grantnelson/go/src/github.com/apache/commons-fileupload/src/test/java/org/apache/commons/fileupload/DefaultFileItemTest.java","3","257","The method 'constructString(int[])' has a cognitive complexity of 3, current threshold is 1","Design","CognitiveComplexity"
"32","org.apache.commons.fileupload","/Users/grantnelson/go/src/github.com/apache/commons-fileupload/src/test/java/org/apache/commons/fileupload/DefaultFileItemTest.java","3","257","The method 'constructString(int[])' has a cyclomatic complexity of 3.","Design","CyclomaticComplexity"
"33","org.apache.commons.fileupload","/Users/grantnelson/go/src/github.com/apache/commons-fileupload/src/test/java/org/apache/commons/fileupload/DefaultFileItemTest.java","3","257","The method 'constructString(int[])' has an NPath complexity of 3, current threshold is 1","Design","NPathComplexity"
"34","org.apache.commons.fileupload","/Users/grantnelson/go/src/github.com/apache/commons-fileupload/src/test/java/org/apache/commons/fileupload/DefaultFileItemTest.java","3","257","Avoid long parameter lists (1 parameters - threshold is 1).","Design","ExcessiveParameterList"
"35","org.apache.commons.fileupload","/Users/grantnelson/go/src/github.com/apache/commons-fileupload/src/test/java/org/apache/commons/fileupload/DefaultFileItemTest.java","3","270","The method 'testContentCharSet()' has a NCSS line count of 34.","Design","NcssCount"
"36","org.apache.commons.fileupload","/Users/grantnelson/go/src/github.com/apache/commons-fileupload/src/test/java/org/apache/commons/fileupload/DefaultFileItemTest.java","3","270","The method 'testContentCharSet()' has a cognitive complexity of 5, current threshold is 1","Design","CognitiveComplexity"
"37","org.apache.commons.fileupload","/Users/grantnelson/go/src/github.com/apache/commons-fileupload/src/test/java/org/apache/commons/fileupload/DefaultFileItemTest.java","3","270","The method 'testContentCharSet()' has a cyclomatic complexity of 6.","Design","CyclomaticComplexity"
"38","org.apache.commons.fileupload","/Users/grantnelson/go/src/github.com/apache/commons-fileupload/src/test/java/org/apache/commons/fileupload/DefaultFileItemTest.java","3","270","The method 'testContentCharSet()' has an NPath complexity of 32, current threshold is 1","Design","NPathComplexity"
"1","org.apache.commons.fileupload","/Users/grantnelson/go/src/github.com/apache/commons-fileupload/src/test/java/org/apache/commons/fileupload/DiskFileItemSerializeTest.java","3","43","A value of 8 may denote a high amount of coupling within the class (threshold: 1)","Design","CouplingBetweenObjects"
"2","org.apache.commons.fileupload","/Users/grantnelson/go/src/github.com/apache/commons-fileupload/src/test/java/org/apache/commons/fileupload/DiskFileItemSerializeTest.java","3","43","The class 'DiskFileItemSerializeTest' has a NCSS line count of 89 (Highest = 10).","Design","NcssCount"
"3","org.apache.commons.fileupload","/Users/grantnelson/go/src/github.com/apache/commons-fileupload/src/test/java/org/apache/commons/fileupload/DiskFileItemSerializeTest.java","3","43","The class 'DiskFileItemSerializeTest' has a total cyclomatic complexity of 22 (highest 3).","Design","CyclomaticComplexity"
"4","org.apache.commons.fileupload","/Users/grantnelson/go/src/github.com/apache/commons-fileupload/src/test/java/org/apache/commons/fileupload/DiskFileItemSerializeTest.java","3","43","This class has 9 public methods and attributes; current threshold is 1.","Design","ExcessivePublicCount"
"5","org.apache.commons.fileupload","/Users/grantnelson/go/src/github.com/apache/commons-fileupload/src/test/java/org/apache/commons/fileupload/DiskFileItemSerializeTest.java","3","49","The method 'setUp()' has a NCSS line count of 5.","Design","NcssCount"
"6","org.apache.commons.fileupload","/Users/grantnelson/go/src/github.com/apache/commons-fileupload/src/test/java/org/apache/commons/fileupload/DiskFileItemSerializeTest.java","3","49","The method 'setUp()' has a cognitive complexity of 1, current threshold is 1","Design","CognitiveComplexity"
"7","org.apache.commons.fileupload","/Users/grantnelson/go/src/github.com/apache/commons-fileupload/src/test/java/org/apache/commons/fileupload/DiskFileItemSerializeTest.java","3","49","The method 'setUp()' has a cyclomatic complexity of 2.","Design","CyclomaticComplexity"
"8","org.apache.commons.fileupload","/Users/grantnelson/go/src/github.com/apache/commons-fileupload/src/test/java/org/apache/commons/fileupload/DiskFileItemSerializeTest.java","3","49","The method 'setUp()' has an NPath complexity of 2, current threshold is 1","Design","NPathComplexity"
"9","org.apache.commons.fileupload","/Users/grantnelson/go/src/github.com/apache/commons-fileupload/src/test/java/org/apache/commons/fileupload/DiskFileItemSerializeTest.java","3","58","The method 'tearDown()' has a NCSS line count of 5.","Design","NcssCount"
"10","org.apache.commons.fileupload","/Users/grantnelson/go/src/github.com/apache/commons-fileupload/src/test/java/org/apache/commons/fileupload/DiskFileItemSerializeTest.java","3","58","The method 'tearDown()' has a cognitive complexity of 1, current threshold is 1","Design","CognitiveComplexity"
"11","org.apache.commons.fileupload","/Users/grantnelson/go/src/github.com/apache/commons-fileupload/src/test/java/org/apache/commons/fileupload/DiskFileItemSerializeTest.java","3","58","The method 'tearDown()' has a cyclomatic complexity of 2.","Design","CyclomaticComplexity"
"12","org.apache.commons.fileupload","/Users/grantnelson/go/src/github.com/apache/commons-fileupload/src/test/java/org/apache/commons/fileupload/DiskFileItemSerializeTest.java","3","58","The method 'tearDown()' has an NPath complexity of 2, current threshold is 1","Design","NPathComplexity"
"13","org.apache.commons.fileupload","/Users/grantnelson/go/src/github.com/apache/commons-fileupload/src/test/java/org/apache/commons/fileupload/DiskFileItemSerializeTest.java","3","79","The method 'testInMemoryObject(byte[], File)' has a NCSS line count of 6.","Design","NcssCount"
"14","org.apache.commons.fileupload","/Users/grantnelson/go/src/github.com/apache/commons-fileupload/src/test/java/org/apache/commons/fileupload/DiskFileItemSerializeTest.java","3","79","The method 'testInMemoryObject(byte[], File)' has a cyclomatic complexity of 1.","Design","CyclomaticComplexity"
"15","org.apache.commons.fileupload","/Users/grantnelson/go/src/github.com/apache/commons-fileupload/src/test/java/org/apache/commons/fileupload/DiskFileItemSerializeTest.java","3","79","The method 'testInMemoryObject(byte[], File)' has an NPath complexity of 1, current threshold is 1","Design","NPathComplexity"
"16","org.apache.commons.fileupload","/Users/grantnelson/go/src/github.com/apache/commons-fileupload/src/test/java/org/apache/commons/fileupload/DiskFileItemSerializeTest.java","3","79","Avoid long parameter lists (2 parameters - threshold is 1).","Design","ExcessiveParameterList"
"17","org.apache.commons.fileupload","/Users/grantnelson/go/src/github.com/apache/commons-fileupload/src/test/java/org/apache/commons/fileupload/DiskFileItemSerializeTest.java","3","92","The method 'testInMemoryObject(byte[])' has a NCSS line count of 2.","Design","NcssCount"
"18","org.apache.commons.fileupload","/Users/grantnelson/go/src/github.com/apache/commons-fileupload/src/test/java/org/apache/commons/fileupload/DiskFileItemSerializeTest.java","3","92","The method 'testInMemoryObject(byte[])' has a cyclomatic complexity of 1.","Design","CyclomaticComplexity"
"19","org.apache.commons.fileupload","/Users/grantnelson/go/src/github.com/apache/commons-fileupload/src/test/java/org/apache/commons/fileupload/DiskFileItemSerializeTest.java","3","92","The method 'testInMemoryObject(byte[])' has an NPath complexity of 1, current threshold is 1","Design","NPathComplexity"
"20","org.apache.commons.fileupload","/Users/grantnelson/go/src/github.com/apache/commons-fileupload/src/test/java/org/apache/commons/fileupload/DiskFileItemSerializeTest.java","3","92","Avoid long parameter lists (1 parameters - threshold is 1).","Design","ExcessiveParameterList"
"21","org.apache.commons.fileupload","/Users/grantnelson/go/src/github.com/apache/commons-fileupload/src/test/java/org/apache/commons/fileupload/DiskFileItemSerializeTest.java","3","101","The method 'testBelowThreshold()' has a NCSS line count of 3.","Design","NcssCount"
"22","org.apache.commons.fileupload","/Users/grantnelson/go/src/github.com/apache/commons-fileupload/src/test/java/org/apache/commons/fileupload/DiskFileItemSerializeTest.java","3","101","The method 'testBelowThreshold()' has a cyclomatic complexity of 1.","Design","CyclomaticComplexity"
"23","org.apache.commons.fileupload","/Users/grantnelson/go/src/github.com/apache/commons-fileupload/src/test/java/org/apache/commons/fileupload/DiskFileItemSerializeTest.java","3","101","The method 'testBelowThreshold()' has an NPath complexity of 1, current threshold is 1","Design","NPathComplexity"
"24","org.apache.commons.fileupload","/Users/grantnelson/go/src/github.com/apache/commons-fileupload/src/test/java/org/apache/commons/fileupload/DiskFileItemSerializeTest.java","3","112","The method 'testThreshold()' has a NCSS line count of 3.","Design","NcssCount"
"25","org.apache.commons.fileupload","/Users/grantnelson/go/src/github.com/apache/commons-fileupload/src/test/java/org/apache/commons/fileupload/DiskFileItemSerializeTest.java","3","112","The method 'testThreshold()' has a cyclomatic complexity of 1.","Design","CyclomaticComplexity"
"26","org.apache.commons.fileupload","/Users/grantnelson/go/src/github.com/apache/commons-fileupload/src/test/java/org/apache/commons/fileupload/DiskFileItemSerializeTest.java","3","112","The method 'testThreshold()' has an NPath complexity of 1, current threshold is 1","Design","NPathComplexity"
"27","org.apache.commons.fileupload","/Users/grantnelson/go/src/github.com/apache/commons-fileupload/src/test/java/org/apache/commons/fileupload/DiskFileItemSerializeTest.java","3","123","The method 'testAboveThreshold()' has a NCSS line count of 7.","Design","NcssCount"
"28","org.apache.commons.fileupload","/Users/grantnelson/go/src/github.com/apache/commons-fileupload/src/test/java/org/apache/commons/fileupload/DiskFileItemSerializeTest.java","3","123","The method 'testAboveThreshold()' has a cyclomatic complexity of 1.","Design","CyclomaticComplexity"
"29","org.apache.commons.fileupload","/Users/grantnelson/go/src/github.com/apache/commons-fileupload/src/test/java/org/apache/commons/fileupload/DiskFileItemSerializeTest.java","3","123","The method 'testAboveThreshold()' has an NPath complexity of 1, current threshold is 1","Design","NPathComplexity"
"30","org.apache.commons.fileupload","/Users/grantnelson/go/src/github.com/apache/commons-fileupload/src/test/java/org/apache/commons/fileupload/DiskFileItemSerializeTest.java","3","140","The method 'testValidRepository()' has a NCSS line count of 3.","Design","NcssCount"
"31","org.apache.commons.fileupload","/Users/grantnelson/go/src/github.com/apache/commons-fileupload/src/test/java/org/apache/commons/fileupload/DiskFileItemSerializeTest.java","3","140","The method 'testValidRepository()' has a cyclomatic complexity of 1.","Design","CyclomaticComplexity"
"32","org.apache.commons.fileupload","/Users/grantnelson/go/src/github.com/apache/commons-fileupload/src/test/java/org/apache/commons/fileupload/DiskFileItemSerializeTest.java","3","140","The method 'testValidRepository()' has an NPath complexity of 1, current threshold is 1","Design","NPathComplexity"
"33","org.apache.commons.fileupload","/Users/grantnelson/go/src/github.com/apache/commons-fileupload/src/test/java/org/apache/commons/fileupload/DiskFileItemSerializeTest.java","3","150","The method 'testInvalidRepository()' has a NCSS line count of 5.","Design","NcssCount"
"34","org.apache.commons.fileupload","/Users/grantnelson/go/src/github.com/apache/commons-fileupload/src/test/java/org/apache/commons/fileupload/DiskFileItemSerializeTest.java","3","150","The method 'testInvalidRepository()' has a cyclomatic complexity of 1.","Design","CyclomaticComplexity"
"35","org.apache.commons.fileupload","/Users/grantnelson/go/src/github.com/apache/commons-fileupload/src/test/java/org/apache/commons/fileupload/DiskFileItemSerializeTest.java","3","150","The method 'testInvalidRepository()' has an NPath complexity of 1, current threshold is 1","Design","NPathComplexity"
"36","org.apache.commons.fileupload","/Users/grantnelson/go/src/github.com/apache/commons-fileupload/src/test/java/org/apache/commons/fileupload/DiskFileItemSerializeTest.java","3","162","The method 'testInvalidRepositoryWithNullChar()' has a NCSS line count of 5.","Design","NcssCount"
"37","org.apache.commons.fileupload","/Users/grantnelson/go/src/github.com/apache/commons-fileupload/src/test/java/org/apache/commons/fileupload/DiskFileItemSerializeTest.java","3","162","The method 'testInvalidRepositoryWithNullChar()' has a cyclomatic complexity of 1.","Design","CyclomaticComplexity"
"38","org.apache.commons.fileupload","/Users/grantnelson/go/src/github.com/apache/commons-fileupload/src/test/java/org/apache/commons/fileupload/DiskFileItemSerializeTest.java","3","162","The method 'testInvalidRepositoryWithNullChar()' has an NPath complexity of 1, current threshold is 1","Design","NPathComplexity"
"39","org.apache.commons.fileupload","/Users/grantnelson/go/src/github.com/apache/commons-fileupload/src/test/java/org/apache/commons/fileupload/DiskFileItemSerializeTest.java","3","173","The method 'compareBytes(String, byte[], byte[])' has a NCSS line count of 6.","Design","NcssCount"
"40","org.apache.commons.fileupload","/Users/grantnelson/go/src/github.com/apache/commons-fileupload/src/test/java/org/apache/commons/fileupload/DiskFileItemSerializeTest.java","3","173","The method 'compareBytes(String, byte[], byte[])' has a cognitive complexity of 1, current threshold is 1","Design","CognitiveComplexity"
"41","org.apache.commons.fileupload","/Users/grantnelson/go/src/github.com/apache/commons-fileupload/src/test/java/org/apache/commons/fileupload/DiskFileItemSerializeTest.java","3","173","The method 'compareBytes(String, byte[], byte[])' has a cyclomatic complexity of 2.","Design","CyclomaticComplexity"
"42","org.apache.commons.fileupload","/Users/grantnelson/go/src/github.com/apache/commons-fileupload/src/test/java/org/apache/commons/fileupload/DiskFileItemSerializeTest.java","3","173","The method 'compareBytes(String, byte[], byte[])' has an NPath complexity of 2, current threshold is 1","Design","NPathComplexity"
"43","org.apache.commons.fileupload","/Users/grantnelson/go/src/github.com/apache/commons-fileupload/src/test/java/org/apache/commons/fileupload/DiskFileItemSerializeTest.java","3","173","Avoid long parameter lists (3 parameters - threshold is 1).","Design","ExcessiveParameterList"
"44","org.apache.commons.fileupload","/Users/grantnelson/go/src/github.com/apache/commons-fileupload/src/test/java/org/apache/commons/fileupload/DiskFileItemSerializeTest.java","3","185","The method 'createContentBytes(int)' has a NCSS line count of 9.","Design","NcssCount"
"45","org.apache.commons.fileupload","/Users/grantnelson/go/src/github.com/apache/commons-fileupload/src/test/java/org/apache/commons/fileupload/DiskFileItemSerializeTest.java","3","185","The method 'createContentBytes(int)' has a cognitive complexity of 3, current threshold is 1","Design","CognitiveComplexity"
"46","org.apache.commons.fileupload","/Users/grantnelson/go/src/github.com/apache/commons-fileupload/src/test/java/org/apache/commons/fileupload/DiskFileItemSerializeTest.java","3","185","The method 'createContentBytes(int)' has a cyclomatic complexity of 3.","Design","CyclomaticComplexity"
"47","org.apache.commons.fileupload","/Users/grantnelson/go/src/github.com/apache/commons-fileupload/src/test/java/org/apache/commons/fileupload/DiskFileItemSerializeTest.java","3","185","The method 'createContentBytes(int)' has an NPath complexity of 3, current threshold is 1","Design","NPathComplexity"
"48","org.apache.commons.fileupload","/Users/grantnelson/go/src/github.com/apache/commons-fileupload/src/test/java/org/apache/commons/fileupload/DiskFileItemSerializeTest.java","3","185","Avoid long parameter lists (1 parameters - threshold is 1).","Design","ExcessiveParameterList"
"49","org.apache.commons.fileupload","/Users/grantnelson/go/src/github.com/apache/commons-fileupload/src/test/java/org/apache/commons/fileupload/DiskFileItemSerializeTest.java","3","201","The method 'createFileItem(byte[], File)' has a NCSS line count of 10.","Design","NcssCount"
"50","org.apache.commons.fileupload","/Users/grantnelson/go/src/github.com/apache/commons-fileupload/src/test/java/org/apache/commons/fileupload/DiskFileItemSerializeTest.java","3","201","The method 'createFileItem(byte[], File)' has a cognitive complexity of 1, current threshold is 1","Design","CognitiveComplexity"
"51","org.apache.commons.fileupload","/Users/grantnelson/go/src/github.com/apache/commons-fileupload/src/test/java/org/apache/commons/fileupload/DiskFileItemSerializeTest.java","3","201","The method 'createFileItem(byte[], File)' has a cyclomatic complexity of 2.","Design","CyclomaticComplexity"
"52","org.apache.commons.fileupload","/Users/grantnelson/go/src/github.com/apache/commons-fileupload/src/test/java/org/apache/commons/fileupload/DiskFileItemSerializeTest.java","3","201","The method 'createFileItem(byte[], File)' has an NPath complexity of 1, current threshold is 1","Design","NPathComplexity"
"53","org.apache.commons.fileupload","/Users/grantnelson/go/src/github.com/apache/commons-fileupload/src/test/java/org/apache/commons/fileupload/DiskFileItemSerializeTest.java","3","201","Avoid long parameter lists (2 parameters - threshold is 1).","Design","ExcessiveParameterList"
"54","org.apache.commons.fileupload","/Users/grantnelson/go/src/github.com/apache/commons-fileupload/src/test/java/org/apache/commons/fileupload/DiskFileItemSerializeTest.java","3","226","The method 'createFileItem(byte[])' has a NCSS line count of 2.","Design","NcssCount"
"55","org.apache.commons.fileupload","/Users/grantnelson/go/src/github.com/apache/commons-fileupload/src/test/java/org/apache/commons/fileupload/DiskFileItemSerializeTest.java","3","226","The method 'createFileItem(byte[])' has a cyclomatic complexity of 1.","Design","CyclomaticComplexity"
"56","org.apache.commons.fileupload","/Users/grantnelson/go/src/github.com/apache/commons-fileupload/src/test/java/org/apache/commons/fileupload/DiskFileItemSerializeTest.java","3","226","The method 'createFileItem(byte[])' has an NPath complexity of 1, current threshold is 1","Design","NPathComplexity"
"57","org.apache.commons.fileupload","/Users/grantnelson/go/src/github.com/apache/commons-fileupload/src/test/java/org/apache/commons/fileupload/DiskFileItemSerializeTest.java","3","226","Avoid long parameter lists (1 parameters - threshold is 1).","Design","ExcessiveParameterList"
"58","org.apache.commons.fileupload","/Users/grantnelson/go/src/github.com/apache/commons-fileupload/src/test/java/org/apache/commons/fileupload/DiskFileItemSerializeTest.java","3","233","The method 'serialize(Object)' has a NCSS line count of 7.","Design","NcssCount"
"59","org.apache.commons.fileupload","/Users/grantnelson/go/src/github.com/apache/commons-fileupload/src/test/java/org/apache/commons/fileupload/DiskFileItemSerializeTest.java","3","233","The method 'serialize(Object)' has a cyclomatic complexity of 1.","Design","CyclomaticComplexity"
"60","org.apache.commons.fileupload","/Users/grantnelson/go/src/github.com/apache/commons-fileupload/src/test/java/org/apache/commons/fileupload/DiskFileItemSerializeTest.java","3","233","The method 'serialize(Object)' has an NPath complexity of 1, current threshold is 1","Design","NPathComplexity"
"61","org.apache.commons.fileupload","/Users/grantnelson/go/src/github.com/apache/commons-fileupload/src/test/java/org/apache/commons/fileupload/DiskFileItemSerializeTest.java","3","233","Avoid long parameter lists (1 parameters - threshold is 1).","Design","ExcessiveParameterList"
"62","org.apache.commons.fileupload","/Users/grantnelson/go/src/github.com/apache/commons-fileupload/src/test/java/org/apache/commons/fileupload/DiskFileItemSerializeTest.java","3","245","The method 'deserialize(ByteArrayOutputStream)' has a NCSS line count of 7.","Design","NcssCount"
"63","org.apache.commons.fileupload","/Users/grantnelson/go/src/github.com/apache/commons-fileupload/src/test/java/org/apache/commons/fileupload/DiskFileItemSerializeTest.java","3","245","The method 'deserialize(ByteArrayOutputStream)' has a cyclomatic complexity of 1.","Design","CyclomaticComplexity"
"64","org.apache.commons.fileupload","/Users/grantnelson/go/src/github.com/apache/commons-fileupload/src/test/java/org/apache/commons/fileupload/DiskFileItemSerializeTest.java","3","245","The method 'deserialize(ByteArrayOutputStream)' has an NPath complexity of 1, current threshold is 1","Design","NPathComplexity"
"65","org.apache.commons.fileupload","/Users/grantnelson/go/src/github.com/apache/commons-fileupload/src/test/java/org/apache/commons/fileupload/DiskFileItemSerializeTest.java","3","245","Avoid long parameter lists (1 parameters - threshold is 1).","Design","ExcessiveParameterList"
"1","org.apache.commons.fileupload","/Users/grantnelson/go/src/github.com/apache/commons-fileupload/src/test/java/org/apache/commons/fileupload/DiskFileUploadTest.java","3","32","A value of 2 may denote a high amount of coupling within the class (threshold: 1)","Design","CouplingBetweenObjects"
"2","org.apache.commons.fileupload","/Users/grantnelson/go/src/github.com/apache/commons-fileupload/src/test/java/org/apache/commons/fileupload/DiskFileUploadTest.java","3","32","The class 'DiskFileUploadTest' has a NCSS line count of 16 (Highest = 7).","Design","NcssCount"
"3","org.apache.commons.fileupload","/Users/grantnelson/go/src/github.com/apache/commons-fileupload/src/test/java/org/apache/commons/fileupload/DiskFileUploadTest.java","3","32","The class 'DiskFileUploadTest' has a total cyclomatic complexity of 6 (highest 3).","Design","CyclomaticComplexity"
"4","org.apache.commons.fileupload","/Users/grantnelson/go/src/github.com/apache/commons-fileupload/src/test/java/org/apache/commons/fileupload/DiskFileUploadTest.java","3","32","This class has 3 public methods and attributes; current threshold is 1.","Design","ExcessivePublicCount"
"5","org.apache.commons.fileupload","/Users/grantnelson/go/src/github.com/apache/commons-fileupload/src/test/java/org/apache/commons/fileupload/DiskFileUploadTest.java","3","37","The method 'setUp()' has a NCSS line count of 2.","Design","NcssCount"
"6","org.apache.commons.fileupload","/Users/grantnelson/go/src/github.com/apache/commons-fileupload/src/test/java/org/apache/commons/fileupload/DiskFileUploadTest.java","3","37","The method 'setUp()' has a cyclomatic complexity of 1.","Design","CyclomaticComplexity"
"7","org.apache.commons.fileupload","/Users/grantnelson/go/src/github.com/apache/commons-fileupload/src/test/java/org/apache/commons/fileupload/DiskFileUploadTest.java","3","37","The method 'setUp()' has an NPath complexity of 1, current threshold is 1","Design","NPathComplexity"
"8","org.apache.commons.fileupload","/Users/grantnelson/go/src/github.com/apache/commons-fileupload/src/test/java/org/apache/commons/fileupload/DiskFileUploadTest.java","3","42","The method 'testWithInvalidRequest()' has a NCSS line count of 5.","Design","NcssCount"
"9","org.apache.commons.fileupload","/Users/grantnelson/go/src/github.com/apache/commons-fileupload/src/test/java/org/apache/commons/fileupload/DiskFileUploadTest.java","3","42","The method 'testWithInvalidRequest()' has a cognitive complexity of 1, current threshold is 1","Design","CognitiveComplexity"
"10","org.apache.commons.fileupload","/Users/grantnelson/go/src/github.com/apache/commons-fileupload/src/test/java/org/apache/commons/fileupload/DiskFileUploadTest.java","3","42","The method 'testWithInvalidRequest()' has a cyclomatic complexity of 2.","Design","CyclomaticComplexity"
"11","org.apache.commons.fileupload","/Users/grantnelson/go/src/github.com/apache/commons-fileupload/src/test/java/org/apache/commons/fileupload/DiskFileUploadTest.java","3","42","The method 'testWithInvalidRequest()' has an NPath complexity of 1, current threshold is 1","Design","NPathComplexity"
"12","org.apache.commons.fileupload","/Users/grantnelson/go/src/github.com/apache/commons-fileupload/src/test/java/org/apache/commons/fileupload/DiskFileUploadTest.java","3","54","The method 'testWithNullContentType()' has a NCSS line count of 7.","Design","NcssCount"
"13","org.apache.commons.fileupload","/Users/grantnelson/go/src/github.com/apache/commons-fileupload/src/test/java/org/apache/commons/fileupload/DiskFileUploadTest.java","3","54","The method 'testWithNullContentType()' has a cognitive complexity of 2, current threshold is 1","Design","CognitiveComplexity"
"14","org.apache.commons.fileupload","/Users/grantnelson/go/src/github.com/apache/commons-fileupload/src/test/java/org/apache/commons/fileupload/DiskFileUploadTest.java","3","54","The method 'testWithNullContentType()' has a cyclomatic complexity of 3.","Design","CyclomaticComplexity"
"15","org.apache.commons.fileupload","/Users/grantnelson/go/src/github.com/apache/commons-fileupload/src/test/java/org/apache/commons/fileupload/DiskFileUploadTest.java","3","54","The method 'testWithNullContentType()' has an NPath complexity of 1, current threshold is 1","Design","NPathComplexity"
"1","org.apache.commons.fileupload","/Users/grantnelson/go/src/github.com/apache/commons-fileupload/src/test/java/org/apache/commons/fileupload/FileItemHeadersTest.java","3","33","A value of 2 may denote a high amount of coupling within the class (threshold: 1)","Design","CouplingBetweenObjects"
"2","org.apache.commons.fileupload","/Users/grantnelson/go/src/github.com/apache/commons-fileupload/src/test/java/org/apache/commons/fileupload/FileItemHeadersTest.java","3","33","The class 'FileItemHeadersTest' has a NCSS line count of 40 (Highest = 39).","Design","NcssCount"
"3","org.apache.commons.fileupload","/Users/grantnelson/go/src/github.com/apache/commons-fileupload/src/test/java/org/apache/commons/fileupload/FileItemHeadersTest.java","3","33","The class 'FileItemHeadersTest' has a total cyclomatic complexity of 1 (highest 1).","Design","CyclomaticComplexity"
"4","org.apache.commons.fileupload","/Users/grantnelson/go/src/github.com/apache/commons-fileupload/src/test/java/org/apache/commons/fileupload/FileItemHeadersTest.java","3","33","This class has 1 public methods and attributes; current threshold is 1.","Design","ExcessivePublicCount"
"5","org.apache.commons.fileupload","/Users/grantnelson/go/src/github.com/apache/commons-fileupload/src/test/java/org/apache/commons/fileupload/FileItemHeadersTest.java","3","39","The method 'testFileItemHeaders()' has a NCSS line count of 39.","Design","NcssCount"
"6","org.apache.commons.fileupload","/Users/grantnelson/go/src/github.com/apache/commons-fileupload/src/test/java/org/apache/commons/fileupload/FileItemHeadersTest.java","3","39","The method 'testFileItemHeaders()' has a cyclomatic complexity of 1.","Design","CyclomaticComplexity"
"7","org.apache.commons.fileupload","/Users/grantnelson/go/src/github.com/apache/commons-fileupload/src/test/java/org/apache/commons/fileupload/FileItemHeadersTest.java","3","39","The method 'testFileItemHeaders()' has an NPath complexity of 1, current threshold is 1","Design","NPathComplexity"
"1","org.apache.commons.fileupload","/Users/grantnelson/go/src/github.com/apache/commons-fileupload/src/test/java/org/apache/commons/fileupload/FileUploadTest.java","3","46","A value of 3 may denote a high amount of coupling within the class (threshold: 1)","Design","CouplingBetweenObjects"
"2","org.apache.commons.fileupload","/Users/grantnelson/go/src/github.com/apache/commons-fileupload/src/test/java/org/apache/commons/fileupload/FileUploadTest.java","3","46","The class 'FileUploadTest' has a NCSS line count of 128 (Highest = 21).","Design","NcssCount"
"3","org.apache.commons.fileupload","/Users/grantnelson/go/src/github.com/apache/commons-fileupload/src/test/java/org/apache/commons/fileupload/FileUploadTest.java","3","46","The class 'FileUploadTest' has a total cyclomatic complexity of 12 (highest 3).","Design","CyclomaticComplexity"
"4","org.apache.commons.fileupload","/Users/grantnelson/go/src/github.com/apache/commons-fileupload/src/test/java/org/apache/commons/fileupload/FileUploadTest.java","3","46","This class has 10 public methods and attributes; current threshold is 1.","Design","ExcessivePublicCount"
"5","org.apache.commons.fileupload","/Users/grantnelson/go/src/github.com/apache/commons-fileupload/src/test/java/org/apache/commons/fileupload/FileUploadTest.java","3","52","The method 'data()' has a NCSS line count of 2.","Design","NcssCount"
"6","org.apache.commons.fileupload","/Users/grantnelson/go/src/github.com/apache/commons-fileupload/src/test/java/org/apache/commons/fileupload/FileUploadTest.java","3","52","The method 'data()' has a cyclomatic complexity of 1.","Design","CyclomaticComplexity"
"7","org.apache.commons.fileupload","/Users/grantnelson/go/src/github.com/apache/commons-fileupload/src/test/java/org/apache/commons/fileupload/FileUploadTest.java","3","52","The method 'data()' has an NPath complexity of 1, current threshold is 1","Design","NPathComplexity"
"8","org.apache.commons.fileupload","/Users/grantnelson/go/src/github.com/apache/commons-fileupload/src/test/java/org/apache/commons/fileupload/FileUploadTest.java","3","65","The method 'testFileUpload()' has a NCSS line count of 21.","Design","NcssCount"
"9","org.apache.commons.fileupload","/Users/grantnelson/go/src/github.com/apache/commons-fileupload/src/test/java/org/apache/commons/fileupload/FileUploadTest.java","3","65","The method 'testFileUpload()' has a cyclomatic complexity of 1.","Design","CyclomaticComplexity"
"10","org.apache.commons.fileupload","/Users/grantnelson/go/src/github.com/apache/commons-fileupload/src/test/java/org/apache/commons/fileupload/FileUploadTest.java","3","65","The method 'testFileUpload()' has an NPath complexity of 1, current threshold is 1","Design","NPathComplexity"
"11","org.apache.commons.fileupload","/Users/grantnelson/go/src/github.com/apache/commons-fileupload/src/test/java/org/apache/commons/fileupload/FileUploadTest.java","3","113","The method 'testFilenameCaseSensitivity()' has a NCSS line count of 6.","Design","NcssCount"
"12","org.apache.commons.fileupload","/Users/grantnelson/go/src/github.com/apache/commons-fileupload/src/test/java/org/apache/commons/fileupload/FileUploadTest.java","3","113","The method 'testFilenameCaseSensitivity()' has a cyclomatic complexity of 1.","Design","CyclomaticComplexity"
"13","org.apache.commons.fileupload","/Users/grantnelson/go/src/github.com/apache/commons-fileupload/src/test/java/org/apache/commons/fileupload/FileUploadTest.java","3","113","The method 'testFilenameCaseSensitivity()' has an NPath complexity of 1, current threshold is 1","Design","NPathComplexity"
"14","org.apache.commons.fileupload","/Users/grantnelson/go/src/github.com/apache/commons-fileupload/src/test/java/org/apache/commons/fileupload/FileUploadTest.java","3","134","The method 'testEmptyFile()' has a NCSS line count of 7.","Design","NcssCount"
"15","org.apache.commons.fileupload","/Users/grantnelson/go/src/github.com/apache/commons-fileupload/src/test/java/org/apache/commons/fileupload/FileUploadTest.java","3","134","The method 'testEmptyFile()' has a cyclomatic complexity of 1.","Design","CyclomaticComplexity"
"16","org.apache.commons.fileupload","/Users/grantnelson/go/src/github.com/apache/commons-fileupload/src/test/java/org/apache/commons/fileupload/FileUploadTest.java","3","134","The method 'testEmptyFile()' has an NPath complexity of 1, current threshold is 1","Design","NPathComplexity"
"17","org.apache.commons.fileupload","/Users/grantnelson/go/src/github.com/apache/commons-fileupload/src/test/java/org/apache/commons/fileupload/FileUploadTest.java","3","156","The method 'testIE5MacBug()' has a NCSS line count of 19.","Design","NcssCount"
"18","org.apache.commons.fileupload","/Users/grantnelson/go/src/github.com/apache/commons-fileupload/src/test/java/org/apache/commons/fileupload/FileUploadTest.java","3","156","The method 'testIE5MacBug()' has a cyclomatic complexity of 1.","Design","CyclomaticComplexity"
"19","org.apache.commons.fileupload","/Users/grantnelson/go/src/github.com/apache/commons-fileupload/src/test/java/org/apache/commons/fileupload/FileUploadTest.java","3","156","The method 'testIE5MacBug()' has an NPath complexity of 1, current threshold is 1","Design","NPathComplexity"
"20","org.apache.commons.fileupload","/Users/grantnelson/go/src/github.com/apache/commons-fileupload/src/test/java/org/apache/commons/fileupload/FileUploadTest.java","3","204","The method 'testFILEUPLOAD62()' has a NCSS line count of 17.","Design","NcssCount"
"21","org.apache.commons.fileupload","/Users/grantnelson/go/src/github.com/apache/commons-fileupload/src/test/java/org/apache/commons/fileupload/FileUploadTest.java","3","204","The method 'testFILEUPLOAD62()' has a cyclomatic complexity of 1.","Design","CyclomaticComplexity"
"22","org.apache.commons.fileupload","/Users/grantnelson/go/src/github.com/apache/commons-fileupload/src/test/java/org/apache/commons/fileupload/FileUploadTest.java","3","204","The method 'testFILEUPLOAD62()' has an NPath complexity of 1, current threshold is 1","Design","NPathComplexity"
"23","org.apache.commons.fileupload","/Users/grantnelson/go/src/github.com/apache/commons-fileupload/src/test/java/org/apache/commons/fileupload/FileUploadTest.java","3","248","The method 'testFoldedHeaders()' has a NCSS line count of 21.","Design","NcssCount"
"24","org.apache.commons.fileupload","/Users/grantnelson/go/src/github.com/apache/commons-fileupload/src/test/java/org/apache/commons/fileupload/FileUploadTest.java","3","248","The method 'testFoldedHeaders()' has a cyclomatic complexity of 1.","Design","CyclomaticComplexity"
"25","org.apache.commons.fileupload","/Users/grantnelson/go/src/github.com/apache/commons-fileupload/src/test/java/org/apache/commons/fileupload/FileUploadTest.java","3","248","The method 'testFoldedHeaders()' has an NPath complexity of 1, current threshold is 1","Design","NPathComplexity"
"26","org.apache.commons.fileupload","/Users/grantnelson/go/src/github.com/apache/commons-fileupload/src/test/java/org/apache/commons/fileupload/FileUploadTest.java","3","300","The method 'testFileUpload130()' has a NCSS line count of 13.","Design","NcssCount"
"27","org.apache.commons.fileupload","/Users/grantnelson/go/src/github.com/apache/commons-fileupload/src/test/java/org/apache/commons/fileupload/FileUploadTest.java","3","300","The method 'testFileUpload130()' has a cyclomatic complexity of 1.","Design","CyclomaticComplexity"
"28","org.apache.commons.fileupload","/Users/grantnelson/go/src/github.com/apache/commons-fileupload/src/test/java/org/apache/commons/fileupload/FileUploadTest.java","3","300","The method 'testFileUpload130()' has an NPath complexity of 1, current threshold is 1","Design","NPathComplexity"
"29","org.apache.commons.fileupload","/Users/grantnelson/go/src/github.com/apache/commons-fileupload/src/test/java/org/apache/commons/fileupload/FileUploadTest.java","3","355","The method 'testContentTypeAttachment()' has a NCSS line count of 13.","Design","NcssCount"
"30","org.apache.commons.fileupload","/Users/grantnelson/go/src/github.com/apache/commons-fileupload/src/test/java/org/apache/commons/fileupload/FileUploadTest.java","3","355","The method 'testContentTypeAttachment()' has a cyclomatic complexity of 1.","Design","CyclomaticComplexity"
"31","org.apache.commons.fileupload","/Users/grantnelson/go/src/github.com/apache/commons-fileupload/src/test/java/org/apache/commons/fileupload/FileUploadTest.java","3","355","The method 'testContentTypeAttachment()' has an NPath complexity of 1, current threshold is 1","Design","NPathComplexity"
"32","org.apache.commons.fileupload","/Users/grantnelson/go/src/github.com/apache/commons-fileupload/src/test/java/org/apache/commons/fileupload/FileUploadTest.java","3","388","The method 'assertHeaders(String[], String[], FileItem, int)' has a NCSS line count of 7.","Design","NcssCount"
"33","org.apache.commons.fileupload","/Users/grantnelson/go/src/github.com/apache/commons-fileupload/src/test/java/org/apache/commons/fileupload/FileUploadTest.java","3","388","The method 'assertHeaders(String[], String[], FileItem, int)' has a cognitive complexity of 4, current threshold is 1","Design","CognitiveComplexity"
"34","org.apache.commons.fileupload","/Users/grantnelson/go/src/github.com/apache/commons-fileupload/src/test/java/org/apache/commons/fileupload/FileUploadTest.java","3","388","The method 'assertHeaders(String[], String[], FileItem, int)' has a cyclomatic complexity of 3.","Design","CyclomaticComplexity"
"35","org.apache.commons.fileupload","/Users/grantnelson/go/src/github.com/apache/commons-fileupload/src/test/java/org/apache/commons/fileupload/FileUploadTest.java","3","388","The method 'assertHeaders(String[], String[], FileItem, int)' has an NPath complexity of 3, current threshold is 1","Design","NPathComplexity"
"36","org.apache.commons.fileupload","/Users/grantnelson/go/src/github.com/apache/commons-fileupload/src/test/java/org/apache/commons/fileupload/FileUploadTest.java","3","388","Avoid long parameter lists (4 parameters - threshold is 1).","Design","ExcessiveParameterList"
"1","org.apache.commons.fileupload","/Users/grantnelson/go/src/github.com/apache/commons-fileupload/src/test/java/org/apache/commons/fileupload/HttpServletRequestFactory.java","3","21","The class 'HttpServletRequestFactory' has a NCSS line count of 14 (Highest = 7).","Design","NcssCount"
"2","org.apache.commons.fileupload","/Users/grantnelson/go/src/github.com/apache/commons-fileupload/src/test/java/org/apache/commons/fileupload/HttpServletRequestFactory.java","3","21","The class 'HttpServletRequestFactory' has a total cyclomatic complexity of 4 (highest 2).","Design","CyclomaticComplexity"
"3","org.apache.commons.fileupload","/Users/grantnelson/go/src/github.com/apache/commons-fileupload/src/test/java/org/apache/commons/fileupload/HttpServletRequestFactory.java","3","21","This class has 3 public methods and attributes; current threshold is 1.","Design","ExcessivePublicCount"
"4","org.apache.commons.fileupload","/Users/grantnelson/go/src/github.com/apache/commons-fileupload/src/test/java/org/apache/commons/fileupload/HttpServletRequestFactory.java","3","23","The method 'createHttpServletRequestWithNullContentType()' has a NCSS line count of 3.","Design","NcssCount"
"5","org.apache.commons.fileupload","/Users/grantnelson/go/src/github.com/apache/commons-fileupload/src/test/java/org/apache/commons/fileupload/HttpServletRequestFactory.java","3","23","The method 'createHttpServletRequestWithNullContentType()' has a cyclomatic complexity of 1.","Design","CyclomaticComplexity"
"6","org.apache.commons.fileupload","/Users/grantnelson/go/src/github.com/apache/commons-fileupload/src/test/java/org/apache/commons/fileupload/HttpServletRequestFactory.java","3","23","The method 'createHttpServletRequestWithNullContentType()' has an NPath complexity of 1, current threshold is 1","Design","NPathComplexity"
"7","org.apache.commons.fileupload","/Users/grantnelson/go/src/github.com/apache/commons-fileupload/src/test/java/org/apache/commons/fileupload/HttpServletRequestFactory.java","3","30","The method 'createValidHttpServletRequest(String[])' has a NCSS line count of 7.","Design","NcssCount"
"8","org.apache.commons.fileupload","/Users/grantnelson/go/src/github.com/apache/commons-fileupload/src/test/java/org/apache/commons/fileupload/HttpServletRequestFactory.java","3","30","The method 'createValidHttpServletRequest(String[])' has a cognitive complexity of 1, current threshold is 1","Design","CognitiveComplexity"
"9","org.apache.commons.fileupload","/Users/grantnelson/go/src/github.com/apache/commons-fileupload/src/test/java/org/apache/commons/fileupload/HttpServletRequestFactory.java","3","30","The method 'createValidHttpServletRequest(String[])' has a cyclomatic complexity of 2.","Design","CyclomaticComplexity"
"10","org.apache.commons.fileupload","/Users/grantnelson/go/src/github.com/apache/commons-fileupload/src/test/java/org/apache/commons/fileupload/HttpServletRequestFactory.java","3","30","The method 'createValidHttpServletRequest(String[])' has an NPath complexity of 2, current threshold is 1","Design","NPathComplexity"
"11","org.apache.commons.fileupload","/Users/grantnelson/go/src/github.com/apache/commons-fileupload/src/test/java/org/apache/commons/fileupload/HttpServletRequestFactory.java","3","30","Avoid long parameter lists (1 parameters - threshold is 1).","Design","ExcessiveParameterList"
"12","org.apache.commons.fileupload","/Users/grantnelson/go/src/github.com/apache/commons-fileupload/src/test/java/org/apache/commons/fileupload/HttpServletRequestFactory.java","3","48","The method 'createInvalidHttpServletRequest()' has a NCSS line count of 3.","Design","NcssCount"
"13","org.apache.commons.fileupload","/Users/grantnelson/go/src/github.com/apache/commons-fileupload/src/test/java/org/apache/commons/fileupload/HttpServletRequestFactory.java","3","48","The method 'createInvalidHttpServletRequest()' has a cyclomatic complexity of 1.","Design","CyclomaticComplexity"
"14","org.apache.commons.fileupload","/Users/grantnelson/go/src/github.com/apache/commons-fileupload/src/test/java/org/apache/commons/fileupload/HttpServletRequestFactory.java","3","48","The method 'createInvalidHttpServletRequest()' has an NPath complexity of 1, current threshold is 1","Design","NPathComplexity"
"1","org.apache.commons.fileupload","/Users/grantnelson/go/src/github.com/apache/commons-fileupload/src/test/java/org/apache/commons/fileupload/MockHttpServletRequest.java","3","35","A value of 12 may denote a high amount of coupling within the class (threshold: 1)","Design","CouplingBetweenObjects"
"2","org.apache.commons.fileupload","/Users/grantnelson/go/src/github.com/apache/commons-fileupload/src/test/java/org/apache/commons/fileupload/MockHttpServletRequest.java","3","35","The class 'MockHttpServletRequest' has a NCSS line count of 142 (Highest = 9).","Design","NcssCount"
"3","org.apache.commons.fileupload","/Users/grantnelson/go/src/github.com/apache/commons-fileupload/src/test/java/org/apache/commons/fileupload/MockHttpServletRequest.java","3","35","The class 'MockHttpServletRequest' has a total cyclomatic complexity of 61 (highest 4).","Design","CyclomaticComplexity"
"4","org.apache.commons.fileupload","/Users/grantnelson/go/src/github.com/apache/commons-fileupload/src/test/java/org/apache/commons/fileupload/MockHttpServletRequest.java","3","35","This class has 58 public methods and attributes; current threshold is 1.","Design","ExcessivePublicCount"
"5","org.apache.commons.fileupload","/Users/grantnelson/go/src/github.com/apache/commons-fileupload/src/test/java/org/apache/commons/fileupload/MockHttpServletRequest.java","3","51","The constructor 'MockHttpServletRequest(byte[], String)' has a NCSS line count of 2.","Design","NcssCount"
"6","org.apache.commons.fileupload","/Users/grantnelson/go/src/github.com/apache/commons-fileupload/src/test/java/org/apache/commons/fileupload/MockHttpServletRequest.java","3","51","The constructor 'MockHttpServletRequest(byte[], String)' has a cyclomatic complexity of 1.","Design","CyclomaticComplexity"
"7","org.apache.commons.fileupload","/Users/grantnelson/go/src/github.com/apache/commons-fileupload/src/test/java/org/apache/commons/fileupload/MockHttpServletRequest.java","3","51","The constructor 'MockHttpServletRequest(byte[], String)' has an NPath complexity of 1, current threshold is 1","Design","NPathComplexity"
"8","org.apache.commons.fileupload","/Users/grantnelson/go/src/github.com/apache/commons-fileupload/src/test/java/org/apache/commons/fileupload/MockHttpServletRequest.java","3","51","Avoid long parameter lists (2 parameters - threshold is 1).","Design","ExcessiveParameterList"
"9","org.apache.commons.fileupload","/Users/grantnelson/go/src/github.com/apache/commons-fileupload/src/test/java/org/apache/commons/fileupload/MockHttpServletRequest.java","3","62","The constructor 'MockHttpServletRequest(InputStream, long, String)' has a NCSS line count of 5.","Design","NcssCount"
"10","org.apache.commons.fileupload","/Users/grantnelson/go/src/github.com/apache/commons-fileupload/src/test/java/org/apache/commons/fileupload/MockHttpServletRequest.java","3","62","The constructor 'MockHttpServletRequest(InputStream, long, String)' has a cyclomatic complexity of 1.","Design","CyclomaticComplexity"
"11","org.apache.commons.fileupload","/Users/grantnelson/go/src/github.com/apache/commons-fileupload/src/test/java/org/apache/commons/fileupload/MockHttpServletRequest.java","3","62","The constructor 'MockHttpServletRequest(InputStream, long, String)' has an NPath complexity of 1, current threshold is 1","Design","NPathComplexity"
"12","org.apache.commons.fileupload","/Users/grantnelson/go/src/github.com/apache/commons-fileupload/src/test/java/org/apache/commons/fileupload/MockHttpServletRequest.java","3","62","Avoid long parameter lists (3 parameters - threshold is 1).","Design","ExcessiveParameterList"
"13","org.apache.commons.fileupload","/Users/grantnelson/go/src/github.com/apache/commons-fileupload/src/test/java/org/apache/commons/fileupload/MockHttpServletRequest.java","3","75","The method 'getAuthType()' has a NCSS line count of 2.","Design","NcssCount"
"14","org.apache.commons.fileupload","/Users/grantnelson/go/src/github.com/apache/commons-fileupload/src/test/java/org/apache/commons/fileupload/MockHttpServletRequest.java","3","75","The method 'getAuthType()' has a cyclomatic complexity of 1.","Design","CyclomaticComplexity"
"15","org.apache.commons.fileupload","/Users/grantnelson/go/src/github.com/apache/commons-fileupload/src/test/java/org/apache/commons/fileupload/MockHttpServletRequest.java","3","75","The method 'getAuthType()' has an NPath complexity of 1, current threshold is 1","Design","NPathComplexity"
"16","org.apache.commons.fileupload","/Users/grantnelson/go/src/github.com/apache/commons-fileupload/src/test/java/org/apache/commons/fileupload/MockHttpServletRequest.java","3","82","The method 'getCookies()' has a NCSS line count of 2.","Design","NcssCount"
"17","org.apache.commons.fileupload","/Users/grantnelson/go/src/github.com/apache/commons-fileupload/src/test/java/org/apache/commons/fileupload/MockHttpServletRequest.java","3","82","The method 'getCookies()' has a cyclomatic complexity of 1.","Design","CyclomaticComplexity"
"18","org.apache.commons.fileupload","/Users/grantnelson/go/src/github.com/apache/commons-fileupload/src/test/java/org/apache/commons/fileupload/MockHttpServletRequest.java","3","82","The method 'getCookies()' has an NPath complexity of 1, current threshold is 1","Design","NPathComplexity"
"19","org.apache.commons.fileupload","/Users/grantnelson/go/src/github.com/apache/commons-fileupload/src/test/java/org/apache/commons/fileupload/MockHttpServletRequest.java","3","89","The method 'getDateHeader(String)' has a NCSS line count of 2.","Design","NcssCount"
"20","org.apache.commons.fileupload","/Users/grantnelson/go/src/github.com/apache/commons-fileupload/src/test/java/org/apache/commons/fileupload/MockHttpServletRequest.java","3","89","The method 'getDateHeader(String)' has a cyclomatic complexity of 1.","Design","CyclomaticComplexity"
"21","org.apache.commons.fileupload","/Users/grantnelson/go/src/github.com/apache/commons-fileupload/src/test/java/org/apache/commons/fileupload/MockHttpServletRequest.java","3","89","The method 'getDateHeader(String)' has an NPath complexity of 1, current threshold is 1","Design","NPathComplexity"
"22","org.apache.commons.fileupload","/Users/grantnelson/go/src/github.com/apache/commons-fileupload/src/test/java/org/apache/commons/fileupload/MockHttpServletRequest.java","3","89","Avoid long parameter lists (1 parameters - threshold is 1).","Design","ExcessiveParameterList"
"23","org.apache.commons.fileupload","/Users/grantnelson/go/src/github.com/apache/commons-fileupload/src/test/java/org/apache/commons/fileupload/MockHttpServletRequest.java","3","96","The method 'getHeader(String)' has a NCSS line count of 2.","Design","NcssCount"
"24","org.apache.commons.fileupload","/Users/grantnelson/go/src/github.com/apache/commons-fileupload/src/test/java/org/apache/commons/fileupload/MockHttpServletRequest.java","3","96","The method 'getHeader(String)' has a cyclomatic complexity of 1.","Design","CyclomaticComplexity"
"25","org.apache.commons.fileupload","/Users/grantnelson/go/src/github.com/apache/commons-fileupload/src/test/java/org/apache/commons/fileupload/MockHttpServletRequest.java","3","96","The method 'getHeader(String)' has an NPath complexity of 1, current threshold is 1","Design","NPathComplexity"
"26","org.apache.commons.fileupload","/Users/grantnelson/go/src/github.com/apache/commons-fileupload/src/test/java/org/apache/commons/fileupload/MockHttpServletRequest.java","3","96","Avoid long parameter lists (1 parameters - threshold is 1).","Design","ExcessiveParameterList"
"27","org.apache.commons.fileupload","/Users/grantnelson/go/src/github.com/apache/commons-fileupload/src/test/java/org/apache/commons/fileupload/MockHttpServletRequest.java","3","103","The method 'getHeaders(String)' has a NCSS line count of 2.","Design","NcssCount"
"28","org.apache.commons.fileupload","/Users/grantnelson/go/src/github.com/apache/commons-fileupload/src/test/java/org/apache/commons/fileupload/MockHttpServletRequest.java","3","103","The method 'getHeaders(String)' has a cyclomatic complexity of 1.","Design","CyclomaticComplexity"
"29","org.apache.commons.fileupload","/Users/grantnelson/go/src/github.com/apache/commons-fileupload/src/test/java/org/apache/commons/fileupload/MockHttpServletRequest.java","3","103","The method 'getHeaders(String)' has an NPath complexity of 1, current threshold is 1","Design","NPathComplexity"
"30","org.apache.commons.fileupload","/Users/grantnelson/go/src/github.com/apache/commons-fileupload/src/test/java/org/apache/commons/fileupload/MockHttpServletRequest.java","3","103","Avoid long parameter lists (1 parameters - threshold is 1).","Design","ExcessiveParameterList"
"31","org.apache.commons.fileupload","/Users/grantnelson/go/src/github.com/apache/commons-fileupload/src/test/java/org/apache/commons/fileupload/MockHttpServletRequest.java","3","111","The method 'getHeaderNames()' has a NCSS line count of 2.","Design","NcssCount"
"32","org.apache.commons.fileupload","/Users/grantnelson/go/src/github.com/apache/commons-fileupload/src/test/java/org/apache/commons/fileupload/MockHttpServletRequest.java","3","111","The method 'getHeaderNames()' has a cyclomatic complexity of 1.","Design","CyclomaticComplexity"
"33","org.apache.commons.fileupload","/Users/grantnelson/go/src/github.com/apache/commons-fileupload/src/test/java/org/apache/commons/fileupload/MockHttpServletRequest.java","3","111","The method 'getHeaderNames()' has an NPath complexity of 1, current threshold is 1","Design","NPathComplexity"
"34","org.apache.commons.fileupload","/Users/grantnelson/go/src/github.com/apache/commons-fileupload/src/test/java/org/apache/commons/fileupload/MockHttpServletRequest.java","3","119","The method 'getIntHeader(String)' has a NCSS line count of 2.","Design","NcssCount"
"35","org.apache.commons.fileupload","/Users/grantnelson/go/src/github.com/apache/commons-fileupload/src/test/java/org/apache/commons/fileupload/MockHttpServletRequest.java","3","119","The method 'getIntHeader(String)' has a cyclomatic complexity of 1.","Design","CyclomaticComplexity"
"36","org.apache.commons.fileupload","/Users/grantnelson/go/src/github.com/apache/commons-fileupload/src/test/java/org/apache/commons/fileupload/MockHttpServletRequest.java","3","119","The method 'getIntHeader(String)' has an NPath complexity of 1, current threshold is 1","Design","NPathComplexity"
"37","org.apache.commons.fileupload","/Users/grantnelson/go/src/github.com/apache/commons-fileupload/src/test/java/org/apache/commons/fileupload/MockHttpServletRequest.java","3","119","Avoid long parameter lists (1 parameters - threshold is 1).","Design","ExcessiveParameterList"
"38","org.apache.commons.fileupload","/Users/grantnelson/go/src/github.com/apache/commons-fileupload/src/test/java/org/apache/commons/fileupload/MockHttpServletRequest.java","3","126","The method 'getMethod()' has a NCSS line count of 2.","Design","NcssCount"
"39","org.apache.commons.fileupload","/Users/grantnelson/go/src/github.com/apache/commons-fileupload/src/test/java/org/apache/commons/fileupload/MockHttpServletRequest.java","3","126","The method 'getMethod()' has a cyclomatic complexity of 1.","Design","CyclomaticComplexity"
"40","org.apache.commons.fileupload","/Users/grantnelson/go/src/github.com/apache/commons-fileupload/src/test/java/org/apache/commons/fileupload/MockHttpServletRequest.java","3","126","The method 'getMethod()' has an NPath complexity of 1, current threshold is 1","Design","NPathComplexity"
"41","org.apache.commons.fileupload","/Users/grantnelson/go/src/github.com/apache/commons-fileupload/src/test/java/org/apache/commons/fileupload/MockHttpServletRequest.java","3","133","The method 'getPathInfo()' has a NCSS line count of 2.","Design","NcssCount"
"42","org.apache.commons.fileupload","/Users/grantnelson/go/src/github.com/apache/commons-fileupload/src/test/java/org/apache/commons/fileupload/MockHttpServletRequest.java","3","133","The method 'getPathInfo()' has a cyclomatic complexity of 1.","Design","CyclomaticComplexity"
"43","org.apache.commons.fileupload","/Users/grantnelson/go/src/github.com/apache/commons-fileupload/src/test/java/org/apache/commons/fileupload/MockHttpServletRequest.java","3","133","The method 'getPathInfo()' has an NPath complexity of 1, current threshold is 1","Design","NPathComplexity"
"44","org.apache.commons.fileupload","/Users/grantnelson/go/src/github.com/apache/commons-fileupload/src/test/java/org/apache/commons/fileupload/MockHttpServletRequest.java","3","140","The method 'getPathTranslated()' has a NCSS line count of 2.","Design","NcssCount"
"45","org.apache.commons.fileupload","/Users/grantnelson/go/src/github.com/apache/commons-fileupload/src/test/java/org/apache/commons/fileupload/MockHttpServletRequest.java","3","140","The method 'getPathTranslated()' has a cyclomatic complexity of 1.","Design","CyclomaticComplexity"
"46","org.apache.commons.fileupload","/Users/grantnelson/go/src/github.com/apache/commons-fileupload/src/test/java/org/apache/commons/fileupload/MockHttpServletRequest.java","3","140","The method 'getPathTranslated()' has an NPath complexity of 1, current threshold is 1","Design","NPathComplexity"
"47","org.apache.commons.fileupload","/Users/grantnelson/go/src/github.com/apache/commons-fileupload/src/test/java/org/apache/commons/fileupload/MockHttpServletRequest.java","3","147","The method 'getContextPath()' has a NCSS line count of 2.","Design","NcssCount"
"48","org.apache.commons.fileupload","/Users/grantnelson/go/src/github.com/apache/commons-fileupload/src/test/java/org/apache/commons/fileupload/MockHttpServletRequest.java","3","147","The method 'getContextPath()' has a cyclomatic complexity of 1.","Design","CyclomaticComplexity"
"49","org.apache.commons.fileupload","/Users/grantnelson/go/src/github.com/apache/commons-fileupload/src/test/java/org/apache/commons/fileupload/MockHttpServletRequest.java","3","147","The method 'getContextPath()' has an NPath complexity of 1, current threshold is 1","Design","NPathComplexity"
"50","org.apache.commons.fileupload","/Users/grantnelson/go/src/github.com/apache/commons-fileupload/src/test/java/org/apache/commons/fileupload/MockHttpServletRequest.java","3","154","The method 'getQueryString()' has a NCSS line count of 2.","Design","NcssCount"
"51","org.apache.commons.fileupload","/Users/grantnelson/go/src/github.com/apache/commons-fileupload/src/test/java/org/apache/commons/fileupload/MockHttpServletRequest.java","3","154","The method 'getQueryString()' has a cyclomatic complexity of 1.","Design","CyclomaticComplexity"
"52","org.apache.commons.fileupload","/Users/grantnelson/go/src/github.com/apache/commons-fileupload/src/test/java/org/apache/commons/fileupload/MockHttpServletRequest.java","3","154","The method 'getQueryString()' has an NPath complexity of 1, current threshold is 1","Design","NPathComplexity"
"53","org.apache.commons.fileupload","/Users/grantnelson/go/src/github.com/apache/commons-fileupload/src/test/java/org/apache/commons/fileupload/MockHttpServletRequest.java","3","161","The method 'getRemoteUser()' has a NCSS line count of 2.","Design","NcssCount"
"54","org.apache.commons.fileupload","/Users/grantnelson/go/src/github.com/apache/commons-fileupload/src/test/java/org/apache/commons/fileupload/MockHttpServletRequest.java","3","161","The method 'getRemoteUser()' has a cyclomatic complexity of 1.","Design","CyclomaticComplexity"
"55","org.apache.commons.fileupload","/Users/grantnelson/go/src/github.com/apache/commons-fileupload/src/test/java/org/apache/commons/fileupload/MockHttpServletRequest.java","3","161","The method 'getRemoteUser()' has an NPath complexity of 1, current threshold is 1","Design","NPathComplexity"
"56","org.apache.commons.fileupload","/Users/grantnelson/go/src/github.com/apache/commons-fileupload/src/test/java/org/apache/commons/fileupload/MockHttpServletRequest.java","3","168","The method 'isUserInRole(String)' has a NCSS line count of 2.","Design","NcssCount"
"57","org.apache.commons.fileupload","/Users/grantnelson/go/src/github.com/apache/commons-fileupload/src/test/java/org/apache/commons/fileupload/MockHttpServletRequest.java","3","168","The method 'isUserInRole(String)' has a cyclomatic complexity of 1.","Design","CyclomaticComplexity"
"58","org.apache.commons.fileupload","/Users/grantnelson/go/src/github.com/apache/commons-fileupload/src/test/java/org/apache/commons/fileupload/MockHttpServletRequest.java","3","168","The method 'isUserInRole(String)' has an NPath complexity of 1, current threshold is 1","Design","NPathComplexity"
"59","org.apache.commons.fileupload","/Users/grantnelson/go/src/github.com/apache/commons-fileupload/src/test/java/org/apache/commons/fileupload/MockHttpServletRequest.java","3","168","Avoid long parameter lists (1 parameters - threshold is 1).","Design","ExcessiveParameterList"
"60","org.apache.commons.fileupload","/Users/grantnelson/go/src/github.com/apache/commons-fileupload/src/test/java/org/apache/commons/fileupload/MockHttpServletRequest.java","3","175","The method 'getUserPrincipal()' has a NCSS line count of 2.","Design","NcssCount"
"61","org.apache.commons.fileupload","/Users/grantnelson/go/src/github.com/apache/commons-fileupload/src/test/java/org/apache/commons/fileupload/MockHttpServletRequest.java","3","175","The method 'getUserPrincipal()' has a cyclomatic complexity of 1.","Design","CyclomaticComplexity"
"62","org.apache.commons.fileupload","/Users/grantnelson/go/src/github.com/apache/commons-fileupload/src/test/java/org/apache/commons/fileupload/MockHttpServletRequest.java","3","175","The method 'getUserPrincipal()' has an NPath complexity of 1, current threshold is 1","Design","NPathComplexity"
"63","org.apache.commons.fileupload","/Users/grantnelson/go/src/github.com/apache/commons-fileupload/src/test/java/org/apache/commons/fileupload/MockHttpServletRequest.java","3","182","The method 'getRequestedSessionId()' has a NCSS line count of 2.","Design","NcssCount"
"64","org.apache.commons.fileupload","/Users/grantnelson/go/src/github.com/apache/commons-fileupload/src/test/java/org/apache/commons/fileupload/MockHttpServletRequest.java","3","182","The method 'getRequestedSessionId()' has a cyclomatic complexity of 1.","Design","CyclomaticComplexity"
"65","org.apache.commons.fileupload","/Users/grantnelson/go/src/github.com/apache/commons-fileupload/src/test/java/org/apache/commons/fileupload/MockHttpServletRequest.java","3","182","The method 'getRequestedSessionId()' has an NPath complexity of 1, current threshold is 1","Design","NPathComplexity"
"66","org.apache.commons.fileupload","/Users/grantnelson/go/src/github.com/apache/commons-fileupload/src/test/java/org/apache/commons/fileupload/MockHttpServletRequest.java","3","189","The method 'getRequestURI()' has a NCSS line count of 2.","Design","NcssCount"
"67","org.apache.commons.fileupload","/Users/grantnelson/go/src/github.com/apache/commons-fileupload/src/test/java/org/apache/commons/fileupload/MockHttpServletRequest.java","3","189","The method 'getRequestURI()' has a cyclomatic complexity of 1.","Design","CyclomaticComplexity"
"68","org.apache.commons.fileupload","/Users/grantnelson/go/src/github.com/apache/commons-fileupload/src/test/java/org/apache/commons/fileupload/MockHttpServletRequest.java","3","189","The method 'getRequestURI()' has an NPath complexity of 1, current threshold is 1","Design","NPathComplexity"
"69","org.apache.commons.fileupload","/Users/grantnelson/go/src/github.com/apache/commons-fileupload/src/test/java/org/apache/commons/fileupload/MockHttpServletRequest.java","3","196","The method 'getRequestURL()' has a NCSS line count of 2.","Design","NcssCount"
"70","org.apache.commons.fileupload","/Users/grantnelson/go/src/github.com/apache/commons-fileupload/src/test/java/org/apache/commons/fileupload/MockHttpServletRequest.java","3","196","The method 'getRequestURL()' has a cyclomatic complexity of 1.","Design","CyclomaticComplexity"
"71","org.apache.commons.fileupload","/Users/grantnelson/go/src/github.com/apache/commons-fileupload/src/test/java/org/apache/commons/fileupload/MockHttpServletRequest.java","3","196","The method 'getRequestURL()' has an NPath complexity of 1, current threshold is 1","Design","NPathComplexity"
"72","org.apache.commons.fileupload","/Users/grantnelson/go/src/github.com/apache/commons-fileupload/src/test/java/org/apache/commons/fileupload/MockHttpServletRequest.java","3","203","The method 'getServletPath()' has a NCSS line count of 2.","Design","NcssCount"
"73","org.apache.commons.fileupload","/Users/grantnelson/go/src/github.com/apache/commons-fileupload/src/test/java/org/apache/commons/fileupload/MockHttpServletRequest.java","3","203","The method 'getServletPath()' has a cyclomatic complexity of 1.","Design","CyclomaticComplexity"
"74","org.apache.commons.fileupload","/Users/grantnelson/go/src/github.com/apache/commons-fileupload/src/test/java/org/apache/commons/fileupload/MockHttpServletRequest.java","3","203","The method 'getServletPath()' has an NPath complexity of 1, current threshold is 1","Design","NPathComplexity"
"75","org.apache.commons.fileupload","/Users/grantnelson/go/src/github.com/apache/commons-fileupload/src/test/java/org/apache/commons/fileupload/MockHttpServletRequest.java","3","210","The method 'getSession(boolean)' has a NCSS line count of 2.","Design","NcssCount"
"76","org.apache.commons.fileupload","/Users/grantnelson/go/src/github.com/apache/commons-fileupload/src/test/java/org/apache/commons/fileupload/MockHttpServletRequest.java","3","210","The method 'getSession(boolean)' has a cyclomatic complexity of 1.","Design","CyclomaticComplexity"
"77","org.apache.commons.fileupload","/Users/grantnelson/go/src/github.com/apache/commons-fileupload/src/test/java/org/apache/commons/fileupload/MockHttpServletRequest.java","3","210","The method 'getSession(boolean)' has an NPath complexity of 1, current threshold is 1","Design","NPathComplexity"
"78","org.apache.commons.fileupload","/Users/grantnelson/go/src/github.com/apache/commons-fileupload/src/test/java/org/apache/commons/fileupload/MockHttpServletRequest.java","3","210","Avoid long parameter lists (1 parameters - threshold is 1).","Design","ExcessiveParameterList"
"79","org.apache.commons.fileupload","/Users/grantnelson/go/src/github.com/apache/commons-fileupload/src/test/java/org/apache/commons/fileupload/MockHttpServletRequest.java","3","217","The method 'getSession()' has a NCSS line count of 2.","Design","NcssCount"
"80","org.apache.commons.fileupload","/Users/grantnelson/go/src/github.com/apache/commons-fileupload/src/test/java/org/apache/commons/fileupload/MockHttpServletRequest.java","3","217","The method 'getSession()' has a cyclomatic complexity of 1.","Design","CyclomaticComplexity"
"81","org.apache.commons.fileupload","/Users/grantnelson/go/src/github.com/apache/commons-fileupload/src/test/java/org/apache/commons/fileupload/MockHttpServletRequest.java","3","217","The method 'getSession()' has an NPath complexity of 1, current threshold is 1","Design","NPathComplexity"
"82","org.apache.commons.fileupload","/Users/grantnelson/go/src/github.com/apache/commons-fileupload/src/test/java/org/apache/commons/fileupload/MockHttpServletRequest.java","3","224","The method 'isRequestedSessionIdValid()' has a NCSS line count of 2.","Design","NcssCount"
"83","org.apache.commons.fileupload","/Users/grantnelson/go/src/github.com/apache/commons-fileupload/src/test/java/org/apache/commons/fileupload/MockHttpServletRequest.java","3","224","The method 'isRequestedSessionIdValid()' has a cyclomatic complexity of 1.","Design","CyclomaticComplexity"
"84","org.apache.commons.fileupload","/Users/grantnelson/go/src/github.com/apache/commons-fileupload/src/test/java/org/apache/commons/fileupload/MockHttpServletRequest.java","3","224","The method 'isRequestedSessionIdValid()' has an NPath complexity of 1, current threshold is 1","Design","NPathComplexity"
"85","org.apache.commons.fileupload","/Users/grantnelson/go/src/github.com/apache/commons-fileupload/src/test/java/org/apache/commons/fileupload/MockHttpServletRequest.java","3","231","The method 'isRequestedSessionIdFromCookie()' has a NCSS line count of 2.","Design","NcssCount"
"86","org.apache.commons.fileupload","/Users/grantnelson/go/src/github.com/apache/commons-fileupload/src/test/java/org/apache/commons/fileupload/MockHttpServletRequest.java","3","231","The method 'isRequestedSessionIdFromCookie()' has a cyclomatic complexity of 1.","Design","CyclomaticComplexity"
"87","org.apache.commons.fileupload","/Users/grantnelson/go/src/github.com/apache/commons-fileupload/src/test/java/org/apache/commons/fileupload/MockHttpServletRequest.java","3","231","The method 'isRequestedSessionIdFromCookie()' has an NPath complexity of 1, current threshold is 1","Design","NPathComplexity"
"88","org.apache.commons.fileupload","/Users/grantnelson/go/src/github.com/apache/commons-fileupload/src/test/java/org/apache/commons/fileupload/MockHttpServletRequest.java","3","238","The method 'isRequestedSessionIdFromURL()' has a NCSS line count of 2.","Design","NcssCount"
"89","org.apache.commons.fileupload","/Users/grantnelson/go/src/github.com/apache/commons-fileupload/src/test/java/org/apache/commons/fileupload/MockHttpServletRequest.java","3","238","The method 'isRequestedSessionIdFromURL()' has a cyclomatic complexity of 1.","Design","CyclomaticComplexity"
"90","org.apache.commons.fileupload","/Users/grantnelson/go/src/github.com/apache/commons-fileupload/src/test/java/org/apache/commons/fileupload/MockHttpServletRequest.java","3","238","The method 'isRequestedSessionIdFromURL()' has an NPath complexity of 1, current threshold is 1","Design","NPathComplexity"
"91","org.apache.commons.fileupload","/Users/grantnelson/go/src/github.com/apache/commons-fileupload/src/test/java/org/apache/commons/fileupload/MockHttpServletRequest.java","3","247","The method 'isRequestedSessionIdFromUrl()' has a NCSS line count of 2.","Design","NcssCount"
"92","org.apache.commons.fileupload","/Users/grantnelson/go/src/github.com/apache/commons-fileupload/src/test/java/org/apache/commons/fileupload/MockHttpServletRequest.java","3","247","The method 'isRequestedSessionIdFromUrl()' has a cyclomatic complexity of 1.","Design","CyclomaticComplexity"
"93","org.apache.commons.fileupload","/Users/grantnelson/go/src/github.com/apache/commons-fileupload/src/test/java/org/apache/commons/fileupload/MockHttpServletRequest.java","3","247","The method 'isRequestedSessionIdFromUrl()' has an NPath complexity of 1, current threshold is 1","Design","NPathComplexity"
"94","org.apache.commons.fileupload","/Users/grantnelson/go/src/github.com/apache/commons-fileupload/src/test/java/org/apache/commons/fileupload/MockHttpServletRequest.java","3","254","The method 'getAttribute(String)' has a NCSS line count of 2.","Design","NcssCount"
"95","org.apache.commons.fileupload","/Users/grantnelson/go/src/github.com/apache/commons-fileupload/src/test/java/org/apache/commons/fileupload/MockHttpServletRequest.java","3","254","The method 'getAttribute(String)' has a cyclomatic complexity of 1.","Design","CyclomaticComplexity"
"96","org.apache.commons.fileupload","/Users/grantnelson/go/src/github.com/apache/commons-fileupload/src/test/java/org/apache/commons/fileupload/MockHttpServletRequest.java","3","254","The method 'getAttribute(String)' has an NPath complexity of 1, current threshold is 1","Design","NPathComplexity"
"97","org.apache.commons.fileupload","/Users/grantnelson/go/src/github.com/apache/commons-fileupload/src/test/java/org/apache/commons/fileupload/MockHttpServletRequest.java","3","254","Avoid long parameter lists (1 parameters - threshold is 1).","Design","ExcessiveParameterList"
"98","org.apache.commons.fileupload","/Users/grantnelson/go/src/github.com/apache/commons-fileupload/src/test/java/org/apache/commons/fileupload/MockHttpServletRequest.java","3","261","The method 'getAttributeNames()' has a NCSS line count of 2.","Design","NcssCount"
"99","org.apache.commons.fileupload","/Users/grantnelson/go/src/github.com/apache/commons-fileupload/src/test/java/org/apache/commons/fileupload/MockHttpServletRequest.java","3","261","The method 'getAttributeNames()' has a cyclomatic complexity of 1.","Design","CyclomaticComplexity"
"100","org.apache.commons.fileupload","/Users/grantnelson/go/src/github.com/apache/commons-fileupload/src/test/java/org/apache/commons/fileupload/MockHttpServletRequest.java","3","261","The method 'getAttributeNames()' has an NPath complexity of 1, current threshold is 1","Design","NPathComplexity"
"101","org.apache.commons.fileupload","/Users/grantnelson/go/src/github.com/apache/commons-fileupload/src/test/java/org/apache/commons/fileupload/MockHttpServletRequest.java","3","268","The method 'getCharacterEncoding()' has a NCSS line count of 2.","Design","NcssCount"
"102","org.apache.commons.fileupload","/Users/grantnelson/go/src/github.com/apache/commons-fileupload/src/test/java/org/apache/commons/fileupload/MockHttpServletRequest.java","3","268","The method 'getCharacterEncoding()' has a cyclomatic complexity of 1.","Design","CyclomaticComplexity"
"103","org.apache.commons.fileupload","/Users/grantnelson/go/src/github.com/apache/commons-fileupload/src/test/java/org/apache/commons/fileupload/MockHttpServletRequest.java","3","268","The method 'getCharacterEncoding()' has an NPath complexity of 1, current threshold is 1","Design","NPathComplexity"
"104","org.apache.commons.fileupload","/Users/grantnelson/go/src/github.com/apache/commons-fileupload/src/test/java/org/apache/commons/fileupload/MockHttpServletRequest.java","3","275","The method 'setCharacterEncoding(String)' has a NCSS line count of 1.","Design","NcssCount"
"105","org.apache.commons.fileupload","/Users/grantnelson/go/src/github.com/apache/commons-fileupload/src/test/java/org/apache/commons/fileupload/MockHttpServletRequest.java","3","275","The method 'setCharacterEncoding(String)' has a cyclomatic complexity of 1.","Design","CyclomaticComplexity"
"106","org.apache.commons.fileupload","/Users/grantnelson/go/src/github.com/apache/commons-fileupload/src/test/java/org/apache/commons/fileupload/MockHttpServletRequest.java","3","275","The method 'setCharacterEncoding(String)' has an NPath complexity of 1, current threshold is 1","Design","NPathComplexity"
"107","org.apache.commons.fileupload","/Users/grantnelson/go/src/github.com/apache/commons-fileupload/src/test/java/org/apache/commons/fileupload/MockHttpServletRequest.java","3","275","Avoid long parameter lists (1 parameters - threshold is 1).","Design","ExcessiveParameterList"
"108","org.apache.commons.fileupload","/Users/grantnelson/go/src/github.com/apache/commons-fileupload/src/test/java/org/apache/commons/fileupload/MockHttpServletRequest.java","3","282","The method 'getContentLength()' has a NCSS line count of 9.","Design","NcssCount"
"109","org.apache.commons.fileupload","/Users/grantnelson/go/src/github.com/apache/commons-fileupload/src/test/java/org/apache/commons/fileupload/MockHttpServletRequest.java","3","282","The method 'getContentLength()' has a cognitive complexity of 4, current threshold is 1","Design","CognitiveComplexity"
"110","org.apache.commons.fileupload","/Users/grantnelson/go/src/github.com/apache/commons-fileupload/src/test/java/org/apache/commons/fileupload/MockHttpServletRequest.java","3","282","The method 'getContentLength()' has a cyclomatic complexity of 4.","Design","CyclomaticComplexity"
"111","org.apache.commons.fileupload","/Users/grantnelson/go/src/github.com/apache/commons-fileupload/src/test/java/org/apache/commons/fileupload/MockHttpServletRequest.java","3","282","The method 'getContentLength()' has an NPath complexity of 3, current threshold is 1","Design","NPathComplexity"
"112","org.apache.commons.fileupload","/Users/grantnelson/go/src/github.com/apache/commons-fileupload/src/test/java/org/apache/commons/fileupload/MockHttpServletRequest.java","3","299","The method 'setContentLength(long)' has a NCSS line count of 2.","Design","NcssCount"
"113","org.apache.commons.fileupload","/Users/grantnelson/go/src/github.com/apache/commons-fileupload/src/test/java/org/apache/commons/fileupload/MockHttpServletRequest.java","3","299","The method 'setContentLength(long)' has a cyclomatic complexity of 1.","Design","CyclomaticComplexity"
"114","org.apache.commons.fileupload","/Users/grantnelson/go/src/github.com/apache/commons-fileupload/src/test/java/org/apache/commons/fileupload/MockHttpServletRequest.java","3","299","The method 'setContentLength(long)' has an NPath complexity of 1, current threshold is 1","Design","NPathComplexity"
"115","org.apache.commons.fileupload","/Users/grantnelson/go/src/github.com/apache/commons-fileupload/src/test/java/org/apache/commons/fileupload/MockHttpServletRequest.java","3","299","Avoid long parameter lists (1 parameters - threshold is 1).","Design","ExcessiveParameterList"
"116","org.apache.commons.fileupload","/Users/grantnelson/go/src/github.com/apache/commons-fileupload/src/test/java/org/apache/commons/fileupload/MockHttpServletRequest.java","3","306","The method 'getContentType()' has a NCSS line count of 2.","Design","NcssCount"
"117","org.apache.commons.fileupload","/Users/grantnelson/go/src/github.com/apache/commons-fileupload/src/test/java/org/apache/commons/fileupload/MockHttpServletRequest.java","3","306","The method 'getContentType()' has a cyclomatic complexity of 1.","Design","CyclomaticComplexity"
"118","org.apache.commons.fileupload","/Users/grantnelson/go/src/github.com/apache/commons-fileupload/src/test/java/org/apache/commons/fileupload/MockHttpServletRequest.java","3","306","The method 'getContentType()' has an NPath complexity of 1, current threshold is 1","Design","NPathComplexity"
"119","org.apache.commons.fileupload","/Users/grantnelson/go/src/github.com/apache/commons-fileupload/src/test/java/org/apache/commons/fileupload/MockHttpServletRequest.java","3","313","The method 'getInputStream()' has a NCSS line count of 3.","Design","NcssCount"
"120","org.apache.commons.fileupload","/Users/grantnelson/go/src/github.com/apache/commons-fileupload/src/test/java/org/apache/commons/fileupload/MockHttpServletRequest.java","3","313","The method 'getInputStream()' has a cyclomatic complexity of 1.","Design","CyclomaticComplexity"
"121","org.apache.commons.fileupload","/Users/grantnelson/go/src/github.com/apache/commons-fileupload/src/test/java/org/apache/commons/fileupload/MockHttpServletRequest.java","3","313","The method 'getInputStream()' has an NPath complexity of 1, current threshold is 1","Design","NPathComplexity"
"122","org.apache.commons.fileupload","/Users/grantnelson/go/src/github.com/apache/commons-fileupload/src/test/java/org/apache/commons/fileupload/MockHttpServletRequest.java","3","323","The method 'setReadLimit(int)' has a NCSS line count of 2.","Design","NcssCount"
"123","org.apache.commons.fileupload","/Users/grantnelson/go/src/github.com/apache/commons-fileupload/src/test/java/org/apache/commons/fileupload/MockHttpServletRequest.java","3","323","The method 'setReadLimit(int)' has a cyclomatic complexity of 1.","Design","CyclomaticComplexity"
"124","org.apache.commons.fileupload","/Users/grantnelson/go/src/github.com/apache/commons-fileupload/src/test/java/org/apache/commons/fileupload/MockHttpServletRequest.java","3","323","The method 'setReadLimit(int)' has an NPath complexity of 1, current threshold is 1","Design","NPathComplexity"
"125","org.apache.commons.fileupload","/Users/grantnelson/go/src/github.com/apache/commons-fileupload/src/test/java/org/apache/commons/fileupload/MockHttpServletRequest.java","3","323","Avoid long parameter lists (1 parameters - threshold is 1).","Design","ExcessiveParameterList"
"126","org.apache.commons.fileupload","/Users/grantnelson/go/src/github.com/apache/commons-fileupload/src/test/java/org/apache/commons/fileupload/MockHttpServletRequest.java","3","330","The method 'getParameter(String)' has a NCSS line count of 2.","Design","NcssCount"
"127","org.apache.commons.fileupload","/Users/grantnelson/go/src/github.com/apache/commons-fileupload/src/test/java/org/apache/commons/fileupload/MockHttpServletRequest.java","3","330","The method 'getParameter(String)' has a cyclomatic complexity of 1.","Design","CyclomaticComplexity"
"128","org.apache.commons.fileupload","/Users/grantnelson/go/src/github.com/apache/commons-fileupload/src/test/java/org/apache/commons/fileupload/MockHttpServletRequest.java","3","330","The method 'getParameter(String)' has an NPath complexity of 1, current threshold is 1","Design","NPathComplexity"
"129","org.apache.commons.fileupload","/Users/grantnelson/go/src/github.com/apache/commons-fileupload/src/test/java/org/apache/commons/fileupload/MockHttpServletRequest.java","3","330","Avoid long parameter lists (1 parameters - threshold is 1).","Design","ExcessiveParameterList"
"130","org.apache.commons.fileupload","/Users/grantnelson/go/src/github.com/apache/commons-fileupload/src/test/java/org/apache/commons/fileupload/MockHttpServletRequest.java","3","337","The method 'getParameterNames()' has a NCSS line count of 2.","Design","NcssCount"
"131","org.apache.commons.fileupload","/Users/grantnelson/go/src/github.com/apache/commons-fileupload/src/test/java/org/apache/commons/fileupload/MockHttpServletRequest.java","3","337","The method 'getParameterNames()' has a cyclomatic complexity of 1.","Design","CyclomaticComplexity"
"132","org.apache.commons.fileupload","/Users/grantnelson/go/src/github.com/apache/commons-fileupload/src/test/java/org/apache/commons/fileupload/MockHttpServletRequest.java","3","337","The method 'getParameterNames()' has an NPath complexity of 1, current threshold is 1","Design","NPathComplexity"
"133","org.apache.commons.fileupload","/Users/grantnelson/go/src/github.com/apache/commons-fileupload/src/test/java/org/apache/commons/fileupload/MockHttpServletRequest.java","3","344","The method 'getParameterValues(String)' has a NCSS line count of 2.","Design","NcssCount"
"134","org.apache.commons.fileupload","/Users/grantnelson/go/src/github.com/apache/commons-fileupload/src/test/java/org/apache/commons/fileupload/MockHttpServletRequest.java","3","344","The method 'getParameterValues(String)' has a cyclomatic complexity of 1.","Design","CyclomaticComplexity"
"135","org.apache.commons.fileupload","/Users/grantnelson/go/src/github.com/apache/commons-fileupload/src/test/java/org/apache/commons/fileupload/MockHttpServletRequest.java","3","344","The method 'getParameterValues(String)' has an NPath complexity of 1, current threshold is 1","Design","NPathComplexity"
"136","org.apache.commons.fileupload","/Users/grantnelson/go/src/github.com/apache/commons-fileupload/src/test/java/org/apache/commons/fileupload/MockHttpServletRequest.java","3","344","Avoid long parameter lists (1 parameters - threshold is 1).","Design","ExcessiveParameterList"
"137","org.apache.commons.fileupload","/Users/grantnelson/go/src/github.com/apache/commons-fileupload/src/test/java/org/apache/commons/fileupload/MockHttpServletRequest.java","3","351","The method 'getParameterMap()' has a NCSS line count of 2.","Design","NcssCount"
"138","org.apache.commons.fileupload","/Users/grantnelson/go/src/github.com/apache/commons-fileupload/src/test/java/org/apache/commons/fileupload/MockHttpServletRequest.java","3","351","The method 'getParameterMap()' has a cyclomatic complexity of 1.","Design","CyclomaticComplexity"
"139","org.apache.commons.fileupload","/Users/grantnelson/go/src/github.com/apache/commons-fileupload/src/test/java/org/apache/commons/fileupload/MockHttpServletRequest.java","3","351","The method 'getParameterMap()' has an NPath complexity of 1, current threshold is 1","Design","NPathComplexity"
"140","org.apache.commons.fileupload","/Users/grantnelson/go/src/github.com/apache/commons-fileupload/src/test/java/org/apache/commons/fileupload/MockHttpServletRequest.java","3","358","The method 'getProtocol()' has a NCSS line count of 2.","Design","NcssCount"
"141","org.apache.commons.fileupload","/Users/grantnelson/go/src/github.com/apache/commons-fileupload/src/test/java/org/apache/commons/fileupload/MockHttpServletRequest.java","3","358","The method 'getProtocol()' has a cyclomatic complexity of 1.","Design","CyclomaticComplexity"
"142","org.apache.commons.fileupload","/Users/grantnelson/go/src/github.com/apache/commons-fileupload/src/test/java/org/apache/commons/fileupload/MockHttpServletRequest.java","3","358","The method 'getProtocol()' has an NPath complexity of 1, current threshold is 1","Design","NPathComplexity"
"143","org.apache.commons.fileupload","/Users/grantnelson/go/src/github.com/apache/commons-fileupload/src/test/java/org/apache/commons/fileupload/MockHttpServletRequest.java","3","365","The method 'getScheme()' has a NCSS line count of 2.","Design","NcssCount"
"144","org.apache.commons.fileupload","/Users/grantnelson/go/src/github.com/apache/commons-fileupload/src/test/java/org/apache/commons/fileupload/MockHttpServletRequest.java","3","365","The method 'getScheme()' has a cyclomatic complexity of 1.","Design","CyclomaticComplexity"
"145","org.apache.commons.fileupload","/Users/grantnelson/go/src/github.com/apache/commons-fileupload/src/test/java/org/apache/commons/fileupload/MockHttpServletRequest.java","3","365","The method 'getScheme()' has an NPath complexity of 1, current threshold is 1","Design","NPathComplexity"
"146","org.apache.commons.fileupload","/Users/grantnelson/go/src/github.com/apache/commons-fileupload/src/test/java/org/apache/commons/fileupload/MockHttpServletRequest.java","3","372","The method 'getServerName()' has a NCSS line count of 2.","Design","NcssCount"
"147","org.apache.commons.fileupload","/Users/grantnelson/go/src/github.com/apache/commons-fileupload/src/test/java/org/apache/commons/fileupload/MockHttpServletRequest.java","3","372","The method 'getServerName()' has a cyclomatic complexity of 1.","Design","CyclomaticComplexity"
"148","org.apache.commons.fileupload","/Users/grantnelson/go/src/github.com/apache/commons-fileupload/src/test/java/org/apache/commons/fileupload/MockHttpServletRequest.java","3","372","The method 'getServerName()' has an NPath complexity of 1, current threshold is 1","Design","NPathComplexity"
"149","org.apache.commons.fileupload","/Users/grantnelson/go/src/github.com/apache/commons-fileupload/src/test/java/org/apache/commons/fileupload/MockHttpServletRequest.java","3","380","The method 'getLocalName()' has a NCSS line count of 2.","Design","NcssCount"
"150","org.apache.commons.fileupload","/Users/grantnelson/go/src/github.com/apache/commons-fileupload/src/test/java/org/apache/commons/fileupload/MockHttpServletRequest.java","3","380","The method 'getLocalName()' has a cyclomatic complexity of 1.","Design","CyclomaticComplexity"
"151","org.apache.commons.fileupload","/Users/grantnelson/go/src/github.com/apache/commons-fileupload/src/test/java/org/apache/commons/fileupload/MockHttpServletRequest.java","3","380","The method 'getLocalName()' has an NPath complexity of 1, current threshold is 1","Design","NPathComplexity"
"152","org.apache.commons.fileupload","/Users/grantnelson/go/src/github.com/apache/commons-fileupload/src/test/java/org/apache/commons/fileupload/MockHttpServletRequest.java","3","387","The method 'getServerPort()' has a NCSS line count of 2.","Design","NcssCount"
"153","org.apache.commons.fileupload","/Users/grantnelson/go/src/github.com/apache/commons-fileupload/src/test/java/org/apache/commons/fileupload/MockHttpServletRequest.java","3","387","The method 'getServerPort()' has a cyclomatic complexity of 1.","Design","CyclomaticComplexity"
"154","org.apache.commons.fileupload","/Users/grantnelson/go/src/github.com/apache/commons-fileupload/src/test/java/org/apache/commons/fileupload/MockHttpServletRequest.java","3","387","The method 'getServerPort()' has an NPath complexity of 1, current threshold is 1","Design","NPathComplexity"
"155","org.apache.commons.fileupload","/Users/grantnelson/go/src/github.com/apache/commons-fileupload/src/test/java/org/apache/commons/fileupload/MockHttpServletRequest.java","3","395","The method 'getLocalPort()' has a NCSS line count of 2.","Design","NcssCount"
"156","org.apache.commons.fileupload","/Users/grantnelson/go/src/github.com/apache/commons-fileupload/src/test/java/org/apache/commons/fileupload/MockHttpServletRequest.java","3","395","The method 'getLocalPort()' has a cyclomatic complexity of 1.","Design","CyclomaticComplexity"
"157","org.apache.commons.fileupload","/Users/grantnelson/go/src/github.com/apache/commons-fileupload/src/test/java/org/apache/commons/fileupload/MockHttpServletRequest.java","3","395","The method 'getLocalPort()' has an NPath complexity of 1, current threshold is 1","Design","NPathComplexity"
"158","org.apache.commons.fileupload","/Users/grantnelson/go/src/github.com/apache/commons-fileupload/src/test/java/org/apache/commons/fileupload/MockHttpServletRequest.java","3","403","The method 'getRemotePort()' has a NCSS line count of 2.","Design","NcssCount"
"159","org.apache.commons.fileupload","/Users/grantnelson/go/src/github.com/apache/commons-fileupload/src/test/java/org/apache/commons/fileupload/MockHttpServletRequest.java","3","403","The method 'getRemotePort()' has a cyclomatic complexity of 1.","Design","CyclomaticComplexity"
"160","org.apache.commons.fileupload","/Users/grantnelson/go/src/github.com/apache/commons-fileupload/src/test/java/org/apache/commons/fileupload/MockHttpServletRequest.java","3","403","The method 'getRemotePort()' has an NPath complexity of 1, current threshold is 1","Design","NPathComplexity"
"161","org.apache.commons.fileupload","/Users/grantnelson/go/src/github.com/apache/commons-fileupload/src/test/java/org/apache/commons/fileupload/MockHttpServletRequest.java","3","410","The method 'getReader()' has a NCSS line count of 2.","Design","NcssCount"
"162","org.apache.commons.fileupload","/Users/grantnelson/go/src/github.com/apache/commons-fileupload/src/test/java/org/apache/commons/fileupload/MockHttpServletRequest.java","3","410","The method 'getReader()' has a cyclomatic complexity of 1.","Design","CyclomaticComplexity"
"163","org.apache.commons.fileupload","/Users/grantnelson/go/src/github.com/apache/commons-fileupload/src/test/java/org/apache/commons/fileupload/MockHttpServletRequest.java","3","410","The method 'getReader()' has an NPath complexity of 1, current threshold is 1","Design","NPathComplexity"
"164","org.apache.commons.fileupload","/Users/grantnelson/go/src/github.com/apache/commons-fileupload/src/test/java/org/apache/commons/fileupload/MockHttpServletRequest.java","3","417","The method 'getRemoteAddr()' has a NCSS line count of 2.","Design","NcssCount"
"165","org.apache.commons.fileupload","/Users/grantnelson/go/src/github.com/apache/commons-fileupload/src/test/java/org/apache/commons/fileupload/MockHttpServletRequest.java","3","417","The method 'getRemoteAddr()' has a cyclomatic complexity of 1.","Design","CyclomaticComplexity"
"166","org.apache.commons.fileupload","/Users/grantnelson/go/src/github.com/apache/commons-fileupload/src/test/java/org/apache/commons/fileupload/MockHttpServletRequest.java","3","417","The method 'getRemoteAddr()' has an NPath complexity of 1, current threshold is 1","Design","NPathComplexity"
"167","org.apache.commons.fileupload","/Users/grantnelson/go/src/github.com/apache/commons-fileupload/src/test/java/org/apache/commons/fileupload/MockHttpServletRequest.java","3","425","The method 'getLocalAddr()' has a NCSS line count of 2.","Design","NcssCount"
"168","org.apache.commons.fileupload","/Users/grantnelson/go/src/github.com/apache/commons-fileupload/src/test/java/org/apache/commons/fileupload/MockHttpServletRequest.java","3","425","The method 'getLocalAddr()' has a cyclomatic complexity of 1.","Design","CyclomaticComplexity"
"169","org.apache.commons.fileupload","/Users/grantnelson/go/src/github.com/apache/commons-fileupload/src/test/java/org/apache/commons/fileupload/MockHttpServletRequest.java","3","425","The method 'getLocalAddr()' has an NPath complexity of 1, current threshold is 1","Design","NPathComplexity"
"170","org.apache.commons.fileupload","/Users/grantnelson/go/src/github.com/apache/commons-fileupload/src/test/java/org/apache/commons/fileupload/MockHttpServletRequest.java","3","432","The method 'getRemoteHost()' has a NCSS line count of 2.","Design","NcssCount"
"171","org.apache.commons.fileupload","/Users/grantnelson/go/src/github.com/apache/commons-fileupload/src/test/java/org/apache/commons/fileupload/MockHttpServletRequest.java","3","432","The method 'getRemoteHost()' has a cyclomatic complexity of 1.","Design","CyclomaticComplexity"
"172","org.apache.commons.fileupload","/Users/grantnelson/go/src/github.com/apache/commons-fileupload/src/test/java/org/apache/commons/fileupload/MockHttpServletRequest.java","3","432","The method 'getRemoteHost()' has an NPath complexity of 1, current threshold is 1","Design","NPathComplexity"
"173","org.apache.commons.fileupload","/Users/grantnelson/go/src/github.com/apache/commons-fileupload/src/test/java/org/apache/commons/fileupload/MockHttpServletRequest.java","3","439","The method 'setAttribute(String, Object)' has a NCSS line count of 1.","Design","NcssCount"
"174","org.apache.commons.fileupload","/Users/grantnelson/go/src/github.com/apache/commons-fileupload/src/test/java/org/apache/commons/fileupload/MockHttpServletRequest.java","3","439","The method 'setAttribute(String, Object)' has a cyclomatic complexity of 1.","Design","CyclomaticComplexity"
"175","org.apache.commons.fileupload","/Users/grantnelson/go/src/github.com/apache/commons-fileupload/src/test/java/org/apache/commons/fileupload/MockHttpServletRequest.java","3","439","The method 'setAttribute(String, Object)' has an NPath complexity of 1, current threshold is 1","Design","NPathComplexity"
"176","org.apache.commons.fileupload","/Users/grantnelson/go/src/github.com/apache/commons-fileupload/src/test/java/org/apache/commons/fileupload/MockHttpServletRequest.java","3","439","Avoid long parameter lists (2 parameters - threshold is 1).","Design","ExcessiveParameterList"
"177","org.apache.commons.fileupload","/Users/grantnelson/go/src/github.com/apache/commons-fileupload/src/test/java/org/apache/commons/fileupload/MockHttpServletRequest.java","3","445","The method 'removeAttribute(String)' has a NCSS line count of 1.","Design","NcssCount"
"178","org.apache.commons.fileupload","/Users/grantnelson/go/src/github.com/apache/commons-fileupload/src/test/java/org/apache/commons/fileupload/MockHttpServletRequest.java","3","445","The method 'removeAttribute(String)' has a cyclomatic complexity of 1.","Design","CyclomaticComplexity"
"179","org.apache.commons.fileupload","/Users/grantnelson/go/src/github.com/apache/commons-fileupload/src/test/java/org/apache/commons/fileupload/MockHttpServletRequest.java","3","445","The method 'removeAttribute(String)' has an NPath complexity of 1, current threshold is 1","Design","NPathComplexity"
"180","org.apache.commons.fileupload","/Users/grantnelson/go/src/github.com/apache/commons-fileupload/src/test/java/org/apache/commons/fileupload/MockHttpServletRequest.java","3","445","Avoid long parameter lists (1 parameters - threshold is 1).","Design","ExcessiveParameterList"
"181","org.apache.commons.fileupload","/Users/grantnelson/go/src/github.com/apache/commons-fileupload/src/test/java/org/apache/commons/fileupload/MockHttpServletRequest.java","3","451","The method 'getLocale()' has a NCSS line count of 2.","Design","NcssCount"
"182","org.apache.commons.fileupload","/Users/grantnelson/go/src/github.com/apache/commons-fileupload/src/test/java/org/apache/commons/fileupload/MockHttpServletRequest.java","3","451","The method 'getLocale()' has a cyclomatic complexity of 1.","Design","CyclomaticComplexity"
"183","org.apache.commons.fileupload","/Users/grantnelson/go/src/github.com/apache/commons-fileupload/src/test/java/org/apache/commons/fileupload/MockHttpServletRequest.java","3","451","The method 'getLocale()' has an NPath complexity of 1, current threshold is 1","Design","NPathComplexity"
"184","org.apache.commons.fileupload","/Users/grantnelson/go/src/github.com/apache/commons-fileupload/src/test/java/org/apache/commons/fileupload/MockHttpServletRequest.java","3","458","The method 'getLocales()' has a NCSS line count of 2.","Design","NcssCount"
"185","org.apache.commons.fileupload","/Users/grantnelson/go/src/github.com/apache/commons-fileupload/src/test/java/org/apache/commons/fileupload/MockHttpServletRequest.java","3","458","The method 'getLocales()' has a cyclomatic complexity of 1.","Design","CyclomaticComplexity"
"186","org.apache.commons.fileupload","/Users/grantnelson/go/src/github.com/apache/commons-fileupload/src/test/java/org/apache/commons/fileupload/MockHttpServletRequest.java","3","458","The method 'getLocales()' has an NPath complexity of 1, current threshold is 1","Design","NPathComplexity"
"187","org.apache.commons.fileupload","/Users/grantnelson/go/src/github.com/apache/commons-fileupload/src/test/java/org/apache/commons/fileupload/MockHttpServletRequest.java","3","465","The method 'isSecure()' has a NCSS line count of 2.","Design","NcssCount"
"188","org.apache.commons.fileupload","/Users/grantnelson/go/src/github.com/apache/commons-fileupload/src/test/java/org/apache/commons/fileupload/MockHttpServletRequest.java","3","465","The method 'isSecure()' has a cyclomatic complexity of 1.","Design","CyclomaticComplexity"
"189","org.apache.commons.fileupload","/Users/grantnelson/go/src/github.com/apache/commons-fileupload/src/test/java/org/apache/commons/fileupload/MockHttpServletRequest.java","3","465","The method 'isSecure()' has an NPath complexity of 1, current threshold is 1","Design","NPathComplexity"
"190","org.apache.commons.fileupload","/Users/grantnelson/go/src/github.com/apache/commons-fileupload/src/test/java/org/apache/commons/fileupload/MockHttpServletRequest.java","3","472","The method 'getRequestDispatcher(String)' has a NCSS line count of 2.","Design","NcssCount"
"191","org.apache.commons.fileupload","/Users/grantnelson/go/src/github.com/apache/commons-fileupload/src/test/java/org/apache/commons/fileupload/MockHttpServletRequest.java","3","472","The method 'getRequestDispatcher(String)' has a cyclomatic complexity of 1.","Design","CyclomaticComplexity"
"192","org.apache.commons.fileupload","/Users/grantnelson/go/src/github.com/apache/commons-fileupload/src/test/java/org/apache/commons/fileupload/MockHttpServletRequest.java","3","472","The method 'getRequestDispatcher(String)' has an NPath complexity of 1, current threshold is 1","Design","NPathComplexity"
"193","org.apache.commons.fileupload","/Users/grantnelson/go/src/github.com/apache/commons-fileupload/src/test/java/org/apache/commons/fileupload/MockHttpServletRequest.java","3","472","Avoid long parameter lists (1 parameters - threshold is 1).","Design","ExcessiveParameterList"
"194","org.apache.commons.fileupload","/Users/grantnelson/go/src/github.com/apache/commons-fileupload/src/test/java/org/apache/commons/fileupload/MockHttpServletRequest.java","3","481","The method 'getRealPath(String)' has a NCSS line count of 2.","Design","NcssCount"
"195","org.apache.commons.fileupload","/Users/grantnelson/go/src/github.com/apache/commons-fileupload/src/test/java/org/apache/commons/fileupload/MockHttpServletRequest.java","3","481","The method 'getRealPath(String)' has a cyclomatic complexity of 1.","Design","CyclomaticComplexity"
"196","org.apache.commons.fileupload","/Users/grantnelson/go/src/github.com/apache/commons-fileupload/src/test/java/org/apache/commons/fileupload/MockHttpServletRequest.java","3","481","The method 'getRealPath(String)' has an NPath complexity of 1, current threshold is 1","Design","NPathComplexity"
"197","org.apache.commons.fileupload","/Users/grantnelson/go/src/github.com/apache/commons-fileupload/src/test/java/org/apache/commons/fileupload/MockHttpServletRequest.java","3","481","Avoid long parameter lists (1 parameters - threshold is 1).","Design","ExcessiveParameterList"
"198","org.apache.commons.fileupload","/Users/grantnelson/go/src/github.com/apache/commons-fileupload/src/test/java/org/apache/commons/fileupload/MockHttpServletRequest.java","3","485","The class 'MyServletInputStream' has a NCSS line count of 12 (Highest = 4).","Design","NcssCount"
"199","org.apache.commons.fileupload","/Users/grantnelson/go/src/github.com/apache/commons-fileupload/src/test/java/org/apache/commons/fileupload/MockHttpServletRequest.java","3","485","The class 'MyServletInputStream' has a total cyclomatic complexity of 4 (highest 2).","Design","CyclomaticComplexity"
"200","org.apache.commons.fileupload","/Users/grantnelson/go/src/github.com/apache/commons-fileupload/src/test/java/org/apache/commons/fileupload/MockHttpServletRequest.java","3","485","This class has 3 public methods and attributes; current threshold is 1.","Design","ExcessivePublicCount"
"201","org.apache.commons.fileupload","/Users/grantnelson/go/src/github.com/apache/commons-fileupload/src/test/java/org/apache/commons/fileupload/MockHttpServletRequest.java","3","495","The constructor 'MyServletInputStream(InputStream, int)' has a NCSS line count of 3.","Design","NcssCount"
"202","org.apache.commons.fileupload","/Users/grantnelson/go/src/github.com/apache/commons-fileupload/src/test/java/org/apache/commons/fileupload/MockHttpServletRequest.java","3","495","The constructor 'MyServletInputStream(InputStream, int)' has a cyclomatic complexity of 1.","Design","CyclomaticComplexity"
"203","org.apache.commons.fileupload","/Users/grantnelson/go/src/github.com/apache/commons-fileupload/src/test/java/org/apache/commons/fileupload/MockHttpServletRequest.java","3","495","The constructor 'MyServletInputStream(InputStream, int)' has an NPath complexity of 1, current threshold is 1","Design","NPathComplexity"
"204","org.apache.commons.fileupload","/Users/grantnelson/go/src/github.com/apache/commons-fileupload/src/test/java/org/apache/commons/fileupload/MockHttpServletRequest.java","3","495","Avoid long parameter lists (2 parameters - threshold is 1).","Design","ExcessiveParameterList"
"205","org.apache.commons.fileupload","/Users/grantnelson/go/src/github.com/apache/commons-fileupload/src/test/java/org/apache/commons/fileupload/MockHttpServletRequest.java","3","501","The method 'read()' has a NCSS line count of 2.","Design","NcssCount"
"206","org.apache.commons.fileupload","/Users/grantnelson/go/src/github.com/apache/commons-fileupload/src/test/java/org/apache/commons/fileupload/MockHttpServletRequest.java","3","501","The method 'read()' has a cyclomatic complexity of 1.","Design","CyclomaticComplexity"
"207","org.apache.commons.fileupload","/Users/grantnelson/go/src/github.com/apache/commons-fileupload/src/test/java/org/apache/commons/fileupload/MockHttpServletRequest.java","3","501","The method 'read()' has an NPath complexity of 1, current threshold is 1","Design","NPathComplexity"
"208","org.apache.commons.fileupload","/Users/grantnelson/go/src/github.com/apache/commons-fileupload/src/test/java/org/apache/commons/fileupload/MockHttpServletRequest.java","3","506","The method 'read(byte[], int, int)' has a NCSS line count of 4.","Design","NcssCount"
"209","org.apache.commons.fileupload","/Users/grantnelson/go/src/github.com/apache/commons-fileupload/src/test/java/org/apache/commons/fileupload/MockHttpServletRequest.java","3","506","The method 'read(byte[], int, int)' has a cognitive complexity of 1, current threshold is 1","Design","CognitiveComplexity"
"210","org.apache.commons.fileupload","/Users/grantnelson/go/src/github.com/apache/commons-fileupload/src/test/java/org/apache/commons/fileupload/MockHttpServletRequest.java","3","506","The method 'read(byte[], int, int)' has a cyclomatic complexity of 2.","Design","CyclomaticComplexity"
"211","org.apache.commons.fileupload","/Users/grantnelson/go/src/github.com/apache/commons-fileupload/src/test/java/org/apache/commons/fileupload/MockHttpServletRequest.java","3","506","The method 'read(byte[], int, int)' has an NPath complexity of 2, current threshold is 1","Design","NPathComplexity"
"212","org.apache.commons.fileupload","/Users/grantnelson/go/src/github.com/apache/commons-fileupload/src/test/java/org/apache/commons/fileupload/MockHttpServletRequest.java","3","506","Avoid long parameter lists (3 parameters - threshold is 1).","Design","ExcessiveParameterList"
"1","org.apache.commons.fileupload","/Users/grantnelson/go/src/github.com/apache/commons-fileupload/src/test/java/org/apache/commons/fileupload/MultipartStreamTest.java","3","29","A value of 2 may denote a high amount of coupling within the class (threshold: 1)","Design","CouplingBetweenObjects"
"2","org.apache.commons.fileupload","/Users/grantnelson/go/src/github.com/apache/commons-fileupload/src/test/java/org/apache/commons/fileupload/MultipartStreamTest.java","3","29","The class 'MultipartStreamTest' has a NCSS line count of 24 (Highest = 8).","Design","NcssCount"
"3","org.apache.commons.fileupload","/Users/grantnelson/go/src/github.com/apache/commons-fileupload/src/test/java/org/apache/commons/fileupload/MultipartStreamTest.java","3","29","The class 'MultipartStreamTest' has a total cyclomatic complexity of 3 (highest 1).","Design","CyclomaticComplexity"
"4","org.apache.commons.fileupload","/Users/grantnelson/go/src/github.com/apache/commons-fileupload/src/test/java/org/apache/commons/fileupload/MultipartStreamTest.java","3","29","This class has 3 public methods and attributes; current threshold is 1.","Design","ExcessivePublicCount"
"5","org.apache.commons.fileupload","/Users/grantnelson/go/src/github.com/apache/commons-fileupload/src/test/java/org/apache/commons/fileupload/MultipartStreamTest.java","3","34","The method 'testThreeParamConstructor()' has a NCSS line count of 8.","Design","NcssCount"
"6","org.apache.commons.fileupload","/Users/grantnelson/go/src/github.com/apache/commons-fileupload/src/test/java/org/apache/commons/fileupload/MultipartStreamTest.java","3","34","The method 'testThreeParamConstructor()' has a cyclomatic complexity of 1.","Design","CyclomaticComplexity"
"7","org.apache.commons.fileupload","/Users/grantnelson/go/src/github.com/apache/commons-fileupload/src/test/java/org/apache/commons/fileupload/MultipartStreamTest.java","3","34","The method 'testThreeParamConstructor()' has an NPath complexity of 1, current threshold is 1","Design","NPathComplexity"
"8","org.apache.commons.fileupload","/Users/grantnelson/go/src/github.com/apache/commons-fileupload/src/test/java/org/apache/commons/fileupload/MultipartStreamTest.java","3","50","The method 'testSmallBuffer()' has a NCSS line count of 7.","Design","NcssCount"
"9","org.apache.commons.fileupload","/Users/grantnelson/go/src/github.com/apache/commons-fileupload/src/test/java/org/apache/commons/fileupload/MultipartStreamTest.java","3","50","The method 'testSmallBuffer()' has a cyclomatic complexity of 1.","Design","CyclomaticComplexity"
"10","org.apache.commons.fileupload","/Users/grantnelson/go/src/github.com/apache/commons-fileupload/src/test/java/org/apache/commons/fileupload/MultipartStreamTest.java","3","50","The method 'testSmallBuffer()' has an NPath complexity of 1, current threshold is 1","Design","NPathComplexity"
"11","org.apache.commons.fileupload","/Users/grantnelson/go/src/github.com/apache/commons-fileupload/src/test/java/org/apache/commons/fileupload/MultipartStreamTest.java","3","64","The method 'testTwoParamConstructor()' has a NCSS line count of 7.","Design","NcssCount"
"12","org.apache.commons.fileupload","/Users/grantnelson/go/src/github.com/apache/commons-fileupload/src/test/java/org/apache/commons/fileupload/MultipartStreamTest.java","3","64","The method 'testTwoParamConstructor()' has a cyclomatic complexity of 1.","Design","CyclomaticComplexity"
"13","org.apache.commons.fileupload","/Users/grantnelson/go/src/github.com/apache/commons-fileupload/src/test/java/org/apache/commons/fileupload/MultipartStreamTest.java","3","64","The method 'testTwoParamConstructor()' has an NPath complexity of 1, current threshold is 1","Design","NPathComplexity"
"1","org.apache.commons.fileupload","/Users/grantnelson/go/src/github.com/apache/commons-fileupload/src/test/java/org/apache/commons/fileupload/ParameterParserTest.java","3","29","A value of 2 may denote a high amount of coupling within the class (threshold: 1)","Design","CouplingBetweenObjects"
"2","org.apache.commons.fileupload","/Users/grantnelson/go/src/github.com/apache/commons-fileupload/src/test/java/org/apache/commons/fileupload/ParameterParserTest.java","3","29","The class 'ParameterParserTest' has a NCSS line count of 62 (Highest = 28).","Design","NcssCount"
"3","org.apache.commons.fileupload","/Users/grantnelson/go/src/github.com/apache/commons-fileupload/src/test/java/org/apache/commons/fileupload/ParameterParserTest.java","3","29","The class 'ParameterParserTest' has a total cyclomatic complexity of 5 (highest 1).","Design","CyclomaticComplexity"
"4","org.apache.commons.fileupload","/Users/grantnelson/go/src/github.com/apache/commons-fileupload/src/test/java/org/apache/commons/fileupload/ParameterParserTest.java","3","29","This class has 5 public methods and attributes; current threshold is 1.","Design","ExcessivePublicCount"
"5","org.apache.commons.fileupload","/Users/grantnelson/go/src/github.com/apache/commons-fileupload/src/test/java/org/apache/commons/fileupload/ParameterParserTest.java","3","32","The method 'testParsing()' has a NCSS line count of 28.","Design","NcssCount"
"6","org.apache.commons.fileupload","/Users/grantnelson/go/src/github.com/apache/commons-fileupload/src/test/java/org/apache/commons/fileupload/ParameterParserTest.java","3","32","The method 'testParsing()' has a cyclomatic complexity of 1.","Design","CyclomaticComplexity"
"7","org.apache.commons.fileupload","/Users/grantnelson/go/src/github.com/apache/commons-fileupload/src/test/java/org/apache/commons/fileupload/ParameterParserTest.java","3","32","The method 'testParsing()' has an NPath complexity of 1, current threshold is 1","Design","NPathComplexity"
"8","org.apache.commons.fileupload","/Users/grantnelson/go/src/github.com/apache/commons-fileupload/src/test/java/org/apache/commons/fileupload/ParameterParserTest.java","3","69","The method 'testContentTypeParsing()' has a NCSS line count of 6.","Design","NcssCount"
"9","org.apache.commons.fileupload","/Users/grantnelson/go/src/github.com/apache/commons-fileupload/src/test/java/org/apache/commons/fileupload/ParameterParserTest.java","3","69","The method 'testContentTypeParsing()' has a cyclomatic complexity of 1.","Design","CyclomaticComplexity"
"10","org.apache.commons.fileupload","/Users/grantnelson/go/src/github.com/apache/commons-fileupload/src/test/java/org/apache/commons/fileupload/ParameterParserTest.java","3","69","The method 'testContentTypeParsing()' has an NPath complexity of 1, current threshold is 1","Design","NPathComplexity"
"11","org.apache.commons.fileupload","/Users/grantnelson/go/src/github.com/apache/commons-fileupload/src/test/java/org/apache/commons/fileupload/ParameterParserTest.java","3","78","The method 'testParsingEscapedChars()' has a NCSS line count of 11.","Design","NcssCount"
"12","org.apache.commons.fileupload","/Users/grantnelson/go/src/github.com/apache/commons-fileupload/src/test/java/org/apache/commons/fileupload/ParameterParserTest.java","3","78","The method 'testParsingEscapedChars()' has a cyclomatic complexity of 1.","Design","CyclomaticComplexity"
"13","org.apache.commons.fileupload","/Users/grantnelson/go/src/github.com/apache/commons-fileupload/src/test/java/org/apache/commons/fileupload/ParameterParserTest.java","3","78","The method 'testParsingEscapedChars()' has an NPath complexity of 1, current threshold is 1","Design","NPathComplexity"
"14","org.apache.commons.fileupload","/Users/grantnelson/go/src/github.com/apache/commons-fileupload/src/test/java/org/apache/commons/fileupload/ParameterParserTest.java","3","94","The method 'testFileUpload139()' has a NCSS line count of 11.","Design","NcssCount"
"15","org.apache.commons.fileupload","/Users/grantnelson/go/src/github.com/apache/commons-fileupload/src/test/java/org/apache/commons/fileupload/ParameterParserTest.java","3","94","The method 'testFileUpload139()' has a cyclomatic complexity of 1.","Design","CyclomaticComplexity"
"16","org.apache.commons.fileupload","/Users/grantnelson/go/src/github.com/apache/commons-fileupload/src/test/java/org/apache/commons/fileupload/ParameterParserTest.java","3","94","The method 'testFileUpload139()' has an NPath complexity of 1, current threshold is 1","Design","NPathComplexity"
"17","org.apache.commons.fileupload","/Users/grantnelson/go/src/github.com/apache/commons-fileupload/src/test/java/org/apache/commons/fileupload/ParameterParserTest.java","3","113","The method 'fileUpload199()' has a NCSS line count of 5.","Design","NcssCount"
"18","org.apache.commons.fileupload","/Users/grantnelson/go/src/github.com/apache/commons-fileupload/src/test/java/org/apache/commons/fileupload/ParameterParserTest.java","3","113","The method 'fileUpload199()' has a cyclomatic complexity of 1.","Design","CyclomaticComplexity"
"19","org.apache.commons.fileupload","/Users/grantnelson/go/src/github.com/apache/commons-fileupload/src/test/java/org/apache/commons/fileupload/ParameterParserTest.java","3","113","The method 'fileUpload199()' has an NPath complexity of 1, current threshold is 1","Design","NPathComplexity"
"1","org.apache.commons.fileupload","/Users/grantnelson/go/src/github.com/apache/commons-fileupload/src/test/java/org/apache/commons/fileupload/ProgressListenerTest.java","3","33","A value of 7 may denote a high amount of coupling within the class (threshold: 1)","Design","CouplingBetweenObjects"
"2","org.apache.commons.fileupload","/Users/grantnelson/go/src/github.com/apache/commons-fileupload/src/test/java/org/apache/commons/fileupload/ProgressListenerTest.java","3","33","The class 'ProgressListenerTest' has a NCSS line count of 52 (Highest = 17).","Design","NcssCount"
"3","org.apache.commons.fileupload","/Users/grantnelson/go/src/github.com/apache/commons-fileupload/src/test/java/org/apache/commons/fileupload/ProgressListenerTest.java","3","33","The class 'ProgressListenerTest' has a total cyclomatic complexity of 7 (highest 4).","Design","CyclomaticComplexity"
"4","org.apache.commons.fileupload","/Users/grantnelson/go/src/github.com/apache/commons-fileupload/src/test/java/org/apache/commons/fileupload/ProgressListenerTest.java","3","33","This class has 1 public methods and attributes; current threshold is 1.","Design","ExcessivePublicCount"
"5","org.apache.commons.fileupload","/Users/grantnelson/go/src/github.com/apache/commons-fileupload/src/test/java/org/apache/commons/fileupload/ProgressListenerTest.java","3","35","The class 'ProgressListenerImpl' has a NCSS line count of 19 (Highest = 8).","Design","NcssCount"
"6","org.apache.commons.fileupload","/Users/grantnelson/go/src/github.com/apache/commons-fileupload/src/test/java/org/apache/commons/fileupload/ProgressListenerTest.java","3","35","The class 'ProgressListenerImpl' has a total cyclomatic complexity of 3 (highest 1).","Design","CyclomaticComplexity"
"7","org.apache.commons.fileupload","/Users/grantnelson/go/src/github.com/apache/commons-fileupload/src/test/java/org/apache/commons/fileupload/ProgressListenerTest.java","3","35","This class has 1 public methods and attributes; current threshold is 1.","Design","ExcessivePublicCount"
"8","org.apache.commons.fileupload","/Users/grantnelson/go/src/github.com/apache/commons-fileupload/src/test/java/org/apache/commons/fileupload/ProgressListenerTest.java","3","45","The constructor 'ProgressListenerImpl(long, int)' has a NCSS line count of 3.","Design","NcssCount"
"9","org.apache.commons.fileupload","/Users/grantnelson/go/src/github.com/apache/commons-fileupload/src/test/java/org/apache/commons/fileupload/ProgressListenerTest.java","3","45","The constructor 'ProgressListenerImpl(long, int)' has a cyclomatic complexity of 1.","Design","CyclomaticComplexity"
"10","org.apache.commons.fileupload","/Users/grantnelson/go/src/github.com/apache/commons-fileupload/src/test/java/org/apache/commons/fileupload/ProgressListenerTest.java","3","45","The constructor 'ProgressListenerImpl(long, int)' has an NPath complexity of 1, current threshold is 1","Design","NPathComplexity"
"11","org.apache.commons.fileupload","/Users/grantnelson/go/src/github.com/apache/commons-fileupload/src/test/java/org/apache/commons/fileupload/ProgressListenerTest.java","3","45","Avoid long parameter lists (2 parameters - threshold is 1).","Design","ExcessiveParameterList"
"12","org.apache.commons.fileupload","/Users/grantnelson/go/src/github.com/apache/commons-fileupload/src/test/java/org/apache/commons/fileupload/ProgressListenerTest.java","3","50","The method 'update(long, long, int)' has a NCSS line count of 8.","Design","NcssCount"
"13","org.apache.commons.fileupload","/Users/grantnelson/go/src/github.com/apache/commons-fileupload/src/test/java/org/apache/commons/fileupload/ProgressListenerTest.java","3","50","The method 'update(long, long, int)' has a cognitive complexity of 5, current threshold is 1","Design","CognitiveComplexity"
"14","org.apache.commons.fileupload","/Users/grantnelson/go/src/github.com/apache/commons-fileupload/src/test/java/org/apache/commons/fileupload/ProgressListenerTest.java","3","50","The method 'update(long, long, int)' has a cyclomatic complexity of 1.","Design","CyclomaticComplexity"
"15","org.apache.commons.fileupload","/Users/grantnelson/go/src/github.com/apache/commons-fileupload/src/test/java/org/apache/commons/fileupload/ProgressListenerTest.java","3","50","The method 'update(long, long, int)' has an NPath complexity of 32, current threshold is 1","Design","NPathComplexity"
"16","org.apache.commons.fileupload","/Users/grantnelson/go/src/github.com/apache/commons-fileupload/src/test/java/org/apache/commons/fileupload/ProgressListenerTest.java","3","50","Avoid long parameter lists (3 parameters - threshold is 1).","Design","ExcessiveParameterList"
"17","org.apache.commons.fileupload","/Users/grantnelson/go/src/github.com/apache/commons-fileupload/src/test/java/org/apache/commons/fileupload/ProgressListenerTest.java","3","61","The method 'checkFinished()' has a NCSS line count of 3.","Design","NcssCount"
"18","org.apache.commons.fileupload","/Users/grantnelson/go/src/github.com/apache/commons-fileupload/src/test/java/org/apache/commons/fileupload/ProgressListenerTest.java","3","61","The method 'checkFinished()' has a cyclomatic complexity of 1.","Design","CyclomaticComplexity"
"19","org.apache.commons.fileupload","/Users/grantnelson/go/src/github.com/apache/commons-fileupload/src/test/java/org/apache/commons/fileupload/ProgressListenerTest.java","3","61","The method 'checkFinished()' has an NPath complexity of 1, current threshold is 1","Design","NPathComplexity"
"20","org.apache.commons.fileupload","/Users/grantnelson/go/src/github.com/apache/commons-fileupload/src/test/java/org/apache/commons/fileupload/ProgressListenerTest.java","3","72","The method 'testProgressListener()' has a NCSS line count of 15.","Design","NcssCount"
"21","org.apache.commons.fileupload","/Users/grantnelson/go/src/github.com/apache/commons-fileupload/src/test/java/org/apache/commons/fileupload/ProgressListenerTest.java","3","72","The method 'testProgressListener()' has a cognitive complexity of 3, current threshold is 1","Design","CognitiveComplexity"
"22","org.apache.commons.fileupload","/Users/grantnelson/go/src/github.com/apache/commons-fileupload/src/test/java/org/apache/commons/fileupload/ProgressListenerTest.java","3","72","The method 'testProgressListener()' has a cyclomatic complexity of 3.","Design","CyclomaticComplexity"
"23","org.apache.commons.fileupload","/Users/grantnelson/go/src/github.com/apache/commons-fileupload/src/test/java/org/apache/commons/fileupload/ProgressListenerTest.java","3","72","The method 'testProgressListener()' has an NPath complexity of 3, current threshold is 1","Design","NPathComplexity"
"24","org.apache.commons.fileupload","/Users/grantnelson/go/src/github.com/apache/commons-fileupload/src/test/java/org/apache/commons/fileupload/ProgressListenerTest.java","3","90","The class '' has a NCSS line count of 2 (Highest = 2).","Design","NcssCount"
"25","org.apache.commons.fileupload","/Users/grantnelson/go/src/github.com/apache/commons-fileupload/src/test/java/org/apache/commons/fileupload/ProgressListenerTest.java","3","90","The class '' has a total cyclomatic complexity of 1 (highest 1).","Design","CyclomaticComplexity"
"26","org.apache.commons.fileupload","/Users/grantnelson/go/src/github.com/apache/commons-fileupload/src/test/java/org/apache/commons/fileupload/ProgressListenerTest.java","3","90","This class has 1 public methods and attributes; current threshold is 1.","Design","ExcessivePublicCount"
"27","org.apache.commons.fileupload","/Users/grantnelson/go/src/github.com/apache/commons-fileupload/src/test/java/org/apache/commons/fileupload/ProgressListenerTest.java","3","92","The method 'getContentLength()' has a NCSS line count of 2.","Design","NcssCount"
"28","org.apache.commons.fileupload","/Users/grantnelson/go/src/github.com/apache/commons-fileupload/src/test/java/org/apache/commons/fileupload/ProgressListenerTest.java","3","92","The method 'getContentLength()' has a cyclomatic complexity of 1.","Design","CyclomaticComplexity"
"29","org.apache.commons.fileupload","/Users/grantnelson/go/src/github.com/apache/commons-fileupload/src/test/java/org/apache/commons/fileupload/ProgressListenerTest.java","3","92","The method 'getContentLength()' has an NPath complexity of 1, current threshold is 1","Design","NPathComplexity"
"30","org.apache.commons.fileupload","/Users/grantnelson/go/src/github.com/apache/commons-fileupload/src/test/java/org/apache/commons/fileupload/ProgressListenerTest.java","3","99","The method 'runTest(int, long, MockHttpServletRequest)' has a NCSS line count of 17.","Design","NcssCount"
"31","org.apache.commons.fileupload","/Users/grantnelson/go/src/github.com/apache/commons-fileupload/src/test/java/org/apache/commons/fileupload/ProgressListenerTest.java","3","99","The method 'runTest(int, long, MockHttpServletRequest)' has a cognitive complexity of 6, current threshold is 1","Design","CognitiveComplexity"
"32","org.apache.commons.fileupload","/Users/grantnelson/go/src/github.com/apache/commons-fileupload/src/test/java/org/apache/commons/fileupload/ProgressListenerTest.java","3","99","The method 'runTest(int, long, MockHttpServletRequest)' has a cyclomatic complexity of 4.","Design","CyclomaticComplexity"
"33","org.apache.commons.fileupload","/Users/grantnelson/go/src/github.com/apache/commons-fileupload/src/test/java/org/apache/commons/fileupload/ProgressListenerTest.java","3","99","The method 'runTest(int, long, MockHttpServletRequest)' has an NPath complexity of 4, current threshold is 1","Design","NPathComplexity"
"34","org.apache.commons.fileupload","/Users/grantnelson/go/src/github.com/apache/commons-fileupload/src/test/java/org/apache/commons/fileupload/ProgressListenerTest.java","3","99","Avoid long parameter lists (3 parameters - threshold is 1).","Design","ExcessiveParameterList"
"1","org.apache.commons.fileupload","/Users/grantnelson/go/src/github.com/apache/commons-fileupload/src/test/java/org/apache/commons/fileupload/SizesTest.java","3","42","A value of 10 may denote a high amount of coupling within the class (threshold: 1)","Design","CouplingBetweenObjects"
"2","org.apache.commons.fileupload","/Users/grantnelson/go/src/github.com/apache/commons-fileupload/src/test/java/org/apache/commons/fileupload/SizesTest.java","3","42","The class 'SizesTest' has a NCSS line count of 117 (Highest = 30).","Design","NcssCount"
"3","org.apache.commons.fileupload","/Users/grantnelson/go/src/github.com/apache/commons-fileupload/src/test/java/org/apache/commons/fileupload/SizesTest.java","3","42","The class 'SizesTest' has a total cyclomatic complexity of 17 (highest 7).","Design","CyclomaticComplexity"
"4","org.apache.commons.fileupload","/Users/grantnelson/go/src/github.com/apache/commons-fileupload/src/test/java/org/apache/commons/fileupload/SizesTest.java","3","42","This class has 5 public methods and attributes; current threshold is 1.","Design","ExcessivePublicCount"
"5","org.apache.commons.fileupload","/Users/grantnelson/go/src/github.com/apache/commons-fileupload/src/test/java/org/apache/commons/fileupload/SizesTest.java","3","48","The method 'testFileUpload()' has a NCSS line count of 27.","Design","NcssCount"
"6","org.apache.commons.fileupload","/Users/grantnelson/go/src/github.com/apache/commons-fileupload/src/test/java/org/apache/commons/fileupload/SizesTest.java","3","48","The method 'testFileUpload()' has a cognitive complexity of 10, current threshold is 1","Design","CognitiveComplexity"
"7","org.apache.commons.fileupload","/Users/grantnelson/go/src/github.com/apache/commons-fileupload/src/test/java/org/apache/commons/fileupload/SizesTest.java","3","48","The method 'testFileUpload()' has a cyclomatic complexity of 7.","Design","CyclomaticComplexity"
"8","org.apache.commons.fileupload","/Users/grantnelson/go/src/github.com/apache/commons-fileupload/src/test/java/org/apache/commons/fileupload/SizesTest.java","3","48","The method 'testFileUpload()' has an NPath complexity of 25, current threshold is 1","Design","NPathComplexity"
"9","org.apache.commons.fileupload","/Users/grantnelson/go/src/github.com/apache/commons-fileupload/src/test/java/org/apache/commons/fileupload/SizesTest.java","3","91","The method 'testFileSizeLimit()' has a NCSS line count of 23.","Design","NcssCount"
"10","org.apache.commons.fileupload","/Users/grantnelson/go/src/github.com/apache/commons-fileupload/src/test/java/org/apache/commons/fileupload/SizesTest.java","3","91","The method 'testFileSizeLimit()' has a cognitive complexity of 1, current threshold is 1","Design","CognitiveComplexity"
"11","org.apache.commons.fileupload","/Users/grantnelson/go/src/github.com/apache/commons-fileupload/src/test/java/org/apache/commons/fileupload/SizesTest.java","3","91","The method 'testFileSizeLimit()' has a cyclomatic complexity of 2.","Design","CyclomaticComplexity"
"12","org.apache.commons.fileupload","/Users/grantnelson/go/src/github.com/apache/commons-fileupload/src/test/java/org/apache/commons/fileupload/SizesTest.java","3","91","The method 'testFileSizeLimit()' has an NPath complexity of 1, current threshold is 1","Design","NPathComplexity"
"13","org.apache.commons.fileupload","/Users/grantnelson/go/src/github.com/apache/commons-fileupload/src/test/java/org/apache/commons/fileupload/SizesTest.java","3","133","The method 'testFileSizeLimitWithFakedContentLength()' has a NCSS line count of 30.","Design","NcssCount"
"14","org.apache.commons.fileupload","/Users/grantnelson/go/src/github.com/apache/commons-fileupload/src/test/java/org/apache/commons/fileupload/SizesTest.java","3","133","The method 'testFileSizeLimitWithFakedContentLength()' has a cognitive complexity of 2, current threshold is 1","Design","CognitiveComplexity"
"15","org.apache.commons.fileupload","/Users/grantnelson/go/src/github.com/apache/commons-fileupload/src/test/java/org/apache/commons/fileupload/SizesTest.java","3","133","The method 'testFileSizeLimitWithFakedContentLength()' has a cyclomatic complexity of 3.","Design","CyclomaticComplexity"
"16","org.apache.commons.fileupload","/Users/grantnelson/go/src/github.com/apache/commons-fileupload/src/test/java/org/apache/commons/fileupload/SizesTest.java","3","133","The method 'testFileSizeLimitWithFakedContentLength()' has an NPath complexity of 1, current threshold is 1","Design","NPathComplexity"
"17","org.apache.commons.fileupload","/Users/grantnelson/go/src/github.com/apache/commons-fileupload/src/test/java/org/apache/commons/fileupload/SizesTest.java","3","188","The method 'testMaxSizeLimit()' has a NCSS line count of 10.","Design","NcssCount"
"18","org.apache.commons.fileupload","/Users/grantnelson/go/src/github.com/apache/commons-fileupload/src/test/java/org/apache/commons/fileupload/SizesTest.java","3","188","The method 'testMaxSizeLimit()' has a cognitive complexity of 1, current threshold is 1","Design","CognitiveComplexity"
"19","org.apache.commons.fileupload","/Users/grantnelson/go/src/github.com/apache/commons-fileupload/src/test/java/org/apache/commons/fileupload/SizesTest.java","3","188","The method 'testMaxSizeLimit()' has a cyclomatic complexity of 2.","Design","CyclomaticComplexity"
"20","org.apache.commons.fileupload","/Users/grantnelson/go/src/github.com/apache/commons-fileupload/src/test/java/org/apache/commons/fileupload/SizesTest.java","3","188","The method 'testMaxSizeLimit()' has an NPath complexity of 1, current threshold is 1","Design","NPathComplexity"
"21","org.apache.commons.fileupload","/Users/grantnelson/go/src/github.com/apache/commons-fileupload/src/test/java/org/apache/commons/fileupload/SizesTest.java","3","221","The method 'testMaxSizeLimitUnknownContentLength()' has a NCSS line count of 26.","Design","NcssCount"
"22","org.apache.commons.fileupload","/Users/grantnelson/go/src/github.com/apache/commons-fileupload/src/test/java/org/apache/commons/fileupload/SizesTest.java","3","221","The method 'testMaxSizeLimitUnknownContentLength()' has a cognitive complexity of 2, current threshold is 1","Design","CognitiveComplexity"
"23","org.apache.commons.fileupload","/Users/grantnelson/go/src/github.com/apache/commons-fileupload/src/test/java/org/apache/commons/fileupload/SizesTest.java","3","221","The method 'testMaxSizeLimitUnknownContentLength()' has a cyclomatic complexity of 3.","Design","CyclomaticComplexity"
"24","org.apache.commons.fileupload","/Users/grantnelson/go/src/github.com/apache/commons-fileupload/src/test/java/org/apache/commons/fileupload/SizesTest.java","3","221","The method 'testMaxSizeLimitUnknownContentLength()' has an NPath complexity of 1, current threshold is 1","Design","NPathComplexity"
"1","org.apache.commons.fileupload","/Users/grantnelson/go/src/github.com/apache/commons-fileupload/src/test/java/org/apache/commons/fileupload/StreamingTest.java","3","39","A value of 11 may denote a high amount of coupling within the class (threshold: 1)","Design","CouplingBetweenObjects"
"2","org.apache.commons.fileupload","/Users/grantnelson/go/src/github.com/apache/commons-fileupload/src/test/java/org/apache/commons/fileupload/StreamingTest.java","3","39","The class 'StreamingTest' has a NCSS line count of 127 (Highest = 20).","Design","NcssCount"
"3","org.apache.commons.fileupload","/Users/grantnelson/go/src/github.com/apache/commons-fileupload/src/test/java/org/apache/commons/fileupload/StreamingTest.java","3","39","The class 'StreamingTest' has a total cyclomatic complexity of 22 (highest 4).","Design","CyclomaticComplexity"
"4","org.apache.commons.fileupload","/Users/grantnelson/go/src/github.com/apache/commons-fileupload/src/test/java/org/apache/commons/fileupload/StreamingTest.java","3","39","This class has 5 public methods and attributes; current threshold is 1.","Design","ExcessivePublicCount"
"5","org.apache.commons.fileupload","/Users/grantnelson/go/src/github.com/apache/commons-fileupload/src/test/java/org/apache/commons/fileupload/StreamingTest.java","3","44","The method 'testFileUpload()' has a NCSS line count of 16.","Design","NcssCount"
"6","org.apache.commons.fileupload","/Users/grantnelson/go/src/github.com/apache/commons-fileupload/src/test/java/org/apache/commons/fileupload/StreamingTest.java","3","44","The method 'testFileUpload()' has a cognitive complexity of 5, current threshold is 1","Design","CognitiveComplexity"
"7","org.apache.commons.fileupload","/Users/grantnelson/go/src/github.com/apache/commons-fileupload/src/test/java/org/apache/commons/fileupload/StreamingTest.java","3","44","The method 'testFileUpload()' has a cyclomatic complexity of 4.","Design","CyclomaticComplexity"
"8","org.apache.commons.fileupload","/Users/grantnelson/go/src/github.com/apache/commons-fileupload/src/test/java/org/apache/commons/fileupload/StreamingTest.java","3","44","The method 'testFileUpload()' has an NPath complexity of 5, current threshold is 1","Design","NPathComplexity"
"9","org.apache.commons.fileupload","/Users/grantnelson/go/src/github.com/apache/commons-fileupload/src/test/java/org/apache/commons/fileupload/StreamingTest.java","3","70","The method 'testFileUploadException()' has a NCSS line count of 8.","Design","NcssCount"
"10","org.apache.commons.fileupload","/Users/grantnelson/go/src/github.com/apache/commons-fileupload/src/test/java/org/apache/commons/fileupload/StreamingTest.java","3","70","The method 'testFileUploadException()' has a cognitive complexity of 1, current threshold is 1","Design","CognitiveComplexity"
"11","org.apache.commons.fileupload","/Users/grantnelson/go/src/github.com/apache/commons-fileupload/src/test/java/org/apache/commons/fileupload/StreamingTest.java","3","70","The method 'testFileUploadException()' has a cyclomatic complexity of 2.","Design","CyclomaticComplexity"
"12","org.apache.commons.fileupload","/Users/grantnelson/go/src/github.com/apache/commons-fileupload/src/test/java/org/apache/commons/fileupload/StreamingTest.java","3","70","The method 'testFileUploadException()' has an NPath complexity of 1, current threshold is 1","Design","NPathComplexity"
"13","org.apache.commons.fileupload","/Users/grantnelson/go/src/github.com/apache/commons-fileupload/src/test/java/org/apache/commons/fileupload/StreamingTest.java","3","86","The method 'testIOException()' has a NCSS line count of 20.","Design","NcssCount"
"14","org.apache.commons.fileupload","/Users/grantnelson/go/src/github.com/apache/commons-fileupload/src/test/java/org/apache/commons/fileupload/StreamingTest.java","3","86","The method 'testIOException()' has a cognitive complexity of 12, current threshold is 1","Design","CognitiveComplexity"
"15","org.apache.commons.fileupload","/Users/grantnelson/go/src/github.com/apache/commons-fileupload/src/test/java/org/apache/commons/fileupload/StreamingTest.java","3","86","The method 'testIOException()' has a cyclomatic complexity of 2.","Design","CyclomaticComplexity"
"16","org.apache.commons.fileupload","/Users/grantnelson/go/src/github.com/apache/commons-fileupload/src/test/java/org/apache/commons/fileupload/StreamingTest.java","3","86","The method 'testIOException()' has an NPath complexity of 1, current threshold is 1","Design","NPathComplexity"
"17","org.apache.commons.fileupload","/Users/grantnelson/go/src/github.com/apache/commons-fileupload/src/test/java/org/apache/commons/fileupload/StreamingTest.java","3","89","The class '' has a NCSS line count of 12 (Highest = 7).","Design","NcssCount"
"18","org.apache.commons.fileupload","/Users/grantnelson/go/src/github.com/apache/commons-fileupload/src/test/java/org/apache/commons/fileupload/StreamingTest.java","3","89","The class '' has a total cyclomatic complexity of 7 (highest 4).","Design","CyclomaticComplexity"
"19","org.apache.commons.fileupload","/Users/grantnelson/go/src/github.com/apache/commons-fileupload/src/test/java/org/apache/commons/fileupload/StreamingTest.java","3","89","This class has 2 public methods and attributes; current threshold is 1.","Design","ExcessivePublicCount"
"20","org.apache.commons.fileupload","/Users/grantnelson/go/src/github.com/apache/commons-fileupload/src/test/java/org/apache/commons/fileupload/StreamingTest.java","3","92","The method 'read()' has a NCSS line count of 4.","Design","NcssCount"
"21","org.apache.commons.fileupload","/Users/grantnelson/go/src/github.com/apache/commons-fileupload/src/test/java/org/apache/commons/fileupload/StreamingTest.java","3","92","The method 'read()' has a cognitive complexity of 1, current threshold is 1","Design","CognitiveComplexity"
"22","org.apache.commons.fileupload","/Users/grantnelson/go/src/github.com/apache/commons-fileupload/src/test/java/org/apache/commons/fileupload/StreamingTest.java","3","92","The method 'read()' has a cyclomatic complexity of 3.","Design","CyclomaticComplexity"
"23","org.apache.commons.fileupload","/Users/grantnelson/go/src/github.com/apache/commons-fileupload/src/test/java/org/apache/commons/fileupload/StreamingTest.java","3","92","The method 'read()' has an NPath complexity of 2, current threshold is 1","Design","NPathComplexity"
"24","org.apache.commons.fileupload","/Users/grantnelson/go/src/github.com/apache/commons-fileupload/src/test/java/org/apache/commons/fileupload/StreamingTest.java","3","99","The method 'read(byte[], int, int)' has a NCSS line count of 7.","Design","NcssCount"
"25","org.apache.commons.fileupload","/Users/grantnelson/go/src/github.com/apache/commons-fileupload/src/test/java/org/apache/commons/fileupload/StreamingTest.java","3","99","The method 'read(byte[], int, int)' has a cognitive complexity of 6, current threshold is 1","Design","CognitiveComplexity"
"26","org.apache.commons.fileupload","/Users/grantnelson/go/src/github.com/apache/commons-fileupload/src/test/java/org/apache/commons/fileupload/StreamingTest.java","3","99","The method 'read(byte[], int, int)' has a cyclomatic complexity of 4.","Design","CyclomaticComplexity"
"27","org.apache.commons.fileupload","/Users/grantnelson/go/src/github.com/apache/commons-fileupload/src/test/java/org/apache/commons/fileupload/StreamingTest.java","3","99","The method 'read(byte[], int, int)' has an NPath complexity of 4, current threshold is 1","Design","NPathComplexity"
"28","org.apache.commons.fileupload","/Users/grantnelson/go/src/github.com/apache/commons-fileupload/src/test/java/org/apache/commons/fileupload/StreamingTest.java","3","99","Avoid long parameter lists (3 parameters - threshold is 1).","Design","ExcessiveParameterList"
"29","org.apache.commons.fileupload","/Users/grantnelson/go/src/github.com/apache/commons-fileupload/src/test/java/org/apache/commons/fileupload/StreamingTest.java","3","123","The method 'testFILEUPLOAD135()' has a NCSS line count of 18.","Design","NcssCount"
"30","org.apache.commons.fileupload","/Users/grantnelson/go/src/github.com/apache/commons-fileupload/src/test/java/org/apache/commons/fileupload/StreamingTest.java","3","123","The method 'testFILEUPLOAD135()' has a cyclomatic complexity of 1.","Design","CyclomaticComplexity"
"31","org.apache.commons.fileupload","/Users/grantnelson/go/src/github.com/apache/commons-fileupload/src/test/java/org/apache/commons/fileupload/StreamingTest.java","3","123","The method 'testFILEUPLOAD135()' has an NPath complexity of 1, current threshold is 1","Design","NPathComplexity"
"32","org.apache.commons.fileupload","/Users/grantnelson/go/src/github.com/apache/commons-fileupload/src/test/java/org/apache/commons/fileupload/StreamingTest.java","3","127","The class '' has a NCSS line count of 4 (Highest = 2).","Design","NcssCount"
"33","org.apache.commons.fileupload","/Users/grantnelson/go/src/github.com/apache/commons-fileupload/src/test/java/org/apache/commons/fileupload/StreamingTest.java","3","127","The class '' has a total cyclomatic complexity of 2 (highest 1).","Design","CyclomaticComplexity"
"34","org.apache.commons.fileupload","/Users/grantnelson/go/src/github.com/apache/commons-fileupload/src/test/java/org/apache/commons/fileupload/StreamingTest.java","3","127","This class has 2 public methods and attributes; current threshold is 1.","Design","ExcessivePublicCount"
"35","org.apache.commons.fileupload","/Users/grantnelson/go/src/github.com/apache/commons-fileupload/src/test/java/org/apache/commons/fileupload/StreamingTest.java","3","129","The method 'read()' has a NCSS line count of 2.","Design","NcssCount"
"36","org.apache.commons.fileupload","/Users/grantnelson/go/src/github.com/apache/commons-fileupload/src/test/java/org/apache/commons/fileupload/StreamingTest.java","3","129","The method 'read()' has a cyclomatic complexity of 1.","Design","CyclomaticComplexity"
"37","org.apache.commons.fileupload","/Users/grantnelson/go/src/github.com/apache/commons-fileupload/src/test/java/org/apache/commons/fileupload/StreamingTest.java","3","129","The method 'read()' has an NPath complexity of 1, current threshold is 1","Design","NPathComplexity"
"38","org.apache.commons.fileupload","/Users/grantnelson/go/src/github.com/apache/commons-fileupload/src/test/java/org/apache/commons/fileupload/StreamingTest.java","3","135","The method 'read(byte[], int, int)' has a NCSS line count of 2.","Design","NcssCount"
"39","org.apache.commons.fileupload","/Users/grantnelson/go/src/github.com/apache/commons-fileupload/src/test/java/org/apache/commons/fileupload/StreamingTest.java","3","135","The method 'read(byte[], int, int)' has a cyclomatic complexity of 1.","Design","CyclomaticComplexity"
"40","org.apache.commons.fileupload","/Users/grantnelson/go/src/github.com/apache/commons-fileupload/src/test/java/org/apache/commons/fileupload/StreamingTest.java","3","135","The method 'read(byte[], int, int)' has an NPath complexity of 1, current threshold is 1","Design","NPathComplexity"
"41","org.apache.commons.fileupload","/Users/grantnelson/go/src/github.com/apache/commons-fileupload/src/test/java/org/apache/commons/fileupload/StreamingTest.java","3","135","Avoid long parameter lists (3 parameters - threshold is 1).","Design","ExcessiveParameterList"
"42","org.apache.commons.fileupload","/Users/grantnelson/go/src/github.com/apache/commons-fileupload/src/test/java/org/apache/commons/fileupload/StreamingTest.java","3","153","The method 'parseUpload(byte[])' has a NCSS line count of 2.","Design","NcssCount"
"43","org.apache.commons.fileupload","/Users/grantnelson/go/src/github.com/apache/commons-fileupload/src/test/java/org/apache/commons/fileupload/StreamingTest.java","3","153","The method 'parseUpload(byte[])' has a cyclomatic complexity of 1.","Design","CyclomaticComplexity"
"44","org.apache.commons.fileupload","/Users/grantnelson/go/src/github.com/apache/commons-fileupload/src/test/java/org/apache/commons/fileupload/StreamingTest.java","3","153","The method 'parseUpload(byte[])' has an NPath complexity of 1, current threshold is 1","Design","NPathComplexity"
"45","org.apache.commons.fileupload","/Users/grantnelson/go/src/github.com/apache/commons-fileupload/src/test/java/org/apache/commons/fileupload/StreamingTest.java","3","153","Avoid long parameter lists (1 parameters - threshold is 1).","Design","ExcessiveParameterList"
"46","org.apache.commons.fileupload","/Users/grantnelson/go/src/github.com/apache/commons-fileupload/src/test/java/org/apache/commons/fileupload/StreamingTest.java","3","157","The method 'parseUpload(int, InputStream)' has a NCSS line count of 6.","Design","NcssCount"
"47","org.apache.commons.fileupload","/Users/grantnelson/go/src/github.com/apache/commons-fileupload/src/test/java/org/apache/commons/fileupload/StreamingTest.java","3","157","The method 'parseUpload(int, InputStream)' has a cyclomatic complexity of 1.","Design","CyclomaticComplexity"
"48","org.apache.commons.fileupload","/Users/grantnelson/go/src/github.com/apache/commons-fileupload/src/test/java/org/apache/commons/fileupload/StreamingTest.java","3","157","The method 'parseUpload(int, InputStream)' has an NPath complexity of 1, current threshold is 1","Design","NPathComplexity"
"49","org.apache.commons.fileupload","/Users/grantnelson/go/src/github.com/apache/commons-fileupload/src/test/java/org/apache/commons/fileupload/StreamingTest.java","3","157","Avoid long parameter lists (2 parameters - threshold is 1).","Design","ExcessiveParameterList"
"50","org.apache.commons.fileupload","/Users/grantnelson/go/src/github.com/apache/commons-fileupload/src/test/java/org/apache/commons/fileupload/StreamingTest.java","3","169","The method 'parseUpload(InputStream, int)' has a NCSS line count of 7.","Design","NcssCount"
"51","org.apache.commons.fileupload","/Users/grantnelson/go/src/github.com/apache/commons-fileupload/src/test/java/org/apache/commons/fileupload/StreamingTest.java","3","169","The method 'parseUpload(InputStream, int)' has a cyclomatic complexity of 1.","Design","CyclomaticComplexity"
"52","org.apache.commons.fileupload","/Users/grantnelson/go/src/github.com/apache/commons-fileupload/src/test/java/org/apache/commons/fileupload/StreamingTest.java","3","169","The method 'parseUpload(InputStream, int)' has an NPath complexity of 1, current threshold is 1","Design","NPathComplexity"
"53","org.apache.commons.fileupload","/Users/grantnelson/go/src/github.com/apache/commons-fileupload/src/test/java/org/apache/commons/fileupload/StreamingTest.java","3","169","Avoid long parameter lists (2 parameters - threshold is 1).","Design","ExcessiveParameterList"
"54","org.apache.commons.fileupload","/Users/grantnelson/go/src/github.com/apache/commons-fileupload/src/test/java/org/apache/commons/fileupload/StreamingTest.java","3","182","The method 'getHeader(String)' has a NCSS line count of 2.","Design","NcssCount"
"55","org.apache.commons.fileupload","/Users/grantnelson/go/src/github.com/apache/commons-fileupload/src/test/java/org/apache/commons/fileupload/StreamingTest.java","3","182","The method 'getHeader(String)' has a cyclomatic complexity of 1.","Design","CyclomaticComplexity"
"56","org.apache.commons.fileupload","/Users/grantnelson/go/src/github.com/apache/commons-fileupload/src/test/java/org/apache/commons/fileupload/StreamingTest.java","3","182","The method 'getHeader(String)' has an NPath complexity of 1, current threshold is 1","Design","NPathComplexity"
"57","org.apache.commons.fileupload","/Users/grantnelson/go/src/github.com/apache/commons-fileupload/src/test/java/org/apache/commons/fileupload/StreamingTest.java","3","182","Avoid long parameter lists (1 parameters - threshold is 1).","Design","ExcessiveParameterList"
"58","org.apache.commons.fileupload","/Users/grantnelson/go/src/github.com/apache/commons-fileupload/src/test/java/org/apache/commons/fileupload/StreamingTest.java","3","189","The method 'getFooter()' has a NCSS line count of 2.","Design","NcssCount"
"59","org.apache.commons.fileupload","/Users/grantnelson/go/src/github.com/apache/commons-fileupload/src/test/java/org/apache/commons/fileupload/StreamingTest.java","3","189","The method 'getFooter()' has a cyclomatic complexity of 1.","Design","CyclomaticComplexity"
"60","org.apache.commons.fileupload","/Users/grantnelson/go/src/github.com/apache/commons-fileupload/src/test/java/org/apache/commons/fileupload/StreamingTest.java","3","189","The method 'getFooter()' has an NPath complexity of 1, current threshold is 1","Design","NPathComplexity"
"61","org.apache.commons.fileupload","/Users/grantnelson/go/src/github.com/apache/commons-fileupload/src/test/java/org/apache/commons/fileupload/StreamingTest.java","3","193","The method 'newShortRequest()' has a NCSS line count of 9.","Design","NcssCount"
"62","org.apache.commons.fileupload","/Users/grantnelson/go/src/github.com/apache/commons-fileupload/src/test/java/org/apache/commons/fileupload/StreamingTest.java","3","193","The method 'newShortRequest()' has a cyclomatic complexity of 1.","Design","CyclomaticComplexity"
"63","org.apache.commons.fileupload","/Users/grantnelson/go/src/github.com/apache/commons-fileupload/src/test/java/org/apache/commons/fileupload/StreamingTest.java","3","193","The method 'newShortRequest()' has an NPath complexity of 1, current threshold is 1","Design","NPathComplexity"
"64","org.apache.commons.fileupload","/Users/grantnelson/go/src/github.com/apache/commons-fileupload/src/test/java/org/apache/commons/fileupload/StreamingTest.java","3","204","The method 'newRequest()' has a NCSS line count of 16.","Design","NcssCount"
"65","org.apache.commons.fileupload","/Users/grantnelson/go/src/github.com/apache/commons-fileupload/src/test/java/org/apache/commons/fileupload/StreamingTest.java","3","204","The method 'newRequest()' has a cognitive complexity of 5, current threshold is 1","Design","CognitiveComplexity"
"66","org.apache.commons.fileupload","/Users/grantnelson/go/src/github.com/apache/commons-fileupload/src/test/java/org/apache/commons/fileupload/StreamingTest.java","3","204","The method 'newRequest()' has a cyclomatic complexity of 4.","Design","CyclomaticComplexity"
"67","org.apache.commons.fileupload","/Users/grantnelson/go/src/github.com/apache/commons-fileupload/src/test/java/org/apache/commons/fileupload/StreamingTest.java","3","204","The method 'newRequest()' has an NPath complexity of 5, current threshold is 1","Design","NPathComplexity"
"68","org.apache.commons.fileupload","/Users/grantnelson/go/src/github.com/apache/commons-fileupload/src/test/java/org/apache/commons/fileupload/StreamingTest.java","3","228","The method 'testInvalidFileNameException()' has a NCSS line count of 20.","Design","NcssCount"
"69","org.apache.commons.fileupload","/Users/grantnelson/go/src/github.com/apache/commons-fileupload/src/test/java/org/apache/commons/fileupload/StreamingTest.java","3","228","The method 'testInvalidFileNameException()' has a cognitive complexity of 2, current threshold is 1","Design","CognitiveComplexity"
"70","org.apache.commons.fileupload","/Users/grantnelson/go/src/github.com/apache/commons-fileupload/src/test/java/org/apache/commons/fileupload/StreamingTest.java","3","228","The method 'testInvalidFileNameException()' has a cyclomatic complexity of 3.","Design","CyclomaticComplexity"
"71","org.apache.commons.fileupload","/Users/grantnelson/go/src/github.com/apache/commons-fileupload/src/test/java/org/apache/commons/fileupload/StreamingTest.java","3","228","The method 'testInvalidFileNameException()' has an NPath complexity of 1, current threshold is 1","Design","NPathComplexity"
"1","org.apache.commons.fileupload","/Users/grantnelson/go/src/github.com/apache/commons-fileupload/src/test/java/org/apache/commons/fileupload/Util.java","3","35","A value of 4 may denote a high amount of coupling within the class (threshold: 1)","Design","CouplingBetweenObjects"
"2","org.apache.commons.fileupload","/Users/grantnelson/go/src/github.com/apache/commons-fileupload/src/test/java/org/apache/commons/fileupload/Util.java","3","35","The class 'Util' has a NCSS line count of 12 (Highest = 4).","Design","NcssCount"
"3","org.apache.commons.fileupload","/Users/grantnelson/go/src/github.com/apache/commons-fileupload/src/test/java/org/apache/commons/fileupload/Util.java","3","35","The class 'Util' has a total cyclomatic complexity of 4 (highest 1).","Design","CyclomaticComplexity"
"4","org.apache.commons.fileupload","/Users/grantnelson/go/src/github.com/apache/commons-fileupload/src/test/java/org/apache/commons/fileupload/Util.java","3","35","This class has 4 public methods and attributes; current threshold is 1.","Design","ExcessivePublicCount"
"5","org.apache.commons.fileupload","/Users/grantnelson/go/src/github.com/apache/commons-fileupload/src/test/java/org/apache/commons/fileupload/Util.java","3","37","The method 'parseUpload(FileUpload, byte[])' has a NCSS line count of 2.","Design","NcssCount"
"6","org.apache.commons.fileupload","/Users/grantnelson/go/src/github.com/apache/commons-fileupload/src/test/java/org/apache/commons/fileupload/Util.java","3","37","The method 'parseUpload(FileUpload, byte[])' has a cyclomatic complexity of 1.","Design","CyclomaticComplexity"
"7","org.apache.commons.fileupload","/Users/grantnelson/go/src/github.com/apache/commons-fileupload/src/test/java/org/apache/commons/fileupload/Util.java","3","37","The method 'parseUpload(FileUpload, byte[])' has an NPath complexity of 1, current threshold is 1","Design","NPathComplexity"
"8","org.apache.commons.fileupload","/Users/grantnelson/go/src/github.com/apache/commons-fileupload/src/test/java/org/apache/commons/fileupload/Util.java","3","37","Avoid long parameter lists (2 parameters - threshold is 1).","Design","ExcessiveParameterList"
"9","org.apache.commons.fileupload","/Users/grantnelson/go/src/github.com/apache/commons-fileupload/src/test/java/org/apache/commons/fileupload/Util.java","3","41","The method 'parseUpload(FileUpload, byte[], String)' has a NCSS line count of 4.","Design","NcssCount"
"10","org.apache.commons.fileupload","/Users/grantnelson/go/src/github.com/apache/commons-fileupload/src/test/java/org/apache/commons/fileupload/Util.java","3","41","The method 'parseUpload(FileUpload, byte[], String)' has a cyclomatic complexity of 1.","Design","CyclomaticComplexity"
"11","org.apache.commons.fileupload","/Users/grantnelson/go/src/github.com/apache/commons-fileupload/src/test/java/org/apache/commons/fileupload/Util.java","3","41","The method 'parseUpload(FileUpload, byte[], String)' has an NPath complexity of 1, current threshold is 1","Design","NPathComplexity"
"12","org.apache.commons.fileupload","/Users/grantnelson/go/src/github.com/apache/commons-fileupload/src/test/java/org/apache/commons/fileupload/Util.java","3","41","Avoid long parameter lists (3 parameters - threshold is 1).","Design","ExcessiveParameterList"
"13","org.apache.commons.fileupload","/Users/grantnelson/go/src/github.com/apache/commons-fileupload/src/test/java/org/apache/commons/fileupload/Util.java","3","47","The method 'parseUpload(FileUpload, String)' has a NCSS line count of 3.","Design","NcssCount"
"14","org.apache.commons.fileupload","/Users/grantnelson/go/src/github.com/apache/commons-fileupload/src/test/java/org/apache/commons/fileupload/Util.java","3","47","The method 'parseUpload(FileUpload, String)' has a cyclomatic complexity of 1.","Design","CyclomaticComplexity"
"15","org.apache.commons.fileupload","/Users/grantnelson/go/src/github.com/apache/commons-fileupload/src/test/java/org/apache/commons/fileupload/Util.java","3","47","The method 'parseUpload(FileUpload, String)' has an NPath complexity of 1, current threshold is 1","Design","NPathComplexity"
"16","org.apache.commons.fileupload","/Users/grantnelson/go/src/github.com/apache/commons-fileupload/src/test/java/org/apache/commons/fileupload/Util.java","3","47","Avoid long parameter lists (2 parameters - threshold is 1).","Design","ExcessiveParameterList"
"17","org.apache.commons.fileupload","/Users/grantnelson/go/src/github.com/apache/commons-fileupload/src/test/java/org/apache/commons/fileupload/Util.java","3","57","The method 'fileUploadImplementations()' has a NCSS line count of 2.","Design","NcssCount"
"18","org.apache.commons.fileupload","/Users/grantnelson/go/src/github.com/apache/commons-fileupload/src/test/java/org/apache/commons/fileupload/Util.java","3","57","The method 'fileUploadImplementations()' has a cyclomatic complexity of 1.","Design","CyclomaticComplexity"
"19","org.apache.commons.fileupload","/Users/grantnelson/go/src/github.com/apache/commons-fileupload/src/test/java/org/apache/commons/fileupload/Util.java","3","57","The method 'fileUploadImplementations()' has an NPath complexity of 1, current threshold is 1","Design","NPathComplexity"
"1","org.apache.commons.fileupload.portlet","/Users/grantnelson/go/src/github.com/apache/commons-fileupload/src/test/java/org/apache/commons/fileupload/portlet/MockPortletActionRequest.java","3","49","A value of 14 may denote a high amount of coupling within the class (threshold: 1)","Design","CouplingBetweenObjects"
"2","org.apache.commons.fileupload.portlet","/Users/grantnelson/go/src/github.com/apache/commons-fileupload/src/test/java/org/apache/commons/fileupload/portlet/MockPortletActionRequest.java","3","49","The class 'MockPortletActionRequest' has a NCSS line count of 94 (Highest = 5).","Design","NcssCount"
"3","org.apache.commons.fileupload.portlet","/Users/grantnelson/go/src/github.com/apache/commons-fileupload/src/test/java/org/apache/commons/fileupload/portlet/MockPortletActionRequest.java","3","49","The class 'MockPortletActionRequest' has a total cyclomatic complexity of 42 (highest 1).","Design","CyclomaticComplexity"
"4","org.apache.commons.fileupload.portlet","/Users/grantnelson/go/src/github.com/apache/commons-fileupload/src/test/java/org/apache/commons/fileupload/portlet/MockPortletActionRequest.java","3","49","This class has 42 public methods and attributes; current threshold is 1.","Design","ExcessivePublicCount"
"5","org.apache.commons.fileupload.portlet","/Users/grantnelson/go/src/github.com/apache/commons-fileupload/src/test/java/org/apache/commons/fileupload/portlet/MockPortletActionRequest.java","3","60","The constructor 'MockPortletActionRequest(byte[], String)' has a NCSS line count of 2.","Design","NcssCount"
"6","org.apache.commons.fileupload.portlet","/Users/grantnelson/go/src/github.com/apache/commons-fileupload/src/test/java/org/apache/commons/fileupload/portlet/MockPortletActionRequest.java","3","60","The constructor 'MockPortletActionRequest(byte[], String)' has a cyclomatic complexity of 1.","Design","CyclomaticComplexity"
"7","org.apache.commons.fileupload.portlet","/Users/grantnelson/go/src/github.com/apache/commons-fileupload/src/test/java/org/apache/commons/fileupload/portlet/MockPortletActionRequest.java","3","60","The constructor 'MockPortletActionRequest(byte[], String)' has an NPath complexity of 1, current threshold is 1","Design","NPathComplexity"
"8","org.apache.commons.fileupload.portlet","/Users/grantnelson/go/src/github.com/apache/commons-fileupload/src/test/java/org/apache/commons/fileupload/portlet/MockPortletActionRequest.java","3","60","Avoid long parameter lists (2 parameters - threshold is 1).","Design","ExcessiveParameterList"
"9","org.apache.commons.fileupload.portlet","/Users/grantnelson/go/src/github.com/apache/commons-fileupload/src/test/java/org/apache/commons/fileupload/portlet/MockPortletActionRequest.java","3","64","The constructor 'MockPortletActionRequest(ByteArrayInputStream, int, String)' has a NCSS line count of 5.","Design","NcssCount"
"10","org.apache.commons.fileupload.portlet","/Users/grantnelson/go/src/github.com/apache/commons-fileupload/src/test/java/org/apache/commons/fileupload/portlet/MockPortletActionRequest.java","3","64","The constructor 'MockPortletActionRequest(ByteArrayInputStream, int, String)' has a cyclomatic complexity of 1.","Design","CyclomaticComplexity"
"11","org.apache.commons.fileupload.portlet","/Users/grantnelson/go/src/github.com/apache/commons-fileupload/src/test/java/org/apache/commons/fileupload/portlet/MockPortletActionRequest.java","3","64","The constructor 'MockPortletActionRequest(ByteArrayInputStream, int, String)' has an NPath complexity of 1, current threshold is 1","Design","NPathComplexity"
"12","org.apache.commons.fileupload.portlet","/Users/grantnelson/go/src/github.com/apache/commons-fileupload/src/test/java/org/apache/commons/fileupload/portlet/MockPortletActionRequest.java","3","64","Avoid long parameter lists (3 parameters - threshold is 1).","Design","ExcessiveParameterList"
"13","org.apache.commons.fileupload.portlet","/Users/grantnelson/go/src/github.com/apache/commons-fileupload/src/test/java/org/apache/commons/fileupload/portlet/MockPortletActionRequest.java","3","72","The method 'getAttribute(String)' has a NCSS line count of 2.","Design","NcssCount"
"14","org.apache.commons.fileupload.portlet","/Users/grantnelson/go/src/github.com/apache/commons-fileupload/src/test/java/org/apache/commons/fileupload/portlet/MockPortletActionRequest.java","3","72","The method 'getAttribute(String)' has a cyclomatic complexity of 1.","Design","CyclomaticComplexity"
"15","org.apache.commons.fileupload.portlet","/Users/grantnelson/go/src/github.com/apache/commons-fileupload/src/test/java/org/apache/commons/fileupload/portlet/MockPortletActionRequest.java","3","72","The method 'getAttribute(String)' has an NPath complexity of 1, current threshold is 1","Design","NPathComplexity"
"16","org.apache.commons.fileupload.portlet","/Users/grantnelson/go/src/github.com/apache/commons-fileupload/src/test/java/org/apache/commons/fileupload/portlet/MockPortletActionRequest.java","3","72","Avoid long parameter lists (1 parameters - threshold is 1).","Design","ExcessiveParameterList"
"17","org.apache.commons.fileupload.portlet","/Users/grantnelson/go/src/github.com/apache/commons-fileupload/src/test/java/org/apache/commons/fileupload/portlet/MockPortletActionRequest.java","3","77","The method 'getAttributeNames()' has a NCSS line count of 2.","Design","NcssCount"
"18","org.apache.commons.fileupload.portlet","/Users/grantnelson/go/src/github.com/apache/commons-fileupload/src/test/java/org/apache/commons/fileupload/portlet/MockPortletActionRequest.java","3","77","The method 'getAttributeNames()' has a cyclomatic complexity of 1.","Design","CyclomaticComplexity"
"19","org.apache.commons.fileupload.portlet","/Users/grantnelson/go/src/github.com/apache/commons-fileupload/src/test/java/org/apache/commons/fileupload/portlet/MockPortletActionRequest.java","3","77","The method 'getAttributeNames()' has an NPath complexity of 1, current threshold is 1","Design","NPathComplexity"
"20","org.apache.commons.fileupload.portlet","/Users/grantnelson/go/src/github.com/apache/commons-fileupload/src/test/java/org/apache/commons/fileupload/portlet/MockPortletActionRequest.java","3","82","The method 'getAuthType()' has a NCSS line count of 2.","Design","NcssCount"
"21","org.apache.commons.fileupload.portlet","/Users/grantnelson/go/src/github.com/apache/commons-fileupload/src/test/java/org/apache/commons/fileupload/portlet/MockPortletActionRequest.java","3","82","The method 'getAuthType()' has a cyclomatic complexity of 1.","Design","CyclomaticComplexity"
"22","org.apache.commons.fileupload.portlet","/Users/grantnelson/go/src/github.com/apache/commons-fileupload/src/test/java/org/apache/commons/fileupload/portlet/MockPortletActionRequest.java","3","82","The method 'getAuthType()' has an NPath complexity of 1, current threshold is 1","Design","NPathComplexity"
"23","org.apache.commons.fileupload.portlet","/Users/grantnelson/go/src/github.com/apache/commons-fileupload/src/test/java/org/apache/commons/fileupload/portlet/MockPortletActionRequest.java","3","87","The method 'getContextPath()' has a NCSS line count of 2.","Design","NcssCount"
"24","org.apache.commons.fileupload.portlet","/Users/grantnelson/go/src/github.com/apache/commons-fileupload/src/test/java/org/apache/commons/fileupload/portlet/MockPortletActionRequest.java","3","87","The method 'getContextPath()' has a cyclomatic complexity of 1.","Design","CyclomaticComplexity"
"25","org.apache.commons.fileupload.portlet","/Users/grantnelson/go/src/github.com/apache/commons-fileupload/src/test/java/org/apache/commons/fileupload/portlet/MockPortletActionRequest.java","3","87","The method 'getContextPath()' has an NPath complexity of 1, current threshold is 1","Design","NPathComplexity"
"26","org.apache.commons.fileupload.portlet","/Users/grantnelson/go/src/github.com/apache/commons-fileupload/src/test/java/org/apache/commons/fileupload/portlet/MockPortletActionRequest.java","3","92","The method 'getLocale()' has a NCSS line count of 2.","Design","NcssCount"
"27","org.apache.commons.fileupload.portlet","/Users/grantnelson/go/src/github.com/apache/commons-fileupload/src/test/java/org/apache/commons/fileupload/portlet/MockPortletActionRequest.java","3","92","The method 'getLocale()' has a cyclomatic complexity of 1.","Design","CyclomaticComplexity"
"28","org.apache.commons.fileupload.portlet","/Users/grantnelson/go/src/github.com/apache/commons-fileupload/src/test/java/org/apache/commons/fileupload/portlet/MockPortletActionRequest.java","3","92","The method 'getLocale()' has an NPath complexity of 1, current threshold is 1","Design","NPathComplexity"
"29","org.apache.commons.fileupload.portlet","/Users/grantnelson/go/src/github.com/apache/commons-fileupload/src/test/java/org/apache/commons/fileupload/portlet/MockPortletActionRequest.java","3","97","The method 'getLocales()' has a NCSS line count of 2.","Design","NcssCount"
"30","org.apache.commons.fileupload.portlet","/Users/grantnelson/go/src/github.com/apache/commons-fileupload/src/test/java/org/apache/commons/fileupload/portlet/MockPortletActionRequest.java","3","97","The method 'getLocales()' has a cyclomatic complexity of 1.","Design","CyclomaticComplexity"
"31","org.apache.commons.fileupload.portlet","/Users/grantnelson/go/src/github.com/apache/commons-fileupload/src/test/java/org/apache/commons/fileupload/portlet/MockPortletActionRequest.java","3","97","The method 'getLocales()' has an NPath complexity of 1, current threshold is 1","Design","NPathComplexity"
"32","org.apache.commons.fileupload.portlet","/Users/grantnelson/go/src/github.com/apache/commons-fileupload/src/test/java/org/apache/commons/fileupload/portlet/MockPortletActionRequest.java","3","102","The method 'getParameter(String)' has a NCSS line count of 2.","Design","NcssCount"
"33","org.apache.commons.fileupload.portlet","/Users/grantnelson/go/src/github.com/apache/commons-fileupload/src/test/java/org/apache/commons/fileupload/portlet/MockPortletActionRequest.java","3","102","The method 'getParameter(String)' has a cyclomatic complexity of 1.","Design","CyclomaticComplexity"
"34","org.apache.commons.fileupload.portlet","/Users/grantnelson/go/src/github.com/apache/commons-fileupload/src/test/java/org/apache/commons/fileupload/portlet/MockPortletActionRequest.java","3","102","The method 'getParameter(String)' has an NPath complexity of 1, current threshold is 1","Design","NPathComplexity"
"35","org.apache.commons.fileupload.portlet","/Users/grantnelson/go/src/github.com/apache/commons-fileupload/src/test/java/org/apache/commons/fileupload/portlet/MockPortletActionRequest.java","3","102","Avoid long parameter lists (1 parameters - threshold is 1).","Design","ExcessiveParameterList"
"36","org.apache.commons.fileupload.portlet","/Users/grantnelson/go/src/github.com/apache/commons-fileupload/src/test/java/org/apache/commons/fileupload/portlet/MockPortletActionRequest.java","3","107","The method 'getParameterMap()' has a NCSS line count of 2.","Design","NcssCount"
"37","org.apache.commons.fileupload.portlet","/Users/grantnelson/go/src/github.com/apache/commons-fileupload/src/test/java/org/apache/commons/fileupload/portlet/MockPortletActionRequest.java","3","107","The method 'getParameterMap()' has a cyclomatic complexity of 1.","Design","CyclomaticComplexity"
"38","org.apache.commons.fileupload.portlet","/Users/grantnelson/go/src/github.com/apache/commons-fileupload/src/test/java/org/apache/commons/fileupload/portlet/MockPortletActionRequest.java","3","107","The method 'getParameterMap()' has an NPath complexity of 1, current threshold is 1","Design","NPathComplexity"
"39","org.apache.commons.fileupload.portlet","/Users/grantnelson/go/src/github.com/apache/commons-fileupload/src/test/java/org/apache/commons/fileupload/portlet/MockPortletActionRequest.java","3","112","The method 'getParameterNames()' has a NCSS line count of 2.","Design","NcssCount"
"40","org.apache.commons.fileupload.portlet","/Users/grantnelson/go/src/github.com/apache/commons-fileupload/src/test/java/org/apache/commons/fileupload/portlet/MockPortletActionRequest.java","3","112","The method 'getParameterNames()' has a cyclomatic complexity of 1.","Design","CyclomaticComplexity"
"41","org.apache.commons.fileupload.portlet","/Users/grantnelson/go/src/github.com/apache/commons-fileupload/src/test/java/org/apache/commons/fileupload/portlet/MockPortletActionRequest.java","3","112","The method 'getParameterNames()' has an NPath complexity of 1, current threshold is 1","Design","NPathComplexity"
"42","org.apache.commons.fileupload.portlet","/Users/grantnelson/go/src/github.com/apache/commons-fileupload/src/test/java/org/apache/commons/fileupload/portlet/MockPortletActionRequest.java","3","117","The method 'getParameterValues(String)' has a NCSS line count of 2.","Design","NcssCount"
"43","org.apache.commons.fileupload.portlet","/Users/grantnelson/go/src/github.com/apache/commons-fileupload/src/test/java/org/apache/commons/fileupload/portlet/MockPortletActionRequest.java","3","117","The method 'getParameterValues(String)' has a cyclomatic complexity of 1.","Design","CyclomaticComplexity"
"44","org.apache.commons.fileupload.portlet","/Users/grantnelson/go/src/github.com/apache/commons-fileupload/src/test/java/org/apache/commons/fileupload/portlet/MockPortletActionRequest.java","3","117","The method 'getParameterValues(String)' has an NPath complexity of 1, current threshold is 1","Design","NPathComplexity"
"45","org.apache.commons.fileupload.portlet","/Users/grantnelson/go/src/github.com/apache/commons-fileupload/src/test/java/org/apache/commons/fileupload/portlet/MockPortletActionRequest.java","3","117","Avoid long parameter lists (1 parameters - threshold is 1).","Design","ExcessiveParameterList"
"46","org.apache.commons.fileupload.portlet","/Users/grantnelson/go/src/github.com/apache/commons-fileupload/src/test/java/org/apache/commons/fileupload/portlet/MockPortletActionRequest.java","3","122","The method 'getPortalContext()' has a NCSS line count of 2.","Design","NcssCount"
"47","org.apache.commons.fileupload.portlet","/Users/grantnelson/go/src/github.com/apache/commons-fileupload/src/test/java/org/apache/commons/fileupload/portlet/MockPortletActionRequest.java","3","122","The method 'getPortalContext()' has a cyclomatic complexity of 1.","Design","CyclomaticComplexity"
"48","org.apache.commons.fileupload.portlet","/Users/grantnelson/go/src/github.com/apache/commons-fileupload/src/test/java/org/apache/commons/fileupload/portlet/MockPortletActionRequest.java","3","122","The method 'getPortalContext()' has an NPath complexity of 1, current threshold is 1","Design","NPathComplexity"
"49","org.apache.commons.fileupload.portlet","/Users/grantnelson/go/src/github.com/apache/commons-fileupload/src/test/java/org/apache/commons/fileupload/portlet/MockPortletActionRequest.java","3","127","The method 'getPortletMode()' has a NCSS line count of 2.","Design","NcssCount"
"50","org.apache.commons.fileupload.portlet","/Users/grantnelson/go/src/github.com/apache/commons-fileupload/src/test/java/org/apache/commons/fileupload/portlet/MockPortletActionRequest.java","3","127","The method 'getPortletMode()' has a cyclomatic complexity of 1.","Design","CyclomaticComplexity"
"51","org.apache.commons.fileupload.portlet","/Users/grantnelson/go/src/github.com/apache/commons-fileupload/src/test/java/org/apache/commons/fileupload/portlet/MockPortletActionRequest.java","3","127","The method 'getPortletMode()' has an NPath complexity of 1, current threshold is 1","Design","NPathComplexity"
"52","org.apache.commons.fileupload.portlet","/Users/grantnelson/go/src/github.com/apache/commons-fileupload/src/test/java/org/apache/commons/fileupload/portlet/MockPortletActionRequest.java","3","132","The method 'getPortletSession()' has a NCSS line count of 2.","Design","NcssCount"
"53","org.apache.commons.fileupload.portlet","/Users/grantnelson/go/src/github.com/apache/commons-fileupload/src/test/java/org/apache/commons/fileupload/portlet/MockPortletActionRequest.java","3","132","The method 'getPortletSession()' has a cyclomatic complexity of 1.","Design","CyclomaticComplexity"
"54","org.apache.commons.fileupload.portlet","/Users/grantnelson/go/src/github.com/apache/commons-fileupload/src/test/java/org/apache/commons/fileupload/portlet/MockPortletActionRequest.java","3","132","The method 'getPortletSession()' has an NPath complexity of 1, current threshold is 1","Design","NPathComplexity"
"55","org.apache.commons.fileupload.portlet","/Users/grantnelson/go/src/github.com/apache/commons-fileupload/src/test/java/org/apache/commons/fileupload/portlet/MockPortletActionRequest.java","3","137","The method 'getPortletSession(boolean)' has a NCSS line count of 2.","Design","NcssCount"
"56","org.apache.commons.fileupload.portlet","/Users/grantnelson/go/src/github.com/apache/commons-fileupload/src/test/java/org/apache/commons/fileupload/portlet/MockPortletActionRequest.java","3","137","The method 'getPortletSession(boolean)' has a cyclomatic complexity of 1.","Design","CyclomaticComplexity"
"57","org.apache.commons.fileupload.portlet","/Users/grantnelson/go/src/github.com/apache/commons-fileupload/src/test/java/org/apache/commons/fileupload/portlet/MockPortletActionRequest.java","3","137","The method 'getPortletSession(boolean)' has an NPath complexity of 1, current threshold is 1","Design","NPathComplexity"
"58","org.apache.commons.fileupload.portlet","/Users/grantnelson/go/src/github.com/apache/commons-fileupload/src/test/java/org/apache/commons/fileupload/portlet/MockPortletActionRequest.java","3","137","Avoid long parameter lists (1 parameters - threshold is 1).","Design","ExcessiveParameterList"
"59","org.apache.commons.fileupload.portlet","/Users/grantnelson/go/src/github.com/apache/commons-fileupload/src/test/java/org/apache/commons/fileupload/portlet/MockPortletActionRequest.java","3","142","The method 'getPreferences()' has a NCSS line count of 2.","Design","NcssCount"
"60","org.apache.commons.fileupload.portlet","/Users/grantnelson/go/src/github.com/apache/commons-fileupload/src/test/java/org/apache/commons/fileupload/portlet/MockPortletActionRequest.java","3","142","The method 'getPreferences()' has a cyclomatic complexity of 1.","Design","CyclomaticComplexity"
"61","org.apache.commons.fileupload.portlet","/Users/grantnelson/go/src/github.com/apache/commons-fileupload/src/test/java/org/apache/commons/fileupload/portlet/MockPortletActionRequest.java","3","142","The method 'getPreferences()' has an NPath complexity of 1, current threshold is 1","Design","NPathComplexity"
"62","org.apache.commons.fileupload.portlet","/Users/grantnelson/go/src/github.com/apache/commons-fileupload/src/test/java/org/apache/commons/fileupload/portlet/MockPortletActionRequest.java","3","147","The method 'getProperties(String)' has a NCSS line count of 2.","Design","NcssCount"
"63","org.apache.commons.fileupload.portlet","/Users/grantnelson/go/src/github.com/apache/commons-fileupload/src/test/java/org/apache/commons/fileupload/portlet/MockPortletActionRequest.java","3","147","The method 'getProperties(String)' has a cyclomatic complexity of 1.","Design","CyclomaticComplexity"
"64","org.apache.commons.fileupload.portlet","/Users/grantnelson/go/src/github.com/apache/commons-fileupload/src/test/java/org/apache/commons/fileupload/portlet/MockPortletActionRequest.java","3","147","The method 'getProperties(String)' has an NPath complexity of 1, current threshold is 1","Design","NPathComplexity"
"65","org.apache.commons.fileupload.portlet","/Users/grantnelson/go/src/github.com/apache/commons-fileupload/src/test/java/org/apache/commons/fileupload/portlet/MockPortletActionRequest.java","3","147","Avoid long parameter lists (1 parameters - threshold is 1).","Design","ExcessiveParameterList"
"66","org.apache.commons.fileupload.portlet","/Users/grantnelson/go/src/github.com/apache/commons-fileupload/src/test/java/org/apache/commons/fileupload/portlet/MockPortletActionRequest.java","3","152","The method 'getProperty(String)' has a NCSS line count of 2.","Design","NcssCount"
"67","org.apache.commons.fileupload.portlet","/Users/grantnelson/go/src/github.com/apache/commons-fileupload/src/test/java/org/apache/commons/fileupload/portlet/MockPortletActionRequest.java","3","152","The method 'getProperty(String)' has a cyclomatic complexity of 1.","Design","CyclomaticComplexity"
"68","org.apache.commons.fileupload.portlet","/Users/grantnelson/go/src/github.com/apache/commons-fileupload/src/test/java/org/apache/commons/fileupload/portlet/MockPortletActionRequest.java","3","152","The method 'getProperty(String)' has an NPath complexity of 1, current threshold is 1","Design","NPathComplexity"
"69","org.apache.commons.fileupload.portlet","/Users/grantnelson/go/src/github.com/apache/commons-fileupload/src/test/java/org/apache/commons/fileupload/portlet/MockPortletActionRequest.java","3","152","Avoid long parameter lists (1 parameters - threshold is 1).","Design","ExcessiveParameterList"
"70","org.apache.commons.fileupload.portlet","/Users/grantnelson/go/src/github.com/apache/commons-fileupload/src/test/java/org/apache/commons/fileupload/portlet/MockPortletActionRequest.java","3","157","The method 'getPropertyNames()' has a NCSS line count of 2.","Design","NcssCount"
"71","org.apache.commons.fileupload.portlet","/Users/grantnelson/go/src/github.com/apache/commons-fileupload/src/test/java/org/apache/commons/fileupload/portlet/MockPortletActionRequest.java","3","157","The method 'getPropertyNames()' has a cyclomatic complexity of 1.","Design","CyclomaticComplexity"
"72","org.apache.commons.fileupload.portlet","/Users/grantnelson/go/src/github.com/apache/commons-fileupload/src/test/java/org/apache/commons/fileupload/portlet/MockPortletActionRequest.java","3","157","The method 'getPropertyNames()' has an NPath complexity of 1, current threshold is 1","Design","NPathComplexity"
"73","org.apache.commons.fileupload.portlet","/Users/grantnelson/go/src/github.com/apache/commons-fileupload/src/test/java/org/apache/commons/fileupload/portlet/MockPortletActionRequest.java","3","162","The method 'getRemoteUser()' has a NCSS line count of 2.","Design","NcssCount"
"74","org.apache.commons.fileupload.portlet","/Users/grantnelson/go/src/github.com/apache/commons-fileupload/src/test/java/org/apache/commons/fileupload/portlet/MockPortletActionRequest.java","3","162","The method 'getRemoteUser()' has a cyclomatic complexity of 1.","Design","CyclomaticComplexity"
"75","org.apache.commons.fileupload.portlet","/Users/grantnelson/go/src/github.com/apache/commons-fileupload/src/test/java/org/apache/commons/fileupload/portlet/MockPortletActionRequest.java","3","162","The method 'getRemoteUser()' has an NPath complexity of 1, current threshold is 1","Design","NPathComplexity"
"76","org.apache.commons.fileupload.portlet","/Users/grantnelson/go/src/github.com/apache/commons-fileupload/src/test/java/org/apache/commons/fileupload/portlet/MockPortletActionRequest.java","3","167","The method 'getRequestedSessionId()' has a NCSS line count of 2.","Design","NcssCount"
"77","org.apache.commons.fileupload.portlet","/Users/grantnelson/go/src/github.com/apache/commons-fileupload/src/test/java/org/apache/commons/fileupload/portlet/MockPortletActionRequest.java","3","167","The method 'getRequestedSessionId()' has a cyclomatic complexity of 1.","Design","CyclomaticComplexity"
"78","org.apache.commons.fileupload.portlet","/Users/grantnelson/go/src/github.com/apache/commons-fileupload/src/test/java/org/apache/commons/fileupload/portlet/MockPortletActionRequest.java","3","167","The method 'getRequestedSessionId()' has an NPath complexity of 1, current threshold is 1","Design","NPathComplexity"
"79","org.apache.commons.fileupload.portlet","/Users/grantnelson/go/src/github.com/apache/commons-fileupload/src/test/java/org/apache/commons/fileupload/portlet/MockPortletActionRequest.java","3","172","The method 'getResponseContentType()' has a NCSS line count of 2.","Design","NcssCount"
"80","org.apache.commons.fileupload.portlet","/Users/grantnelson/go/src/github.com/apache/commons-fileupload/src/test/java/org/apache/commons/fileupload/portlet/MockPortletActionRequest.java","3","172","The method 'getResponseContentType()' has a cyclomatic complexity of 1.","Design","CyclomaticComplexity"
"81","org.apache.commons.fileupload.portlet","/Users/grantnelson/go/src/github.com/apache/commons-fileupload/src/test/java/org/apache/commons/fileupload/portlet/MockPortletActionRequest.java","3","172","The method 'getResponseContentType()' has an NPath complexity of 1, current threshold is 1","Design","NPathComplexity"
"82","org.apache.commons.fileupload.portlet","/Users/grantnelson/go/src/github.com/apache/commons-fileupload/src/test/java/org/apache/commons/fileupload/portlet/MockPortletActionRequest.java","3","177","The method 'getResponseContentTypes()' has a NCSS line count of 2.","Design","NcssCount"
"83","org.apache.commons.fileupload.portlet","/Users/grantnelson/go/src/github.com/apache/commons-fileupload/src/test/java/org/apache/commons/fileupload/portlet/MockPortletActionRequest.java","3","177","The method 'getResponseContentTypes()' has a cyclomatic complexity of 1.","Design","CyclomaticComplexity"
"84","org.apache.commons.fileupload.portlet","/Users/grantnelson/go/src/github.com/apache/commons-fileupload/src/test/java/org/apache/commons/fileupload/portlet/MockPortletActionRequest.java","3","177","The method 'getResponseContentTypes()' has an NPath complexity of 1, current threshold is 1","Design","NPathComplexity"
"85","org.apache.commons.fileupload.portlet","/Users/grantnelson/go/src/github.com/apache/commons-fileupload/src/test/java/org/apache/commons/fileupload/portlet/MockPortletActionRequest.java","3","182","The method 'getScheme()' has a NCSS line count of 2.","Design","NcssCount"
"86","org.apache.commons.fileupload.portlet","/Users/grantnelson/go/src/github.com/apache/commons-fileupload/src/test/java/org/apache/commons/fileupload/portlet/MockPortletActionRequest.java","3","182","The method 'getScheme()' has a cyclomatic complexity of 1.","Design","CyclomaticComplexity"
"87","org.apache.commons.fileupload.portlet","/Users/grantnelson/go/src/github.com/apache/commons-fileupload/src/test/java/org/apache/commons/fileupload/portlet/MockPortletActionRequest.java","3","182","The method 'getScheme()' has an NPath complexity of 1, current threshold is 1","Design","NPathComplexity"
"88","org.apache.commons.fileupload.portlet","/Users/grantnelson/go/src/github.com/apache/commons-fileupload/src/test/java/org/apache/commons/fileupload/portlet/MockPortletActionRequest.java","3","187","The method 'getServerName()' has a NCSS line count of 2.","Design","NcssCount"
"89","org.apache.commons.fileupload.portlet","/Users/grantnelson/go/src/github.com/apache/commons-fileupload/src/test/java/org/apache/commons/fileupload/portlet/MockPortletActionRequest.java","3","187","The method 'getServerName()' has a cyclomatic complexity of 1.","Design","CyclomaticComplexity"
"90","org.apache.commons.fileupload.portlet","/Users/grantnelson/go/src/github.com/apache/commons-fileupload/src/test/java/org/apache/commons/fileupload/portlet/MockPortletActionRequest.java","3","187","The method 'getServerName()' has an NPath complexity of 1, current threshold is 1","Design","NPathComplexity"
"91","org.apache.commons.fileupload.portlet","/Users/grantnelson/go/src/github.com/apache/commons-fileupload/src/test/java/org/apache/commons/fileupload/portlet/MockPortletActionRequest.java","3","192","The method 'getServerPort()' has a NCSS line count of 2.","Design","NcssCount"
"92","org.apache.commons.fileupload.portlet","/Users/grantnelson/go/src/github.com/apache/commons-fileupload/src/test/java/org/apache/commons/fileupload/portlet/MockPortletActionRequest.java","3","192","The method 'getServerPort()' has a cyclomatic complexity of 1.","Design","CyclomaticComplexity"
"93","org.apache.commons.fileupload.portlet","/Users/grantnelson/go/src/github.com/apache/commons-fileupload/src/test/java/org/apache/commons/fileupload/portlet/MockPortletActionRequest.java","3","192","The method 'getServerPort()' has an NPath complexity of 1, current threshold is 1","Design","NPathComplexity"
"94","org.apache.commons.fileupload.portlet","/Users/grantnelson/go/src/github.com/apache/commons-fileupload/src/test/java/org/apache/commons/fileupload/portlet/MockPortletActionRequest.java","3","197","The method 'getUserPrincipal()' has a NCSS line count of 2.","Design","NcssCount"
"95","org.apache.commons.fileupload.portlet","/Users/grantnelson/go/src/github.com/apache/commons-fileupload/src/test/java/org/apache/commons/fileupload/portlet/MockPortletActionRequest.java","3","197","The method 'getUserPrincipal()' has a cyclomatic complexity of 1.","Design","CyclomaticComplexity"
"96","org.apache.commons.fileupload.portlet","/Users/grantnelson/go/src/github.com/apache/commons-fileupload/src/test/java/org/apache/commons/fileupload/portlet/MockPortletActionRequest.java","3","197","The method 'getUserPrincipal()' has an NPath complexity of 1, current threshold is 1","Design","NPathComplexity"
"97","org.apache.commons.fileupload.portlet","/Users/grantnelson/go/src/github.com/apache/commons-fileupload/src/test/java/org/apache/commons/fileupload/portlet/MockPortletActionRequest.java","3","202","The method 'getWindowState()' has a NCSS line count of 2.","Design","NcssCount"
"98","org.apache.commons.fileupload.portlet","/Users/grantnelson/go/src/github.com/apache/commons-fileupload/src/test/java/org/apache/commons/fileupload/portlet/MockPortletActionRequest.java","3","202","The method 'getWindowState()' has a cyclomatic complexity of 1.","Design","CyclomaticComplexity"
"99","org.apache.commons.fileupload.portlet","/Users/grantnelson/go/src/github.com/apache/commons-fileupload/src/test/java/org/apache/commons/fileupload/portlet/MockPortletActionRequest.java","3","202","The method 'getWindowState()' has an NPath complexity of 1, current threshold is 1","Design","NPathComplexity"
"100","org.apache.commons.fileupload.portlet","/Users/grantnelson/go/src/github.com/apache/commons-fileupload/src/test/java/org/apache/commons/fileupload/portlet/MockPortletActionRequest.java","3","207","The method 'isPortletModeAllowed(PortletMode)' has a NCSS line count of 2.","Design","NcssCount"
"101","org.apache.commons.fileupload.portlet","/Users/grantnelson/go/src/github.com/apache/commons-fileupload/src/test/java/org/apache/commons/fileupload/portlet/MockPortletActionRequest.java","3","207","The method 'isPortletModeAllowed(PortletMode)' has a cyclomatic complexity of 1.","Design","CyclomaticComplexity"
"102","org.apache.commons.fileupload.portlet","/Users/grantnelson/go/src/github.com/apache/commons-fileupload/src/test/java/org/apache/commons/fileupload/portlet/MockPortletActionRequest.java","3","207","The method 'isPortletModeAllowed(PortletMode)' has an NPath complexity of 1, current threshold is 1","Design","NPathComplexity"
"103","org.apache.commons.fileupload.portlet","/Users/grantnelson/go/src/github.com/apache/commons-fileupload/src/test/java/org/apache/commons/fileupload/portlet/MockPortletActionRequest.java","3","207","Avoid long parameter lists (1 parameters - threshold is 1).","Design","ExcessiveParameterList"
"104","org.apache.commons.fileupload.portlet","/Users/grantnelson/go/src/github.com/apache/commons-fileupload/src/test/java/org/apache/commons/fileupload/portlet/MockPortletActionRequest.java","3","212","The method 'isRequestedSessionIdValid()' has a NCSS line count of 2.","Design","NcssCount"
"105","org.apache.commons.fileupload.portlet","/Users/grantnelson/go/src/github.com/apache/commons-fileupload/src/test/java/org/apache/commons/fileupload/portlet/MockPortletActionRequest.java","3","212","The method 'isRequestedSessionIdValid()' has a cyclomatic complexity of 1.","Design","CyclomaticComplexity"
"106","org.apache.commons.fileupload.portlet","/Users/grantnelson/go/src/github.com/apache/commons-fileupload/src/test/java/org/apache/commons/fileupload/portlet/MockPortletActionRequest.java","3","212","The method 'isRequestedSessionIdValid()' has an NPath complexity of 1, current threshold is 1","Design","NPathComplexity"
"107","org.apache.commons.fileupload.portlet","/Users/grantnelson/go/src/github.com/apache/commons-fileupload/src/test/java/org/apache/commons/fileupload/portlet/MockPortletActionRequest.java","3","217","The method 'isSecure()' has a NCSS line count of 2.","Design","NcssCount"
"108","org.apache.commons.fileupload.portlet","/Users/grantnelson/go/src/github.com/apache/commons-fileupload/src/test/java/org/apache/commons/fileupload/portlet/MockPortletActionRequest.java","3","217","The method 'isSecure()' has a cyclomatic complexity of 1.","Design","CyclomaticComplexity"
"109","org.apache.commons.fileupload.portlet","/Users/grantnelson/go/src/github.com/apache/commons-fileupload/src/test/java/org/apache/commons/fileupload/portlet/MockPortletActionRequest.java","3","217","The method 'isSecure()' has an NPath complexity of 1, current threshold is 1","Design","NPathComplexity"
"110","org.apache.commons.fileupload.portlet","/Users/grantnelson/go/src/github.com/apache/commons-fileupload/src/test/java/org/apache/commons/fileupload/portlet/MockPortletActionRequest.java","3","222","The method 'isUserInRole(String)' has a NCSS line count of 2.","Design","NcssCount"
"111","org.apache.commons.fileupload.portlet","/Users/grantnelson/go/src/github.com/apache/commons-fileupload/src/test/java/org/apache/commons/fileupload/portlet/MockPortletActionRequest.java","3","222","The method 'isUserInRole(String)' has a cyclomatic complexity of 1.","Design","CyclomaticComplexity"
"112","org.apache.commons.fileupload.portlet","/Users/grantnelson/go/src/github.com/apache/commons-fileupload/src/test/java/org/apache/commons/fileupload/portlet/MockPortletActionRequest.java","3","222","The method 'isUserInRole(String)' has an NPath complexity of 1, current threshold is 1","Design","NPathComplexity"
"113","org.apache.commons.fileupload.portlet","/Users/grantnelson/go/src/github.com/apache/commons-fileupload/src/test/java/org/apache/commons/fileupload/portlet/MockPortletActionRequest.java","3","222","Avoid long parameter lists (1 parameters - threshold is 1).","Design","ExcessiveParameterList"
"114","org.apache.commons.fileupload.portlet","/Users/grantnelson/go/src/github.com/apache/commons-fileupload/src/test/java/org/apache/commons/fileupload/portlet/MockPortletActionRequest.java","3","227","The method 'isWindowStateAllowed(WindowState)' has a NCSS line count of 2.","Design","NcssCount"
"115","org.apache.commons.fileupload.portlet","/Users/grantnelson/go/src/github.com/apache/commons-fileupload/src/test/java/org/apache/commons/fileupload/portlet/MockPortletActionRequest.java","3","227","The method 'isWindowStateAllowed(WindowState)' has a cyclomatic complexity of 1.","Design","CyclomaticComplexity"
"116","org.apache.commons.fileupload.portlet","/Users/grantnelson/go/src/github.com/apache/commons-fileupload/src/test/java/org/apache/commons/fileupload/portlet/MockPortletActionRequest.java","3","227","The method 'isWindowStateAllowed(WindowState)' has an NPath complexity of 1, current threshold is 1","Design","NPathComplexity"
"117","org.apache.commons.fileupload.portlet","/Users/grantnelson/go/src/github.com/apache/commons-fileupload/src/test/java/org/apache/commons/fileupload/portlet/MockPortletActionRequest.java","3","227","Avoid long parameter lists (1 parameters - threshold is 1).","Design","ExcessiveParameterList"
"118","org.apache.commons.fileupload.portlet","/Users/grantnelson/go/src/github.com/apache/commons-fileupload/src/test/java/org/apache/commons/fileupload/portlet/MockPortletActionRequest.java","3","232","The method 'removeAttribute(String)' has a NCSS line count of 2.","Design","NcssCount"
"119","org.apache.commons.fileupload.portlet","/Users/grantnelson/go/src/github.com/apache/commons-fileupload/src/test/java/org/apache/commons/fileupload/portlet/MockPortletActionRequest.java","3","232","The method 'removeAttribute(String)' has a cyclomatic complexity of 1.","Design","CyclomaticComplexity"
"120","org.apache.commons.fileupload.portlet","/Users/grantnelson/go/src/github.com/apache/commons-fileupload/src/test/java/org/apache/commons/fileupload/portlet/MockPortletActionRequest.java","3","232","The method 'removeAttribute(String)' has an NPath complexity of 1, current threshold is 1","Design","NPathComplexity"
"121","org.apache.commons.fileupload.portlet","/Users/grantnelson/go/src/github.com/apache/commons-fileupload/src/test/java/org/apache/commons/fileupload/portlet/MockPortletActionRequest.java","3","232","Avoid long parameter lists (1 parameters - threshold is 1).","Design","ExcessiveParameterList"
"122","org.apache.commons.fileupload.portlet","/Users/grantnelson/go/src/github.com/apache/commons-fileupload/src/test/java/org/apache/commons/fileupload/portlet/MockPortletActionRequest.java","3","237","The method 'setAttribute(String, Object)' has a NCSS line count of 2.","Design","NcssCount"
"123","org.apache.commons.fileupload.portlet","/Users/grantnelson/go/src/github.com/apache/commons-fileupload/src/test/java/org/apache/commons/fileupload/portlet/MockPortletActionRequest.java","3","237","The method 'setAttribute(String, Object)' has a cyclomatic complexity of 1.","Design","CyclomaticComplexity"
"124","org.apache.commons.fileupload.portlet","/Users/grantnelson/go/src/github.com/apache/commons-fileupload/src/test/java/org/apache/commons/fileupload/portlet/MockPortletActionRequest.java","3","237","The method 'setAttribute(String, Object)' has an NPath complexity of 1, current threshold is 1","Design","NPathComplexity"
"125","org.apache.commons.fileupload.portlet","/Users/grantnelson/go/src/github.com/apache/commons-fileupload/src/test/java/org/apache/commons/fileupload/portlet/MockPortletActionRequest.java","3","237","Avoid long parameter lists (2 parameters - threshold is 1).","Design","ExcessiveParameterList"
"126","org.apache.commons.fileupload.portlet","/Users/grantnelson/go/src/github.com/apache/commons-fileupload/src/test/java/org/apache/commons/fileupload/portlet/MockPortletActionRequest.java","3","242","The method 'getCharacterEncoding()' has a NCSS line count of 2.","Design","NcssCount"
"127","org.apache.commons.fileupload.portlet","/Users/grantnelson/go/src/github.com/apache/commons-fileupload/src/test/java/org/apache/commons/fileupload/portlet/MockPortletActionRequest.java","3","242","The method 'getCharacterEncoding()' has a cyclomatic complexity of 1.","Design","CyclomaticComplexity"
"128","org.apache.commons.fileupload.portlet","/Users/grantnelson/go/src/github.com/apache/commons-fileupload/src/test/java/org/apache/commons/fileupload/portlet/MockPortletActionRequest.java","3","242","The method 'getCharacterEncoding()' has an NPath complexity of 1, current threshold is 1","Design","NPathComplexity"
"129","org.apache.commons.fileupload.portlet","/Users/grantnelson/go/src/github.com/apache/commons-fileupload/src/test/java/org/apache/commons/fileupload/portlet/MockPortletActionRequest.java","3","247","The method 'getContentLength()' has a NCSS line count of 2.","Design","NcssCount"
"130","org.apache.commons.fileupload.portlet","/Users/grantnelson/go/src/github.com/apache/commons-fileupload/src/test/java/org/apache/commons/fileupload/portlet/MockPortletActionRequest.java","3","247","The method 'getContentLength()' has a cyclomatic complexity of 1.","Design","CyclomaticComplexity"
"131","org.apache.commons.fileupload.portlet","/Users/grantnelson/go/src/github.com/apache/commons-fileupload/src/test/java/org/apache/commons/fileupload/portlet/MockPortletActionRequest.java","3","247","The method 'getContentLength()' has an NPath complexity of 1, current threshold is 1","Design","NPathComplexity"
"132","org.apache.commons.fileupload.portlet","/Users/grantnelson/go/src/github.com/apache/commons-fileupload/src/test/java/org/apache/commons/fileupload/portlet/MockPortletActionRequest.java","3","252","The method 'getContentType()' has a NCSS line count of 2.","Design","NcssCount"
"133","org.apache.commons.fileupload.portlet","/Users/grantnelson/go/src/github.com/apache/commons-fileupload/src/test/java/org/apache/commons/fileupload/portlet/MockPortletActionRequest.java","3","252","The method 'getContentType()' has a cyclomatic complexity of 1.","Design","CyclomaticComplexity"
"134","org.apache.commons.fileupload.portlet","/Users/grantnelson/go/src/github.com/apache/commons-fileupload/src/test/java/org/apache/commons/fileupload/portlet/MockPortletActionRequest.java","3","252","The method 'getContentType()' has an NPath complexity of 1, current threshold is 1","Design","NPathComplexity"
"135","org.apache.commons.fileupload.portlet","/Users/grantnelson/go/src/github.com/apache/commons-fileupload/src/test/java/org/apache/commons/fileupload/portlet/MockPortletActionRequest.java","3","257","The method 'getPortletInputStream()' has a NCSS line count of 2.","Design","NcssCount"
"136","org.apache.commons.fileupload.portlet","/Users/grantnelson/go/src/github.com/apache/commons-fileupload/src/test/java/org/apache/commons/fileupload/portlet/MockPortletActionRequest.java","3","257","The method 'getPortletInputStream()' has a cyclomatic complexity of 1.","Design","CyclomaticComplexity"
"137","org.apache.commons.fileupload.portlet","/Users/grantnelson/go/src/github.com/apache/commons-fileupload/src/test/java/org/apache/commons/fileupload/portlet/MockPortletActionRequest.java","3","257","The method 'getPortletInputStream()' has an NPath complexity of 1, current threshold is 1","Design","NPathComplexity"
"138","org.apache.commons.fileupload.portlet","/Users/grantnelson/go/src/github.com/apache/commons-fileupload/src/test/java/org/apache/commons/fileupload/portlet/MockPortletActionRequest.java","3","262","The method 'getReader()' has a NCSS line count of 2.","Design","NcssCount"
"139","org.apache.commons.fileupload.portlet","/Users/grantnelson/go/src/github.com/apache/commons-fileupload/src/test/java/org/apache/commons/fileupload/portlet/MockPortletActionRequest.java","3","262","The method 'getReader()' has a cyclomatic complexity of 1.","Design","CyclomaticComplexity"
"140","org.apache.commons.fileupload.portlet","/Users/grantnelson/go/src/github.com/apache/commons-fileupload/src/test/java/org/apache/commons/fileupload/portlet/MockPortletActionRequest.java","3","262","The method 'getReader()' has an NPath complexity of 1, current threshold is 1","Design","NPathComplexity"
"141","org.apache.commons.fileupload.portlet","/Users/grantnelson/go/src/github.com/apache/commons-fileupload/src/test/java/org/apache/commons/fileupload/portlet/MockPortletActionRequest.java","3","267","The method 'setCharacterEncoding(String)' has a NCSS line count of 2.","Design","NcssCount"
"142","org.apache.commons.fileupload.portlet","/Users/grantnelson/go/src/github.com/apache/commons-fileupload/src/test/java/org/apache/commons/fileupload/portlet/MockPortletActionRequest.java","3","267","The method 'setCharacterEncoding(String)' has a cyclomatic complexity of 1.","Design","CyclomaticComplexity"
"143","org.apache.commons.fileupload.portlet","/Users/grantnelson/go/src/github.com/apache/commons-fileupload/src/test/java/org/apache/commons/fileupload/portlet/MockPortletActionRequest.java","3","267","The method 'setCharacterEncoding(String)' has an NPath complexity of 1, current threshold is 1","Design","NPathComplexity"
"144","org.apache.commons.fileupload.portlet","/Users/grantnelson/go/src/github.com/apache/commons-fileupload/src/test/java/org/apache/commons/fileupload/portlet/MockPortletActionRequest.java","3","267","Avoid long parameter lists (1 parameters - threshold is 1).","Design","ExcessiveParameterList"
"1","org.apache.commons.fileupload.portlet","/Users/grantnelson/go/src/github.com/apache/commons-fileupload/src/test/java/org/apache/commons/fileupload/portlet/PortletFileUploadTest.java","3","40","A value of 3 may denote a high amount of coupling within the class (threshold: 1)","Design","CouplingBetweenObjects"
"2","org.apache.commons.fileupload.portlet","/Users/grantnelson/go/src/github.com/apache/commons-fileupload/src/test/java/org/apache/commons/fileupload/portlet/PortletFileUploadTest.java","3","40","The class 'PortletFileUploadTest' has a NCSS line count of 15 (Highest = 11).","Design","NcssCount"
"3","org.apache.commons.fileupload.portlet","/Users/grantnelson/go/src/github.com/apache/commons-fileupload/src/test/java/org/apache/commons/fileupload/portlet/PortletFileUploadTest.java","3","40","The class 'PortletFileUploadTest' has a total cyclomatic complexity of 2 (highest 1).","Design","CyclomaticComplexity"
"4","org.apache.commons.fileupload.portlet","/Users/grantnelson/go/src/github.com/apache/commons-fileupload/src/test/java/org/apache/commons/fileupload/portlet/PortletFileUploadTest.java","3","40","This class has 2 public methods and attributes; current threshold is 1.","Design","ExcessivePublicCount"
"5","org.apache.commons.fileupload.portlet","/Users/grantnelson/go/src/github.com/apache/commons-fileupload/src/test/java/org/apache/commons/fileupload/portlet/PortletFileUploadTest.java","3","45","The method 'setUp()' has a NCSS line count of 2.","Design","NcssCount"
"6","org.apache.commons.fileupload.portlet","/Users/grantnelson/go/src/github.com/apache/commons-fileupload/src/test/java/org/apache/commons/fileupload/portlet/PortletFileUploadTest.java","3","45","The method 'setUp()' has a cyclomatic complexity of 1.","Design","CyclomaticComplexity"
"7","org.apache.commons.fileupload.portlet","/Users/grantnelson/go/src/github.com/apache/commons-fileupload/src/test/java/org/apache/commons/fileupload/portlet/PortletFileUploadTest.java","3","45","The method 'setUp()' has an NPath complexity of 1, current threshold is 1","Design","NPathComplexity"
"8","org.apache.commons.fileupload.portlet","/Users/grantnelson/go/src/github.com/apache/commons-fileupload/src/test/java/org/apache/commons/fileupload/portlet/PortletFileUploadTest.java","3","50","The method 'parseParameterMap()' has a NCSS line count of 11.","Design","NcssCount"
"9","org.apache.commons.fileupload.portlet","/Users/grantnelson/go/src/github.com/apache/commons-fileupload/src/test/java/org/apache/commons/fileupload/portlet/PortletFileUploadTest.java","3","50","The method 'parseParameterMap()' has a cyclomatic complexity of 1.","Design","CyclomaticComplexity"
"10","org.apache.commons.fileupload.portlet","/Users/grantnelson/go/src/github.com/apache/commons-fileupload/src/test/java/org/apache/commons/fileupload/portlet/PortletFileUploadTest.java","3","50","The method 'parseParameterMap()' has an NPath complexity of 1, current threshold is 1","Design","NPathComplexity"
"1","org.apache.commons.fileupload.servlet","/Users/grantnelson/go/src/github.com/apache/commons-fileupload/src/test/java/org/apache/commons/fileupload/servlet/ServletFileUploadTest.java","3","39","A value of 6 may denote a high amount of coupling within the class (threshold: 1)","Design","CouplingBetweenObjects"
"2","org.apache.commons.fileupload.servlet","/Users/grantnelson/go/src/github.com/apache/commons-fileupload/src/test/java/org/apache/commons/fileupload/servlet/ServletFileUploadTest.java","3","39","The class 'ServletFileUploadTest' has a NCSS line count of 23 (Highest = 12).","Design","NcssCount"
"3","org.apache.commons.fileupload.servlet","/Users/grantnelson/go/src/github.com/apache/commons-fileupload/src/test/java/org/apache/commons/fileupload/servlet/ServletFileUploadTest.java","3","39","The class 'ServletFileUploadTest' has a total cyclomatic complexity of 2 (highest 1).","Design","CyclomaticComplexity"
"4","org.apache.commons.fileupload.servlet","/Users/grantnelson/go/src/github.com/apache/commons-fileupload/src/test/java/org/apache/commons/fileupload/servlet/ServletFileUploadTest.java","3","39","This class has 2 public methods and attributes; current threshold is 1.","Design","ExcessivePublicCount"
"5","org.apache.commons.fileupload.servlet","/Users/grantnelson/go/src/github.com/apache/commons-fileupload/src/test/java/org/apache/commons/fileupload/servlet/ServletFileUploadTest.java","3","45","The method 'parseParameterMap()' has a NCSS line count of 12.","Design","NcssCount"
"6","org.apache.commons.fileupload.servlet","/Users/grantnelson/go/src/github.com/apache/commons-fileupload/src/test/java/org/apache/commons/fileupload/servlet/ServletFileUploadTest.java","3","45","The method 'parseParameterMap()' has a cyclomatic complexity of 1.","Design","CyclomaticComplexity"
"7","org.apache.commons.fileupload.servlet","/Users/grantnelson/go/src/github.com/apache/commons-fileupload/src/test/java/org/apache/commons/fileupload/servlet/ServletFileUploadTest.java","3","45","The method 'parseParameterMap()' has an NPath complexity of 1, current threshold is 1","Design","NPathComplexity"
"8","org.apache.commons.fileupload.servlet","/Users/grantnelson/go/src/github.com/apache/commons-fileupload/src/test/java/org/apache/commons/fileupload/servlet/ServletFileUploadTest.java","3","83","The method 'parseImpliedUtf8()' has a NCSS line count of 10.","Design","NcssCount"
"9","org.apache.commons.fileupload.servlet","/Users/grantnelson/go/src/github.com/apache/commons-fileupload/src/test/java/org/apache/commons/fileupload/servlet/ServletFileUploadTest.java","3","83","The method 'parseImpliedUtf8()' has a cyclomatic complexity of 1.","Design","CyclomaticComplexity"
"10","org.apache.commons.fileupload.servlet","/Users/grantnelson/go/src/github.com/apache/commons-fileupload/src/test/java/org/apache/commons/fileupload/servlet/ServletFileUploadTest.java","3","83","The method 'parseImpliedUtf8()' has an NPath complexity of 1, current threshold is 1","Design","NPathComplexity"
"1","org.apache.commons.fileupload.util.mime","/Users/grantnelson/go/src/github.com/apache/commons-fileupload/src/test/java/org/apache/commons/fileupload/util/mime/Base64DecoderTestCase.java","3","32","The class 'Base64DecoderTestCase' has a NCSS line count of 51 (Highest = 8).","Design","NcssCount"
"2","org.apache.commons.fileupload.util.mime","/Users/grantnelson/go/src/github.com/apache/commons-fileupload/src/test/java/org/apache/commons/fileupload/util/mime/Base64DecoderTestCase.java","3","32","The class 'Base64DecoderTestCase' has a total cyclomatic complexity of 16 (highest 2).","Design","CyclomaticComplexity"
"3","org.apache.commons.fileupload.util.mime","/Users/grantnelson/go/src/github.com/apache/commons-fileupload/src/test/java/org/apache/commons/fileupload/util/mime/Base64DecoderTestCase.java","3","32","This class has 13 public methods and attributes; current threshold is 1.","Design","ExcessivePublicCount"
"4","org.apache.commons.fileupload.util.mime","/Users/grantnelson/go/src/github.com/apache/commons-fileupload/src/test/java/org/apache/commons/fileupload/util/mime/Base64DecoderTestCase.java","3","51","The method 'rfc4648Section10Decode()' has a NCSS line count of 8.","Design","NcssCount"
"5","org.apache.commons.fileupload.util.mime","/Users/grantnelson/go/src/github.com/apache/commons-fileupload/src/test/java/org/apache/commons/fileupload/util/mime/Base64DecoderTestCase.java","3","51","The method 'rfc4648Section10Decode()' has a cyclomatic complexity of 1.","Design","CyclomaticComplexity"
"6","org.apache.commons.fileupload.util.mime","/Users/grantnelson/go/src/github.com/apache/commons-fileupload/src/test/java/org/apache/commons/fileupload/util/mime/Base64DecoderTestCase.java","3","51","The method 'rfc4648Section10Decode()' has an NPath complexity of 1, current threshold is 1","Design","NPathComplexity"
"7","org.apache.commons.fileupload.util.mime","/Users/grantnelson/go/src/github.com/apache/commons-fileupload/src/test/java/org/apache/commons/fileupload/util/mime/Base64DecoderTestCase.java","3","67","The method 'decodeWithInnerPad()' has a NCSS line count of 2.","Design","NcssCount"
"8","org.apache.commons.fileupload.util.mime","/Users/grantnelson/go/src/github.com/apache/commons-fileupload/src/test/java/org/apache/commons/fileupload/util/mime/Base64DecoderTestCase.java","3","67","The method 'decodeWithInnerPad()' has a cyclomatic complexity of 1.","Design","CyclomaticComplexity"
"9","org.apache.commons.fileupload.util.mime","/Users/grantnelson/go/src/github.com/apache/commons-fileupload/src/test/java/org/apache/commons/fileupload/util/mime/Base64DecoderTestCase.java","3","67","The method 'decodeWithInnerPad()' has an NPath complexity of 1, current threshold is 1","Design","NPathComplexity"
"10","org.apache.commons.fileupload.util.mime","/Users/grantnelson/go/src/github.com/apache/commons-fileupload/src/test/java/org/apache/commons/fileupload/util/mime/Base64DecoderTestCase.java","3","75","The method 'nonBase64Bytes()' has a NCSS line count of 2.","Design","NcssCount"
"11","org.apache.commons.fileupload.util.mime","/Users/grantnelson/go/src/github.com/apache/commons-fileupload/src/test/java/org/apache/commons/fileupload/util/mime/Base64DecoderTestCase.java","3","75","The method 'nonBase64Bytes()' has a cyclomatic complexity of 1.","Design","CyclomaticComplexity"
"12","org.apache.commons.fileupload.util.mime","/Users/grantnelson/go/src/github.com/apache/commons-fileupload/src/test/java/org/apache/commons/fileupload/util/mime/Base64DecoderTestCase.java","3","75","The method 'nonBase64Bytes()' has an NPath complexity of 1, current threshold is 1","Design","NPathComplexity"
"13","org.apache.commons.fileupload.util.mime","/Users/grantnelson/go/src/github.com/apache/commons-fileupload/src/test/java/org/apache/commons/fileupload/util/mime/Base64DecoderTestCase.java","3","80","The method 'truncatedString()' has a NCSS line count of 3.","Design","NcssCount"
"14","org.apache.commons.fileupload.util.mime","/Users/grantnelson/go/src/github.com/apache/commons-fileupload/src/test/java/org/apache/commons/fileupload/util/mime/Base64DecoderTestCase.java","3","80","The method 'truncatedString()' has a cyclomatic complexity of 1.","Design","CyclomaticComplexity"
"15","org.apache.commons.fileupload.util.mime","/Users/grantnelson/go/src/github.com/apache/commons-fileupload/src/test/java/org/apache/commons/fileupload/util/mime/Base64DecoderTestCase.java","3","80","The method 'truncatedString()' has an NPath complexity of 1, current threshold is 1","Design","NPathComplexity"
"16","org.apache.commons.fileupload.util.mime","/Users/grantnelson/go/src/github.com/apache/commons-fileupload/src/test/java/org/apache/commons/fileupload/util/mime/Base64DecoderTestCase.java","3","86","The method 'decodeTrailingJunk()' has a NCSS line count of 2.","Design","NcssCount"
"17","org.apache.commons.fileupload.util.mime","/Users/grantnelson/go/src/github.com/apache/commons-fileupload/src/test/java/org/apache/commons/fileupload/util/mime/Base64DecoderTestCase.java","3","86","The method 'decodeTrailingJunk()' has a cyclomatic complexity of 1.","Design","CyclomaticComplexity"
"18","org.apache.commons.fileupload.util.mime","/Users/grantnelson/go/src/github.com/apache/commons-fileupload/src/test/java/org/apache/commons/fileupload/util/mime/Base64DecoderTestCase.java","3","86","The method 'decodeTrailingJunk()' has an NPath complexity of 1, current threshold is 1","Design","NPathComplexity"
"19","org.apache.commons.fileupload.util.mime","/Users/grantnelson/go/src/github.com/apache/commons-fileupload/src/test/java/org/apache/commons/fileupload/util/mime/Base64DecoderTestCase.java","3","92","The method 'decodeTrailing1()' has a NCSS line count of 2.","Design","NcssCount"
"20","org.apache.commons.fileupload.util.mime","/Users/grantnelson/go/src/github.com/apache/commons-fileupload/src/test/java/org/apache/commons/fileupload/util/mime/Base64DecoderTestCase.java","3","92","The method 'decodeTrailing1()' has a cyclomatic complexity of 1.","Design","CyclomaticComplexity"
"21","org.apache.commons.fileupload.util.mime","/Users/grantnelson/go/src/github.com/apache/commons-fileupload/src/test/java/org/apache/commons/fileupload/util/mime/Base64DecoderTestCase.java","3","92","The method 'decodeTrailing1()' has an NPath complexity of 1, current threshold is 1","Design","NPathComplexity"
"22","org.apache.commons.fileupload.util.mime","/Users/grantnelson/go/src/github.com/apache/commons-fileupload/src/test/java/org/apache/commons/fileupload/util/mime/Base64DecoderTestCase.java","3","98","The method 'decodeTrailing2()' has a NCSS line count of 2.","Design","NcssCount"
"23","org.apache.commons.fileupload.util.mime","/Users/grantnelson/go/src/github.com/apache/commons-fileupload/src/test/java/org/apache/commons/fileupload/util/mime/Base64DecoderTestCase.java","3","98","The method 'decodeTrailing2()' has a cyclomatic complexity of 1.","Design","CyclomaticComplexity"
"24","org.apache.commons.fileupload.util.mime","/Users/grantnelson/go/src/github.com/apache/commons-fileupload/src/test/java/org/apache/commons/fileupload/util/mime/Base64DecoderTestCase.java","3","98","The method 'decodeTrailing2()' has an NPath complexity of 1, current threshold is 1","Design","NPathComplexity"
"25","org.apache.commons.fileupload.util.mime","/Users/grantnelson/go/src/github.com/apache/commons-fileupload/src/test/java/org/apache/commons/fileupload/util/mime/Base64DecoderTestCase.java","3","104","The method 'decodeTrailing3()' has a NCSS line count of 2.","Design","NcssCount"
"26","org.apache.commons.fileupload.util.mime","/Users/grantnelson/go/src/github.com/apache/commons-fileupload/src/test/java/org/apache/commons/fileupload/util/mime/Base64DecoderTestCase.java","3","104","The method 'decodeTrailing3()' has a cyclomatic complexity of 1.","Design","CyclomaticComplexity"
"27","org.apache.commons.fileupload.util.mime","/Users/grantnelson/go/src/github.com/apache/commons-fileupload/src/test/java/org/apache/commons/fileupload/util/mime/Base64DecoderTestCase.java","3","104","The method 'decodeTrailing3()' has an NPath complexity of 1, current threshold is 1","Design","NPathComplexity"
"28","org.apache.commons.fileupload.util.mime","/Users/grantnelson/go/src/github.com/apache/commons-fileupload/src/test/java/org/apache/commons/fileupload/util/mime/Base64DecoderTestCase.java","3","109","The method 'badPadding()' has a NCSS line count of 2.","Design","NcssCount"
"29","org.apache.commons.fileupload.util.mime","/Users/grantnelson/go/src/github.com/apache/commons-fileupload/src/test/java/org/apache/commons/fileupload/util/mime/Base64DecoderTestCase.java","3","109","The method 'badPadding()' has a cyclomatic complexity of 1.","Design","CyclomaticComplexity"
"30","org.apache.commons.fileupload.util.mime","/Users/grantnelson/go/src/github.com/apache/commons-fileupload/src/test/java/org/apache/commons/fileupload/util/mime/Base64DecoderTestCase.java","3","109","The method 'badPadding()' has an NPath complexity of 1, current threshold is 1","Design","NPathComplexity"
"31","org.apache.commons.fileupload.util.mime","/Users/grantnelson/go/src/github.com/apache/commons-fileupload/src/test/java/org/apache/commons/fileupload/util/mime/Base64DecoderTestCase.java","3","114","The method 'badPaddingLeading1()' has a NCSS line count of 2.","Design","NcssCount"
"32","org.apache.commons.fileupload.util.mime","/Users/grantnelson/go/src/github.com/apache/commons-fileupload/src/test/java/org/apache/commons/fileupload/util/mime/Base64DecoderTestCase.java","3","114","The method 'badPaddingLeading1()' has a cyclomatic complexity of 1.","Design","CyclomaticComplexity"
"33","org.apache.commons.fileupload.util.mime","/Users/grantnelson/go/src/github.com/apache/commons-fileupload/src/test/java/org/apache/commons/fileupload/util/mime/Base64DecoderTestCase.java","3","114","The method 'badPaddingLeading1()' has an NPath complexity of 1, current threshold is 1","Design","NPathComplexity"
"34","org.apache.commons.fileupload.util.mime","/Users/grantnelson/go/src/github.com/apache/commons-fileupload/src/test/java/org/apache/commons/fileupload/util/mime/Base64DecoderTestCase.java","3","119","The method 'badPaddingLeading2()' has a NCSS line count of 2.","Design","NcssCount"
"35","org.apache.commons.fileupload.util.mime","/Users/grantnelson/go/src/github.com/apache/commons-fileupload/src/test/java/org/apache/commons/fileupload/util/mime/Base64DecoderTestCase.java","3","119","The method 'badPaddingLeading2()' has a cyclomatic complexity of 1.","Design","CyclomaticComplexity"
"36","org.apache.commons.fileupload.util.mime","/Users/grantnelson/go/src/github.com/apache/commons-fileupload/src/test/java/org/apache/commons/fileupload/util/mime/Base64DecoderTestCase.java","3","119","The method 'badPaddingLeading2()' has an NPath complexity of 1, current threshold is 1","Design","NPathComplexity"
"37","org.apache.commons.fileupload.util.mime","/Users/grantnelson/go/src/github.com/apache/commons-fileupload/src/test/java/org/apache/commons/fileupload/util/mime/Base64DecoderTestCase.java","3","127","The method 'badLength()' has a NCSS line count of 2.","Design","NcssCount"
"38","org.apache.commons.fileupload.util.mime","/Users/grantnelson/go/src/github.com/apache/commons-fileupload/src/test/java/org/apache/commons/fileupload/util/mime/Base64DecoderTestCase.java","3","127","The method 'badLength()' has a cyclomatic complexity of 1.","Design","CyclomaticComplexity"
"39","org.apache.commons.fileupload.util.mime","/Users/grantnelson/go/src/github.com/apache/commons-fileupload/src/test/java/org/apache/commons/fileupload/util/mime/Base64DecoderTestCase.java","3","127","The method 'badLength()' has an NPath complexity of 1, current threshold is 1","Design","NPathComplexity"
"40","org.apache.commons.fileupload.util.mime","/Users/grantnelson/go/src/github.com/apache/commons-fileupload/src/test/java/org/apache/commons/fileupload/util/mime/Base64DecoderTestCase.java","3","135","The method 'nonASCIIcharacter()' has a NCSS line count of 3.","Design","NcssCount"
"41","org.apache.commons.fileupload.util.mime","/Users/grantnelson/go/src/github.com/apache/commons-fileupload/src/test/java/org/apache/commons/fileupload/util/mime/Base64DecoderTestCase.java","3","135","The method 'nonASCIIcharacter()' has a cyclomatic complexity of 1.","Design","CyclomaticComplexity"
"42","org.apache.commons.fileupload.util.mime","/Users/grantnelson/go/src/github.com/apache/commons-fileupload/src/test/java/org/apache/commons/fileupload/util/mime/Base64DecoderTestCase.java","3","135","The method 'nonASCIIcharacter()' has an NPath complexity of 1, current threshold is 1","Design","NPathComplexity"
"43","org.apache.commons.fileupload.util.mime","/Users/grantnelson/go/src/github.com/apache/commons-fileupload/src/test/java/org/apache/commons/fileupload/util/mime/Base64DecoderTestCase.java","3","140","The method 'assertEncoded(String, String)' has a NCSS line count of 7.","Design","NcssCount"
"44","org.apache.commons.fileupload.util.mime","/Users/grantnelson/go/src/github.com/apache/commons-fileupload/src/test/java/org/apache/commons/fileupload/util/mime/Base64DecoderTestCase.java","3","140","The method 'assertEncoded(String, String)' has a cyclomatic complexity of 1.","Design","CyclomaticComplexity"
"45","org.apache.commons.fileupload.util.mime","/Users/grantnelson/go/src/github.com/apache/commons-fileupload/src/test/java/org/apache/commons/fileupload/util/mime/Base64DecoderTestCase.java","3","140","The method 'assertEncoded(String, String)' has an NPath complexity of 1, current threshold is 1","Design","NPathComplexity"
"46","org.apache.commons.fileupload.util.mime","/Users/grantnelson/go/src/github.com/apache/commons-fileupload/src/test/java/org/apache/commons/fileupload/util/mime/Base64DecoderTestCase.java","3","140","Avoid long parameter lists (2 parameters - threshold is 1).","Design","ExcessiveParameterList"
"47","org.apache.commons.fileupload.util.mime","/Users/grantnelson/go/src/github.com/apache/commons-fileupload/src/test/java/org/apache/commons/fileupload/util/mime/Base64DecoderTestCase.java","3","151","The method 'assertIOException(String, String)' has a NCSS line count of 8.","Design","NcssCount"
"48","org.apache.commons.fileupload.util.mime","/Users/grantnelson/go/src/github.com/apache/commons-fileupload/src/test/java/org/apache/commons/fileupload/util/mime/Base64DecoderTestCase.java","3","151","The method 'assertIOException(String, String)' has a cognitive complexity of 1, current threshold is 1","Design","CognitiveComplexity"
"49","org.apache.commons.fileupload.util.mime","/Users/grantnelson/go/src/github.com/apache/commons-fileupload/src/test/java/org/apache/commons/fileupload/util/mime/Base64DecoderTestCase.java","3","151","The method 'assertIOException(String, String)' has a cyclomatic complexity of 2.","Design","CyclomaticComplexity"
"50","org.apache.commons.fileupload.util.mime","/Users/grantnelson/go/src/github.com/apache/commons-fileupload/src/test/java/org/apache/commons/fileupload/util/mime/Base64DecoderTestCase.java","3","151","The method 'assertIOException(String, String)' has an NPath complexity of 1, current threshold is 1","Design","NPathComplexity"
"51","org.apache.commons.fileupload.util.mime","/Users/grantnelson/go/src/github.com/apache/commons-fileupload/src/test/java/org/apache/commons/fileupload/util/mime/Base64DecoderTestCase.java","3","151","Avoid long parameter lists (2 parameters - threshold is 1).","Design","ExcessiveParameterList"
"1","org.apache.commons.fileupload.util.mime","/Users/grantnelson/go/src/github.com/apache/commons-fileupload/src/test/java/org/apache/commons/fileupload/util/mime/MimeUtilityTestCase.java","3","32","The class 'MimeUtilityTestCase' has a NCSS line count of 15 (Highest = 2).","Design","NcssCount"
"2","org.apache.commons.fileupload.util.mime","/Users/grantnelson/go/src/github.com/apache/commons-fileupload/src/test/java/org/apache/commons/fileupload/util/mime/MimeUtilityTestCase.java","3","32","The class 'MimeUtilityTestCase' has a total cyclomatic complexity of 7 (highest 1).","Design","CyclomaticComplexity"
"3","org.apache.commons.fileupload.util.mime","/Users/grantnelson/go/src/github.com/apache/commons-fileupload/src/test/java/org/apache/commons/fileupload/util/mime/MimeUtilityTestCase.java","3","32","This class has 6 public methods and attributes; current threshold is 1.","Design","ExcessivePublicCount"
"4","org.apache.commons.fileupload.util.mime","/Users/grantnelson/go/src/github.com/apache/commons-fileupload/src/test/java/org/apache/commons/fileupload/util/mime/MimeUtilityTestCase.java","3","35","The method 'noNeedToDecode()' has a NCSS line count of 2.","Design","NcssCount"
"5","org.apache.commons.fileupload.util.mime","/Users/grantnelson/go/src/github.com/apache/commons-fileupload/src/test/java/org/apache/commons/fileupload/util/mime/MimeUtilityTestCase.java","3","35","The method 'noNeedToDecode()' has a cyclomatic complexity of 1.","Design","CyclomaticComplexity"
"6","org.apache.commons.fileupload.util.mime","/Users/grantnelson/go/src/github.com/apache/commons-fileupload/src/test/java/org/apache/commons/fileupload/util/mime/MimeUtilityTestCase.java","3","35","The method 'noNeedToDecode()' has an NPath complexity of 1, current threshold is 1","Design","NPathComplexity"
"7","org.apache.commons.fileupload.util.mime","/Users/grantnelson/go/src/github.com/apache/commons-fileupload/src/test/java/org/apache/commons/fileupload/util/mime/MimeUtilityTestCase.java","3","40","The method 'decodeUtf8QuotedPrintableEncoded()' has a NCSS line count of 2.","Design","NcssCount"
"8","org.apache.commons.fileupload.util.mime","/Users/grantnelson/go/src/github.com/apache/commons-fileupload/src/test/java/org/apache/commons/fileupload/util/mime/MimeUtilityTestCase.java","3","40","The method 'decodeUtf8QuotedPrintableEncoded()' has a cyclomatic complexity of 1.","Design","CyclomaticComplexity"
"9","org.apache.commons.fileupload.util.mime","/Users/grantnelson/go/src/github.com/apache/commons-fileupload/src/test/java/org/apache/commons/fileupload/util/mime/MimeUtilityTestCase.java","3","40","The method 'decodeUtf8QuotedPrintableEncoded()' has an NPath complexity of 1, current threshold is 1","Design","NPathComplexity"
"10","org.apache.commons.fileupload.util.mime","/Users/grantnelson/go/src/github.com/apache/commons-fileupload/src/test/java/org/apache/commons/fileupload/util/mime/MimeUtilityTestCase.java","3","45","The method 'decodeUtf8Base64Encoded()' has a NCSS line count of 2.","Design","NcssCount"
"11","org.apache.commons.fileupload.util.mime","/Users/grantnelson/go/src/github.com/apache/commons-fileupload/src/test/java/org/apache/commons/fileupload/util/mime/MimeUtilityTestCase.java","3","45","The method 'decodeUtf8Base64Encoded()' has a cyclomatic complexity of 1.","Design","CyclomaticComplexity"
"12","org.apache.commons.fileupload.util.mime","/Users/grantnelson/go/src/github.com/apache/commons-fileupload/src/test/java/org/apache/commons/fileupload/util/mime/MimeUtilityTestCase.java","3","45","The method 'decodeUtf8Base64Encoded()' has an NPath complexity of 1, current threshold is 1","Design","NPathComplexity"
"13","org.apache.commons.fileupload.util.mime","/Users/grantnelson/go/src/github.com/apache/commons-fileupload/src/test/java/org/apache/commons/fileupload/util/mime/MimeUtilityTestCase.java","3","50","The method 'decodeIso88591Base64Encoded()' has a NCSS line count of 2.","Design","NcssCount"
"14","org.apache.commons.fileupload.util.mime","/Users/grantnelson/go/src/github.com/apache/commons-fileupload/src/test/java/org/apache/commons/fileupload/util/mime/MimeUtilityTestCase.java","3","50","The method 'decodeIso88591Base64Encoded()' has a cyclomatic complexity of 1.","Design","CyclomaticComplexity"
"15","org.apache.commons.fileupload.util.mime","/Users/grantnelson/go/src/github.com/apache/commons-fileupload/src/test/java/org/apache/commons/fileupload/util/mime/MimeUtilityTestCase.java","3","50","The method 'decodeIso88591Base64Encoded()' has an NPath complexity of 1, current threshold is 1","Design","NPathComplexity"
"16","org.apache.commons.fileupload.util.mime","/Users/grantnelson/go/src/github.com/apache/commons-fileupload/src/test/java/org/apache/commons/fileupload/util/mime/MimeUtilityTestCase.java","3","56","The method 'decodeIso88591Base64EncodedWithWhiteSpace()' has a NCSS line count of 2.","Design","NcssCount"
"17","org.apache.commons.fileupload.util.mime","/Users/grantnelson/go/src/github.com/apache/commons-fileupload/src/test/java/org/apache/commons/fileupload/util/mime/MimeUtilityTestCase.java","3","56","The method 'decodeIso88591Base64EncodedWithWhiteSpace()' has a cyclomatic complexity of 1.","Design","CyclomaticComplexity"
"18","org.apache.commons.fileupload.util.mime","/Users/grantnelson/go/src/github.com/apache/commons-fileupload/src/test/java/org/apache/commons/fileupload/util/mime/MimeUtilityTestCase.java","3","56","The method 'decodeIso88591Base64EncodedWithWhiteSpace()' has an NPath complexity of 1, current threshold is 1","Design","NPathComplexity"
"19","org.apache.commons.fileupload.util.mime","/Users/grantnelson/go/src/github.com/apache/commons-fileupload/src/test/java/org/apache/commons/fileupload/util/mime/MimeUtilityTestCase.java","3","61","The method 'assertEncoded(String, String)' has a NCSS line count of 2.","Design","NcssCount"
"20","org.apache.commons.fileupload.util.mime","/Users/grantnelson/go/src/github.com/apache/commons-fileupload/src/test/java/org/apache/commons/fileupload/util/mime/MimeUtilityTestCase.java","3","61","The method 'assertEncoded(String, String)' has a cyclomatic complexity of 1.","Design","CyclomaticComplexity"
"21","org.apache.commons.fileupload.util.mime","/Users/grantnelson/go/src/github.com/apache/commons-fileupload/src/test/java/org/apache/commons/fileupload/util/mime/MimeUtilityTestCase.java","3","61","The method 'assertEncoded(String, String)' has an NPath complexity of 1, current threshold is 1","Design","NPathComplexity"
"22","org.apache.commons.fileupload.util.mime","/Users/grantnelson/go/src/github.com/apache/commons-fileupload/src/test/java/org/apache/commons/fileupload/util/mime/MimeUtilityTestCase.java","3","61","Avoid long parameter lists (2 parameters - threshold is 1).","Design","ExcessiveParameterList"
"23","org.apache.commons.fileupload.util.mime","/Users/grantnelson/go/src/github.com/apache/commons-fileupload/src/test/java/org/apache/commons/fileupload/util/mime/MimeUtilityTestCase.java","3","66","The method 'decodeInvalidEncoding()' has a NCSS line count of 2.","Design","NcssCount"
"24","org.apache.commons.fileupload.util.mime","/Users/grantnelson/go/src/github.com/apache/commons-fileupload/src/test/java/org/apache/commons/fileupload/util/mime/MimeUtilityTestCase.java","3","66","The method 'decodeInvalidEncoding()' has a cyclomatic complexity of 1.","Design","CyclomaticComplexity"
"25","org.apache.commons.fileupload.util.mime","/Users/grantnelson/go/src/github.com/apache/commons-fileupload/src/test/java/org/apache/commons/fileupload/util/mime/MimeUtilityTestCase.java","3","66","The method 'decodeInvalidEncoding()' has an NPath complexity of 1, current threshold is 1","Design","NPathComplexity"
"1","org.apache.commons.fileupload.util.mime","/Users/grantnelson/go/src/github.com/apache/commons-fileupload/src/test/java/org/apache/commons/fileupload/util/mime/QuotedPrintableDecoderTestCase.java","3","32","The class 'QuotedPrintableDecoderTestCase' has a NCSS line count of 39 (Highest = 8).","Design","NcssCount"
"2","org.apache.commons.fileupload.util.mime","/Users/grantnelson/go/src/github.com/apache/commons-fileupload/src/test/java/org/apache/commons/fileupload/util/mime/QuotedPrintableDecoderTestCase.java","3","32","The class 'QuotedPrintableDecoderTestCase' has a total cyclomatic complexity of 14 (highest 2).","Design","CyclomaticComplexity"
"3","org.apache.commons.fileupload.util.mime","/Users/grantnelson/go/src/github.com/apache/commons-fileupload/src/test/java/org/apache/commons/fileupload/util/mime/QuotedPrintableDecoderTestCase.java","3","32","This class has 11 public methods and attributes; current threshold is 1.","Design","ExcessivePublicCount"
"4","org.apache.commons.fileupload.util.mime","/Users/grantnelson/go/src/github.com/apache/commons-fileupload/src/test/java/org/apache/commons/fileupload/util/mime/QuotedPrintableDecoderTestCase.java","3","37","The method 'emptyDecode()' has a NCSS line count of 2.","Design","NcssCount"
"5","org.apache.commons.fileupload.util.mime","/Users/grantnelson/go/src/github.com/apache/commons-fileupload/src/test/java/org/apache/commons/fileupload/util/mime/QuotedPrintableDecoderTestCase.java","3","37","The method 'emptyDecode()' has a cyclomatic complexity of 1.","Design","CyclomaticComplexity"
"6","org.apache.commons.fileupload.util.mime","/Users/grantnelson/go/src/github.com/apache/commons-fileupload/src/test/java/org/apache/commons/fileupload/util/mime/QuotedPrintableDecoderTestCase.java","3","37","The method 'emptyDecode()' has an NPath complexity of 1, current threshold is 1","Design","NPathComplexity"
"7","org.apache.commons.fileupload.util.mime","/Users/grantnelson/go/src/github.com/apache/commons-fileupload/src/test/java/org/apache/commons/fileupload/util/mime/QuotedPrintableDecoderTestCase.java","3","42","The method 'plainDecode()' has a NCSS line count of 2.","Design","NcssCount"
"8","org.apache.commons.fileupload.util.mime","/Users/grantnelson/go/src/github.com/apache/commons-fileupload/src/test/java/org/apache/commons/fileupload/util/mime/QuotedPrintableDecoderTestCase.java","3","42","The method 'plainDecode()' has a cyclomatic complexity of 1.","Design","CyclomaticComplexity"
"9","org.apache.commons.fileupload.util.mime","/Users/grantnelson/go/src/github.com/apache/commons-fileupload/src/test/java/org/apache/commons/fileupload/util/mime/QuotedPrintableDecoderTestCase.java","3","42","The method 'plainDecode()' has an NPath complexity of 1, current threshold is 1","Design","NPathComplexity"
"10","org.apache.commons.fileupload.util.mime","/Users/grantnelson/go/src/github.com/apache/commons-fileupload/src/test/java/org/apache/commons/fileupload/util/mime/QuotedPrintableDecoderTestCase.java","3","49","The method 'basicEncodeDecode()' has a NCSS line count of 2.","Design","NcssCount"
"11","org.apache.commons.fileupload.util.mime","/Users/grantnelson/go/src/github.com/apache/commons-fileupload/src/test/java/org/apache/commons/fileupload/util/mime/QuotedPrintableDecoderTestCase.java","3","49","The method 'basicEncodeDecode()' has a cyclomatic complexity of 1.","Design","CyclomaticComplexity"
"12","org.apache.commons.fileupload.util.mime","/Users/grantnelson/go/src/github.com/apache/commons-fileupload/src/test/java/org/apache/commons/fileupload/util/mime/QuotedPrintableDecoderTestCase.java","3","49","The method 'basicEncodeDecode()' has an NPath complexity of 1, current threshold is 1","Design","NPathComplexity"
"13","org.apache.commons.fileupload.util.mime","/Users/grantnelson/go/src/github.com/apache/commons-fileupload/src/test/java/org/apache/commons/fileupload/util/mime/QuotedPrintableDecoderTestCase.java","3","54","The method 'invalidQuotedPrintableEncoding()' has a NCSS line count of 2.","Design","NcssCount"
"14","org.apache.commons.fileupload.util.mime","/Users/grantnelson/go/src/github.com/apache/commons-fileupload/src/test/java/org/apache/commons/fileupload/util/mime/QuotedPrintableDecoderTestCase.java","3","54","The method 'invalidQuotedPrintableEncoding()' has a cyclomatic complexity of 1.","Design","CyclomaticComplexity"
"15","org.apache.commons.fileupload.util.mime","/Users/grantnelson/go/src/github.com/apache/commons-fileupload/src/test/java/org/apache/commons/fileupload/util/mime/QuotedPrintableDecoderTestCase.java","3","54","The method 'invalidQuotedPrintableEncoding()' has an NPath complexity of 1, current threshold is 1","Design","NPathComplexity"
"16","org.apache.commons.fileupload.util.mime","/Users/grantnelson/go/src/github.com/apache/commons-fileupload/src/test/java/org/apache/commons/fileupload/util/mime/QuotedPrintableDecoderTestCase.java","3","59","The method 'unsafeDecode()' has a NCSS line count of 2.","Design","NcssCount"
"17","org.apache.commons.fileupload.util.mime","/Users/grantnelson/go/src/github.com/apache/commons-fileupload/src/test/java/org/apache/commons/fileupload/util/mime/QuotedPrintableDecoderTestCase.java","3","59","The method 'unsafeDecode()' has a cyclomatic complexity of 1.","Design","CyclomaticComplexity"
"18","org.apache.commons.fileupload.util.mime","/Users/grantnelson/go/src/github.com/apache/commons-fileupload/src/test/java/org/apache/commons/fileupload/util/mime/QuotedPrintableDecoderTestCase.java","3","59","The method 'unsafeDecode()' has an NPath complexity of 1, current threshold is 1","Design","NPathComplexity"
"19","org.apache.commons.fileupload.util.mime","/Users/grantnelson/go/src/github.com/apache/commons-fileupload/src/test/java/org/apache/commons/fileupload/util/mime/QuotedPrintableDecoderTestCase.java","3","64","The method 'unsafeDecodeLowerCase()' has a NCSS line count of 2.","Design","NcssCount"
"20","org.apache.commons.fileupload.util.mime","/Users/grantnelson/go/src/github.com/apache/commons-fileupload/src/test/java/org/apache/commons/fileupload/util/mime/QuotedPrintableDecoderTestCase.java","3","64","The method 'unsafeDecodeLowerCase()' has a cyclomatic complexity of 1.","Design","CyclomaticComplexity"
"21","org.apache.commons.fileupload.util.mime","/Users/grantnelson/go/src/github.com/apache/commons-fileupload/src/test/java/org/apache/commons/fileupload/util/mime/QuotedPrintableDecoderTestCase.java","3","64","The method 'unsafeDecodeLowerCase()' has an NPath complexity of 1, current threshold is 1","Design","NPathComplexity"
"22","org.apache.commons.fileupload.util.mime","/Users/grantnelson/go/src/github.com/apache/commons-fileupload/src/test/java/org/apache/commons/fileupload/util/mime/QuotedPrintableDecoderTestCase.java","3","69","The method 'invalidCharDecode()' has a NCSS line count of 2.","Design","NcssCount"
"23","org.apache.commons.fileupload.util.mime","/Users/grantnelson/go/src/github.com/apache/commons-fileupload/src/test/java/org/apache/commons/fileupload/util/mime/QuotedPrintableDecoderTestCase.java","3","69","The method 'invalidCharDecode()' has a cyclomatic complexity of 1.","Design","CyclomaticComplexity"
"24","org.apache.commons.fileupload.util.mime","/Users/grantnelson/go/src/github.com/apache/commons-fileupload/src/test/java/org/apache/commons/fileupload/util/mime/QuotedPrintableDecoderTestCase.java","3","69","The method 'invalidCharDecode()' has an NPath complexity of 1, current threshold is 1","Design","NPathComplexity"
"25","org.apache.commons.fileupload.util.mime","/Users/grantnelson/go/src/github.com/apache/commons-fileupload/src/test/java/org/apache/commons/fileupload/util/mime/QuotedPrintableDecoderTestCase.java","3","80","The method 'softLineBreakDecode()' has a NCSS line count of 2.","Design","NcssCount"
"26","org.apache.commons.fileupload.util.mime","/Users/grantnelson/go/src/github.com/apache/commons-fileupload/src/test/java/org/apache/commons/fileupload/util/mime/QuotedPrintableDecoderTestCase.java","3","80","The method 'softLineBreakDecode()' has a cyclomatic complexity of 1.","Design","CyclomaticComplexity"
"27","org.apache.commons.fileupload.util.mime","/Users/grantnelson/go/src/github.com/apache/commons-fileupload/src/test/java/org/apache/commons/fileupload/util/mime/QuotedPrintableDecoderTestCase.java","3","80","The method 'softLineBreakDecode()' has an NPath complexity of 1, current threshold is 1","Design","NPathComplexity"
"28","org.apache.commons.fileupload.util.mime","/Users/grantnelson/go/src/github.com/apache/commons-fileupload/src/test/java/org/apache/commons/fileupload/util/mime/QuotedPrintableDecoderTestCase.java","3","86","The method 'invalidSoftBreak1()' has a NCSS line count of 2.","Design","NcssCount"
"29","org.apache.commons.fileupload.util.mime","/Users/grantnelson/go/src/github.com/apache/commons-fileupload/src/test/java/org/apache/commons/fileupload/util/mime/QuotedPrintableDecoderTestCase.java","3","86","The method 'invalidSoftBreak1()' has a cyclomatic complexity of 1.","Design","CyclomaticComplexity"
"30","org.apache.commons.fileupload.util.mime","/Users/grantnelson/go/src/github.com/apache/commons-fileupload/src/test/java/org/apache/commons/fileupload/util/mime/QuotedPrintableDecoderTestCase.java","3","86","The method 'invalidSoftBreak1()' has an NPath complexity of 1, current threshold is 1","Design","NPathComplexity"
"31","org.apache.commons.fileupload.util.mime","/Users/grantnelson/go/src/github.com/apache/commons-fileupload/src/test/java/org/apache/commons/fileupload/util/mime/QuotedPrintableDecoderTestCase.java","3","91","The method 'invalidSoftBreak2()' has a NCSS line count of 2.","Design","NcssCount"
"32","org.apache.commons.fileupload.util.mime","/Users/grantnelson/go/src/github.com/apache/commons-fileupload/src/test/java/org/apache/commons/fileupload/util/mime/QuotedPrintableDecoderTestCase.java","3","91","The method 'invalidSoftBreak2()' has a cyclomatic complexity of 1.","Design","CyclomaticComplexity"
"33","org.apache.commons.fileupload.util.mime","/Users/grantnelson/go/src/github.com/apache/commons-fileupload/src/test/java/org/apache/commons/fileupload/util/mime/QuotedPrintableDecoderTestCase.java","3","91","The method 'invalidSoftBreak2()' has an NPath complexity of 1, current threshold is 1","Design","NPathComplexity"
"34","org.apache.commons.fileupload.util.mime","/Users/grantnelson/go/src/github.com/apache/commons-fileupload/src/test/java/org/apache/commons/fileupload/util/mime/QuotedPrintableDecoderTestCase.java","3","96","The method 'truncatedEscape()' has a NCSS line count of 2.","Design","NcssCount"
"35","org.apache.commons.fileupload.util.mime","/Users/grantnelson/go/src/github.com/apache/commons-fileupload/src/test/java/org/apache/commons/fileupload/util/mime/QuotedPrintableDecoderTestCase.java","3","96","The method 'truncatedEscape()' has a cyclomatic complexity of 1.","Design","CyclomaticComplexity"
"36","org.apache.commons.fileupload.util.mime","/Users/grantnelson/go/src/github.com/apache/commons-fileupload/src/test/java/org/apache/commons/fileupload/util/mime/QuotedPrintableDecoderTestCase.java","3","96","The method 'truncatedEscape()' has an NPath complexity of 1, current threshold is 1","Design","NPathComplexity"
"37","org.apache.commons.fileupload.util.mime","/Users/grantnelson/go/src/github.com/apache/commons-fileupload/src/test/java/org/apache/commons/fileupload/util/mime/QuotedPrintableDecoderTestCase.java","3","100","The method 'assertEncoded(String, String)' has a NCSS line count of 7.","Design","NcssCount"
"38","org.apache.commons.fileupload.util.mime","/Users/grantnelson/go/src/github.com/apache/commons-fileupload/src/test/java/org/apache/commons/fileupload/util/mime/QuotedPrintableDecoderTestCase.java","3","100","The method 'assertEncoded(String, String)' has a cyclomatic complexity of 1.","Design","CyclomaticComplexity"
"39","org.apache.commons.fileupload.util.mime","/Users/grantnelson/go/src/github.com/apache/commons-fileupload/src/test/java/org/apache/commons/fileupload/util/mime/QuotedPrintableDecoderTestCase.java","3","100","The method 'assertEncoded(String, String)' has an NPath complexity of 1, current threshold is 1","Design","NPathComplexity"
"40","org.apache.commons.fileupload.util.mime","/Users/grantnelson/go/src/github.com/apache/commons-fileupload/src/test/java/org/apache/commons/fileupload/util/mime/QuotedPrintableDecoderTestCase.java","3","100","Avoid long parameter lists (2 parameters - threshold is 1).","Design","ExcessiveParameterList"
"41","org.apache.commons.fileupload.util.mime","/Users/grantnelson/go/src/github.com/apache/commons-fileupload/src/test/java/org/apache/commons/fileupload/util/mime/QuotedPrintableDecoderTestCase.java","3","111","The method 'assertIOException(String, String)' has a NCSS line count of 8.","Design","NcssCount"
"42","org.apache.commons.fileupload.util.mime","/Users/grantnelson/go/src/github.com/apache/commons-fileupload/src/test/java/org/apache/commons/fileupload/util/mime/QuotedPrintableDecoderTestCase.java","3","111","The method 'assertIOException(String, String)' has a cognitive complexity of 1, current threshold is 1","Design","CognitiveComplexity"
"43","org.apache.commons.fileupload.util.mime","/Users/grantnelson/go/src/github.com/apache/commons-fileupload/src/test/java/org/apache/commons/fileupload/util/mime/QuotedPrintableDecoderTestCase.java","3","111","The method 'assertIOException(String, String)' has a cyclomatic complexity of 2.","Design","CyclomaticComplexity"
"44","org.apache.commons.fileupload.util.mime","/Users/grantnelson/go/src/github.com/apache/commons-fileupload/src/test/java/org/apache/commons/fileupload/util/mime/QuotedPrintableDecoderTestCase.java","3","111","The method 'assertIOException(String, String)' has an NPath complexity of 1, current threshold is 1","Design","NPathComplexity"
"45","org.apache.commons.fileupload.util.mime","/Users/grantnelson/go/src/github.com/apache/commons-fileupload/src/test/java/org/apache/commons/fileupload/util/mime/QuotedPrintableDecoderTestCase.java","3","111","Avoid long parameter lists (2 parameters - threshold is 1).","Design","ExcessiveParameterList"
