"Problem","Package","File","Priority","Line","Description","Rule set","Rule"
"1","org.apache.commons.exec","/Users/grantnelson/go/src/github.com/apache/commons-exec/src/main/java/org/apache/commons/exec/CommandLine.java","3","37","A value of 8 may denote a high amount of coupling within the class (threshold: 1)","Design","CouplingBetweenObjects"
"2","org.apache.commons.exec","/Users/grantnelson/go/src/github.com/apache/commons-exec/src/main/java/org/apache/commons/exec/CommandLine.java","3","37","Possible God Class (WMC=56, ATFD=11, TCC=2.614%)","Design","GodClass"
"3","org.apache.commons.exec","/Users/grantnelson/go/src/github.com/apache/commons-exec/src/main/java/org/apache/commons/exec/CommandLine.java","3","37","The class 'CommandLine' has a NCSS line count of 154 (Highest = 49).","Design","NcssCount"
"4","org.apache.commons.exec","/Users/grantnelson/go/src/github.com/apache/commons-exec/src/main/java/org/apache/commons/exec/CommandLine.java","3","37","The class 'CommandLine' has a total cyclomatic complexity of 56 (highest 18).","Design","CyclomaticComplexity"
"5","org.apache.commons.exec","/Users/grantnelson/go/src/github.com/apache/commons-exec/src/main/java/org/apache/commons/exec/CommandLine.java","3","37","This class has 18 public methods and attributes; current threshold is 1.","Design","ExcessivePublicCount"
"6","org.apache.commons.exec","/Users/grantnelson/go/src/github.com/apache/commons-exec/src/main/java/org/apache/commons/exec/CommandLine.java","3","66","The method 'parse(String)' has a NCSS line count of 2.","Design","NcssCount"
"7","org.apache.commons.exec","/Users/grantnelson/go/src/github.com/apache/commons-exec/src/main/java/org/apache/commons/exec/CommandLine.java","3","66","The method 'parse(String)' has a cyclomatic complexity of 1.","Design","CyclomaticComplexity"
"8","org.apache.commons.exec","/Users/grantnelson/go/src/github.com/apache/commons-exec/src/main/java/org/apache/commons/exec/CommandLine.java","3","66","The method 'parse(String)' has an NPath complexity of 1, current threshold is 1","Design","NPathComplexity"
"9","org.apache.commons.exec","/Users/grantnelson/go/src/github.com/apache/commons-exec/src/main/java/org/apache/commons/exec/CommandLine.java","3","66","Avoid long parameter lists (1 parameters - threshold is 1).","Design","ExcessiveParameterList"
"10","org.apache.commons.exec","/Users/grantnelson/go/src/github.com/apache/commons-exec/src/main/java/org/apache/commons/exec/CommandLine.java","3","78","The method 'parse(String, Map<String, ?>)' has a NCSS line count of 13.","Design","NcssCount"
"11","org.apache.commons.exec","/Users/grantnelson/go/src/github.com/apache/commons-exec/src/main/java/org/apache/commons/exec/CommandLine.java","3","78","The method 'parse(String, Map<String, ?>)' has a cognitive complexity of 6, current threshold is 1","Design","CognitiveComplexity"
"12","org.apache.commons.exec","/Users/grantnelson/go/src/github.com/apache/commons-exec/src/main/java/org/apache/commons/exec/CommandLine.java","3","78","The method 'parse(String, Map<String, ?>)' has a cyclomatic complexity of 6.","Design","CyclomaticComplexity"
"13","org.apache.commons.exec","/Users/grantnelson/go/src/github.com/apache/commons-exec/src/main/java/org/apache/commons/exec/CommandLine.java","3","78","The method 'parse(String, Map<String, ?>)' has an NPath complexity of 4, current threshold is 1","Design","NPathComplexity"
"14","org.apache.commons.exec","/Users/grantnelson/go/src/github.com/apache/commons-exec/src/main/java/org/apache/commons/exec/CommandLine.java","3","78","Avoid long parameter lists (2 parameters - threshold is 1).","Design","ExcessiveParameterList"
"15","org.apache.commons.exec","/Users/grantnelson/go/src/github.com/apache/commons-exec/src/main/java/org/apache/commons/exec/CommandLine.java","3","102","The constructor 'CommandLine(String)' has a NCSS line count of 3.","Design","NcssCount"
"16","org.apache.commons.exec","/Users/grantnelson/go/src/github.com/apache/commons-exec/src/main/java/org/apache/commons/exec/CommandLine.java","3","102","The constructor 'CommandLine(String)' has a cyclomatic complexity of 1.","Design","CyclomaticComplexity"
"17","org.apache.commons.exec","/Users/grantnelson/go/src/github.com/apache/commons-exec/src/main/java/org/apache/commons/exec/CommandLine.java","3","102","The constructor 'CommandLine(String)' has an NPath complexity of 1, current threshold is 1","Design","NPathComplexity"
"18","org.apache.commons.exec","/Users/grantnelson/go/src/github.com/apache/commons-exec/src/main/java/org/apache/commons/exec/CommandLine.java","3","102","Avoid long parameter lists (1 parameters - threshold is 1).","Design","ExcessiveParameterList"
"19","org.apache.commons.exec","/Users/grantnelson/go/src/github.com/apache/commons-exec/src/main/java/org/apache/commons/exec/CommandLine.java","3","112","The constructor 'CommandLine(File)' has a NCSS line count of 3.","Design","NcssCount"
"20","org.apache.commons.exec","/Users/grantnelson/go/src/github.com/apache/commons-exec/src/main/java/org/apache/commons/exec/CommandLine.java","3","112","The constructor 'CommandLine(File)' has a cyclomatic complexity of 1.","Design","CyclomaticComplexity"
"21","org.apache.commons.exec","/Users/grantnelson/go/src/github.com/apache/commons-exec/src/main/java/org/apache/commons/exec/CommandLine.java","3","112","The constructor 'CommandLine(File)' has an NPath complexity of 1, current threshold is 1","Design","NPathComplexity"
"22","org.apache.commons.exec","/Users/grantnelson/go/src/github.com/apache/commons-exec/src/main/java/org/apache/commons/exec/CommandLine.java","3","112","Avoid long parameter lists (1 parameters - threshold is 1).","Design","ExcessiveParameterList"
"23","org.apache.commons.exec","/Users/grantnelson/go/src/github.com/apache/commons-exec/src/main/java/org/apache/commons/exec/CommandLine.java","3","122","The constructor 'CommandLine(CommandLine)' has a NCSS line count of 11.","Design","NcssCount"
"24","org.apache.commons.exec","/Users/grantnelson/go/src/github.com/apache/commons-exec/src/main/java/org/apache/commons/exec/CommandLine.java","3","122","The constructor 'CommandLine(CommandLine)' has a cognitive complexity of 3, current threshold is 1","Design","CognitiveComplexity"
"25","org.apache.commons.exec","/Users/grantnelson/go/src/github.com/apache/commons-exec/src/main/java/org/apache/commons/exec/CommandLine.java","3","122","The constructor 'CommandLine(CommandLine)' has a cyclomatic complexity of 3.","Design","CyclomaticComplexity"
"26","org.apache.commons.exec","/Users/grantnelson/go/src/github.com/apache/commons-exec/src/main/java/org/apache/commons/exec/CommandLine.java","3","122","The constructor 'CommandLine(CommandLine)' has an NPath complexity of 3, current threshold is 1","Design","NPathComplexity"
"27","org.apache.commons.exec","/Users/grantnelson/go/src/github.com/apache/commons-exec/src/main/java/org/apache/commons/exec/CommandLine.java","3","122","Avoid long parameter lists (1 parameters - threshold is 1).","Design","ExcessiveParameterList"
"28","org.apache.commons.exec","/Users/grantnelson/go/src/github.com/apache/commons-exec/src/main/java/org/apache/commons/exec/CommandLine.java","3","146","The method 'getExecutable()' has a NCSS line count of 2.","Design","NcssCount"
"29","org.apache.commons.exec","/Users/grantnelson/go/src/github.com/apache/commons-exec/src/main/java/org/apache/commons/exec/CommandLine.java","3","146","The method 'getExecutable()' has a cyclomatic complexity of 1.","Design","CyclomaticComplexity"
"30","org.apache.commons.exec","/Users/grantnelson/go/src/github.com/apache/commons-exec/src/main/java/org/apache/commons/exec/CommandLine.java","3","146","The method 'getExecutable()' has an NPath complexity of 1, current threshold is 1","Design","NPathComplexity"
"31","org.apache.commons.exec","/Users/grantnelson/go/src/github.com/apache/commons-exec/src/main/java/org/apache/commons/exec/CommandLine.java","3","158","The method 'isFile()' has a NCSS line count of 2.","Design","NcssCount"
"32","org.apache.commons.exec","/Users/grantnelson/go/src/github.com/apache/commons-exec/src/main/java/org/apache/commons/exec/CommandLine.java","3","158","The method 'isFile()' has a cyclomatic complexity of 1.","Design","CyclomaticComplexity"
"33","org.apache.commons.exec","/Users/grantnelson/go/src/github.com/apache/commons-exec/src/main/java/org/apache/commons/exec/CommandLine.java","3","158","The method 'isFile()' has an NPath complexity of 1, current threshold is 1","Design","NPathComplexity"
"34","org.apache.commons.exec","/Users/grantnelson/go/src/github.com/apache/commons-exec/src/main/java/org/apache/commons/exec/CommandLine.java","3","168","The method 'addArguments(String[])' has a NCSS line count of 2.","Design","NcssCount"
"35","org.apache.commons.exec","/Users/grantnelson/go/src/github.com/apache/commons-exec/src/main/java/org/apache/commons/exec/CommandLine.java","3","168","The method 'addArguments(String[])' has a cyclomatic complexity of 1.","Design","CyclomaticComplexity"
"36","org.apache.commons.exec","/Users/grantnelson/go/src/github.com/apache/commons-exec/src/main/java/org/apache/commons/exec/CommandLine.java","3","168","The method 'addArguments(String[])' has an NPath complexity of 1, current threshold is 1","Design","NPathComplexity"
"37","org.apache.commons.exec","/Users/grantnelson/go/src/github.com/apache/commons-exec/src/main/java/org/apache/commons/exec/CommandLine.java","3","168","Avoid long parameter lists (1 parameters - threshold is 1).","Design","ExcessiveParameterList"
"38","org.apache.commons.exec","/Users/grantnelson/go/src/github.com/apache/commons-exec/src/main/java/org/apache/commons/exec/CommandLine.java","3","179","The method 'addArguments(String[], boolean)' has a NCSS line count of 5.","Design","NcssCount"
"39","org.apache.commons.exec","/Users/grantnelson/go/src/github.com/apache/commons-exec/src/main/java/org/apache/commons/exec/CommandLine.java","3","179","The method 'addArguments(String[], boolean)' has a cognitive complexity of 3, current threshold is 1","Design","CognitiveComplexity"
"40","org.apache.commons.exec","/Users/grantnelson/go/src/github.com/apache/commons-exec/src/main/java/org/apache/commons/exec/CommandLine.java","3","179","The method 'addArguments(String[], boolean)' has a cyclomatic complexity of 3.","Design","CyclomaticComplexity"
"41","org.apache.commons.exec","/Users/grantnelson/go/src/github.com/apache/commons-exec/src/main/java/org/apache/commons/exec/CommandLine.java","3","179","The method 'addArguments(String[], boolean)' has an NPath complexity of 3, current threshold is 1","Design","NPathComplexity"
"42","org.apache.commons.exec","/Users/grantnelson/go/src/github.com/apache/commons-exec/src/main/java/org/apache/commons/exec/CommandLine.java","3","179","Avoid long parameter lists (2 parameters - threshold is 1).","Design","ExcessiveParameterList"
"43","org.apache.commons.exec","/Users/grantnelson/go/src/github.com/apache/commons-exec/src/main/java/org/apache/commons/exec/CommandLine.java","3","197","The method 'addArguments(String)' has a NCSS line count of 2.","Design","NcssCount"
"44","org.apache.commons.exec","/Users/grantnelson/go/src/github.com/apache/commons-exec/src/main/java/org/apache/commons/exec/CommandLine.java","3","197","The method 'addArguments(String)' has a cyclomatic complexity of 1.","Design","CyclomaticComplexity"
"45","org.apache.commons.exec","/Users/grantnelson/go/src/github.com/apache/commons-exec/src/main/java/org/apache/commons/exec/CommandLine.java","3","197","The method 'addArguments(String)' has an NPath complexity of 1, current threshold is 1","Design","NPathComplexity"
"46","org.apache.commons.exec","/Users/grantnelson/go/src/github.com/apache/commons-exec/src/main/java/org/apache/commons/exec/CommandLine.java","3","197","Avoid long parameter lists (1 parameters - threshold is 1).","Design","ExcessiveParameterList"
"47","org.apache.commons.exec","/Users/grantnelson/go/src/github.com/apache/commons-exec/src/main/java/org/apache/commons/exec/CommandLine.java","3","210","The method 'addArguments(String, boolean)' has a NCSS line count of 5.","Design","NcssCount"
"48","org.apache.commons.exec","/Users/grantnelson/go/src/github.com/apache/commons-exec/src/main/java/org/apache/commons/exec/CommandLine.java","3","210","The method 'addArguments(String, boolean)' has a cognitive complexity of 1, current threshold is 1","Design","CognitiveComplexity"
"49","org.apache.commons.exec","/Users/grantnelson/go/src/github.com/apache/commons-exec/src/main/java/org/apache/commons/exec/CommandLine.java","3","210","The method 'addArguments(String, boolean)' has a cyclomatic complexity of 2.","Design","CyclomaticComplexity"
"50","org.apache.commons.exec","/Users/grantnelson/go/src/github.com/apache/commons-exec/src/main/java/org/apache/commons/exec/CommandLine.java","3","210","The method 'addArguments(String, boolean)' has an NPath complexity of 2, current threshold is 1","Design","NPathComplexity"
"51","org.apache.commons.exec","/Users/grantnelson/go/src/github.com/apache/commons-exec/src/main/java/org/apache/commons/exec/CommandLine.java","3","210","Avoid long parameter lists (2 parameters - threshold is 1).","Design","ExcessiveParameterList"
"52","org.apache.commons.exec","/Users/grantnelson/go/src/github.com/apache/commons-exec/src/main/java/org/apache/commons/exec/CommandLine.java","3","226","The method 'addArgument(String)' has a NCSS line count of 2.","Design","NcssCount"
"53","org.apache.commons.exec","/Users/grantnelson/go/src/github.com/apache/commons-exec/src/main/java/org/apache/commons/exec/CommandLine.java","3","226","The method 'addArgument(String)' has a cyclomatic complexity of 1.","Design","CyclomaticComplexity"
"54","org.apache.commons.exec","/Users/grantnelson/go/src/github.com/apache/commons-exec/src/main/java/org/apache/commons/exec/CommandLine.java","3","226","The method 'addArgument(String)' has an NPath complexity of 1, current threshold is 1","Design","NPathComplexity"
"55","org.apache.commons.exec","/Users/grantnelson/go/src/github.com/apache/commons-exec/src/main/java/org/apache/commons/exec/CommandLine.java","3","226","Avoid long parameter lists (1 parameters - threshold is 1).","Design","ExcessiveParameterList"
"56","org.apache.commons.exec","/Users/grantnelson/go/src/github.com/apache/commons-exec/src/main/java/org/apache/commons/exec/CommandLine.java","3","237","The method 'addArgument(String, boolean)' has a NCSS line count of 7.","Design","NcssCount"
"57","org.apache.commons.exec","/Users/grantnelson/go/src/github.com/apache/commons-exec/src/main/java/org/apache/commons/exec/CommandLine.java","3","237","The method 'addArgument(String, boolean)' has a cognitive complexity of 2, current threshold is 1","Design","CognitiveComplexity"
"58","org.apache.commons.exec","/Users/grantnelson/go/src/github.com/apache/commons-exec/src/main/java/org/apache/commons/exec/CommandLine.java","3","237","The method 'addArgument(String, boolean)' has a cyclomatic complexity of 3.","Design","CyclomaticComplexity"
"59","org.apache.commons.exec","/Users/grantnelson/go/src/github.com/apache/commons-exec/src/main/java/org/apache/commons/exec/CommandLine.java","3","237","The method 'addArgument(String, boolean)' has an NPath complexity of 3, current threshold is 1","Design","NPathComplexity"
"60","org.apache.commons.exec","/Users/grantnelson/go/src/github.com/apache/commons-exec/src/main/java/org/apache/commons/exec/CommandLine.java","3","237","Avoid long parameter lists (2 parameters - threshold is 1).","Design","ExcessiveParameterList"
"61","org.apache.commons.exec","/Users/grantnelson/go/src/github.com/apache/commons-exec/src/main/java/org/apache/commons/exec/CommandLine.java","3","260","The method 'getArguments()' has a NCSS line count of 9.","Design","NcssCount"
"62","org.apache.commons.exec","/Users/grantnelson/go/src/github.com/apache/commons-exec/src/main/java/org/apache/commons/exec/CommandLine.java","3","260","The method 'getArguments()' has a cognitive complexity of 3, current threshold is 1","Design","CognitiveComplexity"
"63","org.apache.commons.exec","/Users/grantnelson/go/src/github.com/apache/commons-exec/src/main/java/org/apache/commons/exec/CommandLine.java","3","260","The method 'getArguments()' has a cyclomatic complexity of 3.","Design","CyclomaticComplexity"
"64","org.apache.commons.exec","/Users/grantnelson/go/src/github.com/apache/commons-exec/src/main/java/org/apache/commons/exec/CommandLine.java","3","260","The method 'getArguments()' has an NPath complexity of 3, current threshold is 1","Design","NPathComplexity"
"65","org.apache.commons.exec","/Users/grantnelson/go/src/github.com/apache/commons-exec/src/main/java/org/apache/commons/exec/CommandLine.java","3","278","The method 'getSubstitutionMap()' has a NCSS line count of 2.","Design","NcssCount"
"66","org.apache.commons.exec","/Users/grantnelson/go/src/github.com/apache/commons-exec/src/main/java/org/apache/commons/exec/CommandLine.java","3","278","The method 'getSubstitutionMap()' has a cyclomatic complexity of 1.","Design","CyclomaticComplexity"
"67","org.apache.commons.exec","/Users/grantnelson/go/src/github.com/apache/commons-exec/src/main/java/org/apache/commons/exec/CommandLine.java","3","278","The method 'getSubstitutionMap()' has an NPath complexity of 1, current threshold is 1","Design","NPathComplexity"
"68","org.apache.commons.exec","/Users/grantnelson/go/src/github.com/apache/commons-exec/src/main/java/org/apache/commons/exec/CommandLine.java","3","288","The method 'setSubstitutionMap(Map<String, ?>)' has a NCSS line count of 2.","Design","NcssCount"
"69","org.apache.commons.exec","/Users/grantnelson/go/src/github.com/apache/commons-exec/src/main/java/org/apache/commons/exec/CommandLine.java","3","288","The method 'setSubstitutionMap(Map<String, ?>)' has a cyclomatic complexity of 1.","Design","CyclomaticComplexity"
"70","org.apache.commons.exec","/Users/grantnelson/go/src/github.com/apache/commons-exec/src/main/java/org/apache/commons/exec/CommandLine.java","3","288","The method 'setSubstitutionMap(Map<String, ?>)' has an NPath complexity of 1, current threshold is 1","Design","NPathComplexity"
"71","org.apache.commons.exec","/Users/grantnelson/go/src/github.com/apache/commons-exec/src/main/java/org/apache/commons/exec/CommandLine.java","3","288","Avoid long parameter lists (1 parameters - threshold is 1).","Design","ExcessiveParameterList"
"72","org.apache.commons.exec","/Users/grantnelson/go/src/github.com/apache/commons-exec/src/main/java/org/apache/commons/exec/CommandLine.java","3","297","The method 'toStrings()' has a NCSS line count of 5.","Design","NcssCount"
"73","org.apache.commons.exec","/Users/grantnelson/go/src/github.com/apache/commons-exec/src/main/java/org/apache/commons/exec/CommandLine.java","3","297","The method 'toStrings()' has a cyclomatic complexity of 1.","Design","CyclomaticComplexity"
"74","org.apache.commons.exec","/Users/grantnelson/go/src/github.com/apache/commons-exec/src/main/java/org/apache/commons/exec/CommandLine.java","3","297","The method 'toStrings()' has an NPath complexity of 1, current threshold is 1","Design","NPathComplexity"
"75","org.apache.commons.exec","/Users/grantnelson/go/src/github.com/apache/commons-exec/src/main/java/org/apache/commons/exec/CommandLine.java","3","312","The method 'toString()' has a NCSS line count of 2.","Design","NcssCount"
"76","org.apache.commons.exec","/Users/grantnelson/go/src/github.com/apache/commons-exec/src/main/java/org/apache/commons/exec/CommandLine.java","3","312","The method 'toString()' has a cyclomatic complexity of 1.","Design","CyclomaticComplexity"
"77","org.apache.commons.exec","/Users/grantnelson/go/src/github.com/apache/commons-exec/src/main/java/org/apache/commons/exec/CommandLine.java","3","312","The method 'toString()' has an NPath complexity of 1, current threshold is 1","Design","NPathComplexity"
"78","org.apache.commons.exec","/Users/grantnelson/go/src/github.com/apache/commons-exec/src/main/java/org/apache/commons/exec/CommandLine.java","3","324","The method 'expandArgument(String)' has a NCSS line count of 3.","Design","NcssCount"
"79","org.apache.commons.exec","/Users/grantnelson/go/src/github.com/apache/commons-exec/src/main/java/org/apache/commons/exec/CommandLine.java","3","324","The method 'expandArgument(String)' has a cyclomatic complexity of 1.","Design","CyclomaticComplexity"
"80","org.apache.commons.exec","/Users/grantnelson/go/src/github.com/apache/commons-exec/src/main/java/org/apache/commons/exec/CommandLine.java","3","324","The method 'expandArgument(String)' has an NPath complexity of 1, current threshold is 1","Design","NPathComplexity"
"81","org.apache.commons.exec","/Users/grantnelson/go/src/github.com/apache/commons-exec/src/main/java/org/apache/commons/exec/CommandLine.java","3","324","Avoid long parameter lists (1 parameters - threshold is 1).","Design","ExcessiveParameterList"
"82","org.apache.commons.exec","/Users/grantnelson/go/src/github.com/apache/commons-exec/src/main/java/org/apache/commons/exec/CommandLine.java","3","337","The method 'translateCommandline(String)' has a NCSS line count of 49.","Design","NcssCount"
"83","org.apache.commons.exec","/Users/grantnelson/go/src/github.com/apache/commons-exec/src/main/java/org/apache/commons/exec/CommandLine.java","3","337","The method 'translateCommandline(String)' has a cognitive complexity of 29, current threshold is 1","Design","CognitiveComplexity"
"84","org.apache.commons.exec","/Users/grantnelson/go/src/github.com/apache/commons-exec/src/main/java/org/apache/commons/exec/CommandLine.java","3","337","The method 'translateCommandline(String)' has a cyclomatic complexity of 18.","Design","CyclomaticComplexity"
"85","org.apache.commons.exec","/Users/grantnelson/go/src/github.com/apache/commons-exec/src/main/java/org/apache/commons/exec/CommandLine.java","3","337","The method 'translateCommandline(String)' has an NPath complexity of 101, current threshold is 1","Design","NPathComplexity"
"86","org.apache.commons.exec","/Users/grantnelson/go/src/github.com/apache/commons-exec/src/main/java/org/apache/commons/exec/CommandLine.java","3","337","Avoid long parameter lists (1 parameters - threshold is 1).","Design","ExcessiveParameterList"
"87","org.apache.commons.exec","/Users/grantnelson/go/src/github.com/apache/commons-exec/src/main/java/org/apache/commons/exec/CommandLine.java","3","411","The method 'toCleanExecutable(String)' has a NCSS line count of 8.","Design","NcssCount"
"88","org.apache.commons.exec","/Users/grantnelson/go/src/github.com/apache/commons-exec/src/main/java/org/apache/commons/exec/CommandLine.java","3","411","The method 'toCleanExecutable(String)' has a cognitive complexity of 3, current threshold is 1","Design","CognitiveComplexity"
"89","org.apache.commons.exec","/Users/grantnelson/go/src/github.com/apache/commons-exec/src/main/java/org/apache/commons/exec/CommandLine.java","3","411","The method 'toCleanExecutable(String)' has a cyclomatic complexity of 5.","Design","CyclomaticComplexity"
"90","org.apache.commons.exec","/Users/grantnelson/go/src/github.com/apache/commons-exec/src/main/java/org/apache/commons/exec/CommandLine.java","3","411","The method 'toCleanExecutable(String)' has an NPath complexity of 3, current threshold is 1","Design","NPathComplexity"
"91","org.apache.commons.exec","/Users/grantnelson/go/src/github.com/apache/commons-exec/src/main/java/org/apache/commons/exec/CommandLine.java","3","411","Avoid long parameter lists (1 parameters - threshold is 1).","Design","ExcessiveParameterList"
"92","org.apache.commons.exec","/Users/grantnelson/go/src/github.com/apache/commons-exec/src/main/java/org/apache/commons/exec/CommandLine.java","3","424","The class 'Argument' has a NCSS line count of 10 (Highest = 3).","Design","NcssCount"
"93","org.apache.commons.exec","/Users/grantnelson/go/src/github.com/apache/commons-exec/src/main/java/org/apache/commons/exec/CommandLine.java","3","424","The class 'Argument' has a total cyclomatic complexity of 3 (highest 1).","Design","CyclomaticComplexity"
"94","org.apache.commons.exec","/Users/grantnelson/go/src/github.com/apache/commons-exec/src/main/java/org/apache/commons/exec/CommandLine.java","3","429","The constructor 'Argument(String, boolean)' has a NCSS line count of 3.","Design","NcssCount"
"95","org.apache.commons.exec","/Users/grantnelson/go/src/github.com/apache/commons-exec/src/main/java/org/apache/commons/exec/CommandLine.java","3","429","The constructor 'Argument(String, boolean)' has a cyclomatic complexity of 1.","Design","CyclomaticComplexity"
"96","org.apache.commons.exec","/Users/grantnelson/go/src/github.com/apache/commons-exec/src/main/java/org/apache/commons/exec/CommandLine.java","3","429","The constructor 'Argument(String, boolean)' has an NPath complexity of 1, current threshold is 1","Design","NPathComplexity"
"97","org.apache.commons.exec","/Users/grantnelson/go/src/github.com/apache/commons-exec/src/main/java/org/apache/commons/exec/CommandLine.java","3","435","The method 'getValue()' has a NCSS line count of 2.","Design","NcssCount"
"98","org.apache.commons.exec","/Users/grantnelson/go/src/github.com/apache/commons-exec/src/main/java/org/apache/commons/exec/CommandLine.java","3","435","The method 'getValue()' has a cyclomatic complexity of 1.","Design","CyclomaticComplexity"
"99","org.apache.commons.exec","/Users/grantnelson/go/src/github.com/apache/commons-exec/src/main/java/org/apache/commons/exec/CommandLine.java","3","435","The method 'getValue()' has an NPath complexity of 1, current threshold is 1","Design","NPathComplexity"
"100","org.apache.commons.exec","/Users/grantnelson/go/src/github.com/apache/commons-exec/src/main/java/org/apache/commons/exec/CommandLine.java","3","440","The method 'isHandleQuoting()' has a NCSS line count of 2.","Design","NcssCount"
"101","org.apache.commons.exec","/Users/grantnelson/go/src/github.com/apache/commons-exec/src/main/java/org/apache/commons/exec/CommandLine.java","3","440","The method 'isHandleQuoting()' has a cyclomatic complexity of 1.","Design","CyclomaticComplexity"
"102","org.apache.commons.exec","/Users/grantnelson/go/src/github.com/apache/commons-exec/src/main/java/org/apache/commons/exec/CommandLine.java","3","440","The method 'isHandleQuoting()' has an NPath complexity of 1, current threshold is 1","Design","NPathComplexity"
"1","org.apache.commons.exec","/Users/grantnelson/go/src/github.com/apache/commons-exec/src/main/java/org/apache/commons/exec/DaemonExecutor.java","3","25","The class 'DaemonExecutor' has a NCSS line count of 5 (Highest = 4).","Design","NcssCount"
"2","org.apache.commons.exec","/Users/grantnelson/go/src/github.com/apache/commons-exec/src/main/java/org/apache/commons/exec/DaemonExecutor.java","3","25","The class 'DaemonExecutor' has a total cyclomatic complexity of 1 (highest 1).","Design","CyclomaticComplexity"
"3","org.apache.commons.exec","/Users/grantnelson/go/src/github.com/apache/commons-exec/src/main/java/org/apache/commons/exec/DaemonExecutor.java","3","37","The method 'createThread(Runnable, String)' has a NCSS line count of 4.","Design","NcssCount"
"4","org.apache.commons.exec","/Users/grantnelson/go/src/github.com/apache/commons-exec/src/main/java/org/apache/commons/exec/DaemonExecutor.java","3","37","The method 'createThread(Runnable, String)' has a cyclomatic complexity of 1.","Design","CyclomaticComplexity"
"5","org.apache.commons.exec","/Users/grantnelson/go/src/github.com/apache/commons-exec/src/main/java/org/apache/commons/exec/DaemonExecutor.java","3","37","The method 'createThread(Runnable, String)' has an NPath complexity of 1, current threshold is 1","Design","NPathComplexity"
"6","org.apache.commons.exec","/Users/grantnelson/go/src/github.com/apache/commons-exec/src/main/java/org/apache/commons/exec/DaemonExecutor.java","3","37","Avoid long parameter lists (2 parameters - threshold is 1).","Design","ExcessiveParameterList"
"1","org.apache.commons.exec","/Users/grantnelson/go/src/github.com/apache/commons-exec/src/main/java/org/apache/commons/exec/DefaultExecuteResultHandler.java","3","27","The class 'DefaultExecuteResultHandler' has a NCSS line count of 33 (Highest = 4).","Design","NcssCount"
"2","org.apache.commons.exec","/Users/grantnelson/go/src/github.com/apache/commons-exec/src/main/java/org/apache/commons/exec/DefaultExecuteResultHandler.java","3","27","The class 'DefaultExecuteResultHandler' has a total cyclomatic complexity of 15 (highest 3).","Design","CyclomaticComplexity"
"3","org.apache.commons.exec","/Users/grantnelson/go/src/github.com/apache/commons-exec/src/main/java/org/apache/commons/exec/DefaultExecuteResultHandler.java","3","27","This class has 8 public methods and attributes; current threshold is 1.","Design","ExcessivePublicCount"
"4","org.apache.commons.exec","/Users/grantnelson/go/src/github.com/apache/commons-exec/src/main/java/org/apache/commons/exec/DefaultExecuteResultHandler.java","3","44","The constructor 'DefaultExecuteResultHandler()' has a NCSS line count of 3.","Design","NcssCount"
"5","org.apache.commons.exec","/Users/grantnelson/go/src/github.com/apache/commons-exec/src/main/java/org/apache/commons/exec/DefaultExecuteResultHandler.java","3","44","The constructor 'DefaultExecuteResultHandler()' has a cyclomatic complexity of 1.","Design","CyclomaticComplexity"
"6","org.apache.commons.exec","/Users/grantnelson/go/src/github.com/apache/commons-exec/src/main/java/org/apache/commons/exec/DefaultExecuteResultHandler.java","3","44","The constructor 'DefaultExecuteResultHandler()' has an NPath complexity of 1, current threshold is 1","Design","NPathComplexity"
"7","org.apache.commons.exec","/Users/grantnelson/go/src/github.com/apache/commons-exec/src/main/java/org/apache/commons/exec/DefaultExecuteResultHandler.java","3","52","The method 'onProcessComplete(int)' has a NCSS line count of 4.","Design","NcssCount"
"8","org.apache.commons.exec","/Users/grantnelson/go/src/github.com/apache/commons-exec/src/main/java/org/apache/commons/exec/DefaultExecuteResultHandler.java","3","52","The method 'onProcessComplete(int)' has a cyclomatic complexity of 1.","Design","CyclomaticComplexity"
"9","org.apache.commons.exec","/Users/grantnelson/go/src/github.com/apache/commons-exec/src/main/java/org/apache/commons/exec/DefaultExecuteResultHandler.java","3","52","The method 'onProcessComplete(int)' has an NPath complexity of 1, current threshold is 1","Design","NPathComplexity"
"10","org.apache.commons.exec","/Users/grantnelson/go/src/github.com/apache/commons-exec/src/main/java/org/apache/commons/exec/DefaultExecuteResultHandler.java","3","52","Avoid long parameter lists (1 parameters - threshold is 1).","Design","ExcessiveParameterList"
"11","org.apache.commons.exec","/Users/grantnelson/go/src/github.com/apache/commons-exec/src/main/java/org/apache/commons/exec/DefaultExecuteResultHandler.java","3","61","The method 'onProcessFailed(ExecuteException)' has a NCSS line count of 4.","Design","NcssCount"
"12","org.apache.commons.exec","/Users/grantnelson/go/src/github.com/apache/commons-exec/src/main/java/org/apache/commons/exec/DefaultExecuteResultHandler.java","3","61","The method 'onProcessFailed(ExecuteException)' has a cyclomatic complexity of 1.","Design","CyclomaticComplexity"
"13","org.apache.commons.exec","/Users/grantnelson/go/src/github.com/apache/commons-exec/src/main/java/org/apache/commons/exec/DefaultExecuteResultHandler.java","3","61","The method 'onProcessFailed(ExecuteException)' has an NPath complexity of 1, current threshold is 1","Design","NPathComplexity"
"14","org.apache.commons.exec","/Users/grantnelson/go/src/github.com/apache/commons-exec/src/main/java/org/apache/commons/exec/DefaultExecuteResultHandler.java","3","61","Avoid long parameter lists (1 parameters - threshold is 1).","Design","ExcessiveParameterList"
"15","org.apache.commons.exec","/Users/grantnelson/go/src/github.com/apache/commons-exec/src/main/java/org/apache/commons/exec/DefaultExecuteResultHandler.java","3","73","The method 'getException()' has a NCSS line count of 4.","Design","NcssCount"
"16","org.apache.commons.exec","/Users/grantnelson/go/src/github.com/apache/commons-exec/src/main/java/org/apache/commons/exec/DefaultExecuteResultHandler.java","3","73","The method 'getException()' has a cognitive complexity of 1, current threshold is 1","Design","CognitiveComplexity"
"17","org.apache.commons.exec","/Users/grantnelson/go/src/github.com/apache/commons-exec/src/main/java/org/apache/commons/exec/DefaultExecuteResultHandler.java","3","73","The method 'getException()' has a cyclomatic complexity of 3.","Design","CyclomaticComplexity"
"18","org.apache.commons.exec","/Users/grantnelson/go/src/github.com/apache/commons-exec/src/main/java/org/apache/commons/exec/DefaultExecuteResultHandler.java","3","73","The method 'getException()' has an NPath complexity of 2, current threshold is 1","Design","NPathComplexity"
"19","org.apache.commons.exec","/Users/grantnelson/go/src/github.com/apache/commons-exec/src/main/java/org/apache/commons/exec/DefaultExecuteResultHandler.java","3","88","The method 'getExitValue()' has a NCSS line count of 4.","Design","NcssCount"
"20","org.apache.commons.exec","/Users/grantnelson/go/src/github.com/apache/commons-exec/src/main/java/org/apache/commons/exec/DefaultExecuteResultHandler.java","3","88","The method 'getExitValue()' has a cognitive complexity of 1, current threshold is 1","Design","CognitiveComplexity"
"21","org.apache.commons.exec","/Users/grantnelson/go/src/github.com/apache/commons-exec/src/main/java/org/apache/commons/exec/DefaultExecuteResultHandler.java","3","88","The method 'getExitValue()' has a cyclomatic complexity of 3.","Design","CyclomaticComplexity"
"22","org.apache.commons.exec","/Users/grantnelson/go/src/github.com/apache/commons-exec/src/main/java/org/apache/commons/exec/DefaultExecuteResultHandler.java","3","88","The method 'getExitValue()' has an NPath complexity of 2, current threshold is 1","Design","NPathComplexity"
"23","org.apache.commons.exec","/Users/grantnelson/go/src/github.com/apache/commons-exec/src/main/java/org/apache/commons/exec/DefaultExecuteResultHandler.java","3","102","The method 'hasResult()' has a NCSS line count of 2.","Design","NcssCount"
"24","org.apache.commons.exec","/Users/grantnelson/go/src/github.com/apache/commons-exec/src/main/java/org/apache/commons/exec/DefaultExecuteResultHandler.java","3","102","The method 'hasResult()' has a cyclomatic complexity of 1.","Design","CyclomaticComplexity"
"25","org.apache.commons.exec","/Users/grantnelson/go/src/github.com/apache/commons-exec/src/main/java/org/apache/commons/exec/DefaultExecuteResultHandler.java","3","102","The method 'hasResult()' has an NPath complexity of 1, current threshold is 1","Design","NPathComplexity"
"26","org.apache.commons.exec","/Users/grantnelson/go/src/github.com/apache/commons-exec/src/main/java/org/apache/commons/exec/DefaultExecuteResultHandler.java","3","118","The method 'waitFor()' has a NCSS line count of 3.","Design","NcssCount"
"27","org.apache.commons.exec","/Users/grantnelson/go/src/github.com/apache/commons-exec/src/main/java/org/apache/commons/exec/DefaultExecuteResultHandler.java","3","118","The method 'waitFor()' has a cognitive complexity of 1, current threshold is 1","Design","CognitiveComplexity"
"28","org.apache.commons.exec","/Users/grantnelson/go/src/github.com/apache/commons-exec/src/main/java/org/apache/commons/exec/DefaultExecuteResultHandler.java","3","118","The method 'waitFor()' has a cyclomatic complexity of 2.","Design","CyclomaticComplexity"
"29","org.apache.commons.exec","/Users/grantnelson/go/src/github.com/apache/commons-exec/src/main/java/org/apache/commons/exec/DefaultExecuteResultHandler.java","3","118","The method 'waitFor()' has an NPath complexity of 2, current threshold is 1","Design","NPathComplexity"
"30","org.apache.commons.exec","/Users/grantnelson/go/src/github.com/apache/commons-exec/src/main/java/org/apache/commons/exec/DefaultExecuteResultHandler.java","3","138","The method 'waitFor(long)' has a NCSS line count of 4.","Design","NcssCount"
"31","org.apache.commons.exec","/Users/grantnelson/go/src/github.com/apache/commons-exec/src/main/java/org/apache/commons/exec/DefaultExecuteResultHandler.java","3","138","The method 'waitFor(long)' has a cognitive complexity of 2, current threshold is 1","Design","CognitiveComplexity"
"32","org.apache.commons.exec","/Users/grantnelson/go/src/github.com/apache/commons-exec/src/main/java/org/apache/commons/exec/DefaultExecuteResultHandler.java","3","138","The method 'waitFor(long)' has a cyclomatic complexity of 3.","Design","CyclomaticComplexity"
"33","org.apache.commons.exec","/Users/grantnelson/go/src/github.com/apache/commons-exec/src/main/java/org/apache/commons/exec/DefaultExecuteResultHandler.java","3","138","The method 'waitFor(long)' has an NPath complexity of 3, current threshold is 1","Design","NPathComplexity"
"34","org.apache.commons.exec","/Users/grantnelson/go/src/github.com/apache/commons-exec/src/main/java/org/apache/commons/exec/DefaultExecuteResultHandler.java","3","138","Avoid long parameter lists (1 parameters - threshold is 1).","Design","ExcessiveParameterList"
"1","org.apache.commons.exec","/Users/grantnelson/go/src/github.com/apache/commons-exec/src/main/java/org/apache/commons/exec/DefaultExecutor.java","3","48","A value of 9 may denote a high amount of coupling within the class (threshold: 1)","Design","CouplingBetweenObjects"
"2","org.apache.commons.exec","/Users/grantnelson/go/src/github.com/apache/commons-exec/src/main/java/org/apache/commons/exec/DefaultExecutor.java","3","48","Possible God Class (WMC=65, ATFD=11, TCC=10.390%)","Design","GodClass"
"3","org.apache.commons.exec","/Users/grantnelson/go/src/github.com/apache/commons-exec/src/main/java/org/apache/commons/exec/DefaultExecutor.java","3","48","The class 'DefaultExecutor' has a NCSS line count of 144 (Highest = 49).","Design","NcssCount"
"4","org.apache.commons.exec","/Users/grantnelson/go/src/github.com/apache/commons-exec/src/main/java/org/apache/commons/exec/DefaultExecutor.java","3","48","The class 'DefaultExecutor' has a total cyclomatic complexity of 65 (highest 22).","Design","CyclomaticComplexity"
"5","org.apache.commons.exec","/Users/grantnelson/go/src/github.com/apache/commons-exec/src/main/java/org/apache/commons/exec/DefaultExecutor.java","3","48","This class has 16 public methods and attributes; current threshold is 1.","Design","ExcessivePublicCount"
"6","org.apache.commons.exec","/Users/grantnelson/go/src/github.com/apache/commons-exec/src/main/java/org/apache/commons/exec/DefaultExecutor.java","3","84","The constructor 'DefaultExecutor()' has a NCSS line count of 6.","Design","NcssCount"
"7","org.apache.commons.exec","/Users/grantnelson/go/src/github.com/apache/commons-exec/src/main/java/org/apache/commons/exec/DefaultExecutor.java","3","84","The constructor 'DefaultExecutor()' has a cyclomatic complexity of 1.","Design","CyclomaticComplexity"
"8","org.apache.commons.exec","/Users/grantnelson/go/src/github.com/apache/commons-exec/src/main/java/org/apache/commons/exec/DefaultExecutor.java","3","84","The constructor 'DefaultExecutor()' has an NPath complexity of 1, current threshold is 1","Design","NPathComplexity"
"9","org.apache.commons.exec","/Users/grantnelson/go/src/github.com/apache/commons-exec/src/main/java/org/apache/commons/exec/DefaultExecutor.java","3","95","The method 'getStreamHandler()' has a NCSS line count of 2.","Design","NcssCount"
"10","org.apache.commons.exec","/Users/grantnelson/go/src/github.com/apache/commons-exec/src/main/java/org/apache/commons/exec/DefaultExecutor.java","3","95","The method 'getStreamHandler()' has a cyclomatic complexity of 1.","Design","CyclomaticComplexity"
"11","org.apache.commons.exec","/Users/grantnelson/go/src/github.com/apache/commons-exec/src/main/java/org/apache/commons/exec/DefaultExecutor.java","3","95","The method 'getStreamHandler()' has an NPath complexity of 1, current threshold is 1","Design","NPathComplexity"
"12","org.apache.commons.exec","/Users/grantnelson/go/src/github.com/apache/commons-exec/src/main/java/org/apache/commons/exec/DefaultExecutor.java","3","102","The method 'setStreamHandler(ExecuteStreamHandler)' has a NCSS line count of 2.","Design","NcssCount"
"13","org.apache.commons.exec","/Users/grantnelson/go/src/github.com/apache/commons-exec/src/main/java/org/apache/commons/exec/DefaultExecutor.java","3","102","The method 'setStreamHandler(ExecuteStreamHandler)' has a cyclomatic complexity of 1.","Design","CyclomaticComplexity"
"14","org.apache.commons.exec","/Users/grantnelson/go/src/github.com/apache/commons-exec/src/main/java/org/apache/commons/exec/DefaultExecutor.java","3","102","The method 'setStreamHandler(ExecuteStreamHandler)' has an NPath complexity of 1, current threshold is 1","Design","NPathComplexity"
"15","org.apache.commons.exec","/Users/grantnelson/go/src/github.com/apache/commons-exec/src/main/java/org/apache/commons/exec/DefaultExecutor.java","3","102","Avoid long parameter lists (1 parameters - threshold is 1).","Design","ExcessiveParameterList"
"16","org.apache.commons.exec","/Users/grantnelson/go/src/github.com/apache/commons-exec/src/main/java/org/apache/commons/exec/DefaultExecutor.java","3","109","The method 'getWatchdog()' has a NCSS line count of 2.","Design","NcssCount"
"17","org.apache.commons.exec","/Users/grantnelson/go/src/github.com/apache/commons-exec/src/main/java/org/apache/commons/exec/DefaultExecutor.java","3","109","The method 'getWatchdog()' has a cyclomatic complexity of 1.","Design","CyclomaticComplexity"
"18","org.apache.commons.exec","/Users/grantnelson/go/src/github.com/apache/commons-exec/src/main/java/org/apache/commons/exec/DefaultExecutor.java","3","109","The method 'getWatchdog()' has an NPath complexity of 1, current threshold is 1","Design","NPathComplexity"
"19","org.apache.commons.exec","/Users/grantnelson/go/src/github.com/apache/commons-exec/src/main/java/org/apache/commons/exec/DefaultExecutor.java","3","116","The method 'setWatchdog(ExecuteWatchdog)' has a NCSS line count of 2.","Design","NcssCount"
"20","org.apache.commons.exec","/Users/grantnelson/go/src/github.com/apache/commons-exec/src/main/java/org/apache/commons/exec/DefaultExecutor.java","3","116","The method 'setWatchdog(ExecuteWatchdog)' has a cyclomatic complexity of 1.","Design","CyclomaticComplexity"
"21","org.apache.commons.exec","/Users/grantnelson/go/src/github.com/apache/commons-exec/src/main/java/org/apache/commons/exec/DefaultExecutor.java","3","116","The method 'setWatchdog(ExecuteWatchdog)' has an NPath complexity of 1, current threshold is 1","Design","NPathComplexity"
"22","org.apache.commons.exec","/Users/grantnelson/go/src/github.com/apache/commons-exec/src/main/java/org/apache/commons/exec/DefaultExecutor.java","3","116","Avoid long parameter lists (1 parameters - threshold is 1).","Design","ExcessiveParameterList"
"23","org.apache.commons.exec","/Users/grantnelson/go/src/github.com/apache/commons-exec/src/main/java/org/apache/commons/exec/DefaultExecutor.java","3","123","The method 'getProcessDestroyer()' has a NCSS line count of 2.","Design","NcssCount"
"24","org.apache.commons.exec","/Users/grantnelson/go/src/github.com/apache/commons-exec/src/main/java/org/apache/commons/exec/DefaultExecutor.java","3","123","The method 'getProcessDestroyer()' has a cyclomatic complexity of 1.","Design","CyclomaticComplexity"
"25","org.apache.commons.exec","/Users/grantnelson/go/src/github.com/apache/commons-exec/src/main/java/org/apache/commons/exec/DefaultExecutor.java","3","123","The method 'getProcessDestroyer()' has an NPath complexity of 1, current threshold is 1","Design","NPathComplexity"
"26","org.apache.commons.exec","/Users/grantnelson/go/src/github.com/apache/commons-exec/src/main/java/org/apache/commons/exec/DefaultExecutor.java","3","130","The method 'setProcessDestroyer(ProcessDestroyer)' has a NCSS line count of 2.","Design","NcssCount"
"27","org.apache.commons.exec","/Users/grantnelson/go/src/github.com/apache/commons-exec/src/main/java/org/apache/commons/exec/DefaultExecutor.java","3","130","The method 'setProcessDestroyer(ProcessDestroyer)' has a cyclomatic complexity of 1.","Design","CyclomaticComplexity"
"28","org.apache.commons.exec","/Users/grantnelson/go/src/github.com/apache/commons-exec/src/main/java/org/apache/commons/exec/DefaultExecutor.java","3","130","The method 'setProcessDestroyer(ProcessDestroyer)' has an NPath complexity of 1, current threshold is 1","Design","NPathComplexity"
"29","org.apache.commons.exec","/Users/grantnelson/go/src/github.com/apache/commons-exec/src/main/java/org/apache/commons/exec/DefaultExecutor.java","3","130","Avoid long parameter lists (1 parameters - threshold is 1).","Design","ExcessiveParameterList"
"30","org.apache.commons.exec","/Users/grantnelson/go/src/github.com/apache/commons-exec/src/main/java/org/apache/commons/exec/DefaultExecutor.java","3","137","The method 'getWorkingDirectory()' has a NCSS line count of 2.","Design","NcssCount"
"31","org.apache.commons.exec","/Users/grantnelson/go/src/github.com/apache/commons-exec/src/main/java/org/apache/commons/exec/DefaultExecutor.java","3","137","The method 'getWorkingDirectory()' has a cyclomatic complexity of 1.","Design","CyclomaticComplexity"
"32","org.apache.commons.exec","/Users/grantnelson/go/src/github.com/apache/commons-exec/src/main/java/org/apache/commons/exec/DefaultExecutor.java","3","137","The method 'getWorkingDirectory()' has an NPath complexity of 1, current threshold is 1","Design","NPathComplexity"
"33","org.apache.commons.exec","/Users/grantnelson/go/src/github.com/apache/commons-exec/src/main/java/org/apache/commons/exec/DefaultExecutor.java","3","144","The method 'setWorkingDirectory(File)' has a NCSS line count of 2.","Design","NcssCount"
"34","org.apache.commons.exec","/Users/grantnelson/go/src/github.com/apache/commons-exec/src/main/java/org/apache/commons/exec/DefaultExecutor.java","3","144","The method 'setWorkingDirectory(File)' has a cyclomatic complexity of 1.","Design","CyclomaticComplexity"
"35","org.apache.commons.exec","/Users/grantnelson/go/src/github.com/apache/commons-exec/src/main/java/org/apache/commons/exec/DefaultExecutor.java","3","144","The method 'setWorkingDirectory(File)' has an NPath complexity of 1, current threshold is 1","Design","NPathComplexity"
"36","org.apache.commons.exec","/Users/grantnelson/go/src/github.com/apache/commons-exec/src/main/java/org/apache/commons/exec/DefaultExecutor.java","3","144","Avoid long parameter lists (1 parameters - threshold is 1).","Design","ExcessiveParameterList"
"37","org.apache.commons.exec","/Users/grantnelson/go/src/github.com/apache/commons-exec/src/main/java/org/apache/commons/exec/DefaultExecutor.java","3","151","The method 'execute(CommandLine)' has a NCSS line count of 2.","Design","NcssCount"
"38","org.apache.commons.exec","/Users/grantnelson/go/src/github.com/apache/commons-exec/src/main/java/org/apache/commons/exec/DefaultExecutor.java","3","151","The method 'execute(CommandLine)' has a cyclomatic complexity of 1.","Design","CyclomaticComplexity"
"39","org.apache.commons.exec","/Users/grantnelson/go/src/github.com/apache/commons-exec/src/main/java/org/apache/commons/exec/DefaultExecutor.java","3","151","The method 'execute(CommandLine)' has an NPath complexity of 1, current threshold is 1","Design","NPathComplexity"
"40","org.apache.commons.exec","/Users/grantnelson/go/src/github.com/apache/commons-exec/src/main/java/org/apache/commons/exec/DefaultExecutor.java","3","151","Avoid long parameter lists (1 parameters - threshold is 1).","Design","ExcessiveParameterList"
"41","org.apache.commons.exec","/Users/grantnelson/go/src/github.com/apache/commons-exec/src/main/java/org/apache/commons/exec/DefaultExecutor.java","3","159","The method 'execute(CommandLine, Map<String, String>)' has a NCSS line count of 4.","Design","NcssCount"
"42","org.apache.commons.exec","/Users/grantnelson/go/src/github.com/apache/commons-exec/src/main/java/org/apache/commons/exec/DefaultExecutor.java","3","159","The method 'execute(CommandLine, Map<String, String>)' has a cognitive complexity of 2, current threshold is 1","Design","CognitiveComplexity"
"43","org.apache.commons.exec","/Users/grantnelson/go/src/github.com/apache/commons-exec/src/main/java/org/apache/commons/exec/DefaultExecutor.java","3","159","The method 'execute(CommandLine, Map<String, String>)' has a cyclomatic complexity of 4.","Design","CyclomaticComplexity"
"44","org.apache.commons.exec","/Users/grantnelson/go/src/github.com/apache/commons-exec/src/main/java/org/apache/commons/exec/DefaultExecutor.java","3","159","The method 'execute(CommandLine, Map<String, String>)' has an NPath complexity of 3, current threshold is 1","Design","NPathComplexity"
"45","org.apache.commons.exec","/Users/grantnelson/go/src/github.com/apache/commons-exec/src/main/java/org/apache/commons/exec/DefaultExecutor.java","3","159","Avoid long parameter lists (2 parameters - threshold is 1).","Design","ExcessiveParameterList"
"46","org.apache.commons.exec","/Users/grantnelson/go/src/github.com/apache/commons-exec/src/main/java/org/apache/commons/exec/DefaultExecutor.java","3","174","The method 'execute(CommandLine, ExecuteResultHandler)' has a NCSS line count of 2.","Design","NcssCount"
"47","org.apache.commons.exec","/Users/grantnelson/go/src/github.com/apache/commons-exec/src/main/java/org/apache/commons/exec/DefaultExecutor.java","3","174","The method 'execute(CommandLine, ExecuteResultHandler)' has a cyclomatic complexity of 1.","Design","CyclomaticComplexity"
"48","org.apache.commons.exec","/Users/grantnelson/go/src/github.com/apache/commons-exec/src/main/java/org/apache/commons/exec/DefaultExecutor.java","3","174","The method 'execute(CommandLine, ExecuteResultHandler)' has an NPath complexity of 1, current threshold is 1","Design","NPathComplexity"
"49","org.apache.commons.exec","/Users/grantnelson/go/src/github.com/apache/commons-exec/src/main/java/org/apache/commons/exec/DefaultExecutor.java","3","174","Avoid long parameter lists (2 parameters - threshold is 1).","Design","ExcessiveParameterList"
"50","org.apache.commons.exec","/Users/grantnelson/go/src/github.com/apache/commons-exec/src/main/java/org/apache/commons/exec/DefaultExecutor.java","3","183","The method 'execute(CommandLine, Map<String, String>, ExecuteResultHandler)' has a NCSS line count of 16.","Design","NcssCount"
"51","org.apache.commons.exec","/Users/grantnelson/go/src/github.com/apache/commons-exec/src/main/java/org/apache/commons/exec/DefaultExecutor.java","3","183","The method 'execute(CommandLine, Map<String, String>, ExecuteResultHandler)' has a cognitive complexity of 7, current threshold is 1","Design","CognitiveComplexity"
"52","org.apache.commons.exec","/Users/grantnelson/go/src/github.com/apache/commons-exec/src/main/java/org/apache/commons/exec/DefaultExecutor.java","3","183","The method 'execute(CommandLine, Map<String, String>, ExecuteResultHandler)' has a cyclomatic complexity of 5.","Design","CyclomaticComplexity"
"53","org.apache.commons.exec","/Users/grantnelson/go/src/github.com/apache/commons-exec/src/main/java/org/apache/commons/exec/DefaultExecutor.java","3","183","The method 'execute(CommandLine, Map<String, String>, ExecuteResultHandler)' has an NPath complexity of 5, current threshold is 1","Design","NPathComplexity"
"54","org.apache.commons.exec","/Users/grantnelson/go/src/github.com/apache/commons-exec/src/main/java/org/apache/commons/exec/DefaultExecutor.java","3","183","Avoid long parameter lists (3 parameters - threshold is 1).","Design","ExcessiveParameterList"
"55","org.apache.commons.exec","/Users/grantnelson/go/src/github.com/apache/commons-exec/src/main/java/org/apache/commons/exec/DefaultExecutor.java","3","194","The class '' has a NCSS line count of 8 (Highest = 8).","Design","NcssCount"
"56","org.apache.commons.exec","/Users/grantnelson/go/src/github.com/apache/commons-exec/src/main/java/org/apache/commons/exec/DefaultExecutor.java","3","194","The class '' has a total cyclomatic complexity of 3 (highest 3).","Design","CyclomaticComplexity"
"57","org.apache.commons.exec","/Users/grantnelson/go/src/github.com/apache/commons-exec/src/main/java/org/apache/commons/exec/DefaultExecutor.java","3","194","This class has 1 public methods and attributes; current threshold is 1.","Design","ExcessivePublicCount"
"58","org.apache.commons.exec","/Users/grantnelson/go/src/github.com/apache/commons-exec/src/main/java/org/apache/commons/exec/DefaultExecutor.java","3","196","The method 'run()' has a NCSS line count of 8.","Design","NcssCount"
"59","org.apache.commons.exec","/Users/grantnelson/go/src/github.com/apache/commons-exec/src/main/java/org/apache/commons/exec/DefaultExecutor.java","3","196","The method 'run()' has a cognitive complexity of 2, current threshold is 1","Design","CognitiveComplexity"
"60","org.apache.commons.exec","/Users/grantnelson/go/src/github.com/apache/commons-exec/src/main/java/org/apache/commons/exec/DefaultExecutor.java","3","196","The method 'run()' has a cyclomatic complexity of 3.","Design","CyclomaticComplexity"
"61","org.apache.commons.exec","/Users/grantnelson/go/src/github.com/apache/commons-exec/src/main/java/org/apache/commons/exec/DefaultExecutor.java","3","196","The method 'run()' has an NPath complexity of 1, current threshold is 1","Design","NPathComplexity"
"62","org.apache.commons.exec","/Users/grantnelson/go/src/github.com/apache/commons-exec/src/main/java/org/apache/commons/exec/DefaultExecutor.java","3","215","The method 'setExitValue(int)' has a NCSS line count of 2.","Design","NcssCount"
"63","org.apache.commons.exec","/Users/grantnelson/go/src/github.com/apache/commons-exec/src/main/java/org/apache/commons/exec/DefaultExecutor.java","3","215","The method 'setExitValue(int)' has a cyclomatic complexity of 1.","Design","CyclomaticComplexity"
"64","org.apache.commons.exec","/Users/grantnelson/go/src/github.com/apache/commons-exec/src/main/java/org/apache/commons/exec/DefaultExecutor.java","3","215","The method 'setExitValue(int)' has an NPath complexity of 1, current threshold is 1","Design","NPathComplexity"
"65","org.apache.commons.exec","/Users/grantnelson/go/src/github.com/apache/commons-exec/src/main/java/org/apache/commons/exec/DefaultExecutor.java","3","215","Avoid long parameter lists (1 parameters - threshold is 1).","Design","ExcessiveParameterList"
"66","org.apache.commons.exec","/Users/grantnelson/go/src/github.com/apache/commons-exec/src/main/java/org/apache/commons/exec/DefaultExecutor.java","3","221","The method 'setExitValues(int[])' has a NCSS line count of 2.","Design","NcssCount"
"67","org.apache.commons.exec","/Users/grantnelson/go/src/github.com/apache/commons-exec/src/main/java/org/apache/commons/exec/DefaultExecutor.java","3","221","The method 'setExitValues(int[])' has a cognitive complexity of 1, current threshold is 1","Design","CognitiveComplexity"
"68","org.apache.commons.exec","/Users/grantnelson/go/src/github.com/apache/commons-exec/src/main/java/org/apache/commons/exec/DefaultExecutor.java","3","221","The method 'setExitValues(int[])' has a cyclomatic complexity of 2.","Design","CyclomaticComplexity"
"69","org.apache.commons.exec","/Users/grantnelson/go/src/github.com/apache/commons-exec/src/main/java/org/apache/commons/exec/DefaultExecutor.java","3","221","The method 'setExitValues(int[])' has an NPath complexity of 2, current threshold is 1","Design","NPathComplexity"
"70","org.apache.commons.exec","/Users/grantnelson/go/src/github.com/apache/commons-exec/src/main/java/org/apache/commons/exec/DefaultExecutor.java","3","221","Avoid long parameter lists (1 parameters - threshold is 1).","Design","ExcessiveParameterList"
"71","org.apache.commons.exec","/Users/grantnelson/go/src/github.com/apache/commons-exec/src/main/java/org/apache/commons/exec/DefaultExecutor.java","3","226","The method 'isFailure(int)' has a NCSS line count of 11.","Design","NcssCount"
"72","org.apache.commons.exec","/Users/grantnelson/go/src/github.com/apache/commons-exec/src/main/java/org/apache/commons/exec/DefaultExecutor.java","3","226","The method 'isFailure(int)' has a cognitive complexity of 10, current threshold is 1","Design","CognitiveComplexity"
"73","org.apache.commons.exec","/Users/grantnelson/go/src/github.com/apache/commons-exec/src/main/java/org/apache/commons/exec/DefaultExecutor.java","3","226","The method 'isFailure(int)' has a cyclomatic complexity of 5.","Design","CyclomaticComplexity"
"74","org.apache.commons.exec","/Users/grantnelson/go/src/github.com/apache/commons-exec/src/main/java/org/apache/commons/exec/DefaultExecutor.java","3","226","The method 'isFailure(int)' has an NPath complexity of 5, current threshold is 1","Design","NPathComplexity"
"75","org.apache.commons.exec","/Users/grantnelson/go/src/github.com/apache/commons-exec/src/main/java/org/apache/commons/exec/DefaultExecutor.java","3","226","Avoid long parameter lists (1 parameters - threshold is 1).","Design","ExcessiveParameterList"
"76","org.apache.commons.exec","/Users/grantnelson/go/src/github.com/apache/commons-exec/src/main/java/org/apache/commons/exec/DefaultExecutor.java","3","252","The method 'createThread(Runnable, String)' has a NCSS line count of 2.","Design","NcssCount"
"77","org.apache.commons.exec","/Users/grantnelson/go/src/github.com/apache/commons-exec/src/main/java/org/apache/commons/exec/DefaultExecutor.java","3","252","The method 'createThread(Runnable, String)' has a cyclomatic complexity of 1.","Design","CyclomaticComplexity"
"78","org.apache.commons.exec","/Users/grantnelson/go/src/github.com/apache/commons-exec/src/main/java/org/apache/commons/exec/DefaultExecutor.java","3","252","The method 'createThread(Runnable, String)' has an NPath complexity of 1, current threshold is 1","Design","NPathComplexity"
"79","org.apache.commons.exec","/Users/grantnelson/go/src/github.com/apache/commons-exec/src/main/java/org/apache/commons/exec/DefaultExecutor.java","3","252","Avoid long parameter lists (2 parameters - threshold is 1).","Design","ExcessiveParameterList"
"80","org.apache.commons.exec","/Users/grantnelson/go/src/github.com/apache/commons-exec/src/main/java/org/apache/commons/exec/DefaultExecutor.java","3","269","The method 'launch(CommandLine, Map<String, String>, File)' has a NCSS line count of 6.","Design","NcssCount"
"81","org.apache.commons.exec","/Users/grantnelson/go/src/github.com/apache/commons-exec/src/main/java/org/apache/commons/exec/DefaultExecutor.java","3","269","The method 'launch(CommandLine, Map<String, String>, File)' has a cognitive complexity of 3, current threshold is 1","Design","CognitiveComplexity"
"82","org.apache.commons.exec","/Users/grantnelson/go/src/github.com/apache/commons-exec/src/main/java/org/apache/commons/exec/DefaultExecutor.java","3","269","The method 'launch(CommandLine, Map<String, String>, File)' has a cyclomatic complexity of 6.","Design","CyclomaticComplexity"
"83","org.apache.commons.exec","/Users/grantnelson/go/src/github.com/apache/commons-exec/src/main/java/org/apache/commons/exec/DefaultExecutor.java","3","269","The method 'launch(CommandLine, Map<String, String>, File)' has an NPath complexity of 4, current threshold is 1","Design","NPathComplexity"
"84","org.apache.commons.exec","/Users/grantnelson/go/src/github.com/apache/commons-exec/src/main/java/org/apache/commons/exec/DefaultExecutor.java","3","269","Avoid long parameter lists (3 parameters - threshold is 1).","Design","ExcessiveParameterList"
"85","org.apache.commons.exec","/Users/grantnelson/go/src/github.com/apache/commons-exec/src/main/java/org/apache/commons/exec/DefaultExecutor.java","3","287","The method 'getExecutorThread()' has a NCSS line count of 2.","Design","NcssCount"
"86","org.apache.commons.exec","/Users/grantnelson/go/src/github.com/apache/commons-exec/src/main/java/org/apache/commons/exec/DefaultExecutor.java","3","287","The method 'getExecutorThread()' has a cyclomatic complexity of 1.","Design","CyclomaticComplexity"
"87","org.apache.commons.exec","/Users/grantnelson/go/src/github.com/apache/commons-exec/src/main/java/org/apache/commons/exec/DefaultExecutor.java","3","287","The method 'getExecutorThread()' has an NPath complexity of 1, current threshold is 1","Design","NPathComplexity"
"88","org.apache.commons.exec","/Users/grantnelson/go/src/github.com/apache/commons-exec/src/main/java/org/apache/commons/exec/DefaultExecutor.java","3","296","The method 'closeProcessStreams(Process)' has a NCSS line count of 10.","Design","NcssCount"
"89","org.apache.commons.exec","/Users/grantnelson/go/src/github.com/apache/commons-exec/src/main/java/org/apache/commons/exec/DefaultExecutor.java","3","296","The method 'closeProcessStreams(Process)' has a cognitive complexity of 3, current threshold is 1","Design","CognitiveComplexity"
"90","org.apache.commons.exec","/Users/grantnelson/go/src/github.com/apache/commons-exec/src/main/java/org/apache/commons/exec/DefaultExecutor.java","3","296","The method 'closeProcessStreams(Process)' has a cyclomatic complexity of 4.","Design","CyclomaticComplexity"
"91","org.apache.commons.exec","/Users/grantnelson/go/src/github.com/apache/commons-exec/src/main/java/org/apache/commons/exec/DefaultExecutor.java","3","296","The method 'closeProcessStreams(Process)' has an NPath complexity of 1, current threshold is 1","Design","NPathComplexity"
"92","org.apache.commons.exec","/Users/grantnelson/go/src/github.com/apache/commons-exec/src/main/java/org/apache/commons/exec/DefaultExecutor.java","3","296","Avoid long parameter lists (1 parameters - threshold is 1).","Design","ExcessiveParameterList"
"93","org.apache.commons.exec","/Users/grantnelson/go/src/github.com/apache/commons-exec/src/main/java/org/apache/commons/exec/DefaultExecutor.java","3","331","The method 'executeInternal(CommandLine, Map<String, String>, File, ExecuteStreamHandler)' has a NCSS line count of 49.","Design","NcssCount"
"94","org.apache.commons.exec","/Users/grantnelson/go/src/github.com/apache/commons-exec/src/main/java/org/apache/commons/exec/DefaultExecutor.java","3","331","The method 'executeInternal(CommandLine, Map<String, String>, File, ExecuteStreamHandler)' has a cognitive complexity of 19, current threshold is 1","Design","CognitiveComplexity"
"95","org.apache.commons.exec","/Users/grantnelson/go/src/github.com/apache/commons-exec/src/main/java/org/apache/commons/exec/DefaultExecutor.java","3","331","The method 'executeInternal(CommandLine, Map<String, String>, File, ExecuteStreamHandler)' has a cyclomatic complexity of 22.","Design","CyclomaticComplexity"
"96","org.apache.commons.exec","/Users/grantnelson/go/src/github.com/apache/commons-exec/src/main/java/org/apache/commons/exec/DefaultExecutor.java","3","331","The method 'executeInternal(CommandLine, Map<String, String>, File, ExecuteStreamHandler)' has an NPath complexity of 2, current threshold is 1","Design","NPathComplexity"
"97","org.apache.commons.exec","/Users/grantnelson/go/src/github.com/apache/commons-exec/src/main/java/org/apache/commons/exec/DefaultExecutor.java","3","331","Avoid long parameter lists (4 parameters - threshold is 1).","Design","ExcessiveParameterList"
"98","org.apache.commons.exec","/Users/grantnelson/go/src/github.com/apache/commons-exec/src/main/java/org/apache/commons/exec/DefaultExecutor.java","3","436","The method 'setExceptionCaught(IOException)' has a NCSS line count of 3.","Design","NcssCount"
"99","org.apache.commons.exec","/Users/grantnelson/go/src/github.com/apache/commons-exec/src/main/java/org/apache/commons/exec/DefaultExecutor.java","3","436","The method 'setExceptionCaught(IOException)' has a cognitive complexity of 1, current threshold is 1","Design","CognitiveComplexity"
"100","org.apache.commons.exec","/Users/grantnelson/go/src/github.com/apache/commons-exec/src/main/java/org/apache/commons/exec/DefaultExecutor.java","3","436","The method 'setExceptionCaught(IOException)' has a cyclomatic complexity of 2.","Design","CyclomaticComplexity"
"101","org.apache.commons.exec","/Users/grantnelson/go/src/github.com/apache/commons-exec/src/main/java/org/apache/commons/exec/DefaultExecutor.java","3","436","The method 'setExceptionCaught(IOException)' has an NPath complexity of 2, current threshold is 1","Design","NPathComplexity"
"102","org.apache.commons.exec","/Users/grantnelson/go/src/github.com/apache/commons-exec/src/main/java/org/apache/commons/exec/DefaultExecutor.java","3","436","Avoid long parameter lists (1 parameters - threshold is 1).","Design","ExcessiveParameterList"
"103","org.apache.commons.exec","/Users/grantnelson/go/src/github.com/apache/commons-exec/src/main/java/org/apache/commons/exec/DefaultExecutor.java","3","447","The method 'getExceptionCaught()' has a NCSS line count of 2.","Design","NcssCount"
"104","org.apache.commons.exec","/Users/grantnelson/go/src/github.com/apache/commons-exec/src/main/java/org/apache/commons/exec/DefaultExecutor.java","3","447","The method 'getExceptionCaught()' has a cyclomatic complexity of 1.","Design","CyclomaticComplexity"
"105","org.apache.commons.exec","/Users/grantnelson/go/src/github.com/apache/commons-exec/src/main/java/org/apache/commons/exec/DefaultExecutor.java","3","447","The method 'getExceptionCaught()' has an NPath complexity of 1, current threshold is 1","Design","NPathComplexity"
"1","org.apache.commons.exec","/Users/grantnelson/go/src/github.com/apache/commons-exec/src/main/java/org/apache/commons/exec/ExecuteException.java","3","28","The class 'ExecuteException' has a NCSS line count of 16 (Highest = 4).","Design","NcssCount"
"2","org.apache.commons.exec","/Users/grantnelson/go/src/github.com/apache/commons-exec/src/main/java/org/apache/commons/exec/ExecuteException.java","3","28","The class 'ExecuteException' has a total cyclomatic complexity of 4 (highest 1).","Design","CyclomaticComplexity"
"3","org.apache.commons.exec","/Users/grantnelson/go/src/github.com/apache/commons-exec/src/main/java/org/apache/commons/exec/ExecuteException.java","3","28","This class has 4 public methods and attributes; current threshold is 1.","Design","ExcessivePublicCount"
"4","org.apache.commons.exec","/Users/grantnelson/go/src/github.com/apache/commons-exec/src/main/java/org/apache/commons/exec/ExecuteException.java","3","52","The constructor 'ExecuteException(String, int)' has a NCSS line count of 4.","Design","NcssCount"
"5","org.apache.commons.exec","/Users/grantnelson/go/src/github.com/apache/commons-exec/src/main/java/org/apache/commons/exec/ExecuteException.java","3","52","The constructor 'ExecuteException(String, int)' has a cyclomatic complexity of 1.","Design","CyclomaticComplexity"
"6","org.apache.commons.exec","/Users/grantnelson/go/src/github.com/apache/commons-exec/src/main/java/org/apache/commons/exec/ExecuteException.java","3","52","The constructor 'ExecuteException(String, int)' has an NPath complexity of 1, current threshold is 1","Design","NPathComplexity"
"7","org.apache.commons.exec","/Users/grantnelson/go/src/github.com/apache/commons-exec/src/main/java/org/apache/commons/exec/ExecuteException.java","3","52","Avoid long parameter lists (2 parameters - threshold is 1).","Design","ExcessiveParameterList"
"8","org.apache.commons.exec","/Users/grantnelson/go/src/github.com/apache/commons-exec/src/main/java/org/apache/commons/exec/ExecuteException.java","3","67","The constructor 'ExecuteException(String, int, Throwable)' has a NCSS line count of 4.","Design","NcssCount"
"9","org.apache.commons.exec","/Users/grantnelson/go/src/github.com/apache/commons-exec/src/main/java/org/apache/commons/exec/ExecuteException.java","3","67","The constructor 'ExecuteException(String, int, Throwable)' has a cyclomatic complexity of 1.","Design","CyclomaticComplexity"
"10","org.apache.commons.exec","/Users/grantnelson/go/src/github.com/apache/commons-exec/src/main/java/org/apache/commons/exec/ExecuteException.java","3","67","The constructor 'ExecuteException(String, int, Throwable)' has an NPath complexity of 1, current threshold is 1","Design","NPathComplexity"
"11","org.apache.commons.exec","/Users/grantnelson/go/src/github.com/apache/commons-exec/src/main/java/org/apache/commons/exec/ExecuteException.java","3","67","Avoid long parameter lists (3 parameters - threshold is 1).","Design","ExcessiveParameterList"
"12","org.apache.commons.exec","/Users/grantnelson/go/src/github.com/apache/commons-exec/src/main/java/org/apache/commons/exec/ExecuteException.java","3","77","The method 'getCause()' has a NCSS line count of 2.","Design","NcssCount"
"13","org.apache.commons.exec","/Users/grantnelson/go/src/github.com/apache/commons-exec/src/main/java/org/apache/commons/exec/ExecuteException.java","3","77","The method 'getCause()' has a cyclomatic complexity of 1.","Design","CyclomaticComplexity"
"14","org.apache.commons.exec","/Users/grantnelson/go/src/github.com/apache/commons-exec/src/main/java/org/apache/commons/exec/ExecuteException.java","3","77","The method 'getCause()' has an NPath complexity of 1, current threshold is 1","Design","NPathComplexity"
"15","org.apache.commons.exec","/Users/grantnelson/go/src/github.com/apache/commons-exec/src/main/java/org/apache/commons/exec/ExecuteException.java","3","85","The method 'getExitValue()' has a NCSS line count of 2.","Design","NcssCount"
"16","org.apache.commons.exec","/Users/grantnelson/go/src/github.com/apache/commons-exec/src/main/java/org/apache/commons/exec/ExecuteException.java","3","85","The method 'getExitValue()' has a cyclomatic complexity of 1.","Design","CyclomaticComplexity"
"17","org.apache.commons.exec","/Users/grantnelson/go/src/github.com/apache/commons-exec/src/main/java/org/apache/commons/exec/ExecuteException.java","3","85","The method 'getExitValue()' has an NPath complexity of 1, current threshold is 1","Design","NPathComplexity"
"1","org.apache.commons.exec","/Users/grantnelson/go/src/github.com/apache/commons-exec/src/main/java/org/apache/commons/exec/ExecuteResultHandler.java","3","30","The interface 'ExecuteResultHandler' has a NCSS line count of 3 (Highest = 1).","Design","NcssCount"
"2","org.apache.commons.exec","/Users/grantnelson/go/src/github.com/apache/commons-exec/src/main/java/org/apache/commons/exec/ExecuteResultHandler.java","3","30","This class has 2 public methods and attributes; current threshold is 1.","Design","ExcessivePublicCount"
"3","org.apache.commons.exec","/Users/grantnelson/go/src/github.com/apache/commons-exec/src/main/java/org/apache/commons/exec/ExecuteResultHandler.java","3","37","The method 'onProcessComplete(int)' has a NCSS line count of 1.","Design","NcssCount"
"4","org.apache.commons.exec","/Users/grantnelson/go/src/github.com/apache/commons-exec/src/main/java/org/apache/commons/exec/ExecuteResultHandler.java","3","37","The method 'onProcessComplete(int)' has a cyclomatic complexity of 1.","Design","CyclomaticComplexity"
"5","org.apache.commons.exec","/Users/grantnelson/go/src/github.com/apache/commons-exec/src/main/java/org/apache/commons/exec/ExecuteResultHandler.java","3","37","The method 'onProcessComplete(int)' has an NPath complexity of 1, current threshold is 1","Design","NPathComplexity"
"6","org.apache.commons.exec","/Users/grantnelson/go/src/github.com/apache/commons-exec/src/main/java/org/apache/commons/exec/ExecuteResultHandler.java","3","37","Avoid long parameter lists (1 parameters - threshold is 1).","Design","ExcessiveParameterList"
"7","org.apache.commons.exec","/Users/grantnelson/go/src/github.com/apache/commons-exec/src/main/java/org/apache/commons/exec/ExecuteResultHandler.java","3","44","The method 'onProcessFailed(ExecuteException)' has a NCSS line count of 1.","Design","NcssCount"
"8","org.apache.commons.exec","/Users/grantnelson/go/src/github.com/apache/commons-exec/src/main/java/org/apache/commons/exec/ExecuteResultHandler.java","3","44","The method 'onProcessFailed(ExecuteException)' has a cyclomatic complexity of 1.","Design","CyclomaticComplexity"
"9","org.apache.commons.exec","/Users/grantnelson/go/src/github.com/apache/commons-exec/src/main/java/org/apache/commons/exec/ExecuteResultHandler.java","3","44","The method 'onProcessFailed(ExecuteException)' has an NPath complexity of 1, current threshold is 1","Design","NPathComplexity"
"10","org.apache.commons.exec","/Users/grantnelson/go/src/github.com/apache/commons-exec/src/main/java/org/apache/commons/exec/ExecuteResultHandler.java","3","44","Avoid long parameter lists (1 parameters - threshold is 1).","Design","ExcessiveParameterList"
"1","org.apache.commons.exec","/Users/grantnelson/go/src/github.com/apache/commons-exec/src/main/java/org/apache/commons/exec/ExecuteStreamHandler.java","3","31","The interface 'ExecuteStreamHandler' has a NCSS line count of 6 (Highest = 1).","Design","NcssCount"
"2","org.apache.commons.exec","/Users/grantnelson/go/src/github.com/apache/commons-exec/src/main/java/org/apache/commons/exec/ExecuteStreamHandler.java","3","31","This class has 5 public methods and attributes; current threshold is 1.","Design","ExcessivePublicCount"
"3","org.apache.commons.exec","/Users/grantnelson/go/src/github.com/apache/commons-exec/src/main/java/org/apache/commons/exec/ExecuteStreamHandler.java","3","41","The method 'setProcessInputStream(OutputStream)' has a NCSS line count of 1.","Design","NcssCount"
"4","org.apache.commons.exec","/Users/grantnelson/go/src/github.com/apache/commons-exec/src/main/java/org/apache/commons/exec/ExecuteStreamHandler.java","3","41","The method 'setProcessInputStream(OutputStream)' has a cyclomatic complexity of 1.","Design","CyclomaticComplexity"
"5","org.apache.commons.exec","/Users/grantnelson/go/src/github.com/apache/commons-exec/src/main/java/org/apache/commons/exec/ExecuteStreamHandler.java","3","41","The method 'setProcessInputStream(OutputStream)' has an NPath complexity of 1, current threshold is 1","Design","NPathComplexity"
"6","org.apache.commons.exec","/Users/grantnelson/go/src/github.com/apache/commons-exec/src/main/java/org/apache/commons/exec/ExecuteStreamHandler.java","3","41","Avoid long parameter lists (1 parameters - threshold is 1).","Design","ExcessiveParameterList"
"7","org.apache.commons.exec","/Users/grantnelson/go/src/github.com/apache/commons-exec/src/main/java/org/apache/commons/exec/ExecuteStreamHandler.java","3","51","The method 'setProcessErrorStream(InputStream)' has a NCSS line count of 1.","Design","NcssCount"
"8","org.apache.commons.exec","/Users/grantnelson/go/src/github.com/apache/commons-exec/src/main/java/org/apache/commons/exec/ExecuteStreamHandler.java","3","51","The method 'setProcessErrorStream(InputStream)' has a cyclomatic complexity of 1.","Design","CyclomaticComplexity"
"9","org.apache.commons.exec","/Users/grantnelson/go/src/github.com/apache/commons-exec/src/main/java/org/apache/commons/exec/ExecuteStreamHandler.java","3","51","The method 'setProcessErrorStream(InputStream)' has an NPath complexity of 1, current threshold is 1","Design","NPathComplexity"
"10","org.apache.commons.exec","/Users/grantnelson/go/src/github.com/apache/commons-exec/src/main/java/org/apache/commons/exec/ExecuteStreamHandler.java","3","51","Avoid long parameter lists (1 parameters - threshold is 1).","Design","ExcessiveParameterList"
"11","org.apache.commons.exec","/Users/grantnelson/go/src/github.com/apache/commons-exec/src/main/java/org/apache/commons/exec/ExecuteStreamHandler.java","3","61","The method 'setProcessOutputStream(InputStream)' has a NCSS line count of 1.","Design","NcssCount"
"12","org.apache.commons.exec","/Users/grantnelson/go/src/github.com/apache/commons-exec/src/main/java/org/apache/commons/exec/ExecuteStreamHandler.java","3","61","The method 'setProcessOutputStream(InputStream)' has a cyclomatic complexity of 1.","Design","CyclomaticComplexity"
"13","org.apache.commons.exec","/Users/grantnelson/go/src/github.com/apache/commons-exec/src/main/java/org/apache/commons/exec/ExecuteStreamHandler.java","3","61","The method 'setProcessOutputStream(InputStream)' has an NPath complexity of 1, current threshold is 1","Design","NPathComplexity"
"14","org.apache.commons.exec","/Users/grantnelson/go/src/github.com/apache/commons-exec/src/main/java/org/apache/commons/exec/ExecuteStreamHandler.java","3","61","Avoid long parameter lists (1 parameters - threshold is 1).","Design","ExcessiveParameterList"
"15","org.apache.commons.exec","/Users/grantnelson/go/src/github.com/apache/commons-exec/src/main/java/org/apache/commons/exec/ExecuteStreamHandler.java","3","69","The method 'start()' has a NCSS line count of 1.","Design","NcssCount"
"16","org.apache.commons.exec","/Users/grantnelson/go/src/github.com/apache/commons-exec/src/main/java/org/apache/commons/exec/ExecuteStreamHandler.java","3","69","The method 'start()' has a cyclomatic complexity of 1.","Design","CyclomaticComplexity"
"17","org.apache.commons.exec","/Users/grantnelson/go/src/github.com/apache/commons-exec/src/main/java/org/apache/commons/exec/ExecuteStreamHandler.java","3","69","The method 'start()' has an NPath complexity of 1, current threshold is 1","Design","NPathComplexity"
"18","org.apache.commons.exec","/Users/grantnelson/go/src/github.com/apache/commons-exec/src/main/java/org/apache/commons/exec/ExecuteStreamHandler.java","3","77","The method 'stop()' has a NCSS line count of 1.","Design","NcssCount"
"19","org.apache.commons.exec","/Users/grantnelson/go/src/github.com/apache/commons-exec/src/main/java/org/apache/commons/exec/ExecuteStreamHandler.java","3","77","The method 'stop()' has a cyclomatic complexity of 1.","Design","CyclomaticComplexity"
"20","org.apache.commons.exec","/Users/grantnelson/go/src/github.com/apache/commons-exec/src/main/java/org/apache/commons/exec/ExecuteStreamHandler.java","3","77","The method 'stop()' has an NPath complexity of 1, current threshold is 1","Design","NPathComplexity"
"1","org.apache.commons.exec","/Users/grantnelson/go/src/github.com/apache/commons-exec/src/main/java/org/apache/commons/exec/ExecuteWatchdog.java","3","51","The class 'ExecuteWatchdog' has a NCSS line count of 75 (Highest = 13).","Design","NcssCount"
"2","org.apache.commons.exec","/Users/grantnelson/go/src/github.com/apache/commons-exec/src/main/java/org/apache/commons/exec/ExecuteWatchdog.java","3","51","The class 'ExecuteWatchdog' has a total cyclomatic complexity of 29 (highest 6).","Design","CyclomaticComplexity"
"3","org.apache.commons.exec","/Users/grantnelson/go/src/github.com/apache/commons-exec/src/main/java/org/apache/commons/exec/ExecuteWatchdog.java","3","51","This class has 9 public methods and attributes; current threshold is 1.","Design","ExcessivePublicCount"
"4","org.apache.commons.exec","/Users/grantnelson/go/src/github.com/apache/commons-exec/src/main/java/org/apache/commons/exec/ExecuteWatchdog.java","3","84","The constructor 'ExecuteWatchdog(long)' has a NCSS line count of 10.","Design","NcssCount"
"5","org.apache.commons.exec","/Users/grantnelson/go/src/github.com/apache/commons-exec/src/main/java/org/apache/commons/exec/ExecuteWatchdog.java","3","84","The constructor 'ExecuteWatchdog(long)' has a cognitive complexity of 2, current threshold is 1","Design","CognitiveComplexity"
"6","org.apache.commons.exec","/Users/grantnelson/go/src/github.com/apache/commons-exec/src/main/java/org/apache/commons/exec/ExecuteWatchdog.java","3","84","The constructor 'ExecuteWatchdog(long)' has a cyclomatic complexity of 2.","Design","CyclomaticComplexity"
"7","org.apache.commons.exec","/Users/grantnelson/go/src/github.com/apache/commons-exec/src/main/java/org/apache/commons/exec/ExecuteWatchdog.java","3","84","The constructor 'ExecuteWatchdog(long)' has an NPath complexity of 2, current threshold is 1","Design","NPathComplexity"
"8","org.apache.commons.exec","/Users/grantnelson/go/src/github.com/apache/commons-exec/src/main/java/org/apache/commons/exec/ExecuteWatchdog.java","3","84","Avoid long parameter lists (1 parameters - threshold is 1).","Design","ExcessiveParameterList"
"9","org.apache.commons.exec","/Users/grantnelson/go/src/github.com/apache/commons-exec/src/main/java/org/apache/commons/exec/ExecuteWatchdog.java","3","107","The method 'start(Process)' has a NCSS line count of 13.","Design","NcssCount"
"10","org.apache.commons.exec","/Users/grantnelson/go/src/github.com/apache/commons-exec/src/main/java/org/apache/commons/exec/ExecuteWatchdog.java","3","107","The method 'start(Process)' has a cognitive complexity of 3, current threshold is 1","Design","CognitiveComplexity"
"11","org.apache.commons.exec","/Users/grantnelson/go/src/github.com/apache/commons-exec/src/main/java/org/apache/commons/exec/ExecuteWatchdog.java","3","107","The method 'start(Process)' has a cyclomatic complexity of 6.","Design","CyclomaticComplexity"
"12","org.apache.commons.exec","/Users/grantnelson/go/src/github.com/apache/commons-exec/src/main/java/org/apache/commons/exec/ExecuteWatchdog.java","3","107","The method 'start(Process)' has an NPath complexity of 4, current threshold is 1","Design","NPathComplexity"
"13","org.apache.commons.exec","/Users/grantnelson/go/src/github.com/apache/commons-exec/src/main/java/org/apache/commons/exec/ExecuteWatchdog.java","3","107","Avoid long parameter lists (1 parameters - threshold is 1).","Design","ExcessiveParameterList"
"14","org.apache.commons.exec","/Users/grantnelson/go/src/github.com/apache/commons-exec/src/main/java/org/apache/commons/exec/ExecuteWatchdog.java","3","131","The method 'failedToStart(Exception)' has a NCSS line count of 4.","Design","NcssCount"
"15","org.apache.commons.exec","/Users/grantnelson/go/src/github.com/apache/commons-exec/src/main/java/org/apache/commons/exec/ExecuteWatchdog.java","3","131","The method 'failedToStart(Exception)' has a cyclomatic complexity of 1.","Design","CyclomaticComplexity"
"16","org.apache.commons.exec","/Users/grantnelson/go/src/github.com/apache/commons-exec/src/main/java/org/apache/commons/exec/ExecuteWatchdog.java","3","131","The method 'failedToStart(Exception)' has an NPath complexity of 1, current threshold is 1","Design","NPathComplexity"
"17","org.apache.commons.exec","/Users/grantnelson/go/src/github.com/apache/commons-exec/src/main/java/org/apache/commons/exec/ExecuteWatchdog.java","3","131","Avoid long parameter lists (1 parameters - threshold is 1).","Design","ExcessiveParameterList"
"18","org.apache.commons.exec","/Users/grantnelson/go/src/github.com/apache/commons-exec/src/main/java/org/apache/commons/exec/ExecuteWatchdog.java","3","141","The method 'stop()' has a NCSS line count of 5.","Design","NcssCount"
"19","org.apache.commons.exec","/Users/grantnelson/go/src/github.com/apache/commons-exec/src/main/java/org/apache/commons/exec/ExecuteWatchdog.java","3","141","The method 'stop()' has a cognitive complexity of 1, current threshold is 1","Design","CognitiveComplexity"
"20","org.apache.commons.exec","/Users/grantnelson/go/src/github.com/apache/commons-exec/src/main/java/org/apache/commons/exec/ExecuteWatchdog.java","3","141","The method 'stop()' has a cyclomatic complexity of 2.","Design","CyclomaticComplexity"
"21","org.apache.commons.exec","/Users/grantnelson/go/src/github.com/apache/commons-exec/src/main/java/org/apache/commons/exec/ExecuteWatchdog.java","3","141","The method 'stop()' has an NPath complexity of 2, current threshold is 1","Design","NPathComplexity"
"22","org.apache.commons.exec","/Users/grantnelson/go/src/github.com/apache/commons-exec/src/main/java/org/apache/commons/exec/ExecuteWatchdog.java","3","152","The method 'destroyProcess()' has a NCSS line count of 4.","Design","NcssCount"
"23","org.apache.commons.exec","/Users/grantnelson/go/src/github.com/apache/commons-exec/src/main/java/org/apache/commons/exec/ExecuteWatchdog.java","3","152","The method 'destroyProcess()' has a cyclomatic complexity of 1.","Design","CyclomaticComplexity"
"24","org.apache.commons.exec","/Users/grantnelson/go/src/github.com/apache/commons-exec/src/main/java/org/apache/commons/exec/ExecuteWatchdog.java","3","152","The method 'destroyProcess()' has an NPath complexity of 1, current threshold is 1","Design","NPathComplexity"
"25","org.apache.commons.exec","/Users/grantnelson/go/src/github.com/apache/commons-exec/src/main/java/org/apache/commons/exec/ExecuteWatchdog.java","3","161","The method 'timeoutOccured(Watchdog)' has a NCSS line count of 12.","Design","NcssCount"
"26","org.apache.commons.exec","/Users/grantnelson/go/src/github.com/apache/commons-exec/src/main/java/org/apache/commons/exec/ExecuteWatchdog.java","3","161","The method 'timeoutOccured(Watchdog)' has a cognitive complexity of 5, current threshold is 1","Design","CognitiveComplexity"
"27","org.apache.commons.exec","/Users/grantnelson/go/src/github.com/apache/commons-exec/src/main/java/org/apache/commons/exec/ExecuteWatchdog.java","3","161","The method 'timeoutOccured(Watchdog)' has a cyclomatic complexity of 5.","Design","CyclomaticComplexity"
"28","org.apache.commons.exec","/Users/grantnelson/go/src/github.com/apache/commons-exec/src/main/java/org/apache/commons/exec/ExecuteWatchdog.java","3","161","The method 'timeoutOccured(Watchdog)' has an NPath complexity of 4, current threshold is 1","Design","NPathComplexity"
"29","org.apache.commons.exec","/Users/grantnelson/go/src/github.com/apache/commons-exec/src/main/java/org/apache/commons/exec/ExecuteWatchdog.java","3","161","Avoid long parameter lists (1 parameters - threshold is 1).","Design","ExcessiveParameterList"
"30","org.apache.commons.exec","/Users/grantnelson/go/src/github.com/apache/commons-exec/src/main/java/org/apache/commons/exec/ExecuteWatchdog.java","3","196","The method 'checkException()' has a NCSS line count of 3.","Design","NcssCount"
"31","org.apache.commons.exec","/Users/grantnelson/go/src/github.com/apache/commons-exec/src/main/java/org/apache/commons/exec/ExecuteWatchdog.java","3","196","The method 'checkException()' has a cognitive complexity of 1, current threshold is 1","Design","CognitiveComplexity"
"32","org.apache.commons.exec","/Users/grantnelson/go/src/github.com/apache/commons-exec/src/main/java/org/apache/commons/exec/ExecuteWatchdog.java","3","196","The method 'checkException()' has a cyclomatic complexity of 3.","Design","CyclomaticComplexity"
"33","org.apache.commons.exec","/Users/grantnelson/go/src/github.com/apache/commons-exec/src/main/java/org/apache/commons/exec/ExecuteWatchdog.java","3","196","The method 'checkException()' has an NPath complexity of 2, current threshold is 1","Design","NPathComplexity"
"34","org.apache.commons.exec","/Users/grantnelson/go/src/github.com/apache/commons-exec/src/main/java/org/apache/commons/exec/ExecuteWatchdog.java","3","208","The method 'isWatching()' has a NCSS line count of 3.","Design","NcssCount"
"35","org.apache.commons.exec","/Users/grantnelson/go/src/github.com/apache/commons-exec/src/main/java/org/apache/commons/exec/ExecuteWatchdog.java","3","208","The method 'isWatching()' has a cyclomatic complexity of 1.","Design","CyclomaticComplexity"
"36","org.apache.commons.exec","/Users/grantnelson/go/src/github.com/apache/commons-exec/src/main/java/org/apache/commons/exec/ExecuteWatchdog.java","3","208","The method 'isWatching()' has an NPath complexity of 1, current threshold is 1","Design","NPathComplexity"
"37","org.apache.commons.exec","/Users/grantnelson/go/src/github.com/apache/commons-exec/src/main/java/org/apache/commons/exec/ExecuteWatchdog.java","3","219","The method 'killedProcess()' has a NCSS line count of 2.","Design","NcssCount"
"38","org.apache.commons.exec","/Users/grantnelson/go/src/github.com/apache/commons-exec/src/main/java/org/apache/commons/exec/ExecuteWatchdog.java","3","219","The method 'killedProcess()' has a cyclomatic complexity of 1.","Design","CyclomaticComplexity"
"39","org.apache.commons.exec","/Users/grantnelson/go/src/github.com/apache/commons-exec/src/main/java/org/apache/commons/exec/ExecuteWatchdog.java","3","219","The method 'killedProcess()' has an NPath complexity of 1, current threshold is 1","Design","NPathComplexity"
"40","org.apache.commons.exec","/Users/grantnelson/go/src/github.com/apache/commons-exec/src/main/java/org/apache/commons/exec/ExecuteWatchdog.java","3","226","The method 'cleanUp()' has a NCSS line count of 3.","Design","NcssCount"
"41","org.apache.commons.exec","/Users/grantnelson/go/src/github.com/apache/commons-exec/src/main/java/org/apache/commons/exec/ExecuteWatchdog.java","3","226","The method 'cleanUp()' has a cyclomatic complexity of 1.","Design","CyclomaticComplexity"
"42","org.apache.commons.exec","/Users/grantnelson/go/src/github.com/apache/commons-exec/src/main/java/org/apache/commons/exec/ExecuteWatchdog.java","3","226","The method 'cleanUp()' has an NPath complexity of 1, current threshold is 1","Design","NPathComplexity"
"43","org.apache.commons.exec","/Users/grantnelson/go/src/github.com/apache/commons-exec/src/main/java/org/apache/commons/exec/ExecuteWatchdog.java","3","231","The method 'setProcessNotStarted()' has a NCSS line count of 2.","Design","NcssCount"
"44","org.apache.commons.exec","/Users/grantnelson/go/src/github.com/apache/commons-exec/src/main/java/org/apache/commons/exec/ExecuteWatchdog.java","3","231","The method 'setProcessNotStarted()' has a cyclomatic complexity of 1.","Design","CyclomaticComplexity"
"45","org.apache.commons.exec","/Users/grantnelson/go/src/github.com/apache/commons-exec/src/main/java/org/apache/commons/exec/ExecuteWatchdog.java","3","231","The method 'setProcessNotStarted()' has an NPath complexity of 1, current threshold is 1","Design","NPathComplexity"
"46","org.apache.commons.exec","/Users/grantnelson/go/src/github.com/apache/commons-exec/src/main/java/org/apache/commons/exec/ExecuteWatchdog.java","3","240","The method 'ensureStarted()' has a NCSS line count of 5.","Design","NcssCount"
"47","org.apache.commons.exec","/Users/grantnelson/go/src/github.com/apache/commons-exec/src/main/java/org/apache/commons/exec/ExecuteWatchdog.java","3","240","The method 'ensureStarted()' has a cognitive complexity of 4, current threshold is 1","Design","CognitiveComplexity"
"48","org.apache.commons.exec","/Users/grantnelson/go/src/github.com/apache/commons-exec/src/main/java/org/apache/commons/exec/ExecuteWatchdog.java","3","240","The method 'ensureStarted()' has a cyclomatic complexity of 5.","Design","CyclomaticComplexity"
"49","org.apache.commons.exec","/Users/grantnelson/go/src/github.com/apache/commons-exec/src/main/java/org/apache/commons/exec/ExecuteWatchdog.java","3","240","The method 'ensureStarted()' has an NPath complexity of 3, current threshold is 1","Design","NPathComplexity"
"1","org.apache.commons.exec","/Users/grantnelson/go/src/github.com/apache/commons-exec/src/main/java/org/apache/commons/exec/Executor.java","3","49","The interface 'Executor' has a NCSS line count of 17 (Highest = 1).","Design","NcssCount"
"2","org.apache.commons.exec","/Users/grantnelson/go/src/github.com/apache/commons-exec/src/main/java/org/apache/commons/exec/Executor.java","3","49","This class has 15 public methods and attributes; current threshold is 1.","Design","ExcessivePublicCount"
"3","org.apache.commons.exec","/Users/grantnelson/go/src/github.com/apache/commons-exec/src/main/java/org/apache/commons/exec/Executor.java","3","62","The method 'setExitValue(int)' has a NCSS line count of 1.","Design","NcssCount"
"4","org.apache.commons.exec","/Users/grantnelson/go/src/github.com/apache/commons-exec/src/main/java/org/apache/commons/exec/Executor.java","3","62","The method 'setExitValue(int)' has a cyclomatic complexity of 1.","Design","CyclomaticComplexity"
"5","org.apache.commons.exec","/Users/grantnelson/go/src/github.com/apache/commons-exec/src/main/java/org/apache/commons/exec/Executor.java","3","62","The method 'setExitValue(int)' has an NPath complexity of 1, current threshold is 1","Design","NPathComplexity"
"6","org.apache.commons.exec","/Users/grantnelson/go/src/github.com/apache/commons-exec/src/main/java/org/apache/commons/exec/Executor.java","3","62","Avoid long parameter lists (1 parameters - threshold is 1).","Design","ExcessiveParameterList"
"7","org.apache.commons.exec","/Users/grantnelson/go/src/github.com/apache/commons-exec/src/main/java/org/apache/commons/exec/Executor.java","3","79","The method 'setExitValues(int[])' has a NCSS line count of 1.","Design","NcssCount"
"8","org.apache.commons.exec","/Users/grantnelson/go/src/github.com/apache/commons-exec/src/main/java/org/apache/commons/exec/Executor.java","3","79","The method 'setExitValues(int[])' has a cyclomatic complexity of 1.","Design","CyclomaticComplexity"
"9","org.apache.commons.exec","/Users/grantnelson/go/src/github.com/apache/commons-exec/src/main/java/org/apache/commons/exec/Executor.java","3","79","The method 'setExitValues(int[])' has an NPath complexity of 1, current threshold is 1","Design","NPathComplexity"
"10","org.apache.commons.exec","/Users/grantnelson/go/src/github.com/apache/commons-exec/src/main/java/org/apache/commons/exec/Executor.java","3","79","Avoid long parameter lists (1 parameters - threshold is 1).","Design","ExcessiveParameterList"
"11","org.apache.commons.exec","/Users/grantnelson/go/src/github.com/apache/commons-exec/src/main/java/org/apache/commons/exec/Executor.java","3","90","The method 'isFailure(int)' has a NCSS line count of 1.","Design","NcssCount"
"12","org.apache.commons.exec","/Users/grantnelson/go/src/github.com/apache/commons-exec/src/main/java/org/apache/commons/exec/Executor.java","3","90","The method 'isFailure(int)' has a cyclomatic complexity of 1.","Design","CyclomaticComplexity"
"13","org.apache.commons.exec","/Users/grantnelson/go/src/github.com/apache/commons-exec/src/main/java/org/apache/commons/exec/Executor.java","3","90","The method 'isFailure(int)' has an NPath complexity of 1, current threshold is 1","Design","NPathComplexity"
"14","org.apache.commons.exec","/Users/grantnelson/go/src/github.com/apache/commons-exec/src/main/java/org/apache/commons/exec/Executor.java","3","90","Avoid long parameter lists (1 parameters - threshold is 1).","Design","ExcessiveParameterList"
"15","org.apache.commons.exec","/Users/grantnelson/go/src/github.com/apache/commons-exec/src/main/java/org/apache/commons/exec/Executor.java","3","98","The method 'getStreamHandler()' has a NCSS line count of 1.","Design","NcssCount"
"16","org.apache.commons.exec","/Users/grantnelson/go/src/github.com/apache/commons-exec/src/main/java/org/apache/commons/exec/Executor.java","3","98","The method 'getStreamHandler()' has a cyclomatic complexity of 1.","Design","CyclomaticComplexity"
"17","org.apache.commons.exec","/Users/grantnelson/go/src/github.com/apache/commons-exec/src/main/java/org/apache/commons/exec/Executor.java","3","98","The method 'getStreamHandler()' has an NPath complexity of 1, current threshold is 1","Design","NPathComplexity"
"18","org.apache.commons.exec","/Users/grantnelson/go/src/github.com/apache/commons-exec/src/main/java/org/apache/commons/exec/Executor.java","3","109","The method 'setStreamHandler(ExecuteStreamHandler)' has a NCSS line count of 1.","Design","NcssCount"
"19","org.apache.commons.exec","/Users/grantnelson/go/src/github.com/apache/commons-exec/src/main/java/org/apache/commons/exec/Executor.java","3","109","The method 'setStreamHandler(ExecuteStreamHandler)' has a cyclomatic complexity of 1.","Design","CyclomaticComplexity"
"20","org.apache.commons.exec","/Users/grantnelson/go/src/github.com/apache/commons-exec/src/main/java/org/apache/commons/exec/Executor.java","3","109","The method 'setStreamHandler(ExecuteStreamHandler)' has an NPath complexity of 1, current threshold is 1","Design","NPathComplexity"
"21","org.apache.commons.exec","/Users/grantnelson/go/src/github.com/apache/commons-exec/src/main/java/org/apache/commons/exec/Executor.java","3","109","Avoid long parameter lists (1 parameters - threshold is 1).","Design","ExcessiveParameterList"
"22","org.apache.commons.exec","/Users/grantnelson/go/src/github.com/apache/commons-exec/src/main/java/org/apache/commons/exec/Executor.java","3","117","The method 'getWatchdog()' has a NCSS line count of 1.","Design","NcssCount"
"23","org.apache.commons.exec","/Users/grantnelson/go/src/github.com/apache/commons-exec/src/main/java/org/apache/commons/exec/Executor.java","3","117","The method 'getWatchdog()' has a cyclomatic complexity of 1.","Design","CyclomaticComplexity"
"24","org.apache.commons.exec","/Users/grantnelson/go/src/github.com/apache/commons-exec/src/main/java/org/apache/commons/exec/Executor.java","3","117","The method 'getWatchdog()' has an NPath complexity of 1, current threshold is 1","Design","NPathComplexity"
"25","org.apache.commons.exec","/Users/grantnelson/go/src/github.com/apache/commons-exec/src/main/java/org/apache/commons/exec/Executor.java","3","125","The method 'setWatchdog(ExecuteWatchdog)' has a NCSS line count of 1.","Design","NcssCount"
"26","org.apache.commons.exec","/Users/grantnelson/go/src/github.com/apache/commons-exec/src/main/java/org/apache/commons/exec/Executor.java","3","125","The method 'setWatchdog(ExecuteWatchdog)' has a cyclomatic complexity of 1.","Design","CyclomaticComplexity"
"27","org.apache.commons.exec","/Users/grantnelson/go/src/github.com/apache/commons-exec/src/main/java/org/apache/commons/exec/Executor.java","3","125","The method 'setWatchdog(ExecuteWatchdog)' has an NPath complexity of 1, current threshold is 1","Design","NPathComplexity"
"28","org.apache.commons.exec","/Users/grantnelson/go/src/github.com/apache/commons-exec/src/main/java/org/apache/commons/exec/Executor.java","3","125","Avoid long parameter lists (1 parameters - threshold is 1).","Design","ExcessiveParameterList"
"29","org.apache.commons.exec","/Users/grantnelson/go/src/github.com/apache/commons-exec/src/main/java/org/apache/commons/exec/Executor.java","3","133","The method 'getProcessDestroyer()' has a NCSS line count of 1.","Design","NcssCount"
"30","org.apache.commons.exec","/Users/grantnelson/go/src/github.com/apache/commons-exec/src/main/java/org/apache/commons/exec/Executor.java","3","133","The method 'getProcessDestroyer()' has a cyclomatic complexity of 1.","Design","CyclomaticComplexity"
"31","org.apache.commons.exec","/Users/grantnelson/go/src/github.com/apache/commons-exec/src/main/java/org/apache/commons/exec/Executor.java","3","133","The method 'getProcessDestroyer()' has an NPath complexity of 1, current threshold is 1","Design","NPathComplexity"
"32","org.apache.commons.exec","/Users/grantnelson/go/src/github.com/apache/commons-exec/src/main/java/org/apache/commons/exec/Executor.java","3","141","The method 'setProcessDestroyer(ProcessDestroyer)' has a NCSS line count of 1.","Design","NcssCount"
"33","org.apache.commons.exec","/Users/grantnelson/go/src/github.com/apache/commons-exec/src/main/java/org/apache/commons/exec/Executor.java","3","141","The method 'setProcessDestroyer(ProcessDestroyer)' has a cyclomatic complexity of 1.","Design","CyclomaticComplexity"
"34","org.apache.commons.exec","/Users/grantnelson/go/src/github.com/apache/commons-exec/src/main/java/org/apache/commons/exec/Executor.java","3","141","The method 'setProcessDestroyer(ProcessDestroyer)' has an NPath complexity of 1, current threshold is 1","Design","NPathComplexity"
"35","org.apache.commons.exec","/Users/grantnelson/go/src/github.com/apache/commons-exec/src/main/java/org/apache/commons/exec/Executor.java","3","141","Avoid long parameter lists (1 parameters - threshold is 1).","Design","ExcessiveParameterList"
"36","org.apache.commons.exec","/Users/grantnelson/go/src/github.com/apache/commons-exec/src/main/java/org/apache/commons/exec/Executor.java","3","148","The method 'getWorkingDirectory()' has a NCSS line count of 1.","Design","NcssCount"
"37","org.apache.commons.exec","/Users/grantnelson/go/src/github.com/apache/commons-exec/src/main/java/org/apache/commons/exec/Executor.java","3","148","The method 'getWorkingDirectory()' has a cyclomatic complexity of 1.","Design","CyclomaticComplexity"
"38","org.apache.commons.exec","/Users/grantnelson/go/src/github.com/apache/commons-exec/src/main/java/org/apache/commons/exec/Executor.java","3","148","The method 'getWorkingDirectory()' has an NPath complexity of 1, current threshold is 1","Design","NPathComplexity"
"39","org.apache.commons.exec","/Users/grantnelson/go/src/github.com/apache/commons-exec/src/main/java/org/apache/commons/exec/Executor.java","3","156","The method 'setWorkingDirectory(File)' has a NCSS line count of 1.","Design","NcssCount"
"40","org.apache.commons.exec","/Users/grantnelson/go/src/github.com/apache/commons-exec/src/main/java/org/apache/commons/exec/Executor.java","3","156","The method 'setWorkingDirectory(File)' has a cyclomatic complexity of 1.","Design","CyclomaticComplexity"
"41","org.apache.commons.exec","/Users/grantnelson/go/src/github.com/apache/commons-exec/src/main/java/org/apache/commons/exec/Executor.java","3","156","The method 'setWorkingDirectory(File)' has an NPath complexity of 1, current threshold is 1","Design","NPathComplexity"
"42","org.apache.commons.exec","/Users/grantnelson/go/src/github.com/apache/commons-exec/src/main/java/org/apache/commons/exec/Executor.java","3","156","Avoid long parameter lists (1 parameters - threshold is 1).","Design","ExcessiveParameterList"
"43","org.apache.commons.exec","/Users/grantnelson/go/src/github.com/apache/commons-exec/src/main/java/org/apache/commons/exec/Executor.java","3","168","The method 'execute(CommandLine)' has a NCSS line count of 1.","Design","NcssCount"
"44","org.apache.commons.exec","/Users/grantnelson/go/src/github.com/apache/commons-exec/src/main/java/org/apache/commons/exec/Executor.java","3","168","The method 'execute(CommandLine)' has a cyclomatic complexity of 1.","Design","CyclomaticComplexity"
"45","org.apache.commons.exec","/Users/grantnelson/go/src/github.com/apache/commons-exec/src/main/java/org/apache/commons/exec/Executor.java","3","168","The method 'execute(CommandLine)' has an NPath complexity of 1, current threshold is 1","Design","NPathComplexity"
"46","org.apache.commons.exec","/Users/grantnelson/go/src/github.com/apache/commons-exec/src/main/java/org/apache/commons/exec/Executor.java","3","168","Avoid long parameter lists (1 parameters - threshold is 1).","Design","ExcessiveParameterList"
"47","org.apache.commons.exec","/Users/grantnelson/go/src/github.com/apache/commons-exec/src/main/java/org/apache/commons/exec/Executor.java","3","182","The method 'execute(CommandLine, Map<String, String>)' has a NCSS line count of 1.","Design","NcssCount"
"48","org.apache.commons.exec","/Users/grantnelson/go/src/github.com/apache/commons-exec/src/main/java/org/apache/commons/exec/Executor.java","3","182","The method 'execute(CommandLine, Map<String, String>)' has a cyclomatic complexity of 1.","Design","CyclomaticComplexity"
"49","org.apache.commons.exec","/Users/grantnelson/go/src/github.com/apache/commons-exec/src/main/java/org/apache/commons/exec/Executor.java","3","182","The method 'execute(CommandLine, Map<String, String>)' has an NPath complexity of 1, current threshold is 1","Design","NPathComplexity"
"50","org.apache.commons.exec","/Users/grantnelson/go/src/github.com/apache/commons-exec/src/main/java/org/apache/commons/exec/Executor.java","3","182","Avoid long parameter lists (2 parameters - threshold is 1).","Design","ExcessiveParameterList"
"51","org.apache.commons.exec","/Users/grantnelson/go/src/github.com/apache/commons-exec/src/main/java/org/apache/commons/exec/Executor.java","3","194","The method 'execute(CommandLine, ExecuteResultHandler)' has a NCSS line count of 1.","Design","NcssCount"
"52","org.apache.commons.exec","/Users/grantnelson/go/src/github.com/apache/commons-exec/src/main/java/org/apache/commons/exec/Executor.java","3","194","The method 'execute(CommandLine, ExecuteResultHandler)' has a cyclomatic complexity of 1.","Design","CyclomaticComplexity"
"53","org.apache.commons.exec","/Users/grantnelson/go/src/github.com/apache/commons-exec/src/main/java/org/apache/commons/exec/Executor.java","3","194","The method 'execute(CommandLine, ExecuteResultHandler)' has an NPath complexity of 1, current threshold is 1","Design","NPathComplexity"
"54","org.apache.commons.exec","/Users/grantnelson/go/src/github.com/apache/commons-exec/src/main/java/org/apache/commons/exec/Executor.java","3","194","Avoid long parameter lists (2 parameters - threshold is 1).","Design","ExcessiveParameterList"
"55","org.apache.commons.exec","/Users/grantnelson/go/src/github.com/apache/commons-exec/src/main/java/org/apache/commons/exec/Executor.java","3","208","The method 'execute(CommandLine, Map<String, String>, ExecuteResultHandler)' has a NCSS line count of 1.","Design","NcssCount"
"56","org.apache.commons.exec","/Users/grantnelson/go/src/github.com/apache/commons-exec/src/main/java/org/apache/commons/exec/Executor.java","3","208","The method 'execute(CommandLine, Map<String, String>, ExecuteResultHandler)' has a cyclomatic complexity of 1.","Design","CyclomaticComplexity"
"57","org.apache.commons.exec","/Users/grantnelson/go/src/github.com/apache/commons-exec/src/main/java/org/apache/commons/exec/Executor.java","3","208","The method 'execute(CommandLine, Map<String, String>, ExecuteResultHandler)' has an NPath complexity of 1, current threshold is 1","Design","NPathComplexity"
"58","org.apache.commons.exec","/Users/grantnelson/go/src/github.com/apache/commons-exec/src/main/java/org/apache/commons/exec/Executor.java","3","208","Avoid long parameter lists (3 parameters - threshold is 1).","Design","ExcessiveParameterList"
"1","org.apache.commons.exec","/Users/grantnelson/go/src/github.com/apache/commons-exec/src/main/java/org/apache/commons/exec/InputStreamPumper.java","3","31","A value of 2 may denote a high amount of coupling within the class (threshold: 1)","Design","CouplingBetweenObjects"
"2","org.apache.commons.exec","/Users/grantnelson/go/src/github.com/apache/commons-exec/src/main/java/org/apache/commons/exec/InputStreamPumper.java","3","31","The class 'InputStreamPumper' has a NCSS line count of 21 (Highest = 10).","Design","NcssCount"
"3","org.apache.commons.exec","/Users/grantnelson/go/src/github.com/apache/commons-exec/src/main/java/org/apache/commons/exec/InputStreamPumper.java","3","31","The class 'InputStreamPumper' has a total cyclomatic complexity of 7 (highest 5).","Design","CyclomaticComplexity"
"4","org.apache.commons.exec","/Users/grantnelson/go/src/github.com/apache/commons-exec/src/main/java/org/apache/commons/exec/InputStreamPumper.java","3","31","This class has 3 public methods and attributes; current threshold is 1.","Design","ExcessivePublicCount"
"5","org.apache.commons.exec","/Users/grantnelson/go/src/github.com/apache/commons-exec/src/main/java/org/apache/commons/exec/InputStreamPumper.java","3","51","The constructor 'InputStreamPumper(InputStream, OutputStream)' has a NCSS line count of 4.","Design","NcssCount"
"6","org.apache.commons.exec","/Users/grantnelson/go/src/github.com/apache/commons-exec/src/main/java/org/apache/commons/exec/InputStreamPumper.java","3","51","The constructor 'InputStreamPumper(InputStream, OutputStream)' has a cyclomatic complexity of 1.","Design","CyclomaticComplexity"
"7","org.apache.commons.exec","/Users/grantnelson/go/src/github.com/apache/commons-exec/src/main/java/org/apache/commons/exec/InputStreamPumper.java","3","51","The constructor 'InputStreamPumper(InputStream, OutputStream)' has an NPath complexity of 1, current threshold is 1","Design","NPathComplexity"
"8","org.apache.commons.exec","/Users/grantnelson/go/src/github.com/apache/commons-exec/src/main/java/org/apache/commons/exec/InputStreamPumper.java","3","51","Avoid long parameter lists (2 parameters - threshold is 1).","Design","ExcessiveParameterList"
"9","org.apache.commons.exec","/Users/grantnelson/go/src/github.com/apache/commons-exec/src/main/java/org/apache/commons/exec/InputStreamPumper.java","3","62","The method 'run()' has a NCSS line count of 10.","Design","NcssCount"
"10","org.apache.commons.exec","/Users/grantnelson/go/src/github.com/apache/commons-exec/src/main/java/org/apache/commons/exec/InputStreamPumper.java","3","62","The method 'run()' has a cognitive complexity of 5, current threshold is 1","Design","CognitiveComplexity"
"11","org.apache.commons.exec","/Users/grantnelson/go/src/github.com/apache/commons-exec/src/main/java/org/apache/commons/exec/InputStreamPumper.java","3","62","The method 'run()' has a cyclomatic complexity of 5.","Design","CyclomaticComplexity"
"12","org.apache.commons.exec","/Users/grantnelson/go/src/github.com/apache/commons-exec/src/main/java/org/apache/commons/exec/InputStreamPumper.java","3","62","The method 'run()' has an NPath complexity of 4, current threshold is 1","Design","NPathComplexity"
"13","org.apache.commons.exec","/Users/grantnelson/go/src/github.com/apache/commons-exec/src/main/java/org/apache/commons/exec/InputStreamPumper.java","3","79","The method 'stopProcessing()' has a NCSS line count of 2.","Design","NcssCount"
"14","org.apache.commons.exec","/Users/grantnelson/go/src/github.com/apache/commons-exec/src/main/java/org/apache/commons/exec/InputStreamPumper.java","3","79","The method 'stopProcessing()' has a cyclomatic complexity of 1.","Design","CyclomaticComplexity"
"15","org.apache.commons.exec","/Users/grantnelson/go/src/github.com/apache/commons-exec/src/main/java/org/apache/commons/exec/InputStreamPumper.java","3","79","The method 'stopProcessing()' has an NPath complexity of 1, current threshold is 1","Design","NPathComplexity"
"1","org.apache.commons.exec","/Users/grantnelson/go/src/github.com/apache/commons-exec/src/main/java/org/apache/commons/exec/LogOutputStream.java","3","33","The class 'LogOutputStream' has a NCSS line count of 50 (Highest = 16).","Design","NcssCount"
"2","org.apache.commons.exec","/Users/grantnelson/go/src/github.com/apache/commons-exec/src/main/java/org/apache/commons/exec/LogOutputStream.java","3","33","The class 'LogOutputStream' has a total cyclomatic complexity of 23 (highest 9).","Design","CyclomaticComplexity"
"3","org.apache.commons.exec","/Users/grantnelson/go/src/github.com/apache/commons-exec/src/main/java/org/apache/commons/exec/LogOutputStream.java","3","33","This class has 7 public methods and attributes; current threshold is 1.","Design","ExcessivePublicCount"
"4","org.apache.commons.exec","/Users/grantnelson/go/src/github.com/apache/commons-exec/src/main/java/org/apache/commons/exec/LogOutputStream.java","3","57","The constructor 'LogOutputStream()' has a NCSS line count of 2.","Design","NcssCount"
"5","org.apache.commons.exec","/Users/grantnelson/go/src/github.com/apache/commons-exec/src/main/java/org/apache/commons/exec/LogOutputStream.java","3","57","The constructor 'LogOutputStream()' has a cyclomatic complexity of 1.","Design","CyclomaticComplexity"
"6","org.apache.commons.exec","/Users/grantnelson/go/src/github.com/apache/commons-exec/src/main/java/org/apache/commons/exec/LogOutputStream.java","3","57","The constructor 'LogOutputStream()' has an NPath complexity of 1, current threshold is 1","Design","NPathComplexity"
"7","org.apache.commons.exec","/Users/grantnelson/go/src/github.com/apache/commons-exec/src/main/java/org/apache/commons/exec/LogOutputStream.java","3","66","The constructor 'LogOutputStream(int)' has a NCSS line count of 2.","Design","NcssCount"
"8","org.apache.commons.exec","/Users/grantnelson/go/src/github.com/apache/commons-exec/src/main/java/org/apache/commons/exec/LogOutputStream.java","3","66","The constructor 'LogOutputStream(int)' has a cyclomatic complexity of 1.","Design","CyclomaticComplexity"
"9","org.apache.commons.exec","/Users/grantnelson/go/src/github.com/apache/commons-exec/src/main/java/org/apache/commons/exec/LogOutputStream.java","3","66","The constructor 'LogOutputStream(int)' has an NPath complexity of 1, current threshold is 1","Design","NPathComplexity"
"10","org.apache.commons.exec","/Users/grantnelson/go/src/github.com/apache/commons-exec/src/main/java/org/apache/commons/exec/LogOutputStream.java","3","66","Avoid long parameter lists (1 parameters - threshold is 1).","Design","ExcessiveParameterList"
"11","org.apache.commons.exec","/Users/grantnelson/go/src/github.com/apache/commons-exec/src/main/java/org/apache/commons/exec/LogOutputStream.java","3","78","The method 'write(int)' has a NCSS line count of 8.","Design","NcssCount"
"12","org.apache.commons.exec","/Users/grantnelson/go/src/github.com/apache/commons-exec/src/main/java/org/apache/commons/exec/LogOutputStream.java","3","78","The method 'write(int)' has a cognitive complexity of 5, current threshold is 1","Design","CognitiveComplexity"
"13","org.apache.commons.exec","/Users/grantnelson/go/src/github.com/apache/commons-exec/src/main/java/org/apache/commons/exec/LogOutputStream.java","3","78","The method 'write(int)' has a cyclomatic complexity of 4.","Design","CyclomaticComplexity"
"14","org.apache.commons.exec","/Users/grantnelson/go/src/github.com/apache/commons-exec/src/main/java/org/apache/commons/exec/LogOutputStream.java","3","78","The method 'write(int)' has an NPath complexity of 5, current threshold is 1","Design","NPathComplexity"
"15","org.apache.commons.exec","/Users/grantnelson/go/src/github.com/apache/commons-exec/src/main/java/org/apache/commons/exec/LogOutputStream.java","3","78","Avoid long parameter lists (1 parameters - threshold is 1).","Design","ExcessiveParameterList"
"16","org.apache.commons.exec","/Users/grantnelson/go/src/github.com/apache/commons-exec/src/main/java/org/apache/commons/exec/LogOutputStream.java","3","96","The method 'flush()' has a NCSS line count of 3.","Design","NcssCount"
"17","org.apache.commons.exec","/Users/grantnelson/go/src/github.com/apache/commons-exec/src/main/java/org/apache/commons/exec/LogOutputStream.java","3","96","The method 'flush()' has a cognitive complexity of 1, current threshold is 1","Design","CognitiveComplexity"
"18","org.apache.commons.exec","/Users/grantnelson/go/src/github.com/apache/commons-exec/src/main/java/org/apache/commons/exec/LogOutputStream.java","3","96","The method 'flush()' has a cyclomatic complexity of 2.","Design","CyclomaticComplexity"
"19","org.apache.commons.exec","/Users/grantnelson/go/src/github.com/apache/commons-exec/src/main/java/org/apache/commons/exec/LogOutputStream.java","3","96","The method 'flush()' has an NPath complexity of 2, current threshold is 1","Design","NPathComplexity"
"20","org.apache.commons.exec","/Users/grantnelson/go/src/github.com/apache/commons-exec/src/main/java/org/apache/commons/exec/LogOutputStream.java","3","108","The method 'close()' has a NCSS line count of 4.","Design","NcssCount"
"21","org.apache.commons.exec","/Users/grantnelson/go/src/github.com/apache/commons-exec/src/main/java/org/apache/commons/exec/LogOutputStream.java","3","108","The method 'close()' has a cognitive complexity of 1, current threshold is 1","Design","CognitiveComplexity"
"22","org.apache.commons.exec","/Users/grantnelson/go/src/github.com/apache/commons-exec/src/main/java/org/apache/commons/exec/LogOutputStream.java","3","108","The method 'close()' has a cyclomatic complexity of 2.","Design","CyclomaticComplexity"
"23","org.apache.commons.exec","/Users/grantnelson/go/src/github.com/apache/commons-exec/src/main/java/org/apache/commons/exec/LogOutputStream.java","3","108","The method 'close()' has an NPath complexity of 2, current threshold is 1","Design","NPathComplexity"
"24","org.apache.commons.exec","/Users/grantnelson/go/src/github.com/apache/commons-exec/src/main/java/org/apache/commons/exec/LogOutputStream.java","3","118","The method 'getMessageLevel()' has a NCSS line count of 2.","Design","NcssCount"
"25","org.apache.commons.exec","/Users/grantnelson/go/src/github.com/apache/commons-exec/src/main/java/org/apache/commons/exec/LogOutputStream.java","3","118","The method 'getMessageLevel()' has a cyclomatic complexity of 1.","Design","CyclomaticComplexity"
"26","org.apache.commons.exec","/Users/grantnelson/go/src/github.com/apache/commons-exec/src/main/java/org/apache/commons/exec/LogOutputStream.java","3","118","The method 'getMessageLevel()' has an NPath complexity of 1, current threshold is 1","Design","NPathComplexity"
"27","org.apache.commons.exec","/Users/grantnelson/go/src/github.com/apache/commons-exec/src/main/java/org/apache/commons/exec/LogOutputStream.java","3","132","The method 'write(byte[], int, int)' has a NCSS line count of 16.","Design","NcssCount"
"28","org.apache.commons.exec","/Users/grantnelson/go/src/github.com/apache/commons-exec/src/main/java/org/apache/commons/exec/LogOutputStream.java","3","132","The method 'write(byte[], int, int)' has a cognitive complexity of 10, current threshold is 1","Design","CognitiveComplexity"
"29","org.apache.commons.exec","/Users/grantnelson/go/src/github.com/apache/commons-exec/src/main/java/org/apache/commons/exec/LogOutputStream.java","3","132","The method 'write(byte[], int, int)' has a cyclomatic complexity of 9.","Design","CyclomaticComplexity"
"30","org.apache.commons.exec","/Users/grantnelson/go/src/github.com/apache/commons-exec/src/main/java/org/apache/commons/exec/LogOutputStream.java","3","132","The method 'write(byte[], int, int)' has an NPath complexity of 33, current threshold is 1","Design","NPathComplexity"
"31","org.apache.commons.exec","/Users/grantnelson/go/src/github.com/apache/commons-exec/src/main/java/org/apache/commons/exec/LogOutputStream.java","3","132","Avoid long parameter lists (3 parameters - threshold is 1).","Design","ExcessiveParameterList"
"32","org.apache.commons.exec","/Users/grantnelson/go/src/github.com/apache/commons-exec/src/main/java/org/apache/commons/exec/LogOutputStream.java","3","160","The method 'processBuffer()' has a NCSS line count of 3.","Design","NcssCount"
"33","org.apache.commons.exec","/Users/grantnelson/go/src/github.com/apache/commons-exec/src/main/java/org/apache/commons/exec/LogOutputStream.java","3","160","The method 'processBuffer()' has a cyclomatic complexity of 1.","Design","CyclomaticComplexity"
"34","org.apache.commons.exec","/Users/grantnelson/go/src/github.com/apache/commons-exec/src/main/java/org/apache/commons/exec/LogOutputStream.java","3","160","The method 'processBuffer()' has an NPath complexity of 1, current threshold is 1","Design","NPathComplexity"
"35","org.apache.commons.exec","/Users/grantnelson/go/src/github.com/apache/commons-exec/src/main/java/org/apache/commons/exec/LogOutputStream.java","3","171","The method 'processLine(String)' has a NCSS line count of 2.","Design","NcssCount"
"36","org.apache.commons.exec","/Users/grantnelson/go/src/github.com/apache/commons-exec/src/main/java/org/apache/commons/exec/LogOutputStream.java","3","171","The method 'processLine(String)' has a cyclomatic complexity of 1.","Design","CyclomaticComplexity"
"37","org.apache.commons.exec","/Users/grantnelson/go/src/github.com/apache/commons-exec/src/main/java/org/apache/commons/exec/LogOutputStream.java","3","171","The method 'processLine(String)' has an NPath complexity of 1, current threshold is 1","Design","NPathComplexity"
"38","org.apache.commons.exec","/Users/grantnelson/go/src/github.com/apache/commons-exec/src/main/java/org/apache/commons/exec/LogOutputStream.java","3","171","Avoid long parameter lists (1 parameters - threshold is 1).","Design","ExcessiveParameterList"
"39","org.apache.commons.exec","/Users/grantnelson/go/src/github.com/apache/commons-exec/src/main/java/org/apache/commons/exec/LogOutputStream.java","3","181","The method 'processLine(String, int)' has a NCSS line count of 1.","Design","NcssCount"
"40","org.apache.commons.exec","/Users/grantnelson/go/src/github.com/apache/commons-exec/src/main/java/org/apache/commons/exec/LogOutputStream.java","3","181","The method 'processLine(String, int)' has a cyclomatic complexity of 1.","Design","CyclomaticComplexity"
"41","org.apache.commons.exec","/Users/grantnelson/go/src/github.com/apache/commons-exec/src/main/java/org/apache/commons/exec/LogOutputStream.java","3","181","The method 'processLine(String, int)' has an NPath complexity of 1, current threshold is 1","Design","NPathComplexity"
"42","org.apache.commons.exec","/Users/grantnelson/go/src/github.com/apache/commons-exec/src/main/java/org/apache/commons/exec/LogOutputStream.java","3","181","Avoid long parameter lists (2 parameters - threshold is 1).","Design","ExcessiveParameterList"
"1","org.apache.commons.exec","/Users/grantnelson/go/src/github.com/apache/commons-exec/src/main/java/org/apache/commons/exec/OS.java","3","27","The class 'OS' has a NCSS line count of 110 (Highest = 59).","Design","NcssCount"
"2","org.apache.commons.exec","/Users/grantnelson/go/src/github.com/apache/commons-exec/src/main/java/org/apache/commons/exec/OS.java","3","27","The class 'OS' has a total cyclomatic complexity of 40 (highest 23).","Design","CyclomaticComplexity"
"3","org.apache.commons.exec","/Users/grantnelson/go/src/github.com/apache/commons-exec/src/main/java/org/apache/commons/exec/OS.java","3","27","This class has 16 public methods and attributes; current threshold is 1.","Design","ExcessivePublicCount"
"4","org.apache.commons.exec","/Users/grantnelson/go/src/github.com/apache/commons-exec/src/main/java/org/apache/commons/exec/OS.java","3","88","The constructor 'OS()' has a NCSS line count of 1.","Design","NcssCount"
"5","org.apache.commons.exec","/Users/grantnelson/go/src/github.com/apache/commons-exec/src/main/java/org/apache/commons/exec/OS.java","3","88","The constructor 'OS()' has a cyclomatic complexity of 1.","Design","CyclomaticComplexity"
"6","org.apache.commons.exec","/Users/grantnelson/go/src/github.com/apache/commons-exec/src/main/java/org/apache/commons/exec/OS.java","3","88","The constructor 'OS()' has an NPath complexity of 1, current threshold is 1","Design","NPathComplexity"
"7","org.apache.commons.exec","/Users/grantnelson/go/src/github.com/apache/commons-exec/src/main/java/org/apache/commons/exec/OS.java","3","98","The method 'isFamily(String)' has a NCSS line count of 2.","Design","NcssCount"
"8","org.apache.commons.exec","/Users/grantnelson/go/src/github.com/apache/commons-exec/src/main/java/org/apache/commons/exec/OS.java","3","98","The method 'isFamily(String)' has a cyclomatic complexity of 1.","Design","CyclomaticComplexity"
"9","org.apache.commons.exec","/Users/grantnelson/go/src/github.com/apache/commons-exec/src/main/java/org/apache/commons/exec/OS.java","3","98","The method 'isFamily(String)' has an NPath complexity of 1, current threshold is 1","Design","NPathComplexity"
"10","org.apache.commons.exec","/Users/grantnelson/go/src/github.com/apache/commons-exec/src/main/java/org/apache/commons/exec/OS.java","3","98","Avoid long parameter lists (1 parameters - threshold is 1).","Design","ExcessiveParameterList"
"11","org.apache.commons.exec","/Users/grantnelson/go/src/github.com/apache/commons-exec/src/main/java/org/apache/commons/exec/OS.java","3","102","The method 'isFamilyDOS()' has a NCSS line count of 2.","Design","NcssCount"
"12","org.apache.commons.exec","/Users/grantnelson/go/src/github.com/apache/commons-exec/src/main/java/org/apache/commons/exec/OS.java","3","102","The method 'isFamilyDOS()' has a cyclomatic complexity of 1.","Design","CyclomaticComplexity"
"13","org.apache.commons.exec","/Users/grantnelson/go/src/github.com/apache/commons-exec/src/main/java/org/apache/commons/exec/OS.java","3","102","The method 'isFamilyDOS()' has an NPath complexity of 1, current threshold is 1","Design","NPathComplexity"
"14","org.apache.commons.exec","/Users/grantnelson/go/src/github.com/apache/commons-exec/src/main/java/org/apache/commons/exec/OS.java","3","106","The method 'isFamilyMac()' has a NCSS line count of 2.","Design","NcssCount"
"15","org.apache.commons.exec","/Users/grantnelson/go/src/github.com/apache/commons-exec/src/main/java/org/apache/commons/exec/OS.java","3","106","The method 'isFamilyMac()' has a cyclomatic complexity of 1.","Design","CyclomaticComplexity"
"16","org.apache.commons.exec","/Users/grantnelson/go/src/github.com/apache/commons-exec/src/main/java/org/apache/commons/exec/OS.java","3","106","The method 'isFamilyMac()' has an NPath complexity of 1, current threshold is 1","Design","NPathComplexity"
"17","org.apache.commons.exec","/Users/grantnelson/go/src/github.com/apache/commons-exec/src/main/java/org/apache/commons/exec/OS.java","3","110","The method 'isFamilyNetware()' has a NCSS line count of 2.","Design","NcssCount"
"18","org.apache.commons.exec","/Users/grantnelson/go/src/github.com/apache/commons-exec/src/main/java/org/apache/commons/exec/OS.java","3","110","The method 'isFamilyNetware()' has a cyclomatic complexity of 1.","Design","CyclomaticComplexity"
"19","org.apache.commons.exec","/Users/grantnelson/go/src/github.com/apache/commons-exec/src/main/java/org/apache/commons/exec/OS.java","3","110","The method 'isFamilyNetware()' has an NPath complexity of 1, current threshold is 1","Design","NPathComplexity"
"20","org.apache.commons.exec","/Users/grantnelson/go/src/github.com/apache/commons-exec/src/main/java/org/apache/commons/exec/OS.java","3","114","The method 'isFamilyOS2()' has a NCSS line count of 2.","Design","NcssCount"
"21","org.apache.commons.exec","/Users/grantnelson/go/src/github.com/apache/commons-exec/src/main/java/org/apache/commons/exec/OS.java","3","114","The method 'isFamilyOS2()' has a cyclomatic complexity of 1.","Design","CyclomaticComplexity"
"22","org.apache.commons.exec","/Users/grantnelson/go/src/github.com/apache/commons-exec/src/main/java/org/apache/commons/exec/OS.java","3","114","The method 'isFamilyOS2()' has an NPath complexity of 1, current threshold is 1","Design","NPathComplexity"
"23","org.apache.commons.exec","/Users/grantnelson/go/src/github.com/apache/commons-exec/src/main/java/org/apache/commons/exec/OS.java","3","118","The method 'isFamilyTandem()' has a NCSS line count of 2.","Design","NcssCount"
"24","org.apache.commons.exec","/Users/grantnelson/go/src/github.com/apache/commons-exec/src/main/java/org/apache/commons/exec/OS.java","3","118","The method 'isFamilyTandem()' has a cyclomatic complexity of 1.","Design","CyclomaticComplexity"
"25","org.apache.commons.exec","/Users/grantnelson/go/src/github.com/apache/commons-exec/src/main/java/org/apache/commons/exec/OS.java","3","118","The method 'isFamilyTandem()' has an NPath complexity of 1, current threshold is 1","Design","NPathComplexity"
"26","org.apache.commons.exec","/Users/grantnelson/go/src/github.com/apache/commons-exec/src/main/java/org/apache/commons/exec/OS.java","3","122","The method 'isFamilyUnix()' has a NCSS line count of 2.","Design","NcssCount"
"27","org.apache.commons.exec","/Users/grantnelson/go/src/github.com/apache/commons-exec/src/main/java/org/apache/commons/exec/OS.java","3","122","The method 'isFamilyUnix()' has a cyclomatic complexity of 1.","Design","CyclomaticComplexity"
"28","org.apache.commons.exec","/Users/grantnelson/go/src/github.com/apache/commons-exec/src/main/java/org/apache/commons/exec/OS.java","3","122","The method 'isFamilyUnix()' has an NPath complexity of 1, current threshold is 1","Design","NPathComplexity"
"29","org.apache.commons.exec","/Users/grantnelson/go/src/github.com/apache/commons-exec/src/main/java/org/apache/commons/exec/OS.java","3","126","The method 'isFamilyWindows()' has a NCSS line count of 2.","Design","NcssCount"
"30","org.apache.commons.exec","/Users/grantnelson/go/src/github.com/apache/commons-exec/src/main/java/org/apache/commons/exec/OS.java","3","126","The method 'isFamilyWindows()' has a cyclomatic complexity of 1.","Design","CyclomaticComplexity"
"31","org.apache.commons.exec","/Users/grantnelson/go/src/github.com/apache/commons-exec/src/main/java/org/apache/commons/exec/OS.java","3","126","The method 'isFamilyWindows()' has an NPath complexity of 1, current threshold is 1","Design","NPathComplexity"
"32","org.apache.commons.exec","/Users/grantnelson/go/src/github.com/apache/commons-exec/src/main/java/org/apache/commons/exec/OS.java","3","130","The method 'isFamilyWin9x()' has a NCSS line count of 2.","Design","NcssCount"
"33","org.apache.commons.exec","/Users/grantnelson/go/src/github.com/apache/commons-exec/src/main/java/org/apache/commons/exec/OS.java","3","130","The method 'isFamilyWin9x()' has a cyclomatic complexity of 1.","Design","CyclomaticComplexity"
"34","org.apache.commons.exec","/Users/grantnelson/go/src/github.com/apache/commons-exec/src/main/java/org/apache/commons/exec/OS.java","3","130","The method 'isFamilyWin9x()' has an NPath complexity of 1, current threshold is 1","Design","NPathComplexity"
"35","org.apache.commons.exec","/Users/grantnelson/go/src/github.com/apache/commons-exec/src/main/java/org/apache/commons/exec/OS.java","3","134","The method 'isFamilyWinNT()' has a NCSS line count of 2.","Design","NcssCount"
"36","org.apache.commons.exec","/Users/grantnelson/go/src/github.com/apache/commons-exec/src/main/java/org/apache/commons/exec/OS.java","3","134","The method 'isFamilyWinNT()' has a cyclomatic complexity of 1.","Design","CyclomaticComplexity"
"37","org.apache.commons.exec","/Users/grantnelson/go/src/github.com/apache/commons-exec/src/main/java/org/apache/commons/exec/OS.java","3","134","The method 'isFamilyWinNT()' has an NPath complexity of 1, current threshold is 1","Design","NPathComplexity"
"38","org.apache.commons.exec","/Users/grantnelson/go/src/github.com/apache/commons-exec/src/main/java/org/apache/commons/exec/OS.java","3","138","The method 'isFamilyZOS()' has a NCSS line count of 2.","Design","NcssCount"
"39","org.apache.commons.exec","/Users/grantnelson/go/src/github.com/apache/commons-exec/src/main/java/org/apache/commons/exec/OS.java","3","138","The method 'isFamilyZOS()' has a cyclomatic complexity of 1.","Design","CyclomaticComplexity"
"40","org.apache.commons.exec","/Users/grantnelson/go/src/github.com/apache/commons-exec/src/main/java/org/apache/commons/exec/OS.java","3","138","The method 'isFamilyZOS()' has an NPath complexity of 1, current threshold is 1","Design","NPathComplexity"
"41","org.apache.commons.exec","/Users/grantnelson/go/src/github.com/apache/commons-exec/src/main/java/org/apache/commons/exec/OS.java","3","142","The method 'isFamilyOS400()' has a NCSS line count of 2.","Design","NcssCount"
"42","org.apache.commons.exec","/Users/grantnelson/go/src/github.com/apache/commons-exec/src/main/java/org/apache/commons/exec/OS.java","3","142","The method 'isFamilyOS400()' has a cyclomatic complexity of 1.","Design","CyclomaticComplexity"
"43","org.apache.commons.exec","/Users/grantnelson/go/src/github.com/apache/commons-exec/src/main/java/org/apache/commons/exec/OS.java","3","142","The method 'isFamilyOS400()' has an NPath complexity of 1, current threshold is 1","Design","NPathComplexity"
"44","org.apache.commons.exec","/Users/grantnelson/go/src/github.com/apache/commons-exec/src/main/java/org/apache/commons/exec/OS.java","3","146","The method 'isFamilyOpenVms()' has a NCSS line count of 2.","Design","NcssCount"
"45","org.apache.commons.exec","/Users/grantnelson/go/src/github.com/apache/commons-exec/src/main/java/org/apache/commons/exec/OS.java","3","146","The method 'isFamilyOpenVms()' has a cyclomatic complexity of 1.","Design","CyclomaticComplexity"
"46","org.apache.commons.exec","/Users/grantnelson/go/src/github.com/apache/commons-exec/src/main/java/org/apache/commons/exec/OS.java","3","146","The method 'isFamilyOpenVms()' has an NPath complexity of 1, current threshold is 1","Design","NPathComplexity"
"47","org.apache.commons.exec","/Users/grantnelson/go/src/github.com/apache/commons-exec/src/main/java/org/apache/commons/exec/OS.java","3","157","The method 'isName(String)' has a NCSS line count of 2.","Design","NcssCount"
"48","org.apache.commons.exec","/Users/grantnelson/go/src/github.com/apache/commons-exec/src/main/java/org/apache/commons/exec/OS.java","3","157","The method 'isName(String)' has a cyclomatic complexity of 1.","Design","CyclomaticComplexity"
"49","org.apache.commons.exec","/Users/grantnelson/go/src/github.com/apache/commons-exec/src/main/java/org/apache/commons/exec/OS.java","3","157","The method 'isName(String)' has an NPath complexity of 1, current threshold is 1","Design","NPathComplexity"
"50","org.apache.commons.exec","/Users/grantnelson/go/src/github.com/apache/commons-exec/src/main/java/org/apache/commons/exec/OS.java","3","157","Avoid long parameter lists (1 parameters - threshold is 1).","Design","ExcessiveParameterList"
"51","org.apache.commons.exec","/Users/grantnelson/go/src/github.com/apache/commons-exec/src/main/java/org/apache/commons/exec/OS.java","3","168","The method 'isArch(String)' has a NCSS line count of 2.","Design","NcssCount"
"52","org.apache.commons.exec","/Users/grantnelson/go/src/github.com/apache/commons-exec/src/main/java/org/apache/commons/exec/OS.java","3","168","The method 'isArch(String)' has a cyclomatic complexity of 1.","Design","CyclomaticComplexity"
"53","org.apache.commons.exec","/Users/grantnelson/go/src/github.com/apache/commons-exec/src/main/java/org/apache/commons/exec/OS.java","3","168","The method 'isArch(String)' has an NPath complexity of 1, current threshold is 1","Design","NPathComplexity"
"54","org.apache.commons.exec","/Users/grantnelson/go/src/github.com/apache/commons-exec/src/main/java/org/apache/commons/exec/OS.java","3","168","Avoid long parameter lists (1 parameters - threshold is 1).","Design","ExcessiveParameterList"
"55","org.apache.commons.exec","/Users/grantnelson/go/src/github.com/apache/commons-exec/src/main/java/org/apache/commons/exec/OS.java","3","179","The method 'isVersion(String)' has a NCSS line count of 2.","Design","NcssCount"
"56","org.apache.commons.exec","/Users/grantnelson/go/src/github.com/apache/commons-exec/src/main/java/org/apache/commons/exec/OS.java","3","179","The method 'isVersion(String)' has a cyclomatic complexity of 1.","Design","CyclomaticComplexity"
"57","org.apache.commons.exec","/Users/grantnelson/go/src/github.com/apache/commons-exec/src/main/java/org/apache/commons/exec/OS.java","3","179","The method 'isVersion(String)' has an NPath complexity of 1, current threshold is 1","Design","NPathComplexity"
"58","org.apache.commons.exec","/Users/grantnelson/go/src/github.com/apache/commons-exec/src/main/java/org/apache/commons/exec/OS.java","3","179","Avoid long parameter lists (1 parameters - threshold is 1).","Design","ExcessiveParameterList"
"59","org.apache.commons.exec","/Users/grantnelson/go/src/github.com/apache/commons-exec/src/main/java/org/apache/commons/exec/OS.java","3","193","The method 'isOs(String, String, String, String)' has a NCSS line count of 59.","Design","NcssCount"
"60","org.apache.commons.exec","/Users/grantnelson/go/src/github.com/apache/commons-exec/src/main/java/org/apache/commons/exec/OS.java","3","193","The method 'isOs(String, String, String, String)' has a cognitive complexity of 37, current threshold is 1","Design","CognitiveComplexity"
"61","org.apache.commons.exec","/Users/grantnelson/go/src/github.com/apache/commons-exec/src/main/java/org/apache/commons/exec/OS.java","3","193","The method 'isOs(String, String, String, String)' has a cyclomatic complexity of 23.","Design","CyclomaticComplexity"
"62","org.apache.commons.exec","/Users/grantnelson/go/src/github.com/apache/commons-exec/src/main/java/org/apache/commons/exec/OS.java","3","193","The method 'isOs(String, String, String, String)' has an NPath complexity of 13589, current threshold is 1","Design","NPathComplexity"
"63","org.apache.commons.exec","/Users/grantnelson/go/src/github.com/apache/commons-exec/src/main/java/org/apache/commons/exec/OS.java","3","193","Avoid long parameter lists (4 parameters - threshold is 1).","Design","ExcessiveParameterList"
"1","org.apache.commons.exec","/Users/grantnelson/go/src/github.com/apache/commons-exec/src/main/java/org/apache/commons/exec/ProcessDestroyer.java","3","28","The interface 'ProcessDestroyer' has a NCSS line count of 4 (Highest = 1).","Design","NcssCount"
"2","org.apache.commons.exec","/Users/grantnelson/go/src/github.com/apache/commons-exec/src/main/java/org/apache/commons/exec/ProcessDestroyer.java","3","28","This class has 3 public methods and attributes; current threshold is 1.","Design","ExcessivePublicCount"
"3","org.apache.commons.exec","/Users/grantnelson/go/src/github.com/apache/commons-exec/src/main/java/org/apache/commons/exec/ProcessDestroyer.java","3","41","The method 'add(Process)' has a NCSS line count of 1.","Design","NcssCount"
"4","org.apache.commons.exec","/Users/grantnelson/go/src/github.com/apache/commons-exec/src/main/java/org/apache/commons/exec/ProcessDestroyer.java","3","41","The method 'add(Process)' has a cyclomatic complexity of 1.","Design","CyclomaticComplexity"
"5","org.apache.commons.exec","/Users/grantnelson/go/src/github.com/apache/commons-exec/src/main/java/org/apache/commons/exec/ProcessDestroyer.java","3","41","The method 'add(Process)' has an NPath complexity of 1, current threshold is 1","Design","NPathComplexity"
"6","org.apache.commons.exec","/Users/grantnelson/go/src/github.com/apache/commons-exec/src/main/java/org/apache/commons/exec/ProcessDestroyer.java","3","41","Avoid long parameter lists (1 parameters - threshold is 1).","Design","ExcessiveParameterList"
"7","org.apache.commons.exec","/Users/grantnelson/go/src/github.com/apache/commons-exec/src/main/java/org/apache/commons/exec/ProcessDestroyer.java","3","54","The method 'remove(Process)' has a NCSS line count of 1.","Design","NcssCount"
"8","org.apache.commons.exec","/Users/grantnelson/go/src/github.com/apache/commons-exec/src/main/java/org/apache/commons/exec/ProcessDestroyer.java","3","54","The method 'remove(Process)' has a cyclomatic complexity of 1.","Design","CyclomaticComplexity"
"9","org.apache.commons.exec","/Users/grantnelson/go/src/github.com/apache/commons-exec/src/main/java/org/apache/commons/exec/ProcessDestroyer.java","3","54","The method 'remove(Process)' has an NPath complexity of 1, current threshold is 1","Design","NPathComplexity"
"10","org.apache.commons.exec","/Users/grantnelson/go/src/github.com/apache/commons-exec/src/main/java/org/apache/commons/exec/ProcessDestroyer.java","3","54","Avoid long parameter lists (1 parameters - threshold is 1).","Design","ExcessiveParameterList"
"11","org.apache.commons.exec","/Users/grantnelson/go/src/github.com/apache/commons-exec/src/main/java/org/apache/commons/exec/ProcessDestroyer.java","3","61","The method 'size()' has a NCSS line count of 1.","Design","NcssCount"
"12","org.apache.commons.exec","/Users/grantnelson/go/src/github.com/apache/commons-exec/src/main/java/org/apache/commons/exec/ProcessDestroyer.java","3","61","The method 'size()' has a cyclomatic complexity of 1.","Design","CyclomaticComplexity"
"13","org.apache.commons.exec","/Users/grantnelson/go/src/github.com/apache/commons-exec/src/main/java/org/apache/commons/exec/ProcessDestroyer.java","3","61","The method 'size()' has an NPath complexity of 1, current threshold is 1","Design","NPathComplexity"
"1","org.apache.commons.exec","/Users/grantnelson/go/src/github.com/apache/commons-exec/src/main/java/org/apache/commons/exec/PumpStreamHandler.java","3","35","A value of 4 may denote a high amount of coupling within the class (threshold: 1)","Design","CouplingBetweenObjects"
"2","org.apache.commons.exec","/Users/grantnelson/go/src/github.com/apache/commons-exec/src/main/java/org/apache/commons/exec/PumpStreamHandler.java","3","35","The class 'PumpStreamHandler' has a NCSS line count of 98 (Highest = 18).","Design","NcssCount"
"3","org.apache.commons.exec","/Users/grantnelson/go/src/github.com/apache/commons-exec/src/main/java/org/apache/commons/exec/PumpStreamHandler.java","3","35","The class 'PumpStreamHandler' has a total cyclomatic complexity of 39 (highest 9).","Design","CyclomaticComplexity"
"4","org.apache.commons.exec","/Users/grantnelson/go/src/github.com/apache/commons-exec/src/main/java/org/apache/commons/exec/PumpStreamHandler.java","3","35","This class has 10 public methods and attributes; current threshold is 1.","Design","ExcessivePublicCount"
"5","org.apache.commons.exec","/Users/grantnelson/go/src/github.com/apache/commons-exec/src/main/java/org/apache/commons/exec/PumpStreamHandler.java","3","62","The constructor 'PumpStreamHandler()' has a NCSS line count of 2.","Design","NcssCount"
"6","org.apache.commons.exec","/Users/grantnelson/go/src/github.com/apache/commons-exec/src/main/java/org/apache/commons/exec/PumpStreamHandler.java","3","62","The constructor 'PumpStreamHandler()' has a cyclomatic complexity of 1.","Design","CyclomaticComplexity"
"7","org.apache.commons.exec","/Users/grantnelson/go/src/github.com/apache/commons-exec/src/main/java/org/apache/commons/exec/PumpStreamHandler.java","3","62","The constructor 'PumpStreamHandler()' has an NPath complexity of 1, current threshold is 1","Design","NPathComplexity"
"8","org.apache.commons.exec","/Users/grantnelson/go/src/github.com/apache/commons-exec/src/main/java/org/apache/commons/exec/PumpStreamHandler.java","3","71","The constructor 'PumpStreamHandler(OutputStream)' has a NCSS line count of 2.","Design","NcssCount"
"9","org.apache.commons.exec","/Users/grantnelson/go/src/github.com/apache/commons-exec/src/main/java/org/apache/commons/exec/PumpStreamHandler.java","3","71","The constructor 'PumpStreamHandler(OutputStream)' has a cyclomatic complexity of 1.","Design","CyclomaticComplexity"
"10","org.apache.commons.exec","/Users/grantnelson/go/src/github.com/apache/commons-exec/src/main/java/org/apache/commons/exec/PumpStreamHandler.java","3","71","The constructor 'PumpStreamHandler(OutputStream)' has an NPath complexity of 1, current threshold is 1","Design","NPathComplexity"
"11","org.apache.commons.exec","/Users/grantnelson/go/src/github.com/apache/commons-exec/src/main/java/org/apache/commons/exec/PumpStreamHandler.java","3","71","Avoid long parameter lists (1 parameters - threshold is 1).","Design","ExcessiveParameterList"
"12","org.apache.commons.exec","/Users/grantnelson/go/src/github.com/apache/commons-exec/src/main/java/org/apache/commons/exec/PumpStreamHandler.java","3","81","The constructor 'PumpStreamHandler(OutputStream, OutputStream)' has a NCSS line count of 2.","Design","NcssCount"
"13","org.apache.commons.exec","/Users/grantnelson/go/src/github.com/apache/commons-exec/src/main/java/org/apache/commons/exec/PumpStreamHandler.java","3","81","The constructor 'PumpStreamHandler(OutputStream, OutputStream)' has a cyclomatic complexity of 1.","Design","CyclomaticComplexity"
"14","org.apache.commons.exec","/Users/grantnelson/go/src/github.com/apache/commons-exec/src/main/java/org/apache/commons/exec/PumpStreamHandler.java","3","81","The constructor 'PumpStreamHandler(OutputStream, OutputStream)' has an NPath complexity of 1, current threshold is 1","Design","NPathComplexity"
"15","org.apache.commons.exec","/Users/grantnelson/go/src/github.com/apache/commons-exec/src/main/java/org/apache/commons/exec/PumpStreamHandler.java","3","81","Avoid long parameter lists (2 parameters - threshold is 1).","Design","ExcessiveParameterList"
"16","org.apache.commons.exec","/Users/grantnelson/go/src/github.com/apache/commons-exec/src/main/java/org/apache/commons/exec/PumpStreamHandler.java","3","92","The constructor 'PumpStreamHandler(OutputStream, OutputStream, InputStream)' has a NCSS line count of 4.","Design","NcssCount"
"17","org.apache.commons.exec","/Users/grantnelson/go/src/github.com/apache/commons-exec/src/main/java/org/apache/commons/exec/PumpStreamHandler.java","3","92","The constructor 'PumpStreamHandler(OutputStream, OutputStream, InputStream)' has a cyclomatic complexity of 1.","Design","CyclomaticComplexity"
"18","org.apache.commons.exec","/Users/grantnelson/go/src/github.com/apache/commons-exec/src/main/java/org/apache/commons/exec/PumpStreamHandler.java","3","92","The constructor 'PumpStreamHandler(OutputStream, OutputStream, InputStream)' has an NPath complexity of 1, current threshold is 1","Design","NPathComplexity"
"19","org.apache.commons.exec","/Users/grantnelson/go/src/github.com/apache/commons-exec/src/main/java/org/apache/commons/exec/PumpStreamHandler.java","3","92","Avoid long parameter lists (3 parameters - threshold is 1).","Design","ExcessiveParameterList"
"20","org.apache.commons.exec","/Users/grantnelson/go/src/github.com/apache/commons-exec/src/main/java/org/apache/commons/exec/PumpStreamHandler.java","3","104","The method 'setStopTimeout(long)' has a NCSS line count of 2.","Design","NcssCount"
"21","org.apache.commons.exec","/Users/grantnelson/go/src/github.com/apache/commons-exec/src/main/java/org/apache/commons/exec/PumpStreamHandler.java","3","104","The method 'setStopTimeout(long)' has a cyclomatic complexity of 1.","Design","CyclomaticComplexity"
"22","org.apache.commons.exec","/Users/grantnelson/go/src/github.com/apache/commons-exec/src/main/java/org/apache/commons/exec/PumpStreamHandler.java","3","104","The method 'setStopTimeout(long)' has an NPath complexity of 1, current threshold is 1","Design","NPathComplexity"
"23","org.apache.commons.exec","/Users/grantnelson/go/src/github.com/apache/commons-exec/src/main/java/org/apache/commons/exec/PumpStreamHandler.java","3","104","Avoid long parameter lists (1 parameters - threshold is 1).","Design","ExcessiveParameterList"
"24","org.apache.commons.exec","/Users/grantnelson/go/src/github.com/apache/commons-exec/src/main/java/org/apache/commons/exec/PumpStreamHandler.java","3","114","The method 'setProcessOutputStream(InputStream)' has a NCSS line count of 3.","Design","NcssCount"
"25","org.apache.commons.exec","/Users/grantnelson/go/src/github.com/apache/commons-exec/src/main/java/org/apache/commons/exec/PumpStreamHandler.java","3","114","The method 'setProcessOutputStream(InputStream)' has a cognitive complexity of 1, current threshold is 1","Design","CognitiveComplexity"
"26","org.apache.commons.exec","/Users/grantnelson/go/src/github.com/apache/commons-exec/src/main/java/org/apache/commons/exec/PumpStreamHandler.java","3","114","The method 'setProcessOutputStream(InputStream)' has a cyclomatic complexity of 2.","Design","CyclomaticComplexity"
"27","org.apache.commons.exec","/Users/grantnelson/go/src/github.com/apache/commons-exec/src/main/java/org/apache/commons/exec/PumpStreamHandler.java","3","114","The method 'setProcessOutputStream(InputStream)' has an NPath complexity of 2, current threshold is 1","Design","NPathComplexity"
"28","org.apache.commons.exec","/Users/grantnelson/go/src/github.com/apache/commons-exec/src/main/java/org/apache/commons/exec/PumpStreamHandler.java","3","114","Avoid long parameter lists (1 parameters - threshold is 1).","Design","ExcessiveParameterList"
"29","org.apache.commons.exec","/Users/grantnelson/go/src/github.com/apache/commons-exec/src/main/java/org/apache/commons/exec/PumpStreamHandler.java","3","126","The method 'setProcessErrorStream(InputStream)' has a NCSS line count of 3.","Design","NcssCount"
"30","org.apache.commons.exec","/Users/grantnelson/go/src/github.com/apache/commons-exec/src/main/java/org/apache/commons/exec/PumpStreamHandler.java","3","126","The method 'setProcessErrorStream(InputStream)' has a cognitive complexity of 1, current threshold is 1","Design","CognitiveComplexity"
"31","org.apache.commons.exec","/Users/grantnelson/go/src/github.com/apache/commons-exec/src/main/java/org/apache/commons/exec/PumpStreamHandler.java","3","126","The method 'setProcessErrorStream(InputStream)' has a cyclomatic complexity of 2.","Design","CyclomaticComplexity"
"32","org.apache.commons.exec","/Users/grantnelson/go/src/github.com/apache/commons-exec/src/main/java/org/apache/commons/exec/PumpStreamHandler.java","3","126","The method 'setProcessErrorStream(InputStream)' has an NPath complexity of 2, current threshold is 1","Design","NPathComplexity"
"33","org.apache.commons.exec","/Users/grantnelson/go/src/github.com/apache/commons-exec/src/main/java/org/apache/commons/exec/PumpStreamHandler.java","3","126","Avoid long parameter lists (1 parameters - threshold is 1).","Design","ExcessiveParameterList"
"34","org.apache.commons.exec","/Users/grantnelson/go/src/github.com/apache/commons-exec/src/main/java/org/apache/commons/exec/PumpStreamHandler.java","3","138","The method 'setProcessInputStream(OutputStream)' has a NCSS line count of 11.","Design","NcssCount"
"35","org.apache.commons.exec","/Users/grantnelson/go/src/github.com/apache/commons-exec/src/main/java/org/apache/commons/exec/PumpStreamHandler.java","3","138","The method 'setProcessInputStream(OutputStream)' has a cognitive complexity of 7, current threshold is 1","Design","CognitiveComplexity"
"36","org.apache.commons.exec","/Users/grantnelson/go/src/github.com/apache/commons-exec/src/main/java/org/apache/commons/exec/PumpStreamHandler.java","3","138","The method 'setProcessInputStream(OutputStream)' has a cyclomatic complexity of 4.","Design","CyclomaticComplexity"
"37","org.apache.commons.exec","/Users/grantnelson/go/src/github.com/apache/commons-exec/src/main/java/org/apache/commons/exec/PumpStreamHandler.java","3","138","The method 'setProcessInputStream(OutputStream)' has an NPath complexity of 3, current threshold is 1","Design","NPathComplexity"
"38","org.apache.commons.exec","/Users/grantnelson/go/src/github.com/apache/commons-exec/src/main/java/org/apache/commons/exec/PumpStreamHandler.java","3","138","Avoid long parameter lists (1 parameters - threshold is 1).","Design","ExcessiveParameterList"
"39","org.apache.commons.exec","/Users/grantnelson/go/src/github.com/apache/commons-exec/src/main/java/org/apache/commons/exec/PumpStreamHandler.java","3","158","The method 'start()' has a NCSS line count of 7.","Design","NcssCount"
"40","org.apache.commons.exec","/Users/grantnelson/go/src/github.com/apache/commons-exec/src/main/java/org/apache/commons/exec/PumpStreamHandler.java","3","158","The method 'start()' has a cognitive complexity of 3, current threshold is 1","Design","CognitiveComplexity"
"41","org.apache.commons.exec","/Users/grantnelson/go/src/github.com/apache/commons-exec/src/main/java/org/apache/commons/exec/PumpStreamHandler.java","3","158","The method 'start()' has a cyclomatic complexity of 4.","Design","CyclomaticComplexity"
"42","org.apache.commons.exec","/Users/grantnelson/go/src/github.com/apache/commons-exec/src/main/java/org/apache/commons/exec/PumpStreamHandler.java","3","158","The method 'start()' has an NPath complexity of 8, current threshold is 1","Design","NPathComplexity"
"43","org.apache.commons.exec","/Users/grantnelson/go/src/github.com/apache/commons-exec/src/main/java/org/apache/commons/exec/PumpStreamHandler.java","3","174","The method 'stop()' has a NCSS line count of 18.","Design","NcssCount"
"44","org.apache.commons.exec","/Users/grantnelson/go/src/github.com/apache/commons-exec/src/main/java/org/apache/commons/exec/PumpStreamHandler.java","3","174","The method 'stop()' has a cognitive complexity of 9, current threshold is 1","Design","CognitiveComplexity"
"45","org.apache.commons.exec","/Users/grantnelson/go/src/github.com/apache/commons-exec/src/main/java/org/apache/commons/exec/PumpStreamHandler.java","3","174","The method 'stop()' has a cyclomatic complexity of 9.","Design","CyclomaticComplexity"
"46","org.apache.commons.exec","/Users/grantnelson/go/src/github.com/apache/commons-exec/src/main/java/org/apache/commons/exec/PumpStreamHandler.java","3","174","The method 'stop()' has an NPath complexity of 24, current threshold is 1","Design","NPathComplexity"
"47","org.apache.commons.exec","/Users/grantnelson/go/src/github.com/apache/commons-exec/src/main/java/org/apache/commons/exec/PumpStreamHandler.java","3","212","The method 'getErr()' has a NCSS line count of 2.","Design","NcssCount"
"48","org.apache.commons.exec","/Users/grantnelson/go/src/github.com/apache/commons-exec/src/main/java/org/apache/commons/exec/PumpStreamHandler.java","3","212","The method 'getErr()' has a cyclomatic complexity of 1.","Design","CyclomaticComplexity"
"49","org.apache.commons.exec","/Users/grantnelson/go/src/github.com/apache/commons-exec/src/main/java/org/apache/commons/exec/PumpStreamHandler.java","3","212","The method 'getErr()' has an NPath complexity of 1, current threshold is 1","Design","NPathComplexity"
"50","org.apache.commons.exec","/Users/grantnelson/go/src/github.com/apache/commons-exec/src/main/java/org/apache/commons/exec/PumpStreamHandler.java","3","221","The method 'getOut()' has a NCSS line count of 2.","Design","NcssCount"
"51","org.apache.commons.exec","/Users/grantnelson/go/src/github.com/apache/commons-exec/src/main/java/org/apache/commons/exec/PumpStreamHandler.java","3","221","The method 'getOut()' has a cyclomatic complexity of 1.","Design","CyclomaticComplexity"
"52","org.apache.commons.exec","/Users/grantnelson/go/src/github.com/apache/commons-exec/src/main/java/org/apache/commons/exec/PumpStreamHandler.java","3","221","The method 'getOut()' has an NPath complexity of 1, current threshold is 1","Design","NPathComplexity"
"53","org.apache.commons.exec","/Users/grantnelson/go/src/github.com/apache/commons-exec/src/main/java/org/apache/commons/exec/PumpStreamHandler.java","3","231","The method 'createProcessOutputPump(InputStream, OutputStream)' has a NCSS line count of 2.","Design","NcssCount"
"54","org.apache.commons.exec","/Users/grantnelson/go/src/github.com/apache/commons-exec/src/main/java/org/apache/commons/exec/PumpStreamHandler.java","3","231","The method 'createProcessOutputPump(InputStream, OutputStream)' has a cyclomatic complexity of 1.","Design","CyclomaticComplexity"
"55","org.apache.commons.exec","/Users/grantnelson/go/src/github.com/apache/commons-exec/src/main/java/org/apache/commons/exec/PumpStreamHandler.java","3","231","The method 'createProcessOutputPump(InputStream, OutputStream)' has an NPath complexity of 1, current threshold is 1","Design","NPathComplexity"
"56","org.apache.commons.exec","/Users/grantnelson/go/src/github.com/apache/commons-exec/src/main/java/org/apache/commons/exec/PumpStreamHandler.java","3","231","Avoid long parameter lists (2 parameters - threshold is 1).","Design","ExcessiveParameterList"
"57","org.apache.commons.exec","/Users/grantnelson/go/src/github.com/apache/commons-exec/src/main/java/org/apache/commons/exec/PumpStreamHandler.java","3","241","The method 'createProcessErrorPump(InputStream, OutputStream)' has a NCSS line count of 2.","Design","NcssCount"
"58","org.apache.commons.exec","/Users/grantnelson/go/src/github.com/apache/commons-exec/src/main/java/org/apache/commons/exec/PumpStreamHandler.java","3","241","The method 'createProcessErrorPump(InputStream, OutputStream)' has a cyclomatic complexity of 1.","Design","CyclomaticComplexity"
"59","org.apache.commons.exec","/Users/grantnelson/go/src/github.com/apache/commons-exec/src/main/java/org/apache/commons/exec/PumpStreamHandler.java","3","241","The method 'createProcessErrorPump(InputStream, OutputStream)' has an NPath complexity of 1, current threshold is 1","Design","NPathComplexity"
"60","org.apache.commons.exec","/Users/grantnelson/go/src/github.com/apache/commons-exec/src/main/java/org/apache/commons/exec/PumpStreamHandler.java","3","241","Avoid long parameter lists (2 parameters - threshold is 1).","Design","ExcessiveParameterList"
"61","org.apache.commons.exec","/Users/grantnelson/go/src/github.com/apache/commons-exec/src/main/java/org/apache/commons/exec/PumpStreamHandler.java","3","254","The method 'createPump(InputStream, OutputStream)' has a NCSS line count of 3.","Design","NcssCount"
"62","org.apache.commons.exec","/Users/grantnelson/go/src/github.com/apache/commons-exec/src/main/java/org/apache/commons/exec/PumpStreamHandler.java","3","254","The method 'createPump(InputStream, OutputStream)' has a cognitive complexity of 1, current threshold is 1","Design","CognitiveComplexity"
"63","org.apache.commons.exec","/Users/grantnelson/go/src/github.com/apache/commons-exec/src/main/java/org/apache/commons/exec/PumpStreamHandler.java","3","254","The method 'createPump(InputStream, OutputStream)' has a cyclomatic complexity of 2.","Design","CyclomaticComplexity"
"64","org.apache.commons.exec","/Users/grantnelson/go/src/github.com/apache/commons-exec/src/main/java/org/apache/commons/exec/PumpStreamHandler.java","3","254","The method 'createPump(InputStream, OutputStream)' has an NPath complexity of 2, current threshold is 1","Design","NPathComplexity"
"65","org.apache.commons.exec","/Users/grantnelson/go/src/github.com/apache/commons-exec/src/main/java/org/apache/commons/exec/PumpStreamHandler.java","3","254","Avoid long parameter lists (2 parameters - threshold is 1).","Design","ExcessiveParameterList"
"66","org.apache.commons.exec","/Users/grantnelson/go/src/github.com/apache/commons-exec/src/main/java/org/apache/commons/exec/PumpStreamHandler.java","3","268","The method 'createPump(InputStream, OutputStream, boolean)' has a NCSS line count of 4.","Design","NcssCount"
"67","org.apache.commons.exec","/Users/grantnelson/go/src/github.com/apache/commons-exec/src/main/java/org/apache/commons/exec/PumpStreamHandler.java","3","268","The method 'createPump(InputStream, OutputStream, boolean)' has a cyclomatic complexity of 1.","Design","CyclomaticComplexity"
"68","org.apache.commons.exec","/Users/grantnelson/go/src/github.com/apache/commons-exec/src/main/java/org/apache/commons/exec/PumpStreamHandler.java","3","268","The method 'createPump(InputStream, OutputStream, boolean)' has an NPath complexity of 1, current threshold is 1","Design","NPathComplexity"
"69","org.apache.commons.exec","/Users/grantnelson/go/src/github.com/apache/commons-exec/src/main/java/org/apache/commons/exec/PumpStreamHandler.java","3","268","Avoid long parameter lists (3 parameters - threshold is 1).","Design","ExcessiveParameterList"
"70","org.apache.commons.exec","/Users/grantnelson/go/src/github.com/apache/commons-exec/src/main/java/org/apache/commons/exec/PumpStreamHandler.java","3","283","The method 'stopThread(Thread, long)' has a NCSS line count of 13.","Design","NcssCount"
"71","org.apache.commons.exec","/Users/grantnelson/go/src/github.com/apache/commons-exec/src/main/java/org/apache/commons/exec/PumpStreamHandler.java","3","283","The method 'stopThread(Thread, long)' has a cognitive complexity of 9, current threshold is 1","Design","CognitiveComplexity"
"72","org.apache.commons.exec","/Users/grantnelson/go/src/github.com/apache/commons-exec/src/main/java/org/apache/commons/exec/PumpStreamHandler.java","3","283","The method 'stopThread(Thread, long)' has a cyclomatic complexity of 5.","Design","CyclomaticComplexity"
"73","org.apache.commons.exec","/Users/grantnelson/go/src/github.com/apache/commons-exec/src/main/java/org/apache/commons/exec/PumpStreamHandler.java","3","283","The method 'stopThread(Thread, long)' has an NPath complexity of 4, current threshold is 1","Design","NPathComplexity"
"74","org.apache.commons.exec","/Users/grantnelson/go/src/github.com/apache/commons-exec/src/main/java/org/apache/commons/exec/PumpStreamHandler.java","3","283","Avoid long parameter lists (2 parameters - threshold is 1).","Design","ExcessiveParameterList"
"75","org.apache.commons.exec","/Users/grantnelson/go/src/github.com/apache/commons-exec/src/main/java/org/apache/commons/exec/PumpStreamHandler.java","3","312","The method 'createSystemInPump(InputStream, OutputStream)' has a NCSS line count of 5.","Design","NcssCount"
"76","org.apache.commons.exec","/Users/grantnelson/go/src/github.com/apache/commons-exec/src/main/java/org/apache/commons/exec/PumpStreamHandler.java","3","312","The method 'createSystemInPump(InputStream, OutputStream)' has a cyclomatic complexity of 1.","Design","CyclomaticComplexity"
"77","org.apache.commons.exec","/Users/grantnelson/go/src/github.com/apache/commons-exec/src/main/java/org/apache/commons/exec/PumpStreamHandler.java","3","312","The method 'createSystemInPump(InputStream, OutputStream)' has an NPath complexity of 1, current threshold is 1","Design","NPathComplexity"
"78","org.apache.commons.exec","/Users/grantnelson/go/src/github.com/apache/commons-exec/src/main/java/org/apache/commons/exec/PumpStreamHandler.java","3","312","Avoid long parameter lists (2 parameters - threshold is 1).","Design","ExcessiveParameterList"
"1","org.apache.commons.exec","/Users/grantnelson/go/src/github.com/apache/commons-exec/src/main/java/org/apache/commons/exec/ShutdownHookProcessDestroyer.java","3","29","A value of 3 may denote a high amount of coupling within the class (threshold: 1)","Design","CouplingBetweenObjects"
"2","org.apache.commons.exec","/Users/grantnelson/go/src/github.com/apache/commons-exec/src/main/java/org/apache/commons/exec/ShutdownHookProcessDestroyer.java","3","29","The class 'ShutdownHookProcessDestroyer' has a NCSS line count of 56 (Highest = 11).","Design","NcssCount"
"3","org.apache.commons.exec","/Users/grantnelson/go/src/github.com/apache/commons-exec/src/main/java/org/apache/commons/exec/ShutdownHookProcessDestroyer.java","3","29","The class 'ShutdownHookProcessDestroyer' has a total cyclomatic complexity of 18 (highest 5).","Design","CyclomaticComplexity"
"4","org.apache.commons.exec","/Users/grantnelson/go/src/github.com/apache/commons-exec/src/main/java/org/apache/commons/exec/ShutdownHookProcessDestroyer.java","3","29","This class has 6 public methods and attributes; current threshold is 1.","Design","ExcessivePublicCount"
"5","org.apache.commons.exec","/Users/grantnelson/go/src/github.com/apache/commons-exec/src/main/java/org/apache/commons/exec/ShutdownHookProcessDestroyer.java","3","45","The class 'ProcessDestroyerImpl' has a NCSS line count of 9 (Highest = 3).","Design","NcssCount"
"6","org.apache.commons.exec","/Users/grantnelson/go/src/github.com/apache/commons-exec/src/main/java/org/apache/commons/exec/ShutdownHookProcessDestroyer.java","3","45","The class 'ProcessDestroyerImpl' has a total cyclomatic complexity of 4 (highest 2).","Design","CyclomaticComplexity"
"7","org.apache.commons.exec","/Users/grantnelson/go/src/github.com/apache/commons-exec/src/main/java/org/apache/commons/exec/ShutdownHookProcessDestroyer.java","3","45","This class has 3 public methods and attributes; current threshold is 1.","Design","ExcessivePublicCount"
"8","org.apache.commons.exec","/Users/grantnelson/go/src/github.com/apache/commons-exec/src/main/java/org/apache/commons/exec/ShutdownHookProcessDestroyer.java","3","49","The constructor 'ProcessDestroyerImpl()' has a NCSS line count of 2.","Design","NcssCount"
"9","org.apache.commons.exec","/Users/grantnelson/go/src/github.com/apache/commons-exec/src/main/java/org/apache/commons/exec/ShutdownHookProcessDestroyer.java","3","49","The constructor 'ProcessDestroyerImpl()' has a cyclomatic complexity of 1.","Design","CyclomaticComplexity"
"10","org.apache.commons.exec","/Users/grantnelson/go/src/github.com/apache/commons-exec/src/main/java/org/apache/commons/exec/ShutdownHookProcessDestroyer.java","3","49","The constructor 'ProcessDestroyerImpl()' has an NPath complexity of 1, current threshold is 1","Design","NPathComplexity"
"11","org.apache.commons.exec","/Users/grantnelson/go/src/github.com/apache/commons-exec/src/main/java/org/apache/commons/exec/ShutdownHookProcessDestroyer.java","3","54","The method 'run()' has a NCSS line count of 3.","Design","NcssCount"
"12","org.apache.commons.exec","/Users/grantnelson/go/src/github.com/apache/commons-exec/src/main/java/org/apache/commons/exec/ShutdownHookProcessDestroyer.java","3","54","The method 'run()' has a cognitive complexity of 1, current threshold is 1","Design","CognitiveComplexity"
"13","org.apache.commons.exec","/Users/grantnelson/go/src/github.com/apache/commons-exec/src/main/java/org/apache/commons/exec/ShutdownHookProcessDestroyer.java","3","54","The method 'run()' has a cyclomatic complexity of 2.","Design","CyclomaticComplexity"
"14","org.apache.commons.exec","/Users/grantnelson/go/src/github.com/apache/commons-exec/src/main/java/org/apache/commons/exec/ShutdownHookProcessDestroyer.java","3","54","The method 'run()' has an NPath complexity of 2, current threshold is 1","Design","NPathComplexity"
"15","org.apache.commons.exec","/Users/grantnelson/go/src/github.com/apache/commons-exec/src/main/java/org/apache/commons/exec/ShutdownHookProcessDestroyer.java","3","60","The method 'setShouldDestroy(boolean)' has a NCSS line count of 2.","Design","NcssCount"
"16","org.apache.commons.exec","/Users/grantnelson/go/src/github.com/apache/commons-exec/src/main/java/org/apache/commons/exec/ShutdownHookProcessDestroyer.java","3","60","The method 'setShouldDestroy(boolean)' has a cyclomatic complexity of 1.","Design","CyclomaticComplexity"
"17","org.apache.commons.exec","/Users/grantnelson/go/src/github.com/apache/commons-exec/src/main/java/org/apache/commons/exec/ShutdownHookProcessDestroyer.java","3","60","The method 'setShouldDestroy(boolean)' has an NPath complexity of 1, current threshold is 1","Design","NPathComplexity"
"18","org.apache.commons.exec","/Users/grantnelson/go/src/github.com/apache/commons-exec/src/main/java/org/apache/commons/exec/ShutdownHookProcessDestroyer.java","3","60","Avoid long parameter lists (1 parameters - threshold is 1).","Design","ExcessiveParameterList"
"19","org.apache.commons.exec","/Users/grantnelson/go/src/github.com/apache/commons-exec/src/main/java/org/apache/commons/exec/ShutdownHookProcessDestroyer.java","3","75","The constructor 'ShutdownHookProcessDestroyer()' has a NCSS line count of 1.","Design","NcssCount"
"20","org.apache.commons.exec","/Users/grantnelson/go/src/github.com/apache/commons-exec/src/main/java/org/apache/commons/exec/ShutdownHookProcessDestroyer.java","3","75","The constructor 'ShutdownHookProcessDestroyer()' has a cyclomatic complexity of 1.","Design","CyclomaticComplexity"
"21","org.apache.commons.exec","/Users/grantnelson/go/src/github.com/apache/commons-exec/src/main/java/org/apache/commons/exec/ShutdownHookProcessDestroyer.java","3","75","The constructor 'ShutdownHookProcessDestroyer()' has an NPath complexity of 1, current threshold is 1","Design","NPathComplexity"
"22","org.apache.commons.exec","/Users/grantnelson/go/src/github.com/apache/commons-exec/src/main/java/org/apache/commons/exec/ShutdownHookProcessDestroyer.java","3","82","The method 'addShutdownHook()' has a NCSS line count of 5.","Design","NcssCount"
"23","org.apache.commons.exec","/Users/grantnelson/go/src/github.com/apache/commons-exec/src/main/java/org/apache/commons/exec/ShutdownHookProcessDestroyer.java","3","82","The method 'addShutdownHook()' has a cognitive complexity of 1, current threshold is 1","Design","CognitiveComplexity"
"24","org.apache.commons.exec","/Users/grantnelson/go/src/github.com/apache/commons-exec/src/main/java/org/apache/commons/exec/ShutdownHookProcessDestroyer.java","3","82","The method 'addShutdownHook()' has a cyclomatic complexity of 2.","Design","CyclomaticComplexity"
"25","org.apache.commons.exec","/Users/grantnelson/go/src/github.com/apache/commons-exec/src/main/java/org/apache/commons/exec/ShutdownHookProcessDestroyer.java","3","82","The method 'addShutdownHook()' has an NPath complexity of 2, current threshold is 1","Design","NPathComplexity"
"26","org.apache.commons.exec","/Users/grantnelson/go/src/github.com/apache/commons-exec/src/main/java/org/apache/commons/exec/ShutdownHookProcessDestroyer.java","3","94","The method 'removeShutdownHook()' has a NCSS line count of 11.","Design","NcssCount"
"27","org.apache.commons.exec","/Users/grantnelson/go/src/github.com/apache/commons-exec/src/main/java/org/apache/commons/exec/ShutdownHookProcessDestroyer.java","3","94","The method 'removeShutdownHook()' has a cognitive complexity of 6, current threshold is 1","Design","CognitiveComplexity"
"28","org.apache.commons.exec","/Users/grantnelson/go/src/github.com/apache/commons-exec/src/main/java/org/apache/commons/exec/ShutdownHookProcessDestroyer.java","3","94","The method 'removeShutdownHook()' has a cyclomatic complexity of 5.","Design","CyclomaticComplexity"
"29","org.apache.commons.exec","/Users/grantnelson/go/src/github.com/apache/commons-exec/src/main/java/org/apache/commons/exec/ShutdownHookProcessDestroyer.java","3","94","The method 'removeShutdownHook()' has an NPath complexity of 4, current threshold is 1","Design","NPathComplexity"
"30","org.apache.commons.exec","/Users/grantnelson/go/src/github.com/apache/commons-exec/src/main/java/org/apache/commons/exec/ShutdownHookProcessDestroyer.java","3","127","The method 'isAddedAsShutdownHook()' has a NCSS line count of 2.","Design","NcssCount"
"31","org.apache.commons.exec","/Users/grantnelson/go/src/github.com/apache/commons-exec/src/main/java/org/apache/commons/exec/ShutdownHookProcessDestroyer.java","3","127","The method 'isAddedAsShutdownHook()' has a cyclomatic complexity of 1.","Design","CyclomaticComplexity"
"32","org.apache.commons.exec","/Users/grantnelson/go/src/github.com/apache/commons-exec/src/main/java/org/apache/commons/exec/ShutdownHookProcessDestroyer.java","3","127","The method 'isAddedAsShutdownHook()' has an NPath complexity of 1, current threshold is 1","Design","NPathComplexity"
"33","org.apache.commons.exec","/Users/grantnelson/go/src/github.com/apache/commons-exec/src/main/java/org/apache/commons/exec/ShutdownHookProcessDestroyer.java","3","140","The method 'add(Process)' has a NCSS line count of 6.","Design","NcssCount"
"34","org.apache.commons.exec","/Users/grantnelson/go/src/github.com/apache/commons-exec/src/main/java/org/apache/commons/exec/ShutdownHookProcessDestroyer.java","3","140","The method 'add(Process)' has a cognitive complexity of 1, current threshold is 1","Design","CognitiveComplexity"
"35","org.apache.commons.exec","/Users/grantnelson/go/src/github.com/apache/commons-exec/src/main/java/org/apache/commons/exec/ShutdownHookProcessDestroyer.java","3","140","The method 'add(Process)' has a cyclomatic complexity of 2.","Design","CyclomaticComplexity"
"36","org.apache.commons.exec","/Users/grantnelson/go/src/github.com/apache/commons-exec/src/main/java/org/apache/commons/exec/ShutdownHookProcessDestroyer.java","3","140","The method 'add(Process)' has an NPath complexity of 2, current threshold is 1","Design","NPathComplexity"
"37","org.apache.commons.exec","/Users/grantnelson/go/src/github.com/apache/commons-exec/src/main/java/org/apache/commons/exec/ShutdownHookProcessDestroyer.java","3","140","Avoid long parameter lists (1 parameters - threshold is 1).","Design","ExcessiveParameterList"
"38","org.apache.commons.exec","/Users/grantnelson/go/src/github.com/apache/commons-exec/src/main/java/org/apache/commons/exec/ShutdownHookProcessDestroyer.java","3","160","The method 'remove(Process)' has a NCSS line count of 6.","Design","NcssCount"
"39","org.apache.commons.exec","/Users/grantnelson/go/src/github.com/apache/commons-exec/src/main/java/org/apache/commons/exec/ShutdownHookProcessDestroyer.java","3","160","The method 'remove(Process)' has a cognitive complexity of 2, current threshold is 1","Design","CognitiveComplexity"
"40","org.apache.commons.exec","/Users/grantnelson/go/src/github.com/apache/commons-exec/src/main/java/org/apache/commons/exec/ShutdownHookProcessDestroyer.java","3","160","The method 'remove(Process)' has a cyclomatic complexity of 3.","Design","CyclomaticComplexity"
"41","org.apache.commons.exec","/Users/grantnelson/go/src/github.com/apache/commons-exec/src/main/java/org/apache/commons/exec/ShutdownHookProcessDestroyer.java","3","160","The method 'remove(Process)' has an NPath complexity of 3, current threshold is 1","Design","NPathComplexity"
"42","org.apache.commons.exec","/Users/grantnelson/go/src/github.com/apache/commons-exec/src/main/java/org/apache/commons/exec/ShutdownHookProcessDestroyer.java","3","160","Avoid long parameter lists (1 parameters - threshold is 1).","Design","ExcessiveParameterList"
"43","org.apache.commons.exec","/Users/grantnelson/go/src/github.com/apache/commons-exec/src/main/java/org/apache/commons/exec/ShutdownHookProcessDestroyer.java","3","175","The method 'size()' has a NCSS line count of 2.","Design","NcssCount"
"44","org.apache.commons.exec","/Users/grantnelson/go/src/github.com/apache/commons-exec/src/main/java/org/apache/commons/exec/ShutdownHookProcessDestroyer.java","3","175","The method 'size()' has a cyclomatic complexity of 1.","Design","CyclomaticComplexity"
"45","org.apache.commons.exec","/Users/grantnelson/go/src/github.com/apache/commons-exec/src/main/java/org/apache/commons/exec/ShutdownHookProcessDestroyer.java","3","175","The method 'size()' has an NPath complexity of 1, current threshold is 1","Design","NPathComplexity"
"46","org.apache.commons.exec","/Users/grantnelson/go/src/github.com/apache/commons-exec/src/main/java/org/apache/commons/exec/ShutdownHookProcessDestroyer.java","3","182","The method 'run()' has a NCSS line count of 9.","Design","NcssCount"
"47","org.apache.commons.exec","/Users/grantnelson/go/src/github.com/apache/commons-exec/src/main/java/org/apache/commons/exec/ShutdownHookProcessDestroyer.java","3","182","The method 'run()' has a cognitive complexity of 3, current threshold is 1","Design","CognitiveComplexity"
"48","org.apache.commons.exec","/Users/grantnelson/go/src/github.com/apache/commons-exec/src/main/java/org/apache/commons/exec/ShutdownHookProcessDestroyer.java","3","182","The method 'run()' has a cyclomatic complexity of 3.","Design","CyclomaticComplexity"
"49","org.apache.commons.exec","/Users/grantnelson/go/src/github.com/apache/commons-exec/src/main/java/org/apache/commons/exec/ShutdownHookProcessDestroyer.java","3","182","The method 'run()' has an NPath complexity of 2, current threshold is 1","Design","NPathComplexity"
"1","org.apache.commons.exec","/Users/grantnelson/go/src/github.com/apache/commons-exec/src/main/java/org/apache/commons/exec/StreamPumper.java","3","32","A value of 2 may denote a high amount of coupling within the class (threshold: 1)","Design","CouplingBetweenObjects"
"2","org.apache.commons.exec","/Users/grantnelson/go/src/github.com/apache/commons-exec/src/main/java/org/apache/commons/exec/StreamPumper.java","3","32","The class 'StreamPumper' has a NCSS line count of 41 (Highest = 17).","Design","NcssCount"
"3","org.apache.commons.exec","/Users/grantnelson/go/src/github.com/apache/commons-exec/src/main/java/org/apache/commons/exec/StreamPumper.java","3","32","The class 'StreamPumper' has a total cyclomatic complexity of 12 (highest 5).","Design","CyclomaticComplexity"
"4","org.apache.commons.exec","/Users/grantnelson/go/src/github.com/apache/commons-exec/src/main/java/org/apache/commons/exec/StreamPumper.java","3","32","This class has 6 public methods and attributes; current threshold is 1.","Design","ExcessivePublicCount"
"5","org.apache.commons.exec","/Users/grantnelson/go/src/github.com/apache/commons-exec/src/main/java/org/apache/commons/exec/StreamPumper.java","3","59","The constructor 'StreamPumper(InputStream, OutputStream, boolean)' has a NCSS line count of 5.","Design","NcssCount"
"6","org.apache.commons.exec","/Users/grantnelson/go/src/github.com/apache/commons-exec/src/main/java/org/apache/commons/exec/StreamPumper.java","3","59","The constructor 'StreamPumper(InputStream, OutputStream, boolean)' has a cyclomatic complexity of 1.","Design","CyclomaticComplexity"
"7","org.apache.commons.exec","/Users/grantnelson/go/src/github.com/apache/commons-exec/src/main/java/org/apache/commons/exec/StreamPumper.java","3","59","The constructor 'StreamPumper(InputStream, OutputStream, boolean)' has an NPath complexity of 1, current threshold is 1","Design","NPathComplexity"
"8","org.apache.commons.exec","/Users/grantnelson/go/src/github.com/apache/commons-exec/src/main/java/org/apache/commons/exec/StreamPumper.java","3","59","Avoid long parameter lists (3 parameters - threshold is 1).","Design","ExcessiveParameterList"
"9","org.apache.commons.exec","/Users/grantnelson/go/src/github.com/apache/commons-exec/src/main/java/org/apache/commons/exec/StreamPumper.java","3","75","The constructor 'StreamPumper(InputStream, OutputStream, boolean, int)' has a NCSS line count of 5.","Design","NcssCount"
"10","org.apache.commons.exec","/Users/grantnelson/go/src/github.com/apache/commons-exec/src/main/java/org/apache/commons/exec/StreamPumper.java","3","75","The constructor 'StreamPumper(InputStream, OutputStream, boolean, int)' has a cognitive complexity of 1, current threshold is 1","Design","CognitiveComplexity"
"11","org.apache.commons.exec","/Users/grantnelson/go/src/github.com/apache/commons-exec/src/main/java/org/apache/commons/exec/StreamPumper.java","3","75","The constructor 'StreamPumper(InputStream, OutputStream, boolean, int)' has a cyclomatic complexity of 2.","Design","CyclomaticComplexity"
"12","org.apache.commons.exec","/Users/grantnelson/go/src/github.com/apache/commons-exec/src/main/java/org/apache/commons/exec/StreamPumper.java","3","75","The constructor 'StreamPumper(InputStream, OutputStream, boolean, int)' has an NPath complexity of 2, current threshold is 1","Design","NPathComplexity"
"13","org.apache.commons.exec","/Users/grantnelson/go/src/github.com/apache/commons-exec/src/main/java/org/apache/commons/exec/StreamPumper.java","3","75","Avoid long parameter lists (4 parameters - threshold is 1).","Design","ExcessiveParameterList"
"14","org.apache.commons.exec","/Users/grantnelson/go/src/github.com/apache/commons-exec/src/main/java/org/apache/commons/exec/StreamPumper.java","3","89","The constructor 'StreamPumper(InputStream, OutputStream)' has a NCSS line count of 2.","Design","NcssCount"
"15","org.apache.commons.exec","/Users/grantnelson/go/src/github.com/apache/commons-exec/src/main/java/org/apache/commons/exec/StreamPumper.java","3","89","The constructor 'StreamPumper(InputStream, OutputStream)' has a cyclomatic complexity of 1.","Design","CyclomaticComplexity"
"16","org.apache.commons.exec","/Users/grantnelson/go/src/github.com/apache/commons-exec/src/main/java/org/apache/commons/exec/StreamPumper.java","3","89","The constructor 'StreamPumper(InputStream, OutputStream)' has an NPath complexity of 1, current threshold is 1","Design","NPathComplexity"
"17","org.apache.commons.exec","/Users/grantnelson/go/src/github.com/apache/commons-exec/src/main/java/org/apache/commons/exec/StreamPumper.java","3","89","Avoid long parameter lists (2 parameters - threshold is 1).","Design","ExcessiveParameterList"
"18","org.apache.commons.exec","/Users/grantnelson/go/src/github.com/apache/commons-exec/src/main/java/org/apache/commons/exec/StreamPumper.java","3","97","The method 'run()' has a NCSS line count of 17.","Design","NcssCount"
"19","org.apache.commons.exec","/Users/grantnelson/go/src/github.com/apache/commons-exec/src/main/java/org/apache/commons/exec/StreamPumper.java","3","97","The method 'run()' has a cognitive complexity of 5, current threshold is 1","Design","CognitiveComplexity"
"20","org.apache.commons.exec","/Users/grantnelson/go/src/github.com/apache/commons-exec/src/main/java/org/apache/commons/exec/StreamPumper.java","3","97","The method 'run()' has a cyclomatic complexity of 5.","Design","CyclomaticComplexity"
"21","org.apache.commons.exec","/Users/grantnelson/go/src/github.com/apache/commons-exec/src/main/java/org/apache/commons/exec/StreamPumper.java","3","97","The method 'run()' has an NPath complexity of 4, current threshold is 1","Design","NPathComplexity"
"22","org.apache.commons.exec","/Users/grantnelson/go/src/github.com/apache/commons-exec/src/main/java/org/apache/commons/exec/StreamPumper.java","3","133","The method 'isFinished()' has a NCSS line count of 2.","Design","NcssCount"
"23","org.apache.commons.exec","/Users/grantnelson/go/src/github.com/apache/commons-exec/src/main/java/org/apache/commons/exec/StreamPumper.java","3","133","The method 'isFinished()' has a cyclomatic complexity of 1.","Design","CyclomaticComplexity"
"24","org.apache.commons.exec","/Users/grantnelson/go/src/github.com/apache/commons-exec/src/main/java/org/apache/commons/exec/StreamPumper.java","3","133","The method 'isFinished()' has an NPath complexity of 1, current threshold is 1","Design","NPathComplexity"
"25","org.apache.commons.exec","/Users/grantnelson/go/src/github.com/apache/commons-exec/src/main/java/org/apache/commons/exec/StreamPumper.java","3","145","The method 'waitFor()' has a NCSS line count of 3.","Design","NcssCount"
"26","org.apache.commons.exec","/Users/grantnelson/go/src/github.com/apache/commons-exec/src/main/java/org/apache/commons/exec/StreamPumper.java","3","145","The method 'waitFor()' has a cognitive complexity of 1, current threshold is 1","Design","CognitiveComplexity"
"27","org.apache.commons.exec","/Users/grantnelson/go/src/github.com/apache/commons-exec/src/main/java/org/apache/commons/exec/StreamPumper.java","3","145","The method 'waitFor()' has a cyclomatic complexity of 2.","Design","CyclomaticComplexity"
"28","org.apache.commons.exec","/Users/grantnelson/go/src/github.com/apache/commons-exec/src/main/java/org/apache/commons/exec/StreamPumper.java","3","145","The method 'waitFor()' has an NPath complexity of 2, current threshold is 1","Design","NPathComplexity"
"1","org.apache.commons.exec","/Users/grantnelson/go/src/github.com/apache/commons-exec/src/main/java/org/apache/commons/exec/TimeoutObserver.java","3","28","The interface 'TimeoutObserver' has a NCSS line count of 2 (Highest = 1).","Design","NcssCount"
"2","org.apache.commons.exec","/Users/grantnelson/go/src/github.com/apache/commons-exec/src/main/java/org/apache/commons/exec/TimeoutObserver.java","3","28","This class has 1 public methods and attributes; current threshold is 1.","Design","ExcessivePublicCount"
"3","org.apache.commons.exec","/Users/grantnelson/go/src/github.com/apache/commons-exec/src/main/java/org/apache/commons/exec/TimeoutObserver.java","3","35","The method 'timeoutOccured(Watchdog)' has a NCSS line count of 1.","Design","NcssCount"
"4","org.apache.commons.exec","/Users/grantnelson/go/src/github.com/apache/commons-exec/src/main/java/org/apache/commons/exec/TimeoutObserver.java","3","35","The method 'timeoutOccured(Watchdog)' has a cyclomatic complexity of 1.","Design","CyclomaticComplexity"
"5","org.apache.commons.exec","/Users/grantnelson/go/src/github.com/apache/commons-exec/src/main/java/org/apache/commons/exec/TimeoutObserver.java","3","35","The method 'timeoutOccured(Watchdog)' has an NPath complexity of 1, current threshold is 1","Design","NPathComplexity"
"6","org.apache.commons.exec","/Users/grantnelson/go/src/github.com/apache/commons-exec/src/main/java/org/apache/commons/exec/TimeoutObserver.java","3","35","Avoid long parameter lists (1 parameters - threshold is 1).","Design","ExcessiveParameterList"
"1","org.apache.commons.exec","/Users/grantnelson/go/src/github.com/apache/commons-exec/src/main/java/org/apache/commons/exec/Watchdog.java","3","31","A value of 3 may denote a high amount of coupling within the class (threshold: 1)","Design","CouplingBetweenObjects"
"2","org.apache.commons.exec","/Users/grantnelson/go/src/github.com/apache/commons-exec/src/main/java/org/apache/commons/exec/Watchdog.java","3","31","The class 'Watchdog' has a NCSS line count of 37 (Highest = 13).","Design","NcssCount"
"3","org.apache.commons.exec","/Users/grantnelson/go/src/github.com/apache/commons-exec/src/main/java/org/apache/commons/exec/Watchdog.java","3","31","The class 'Watchdog' has a total cyclomatic complexity of 14 (highest 5).","Design","CyclomaticComplexity"
"4","org.apache.commons.exec","/Users/grantnelson/go/src/github.com/apache/commons-exec/src/main/java/org/apache/commons/exec/Watchdog.java","3","31","This class has 6 public methods and attributes; current threshold is 1.","Design","ExcessivePublicCount"
"5","org.apache.commons.exec","/Users/grantnelson/go/src/github.com/apache/commons-exec/src/main/java/org/apache/commons/exec/Watchdog.java","3","39","The constructor 'Watchdog(long)' has a NCSS line count of 4.","Design","NcssCount"
"6","org.apache.commons.exec","/Users/grantnelson/go/src/github.com/apache/commons-exec/src/main/java/org/apache/commons/exec/Watchdog.java","3","39","The constructor 'Watchdog(long)' has a cognitive complexity of 1, current threshold is 1","Design","CognitiveComplexity"
"7","org.apache.commons.exec","/Users/grantnelson/go/src/github.com/apache/commons-exec/src/main/java/org/apache/commons/exec/Watchdog.java","3","39","The constructor 'Watchdog(long)' has a cyclomatic complexity of 3.","Design","CyclomaticComplexity"
"8","org.apache.commons.exec","/Users/grantnelson/go/src/github.com/apache/commons-exec/src/main/java/org/apache/commons/exec/Watchdog.java","3","39","The constructor 'Watchdog(long)' has an NPath complexity of 2, current threshold is 1","Design","NPathComplexity"
"9","org.apache.commons.exec","/Users/grantnelson/go/src/github.com/apache/commons-exec/src/main/java/org/apache/commons/exec/Watchdog.java","3","39","Avoid long parameter lists (1 parameters - threshold is 1).","Design","ExcessiveParameterList"
"10","org.apache.commons.exec","/Users/grantnelson/go/src/github.com/apache/commons-exec/src/main/java/org/apache/commons/exec/Watchdog.java","3","46","The method 'addTimeoutObserver(TimeoutObserver)' has a NCSS line count of 2.","Design","NcssCount"
"11","org.apache.commons.exec","/Users/grantnelson/go/src/github.com/apache/commons-exec/src/main/java/org/apache/commons/exec/Watchdog.java","3","46","The method 'addTimeoutObserver(TimeoutObserver)' has a cyclomatic complexity of 1.","Design","CyclomaticComplexity"
"12","org.apache.commons.exec","/Users/grantnelson/go/src/github.com/apache/commons-exec/src/main/java/org/apache/commons/exec/Watchdog.java","3","46","The method 'addTimeoutObserver(TimeoutObserver)' has an NPath complexity of 1, current threshold is 1","Design","NPathComplexity"
"13","org.apache.commons.exec","/Users/grantnelson/go/src/github.com/apache/commons-exec/src/main/java/org/apache/commons/exec/Watchdog.java","3","46","Avoid long parameter lists (1 parameters - threshold is 1).","Design","ExcessiveParameterList"
"14","org.apache.commons.exec","/Users/grantnelson/go/src/github.com/apache/commons-exec/src/main/java/org/apache/commons/exec/Watchdog.java","3","50","The method 'removeTimeoutObserver(TimeoutObserver)' has a NCSS line count of 2.","Design","NcssCount"
"15","org.apache.commons.exec","/Users/grantnelson/go/src/github.com/apache/commons-exec/src/main/java/org/apache/commons/exec/Watchdog.java","3","50","The method 'removeTimeoutObserver(TimeoutObserver)' has a cyclomatic complexity of 1.","Design","CyclomaticComplexity"
"16","org.apache.commons.exec","/Users/grantnelson/go/src/github.com/apache/commons-exec/src/main/java/org/apache/commons/exec/Watchdog.java","3","50","The method 'removeTimeoutObserver(TimeoutObserver)' has an NPath complexity of 1, current threshold is 1","Design","NPathComplexity"
"17","org.apache.commons.exec","/Users/grantnelson/go/src/github.com/apache/commons-exec/src/main/java/org/apache/commons/exec/Watchdog.java","3","50","Avoid long parameter lists (1 parameters - threshold is 1).","Design","ExcessiveParameterList"
"18","org.apache.commons.exec","/Users/grantnelson/go/src/github.com/apache/commons-exec/src/main/java/org/apache/commons/exec/Watchdog.java","3","54","The method 'fireTimeoutOccured()' has a NCSS line count of 4.","Design","NcssCount"
"19","org.apache.commons.exec","/Users/grantnelson/go/src/github.com/apache/commons-exec/src/main/java/org/apache/commons/exec/Watchdog.java","3","54","The method 'fireTimeoutOccured()' has a cognitive complexity of 1, current threshold is 1","Design","CognitiveComplexity"
"20","org.apache.commons.exec","/Users/grantnelson/go/src/github.com/apache/commons-exec/src/main/java/org/apache/commons/exec/Watchdog.java","3","54","The method 'fireTimeoutOccured()' has a cyclomatic complexity of 2.","Design","CyclomaticComplexity"
"21","org.apache.commons.exec","/Users/grantnelson/go/src/github.com/apache/commons-exec/src/main/java/org/apache/commons/exec/Watchdog.java","3","54","The method 'fireTimeoutOccured()' has an NPath complexity of 2, current threshold is 1","Design","NPathComplexity"
"22","org.apache.commons.exec","/Users/grantnelson/go/src/github.com/apache/commons-exec/src/main/java/org/apache/commons/exec/Watchdog.java","3","61","The method 'start()' has a NCSS line count of 5.","Design","NcssCount"
"23","org.apache.commons.exec","/Users/grantnelson/go/src/github.com/apache/commons-exec/src/main/java/org/apache/commons/exec/Watchdog.java","3","61","The method 'start()' has a cyclomatic complexity of 1.","Design","CyclomaticComplexity"
"24","org.apache.commons.exec","/Users/grantnelson/go/src/github.com/apache/commons-exec/src/main/java/org/apache/commons/exec/Watchdog.java","3","61","The method 'start()' has an NPath complexity of 1, current threshold is 1","Design","NPathComplexity"
"25","org.apache.commons.exec","/Users/grantnelson/go/src/github.com/apache/commons-exec/src/main/java/org/apache/commons/exec/Watchdog.java","3","68","The method 'stop()' has a NCSS line count of 3.","Design","NcssCount"
"26","org.apache.commons.exec","/Users/grantnelson/go/src/github.com/apache/commons-exec/src/main/java/org/apache/commons/exec/Watchdog.java","3","68","The method 'stop()' has a cyclomatic complexity of 1.","Design","CyclomaticComplexity"
"27","org.apache.commons.exec","/Users/grantnelson/go/src/github.com/apache/commons-exec/src/main/java/org/apache/commons/exec/Watchdog.java","3","68","The method 'stop()' has an NPath complexity of 1, current threshold is 1","Design","NPathComplexity"
"28","org.apache.commons.exec","/Users/grantnelson/go/src/github.com/apache/commons-exec/src/main/java/org/apache/commons/exec/Watchdog.java","3","73","The method 'run()' has a NCSS line count of 13.","Design","NcssCount"
"29","org.apache.commons.exec","/Users/grantnelson/go/src/github.com/apache/commons-exec/src/main/java/org/apache/commons/exec/Watchdog.java","3","73","The method 'run()' has a cognitive complexity of 5, current threshold is 1","Design","CognitiveComplexity"
"30","org.apache.commons.exec","/Users/grantnelson/go/src/github.com/apache/commons-exec/src/main/java/org/apache/commons/exec/Watchdog.java","3","73","The method 'run()' has a cyclomatic complexity of 5.","Design","CyclomaticComplexity"
"31","org.apache.commons.exec","/Users/grantnelson/go/src/github.com/apache/commons-exec/src/main/java/org/apache/commons/exec/Watchdog.java","3","73","The method 'run()' has an NPath complexity of 6, current threshold is 1","Design","NPathComplexity"
"1","org.apache.commons.exec.environment","/Users/grantnelson/go/src/github.com/apache/commons-exec/src/main/java/org/apache/commons/exec/environment/DefaultProcessingEnvironment.java","3","39","A value of 3 may denote a high amount of coupling within the class (threshold: 1)","Design","CouplingBetweenObjects"
"2","org.apache.commons.exec.environment","/Users/grantnelson/go/src/github.com/apache/commons-exec/src/main/java/org/apache/commons/exec/environment/DefaultProcessingEnvironment.java","3","39","The class 'DefaultProcessingEnvironment' has a NCSS line count of 23 (Highest = 6).","Design","NcssCount"
"3","org.apache.commons.exec.environment","/Users/grantnelson/go/src/github.com/apache/commons-exec/src/main/java/org/apache/commons/exec/environment/DefaultProcessingEnvironment.java","3","39","The class 'DefaultProcessingEnvironment' has a total cyclomatic complexity of 8 (highest 2).","Design","CyclomaticComplexity"
"4","org.apache.commons.exec.environment","/Users/grantnelson/go/src/github.com/apache/commons-exec/src/main/java/org/apache/commons/exec/environment/DefaultProcessingEnvironment.java","3","39","This class has 1 public methods and attributes; current threshold is 1.","Design","ExcessivePublicCount"
"5","org.apache.commons.exec.environment","/Users/grantnelson/go/src/github.com/apache/commons-exec/src/main/java/org/apache/commons/exec/environment/DefaultProcessingEnvironment.java","3","53","The method 'getProcEnvironment()' has a NCSS line count of 6.","Design","NcssCount"
"6","org.apache.commons.exec.environment","/Users/grantnelson/go/src/github.com/apache/commons-exec/src/main/java/org/apache/commons/exec/environment/DefaultProcessingEnvironment.java","3","53","The method 'getProcEnvironment()' has a cognitive complexity of 1, current threshold is 1","Design","CognitiveComplexity"
"7","org.apache.commons.exec.environment","/Users/grantnelson/go/src/github.com/apache/commons-exec/src/main/java/org/apache/commons/exec/environment/DefaultProcessingEnvironment.java","3","53","The method 'getProcEnvironment()' has a cyclomatic complexity of 2.","Design","CyclomaticComplexity"
"8","org.apache.commons.exec.environment","/Users/grantnelson/go/src/github.com/apache/commons-exec/src/main/java/org/apache/commons/exec/environment/DefaultProcessingEnvironment.java","3","53","The method 'getProcEnvironment()' has an NPath complexity of 2, current threshold is 1","Design","NPathComplexity"
"9","org.apache.commons.exec.environment","/Users/grantnelson/go/src/github.com/apache/commons-exec/src/main/java/org/apache/commons/exec/environment/DefaultProcessingEnvironment.java","3","73","The method 'createProcEnvironment()' has a NCSS line count of 6.","Design","NcssCount"
"10","org.apache.commons.exec.environment","/Users/grantnelson/go/src/github.com/apache/commons-exec/src/main/java/org/apache/commons/exec/environment/DefaultProcessingEnvironment.java","3","73","The method 'createProcEnvironment()' has a cognitive complexity of 1, current threshold is 1","Design","CognitiveComplexity"
"11","org.apache.commons.exec.environment","/Users/grantnelson/go/src/github.com/apache/commons-exec/src/main/java/org/apache/commons/exec/environment/DefaultProcessingEnvironment.java","3","73","The method 'createProcEnvironment()' has a cyclomatic complexity of 2.","Design","CyclomaticComplexity"
"12","org.apache.commons.exec.environment","/Users/grantnelson/go/src/github.com/apache/commons-exec/src/main/java/org/apache/commons/exec/environment/DefaultProcessingEnvironment.java","3","73","The method 'createProcEnvironment()' has an NPath complexity of 2, current threshold is 1","Design","NPathComplexity"
"13","org.apache.commons.exec.environment","/Users/grantnelson/go/src/github.com/apache/commons-exec/src/main/java/org/apache/commons/exec/environment/DefaultProcessingEnvironment.java","3","120","The method 'runProcEnvCommand()' has a NCSS line count of 2.","Design","NcssCount"
"14","org.apache.commons.exec.environment","/Users/grantnelson/go/src/github.com/apache/commons-exec/src/main/java/org/apache/commons/exec/environment/DefaultProcessingEnvironment.java","3","120","The method 'runProcEnvCommand()' has a cyclomatic complexity of 1.","Design","CyclomaticComplexity"
"15","org.apache.commons.exec.environment","/Users/grantnelson/go/src/github.com/apache/commons-exec/src/main/java/org/apache/commons/exec/environment/DefaultProcessingEnvironment.java","3","120","The method 'runProcEnvCommand()' has an NPath complexity of 1, current threshold is 1","Design","NPathComplexity"
"16","org.apache.commons.exec.environment","/Users/grantnelson/go/src/github.com/apache/commons-exec/src/main/java/org/apache/commons/exec/environment/DefaultProcessingEnvironment.java","3","138","The method 'getProcEnvCommand()' has a NCSS line count of 3.","Design","NcssCount"
"17","org.apache.commons.exec.environment","/Users/grantnelson/go/src/github.com/apache/commons-exec/src/main/java/org/apache/commons/exec/environment/DefaultProcessingEnvironment.java","3","138","The method 'getProcEnvCommand()' has a cyclomatic complexity of 1.","Design","CyclomaticComplexity"
"18","org.apache.commons.exec.environment","/Users/grantnelson/go/src/github.com/apache/commons-exec/src/main/java/org/apache/commons/exec/environment/DefaultProcessingEnvironment.java","3","138","The method 'getProcEnvCommand()' has an NPath complexity of 1, current threshold is 1","Design","NPathComplexity"
"19","org.apache.commons.exec.environment","/Users/grantnelson/go/src/github.com/apache/commons-exec/src/main/java/org/apache/commons/exec/environment/DefaultProcessingEnvironment.java","3","218","The method 'createEnvironmentMap()' has a NCSS line count of 4.","Design","NcssCount"
"20","org.apache.commons.exec.environment","/Users/grantnelson/go/src/github.com/apache/commons-exec/src/main/java/org/apache/commons/exec/environment/DefaultProcessingEnvironment.java","3","218","The method 'createEnvironmentMap()' has a cognitive complexity of 1, current threshold is 1","Design","CognitiveComplexity"
"21","org.apache.commons.exec.environment","/Users/grantnelson/go/src/github.com/apache/commons-exec/src/main/java/org/apache/commons/exec/environment/DefaultProcessingEnvironment.java","3","218","The method 'createEnvironmentMap()' has a cyclomatic complexity of 2.","Design","CyclomaticComplexity"
"22","org.apache.commons.exec.environment","/Users/grantnelson/go/src/github.com/apache/commons-exec/src/main/java/org/apache/commons/exec/environment/DefaultProcessingEnvironment.java","3","218","The method 'createEnvironmentMap()' has an NPath complexity of 2, current threshold is 1","Design","NPathComplexity"
"23","org.apache.commons.exec.environment","/Users/grantnelson/go/src/github.com/apache/commons-exec/src/main/java/org/apache/commons/exec/environment/DefaultProcessingEnvironment.java","3","220","The class '' has a NCSS line count of 2 (Highest = 2).","Design","NcssCount"
"24","org.apache.commons.exec.environment","/Users/grantnelson/go/src/github.com/apache/commons-exec/src/main/java/org/apache/commons/exec/environment/DefaultProcessingEnvironment.java","3","220","The class '' has a total cyclomatic complexity of 1 (highest 1).","Design","CyclomaticComplexity"
"25","org.apache.commons.exec.environment","/Users/grantnelson/go/src/github.com/apache/commons-exec/src/main/java/org/apache/commons/exec/environment/DefaultProcessingEnvironment.java","3","220","This class has 1 public methods and attributes; current threshold is 1.","Design","ExcessivePublicCount"
"26","org.apache.commons.exec.environment","/Users/grantnelson/go/src/github.com/apache/commons-exec/src/main/java/org/apache/commons/exec/environment/DefaultProcessingEnvironment.java","3","221","The method 'compare(String, String)' has a NCSS line count of 2.","Design","NcssCount"
"27","org.apache.commons.exec.environment","/Users/grantnelson/go/src/github.com/apache/commons-exec/src/main/java/org/apache/commons/exec/environment/DefaultProcessingEnvironment.java","3","221","The method 'compare(String, String)' has a cyclomatic complexity of 1.","Design","CyclomaticComplexity"
"28","org.apache.commons.exec.environment","/Users/grantnelson/go/src/github.com/apache/commons-exec/src/main/java/org/apache/commons/exec/environment/DefaultProcessingEnvironment.java","3","221","The method 'compare(String, String)' has an NPath complexity of 1, current threshold is 1","Design","NPathComplexity"
"29","org.apache.commons.exec.environment","/Users/grantnelson/go/src/github.com/apache/commons-exec/src/main/java/org/apache/commons/exec/environment/DefaultProcessingEnvironment.java","3","221","Avoid long parameter lists (2 parameters - threshold is 1).","Design","ExcessiveParameterList"
"1","org.apache.commons.exec.environment","/Users/grantnelson/go/src/github.com/apache/commons-exec/src/main/java/org/apache/commons/exec/environment/EnvironmentUtils.java","3","32","A value of 3 may denote a high amount of coupling within the class (threshold: 1)","Design","CouplingBetweenObjects"
"2","org.apache.commons.exec.environment","/Users/grantnelson/go/src/github.com/apache/commons-exec/src/main/java/org/apache/commons/exec/environment/EnvironmentUtils.java","3","32","The class 'EnvironmentUtils' has a NCSS line count of 29 (Highest = 11).","Design","NcssCount"
"3","org.apache.commons.exec.environment","/Users/grantnelson/go/src/github.com/apache/commons-exec/src/main/java/org/apache/commons/exec/environment/EnvironmentUtils.java","3","32","The class 'EnvironmentUtils' has a total cyclomatic complexity of 11 (highest 5).","Design","CyclomaticComplexity"
"4","org.apache.commons.exec.environment","/Users/grantnelson/go/src/github.com/apache/commons-exec/src/main/java/org/apache/commons/exec/environment/EnvironmentUtils.java","3","32","This class has 3 public methods and attributes; current threshold is 1.","Design","ExcessivePublicCount"
"5","org.apache.commons.exec.environment","/Users/grantnelson/go/src/github.com/apache/commons-exec/src/main/java/org/apache/commons/exec/environment/EnvironmentUtils.java","3","48","The constructor 'EnvironmentUtils()' has a NCSS line count of 1.","Design","NcssCount"
"6","org.apache.commons.exec.environment","/Users/grantnelson/go/src/github.com/apache/commons-exec/src/main/java/org/apache/commons/exec/environment/EnvironmentUtils.java","3","48","The constructor 'EnvironmentUtils()' has a cyclomatic complexity of 1.","Design","CyclomaticComplexity"
"7","org.apache.commons.exec.environment","/Users/grantnelson/go/src/github.com/apache/commons-exec/src/main/java/org/apache/commons/exec/environment/EnvironmentUtils.java","3","48","The constructor 'EnvironmentUtils()' has an NPath complexity of 1, current threshold is 1","Design","NPathComplexity"
"8","org.apache.commons.exec.environment","/Users/grantnelson/go/src/github.com/apache/commons-exec/src/main/java/org/apache/commons/exec/environment/EnvironmentUtils.java","3","59","The method 'toStrings(Map<String, String>)' has a NCSS line count of 11.","Design","NcssCount"
"9","org.apache.commons.exec.environment","/Users/grantnelson/go/src/github.com/apache/commons-exec/src/main/java/org/apache/commons/exec/environment/EnvironmentUtils.java","3","59","The method 'toStrings(Map<String, String>)' has a cognitive complexity of 6, current threshold is 1","Design","CognitiveComplexity"
"10","org.apache.commons.exec.environment","/Users/grantnelson/go/src/github.com/apache/commons-exec/src/main/java/org/apache/commons/exec/environment/EnvironmentUtils.java","3","59","The method 'toStrings(Map<String, String>)' has a cyclomatic complexity of 5.","Design","CyclomaticComplexity"
"11","org.apache.commons.exec.environment","/Users/grantnelson/go/src/github.com/apache/commons-exec/src/main/java/org/apache/commons/exec/environment/EnvironmentUtils.java","3","59","The method 'toStrings(Map<String, String>)' has an NPath complexity of 6, current threshold is 1","Design","NPathComplexity"
"12","org.apache.commons.exec.environment","/Users/grantnelson/go/src/github.com/apache/commons-exec/src/main/java/org/apache/commons/exec/environment/EnvironmentUtils.java","3","59","Avoid long parameter lists (1 parameters - threshold is 1).","Design","ExcessiveParameterList"
"13","org.apache.commons.exec.environment","/Users/grantnelson/go/src/github.com/apache/commons-exec/src/main/java/org/apache/commons/exec/environment/EnvironmentUtils.java","3","83","The method 'getProcEnvironment()' has a NCSS line count of 2.","Design","NcssCount"
"14","org.apache.commons.exec.environment","/Users/grantnelson/go/src/github.com/apache/commons-exec/src/main/java/org/apache/commons/exec/environment/EnvironmentUtils.java","3","83","The method 'getProcEnvironment()' has a cyclomatic complexity of 1.","Design","CyclomaticComplexity"
"15","org.apache.commons.exec.environment","/Users/grantnelson/go/src/github.com/apache/commons-exec/src/main/java/org/apache/commons/exec/environment/EnvironmentUtils.java","3","83","The method 'getProcEnvironment()' has an NPath complexity of 1, current threshold is 1","Design","NPathComplexity"
"16","org.apache.commons.exec.environment","/Users/grantnelson/go/src/github.com/apache/commons-exec/src/main/java/org/apache/commons/exec/environment/EnvironmentUtils.java","3","94","The method 'addVariableToEnvironment(Map<String, String>, String)' has a NCSS line count of 3.","Design","NcssCount"
"17","org.apache.commons.exec.environment","/Users/grantnelson/go/src/github.com/apache/commons-exec/src/main/java/org/apache/commons/exec/environment/EnvironmentUtils.java","3","94","The method 'addVariableToEnvironment(Map<String, String>, String)' has a cyclomatic complexity of 1.","Design","CyclomaticComplexity"
"18","org.apache.commons.exec.environment","/Users/grantnelson/go/src/github.com/apache/commons-exec/src/main/java/org/apache/commons/exec/environment/EnvironmentUtils.java","3","94","The method 'addVariableToEnvironment(Map<String, String>, String)' has an NPath complexity of 1, current threshold is 1","Design","NPathComplexity"
"19","org.apache.commons.exec.environment","/Users/grantnelson/go/src/github.com/apache/commons-exec/src/main/java/org/apache/commons/exec/environment/EnvironmentUtils.java","3","94","Avoid long parameter lists (2 parameters - threshold is 1).","Design","ExcessiveParameterList"
"20","org.apache.commons.exec.environment","/Users/grantnelson/go/src/github.com/apache/commons-exec/src/main/java/org/apache/commons/exec/environment/EnvironmentUtils.java","3","106","The method 'parseEnvironmentVariable(String)' has a NCSS line count of 8.","Design","NcssCount"
"21","org.apache.commons.exec.environment","/Users/grantnelson/go/src/github.com/apache/commons-exec/src/main/java/org/apache/commons/exec/environment/EnvironmentUtils.java","3","106","The method 'parseEnvironmentVariable(String)' has a cognitive complexity of 1, current threshold is 1","Design","CognitiveComplexity"
"22","org.apache.commons.exec.environment","/Users/grantnelson/go/src/github.com/apache/commons-exec/src/main/java/org/apache/commons/exec/environment/EnvironmentUtils.java","3","106","The method 'parseEnvironmentVariable(String)' has a cyclomatic complexity of 3.","Design","CyclomaticComplexity"
"23","org.apache.commons.exec.environment","/Users/grantnelson/go/src/github.com/apache/commons-exec/src/main/java/org/apache/commons/exec/environment/EnvironmentUtils.java","3","106","The method 'parseEnvironmentVariable(String)' has an NPath complexity of 2, current threshold is 1","Design","NPathComplexity"
"24","org.apache.commons.exec.environment","/Users/grantnelson/go/src/github.com/apache/commons-exec/src/main/java/org/apache/commons/exec/environment/EnvironmentUtils.java","3","106","Avoid long parameter lists (1 parameters - threshold is 1).","Design","ExcessiveParameterList"
"1","org.apache.commons.exec.environment","/Users/grantnelson/go/src/github.com/apache/commons-exec/src/main/java/org/apache/commons/exec/environment/OpenVmsProcessingEnvironment.java","3","35","The class 'OpenVmsProcessingEnvironment' has a NCSS line count of 1 (Highest = -2147483648).","Design","NcssCount"
"1","org.apache.commons.exec.launcher","/Users/grantnelson/go/src/github.com/apache/commons-exec/src/main/java/org/apache/commons/exec/launcher/CommandLauncher.java","3","33","The interface 'CommandLauncher' has a NCSS line count of 4 (Highest = 1).","Design","NcssCount"
"2","org.apache.commons.exec.launcher","/Users/grantnelson/go/src/github.com/apache/commons-exec/src/main/java/org/apache/commons/exec/launcher/CommandLauncher.java","3","33","This class has 3 public methods and attributes; current threshold is 1.","Design","ExcessivePublicCount"
"3","org.apache.commons.exec.launcher","/Users/grantnelson/go/src/github.com/apache/commons-exec/src/main/java/org/apache/commons/exec/launcher/CommandLauncher.java","3","48","The method 'exec(CommandLine, Map<String, String>)' has a NCSS line count of 1.","Design","NcssCount"
"4","org.apache.commons.exec.launcher","/Users/grantnelson/go/src/github.com/apache/commons-exec/src/main/java/org/apache/commons/exec/launcher/CommandLauncher.java","3","48","The method 'exec(CommandLine, Map<String, String>)' has a cyclomatic complexity of 1.","Design","CyclomaticComplexity"
"5","org.apache.commons.exec.launcher","/Users/grantnelson/go/src/github.com/apache/commons-exec/src/main/java/org/apache/commons/exec/launcher/CommandLauncher.java","3","48","The method 'exec(CommandLine, Map<String, String>)' has an NPath complexity of 1, current threshold is 1","Design","NPathComplexity"
"6","org.apache.commons.exec.launcher","/Users/grantnelson/go/src/github.com/apache/commons-exec/src/main/java/org/apache/commons/exec/launcher/CommandLauncher.java","3","48","Avoid long parameter lists (2 parameters - threshold is 1).","Design","ExcessiveParameterList"
"7","org.apache.commons.exec.launcher","/Users/grantnelson/go/src/github.com/apache/commons-exec/src/main/java/org/apache/commons/exec/launcher/CommandLauncher.java","3","68","The method 'exec(CommandLine, Map<String, String>, File)' has a NCSS line count of 1.","Design","NcssCount"
"8","org.apache.commons.exec.launcher","/Users/grantnelson/go/src/github.com/apache/commons-exec/src/main/java/org/apache/commons/exec/launcher/CommandLauncher.java","3","68","The method 'exec(CommandLine, Map<String, String>, File)' has a cyclomatic complexity of 1.","Design","CyclomaticComplexity"
"9","org.apache.commons.exec.launcher","/Users/grantnelson/go/src/github.com/apache/commons-exec/src/main/java/org/apache/commons/exec/launcher/CommandLauncher.java","3","68","The method 'exec(CommandLine, Map<String, String>, File)' has an NPath complexity of 1, current threshold is 1","Design","NPathComplexity"
"10","org.apache.commons.exec.launcher","/Users/grantnelson/go/src/github.com/apache/commons-exec/src/main/java/org/apache/commons/exec/launcher/CommandLauncher.java","3","68","Avoid long parameter lists (3 parameters - threshold is 1).","Design","ExcessiveParameterList"
"11","org.apache.commons.exec.launcher","/Users/grantnelson/go/src/github.com/apache/commons-exec/src/main/java/org/apache/commons/exec/launcher/CommandLauncher.java","3","87","The method 'isFailure(int)' has a NCSS line count of 1.","Design","NcssCount"
"12","org.apache.commons.exec.launcher","/Users/grantnelson/go/src/github.com/apache/commons-exec/src/main/java/org/apache/commons/exec/launcher/CommandLauncher.java","3","87","The method 'isFailure(int)' has a cyclomatic complexity of 1.","Design","CyclomaticComplexity"
"13","org.apache.commons.exec.launcher","/Users/grantnelson/go/src/github.com/apache/commons-exec/src/main/java/org/apache/commons/exec/launcher/CommandLauncher.java","3","87","The method 'isFailure(int)' has an NPath complexity of 1, current threshold is 1","Design","NPathComplexity"
"14","org.apache.commons.exec.launcher","/Users/grantnelson/go/src/github.com/apache/commons-exec/src/main/java/org/apache/commons/exec/launcher/CommandLauncher.java","3","87","Avoid long parameter lists (1 parameters - threshold is 1).","Design","ExcessiveParameterList"
"1","org.apache.commons.exec.launcher","/Users/grantnelson/go/src/github.com/apache/commons-exec/src/main/java/org/apache/commons/exec/launcher/CommandLauncherFactory.java","3","28","The class 'CommandLauncherFactory' has a NCSS line count of 9 (Highest = 7).","Design","NcssCount"
"2","org.apache.commons.exec.launcher","/Users/grantnelson/go/src/github.com/apache/commons-exec/src/main/java/org/apache/commons/exec/launcher/CommandLauncherFactory.java","3","28","The class 'CommandLauncherFactory' has a total cyclomatic complexity of 3 (highest 2).","Design","CyclomaticComplexity"
"3","org.apache.commons.exec.launcher","/Users/grantnelson/go/src/github.com/apache/commons-exec/src/main/java/org/apache/commons/exec/launcher/CommandLauncherFactory.java","3","28","This class has 1 public methods and attributes; current threshold is 1.","Design","ExcessivePublicCount"
"4","org.apache.commons.exec.launcher","/Users/grantnelson/go/src/github.com/apache/commons-exec/src/main/java/org/apache/commons/exec/launcher/CommandLauncherFactory.java","3","30","The constructor 'CommandLauncherFactory()' has a NCSS line count of 1.","Design","NcssCount"
"5","org.apache.commons.exec.launcher","/Users/grantnelson/go/src/github.com/apache/commons-exec/src/main/java/org/apache/commons/exec/launcher/CommandLauncherFactory.java","3","30","The constructor 'CommandLauncherFactory()' has a cyclomatic complexity of 1.","Design","CyclomaticComplexity"
"6","org.apache.commons.exec.launcher","/Users/grantnelson/go/src/github.com/apache/commons-exec/src/main/java/org/apache/commons/exec/launcher/CommandLauncherFactory.java","3","30","The constructor 'CommandLauncherFactory()' has an NPath complexity of 1, current threshold is 1","Design","NPathComplexity"
"7","org.apache.commons.exec.launcher","/Users/grantnelson/go/src/github.com/apache/commons-exec/src/main/java/org/apache/commons/exec/launcher/CommandLauncherFactory.java","3","38","The method 'createVMLauncher()' has a NCSS line count of 7.","Design","NcssCount"
"8","org.apache.commons.exec.launcher","/Users/grantnelson/go/src/github.com/apache/commons-exec/src/main/java/org/apache/commons/exec/launcher/CommandLauncherFactory.java","3","38","The method 'createVMLauncher()' has a cognitive complexity of 2, current threshold is 1","Design","CognitiveComplexity"
"9","org.apache.commons.exec.launcher","/Users/grantnelson/go/src/github.com/apache/commons-exec/src/main/java/org/apache/commons/exec/launcher/CommandLauncherFactory.java","3","38","The method 'createVMLauncher()' has a cyclomatic complexity of 2.","Design","CyclomaticComplexity"
"10","org.apache.commons.exec.launcher","/Users/grantnelson/go/src/github.com/apache/commons-exec/src/main/java/org/apache/commons/exec/launcher/CommandLauncherFactory.java","3","38","The method 'createVMLauncher()' has an NPath complexity of 2, current threshold is 1","Design","NPathComplexity"
"1","org.apache.commons.exec.launcher","/Users/grantnelson/go/src/github.com/apache/commons-exec/src/main/java/org/apache/commons/exec/launcher/CommandLauncherImpl.java","3","35","A value of 3 may denote a high amount of coupling within the class (threshold: 1)","Design","CouplingBetweenObjects"
"2","org.apache.commons.exec.launcher","/Users/grantnelson/go/src/github.com/apache/commons-exec/src/main/java/org/apache/commons/exec/launcher/CommandLauncherImpl.java","3","35","The class 'CommandLauncherImpl' has a NCSS line count of 7 (Highest = 3).","Design","NcssCount"
"3","org.apache.commons.exec.launcher","/Users/grantnelson/go/src/github.com/apache/commons-exec/src/main/java/org/apache/commons/exec/launcher/CommandLauncherImpl.java","3","35","The class 'CommandLauncherImpl' has a total cyclomatic complexity of 3 (highest 1).","Design","CyclomaticComplexity"
"4","org.apache.commons.exec.launcher","/Users/grantnelson/go/src/github.com/apache/commons-exec/src/main/java/org/apache/commons/exec/launcher/CommandLauncherImpl.java","3","35","This class has 3 public methods and attributes; current threshold is 1.","Design","ExcessivePublicCount"
"5","org.apache.commons.exec.launcher","/Users/grantnelson/go/src/github.com/apache/commons-exec/src/main/java/org/apache/commons/exec/launcher/CommandLauncherImpl.java","3","37","The method 'exec(CommandLine, Map<String, String>)' has a NCSS line count of 3.","Design","NcssCount"
"6","org.apache.commons.exec.launcher","/Users/grantnelson/go/src/github.com/apache/commons-exec/src/main/java/org/apache/commons/exec/launcher/CommandLauncherImpl.java","3","37","The method 'exec(CommandLine, Map<String, String>)' has a cyclomatic complexity of 1.","Design","CyclomaticComplexity"
"7","org.apache.commons.exec.launcher","/Users/grantnelson/go/src/github.com/apache/commons-exec/src/main/java/org/apache/commons/exec/launcher/CommandLauncherImpl.java","3","37","The method 'exec(CommandLine, Map<String, String>)' has an NPath complexity of 1, current threshold is 1","Design","NPathComplexity"
"8","org.apache.commons.exec.launcher","/Users/grantnelson/go/src/github.com/apache/commons-exec/src/main/java/org/apache/commons/exec/launcher/CommandLauncherImpl.java","3","37","Avoid long parameter lists (2 parameters - threshold is 1).","Design","ExcessiveParameterList"
"9","org.apache.commons.exec.launcher","/Users/grantnelson/go/src/github.com/apache/commons-exec/src/main/java/org/apache/commons/exec/launcher/CommandLauncherImpl.java","3","43","The method 'exec(CommandLine, Map<String, String>, File)' has a NCSS line count of 1.","Design","NcssCount"
"10","org.apache.commons.exec.launcher","/Users/grantnelson/go/src/github.com/apache/commons-exec/src/main/java/org/apache/commons/exec/launcher/CommandLauncherImpl.java","3","43","The method 'exec(CommandLine, Map<String, String>, File)' has a cyclomatic complexity of 1.","Design","CyclomaticComplexity"
"11","org.apache.commons.exec.launcher","/Users/grantnelson/go/src/github.com/apache/commons-exec/src/main/java/org/apache/commons/exec/launcher/CommandLauncherImpl.java","3","43","The method 'exec(CommandLine, Map<String, String>, File)' has an NPath complexity of 1, current threshold is 1","Design","NPathComplexity"
"12","org.apache.commons.exec.launcher","/Users/grantnelson/go/src/github.com/apache/commons-exec/src/main/java/org/apache/commons/exec/launcher/CommandLauncherImpl.java","3","43","Avoid long parameter lists (3 parameters - threshold is 1).","Design","ExcessiveParameterList"
"13","org.apache.commons.exec.launcher","/Users/grantnelson/go/src/github.com/apache/commons-exec/src/main/java/org/apache/commons/exec/launcher/CommandLauncherImpl.java","3","47","The method 'isFailure(int)' has a NCSS line count of 2.","Design","NcssCount"
"14","org.apache.commons.exec.launcher","/Users/grantnelson/go/src/github.com/apache/commons-exec/src/main/java/org/apache/commons/exec/launcher/CommandLauncherImpl.java","3","47","The method 'isFailure(int)' has a cyclomatic complexity of 1.","Design","CyclomaticComplexity"
"15","org.apache.commons.exec.launcher","/Users/grantnelson/go/src/github.com/apache/commons-exec/src/main/java/org/apache/commons/exec/launcher/CommandLauncherImpl.java","3","47","The method 'isFailure(int)' has an NPath complexity of 1, current threshold is 1","Design","NPathComplexity"
"16","org.apache.commons.exec.launcher","/Users/grantnelson/go/src/github.com/apache/commons-exec/src/main/java/org/apache/commons/exec/launcher/CommandLauncherImpl.java","3","47","Avoid long parameter lists (1 parameters - threshold is 1).","Design","ExcessiveParameterList"
"1","org.apache.commons.exec.launcher","/Users/grantnelson/go/src/github.com/apache/commons-exec/src/main/java/org/apache/commons/exec/launcher/CommandLauncherProxy.java","3","32","A value of 3 may denote a high amount of coupling within the class (threshold: 1)","Design","CouplingBetweenObjects"
"2","org.apache.commons.exec.launcher","/Users/grantnelson/go/src/github.com/apache/commons-exec/src/main/java/org/apache/commons/exec/launcher/CommandLauncherProxy.java","3","32","The class 'CommandLauncherProxy' has a NCSS line count of 6 (Highest = 2).","Design","NcssCount"
"3","org.apache.commons.exec.launcher","/Users/grantnelson/go/src/github.com/apache/commons-exec/src/main/java/org/apache/commons/exec/launcher/CommandLauncherProxy.java","3","32","The class 'CommandLauncherProxy' has a total cyclomatic complexity of 2 (highest 1).","Design","CyclomaticComplexity"
"4","org.apache.commons.exec.launcher","/Users/grantnelson/go/src/github.com/apache/commons-exec/src/main/java/org/apache/commons/exec/launcher/CommandLauncherProxy.java","3","32","This class has 2 public methods and attributes; current threshold is 1.","Design","ExcessivePublicCount"
"5","org.apache.commons.exec.launcher","/Users/grantnelson/go/src/github.com/apache/commons-exec/src/main/java/org/apache/commons/exec/launcher/CommandLauncherProxy.java","3","34","The constructor 'CommandLauncherProxy(CommandLauncher)' has a NCSS line count of 2.","Design","NcssCount"
"6","org.apache.commons.exec.launcher","/Users/grantnelson/go/src/github.com/apache/commons-exec/src/main/java/org/apache/commons/exec/launcher/CommandLauncherProxy.java","3","34","The constructor 'CommandLauncherProxy(CommandLauncher)' has a cyclomatic complexity of 1.","Design","CyclomaticComplexity"
"7","org.apache.commons.exec.launcher","/Users/grantnelson/go/src/github.com/apache/commons-exec/src/main/java/org/apache/commons/exec/launcher/CommandLauncherProxy.java","3","34","The constructor 'CommandLauncherProxy(CommandLauncher)' has an NPath complexity of 1, current threshold is 1","Design","NPathComplexity"
"8","org.apache.commons.exec.launcher","/Users/grantnelson/go/src/github.com/apache/commons-exec/src/main/java/org/apache/commons/exec/launcher/CommandLauncherProxy.java","3","34","Avoid long parameter lists (1 parameters - threshold is 1).","Design","ExcessiveParameterList"
"9","org.apache.commons.exec.launcher","/Users/grantnelson/go/src/github.com/apache/commons-exec/src/main/java/org/apache/commons/exec/launcher/CommandLauncherProxy.java","3","52","The method 'exec(CommandLine, Map<String, String>)' has a NCSS line count of 2.","Design","NcssCount"
"10","org.apache.commons.exec.launcher","/Users/grantnelson/go/src/github.com/apache/commons-exec/src/main/java/org/apache/commons/exec/launcher/CommandLauncherProxy.java","3","52","The method 'exec(CommandLine, Map<String, String>)' has a cyclomatic complexity of 1.","Design","CyclomaticComplexity"
"11","org.apache.commons.exec.launcher","/Users/grantnelson/go/src/github.com/apache/commons-exec/src/main/java/org/apache/commons/exec/launcher/CommandLauncherProxy.java","3","52","The method 'exec(CommandLine, Map<String, String>)' has an NPath complexity of 1, current threshold is 1","Design","NPathComplexity"
"12","org.apache.commons.exec.launcher","/Users/grantnelson/go/src/github.com/apache/commons-exec/src/main/java/org/apache/commons/exec/launcher/CommandLauncherProxy.java","3","52","Avoid long parameter lists (2 parameters - threshold is 1).","Design","ExcessiveParameterList"
"1","org.apache.commons.exec.launcher","/Users/grantnelson/go/src/github.com/apache/commons-exec/src/main/java/org/apache/commons/exec/launcher/Java13CommandLauncher.java","3","34","A value of 3 may denote a high amount of coupling within the class (threshold: 1)","Design","CouplingBetweenObjects"
"2","org.apache.commons.exec.launcher","/Users/grantnelson/go/src/github.com/apache/commons-exec/src/main/java/org/apache/commons/exec/launcher/Java13CommandLauncher.java","3","34","The class 'Java13CommandLauncher' has a NCSS line count of 5 (Highest = 3).","Design","NcssCount"
"3","org.apache.commons.exec.launcher","/Users/grantnelson/go/src/github.com/apache/commons-exec/src/main/java/org/apache/commons/exec/launcher/Java13CommandLauncher.java","3","34","The class 'Java13CommandLauncher' has a total cyclomatic complexity of 2 (highest 1).","Design","CyclomaticComplexity"
"4","org.apache.commons.exec.launcher","/Users/grantnelson/go/src/github.com/apache/commons-exec/src/main/java/org/apache/commons/exec/launcher/Java13CommandLauncher.java","3","34","This class has 2 public methods and attributes; current threshold is 1.","Design","ExcessivePublicCount"
"5","org.apache.commons.exec.launcher","/Users/grantnelson/go/src/github.com/apache/commons-exec/src/main/java/org/apache/commons/exec/launcher/Java13CommandLauncher.java","3","39","The constructor 'Java13CommandLauncher()' has a NCSS line count of 1.","Design","NcssCount"
"6","org.apache.commons.exec.launcher","/Users/grantnelson/go/src/github.com/apache/commons-exec/src/main/java/org/apache/commons/exec/launcher/Java13CommandLauncher.java","3","39","The constructor 'Java13CommandLauncher()' has a cyclomatic complexity of 1.","Design","CyclomaticComplexity"
"7","org.apache.commons.exec.launcher","/Users/grantnelson/go/src/github.com/apache/commons-exec/src/main/java/org/apache/commons/exec/launcher/Java13CommandLauncher.java","3","39","The constructor 'Java13CommandLauncher()' has an NPath complexity of 1, current threshold is 1","Design","NPathComplexity"
"8","org.apache.commons.exec.launcher","/Users/grantnelson/go/src/github.com/apache/commons-exec/src/main/java/org/apache/commons/exec/launcher/Java13CommandLauncher.java","3","56","The method 'exec(CommandLine, Map<String, String>, File)' has a NCSS line count of 3.","Design","NcssCount"
"9","org.apache.commons.exec.launcher","/Users/grantnelson/go/src/github.com/apache/commons-exec/src/main/java/org/apache/commons/exec/launcher/Java13CommandLauncher.java","3","56","The method 'exec(CommandLine, Map<String, String>, File)' has a cyclomatic complexity of 1.","Design","CyclomaticComplexity"
"10","org.apache.commons.exec.launcher","/Users/grantnelson/go/src/github.com/apache/commons-exec/src/main/java/org/apache/commons/exec/launcher/Java13CommandLauncher.java","3","56","The method 'exec(CommandLine, Map<String, String>, File)' has an NPath complexity of 1, current threshold is 1","Design","NPathComplexity"
"11","org.apache.commons.exec.launcher","/Users/grantnelson/go/src/github.com/apache/commons-exec/src/main/java/org/apache/commons/exec/launcher/Java13CommandLauncher.java","3","56","Avoid long parameter lists (3 parameters - threshold is 1).","Design","ExcessiveParameterList"
"1","org.apache.commons.exec.launcher","/Users/grantnelson/go/src/github.com/apache/commons-exec/src/main/java/org/apache/commons/exec/launcher/OS2CommandLauncher.java","3","39","A value of 4 may denote a high amount of coupling within the class (threshold: 1)","Design","CouplingBetweenObjects"
"2","org.apache.commons.exec.launcher","/Users/grantnelson/go/src/github.com/apache/commons-exec/src/main/java/org/apache/commons/exec/launcher/OS2CommandLauncher.java","3","39","The class 'OS2CommandLauncher' has a NCSS line count of 10 (Highest = 7).","Design","NcssCount"
"3","org.apache.commons.exec.launcher","/Users/grantnelson/go/src/github.com/apache/commons-exec/src/main/java/org/apache/commons/exec/launcher/OS2CommandLauncher.java","3","39","The class 'OS2CommandLauncher' has a total cyclomatic complexity of 3 (highest 2).","Design","CyclomaticComplexity"
"4","org.apache.commons.exec.launcher","/Users/grantnelson/go/src/github.com/apache/commons-exec/src/main/java/org/apache/commons/exec/launcher/OS2CommandLauncher.java","3","39","This class has 2 public methods and attributes; current threshold is 1.","Design","ExcessivePublicCount"
"5","org.apache.commons.exec.launcher","/Users/grantnelson/go/src/github.com/apache/commons-exec/src/main/java/org/apache/commons/exec/launcher/OS2CommandLauncher.java","3","41","The constructor 'OS2CommandLauncher(CommandLauncher)' has a NCSS line count of 2.","Design","NcssCount"
"6","org.apache.commons.exec.launcher","/Users/grantnelson/go/src/github.com/apache/commons-exec/src/main/java/org/apache/commons/exec/launcher/OS2CommandLauncher.java","3","41","The constructor 'OS2CommandLauncher(CommandLauncher)' has a cyclomatic complexity of 1.","Design","CyclomaticComplexity"
"7","org.apache.commons.exec.launcher","/Users/grantnelson/go/src/github.com/apache/commons-exec/src/main/java/org/apache/commons/exec/launcher/OS2CommandLauncher.java","3","41","The constructor 'OS2CommandLauncher(CommandLauncher)' has an NPath complexity of 1, current threshold is 1","Design","NPathComplexity"
"8","org.apache.commons.exec.launcher","/Users/grantnelson/go/src/github.com/apache/commons-exec/src/main/java/org/apache/commons/exec/launcher/OS2CommandLauncher.java","3","41","Avoid long parameter lists (1 parameters - threshold is 1).","Design","ExcessiveParameterList"
"9","org.apache.commons.exec.launcher","/Users/grantnelson/go/src/github.com/apache/commons-exec/src/main/java/org/apache/commons/exec/launcher/OS2CommandLauncher.java","3","59","The method 'exec(CommandLine, Map<String, String>, File)' has a NCSS line count of 7.","Design","NcssCount"
"10","org.apache.commons.exec.launcher","/Users/grantnelson/go/src/github.com/apache/commons-exec/src/main/java/org/apache/commons/exec/launcher/OS2CommandLauncher.java","3","59","The method 'exec(CommandLine, Map<String, String>, File)' has a cognitive complexity of 1, current threshold is 1","Design","CognitiveComplexity"
"11","org.apache.commons.exec.launcher","/Users/grantnelson/go/src/github.com/apache/commons-exec/src/main/java/org/apache/commons/exec/launcher/OS2CommandLauncher.java","3","59","The method 'exec(CommandLine, Map<String, String>, File)' has a cyclomatic complexity of 2.","Design","CyclomaticComplexity"
"12","org.apache.commons.exec.launcher","/Users/grantnelson/go/src/github.com/apache/commons-exec/src/main/java/org/apache/commons/exec/launcher/OS2CommandLauncher.java","3","59","The method 'exec(CommandLine, Map<String, String>, File)' has an NPath complexity of 2, current threshold is 1","Design","NPathComplexity"
"13","org.apache.commons.exec.launcher","/Users/grantnelson/go/src/github.com/apache/commons-exec/src/main/java/org/apache/commons/exec/launcher/OS2CommandLauncher.java","3","59","Avoid long parameter lists (3 parameters - threshold is 1).","Design","ExcessiveParameterList"
"1","org.apache.commons.exec.launcher","/Users/grantnelson/go/src/github.com/apache/commons-exec/src/main/java/org/apache/commons/exec/launcher/VmsCommandLauncher.java","3","39","A value of 6 may denote a high amount of coupling within the class (threshold: 1)","Design","CouplingBetweenObjects"
"2","org.apache.commons.exec.launcher","/Users/grantnelson/go/src/github.com/apache/commons-exec/src/main/java/org/apache/commons/exec/launcher/VmsCommandLauncher.java","3","39","The class 'VmsCommandLauncher' has a NCSS line count of 57 (Highest = 48).","Design","NcssCount"
"3","org.apache.commons.exec.launcher","/Users/grantnelson/go/src/github.com/apache/commons-exec/src/main/java/org/apache/commons/exec/launcher/VmsCommandLauncher.java","3","39","The class 'VmsCommandLauncher' has a total cyclomatic complexity of 13 (highest 10).","Design","CyclomaticComplexity"
"4","org.apache.commons.exec.launcher","/Users/grantnelson/go/src/github.com/apache/commons-exec/src/main/java/org/apache/commons/exec/launcher/VmsCommandLauncher.java","3","39","This class has 3 public methods and attributes; current threshold is 1.","Design","ExcessivePublicCount"
"5","org.apache.commons.exec.launcher","/Users/grantnelson/go/src/github.com/apache/commons-exec/src/main/java/org/apache/commons/exec/launcher/VmsCommandLauncher.java","3","45","The method 'exec(CommandLine, Map<String, String>)' has a NCSS line count of 3.","Design","NcssCount"
"6","org.apache.commons.exec.launcher","/Users/grantnelson/go/src/github.com/apache/commons-exec/src/main/java/org/apache/commons/exec/launcher/VmsCommandLauncher.java","3","45","The method 'exec(CommandLine, Map<String, String>)' has a cyclomatic complexity of 1.","Design","CyclomaticComplexity"
"7","org.apache.commons.exec.launcher","/Users/grantnelson/go/src/github.com/apache/commons-exec/src/main/java/org/apache/commons/exec/launcher/VmsCommandLauncher.java","3","45","The method 'exec(CommandLine, Map<String, String>)' has an NPath complexity of 1, current threshold is 1","Design","NPathComplexity"
"8","org.apache.commons.exec.launcher","/Users/grantnelson/go/src/github.com/apache/commons-exec/src/main/java/org/apache/commons/exec/launcher/VmsCommandLauncher.java","3","45","Avoid long parameter lists (2 parameters - threshold is 1).","Design","ExcessiveParameterList"
"9","org.apache.commons.exec.launcher","/Users/grantnelson/go/src/github.com/apache/commons-exec/src/main/java/org/apache/commons/exec/launcher/VmsCommandLauncher.java","3","61","The method 'exec(CommandLine, Map<String, String>, File)' has a NCSS line count of 3.","Design","NcssCount"
"10","org.apache.commons.exec.launcher","/Users/grantnelson/go/src/github.com/apache/commons-exec/src/main/java/org/apache/commons/exec/launcher/VmsCommandLauncher.java","3","61","The method 'exec(CommandLine, Map<String, String>, File)' has a cyclomatic complexity of 1.","Design","CyclomaticComplexity"
"11","org.apache.commons.exec.launcher","/Users/grantnelson/go/src/github.com/apache/commons-exec/src/main/java/org/apache/commons/exec/launcher/VmsCommandLauncher.java","3","61","The method 'exec(CommandLine, Map<String, String>, File)' has an NPath complexity of 1, current threshold is 1","Design","NPathComplexity"
"12","org.apache.commons.exec.launcher","/Users/grantnelson/go/src/github.com/apache/commons-exec/src/main/java/org/apache/commons/exec/launcher/VmsCommandLauncher.java","3","61","Avoid long parameter lists (3 parameters - threshold is 1).","Design","ExcessiveParameterList"
"13","org.apache.commons.exec.launcher","/Users/grantnelson/go/src/github.com/apache/commons-exec/src/main/java/org/apache/commons/exec/launcher/VmsCommandLauncher.java","3","72","The method 'isFailure(int)' has a NCSS line count of 2.","Design","NcssCount"
"14","org.apache.commons.exec.launcher","/Users/grantnelson/go/src/github.com/apache/commons-exec/src/main/java/org/apache/commons/exec/launcher/VmsCommandLauncher.java","3","72","The method 'isFailure(int)' has a cyclomatic complexity of 1.","Design","CyclomaticComplexity"
"15","org.apache.commons.exec.launcher","/Users/grantnelson/go/src/github.com/apache/commons-exec/src/main/java/org/apache/commons/exec/launcher/VmsCommandLauncher.java","3","72","The method 'isFailure(int)' has an NPath complexity of 1, current threshold is 1","Design","NPathComplexity"
"16","org.apache.commons.exec.launcher","/Users/grantnelson/go/src/github.com/apache/commons-exec/src/main/java/org/apache/commons/exec/launcher/VmsCommandLauncher.java","3","72","Avoid long parameter lists (1 parameters - threshold is 1).","Design","ExcessiveParameterList"
"17","org.apache.commons.exec.launcher","/Users/grantnelson/go/src/github.com/apache/commons-exec/src/main/java/org/apache/commons/exec/launcher/VmsCommandLauncher.java","3","81","The method 'createCommandFile(CommandLine, Map<String, String>)' has a NCSS line count of 48.","Design","NcssCount"
"18","org.apache.commons.exec.launcher","/Users/grantnelson/go/src/github.com/apache/commons-exec/src/main/java/org/apache/commons/exec/launcher/VmsCommandLauncher.java","3","81","The method 'createCommandFile(CommandLine, Map<String, String>)' has a cognitive complexity of 21, current threshold is 1","Design","CognitiveComplexity"
"19","org.apache.commons.exec.launcher","/Users/grantnelson/go/src/github.com/apache/commons-exec/src/main/java/org/apache/commons/exec/launcher/VmsCommandLauncher.java","3","81","The method 'createCommandFile(CommandLine, Map<String, String>)' has a cyclomatic complexity of 10.","Design","CyclomaticComplexity"
"20","org.apache.commons.exec.launcher","/Users/grantnelson/go/src/github.com/apache/commons-exec/src/main/java/org/apache/commons/exec/launcher/VmsCommandLauncher.java","3","81","The method 'createCommandFile(CommandLine, Map<String, String>)' has an NPath complexity of 72, current threshold is 1","Design","NPathComplexity"
"21","org.apache.commons.exec.launcher","/Users/grantnelson/go/src/github.com/apache/commons-exec/src/main/java/org/apache/commons/exec/launcher/VmsCommandLauncher.java","3","81","Avoid long parameter lists (2 parameters - threshold is 1).","Design","ExcessiveParameterList"
"1","org.apache.commons.exec.launcher","/Users/grantnelson/go/src/github.com/apache/commons-exec/src/main/java/org/apache/commons/exec/launcher/WinNTCommandLauncher.java","3","33","A value of 4 may denote a high amount of coupling within the class (threshold: 1)","Design","CouplingBetweenObjects"
"2","org.apache.commons.exec.launcher","/Users/grantnelson/go/src/github.com/apache/commons-exec/src/main/java/org/apache/commons/exec/launcher/WinNTCommandLauncher.java","3","33","The class 'WinNTCommandLauncher' has a NCSS line count of 10 (Highest = 7).","Design","NcssCount"
"3","org.apache.commons.exec.launcher","/Users/grantnelson/go/src/github.com/apache/commons-exec/src/main/java/org/apache/commons/exec/launcher/WinNTCommandLauncher.java","3","33","The class 'WinNTCommandLauncher' has a total cyclomatic complexity of 3 (highest 2).","Design","CyclomaticComplexity"
"4","org.apache.commons.exec.launcher","/Users/grantnelson/go/src/github.com/apache/commons-exec/src/main/java/org/apache/commons/exec/launcher/WinNTCommandLauncher.java","3","33","This class has 2 public methods and attributes; current threshold is 1.","Design","ExcessivePublicCount"
"5","org.apache.commons.exec.launcher","/Users/grantnelson/go/src/github.com/apache/commons-exec/src/main/java/org/apache/commons/exec/launcher/WinNTCommandLauncher.java","3","34","The constructor 'WinNTCommandLauncher(CommandLauncher)' has a NCSS line count of 2.","Design","NcssCount"
"6","org.apache.commons.exec.launcher","/Users/grantnelson/go/src/github.com/apache/commons-exec/src/main/java/org/apache/commons/exec/launcher/WinNTCommandLauncher.java","3","34","The constructor 'WinNTCommandLauncher(CommandLauncher)' has a cyclomatic complexity of 1.","Design","CyclomaticComplexity"
"7","org.apache.commons.exec.launcher","/Users/grantnelson/go/src/github.com/apache/commons-exec/src/main/java/org/apache/commons/exec/launcher/WinNTCommandLauncher.java","3","34","The constructor 'WinNTCommandLauncher(CommandLauncher)' has an NPath complexity of 1, current threshold is 1","Design","NPathComplexity"
"8","org.apache.commons.exec.launcher","/Users/grantnelson/go/src/github.com/apache/commons-exec/src/main/java/org/apache/commons/exec/launcher/WinNTCommandLauncher.java","3","34","Avoid long parameter lists (1 parameters - threshold is 1).","Design","ExcessiveParameterList"
"9","org.apache.commons.exec.launcher","/Users/grantnelson/go/src/github.com/apache/commons-exec/src/main/java/org/apache/commons/exec/launcher/WinNTCommandLauncher.java","3","52","The method 'exec(CommandLine, Map<String, String>, File)' has a NCSS line count of 7.","Design","NcssCount"
"10","org.apache.commons.exec.launcher","/Users/grantnelson/go/src/github.com/apache/commons-exec/src/main/java/org/apache/commons/exec/launcher/WinNTCommandLauncher.java","3","52","The method 'exec(CommandLine, Map<String, String>, File)' has a cognitive complexity of 1, current threshold is 1","Design","CognitiveComplexity"
"11","org.apache.commons.exec.launcher","/Users/grantnelson/go/src/github.com/apache/commons-exec/src/main/java/org/apache/commons/exec/launcher/WinNTCommandLauncher.java","3","52","The method 'exec(CommandLine, Map<String, String>, File)' has a cyclomatic complexity of 2.","Design","CyclomaticComplexity"
"12","org.apache.commons.exec.launcher","/Users/grantnelson/go/src/github.com/apache/commons-exec/src/main/java/org/apache/commons/exec/launcher/WinNTCommandLauncher.java","3","52","The method 'exec(CommandLine, Map<String, String>, File)' has an NPath complexity of 2, current threshold is 1","Design","NPathComplexity"
"13","org.apache.commons.exec.launcher","/Users/grantnelson/go/src/github.com/apache/commons-exec/src/main/java/org/apache/commons/exec/launcher/WinNTCommandLauncher.java","3","52","Avoid long parameter lists (3 parameters - threshold is 1).","Design","ExcessiveParameterList"
"1","org.apache.commons.exec.util","/Users/grantnelson/go/src/github.com/apache/commons-exec/src/main/java/org/apache/commons/exec/util/DebugUtils.java","3","26","The class 'DebugUtils' has a NCSS line count of 17 (Highest = 8).","Design","NcssCount"
"2","org.apache.commons.exec.util","/Users/grantnelson/go/src/github.com/apache/commons-exec/src/main/java/org/apache/commons/exec/util/DebugUtils.java","3","26","The class 'DebugUtils' has a total cyclomatic complexity of 8 (highest 6).","Design","CyclomaticComplexity"
"3","org.apache.commons.exec.util","/Users/grantnelson/go/src/github.com/apache/commons-exec/src/main/java/org/apache/commons/exec/util/DebugUtils.java","3","26","This class has 3 public methods and attributes; current threshold is 1.","Design","ExcessivePublicCount"
"4","org.apache.commons.exec.util","/Users/grantnelson/go/src/github.com/apache/commons-exec/src/main/java/org/apache/commons/exec/util/DebugUtils.java","3","49","The method 'handleException(String, Exception)' has a NCSS line count of 8.","Design","NcssCount"
"5","org.apache.commons.exec.util","/Users/grantnelson/go/src/github.com/apache/commons-exec/src/main/java/org/apache/commons/exec/util/DebugUtils.java","3","49","The method 'handleException(String, Exception)' has a cognitive complexity of 4, current threshold is 1","Design","CognitiveComplexity"
"6","org.apache.commons.exec.util","/Users/grantnelson/go/src/github.com/apache/commons-exec/src/main/java/org/apache/commons/exec/util/DebugUtils.java","3","49","The method 'handleException(String, Exception)' has a cyclomatic complexity of 6.","Design","CyclomaticComplexity"
"7","org.apache.commons.exec.util","/Users/grantnelson/go/src/github.com/apache/commons-exec/src/main/java/org/apache/commons/exec/util/DebugUtils.java","3","49","The method 'handleException(String, Exception)' has an NPath complexity of 6, current threshold is 1","Design","NPathComplexity"
"8","org.apache.commons.exec.util","/Users/grantnelson/go/src/github.com/apache/commons-exec/src/main/java/org/apache/commons/exec/util/DebugUtils.java","3","49","Avoid long parameter lists (2 parameters - threshold is 1).","Design","ExcessiveParameterList"
"9","org.apache.commons.exec.util","/Users/grantnelson/go/src/github.com/apache/commons-exec/src/main/java/org/apache/commons/exec/util/DebugUtils.java","3","71","The method 'isDebugEnabled()' has a NCSS line count of 3.","Design","NcssCount"
"10","org.apache.commons.exec.util","/Users/grantnelson/go/src/github.com/apache/commons-exec/src/main/java/org/apache/commons/exec/util/DebugUtils.java","3","71","The method 'isDebugEnabled()' has a cyclomatic complexity of 1.","Design","CyclomaticComplexity"
"11","org.apache.commons.exec.util","/Users/grantnelson/go/src/github.com/apache/commons-exec/src/main/java/org/apache/commons/exec/util/DebugUtils.java","3","71","The method 'isDebugEnabled()' has an NPath complexity of 1, current threshold is 1","Design","NPathComplexity"
"12","org.apache.commons.exec.util","/Users/grantnelson/go/src/github.com/apache/commons-exec/src/main/java/org/apache/commons/exec/util/DebugUtils.java","3","81","The method 'isLenientEnabled()' has a NCSS line count of 3.","Design","NcssCount"
"13","org.apache.commons.exec.util","/Users/grantnelson/go/src/github.com/apache/commons-exec/src/main/java/org/apache/commons/exec/util/DebugUtils.java","3","81","The method 'isLenientEnabled()' has a cyclomatic complexity of 1.","Design","CyclomaticComplexity"
"14","org.apache.commons.exec.util","/Users/grantnelson/go/src/github.com/apache/commons-exec/src/main/java/org/apache/commons/exec/util/DebugUtils.java","3","81","The method 'isLenientEnabled()' has an NPath complexity of 1, current threshold is 1","Design","NPathComplexity"
"1","org.apache.commons.exec.util","/Users/grantnelson/go/src/github.com/apache/commons-exec/src/main/java/org/apache/commons/exec/util/MapUtils.java","3","30","A value of 7 may denote a high amount of coupling within the class (threshold: 1)","Design","CouplingBetweenObjects"
"2","org.apache.commons.exec.util","/Users/grantnelson/go/src/github.com/apache/commons-exec/src/main/java/org/apache/commons/exec/util/MapUtils.java","3","30","The class 'MapUtils' has a NCSS line count of 27 (Highest = 11).","Design","NcssCount"
"3","org.apache.commons.exec.util","/Users/grantnelson/go/src/github.com/apache/commons-exec/src/main/java/org/apache/commons/exec/util/MapUtils.java","3","30","The class 'MapUtils' has a total cyclomatic complexity of 10 (highest 5).","Design","CyclomaticComplexity"
"4","org.apache.commons.exec.util","/Users/grantnelson/go/src/github.com/apache/commons-exec/src/main/java/org/apache/commons/exec/util/MapUtils.java","3","30","This class has 3 public methods and attributes; current threshold is 1.","Design","ExcessivePublicCount"
"5","org.apache.commons.exec.util","/Users/grantnelson/go/src/github.com/apache/commons-exec/src/main/java/org/apache/commons/exec/util/MapUtils.java","3","43","The method 'copy(Map<K, V>)' has a NCSS line count of 6.","Design","NcssCount"
"6","org.apache.commons.exec.util","/Users/grantnelson/go/src/github.com/apache/commons-exec/src/main/java/org/apache/commons/exec/util/MapUtils.java","3","43","The method 'copy(Map<K, V>)' has a cognitive complexity of 1, current threshold is 1","Design","CognitiveComplexity"
"7","org.apache.commons.exec.util","/Users/grantnelson/go/src/github.com/apache/commons-exec/src/main/java/org/apache/commons/exec/util/MapUtils.java","3","43","The method 'copy(Map<K, V>)' has a cyclomatic complexity of 2.","Design","CyclomaticComplexity"
"8","org.apache.commons.exec.util","/Users/grantnelson/go/src/github.com/apache/commons-exec/src/main/java/org/apache/commons/exec/util/MapUtils.java","3","43","The method 'copy(Map<K, V>)' has an NPath complexity of 2, current threshold is 1","Design","NPathComplexity"
"9","org.apache.commons.exec.util","/Users/grantnelson/go/src/github.com/apache/commons-exec/src/main/java/org/apache/commons/exec/util/MapUtils.java","3","43","Avoid long parameter lists (1 parameters - threshold is 1).","Design","ExcessiveParameterList"
"10","org.apache.commons.exec.util","/Users/grantnelson/go/src/github.com/apache/commons-exec/src/main/java/org/apache/commons/exec/util/MapUtils.java","3","68","The method 'prefix(Map<K, V>, String)' has a NCSS line count of 9.","Design","NcssCount"
"11","org.apache.commons.exec.util","/Users/grantnelson/go/src/github.com/apache/commons-exec/src/main/java/org/apache/commons/exec/util/MapUtils.java","3","68","The method 'prefix(Map<K, V>, String)' has a cognitive complexity of 2, current threshold is 1","Design","CognitiveComplexity"
"12","org.apache.commons.exec.util","/Users/grantnelson/go/src/github.com/apache/commons-exec/src/main/java/org/apache/commons/exec/util/MapUtils.java","3","68","The method 'prefix(Map<K, V>, String)' has a cyclomatic complexity of 3.","Design","CyclomaticComplexity"
"13","org.apache.commons.exec.util","/Users/grantnelson/go/src/github.com/apache/commons-exec/src/main/java/org/apache/commons/exec/util/MapUtils.java","3","68","The method 'prefix(Map<K, V>, String)' has an NPath complexity of 3, current threshold is 1","Design","NPathComplexity"
"14","org.apache.commons.exec.util","/Users/grantnelson/go/src/github.com/apache/commons-exec/src/main/java/org/apache/commons/exec/util/MapUtils.java","3","68","Avoid long parameter lists (2 parameters - threshold is 1).","Design","ExcessiveParameterList"
"15","org.apache.commons.exec.util","/Users/grantnelson/go/src/github.com/apache/commons-exec/src/main/java/org/apache/commons/exec/util/MapUtils.java","3","98","The method 'merge(Map<K, V>, Map<K, V>)' has a NCSS line count of 11.","Design","NcssCount"
"16","org.apache.commons.exec.util","/Users/grantnelson/go/src/github.com/apache/commons-exec/src/main/java/org/apache/commons/exec/util/MapUtils.java","3","98","The method 'merge(Map<K, V>, Map<K, V>)' has a cognitive complexity of 5, current threshold is 1","Design","CognitiveComplexity"
"17","org.apache.commons.exec.util","/Users/grantnelson/go/src/github.com/apache/commons-exec/src/main/java/org/apache/commons/exec/util/MapUtils.java","3","98","The method 'merge(Map<K, V>, Map<K, V>)' has a cyclomatic complexity of 5.","Design","CyclomaticComplexity"
"18","org.apache.commons.exec.util","/Users/grantnelson/go/src/github.com/apache/commons-exec/src/main/java/org/apache/commons/exec/util/MapUtils.java","3","98","The method 'merge(Map<K, V>, Map<K, V>)' has an NPath complexity of 5, current threshold is 1","Design","NPathComplexity"
"19","org.apache.commons.exec.util","/Users/grantnelson/go/src/github.com/apache/commons-exec/src/main/java/org/apache/commons/exec/util/MapUtils.java","3","98","Avoid long parameter lists (2 parameters - threshold is 1).","Design","ExcessiveParameterList"
"1","org.apache.commons.exec.util","/Users/grantnelson/go/src/github.com/apache/commons-exec/src/main/java/org/apache/commons/exec/util/StringUtils.java","3","37","A value of 3 may denote a high amount of coupling within the class (threshold: 1)","Design","CouplingBetweenObjects"
"2","org.apache.commons.exec.util","/Users/grantnelson/go/src/github.com/apache/commons-exec/src/main/java/org/apache/commons/exec/util/StringUtils.java","3","37","The class 'StringUtils' has a NCSS line count of 87 (Highest = 49).","Design","NcssCount"
"3","org.apache.commons.exec.util","/Users/grantnelson/go/src/github.com/apache/commons-exec/src/main/java/org/apache/commons/exec/util/StringUtils.java","3","37","The class 'StringUtils' has a total cyclomatic complexity of 39 (highest 22).","Design","CyclomaticComplexity"
"4","org.apache.commons.exec.util","/Users/grantnelson/go/src/github.com/apache/commons-exec/src/main/java/org/apache/commons/exec/util/StringUtils.java","3","37","This class has 6 public methods and attributes; current threshold is 1.","Design","ExcessivePublicCount"
"5","org.apache.commons.exec.util","/Users/grantnelson/go/src/github.com/apache/commons-exec/src/main/java/org/apache/commons/exec/util/StringUtils.java","3","70","The method 'stringSubstitution(String, Map<? super String, ?>, boolean)' has a NCSS line count of 49.","Design","NcssCount"
"6","org.apache.commons.exec.util","/Users/grantnelson/go/src/github.com/apache/commons-exec/src/main/java/org/apache/commons/exec/util/StringUtils.java","3","70","The method 'stringSubstitution(String, Map<? super String, ?>, boolean)' has a cognitive complexity of 56, current threshold is 1","Design","CognitiveComplexity"
"7","org.apache.commons.exec.util","/Users/grantnelson/go/src/github.com/apache/commons-exec/src/main/java/org/apache/commons/exec/util/StringUtils.java","3","70","The method 'stringSubstitution(String, Map<? super String, ?>, boolean)' has a cyclomatic complexity of 22.","Design","CyclomaticComplexity"
"8","org.apache.commons.exec.util","/Users/grantnelson/go/src/github.com/apache/commons-exec/src/main/java/org/apache/commons/exec/util/StringUtils.java","3","70","The method 'stringSubstitution(String, Map<? super String, ?>, boolean)' has an NPath complexity of 119, current threshold is 1","Design","NPathComplexity"
"9","org.apache.commons.exec.util","/Users/grantnelson/go/src/github.com/apache/commons-exec/src/main/java/org/apache/commons/exec/util/StringUtils.java","3","70","Avoid long parameter lists (3 parameters - threshold is 1).","Design","ExcessiveParameterList"
"10","org.apache.commons.exec.util","/Users/grantnelson/go/src/github.com/apache/commons-exec/src/main/java/org/apache/commons/exec/util/StringUtils.java","3","166","The method 'split(String, String)' has a NCSS line count of 6.","Design","NcssCount"
"11","org.apache.commons.exec.util","/Users/grantnelson/go/src/github.com/apache/commons-exec/src/main/java/org/apache/commons/exec/util/StringUtils.java","3","166","The method 'split(String, String)' has a cognitive complexity of 1, current threshold is 1","Design","CognitiveComplexity"
"12","org.apache.commons.exec.util","/Users/grantnelson/go/src/github.com/apache/commons-exec/src/main/java/org/apache/commons/exec/util/StringUtils.java","3","166","The method 'split(String, String)' has a cyclomatic complexity of 2.","Design","CyclomaticComplexity"
"13","org.apache.commons.exec.util","/Users/grantnelson/go/src/github.com/apache/commons-exec/src/main/java/org/apache/commons/exec/util/StringUtils.java","3","166","The method 'split(String, String)' has an NPath complexity of 2, current threshold is 1","Design","NPathComplexity"
"14","org.apache.commons.exec.util","/Users/grantnelson/go/src/github.com/apache/commons-exec/src/main/java/org/apache/commons/exec/util/StringUtils.java","3","166","Avoid long parameter lists (2 parameters - threshold is 1).","Design","ExcessiveParameterList"
"15","org.apache.commons.exec.util","/Users/grantnelson/go/src/github.com/apache/commons-exec/src/main/java/org/apache/commons/exec/util/StringUtils.java","3","187","The method 'fixFileSeparatorChar(String)' has a NCSS line count of 2.","Design","NcssCount"
"16","org.apache.commons.exec.util","/Users/grantnelson/go/src/github.com/apache/commons-exec/src/main/java/org/apache/commons/exec/util/StringUtils.java","3","187","The method 'fixFileSeparatorChar(String)' has a cyclomatic complexity of 1.","Design","CyclomaticComplexity"
"17","org.apache.commons.exec.util","/Users/grantnelson/go/src/github.com/apache/commons-exec/src/main/java/org/apache/commons/exec/util/StringUtils.java","3","187","The method 'fixFileSeparatorChar(String)' has an NPath complexity of 1, current threshold is 1","Design","NPathComplexity"
"18","org.apache.commons.exec.util","/Users/grantnelson/go/src/github.com/apache/commons-exec/src/main/java/org/apache/commons/exec/util/StringUtils.java","3","187","Avoid long parameter lists (1 parameters - threshold is 1).","Design","ExcessiveParameterList"
"19","org.apache.commons.exec.util","/Users/grantnelson/go/src/github.com/apache/commons-exec/src/main/java/org/apache/commons/exec/util/StringUtils.java","3","199","The method 'toString(String[], String)' has a NCSS line count of 7.","Design","NcssCount"
"20","org.apache.commons.exec.util","/Users/grantnelson/go/src/github.com/apache/commons-exec/src/main/java/org/apache/commons/exec/util/StringUtils.java","3","199","The method 'toString(String[], String)' has a cognitive complexity of 3, current threshold is 1","Design","CognitiveComplexity"
"21","org.apache.commons.exec.util","/Users/grantnelson/go/src/github.com/apache/commons-exec/src/main/java/org/apache/commons/exec/util/StringUtils.java","3","199","The method 'toString(String[], String)' has a cyclomatic complexity of 3.","Design","CyclomaticComplexity"
"22","org.apache.commons.exec.util","/Users/grantnelson/go/src/github.com/apache/commons-exec/src/main/java/org/apache/commons/exec/util/StringUtils.java","3","199","The method 'toString(String[], String)' has an NPath complexity of 3, current threshold is 1","Design","NPathComplexity"
"23","org.apache.commons.exec.util","/Users/grantnelson/go/src/github.com/apache/commons-exec/src/main/java/org/apache/commons/exec/util/StringUtils.java","3","199","Avoid long parameter lists (2 parameters - threshold is 1).","Design","ExcessiveParameterList"
"24","org.apache.commons.exec.util","/Users/grantnelson/go/src/github.com/apache/commons-exec/src/main/java/org/apache/commons/exec/util/StringUtils.java","3","222","The method 'quoteArgument(String)' has a NCSS line count of 16.","Design","NcssCount"
"25","org.apache.commons.exec.util","/Users/grantnelson/go/src/github.com/apache/commons-exec/src/main/java/org/apache/commons/exec/util/StringUtils.java","3","222","The method 'quoteArgument(String)' has a cognitive complexity of 10, current threshold is 1","Design","CognitiveComplexity"
"26","org.apache.commons.exec.util","/Users/grantnelson/go/src/github.com/apache/commons-exec/src/main/java/org/apache/commons/exec/util/StringUtils.java","3","222","The method 'quoteArgument(String)' has a cyclomatic complexity of 10.","Design","CyclomaticComplexity"
"27","org.apache.commons.exec.util","/Users/grantnelson/go/src/github.com/apache/commons-exec/src/main/java/org/apache/commons/exec/util/StringUtils.java","3","222","The method 'quoteArgument(String)' has an NPath complexity of 45, current threshold is 1","Design","NPathComplexity"
"28","org.apache.commons.exec.util","/Users/grantnelson/go/src/github.com/apache/commons-exec/src/main/java/org/apache/commons/exec/util/StringUtils.java","3","222","Avoid long parameter lists (1 parameters - threshold is 1).","Design","ExcessiveParameterList"
"29","org.apache.commons.exec.util","/Users/grantnelson/go/src/github.com/apache/commons-exec/src/main/java/org/apache/commons/exec/util/StringUtils.java","3","259","The method 'isQuoted(String)' has a NCSS line count of 2.","Design","NcssCount"
"30","org.apache.commons.exec.util","/Users/grantnelson/go/src/github.com/apache/commons-exec/src/main/java/org/apache/commons/exec/util/StringUtils.java","3","259","The method 'isQuoted(String)' has a cognitive complexity of 2, current threshold is 1","Design","CognitiveComplexity"
"31","org.apache.commons.exec.util","/Users/grantnelson/go/src/github.com/apache/commons-exec/src/main/java/org/apache/commons/exec/util/StringUtils.java","3","259","The method 'isQuoted(String)' has a cyclomatic complexity of 1.","Design","CyclomaticComplexity"
"32","org.apache.commons.exec.util","/Users/grantnelson/go/src/github.com/apache/commons-exec/src/main/java/org/apache/commons/exec/util/StringUtils.java","3","259","The method 'isQuoted(String)' has an NPath complexity of 6, current threshold is 1","Design","NPathComplexity"
"33","org.apache.commons.exec.util","/Users/grantnelson/go/src/github.com/apache/commons-exec/src/main/java/org/apache/commons/exec/util/StringUtils.java","3","259","Avoid long parameter lists (1 parameters - threshold is 1).","Design","ExcessiveParameterList"
"1","org.apache.commons.exec","/Users/grantnelson/go/src/github.com/apache/commons-exec/src/test/java/org/apache/commons/exec/AbstractExecTest.java","3","8","A value of 2 may denote a high amount of coupling within the class (threshold: 1)","Design","CouplingBetweenObjects"
"2","org.apache.commons.exec","/Users/grantnelson/go/src/github.com/apache/commons-exec/src/test/java/org/apache/commons/exec/AbstractExecTest.java","3","8","The class 'AbstractExecTest' has a NCSS line count of 26 (Highest = 5).","Design","NcssCount"
"3","org.apache.commons.exec","/Users/grantnelson/go/src/github.com/apache/commons-exec/src/test/java/org/apache/commons/exec/AbstractExecTest.java","3","8","The class 'AbstractExecTest' has a total cyclomatic complexity of 9 (highest 3).","Design","CyclomaticComplexity"
"4","org.apache.commons.exec","/Users/grantnelson/go/src/github.com/apache/commons-exec/src/test/java/org/apache/commons/exec/AbstractExecTest.java","3","8","This class has 1 public methods and attributes; current threshold is 1.","Design","ExcessivePublicCount"
"5","org.apache.commons.exec","/Users/grantnelson/go/src/github.com/apache/commons-exec/src/test/java/org/apache/commons/exec/AbstractExecTest.java","3","22","The method 'resolveTestScript(String)' has a NCSS line count of 5.","Design","NcssCount"
"6","org.apache.commons.exec","/Users/grantnelson/go/src/github.com/apache/commons-exec/src/test/java/org/apache/commons/exec/AbstractExecTest.java","3","22","The method 'resolveTestScript(String)' has a cognitive complexity of 1, current threshold is 1","Design","CognitiveComplexity"
"7","org.apache.commons.exec","/Users/grantnelson/go/src/github.com/apache/commons-exec/src/test/java/org/apache/commons/exec/AbstractExecTest.java","3","22","The method 'resolveTestScript(String)' has a cyclomatic complexity of 3.","Design","CyclomaticComplexity"
"8","org.apache.commons.exec","/Users/grantnelson/go/src/github.com/apache/commons-exec/src/test/java/org/apache/commons/exec/AbstractExecTest.java","3","22","The method 'resolveTestScript(String)' has an NPath complexity of 2, current threshold is 1","Design","NPathComplexity"
"9","org.apache.commons.exec","/Users/grantnelson/go/src/github.com/apache/commons-exec/src/test/java/org/apache/commons/exec/AbstractExecTest.java","3","22","Avoid long parameter lists (1 parameters - threshold is 1).","Design","ExcessiveParameterList"
"10","org.apache.commons.exec","/Users/grantnelson/go/src/github.com/apache/commons-exec/src/test/java/org/apache/commons/exec/AbstractExecTest.java","3","33","The method 'resolveTestScript(String, String)' has a NCSS line count of 5.","Design","NcssCount"
"11","org.apache.commons.exec","/Users/grantnelson/go/src/github.com/apache/commons-exec/src/test/java/org/apache/commons/exec/AbstractExecTest.java","3","33","The method 'resolveTestScript(String, String)' has a cognitive complexity of 1, current threshold is 1","Design","CognitiveComplexity"
"12","org.apache.commons.exec","/Users/grantnelson/go/src/github.com/apache/commons-exec/src/test/java/org/apache/commons/exec/AbstractExecTest.java","3","33","The method 'resolveTestScript(String, String)' has a cyclomatic complexity of 3.","Design","CyclomaticComplexity"
"13","org.apache.commons.exec","/Users/grantnelson/go/src/github.com/apache/commons-exec/src/test/java/org/apache/commons/exec/AbstractExecTest.java","3","33","The method 'resolveTestScript(String, String)' has an NPath complexity of 2, current threshold is 1","Design","NPathComplexity"
"14","org.apache.commons.exec","/Users/grantnelson/go/src/github.com/apache/commons-exec/src/test/java/org/apache/commons/exec/AbstractExecTest.java","3","33","Avoid long parameter lists (2 parameters - threshold is 1).","Design","ExcessiveParameterList"
"15","org.apache.commons.exec","/Users/grantnelson/go/src/github.com/apache/commons-exec/src/test/java/org/apache/commons/exec/AbstractExecTest.java","3","44","The method 'getName()' has a NCSS line count of 2.","Design","NcssCount"
"16","org.apache.commons.exec","/Users/grantnelson/go/src/github.com/apache/commons-exec/src/test/java/org/apache/commons/exec/AbstractExecTest.java","3","44","The method 'getName()' has a cyclomatic complexity of 1.","Design","CyclomaticComplexity"
"17","org.apache.commons.exec","/Users/grantnelson/go/src/github.com/apache/commons-exec/src/test/java/org/apache/commons/exec/AbstractExecTest.java","3","44","The method 'getName()' has an NPath complexity of 1, current threshold is 1","Design","NPathComplexity"
"18","org.apache.commons.exec","/Users/grantnelson/go/src/github.com/apache/commons-exec/src/test/java/org/apache/commons/exec/AbstractExecTest.java","3","48","The method 'testNotSupportedForCurrentOperatingSystem()' has a NCSS line count of 4.","Design","NcssCount"
"19","org.apache.commons.exec","/Users/grantnelson/go/src/github.com/apache/commons-exec/src/test/java/org/apache/commons/exec/AbstractExecTest.java","3","48","The method 'testNotSupportedForCurrentOperatingSystem()' has a cyclomatic complexity of 1.","Design","CyclomaticComplexity"
"20","org.apache.commons.exec","/Users/grantnelson/go/src/github.com/apache/commons-exec/src/test/java/org/apache/commons/exec/AbstractExecTest.java","3","48","The method 'testNotSupportedForCurrentOperatingSystem()' has an NPath complexity of 1, current threshold is 1","Design","NPathComplexity"
"21","org.apache.commons.exec","/Users/grantnelson/go/src/github.com/apache/commons-exec/src/test/java/org/apache/commons/exec/AbstractExecTest.java","3","54","The method 'testIsBrokenForCurrentOperatingSystem()' has a NCSS line count of 4.","Design","NcssCount"
"22","org.apache.commons.exec","/Users/grantnelson/go/src/github.com/apache/commons-exec/src/test/java/org/apache/commons/exec/AbstractExecTest.java","3","54","The method 'testIsBrokenForCurrentOperatingSystem()' has a cyclomatic complexity of 1.","Design","CyclomaticComplexity"
"23","org.apache.commons.exec","/Users/grantnelson/go/src/github.com/apache/commons-exec/src/test/java/org/apache/commons/exec/AbstractExecTest.java","3","54","The method 'testIsBrokenForCurrentOperatingSystem()' has an NPath complexity of 1, current threshold is 1","Design","NPathComplexity"
"1","org.apache.commons.exec","/Users/grantnelson/go/src/github.com/apache/commons-exec/src/test/java/org/apache/commons/exec/CommandLineTest.java","3","36","A value of 4 may denote a high amount of coupling within the class (threshold: 1)","Design","CouplingBetweenObjects"
"2","org.apache.commons.exec","/Users/grantnelson/go/src/github.com/apache/commons-exec/src/test/java/org/apache/commons/exec/CommandLineTest.java","3","36","The class 'CommandLineTest' has a NCSS line count of 244 (Highest = 29).","Design","NcssCount"
"3","org.apache.commons.exec","/Users/grantnelson/go/src/github.com/apache/commons-exec/src/test/java/org/apache/commons/exec/CommandLineTest.java","3","36","The class 'CommandLineTest' has a total cyclomatic complexity of 41 (highest 2).","Design","CyclomaticComplexity"
"4","org.apache.commons.exec","/Users/grantnelson/go/src/github.com/apache/commons-exec/src/test/java/org/apache/commons/exec/CommandLineTest.java","3","36","This class has 34 public methods and attributes; current threshold is 1.","Design","ExcessivePublicCount"
"5","org.apache.commons.exec","/Users/grantnelson/go/src/github.com/apache/commons-exec/src/test/java/org/apache/commons/exec/CommandLineTest.java","3","40","The method 'testExecutable()' has a NCSS line count of 6.","Design","NcssCount"
"6","org.apache.commons.exec","/Users/grantnelson/go/src/github.com/apache/commons-exec/src/test/java/org/apache/commons/exec/CommandLineTest.java","3","40","The method 'testExecutable()' has a cyclomatic complexity of 1.","Design","CyclomaticComplexity"
"7","org.apache.commons.exec","/Users/grantnelson/go/src/github.com/apache/commons-exec/src/test/java/org/apache/commons/exec/CommandLineTest.java","3","40","The method 'testExecutable()' has an NPath complexity of 1, current threshold is 1","Design","NPathComplexity"
"8","org.apache.commons.exec","/Users/grantnelson/go/src/github.com/apache/commons-exec/src/test/java/org/apache/commons/exec/CommandLineTest.java","3","49","The method 'testExecutableZeroLengthString()' has a NCSS line count of 4.","Design","NcssCount"
"9","org.apache.commons.exec","/Users/grantnelson/go/src/github.com/apache/commons-exec/src/test/java/org/apache/commons/exec/CommandLineTest.java","3","49","The method 'testExecutableZeroLengthString()' has a cognitive complexity of 1, current threshold is 1","Design","CognitiveComplexity"
"10","org.apache.commons.exec","/Users/grantnelson/go/src/github.com/apache/commons-exec/src/test/java/org/apache/commons/exec/CommandLineTest.java","3","49","The method 'testExecutableZeroLengthString()' has a cyclomatic complexity of 2.","Design","CyclomaticComplexity"
"11","org.apache.commons.exec","/Users/grantnelson/go/src/github.com/apache/commons-exec/src/test/java/org/apache/commons/exec/CommandLineTest.java","3","49","The method 'testExecutableZeroLengthString()' has an NPath complexity of 1, current threshold is 1","Design","NPathComplexity"
"12","org.apache.commons.exec","/Users/grantnelson/go/src/github.com/apache/commons-exec/src/test/java/org/apache/commons/exec/CommandLineTest.java","3","59","The method 'testExecutableWhitespaceString()' has a NCSS line count of 4.","Design","NcssCount"
"13","org.apache.commons.exec","/Users/grantnelson/go/src/github.com/apache/commons-exec/src/test/java/org/apache/commons/exec/CommandLineTest.java","3","59","The method 'testExecutableWhitespaceString()' has a cognitive complexity of 1, current threshold is 1","Design","CognitiveComplexity"
"14","org.apache.commons.exec","/Users/grantnelson/go/src/github.com/apache/commons-exec/src/test/java/org/apache/commons/exec/CommandLineTest.java","3","59","The method 'testExecutableWhitespaceString()' has a cyclomatic complexity of 2.","Design","CyclomaticComplexity"
"15","org.apache.commons.exec","/Users/grantnelson/go/src/github.com/apache/commons-exec/src/test/java/org/apache/commons/exec/CommandLineTest.java","3","59","The method 'testExecutableWhitespaceString()' has an NPath complexity of 1, current threshold is 1","Design","NPathComplexity"
"16","org.apache.commons.exec","/Users/grantnelson/go/src/github.com/apache/commons-exec/src/test/java/org/apache/commons/exec/CommandLineTest.java","3","69","The method 'testNullExecutable()' has a NCSS line count of 4.","Design","NcssCount"
"17","org.apache.commons.exec","/Users/grantnelson/go/src/github.com/apache/commons-exec/src/test/java/org/apache/commons/exec/CommandLineTest.java","3","69","The method 'testNullExecutable()' has a cognitive complexity of 1, current threshold is 1","Design","CognitiveComplexity"
"18","org.apache.commons.exec","/Users/grantnelson/go/src/github.com/apache/commons-exec/src/test/java/org/apache/commons/exec/CommandLineTest.java","3","69","The method 'testNullExecutable()' has a cyclomatic complexity of 2.","Design","CyclomaticComplexity"
"19","org.apache.commons.exec","/Users/grantnelson/go/src/github.com/apache/commons-exec/src/test/java/org/apache/commons/exec/CommandLineTest.java","3","69","The method 'testNullExecutable()' has an NPath complexity of 1, current threshold is 1","Design","NPathComplexity"
"20","org.apache.commons.exec","/Users/grantnelson/go/src/github.com/apache/commons-exec/src/test/java/org/apache/commons/exec/CommandLineTest.java","3","79","The method 'testAddArgument()' has a NCSS line count of 6.","Design","NcssCount"
"21","org.apache.commons.exec","/Users/grantnelson/go/src/github.com/apache/commons-exec/src/test/java/org/apache/commons/exec/CommandLineTest.java","3","79","The method 'testAddArgument()' has a cyclomatic complexity of 1.","Design","CyclomaticComplexity"
"22","org.apache.commons.exec","/Users/grantnelson/go/src/github.com/apache/commons-exec/src/test/java/org/apache/commons/exec/CommandLineTest.java","3","79","The method 'testAddArgument()' has an NPath complexity of 1, current threshold is 1","Design","NPathComplexity"
"23","org.apache.commons.exec","/Users/grantnelson/go/src/github.com/apache/commons-exec/src/test/java/org/apache/commons/exec/CommandLineTest.java","3","89","The method 'testAddNullArgument()' has a NCSS line count of 5.","Design","NcssCount"
"24","org.apache.commons.exec","/Users/grantnelson/go/src/github.com/apache/commons-exec/src/test/java/org/apache/commons/exec/CommandLineTest.java","3","89","The method 'testAddNullArgument()' has a cyclomatic complexity of 1.","Design","CyclomaticComplexity"
"25","org.apache.commons.exec","/Users/grantnelson/go/src/github.com/apache/commons-exec/src/test/java/org/apache/commons/exec/CommandLineTest.java","3","89","The method 'testAddNullArgument()' has an NPath complexity of 1, current threshold is 1","Design","NPathComplexity"
"26","org.apache.commons.exec","/Users/grantnelson/go/src/github.com/apache/commons-exec/src/test/java/org/apache/commons/exec/CommandLineTest.java","3","98","The method 'testAddArgumentWithSpace()' has a NCSS line count of 6.","Design","NcssCount"
"27","org.apache.commons.exec","/Users/grantnelson/go/src/github.com/apache/commons-exec/src/test/java/org/apache/commons/exec/CommandLineTest.java","3","98","The method 'testAddArgumentWithSpace()' has a cyclomatic complexity of 1.","Design","CyclomaticComplexity"
"28","org.apache.commons.exec","/Users/grantnelson/go/src/github.com/apache/commons-exec/src/test/java/org/apache/commons/exec/CommandLineTest.java","3","98","The method 'testAddArgumentWithSpace()' has an NPath complexity of 1, current threshold is 1","Design","NPathComplexity"
"29","org.apache.commons.exec","/Users/grantnelson/go/src/github.com/apache/commons-exec/src/test/java/org/apache/commons/exec/CommandLineTest.java","3","107","The method 'testAddArgumentWithQuote()' has a NCSS line count of 6.","Design","NcssCount"
"30","org.apache.commons.exec","/Users/grantnelson/go/src/github.com/apache/commons-exec/src/test/java/org/apache/commons/exec/CommandLineTest.java","3","107","The method 'testAddArgumentWithQuote()' has a cyclomatic complexity of 1.","Design","CyclomaticComplexity"
"31","org.apache.commons.exec","/Users/grantnelson/go/src/github.com/apache/commons-exec/src/test/java/org/apache/commons/exec/CommandLineTest.java","3","107","The method 'testAddArgumentWithQuote()' has an NPath complexity of 1, current threshold is 1","Design","NPathComplexity"
"32","org.apache.commons.exec","/Users/grantnelson/go/src/github.com/apache/commons-exec/src/test/java/org/apache/commons/exec/CommandLineTest.java","3","116","The method 'testAddArgumentWithQuotesAround()' has a NCSS line count of 7.","Design","NcssCount"
"33","org.apache.commons.exec","/Users/grantnelson/go/src/github.com/apache/commons-exec/src/test/java/org/apache/commons/exec/CommandLineTest.java","3","116","The method 'testAddArgumentWithQuotesAround()' has a cyclomatic complexity of 1.","Design","CyclomaticComplexity"
"34","org.apache.commons.exec","/Users/grantnelson/go/src/github.com/apache/commons-exec/src/test/java/org/apache/commons/exec/CommandLineTest.java","3","116","The method 'testAddArgumentWithQuotesAround()' has an NPath complexity of 1, current threshold is 1","Design","NPathComplexity"
"35","org.apache.commons.exec","/Users/grantnelson/go/src/github.com/apache/commons-exec/src/test/java/org/apache/commons/exec/CommandLineTest.java","3","126","The method 'testAddArgumentWithSingleQuote()' has a NCSS line count of 6.","Design","NcssCount"
"36","org.apache.commons.exec","/Users/grantnelson/go/src/github.com/apache/commons-exec/src/test/java/org/apache/commons/exec/CommandLineTest.java","3","126","The method 'testAddArgumentWithSingleQuote()' has a cyclomatic complexity of 1.","Design","CyclomaticComplexity"
"37","org.apache.commons.exec","/Users/grantnelson/go/src/github.com/apache/commons-exec/src/test/java/org/apache/commons/exec/CommandLineTest.java","3","126","The method 'testAddArgumentWithSingleQuote()' has an NPath complexity of 1, current threshold is 1","Design","NPathComplexity"
"38","org.apache.commons.exec","/Users/grantnelson/go/src/github.com/apache/commons-exec/src/test/java/org/apache/commons/exec/CommandLineTest.java","3","137","The method 'testAddArgumentWithBothQuotes()' has a NCSS line count of 5.","Design","NcssCount"
"39","org.apache.commons.exec","/Users/grantnelson/go/src/github.com/apache/commons-exec/src/test/java/org/apache/commons/exec/CommandLineTest.java","3","137","The method 'testAddArgumentWithBothQuotes()' has a cognitive complexity of 1, current threshold is 1","Design","CognitiveComplexity"
"40","org.apache.commons.exec","/Users/grantnelson/go/src/github.com/apache/commons-exec/src/test/java/org/apache/commons/exec/CommandLineTest.java","3","137","The method 'testAddArgumentWithBothQuotes()' has a cyclomatic complexity of 2.","Design","CyclomaticComplexity"
"41","org.apache.commons.exec","/Users/grantnelson/go/src/github.com/apache/commons-exec/src/test/java/org/apache/commons/exec/CommandLineTest.java","3","137","The method 'testAddArgumentWithBothQuotes()' has an NPath complexity of 1, current threshold is 1","Design","NPathComplexity"
"42","org.apache.commons.exec","/Users/grantnelson/go/src/github.com/apache/commons-exec/src/test/java/org/apache/commons/exec/CommandLineTest.java","3","149","The method 'testAddArguments()' has a NCSS line count of 5.","Design","NcssCount"
"43","org.apache.commons.exec","/Users/grantnelson/go/src/github.com/apache/commons-exec/src/test/java/org/apache/commons/exec/CommandLineTest.java","3","149","The method 'testAddArguments()' has a cyclomatic complexity of 1.","Design","CyclomaticComplexity"
"44","org.apache.commons.exec","/Users/grantnelson/go/src/github.com/apache/commons-exec/src/test/java/org/apache/commons/exec/CommandLineTest.java","3","149","The method 'testAddArguments()' has an NPath complexity of 1, current threshold is 1","Design","NPathComplexity"
"45","org.apache.commons.exec","/Users/grantnelson/go/src/github.com/apache/commons-exec/src/test/java/org/apache/commons/exec/CommandLineTest.java","3","157","The method 'testAddArgumentsWithQuotes()' has a NCSS line count of 5.","Design","NcssCount"
"46","org.apache.commons.exec","/Users/grantnelson/go/src/github.com/apache/commons-exec/src/test/java/org/apache/commons/exec/CommandLineTest.java","3","157","The method 'testAddArgumentsWithQuotes()' has a cyclomatic complexity of 1.","Design","CyclomaticComplexity"
"47","org.apache.commons.exec","/Users/grantnelson/go/src/github.com/apache/commons-exec/src/test/java/org/apache/commons/exec/CommandLineTest.java","3","157","The method 'testAddArgumentsWithQuotes()' has an NPath complexity of 1, current threshold is 1","Design","NPathComplexity"
"48","org.apache.commons.exec","/Users/grantnelson/go/src/github.com/apache/commons-exec/src/test/java/org/apache/commons/exec/CommandLineTest.java","3","165","The method 'testAddArgumentsWithQuotesAndSpaces()' has a NCSS line count of 5.","Design","NcssCount"
"49","org.apache.commons.exec","/Users/grantnelson/go/src/github.com/apache/commons-exec/src/test/java/org/apache/commons/exec/CommandLineTest.java","3","165","The method 'testAddArgumentsWithQuotesAndSpaces()' has a cyclomatic complexity of 1.","Design","CyclomaticComplexity"
"50","org.apache.commons.exec","/Users/grantnelson/go/src/github.com/apache/commons-exec/src/test/java/org/apache/commons/exec/CommandLineTest.java","3","165","The method 'testAddArgumentsWithQuotesAndSpaces()' has an NPath complexity of 1, current threshold is 1","Design","NPathComplexity"
"51","org.apache.commons.exec","/Users/grantnelson/go/src/github.com/apache/commons-exec/src/test/java/org/apache/commons/exec/CommandLineTest.java","3","174","The method 'testAddArgumentsArray()' has a NCSS line count of 5.","Design","NcssCount"
"52","org.apache.commons.exec","/Users/grantnelson/go/src/github.com/apache/commons-exec/src/test/java/org/apache/commons/exec/CommandLineTest.java","3","174","The method 'testAddArgumentsArray()' has a cyclomatic complexity of 1.","Design","CyclomaticComplexity"
"53","org.apache.commons.exec","/Users/grantnelson/go/src/github.com/apache/commons-exec/src/test/java/org/apache/commons/exec/CommandLineTest.java","3","174","The method 'testAddArgumentsArray()' has an NPath complexity of 1, current threshold is 1","Design","NPathComplexity"
"54","org.apache.commons.exec","/Users/grantnelson/go/src/github.com/apache/commons-exec/src/test/java/org/apache/commons/exec/CommandLineTest.java","3","182","The method 'testAddArgumentsArrayNull()' has a NCSS line count of 5.","Design","NcssCount"
"55","org.apache.commons.exec","/Users/grantnelson/go/src/github.com/apache/commons-exec/src/test/java/org/apache/commons/exec/CommandLineTest.java","3","182","The method 'testAddArgumentsArrayNull()' has a cyclomatic complexity of 1.","Design","CyclomaticComplexity"
"56","org.apache.commons.exec","/Users/grantnelson/go/src/github.com/apache/commons-exec/src/test/java/org/apache/commons/exec/CommandLineTest.java","3","182","The method 'testAddArgumentsArrayNull()' has an NPath complexity of 1, current threshold is 1","Design","NPathComplexity"
"57","org.apache.commons.exec","/Users/grantnelson/go/src/github.com/apache/commons-exec/src/test/java/org/apache/commons/exec/CommandLineTest.java","3","195","The method 'testAddTwoArguments()' has a NCSS line count of 9.","Design","NcssCount"
"58","org.apache.commons.exec","/Users/grantnelson/go/src/github.com/apache/commons-exec/src/test/java/org/apache/commons/exec/CommandLineTest.java","3","195","The method 'testAddTwoArguments()' has a cyclomatic complexity of 1.","Design","CyclomaticComplexity"
"59","org.apache.commons.exec","/Users/grantnelson/go/src/github.com/apache/commons-exec/src/test/java/org/apache/commons/exec/CommandLineTest.java","3","195","The method 'testAddTwoArguments()' has an NPath complexity of 1, current threshold is 1","Design","NPathComplexity"
"60","org.apache.commons.exec","/Users/grantnelson/go/src/github.com/apache/commons-exec/src/test/java/org/apache/commons/exec/CommandLineTest.java","3","210","The method 'testParseCommandLine()' has a NCSS line count of 4.","Design","NcssCount"
"61","org.apache.commons.exec","/Users/grantnelson/go/src/github.com/apache/commons-exec/src/test/java/org/apache/commons/exec/CommandLineTest.java","3","210","The method 'testParseCommandLine()' has a cyclomatic complexity of 1.","Design","CyclomaticComplexity"
"62","org.apache.commons.exec","/Users/grantnelson/go/src/github.com/apache/commons-exec/src/test/java/org/apache/commons/exec/CommandLineTest.java","3","210","The method 'testParseCommandLine()' has an NPath complexity of 1, current threshold is 1","Design","NPathComplexity"
"63","org.apache.commons.exec","/Users/grantnelson/go/src/github.com/apache/commons-exec/src/test/java/org/apache/commons/exec/CommandLineTest.java","3","217","The method 'testParseCommandLineWithQuotes()' has a NCSS line count of 4.","Design","NcssCount"
"64","org.apache.commons.exec","/Users/grantnelson/go/src/github.com/apache/commons-exec/src/test/java/org/apache/commons/exec/CommandLineTest.java","3","217","The method 'testParseCommandLineWithQuotes()' has a cyclomatic complexity of 1.","Design","CyclomaticComplexity"
"65","org.apache.commons.exec","/Users/grantnelson/go/src/github.com/apache/commons-exec/src/test/java/org/apache/commons/exec/CommandLineTest.java","3","217","The method 'testParseCommandLineWithQuotes()' has an NPath complexity of 1, current threshold is 1","Design","NPathComplexity"
"66","org.apache.commons.exec","/Users/grantnelson/go/src/github.com/apache/commons-exec/src/test/java/org/apache/commons/exec/CommandLineTest.java","3","224","The method 'testParseCommandLineWithUnevenQuotes()' has a NCSS line count of 4.","Design","NcssCount"
"67","org.apache.commons.exec","/Users/grantnelson/go/src/github.com/apache/commons-exec/src/test/java/org/apache/commons/exec/CommandLineTest.java","3","224","The method 'testParseCommandLineWithUnevenQuotes()' has a cognitive complexity of 1, current threshold is 1","Design","CognitiveComplexity"
"68","org.apache.commons.exec","/Users/grantnelson/go/src/github.com/apache/commons-exec/src/test/java/org/apache/commons/exec/CommandLineTest.java","3","224","The method 'testParseCommandLineWithUnevenQuotes()' has a cyclomatic complexity of 2.","Design","CyclomaticComplexity"
"69","org.apache.commons.exec","/Users/grantnelson/go/src/github.com/apache/commons-exec/src/test/java/org/apache/commons/exec/CommandLineTest.java","3","224","The method 'testParseCommandLineWithUnevenQuotes()' has an NPath complexity of 1, current threshold is 1","Design","NPathComplexity"
"70","org.apache.commons.exec","/Users/grantnelson/go/src/github.com/apache/commons-exec/src/test/java/org/apache/commons/exec/CommandLineTest.java","3","234","The method 'testParseCommandLineWithNull()' has a NCSS line count of 4.","Design","NcssCount"
"71","org.apache.commons.exec","/Users/grantnelson/go/src/github.com/apache/commons-exec/src/test/java/org/apache/commons/exec/CommandLineTest.java","3","234","The method 'testParseCommandLineWithNull()' has a cognitive complexity of 1, current threshold is 1","Design","CognitiveComplexity"
"72","org.apache.commons.exec","/Users/grantnelson/go/src/github.com/apache/commons-exec/src/test/java/org/apache/commons/exec/CommandLineTest.java","3","234","The method 'testParseCommandLineWithNull()' has a cyclomatic complexity of 2.","Design","CyclomaticComplexity"
"73","org.apache.commons.exec","/Users/grantnelson/go/src/github.com/apache/commons-exec/src/test/java/org/apache/commons/exec/CommandLineTest.java","3","234","The method 'testParseCommandLineWithNull()' has an NPath complexity of 1, current threshold is 1","Design","NPathComplexity"
"74","org.apache.commons.exec","/Users/grantnelson/go/src/github.com/apache/commons-exec/src/test/java/org/apache/commons/exec/CommandLineTest.java","3","244","The method 'testParseCommandLineWithOnlyWhitespace()' has a NCSS line count of 4.","Design","NcssCount"
"75","org.apache.commons.exec","/Users/grantnelson/go/src/github.com/apache/commons-exec/src/test/java/org/apache/commons/exec/CommandLineTest.java","3","244","The method 'testParseCommandLineWithOnlyWhitespace()' has a cognitive complexity of 1, current threshold is 1","Design","CognitiveComplexity"
"76","org.apache.commons.exec","/Users/grantnelson/go/src/github.com/apache/commons-exec/src/test/java/org/apache/commons/exec/CommandLineTest.java","3","244","The method 'testParseCommandLineWithOnlyWhitespace()' has a cyclomatic complexity of 2.","Design","CyclomaticComplexity"
"77","org.apache.commons.exec","/Users/grantnelson/go/src/github.com/apache/commons-exec/src/test/java/org/apache/commons/exec/CommandLineTest.java","3","244","The method 'testParseCommandLineWithOnlyWhitespace()' has an NPath complexity of 1, current threshold is 1","Design","NPathComplexity"
"78","org.apache.commons.exec","/Users/grantnelson/go/src/github.com/apache/commons-exec/src/test/java/org/apache/commons/exec/CommandLineTest.java","3","260","The method 'testParseComplexCommandLine1()' has a NCSS line count of 6.","Design","NcssCount"
"79","org.apache.commons.exec","/Users/grantnelson/go/src/github.com/apache/commons-exec/src/test/java/org/apache/commons/exec/CommandLineTest.java","3","260","The method 'testParseComplexCommandLine1()' has a cyclomatic complexity of 1.","Design","CyclomaticComplexity"
"80","org.apache.commons.exec","/Users/grantnelson/go/src/github.com/apache/commons-exec/src/test/java/org/apache/commons/exec/CommandLineTest.java","3","260","The method 'testParseComplexCommandLine1()' has an NPath complexity of 1, current threshold is 1","Design","NPathComplexity"
"81","org.apache.commons.exec","/Users/grantnelson/go/src/github.com/apache/commons-exec/src/test/java/org/apache/commons/exec/CommandLineTest.java","3","275","The method 'testParseComplexCommandLine2()' has a NCSS line count of 7.","Design","NcssCount"
"82","org.apache.commons.exec","/Users/grantnelson/go/src/github.com/apache/commons-exec/src/test/java/org/apache/commons/exec/CommandLineTest.java","3","275","The method 'testParseComplexCommandLine2()' has a cyclomatic complexity of 1.","Design","CyclomaticComplexity"
"83","org.apache.commons.exec","/Users/grantnelson/go/src/github.com/apache/commons-exec/src/test/java/org/apache/commons/exec/CommandLineTest.java","3","275","The method 'testParseComplexCommandLine2()' has an NPath complexity of 1, current threshold is 1","Design","NPathComplexity"
"84","org.apache.commons.exec","/Users/grantnelson/go/src/github.com/apache/commons-exec/src/test/java/org/apache/commons/exec/CommandLineTest.java","3","298","The method 'testParseRealLifeCommandLine_1()' has a NCSS line count of 6.","Design","NcssCount"
"85","org.apache.commons.exec","/Users/grantnelson/go/src/github.com/apache/commons-exec/src/test/java/org/apache/commons/exec/CommandLineTest.java","3","298","The method 'testParseRealLifeCommandLine_1()' has a cyclomatic complexity of 1.","Design","CyclomaticComplexity"
"86","org.apache.commons.exec","/Users/grantnelson/go/src/github.com/apache/commons-exec/src/test/java/org/apache/commons/exec/CommandLineTest.java","3","298","The method 'testParseRealLifeCommandLine_1()' has an NPath complexity of 1, current threshold is 1","Design","NPathComplexity"
"87","org.apache.commons.exec","/Users/grantnelson/go/src/github.com/apache/commons-exec/src/test/java/org/apache/commons/exec/CommandLineTest.java","3","313","The method 'testComplexAddArgument()' has a NCSS line count of 7.","Design","NcssCount"
"88","org.apache.commons.exec","/Users/grantnelson/go/src/github.com/apache/commons-exec/src/test/java/org/apache/commons/exec/CommandLineTest.java","3","313","The method 'testComplexAddArgument()' has a cyclomatic complexity of 1.","Design","CyclomaticComplexity"
"89","org.apache.commons.exec","/Users/grantnelson/go/src/github.com/apache/commons-exec/src/test/java/org/apache/commons/exec/CommandLineTest.java","3","313","The method 'testComplexAddArgument()' has an NPath complexity of 1, current threshold is 1","Design","NPathComplexity"
"90","org.apache.commons.exec","/Users/grantnelson/go/src/github.com/apache/commons-exec/src/test/java/org/apache/commons/exec/CommandLineTest.java","3","327","The method 'testComplexAddArguments1()' has a NCSS line count of 4.","Design","NcssCount"
"91","org.apache.commons.exec","/Users/grantnelson/go/src/github.com/apache/commons-exec/src/test/java/org/apache/commons/exec/CommandLineTest.java","3","327","The method 'testComplexAddArguments1()' has a cyclomatic complexity of 1.","Design","CyclomaticComplexity"
"92","org.apache.commons.exec","/Users/grantnelson/go/src/github.com/apache/commons-exec/src/test/java/org/apache/commons/exec/CommandLineTest.java","3","327","The method 'testComplexAddArguments1()' has an NPath complexity of 1, current threshold is 1","Design","NPathComplexity"
"93","org.apache.commons.exec","/Users/grantnelson/go/src/github.com/apache/commons-exec/src/test/java/org/apache/commons/exec/CommandLineTest.java","3","340","The method 'testComplexAddArguments2()' has a NCSS line count of 4.","Design","NcssCount"
"94","org.apache.commons.exec","/Users/grantnelson/go/src/github.com/apache/commons-exec/src/test/java/org/apache/commons/exec/CommandLineTest.java","3","340","The method 'testComplexAddArguments2()' has a cyclomatic complexity of 1.","Design","CyclomaticComplexity"
"95","org.apache.commons.exec","/Users/grantnelson/go/src/github.com/apache/commons-exec/src/test/java/org/apache/commons/exec/CommandLineTest.java","3","340","The method 'testComplexAddArguments2()' has an NPath complexity of 1, current threshold is 1","Design","NPathComplexity"
"96","org.apache.commons.exec","/Users/grantnelson/go/src/github.com/apache/commons-exec/src/test/java/org/apache/commons/exec/CommandLineTest.java","3","350","The method 'testCommandLineParsingWithExpansion1()' has a NCSS line count of 25.","Design","NcssCount"
"97","org.apache.commons.exec","/Users/grantnelson/go/src/github.com/apache/commons-exec/src/test/java/org/apache/commons/exec/CommandLineTest.java","3","350","The method 'testCommandLineParsingWithExpansion1()' has a cyclomatic complexity of 1.","Design","CyclomaticComplexity"
"98","org.apache.commons.exec","/Users/grantnelson/go/src/github.com/apache/commons-exec/src/test/java/org/apache/commons/exec/CommandLineTest.java","3","350","The method 'testCommandLineParsingWithExpansion1()' has an NPath complexity of 1, current threshold is 1","Design","NPathComplexity"
"99","org.apache.commons.exec","/Users/grantnelson/go/src/github.com/apache/commons-exec/src/test/java/org/apache/commons/exec/CommandLineTest.java","3","398","The method 'testCommandLineParsingWithExpansion2()' has a NCSS line count of 29.","Design","NcssCount"
"100","org.apache.commons.exec","/Users/grantnelson/go/src/github.com/apache/commons-exec/src/test/java/org/apache/commons/exec/CommandLineTest.java","3","398","The method 'testCommandLineParsingWithExpansion2()' has a cyclomatic complexity of 1.","Design","CyclomaticComplexity"
"101","org.apache.commons.exec","/Users/grantnelson/go/src/github.com/apache/commons-exec/src/test/java/org/apache/commons/exec/CommandLineTest.java","3","398","The method 'testCommandLineParsingWithExpansion2()' has an NPath complexity of 1, current threshold is 1","Design","NPathComplexity"
"102","org.apache.commons.exec","/Users/grantnelson/go/src/github.com/apache/commons-exec/src/test/java/org/apache/commons/exec/CommandLineTest.java","3","447","The method 'testCommandLineParsingWithExpansion3()' has a NCSS line count of 13.","Design","NcssCount"
"103","org.apache.commons.exec","/Users/grantnelson/go/src/github.com/apache/commons-exec/src/test/java/org/apache/commons/exec/CommandLineTest.java","3","447","The method 'testCommandLineParsingWithExpansion3()' has a cyclomatic complexity of 1.","Design","CyclomaticComplexity"
"104","org.apache.commons.exec","/Users/grantnelson/go/src/github.com/apache/commons-exec/src/test/java/org/apache/commons/exec/CommandLineTest.java","3","447","The method 'testCommandLineParsingWithExpansion3()' has an NPath complexity of 1, current threshold is 1","Design","NPathComplexity"
"105","org.apache.commons.exec","/Users/grantnelson/go/src/github.com/apache/commons-exec/src/test/java/org/apache/commons/exec/CommandLineTest.java","3","468","The method 'testToString()' has a NCSS line count of 11.","Design","NcssCount"
"106","org.apache.commons.exec","/Users/grantnelson/go/src/github.com/apache/commons-exec/src/test/java/org/apache/commons/exec/CommandLineTest.java","3","468","The method 'testToString()' has a cyclomatic complexity of 1.","Design","CyclomaticComplexity"
"107","org.apache.commons.exec","/Users/grantnelson/go/src/github.com/apache/commons-exec/src/test/java/org/apache/commons/exec/CommandLineTest.java","3","468","The method 'testToString()' has an NPath complexity of 1, current threshold is 1","Design","NPathComplexity"
"108","org.apache.commons.exec","/Users/grantnelson/go/src/github.com/apache/commons-exec/src/test/java/org/apache/commons/exec/CommandLineTest.java","3","493","The method 'testToStringTroubleshooting()' has a NCSS line count of 7.","Design","NcssCount"
"109","org.apache.commons.exec","/Users/grantnelson/go/src/github.com/apache/commons-exec/src/test/java/org/apache/commons/exec/CommandLineTest.java","3","493","The method 'testToStringTroubleshooting()' has a cyclomatic complexity of 1.","Design","CyclomaticComplexity"
"110","org.apache.commons.exec","/Users/grantnelson/go/src/github.com/apache/commons-exec/src/test/java/org/apache/commons/exec/CommandLineTest.java","3","493","The method 'testToStringTroubleshooting()' has an NPath complexity of 1, current threshold is 1","Design","NPathComplexity"
"111","org.apache.commons.exec","/Users/grantnelson/go/src/github.com/apache/commons-exec/src/test/java/org/apache/commons/exec/CommandLineTest.java","3","509","The method 'testCopyConstructor()' has a NCSS line count of 11.","Design","NcssCount"
"112","org.apache.commons.exec","/Users/grantnelson/go/src/github.com/apache/commons-exec/src/test/java/org/apache/commons/exec/CommandLineTest.java","3","509","The method 'testCopyConstructor()' has a cyclomatic complexity of 1.","Design","CyclomaticComplexity"
"113","org.apache.commons.exec","/Users/grantnelson/go/src/github.com/apache/commons-exec/src/test/java/org/apache/commons/exec/CommandLineTest.java","3","509","The method 'testCopyConstructor()' has an NPath complexity of 1, current threshold is 1","Design","NPathComplexity"
"1","org.apache.commons.exec","/Users/grantnelson/go/src/github.com/apache/commons-exec/src/test/java/org/apache/commons/exec/DefaultExecutorTest.java","3","33","A value of 15 may denote a high amount of coupling within the class (threshold: 1)","Design","CouplingBetweenObjects"
"2","org.apache.commons.exec","/Users/grantnelson/go/src/github.com/apache/commons-exec/src/test/java/org/apache/commons/exec/DefaultExecutorTest.java","3","33","The class 'DefaultExecutorTest' has a NCSS line count of 368 (Highest = 22).","Design","NcssCount"
"3","org.apache.commons.exec","/Users/grantnelson/go/src/github.com/apache/commons-exec/src/test/java/org/apache/commons/exec/DefaultExecutorTest.java","3","33","The class 'DefaultExecutorTest' has a total cyclomatic complexity of 52 (highest 4).","Design","CyclomaticComplexity"
"4","org.apache.commons.exec","/Users/grantnelson/go/src/github.com/apache/commons-exec/src/test/java/org/apache/commons/exec/DefaultExecutorTest.java","3","33","This class has 35 public methods and attributes; current threshold is 1.","Design","ExcessivePublicCount"
"5","org.apache.commons.exec","/Users/grantnelson/go/src/github.com/apache/commons-exec/src/test/java/org/apache/commons/exec/DefaultExecutorTest.java","3","60","The method 'classSetUp()' has a NCSS line count of 6.","Design","NcssCount"
"6","org.apache.commons.exec","/Users/grantnelson/go/src/github.com/apache/commons-exec/src/test/java/org/apache/commons/exec/DefaultExecutorTest.java","3","60","The method 'classSetUp()' has a cyclomatic complexity of 1.","Design","CyclomaticComplexity"
"7","org.apache.commons.exec","/Users/grantnelson/go/src/github.com/apache/commons-exec/src/test/java/org/apache/commons/exec/DefaultExecutorTest.java","3","60","The method 'classSetUp()' has an NPath complexity of 1, current threshold is 1","Design","NPathComplexity"
"8","org.apache.commons.exec","/Users/grantnelson/go/src/github.com/apache/commons-exec/src/test/java/org/apache/commons/exec/DefaultExecutorTest.java","3","72","The method 'setUp()' has a NCSS line count of 6.","Design","NcssCount"
"9","org.apache.commons.exec","/Users/grantnelson/go/src/github.com/apache/commons-exec/src/test/java/org/apache/commons/exec/DefaultExecutorTest.java","3","72","The method 'setUp()' has a cognitive complexity of 1, current threshold is 1","Design","CognitiveComplexity"
"10","org.apache.commons.exec","/Users/grantnelson/go/src/github.com/apache/commons-exec/src/test/java/org/apache/commons/exec/DefaultExecutorTest.java","3","72","The method 'setUp()' has a cyclomatic complexity of 2.","Design","CyclomaticComplexity"
"11","org.apache.commons.exec","/Users/grantnelson/go/src/github.com/apache/commons-exec/src/test/java/org/apache/commons/exec/DefaultExecutorTest.java","3","72","The method 'setUp()' has an NPath complexity of 2, current threshold is 1","Design","NPathComplexity"
"12","org.apache.commons.exec","/Users/grantnelson/go/src/github.com/apache/commons-exec/src/test/java/org/apache/commons/exec/DefaultExecutorTest.java","3","86","The method 'tearDown()' has a NCSS line count of 3.","Design","NcssCount"
"13","org.apache.commons.exec","/Users/grantnelson/go/src/github.com/apache/commons-exec/src/test/java/org/apache/commons/exec/DefaultExecutorTest.java","3","86","The method 'tearDown()' has a cyclomatic complexity of 1.","Design","CyclomaticComplexity"
"14","org.apache.commons.exec","/Users/grantnelson/go/src/github.com/apache/commons-exec/src/test/java/org/apache/commons/exec/DefaultExecutorTest.java","3","86","The method 'tearDown()' has an NPath complexity of 1, current threshold is 1","Design","NPathComplexity"
"15","org.apache.commons.exec","/Users/grantnelson/go/src/github.com/apache/commons-exec/src/test/java/org/apache/commons/exec/DefaultExecutorTest.java","3","103","The method 'testExecute()' has a NCSS line count of 6.","Design","NcssCount"
"16","org.apache.commons.exec","/Users/grantnelson/go/src/github.com/apache/commons-exec/src/test/java/org/apache/commons/exec/DefaultExecutorTest.java","3","103","The method 'testExecute()' has a cyclomatic complexity of 1.","Design","CyclomaticComplexity"
"17","org.apache.commons.exec","/Users/grantnelson/go/src/github.com/apache/commons-exec/src/test/java/org/apache/commons/exec/DefaultExecutorTest.java","3","103","The method 'testExecute()' has an NPath complexity of 1, current threshold is 1","Design","NPathComplexity"
"18","org.apache.commons.exec","/Users/grantnelson/go/src/github.com/apache/commons-exec/src/test/java/org/apache/commons/exec/DefaultExecutorTest.java","3","112","The method 'testExecuteWithWorkingDirectory()' has a NCSS line count of 8.","Design","NcssCount"
"19","org.apache.commons.exec","/Users/grantnelson/go/src/github.com/apache/commons-exec/src/test/java/org/apache/commons/exec/DefaultExecutorTest.java","3","112","The method 'testExecuteWithWorkingDirectory()' has a cyclomatic complexity of 1.","Design","CyclomaticComplexity"
"20","org.apache.commons.exec","/Users/grantnelson/go/src/github.com/apache/commons-exec/src/test/java/org/apache/commons/exec/DefaultExecutorTest.java","3","112","The method 'testExecuteWithWorkingDirectory()' has an NPath complexity of 1, current threshold is 1","Design","NPathComplexity"
"21","org.apache.commons.exec","/Users/grantnelson/go/src/github.com/apache/commons-exec/src/test/java/org/apache/commons/exec/DefaultExecutorTest.java","3","123","The method 'testExecuteWithInvalidWorkingDirectory()' has a NCSS line count of 5.","Design","NcssCount"
"22","org.apache.commons.exec","/Users/grantnelson/go/src/github.com/apache/commons-exec/src/test/java/org/apache/commons/exec/DefaultExecutorTest.java","3","123","The method 'testExecuteWithInvalidWorkingDirectory()' has a cyclomatic complexity of 1.","Design","CyclomaticComplexity"
"23","org.apache.commons.exec","/Users/grantnelson/go/src/github.com/apache/commons-exec/src/test/java/org/apache/commons/exec/DefaultExecutorTest.java","3","123","The method 'testExecuteWithInvalidWorkingDirectory()' has an NPath complexity of 1, current threshold is 1","Design","NPathComplexity"
"24","org.apache.commons.exec","/Users/grantnelson/go/src/github.com/apache/commons-exec/src/test/java/org/apache/commons/exec/DefaultExecutorTest.java","3","132","The method 'testExecuteWithError()' has a NCSS line count of 6.","Design","NcssCount"
"25","org.apache.commons.exec","/Users/grantnelson/go/src/github.com/apache/commons-exec/src/test/java/org/apache/commons/exec/DefaultExecutorTest.java","3","132","The method 'testExecuteWithError()' has a cognitive complexity of 1, current threshold is 1","Design","CognitiveComplexity"
"26","org.apache.commons.exec","/Users/grantnelson/go/src/github.com/apache/commons-exec/src/test/java/org/apache/commons/exec/DefaultExecutorTest.java","3","132","The method 'testExecuteWithError()' has a cyclomatic complexity of 2.","Design","CyclomaticComplexity"
"27","org.apache.commons.exec","/Users/grantnelson/go/src/github.com/apache/commons-exec/src/test/java/org/apache/commons/exec/DefaultExecutorTest.java","3","132","The method 'testExecuteWithError()' has an NPath complexity of 1, current threshold is 1","Design","NPathComplexity"
"28","org.apache.commons.exec","/Users/grantnelson/go/src/github.com/apache/commons-exec/src/test/java/org/apache/commons/exec/DefaultExecutorTest.java","3","144","The method 'testExecuteWithArg()' has a NCSS line count of 6.","Design","NcssCount"
"29","org.apache.commons.exec","/Users/grantnelson/go/src/github.com/apache/commons-exec/src/test/java/org/apache/commons/exec/DefaultExecutorTest.java","3","144","The method 'testExecuteWithArg()' has a cyclomatic complexity of 1.","Design","CyclomaticComplexity"
"30","org.apache.commons.exec","/Users/grantnelson/go/src/github.com/apache/commons-exec/src/test/java/org/apache/commons/exec/DefaultExecutorTest.java","3","144","The method 'testExecuteWithArg()' has an NPath complexity of 1, current threshold is 1","Design","NPathComplexity"
"31","org.apache.commons.exec","/Users/grantnelson/go/src/github.com/apache/commons-exec/src/test/java/org/apache/commons/exec/DefaultExecutorTest.java","3","158","The method 'testExecuteWithSingleEnvironmentVariable()' has a NCSS line count of 7.","Design","NcssCount"
"32","org.apache.commons.exec","/Users/grantnelson/go/src/github.com/apache/commons-exec/src/test/java/org/apache/commons/exec/DefaultExecutorTest.java","3","158","The method 'testExecuteWithSingleEnvironmentVariable()' has a cyclomatic complexity of 1.","Design","CyclomaticComplexity"
"33","org.apache.commons.exec","/Users/grantnelson/go/src/github.com/apache/commons-exec/src/test/java/org/apache/commons/exec/DefaultExecutorTest.java","3","158","The method 'testExecuteWithSingleEnvironmentVariable()' has an NPath complexity of 1, current threshold is 1","Design","NPathComplexity"
"34","org.apache.commons.exec","/Users/grantnelson/go/src/github.com/apache/commons-exec/src/test/java/org/apache/commons/exec/DefaultExecutorTest.java","3","177","The method 'testExecuteAsync()' has a NCSS line count of 9.","Design","NcssCount"
"35","org.apache.commons.exec","/Users/grantnelson/go/src/github.com/apache/commons-exec/src/test/java/org/apache/commons/exec/DefaultExecutorTest.java","3","177","The method 'testExecuteAsync()' has a cyclomatic complexity of 1.","Design","CyclomaticComplexity"
"36","org.apache.commons.exec","/Users/grantnelson/go/src/github.com/apache/commons-exec/src/test/java/org/apache/commons/exec/DefaultExecutorTest.java","3","177","The method 'testExecuteAsync()' has an NPath complexity of 1, current threshold is 1","Design","NPathComplexity"
"37","org.apache.commons.exec","/Users/grantnelson/go/src/github.com/apache/commons-exec/src/test/java/org/apache/commons/exec/DefaultExecutorTest.java","3","195","The method 'testExecuteAsyncWithError()' has a NCSS line count of 9.","Design","NcssCount"
"38","org.apache.commons.exec","/Users/grantnelson/go/src/github.com/apache/commons-exec/src/test/java/org/apache/commons/exec/DefaultExecutorTest.java","3","195","The method 'testExecuteAsyncWithError()' has a cyclomatic complexity of 1.","Design","CyclomaticComplexity"
"39","org.apache.commons.exec","/Users/grantnelson/go/src/github.com/apache/commons-exec/src/test/java/org/apache/commons/exec/DefaultExecutorTest.java","3","195","The method 'testExecuteAsyncWithError()' has an NPath complexity of 1, current threshold is 1","Design","NPathComplexity"
"40","org.apache.commons.exec","/Users/grantnelson/go/src/github.com/apache/commons-exec/src/test/java/org/apache/commons/exec/DefaultExecutorTest.java","3","213","The method 'testExecuteAsyncWithTimelyUserTermination()' has a NCSS line count of 14.","Design","NcssCount"
"41","org.apache.commons.exec","/Users/grantnelson/go/src/github.com/apache/commons-exec/src/test/java/org/apache/commons/exec/DefaultExecutorTest.java","3","213","The method 'testExecuteAsyncWithTimelyUserTermination()' has a cyclomatic complexity of 1.","Design","CyclomaticComplexity"
"42","org.apache.commons.exec","/Users/grantnelson/go/src/github.com/apache/commons-exec/src/test/java/org/apache/commons/exec/DefaultExecutorTest.java","3","213","The method 'testExecuteAsyncWithTimelyUserTermination()' has an NPath complexity of 1, current threshold is 1","Design","NPathComplexity"
"43","org.apache.commons.exec","/Users/grantnelson/go/src/github.com/apache/commons-exec/src/test/java/org/apache/commons/exec/DefaultExecutorTest.java","3","241","The method 'testExecuteAsyncWithTooLateUserTermination()' has a NCSS line count of 13.","Design","NcssCount"
"44","org.apache.commons.exec","/Users/grantnelson/go/src/github.com/apache/commons-exec/src/test/java/org/apache/commons/exec/DefaultExecutorTest.java","3","241","The method 'testExecuteAsyncWithTooLateUserTermination()' has a cyclomatic complexity of 1.","Design","CyclomaticComplexity"
"45","org.apache.commons.exec","/Users/grantnelson/go/src/github.com/apache/commons-exec/src/test/java/org/apache/commons/exec/DefaultExecutorTest.java","3","241","The method 'testExecuteAsyncWithTooLateUserTermination()' has an NPath complexity of 1, current threshold is 1","Design","NPathComplexity"
"46","org.apache.commons.exec","/Users/grantnelson/go/src/github.com/apache/commons-exec/src/test/java/org/apache/commons/exec/DefaultExecutorTest.java","3","269","The method 'testExecuteWatchdogSync()' has a NCSS line count of 21.","Design","NcssCount"
"47","org.apache.commons.exec","/Users/grantnelson/go/src/github.com/apache/commons-exec/src/test/java/org/apache/commons/exec/DefaultExecutorTest.java","3","269","The method 'testExecuteWatchdogSync()' has a cognitive complexity of 4, current threshold is 1","Design","CognitiveComplexity"
"48","org.apache.commons.exec","/Users/grantnelson/go/src/github.com/apache/commons-exec/src/test/java/org/apache/commons/exec/DefaultExecutorTest.java","3","269","The method 'testExecuteWatchdogSync()' has a cyclomatic complexity of 4.","Design","CyclomaticComplexity"
"49","org.apache.commons.exec","/Users/grantnelson/go/src/github.com/apache/commons-exec/src/test/java/org/apache/commons/exec/DefaultExecutorTest.java","3","269","The method 'testExecuteWatchdogSync()' has an NPath complexity of 3, current threshold is 1","Design","NPathComplexity"
"50","org.apache.commons.exec","/Users/grantnelson/go/src/github.com/apache/commons-exec/src/test/java/org/apache/commons/exec/DefaultExecutorTest.java","3","314","The method 'testExecuteWatchdogAsync()' has a NCSS line count of 14.","Design","NcssCount"
"51","org.apache.commons.exec","/Users/grantnelson/go/src/github.com/apache/commons-exec/src/test/java/org/apache/commons/exec/DefaultExecutorTest.java","3","314","The method 'testExecuteWatchdogAsync()' has a cognitive complexity of 1, current threshold is 1","Design","CognitiveComplexity"
"52","org.apache.commons.exec","/Users/grantnelson/go/src/github.com/apache/commons-exec/src/test/java/org/apache/commons/exec/DefaultExecutorTest.java","3","314","The method 'testExecuteWatchdogAsync()' has a cyclomatic complexity of 1.","Design","CyclomaticComplexity"
"53","org.apache.commons.exec","/Users/grantnelson/go/src/github.com/apache/commons-exec/src/test/java/org/apache/commons/exec/DefaultExecutorTest.java","3","314","The method 'testExecuteWatchdogAsync()' has an NPath complexity of 2, current threshold is 1","Design","NPathComplexity"
"54","org.apache.commons.exec","/Users/grantnelson/go/src/github.com/apache/commons-exec/src/test/java/org/apache/commons/exec/DefaultExecutorTest.java","3","343","The method 'testExecuteWatchdogVeryLongTimeout()' has a NCSS line count of 11.","Design","NcssCount"
"55","org.apache.commons.exec","/Users/grantnelson/go/src/github.com/apache/commons-exec/src/test/java/org/apache/commons/exec/DefaultExecutorTest.java","3","343","The method 'testExecuteWatchdogVeryLongTimeout()' has a cognitive complexity of 1, current threshold is 1","Design","CognitiveComplexity"
"56","org.apache.commons.exec","/Users/grantnelson/go/src/github.com/apache/commons-exec/src/test/java/org/apache/commons/exec/DefaultExecutorTest.java","3","343","The method 'testExecuteWatchdogVeryLongTimeout()' has a cyclomatic complexity of 3.","Design","CyclomaticComplexity"
"57","org.apache.commons.exec","/Users/grantnelson/go/src/github.com/apache/commons-exec/src/test/java/org/apache/commons/exec/DefaultExecutorTest.java","3","343","The method 'testExecuteWatchdogVeryLongTimeout()' has an NPath complexity of 1, current threshold is 1","Design","NPathComplexity"
"58","org.apache.commons.exec","/Users/grantnelson/go/src/github.com/apache/commons-exec/src/test/java/org/apache/commons/exec/DefaultExecutorTest.java","3","366","The method 'testExecuteNonExistingApplication()' has a NCSS line count of 4.","Design","NcssCount"
"59","org.apache.commons.exec","/Users/grantnelson/go/src/github.com/apache/commons-exec/src/test/java/org/apache/commons/exec/DefaultExecutorTest.java","3","366","The method 'testExecuteNonExistingApplication()' has a cyclomatic complexity of 1.","Design","CyclomaticComplexity"
"60","org.apache.commons.exec","/Users/grantnelson/go/src/github.com/apache/commons-exec/src/test/java/org/apache/commons/exec/DefaultExecutorTest.java","3","366","The method 'testExecuteNonExistingApplication()' has an NPath complexity of 1, current threshold is 1","Design","NPathComplexity"
"61","org.apache.commons.exec","/Users/grantnelson/go/src/github.com/apache/commons-exec/src/test/java/org/apache/commons/exec/DefaultExecutorTest.java","3","378","The method 'testExecuteNonExistingApplicationWithWatchDog()' has a NCSS line count of 5.","Design","NcssCount"
"62","org.apache.commons.exec","/Users/grantnelson/go/src/github.com/apache/commons-exec/src/test/java/org/apache/commons/exec/DefaultExecutorTest.java","3","378","The method 'testExecuteNonExistingApplicationWithWatchDog()' has a cyclomatic complexity of 1.","Design","CyclomaticComplexity"
"63","org.apache.commons.exec","/Users/grantnelson/go/src/github.com/apache/commons-exec/src/test/java/org/apache/commons/exec/DefaultExecutorTest.java","3","378","The method 'testExecuteNonExistingApplicationWithWatchDog()' has an NPath complexity of 1, current threshold is 1","Design","NPathComplexity"
"64","org.apache.commons.exec","/Users/grantnelson/go/src/github.com/apache/commons-exec/src/test/java/org/apache/commons/exec/DefaultExecutorTest.java","3","391","The method 'testExecuteAsyncNonExistingApplication()' has a NCSS line count of 8.","Design","NcssCount"
"65","org.apache.commons.exec","/Users/grantnelson/go/src/github.com/apache/commons-exec/src/test/java/org/apache/commons/exec/DefaultExecutorTest.java","3","391","The method 'testExecuteAsyncNonExistingApplication()' has a cyclomatic complexity of 1.","Design","CyclomaticComplexity"
"66","org.apache.commons.exec","/Users/grantnelson/go/src/github.com/apache/commons-exec/src/test/java/org/apache/commons/exec/DefaultExecutorTest.java","3","391","The method 'testExecuteAsyncNonExistingApplication()' has an NPath complexity of 1, current threshold is 1","Design","NPathComplexity"
"67","org.apache.commons.exec","/Users/grantnelson/go/src/github.com/apache/commons-exec/src/test/java/org/apache/commons/exec/DefaultExecutorTest.java","3","411","The method 'testExecuteAsyncNonExistingApplicationWithWatchdog()' has a NCSS line count of 15.","Design","NcssCount"
"68","org.apache.commons.exec","/Users/grantnelson/go/src/github.com/apache/commons-exec/src/test/java/org/apache/commons/exec/DefaultExecutorTest.java","3","411","The method 'testExecuteAsyncNonExistingApplicationWithWatchdog()' has a cyclomatic complexity of 1.","Design","CyclomaticComplexity"
"69","org.apache.commons.exec","/Users/grantnelson/go/src/github.com/apache/commons-exec/src/test/java/org/apache/commons/exec/DefaultExecutorTest.java","3","411","The method 'testExecuteAsyncNonExistingApplicationWithWatchdog()' has an NPath complexity of 1, current threshold is 1","Design","NPathComplexity"
"70","org.apache.commons.exec","/Users/grantnelson/go/src/github.com/apache/commons-exec/src/test/java/org/apache/commons/exec/DefaultExecutorTest.java","3","413","The class '' has a NCSS line count of 3 (Highest = 3).","Design","NcssCount"
"71","org.apache.commons.exec","/Users/grantnelson/go/src/github.com/apache/commons-exec/src/test/java/org/apache/commons/exec/DefaultExecutorTest.java","3","413","The class '' has a total cyclomatic complexity of 1 (highest 1).","Design","CyclomaticComplexity"
"72","org.apache.commons.exec","/Users/grantnelson/go/src/github.com/apache/commons-exec/src/test/java/org/apache/commons/exec/DefaultExecutorTest.java","3","413","This class has 1 public methods and attributes; current threshold is 1.","Design","ExcessivePublicCount"
"73","org.apache.commons.exec","/Users/grantnelson/go/src/github.com/apache/commons-exec/src/test/java/org/apache/commons/exec/DefaultExecutorTest.java","3","415","The method 'onProcessFailed(ExecuteException)' has a NCSS line count of 3.","Design","NcssCount"
"74","org.apache.commons.exec","/Users/grantnelson/go/src/github.com/apache/commons-exec/src/test/java/org/apache/commons/exec/DefaultExecutorTest.java","3","415","The method 'onProcessFailed(ExecuteException)' has a cyclomatic complexity of 1.","Design","CyclomaticComplexity"
"75","org.apache.commons.exec","/Users/grantnelson/go/src/github.com/apache/commons-exec/src/test/java/org/apache/commons/exec/DefaultExecutorTest.java","3","415","The method 'onProcessFailed(ExecuteException)' has an NPath complexity of 1, current threshold is 1","Design","NPathComplexity"
"76","org.apache.commons.exec","/Users/grantnelson/go/src/github.com/apache/commons-exec/src/test/java/org/apache/commons/exec/DefaultExecutorTest.java","3","415","Avoid long parameter lists (1 parameters - threshold is 1).","Design","ExcessiveParameterList"
"77","org.apache.commons.exec","/Users/grantnelson/go/src/github.com/apache/commons-exec/src/test/java/org/apache/commons/exec/DefaultExecutorTest.java","3","440","The method 'testExecuteWithCustomExitValue1()' has a NCSS line count of 4.","Design","NcssCount"
"78","org.apache.commons.exec","/Users/grantnelson/go/src/github.com/apache/commons-exec/src/test/java/org/apache/commons/exec/DefaultExecutorTest.java","3","440","The method 'testExecuteWithCustomExitValue1()' has a cyclomatic complexity of 1.","Design","CyclomaticComplexity"
"79","org.apache.commons.exec","/Users/grantnelson/go/src/github.com/apache/commons-exec/src/test/java/org/apache/commons/exec/DefaultExecutorTest.java","3","440","The method 'testExecuteWithCustomExitValue1()' has an NPath complexity of 1, current threshold is 1","Design","NPathComplexity"
"80","org.apache.commons.exec","/Users/grantnelson/go/src/github.com/apache/commons-exec/src/test/java/org/apache/commons/exec/DefaultExecutorTest.java","3","453","The method 'testExecuteWithCustomExitValue2()' has a NCSS line count of 7.","Design","NcssCount"
"81","org.apache.commons.exec","/Users/grantnelson/go/src/github.com/apache/commons-exec/src/test/java/org/apache/commons/exec/DefaultExecutorTest.java","3","453","The method 'testExecuteWithCustomExitValue2()' has a cognitive complexity of 1, current threshold is 1","Design","CognitiveComplexity"
"82","org.apache.commons.exec","/Users/grantnelson/go/src/github.com/apache/commons-exec/src/test/java/org/apache/commons/exec/DefaultExecutorTest.java","3","453","The method 'testExecuteWithCustomExitValue2()' has a cyclomatic complexity of 2.","Design","CyclomaticComplexity"
"83","org.apache.commons.exec","/Users/grantnelson/go/src/github.com/apache/commons-exec/src/test/java/org/apache/commons/exec/DefaultExecutorTest.java","3","453","The method 'testExecuteWithCustomExitValue2()' has an NPath complexity of 1, current threshold is 1","Design","NPathComplexity"
"84","org.apache.commons.exec","/Users/grantnelson/go/src/github.com/apache/commons-exec/src/test/java/org/apache/commons/exec/DefaultExecutorTest.java","3","470","The method 'testExecuteWithProcessDestroyer()' has a NCSS line count of 11.","Design","NcssCount"
"85","org.apache.commons.exec","/Users/grantnelson/go/src/github.com/apache/commons-exec/src/test/java/org/apache/commons/exec/DefaultExecutorTest.java","3","470","The method 'testExecuteWithProcessDestroyer()' has a cyclomatic complexity of 1.","Design","CyclomaticComplexity"
"86","org.apache.commons.exec","/Users/grantnelson/go/src/github.com/apache/commons-exec/src/test/java/org/apache/commons/exec/DefaultExecutorTest.java","3","470","The method 'testExecuteWithProcessDestroyer()' has an NPath complexity of 1, current threshold is 1","Design","NPathComplexity"
"87","org.apache.commons.exec","/Users/grantnelson/go/src/github.com/apache/commons-exec/src/test/java/org/apache/commons/exec/DefaultExecutorTest.java","3","495","The method 'testExecuteAsyncWithProcessDestroyer()' has a NCSS line count of 22.","Design","NcssCount"
"88","org.apache.commons.exec","/Users/grantnelson/go/src/github.com/apache/commons-exec/src/test/java/org/apache/commons/exec/DefaultExecutorTest.java","3","495","The method 'testExecuteAsyncWithProcessDestroyer()' has a cyclomatic complexity of 1.","Design","CyclomaticComplexity"
"89","org.apache.commons.exec","/Users/grantnelson/go/src/github.com/apache/commons-exec/src/test/java/org/apache/commons/exec/DefaultExecutorTest.java","3","495","The method 'testExecuteAsyncWithProcessDestroyer()' has an NPath complexity of 1, current threshold is 1","Design","NPathComplexity"
"90","org.apache.commons.exec","/Users/grantnelson/go/src/github.com/apache/commons-exec/src/test/java/org/apache/commons/exec/DefaultExecutorTest.java","3","534","The method 'testExecuteWithFancyArg()' has a NCSS line count of 6.","Design","NcssCount"
"91","org.apache.commons.exec","/Users/grantnelson/go/src/github.com/apache/commons-exec/src/test/java/org/apache/commons/exec/DefaultExecutorTest.java","3","534","The method 'testExecuteWithFancyArg()' has a cyclomatic complexity of 1.","Design","CyclomaticComplexity"
"92","org.apache.commons.exec","/Users/grantnelson/go/src/github.com/apache/commons-exec/src/test/java/org/apache/commons/exec/DefaultExecutorTest.java","3","534","The method 'testExecuteWithFancyArg()' has an NPath complexity of 1, current threshold is 1","Design","NPathComplexity"
"93","org.apache.commons.exec","/Users/grantnelson/go/src/github.com/apache/commons-exec/src/test/java/org/apache/commons/exec/DefaultExecutorTest.java","3","552","The method 'testExecuteWithRedirectedStreams()' has a NCSS line count of 21.","Design","NcssCount"
"94","org.apache.commons.exec","/Users/grantnelson/go/src/github.com/apache/commons-exec/src/test/java/org/apache/commons/exec/DefaultExecutorTest.java","3","552","The method 'testExecuteWithRedirectedStreams()' has a cognitive complexity of 3, current threshold is 1","Design","CognitiveComplexity"
"95","org.apache.commons.exec","/Users/grantnelson/go/src/github.com/apache/commons-exec/src/test/java/org/apache/commons/exec/DefaultExecutorTest.java","3","552","The method 'testExecuteWithRedirectedStreams()' has a cyclomatic complexity of 3.","Design","CyclomaticComplexity"
"96","org.apache.commons.exec","/Users/grantnelson/go/src/github.com/apache/commons-exec/src/test/java/org/apache/commons/exec/DefaultExecutorTest.java","3","552","The method 'testExecuteWithRedirectedStreams()' has an NPath complexity of 3, current threshold is 1","Design","NPathComplexity"
"97","org.apache.commons.exec","/Users/grantnelson/go/src/github.com/apache/commons-exec/src/test/java/org/apache/commons/exec/DefaultExecutorTest.java","3","584","The method 'testExecuteWithStdOutErr()' has a NCSS line count of 7.","Design","NcssCount"
"98","org.apache.commons.exec","/Users/grantnelson/go/src/github.com/apache/commons-exec/src/test/java/org/apache/commons/exec/DefaultExecutorTest.java","3","584","The method 'testExecuteWithStdOutErr()' has a cyclomatic complexity of 1.","Design","CyclomaticComplexity"
"99","org.apache.commons.exec","/Users/grantnelson/go/src/github.com/apache/commons-exec/src/test/java/org/apache/commons/exec/DefaultExecutorTest.java","3","584","The method 'testExecuteWithStdOutErr()' has an NPath complexity of 1, current threshold is 1","Design","NPathComplexity"
"100","org.apache.commons.exec","/Users/grantnelson/go/src/github.com/apache/commons-exec/src/test/java/org/apache/commons/exec/DefaultExecutorTest.java","3","600","The method 'testExecuteWithNullOutErr()' has a NCSS line count of 7.","Design","NcssCount"
"101","org.apache.commons.exec","/Users/grantnelson/go/src/github.com/apache/commons-exec/src/test/java/org/apache/commons/exec/DefaultExecutorTest.java","3","600","The method 'testExecuteWithNullOutErr()' has a cyclomatic complexity of 1.","Design","CyclomaticComplexity"
"102","org.apache.commons.exec","/Users/grantnelson/go/src/github.com/apache/commons-exec/src/test/java/org/apache/commons/exec/DefaultExecutorTest.java","3","600","The method 'testExecuteWithNullOutErr()' has an NPath complexity of 1, current threshold is 1","Design","NPathComplexity"
"103","org.apache.commons.exec","/Users/grantnelson/go/src/github.com/apache/commons-exec/src/test/java/org/apache/commons/exec/DefaultExecutorTest.java","3","615","The method 'testExecuteWithRedirectOutErr()' has a NCSS line count of 13.","Design","NcssCount"
"104","org.apache.commons.exec","/Users/grantnelson/go/src/github.com/apache/commons-exec/src/test/java/org/apache/commons/exec/DefaultExecutorTest.java","3","615","The method 'testExecuteWithRedirectOutErr()' has a cyclomatic complexity of 1.","Design","CyclomaticComplexity"
"105","org.apache.commons.exec","/Users/grantnelson/go/src/github.com/apache/commons-exec/src/test/java/org/apache/commons/exec/DefaultExecutorTest.java","3","615","The method 'testExecuteWithRedirectOutErr()' has an NPath complexity of 1, current threshold is 1","Design","NPathComplexity"
"106","org.apache.commons.exec","/Users/grantnelson/go/src/github.com/apache/commons-exec/src/test/java/org/apache/commons/exec/DefaultExecutorTest.java","3","639","The method 'testExecuteWithComplexArguments()' has a NCSS line count of 7.","Design","NcssCount"
"107","org.apache.commons.exec","/Users/grantnelson/go/src/github.com/apache/commons-exec/src/test/java/org/apache/commons/exec/DefaultExecutorTest.java","3","639","The method 'testExecuteWithComplexArguments()' has a cyclomatic complexity of 1.","Design","CyclomaticComplexity"
"108","org.apache.commons.exec","/Users/grantnelson/go/src/github.com/apache/commons-exec/src/test/java/org/apache/commons/exec/DefaultExecutorTest.java","3","639","The method 'testExecuteWithComplexArguments()' has an NPath complexity of 1, current threshold is 1","Design","NPathComplexity"
"109","org.apache.commons.exec","/Users/grantnelson/go/src/github.com/apache/commons-exec/src/test/java/org/apache/commons/exec/DefaultExecutorTest.java","3","657","The method 'testStdInHandling()' has a NCSS line count of 13.","Design","NcssCount"
"110","org.apache.commons.exec","/Users/grantnelson/go/src/github.com/apache/commons-exec/src/test/java/org/apache/commons/exec/DefaultExecutorTest.java","3","657","The method 'testStdInHandling()' has a cyclomatic complexity of 1.","Design","CyclomaticComplexity"
"111","org.apache.commons.exec","/Users/grantnelson/go/src/github.com/apache/commons-exec/src/test/java/org/apache/commons/exec/DefaultExecutorTest.java","3","657","The method 'testStdInHandling()' has an NPath complexity of 1, current threshold is 1","Design","NPathComplexity"
"112","org.apache.commons.exec","/Users/grantnelson/go/src/github.com/apache/commons-exec/src/test/java/org/apache/commons/exec/DefaultExecutorTest.java","3","681","The method 'testEnvironmentVariables()' has a NCSS line count of 5.","Design","NcssCount"
"113","org.apache.commons.exec","/Users/grantnelson/go/src/github.com/apache/commons-exec/src/test/java/org/apache/commons/exec/DefaultExecutorTest.java","3","681","The method 'testEnvironmentVariables()' has a cyclomatic complexity of 1.","Design","CyclomaticComplexity"
"114","org.apache.commons.exec","/Users/grantnelson/go/src/github.com/apache/commons-exec/src/test/java/org/apache/commons/exec/DefaultExecutorTest.java","3","681","The method 'testEnvironmentVariables()' has an NPath complexity of 1, current threshold is 1","Design","NPathComplexity"
"115","org.apache.commons.exec","/Users/grantnelson/go/src/github.com/apache/commons-exec/src/test/java/org/apache/commons/exec/DefaultExecutorTest.java","3","695","The method 'testAddEnvironmentVariables()' has a NCSS line count of 8.","Design","NcssCount"
"116","org.apache.commons.exec","/Users/grantnelson/go/src/github.com/apache/commons-exec/src/test/java/org/apache/commons/exec/DefaultExecutorTest.java","3","695","The method 'testAddEnvironmentVariables()' has a cyclomatic complexity of 1.","Design","CyclomaticComplexity"
"117","org.apache.commons.exec","/Users/grantnelson/go/src/github.com/apache/commons-exec/src/test/java/org/apache/commons/exec/DefaultExecutorTest.java","3","695","The method 'testAddEnvironmentVariables()' has an NPath complexity of 1, current threshold is 1","Design","NPathComplexity"
"118","org.apache.commons.exec","/Users/grantnelson/go/src/github.com/apache/commons-exec/src/test/java/org/apache/commons/exec/DefaultExecutorTest.java","3","706","The method 'testAddEnvironmentVariableEmbeddedQuote()' has a NCSS line count of 10.","Design","NcssCount"
"119","org.apache.commons.exec","/Users/grantnelson/go/src/github.com/apache/commons-exec/src/test/java/org/apache/commons/exec/DefaultExecutorTest.java","3","706","The method 'testAddEnvironmentVariableEmbeddedQuote()' has a cyclomatic complexity of 1.","Design","CyclomaticComplexity"
"120","org.apache.commons.exec","/Users/grantnelson/go/src/github.com/apache/commons-exec/src/test/java/org/apache/commons/exec/DefaultExecutorTest.java","3","706","The method 'testAddEnvironmentVariableEmbeddedQuote()' has an NPath complexity of 1, current threshold is 1","Design","NPathComplexity"
"121","org.apache.commons.exec","/Users/grantnelson/go/src/github.com/apache/commons-exec/src/test/java/org/apache/commons/exec/DefaultExecutorTest.java","3","730","The method '_testExecuteStability()' has a NCSS line count of 21.","Design","NcssCount"
"122","org.apache.commons.exec","/Users/grantnelson/go/src/github.com/apache/commons-exec/src/test/java/org/apache/commons/exec/DefaultExecutorTest.java","3","730","The method '_testExecuteStability()' has a cognitive complexity of 2, current threshold is 1","Design","CognitiveComplexity"
"123","org.apache.commons.exec","/Users/grantnelson/go/src/github.com/apache/commons-exec/src/test/java/org/apache/commons/exec/DefaultExecutorTest.java","3","730","The method '_testExecuteStability()' has a cyclomatic complexity of 3.","Design","CyclomaticComplexity"
"124","org.apache.commons.exec","/Users/grantnelson/go/src/github.com/apache/commons-exec/src/test/java/org/apache/commons/exec/DefaultExecutorTest.java","3","730","The method '_testExecuteStability()' has an NPath complexity of 4, current threshold is 1","Design","NPathComplexity"
"125","org.apache.commons.exec","/Users/grantnelson/go/src/github.com/apache/commons-exec/src/test/java/org/apache/commons/exec/DefaultExecutorTest.java","3","764","The method 'readFile(File)' has a NCSS line count of 8.","Design","NcssCount"
"126","org.apache.commons.exec","/Users/grantnelson/go/src/github.com/apache/commons-exec/src/test/java/org/apache/commons/exec/DefaultExecutorTest.java","3","764","The method 'readFile(File)' has a cognitive complexity of 1, current threshold is 1","Design","CognitiveComplexity"
"127","org.apache.commons.exec","/Users/grantnelson/go/src/github.com/apache/commons-exec/src/test/java/org/apache/commons/exec/DefaultExecutorTest.java","3","764","The method 'readFile(File)' has a cyclomatic complexity of 2.","Design","CyclomaticComplexity"
"128","org.apache.commons.exec","/Users/grantnelson/go/src/github.com/apache/commons-exec/src/test/java/org/apache/commons/exec/DefaultExecutorTest.java","3","764","The method 'readFile(File)' has an NPath complexity of 2, current threshold is 1","Design","NPathComplexity"
"129","org.apache.commons.exec","/Users/grantnelson/go/src/github.com/apache/commons-exec/src/test/java/org/apache/commons/exec/DefaultExecutorTest.java","3","764","Avoid long parameter lists (1 parameters - threshold is 1).","Design","ExcessiveParameterList"
"130","org.apache.commons.exec","/Users/grantnelson/go/src/github.com/apache/commons-exec/src/test/java/org/apache/commons/exec/DefaultExecutorTest.java","3","780","The method 'getOccurrences(String, char)' has a NCSS line count of 6.","Design","NcssCount"
"131","org.apache.commons.exec","/Users/grantnelson/go/src/github.com/apache/commons-exec/src/test/java/org/apache/commons/exec/DefaultExecutorTest.java","3","780","The method 'getOccurrences(String, char)' has a cognitive complexity of 3, current threshold is 1","Design","CognitiveComplexity"
"132","org.apache.commons.exec","/Users/grantnelson/go/src/github.com/apache/commons-exec/src/test/java/org/apache/commons/exec/DefaultExecutorTest.java","3","780","The method 'getOccurrences(String, char)' has a cyclomatic complexity of 3.","Design","CyclomaticComplexity"
"133","org.apache.commons.exec","/Users/grantnelson/go/src/github.com/apache/commons-exec/src/test/java/org/apache/commons/exec/DefaultExecutorTest.java","3","780","The method 'getOccurrences(String, char)' has an NPath complexity of 3, current threshold is 1","Design","NPathComplexity"
"134","org.apache.commons.exec","/Users/grantnelson/go/src/github.com/apache/commons-exec/src/test/java/org/apache/commons/exec/DefaultExecutorTest.java","3","780","Avoid long parameter lists (2 parameters - threshold is 1).","Design","ExcessiveParameterList"
"1","org.apache.commons.exec","/Users/grantnelson/go/src/github.com/apache/commons-exec/src/test/java/org/apache/commons/exec/LogOutputStreamTest.java","3","35","A value of 4 may denote a high amount of coupling within the class (threshold: 1)","Design","CouplingBetweenObjects"
"2","org.apache.commons.exec","/Users/grantnelson/go/src/github.com/apache/commons-exec/src/test/java/org/apache/commons/exec/LogOutputStreamTest.java","3","35","The class 'LogOutputStreamTest' has a NCSS line count of 22 (Highest = 4).","Design","NcssCount"
"3","org.apache.commons.exec","/Users/grantnelson/go/src/github.com/apache/commons-exec/src/test/java/org/apache/commons/exec/LogOutputStreamTest.java","3","35","The class 'LogOutputStreamTest' has a total cyclomatic complexity of 4 (highest 1).","Design","CyclomaticComplexity"
"4","org.apache.commons.exec","/Users/grantnelson/go/src/github.com/apache/commons-exec/src/test/java/org/apache/commons/exec/LogOutputStreamTest.java","3","35","This class has 4 public methods and attributes; current threshold is 1.","Design","ExcessivePublicCount"
"5","org.apache.commons.exec","/Users/grantnelson/go/src/github.com/apache/commons-exec/src/test/java/org/apache/commons/exec/LogOutputStreamTest.java","3","43","The method 'classSetUp()' has a NCSS line count of 3.","Design","NcssCount"
"6","org.apache.commons.exec","/Users/grantnelson/go/src/github.com/apache/commons-exec/src/test/java/org/apache/commons/exec/LogOutputStreamTest.java","3","43","The method 'classSetUp()' has a cyclomatic complexity of 1.","Design","CyclomaticComplexity"
"7","org.apache.commons.exec","/Users/grantnelson/go/src/github.com/apache/commons-exec/src/test/java/org/apache/commons/exec/LogOutputStreamTest.java","3","43","The method 'classSetUp()' has an NPath complexity of 1, current threshold is 1","Design","NPathComplexity"
"8","org.apache.commons.exec","/Users/grantnelson/go/src/github.com/apache/commons-exec/src/test/java/org/apache/commons/exec/LogOutputStreamTest.java","3","50","The method 'setUp()' has a NCSS line count of 3.","Design","NcssCount"
"9","org.apache.commons.exec","/Users/grantnelson/go/src/github.com/apache/commons-exec/src/test/java/org/apache/commons/exec/LogOutputStreamTest.java","3","50","The method 'setUp()' has a cyclomatic complexity of 1.","Design","CyclomaticComplexity"
"10","org.apache.commons.exec","/Users/grantnelson/go/src/github.com/apache/commons-exec/src/test/java/org/apache/commons/exec/LogOutputStreamTest.java","3","50","The method 'setUp()' has an NPath complexity of 1, current threshold is 1","Design","NPathComplexity"
"11","org.apache.commons.exec","/Users/grantnelson/go/src/github.com/apache/commons-exec/src/test/java/org/apache/commons/exec/LogOutputStreamTest.java","3","56","The method 'tearDown()' has a NCSS line count of 2.","Design","NcssCount"
"12","org.apache.commons.exec","/Users/grantnelson/go/src/github.com/apache/commons-exec/src/test/java/org/apache/commons/exec/LogOutputStreamTest.java","3","56","The method 'tearDown()' has a cyclomatic complexity of 1.","Design","CyclomaticComplexity"
"13","org.apache.commons.exec","/Users/grantnelson/go/src/github.com/apache/commons-exec/src/test/java/org/apache/commons/exec/LogOutputStreamTest.java","3","56","The method 'tearDown()' has an NPath complexity of 1, current threshold is 1","Design","NPathComplexity"
"14","org.apache.commons.exec","/Users/grantnelson/go/src/github.com/apache/commons-exec/src/test/java/org/apache/commons/exec/LogOutputStreamTest.java","3","65","The method 'testStdout()' has a NCSS line count of 4.","Design","NcssCount"
"15","org.apache.commons.exec","/Users/grantnelson/go/src/github.com/apache/commons-exec/src/test/java/org/apache/commons/exec/LogOutputStreamTest.java","3","65","The method 'testStdout()' has a cyclomatic complexity of 1.","Design","CyclomaticComplexity"
"16","org.apache.commons.exec","/Users/grantnelson/go/src/github.com/apache/commons-exec/src/test/java/org/apache/commons/exec/LogOutputStreamTest.java","3","65","The method 'testStdout()' has an NPath complexity of 1, current threshold is 1","Design","NPathComplexity"
"17","org.apache.commons.exec","/Users/grantnelson/go/src/github.com/apache/commons-exec/src/test/java/org/apache/commons/exec/LogOutputStreamTest.java","3","75","The class 'SystemLogOutputStream' has a NCSS line count of 5 (Highest = 2).","Design","NcssCount"
"18","org.apache.commons.exec","/Users/grantnelson/go/src/github.com/apache/commons-exec/src/test/java/org/apache/commons/exec/LogOutputStreamTest.java","3","75","The class 'SystemLogOutputStream' has a total cyclomatic complexity of 2 (highest 1).","Design","CyclomaticComplexity"
"19","org.apache.commons.exec","/Users/grantnelson/go/src/github.com/apache/commons-exec/src/test/java/org/apache/commons/exec/LogOutputStreamTest.java","3","77","The constructor 'SystemLogOutputStream(int)' has a NCSS line count of 2.","Design","NcssCount"
"20","org.apache.commons.exec","/Users/grantnelson/go/src/github.com/apache/commons-exec/src/test/java/org/apache/commons/exec/LogOutputStreamTest.java","3","77","The constructor 'SystemLogOutputStream(int)' has a cyclomatic complexity of 1.","Design","CyclomaticComplexity"
"21","org.apache.commons.exec","/Users/grantnelson/go/src/github.com/apache/commons-exec/src/test/java/org/apache/commons/exec/LogOutputStreamTest.java","3","77","The constructor 'SystemLogOutputStream(int)' has an NPath complexity of 1, current threshold is 1","Design","NPathComplexity"
"22","org.apache.commons.exec","/Users/grantnelson/go/src/github.com/apache/commons-exec/src/test/java/org/apache/commons/exec/LogOutputStreamTest.java","3","82","The method 'processLine(String, int)' has a NCSS line count of 2.","Design","NcssCount"
"23","org.apache.commons.exec","/Users/grantnelson/go/src/github.com/apache/commons-exec/src/test/java/org/apache/commons/exec/LogOutputStreamTest.java","3","82","The method 'processLine(String, int)' has a cyclomatic complexity of 1.","Design","CyclomaticComplexity"
"24","org.apache.commons.exec","/Users/grantnelson/go/src/github.com/apache/commons-exec/src/test/java/org/apache/commons/exec/LogOutputStreamTest.java","3","82","The method 'processLine(String, int)' has an NPath complexity of 1, current threshold is 1","Design","NPathComplexity"
"25","org.apache.commons.exec","/Users/grantnelson/go/src/github.com/apache/commons-exec/src/test/java/org/apache/commons/exec/LogOutputStreamTest.java","3","82","Avoid long parameter lists (2 parameters - threshold is 1).","Design","ExcessiveParameterList"
"1","org.apache.commons.exec","/Users/grantnelson/go/src/github.com/apache/commons-exec/src/test/java/org/apache/commons/exec/StandAloneTest.java","3","34","A value of 3 may denote a high amount of coupling within the class (threshold: 1)","Design","CouplingBetweenObjects"
"2","org.apache.commons.exec","/Users/grantnelson/go/src/github.com/apache/commons-exec/src/test/java/org/apache/commons/exec/StandAloneTest.java","3","34","The class 'StandAloneTest' has a NCSS line count of 12 (Highest = 8).","Design","NcssCount"
"3","org.apache.commons.exec","/Users/grantnelson/go/src/github.com/apache/commons-exec/src/test/java/org/apache/commons/exec/StandAloneTest.java","3","34","The class 'StandAloneTest' has a total cyclomatic complexity of 3 (highest 2).","Design","CyclomaticComplexity"
"4","org.apache.commons.exec","/Users/grantnelson/go/src/github.com/apache/commons-exec/src/test/java/org/apache/commons/exec/StandAloneTest.java","3","34","This class has 2 public methods and attributes; current threshold is 1.","Design","ExcessivePublicCount"
"5","org.apache.commons.exec","/Users/grantnelson/go/src/github.com/apache/commons-exec/src/test/java/org/apache/commons/exec/StandAloneTest.java","3","37","The method 'classSetUp()' has a NCSS line count of 3.","Design","NcssCount"
"6","org.apache.commons.exec","/Users/grantnelson/go/src/github.com/apache/commons-exec/src/test/java/org/apache/commons/exec/StandAloneTest.java","3","37","The method 'classSetUp()' has a cyclomatic complexity of 1.","Design","CyclomaticComplexity"
"7","org.apache.commons.exec","/Users/grantnelson/go/src/github.com/apache/commons-exec/src/test/java/org/apache/commons/exec/StandAloneTest.java","3","37","The method 'classSetUp()' has an NPath complexity of 1, current threshold is 1","Design","NPathComplexity"
"8","org.apache.commons.exec","/Users/grantnelson/go/src/github.com/apache/commons-exec/src/test/java/org/apache/commons/exec/StandAloneTest.java","3","43","The method 'testMe()' has a NCSS line count of 8.","Design","NcssCount"
"9","org.apache.commons.exec","/Users/grantnelson/go/src/github.com/apache/commons-exec/src/test/java/org/apache/commons/exec/StandAloneTest.java","3","43","The method 'testMe()' has a cognitive complexity of 1, current threshold is 1","Design","CognitiveComplexity"
"10","org.apache.commons.exec","/Users/grantnelson/go/src/github.com/apache/commons-exec/src/test/java/org/apache/commons/exec/StandAloneTest.java","3","43","The method 'testMe()' has a cyclomatic complexity of 2.","Design","CyclomaticComplexity"
"11","org.apache.commons.exec","/Users/grantnelson/go/src/github.com/apache/commons-exec/src/test/java/org/apache/commons/exec/StandAloneTest.java","3","43","The method 'testMe()' has an NPath complexity of 2, current threshold is 1","Design","NPathComplexity"
"1","org.apache.commons.exec","/Users/grantnelson/go/src/github.com/apache/commons-exec/src/test/java/org/apache/commons/exec/TestUtil.java","3","28","The class 'TestUtil' has a NCSS line count of 24 (Highest = 11).","Design","NcssCount"
"2","org.apache.commons.exec","/Users/grantnelson/go/src/github.com/apache/commons-exec/src/test/java/org/apache/commons/exec/TestUtil.java","3","28","The class 'TestUtil' has a total cyclomatic complexity of 11 (highest 5).","Design","CyclomaticComplexity"
"3","org.apache.commons.exec","/Users/grantnelson/go/src/github.com/apache/commons-exec/src/test/java/org/apache/commons/exec/TestUtil.java","3","28","This class has 2 public methods and attributes; current threshold is 1.","Design","ExcessivePublicCount"
"4","org.apache.commons.exec","/Users/grantnelson/go/src/github.com/apache/commons-exec/src/test/java/org/apache/commons/exec/TestUtil.java","3","30","The constructor 'TestUtil()' has a NCSS line count of 1.","Design","NcssCount"
"5","org.apache.commons.exec","/Users/grantnelson/go/src/github.com/apache/commons-exec/src/test/java/org/apache/commons/exec/TestUtil.java","3","30","The constructor 'TestUtil()' has a cyclomatic complexity of 1.","Design","CyclomaticComplexity"
"6","org.apache.commons.exec","/Users/grantnelson/go/src/github.com/apache/commons-exec/src/test/java/org/apache/commons/exec/TestUtil.java","3","30","The constructor 'TestUtil()' has an NPath complexity of 1, current threshold is 1","Design","NPathComplexity"
"7","org.apache.commons.exec","/Users/grantnelson/go/src/github.com/apache/commons-exec/src/test/java/org/apache/commons/exec/TestUtil.java","3","33","The method 'resolveScriptForOS(String)' has a NCSS line count of 11.","Design","NcssCount"
"8","org.apache.commons.exec","/Users/grantnelson/go/src/github.com/apache/commons-exec/src/test/java/org/apache/commons/exec/TestUtil.java","3","33","The method 'resolveScriptForOS(String)' has a cognitive complexity of 4, current threshold is 1","Design","CognitiveComplexity"
"9","org.apache.commons.exec","/Users/grantnelson/go/src/github.com/apache/commons-exec/src/test/java/org/apache/commons/exec/TestUtil.java","3","33","The method 'resolveScriptForOS(String)' has a cyclomatic complexity of 5.","Design","CyclomaticComplexity"
"10","org.apache.commons.exec","/Users/grantnelson/go/src/github.com/apache/commons-exec/src/test/java/org/apache/commons/exec/TestUtil.java","3","33","The method 'resolveScriptForOS(String)' has an NPath complexity of 4, current threshold is 1","Design","NPathComplexity"
"11","org.apache.commons.exec","/Users/grantnelson/go/src/github.com/apache/commons-exec/src/test/java/org/apache/commons/exec/TestUtil.java","3","33","Avoid long parameter lists (1 parameters - threshold is 1).","Design","ExcessiveParameterList"
"12","org.apache.commons.exec","/Users/grantnelson/go/src/github.com/apache/commons-exec/src/test/java/org/apache/commons/exec/TestUtil.java","3","49","The method 'getTestScriptCodesForOS()' has a NCSS line count of 11.","Design","NcssCount"
"13","org.apache.commons.exec","/Users/grantnelson/go/src/github.com/apache/commons-exec/src/test/java/org/apache/commons/exec/TestUtil.java","3","49","The method 'getTestScriptCodesForOS()' has a cognitive complexity of 4, current threshold is 1","Design","CognitiveComplexity"
"14","org.apache.commons.exec","/Users/grantnelson/go/src/github.com/apache/commons-exec/src/test/java/org/apache/commons/exec/TestUtil.java","3","49","The method 'getTestScriptCodesForOS()' has a cyclomatic complexity of 5.","Design","CyclomaticComplexity"
"15","org.apache.commons.exec","/Users/grantnelson/go/src/github.com/apache/commons-exec/src/test/java/org/apache/commons/exec/TestUtil.java","3","49","The method 'getTestScriptCodesForOS()' has an NPath complexity of 4, current threshold is 1","Design","NPathComplexity"
"1","org.apache.commons.exec","/Users/grantnelson/go/src/github.com/apache/commons-exec/src/test/java/org/apache/commons/exec/TutorialTest.java","3","40","A value of 6 may denote a high amount of coupling within the class (threshold: 1)","Design","CouplingBetweenObjects"
"2","org.apache.commons.exec","/Users/grantnelson/go/src/github.com/apache/commons-exec/src/test/java/org/apache/commons/exec/TutorialTest.java","3","40","The class 'TutorialTest' has a NCSS line count of 58 (Highest = 25).","Design","NcssCount"
"3","org.apache.commons.exec","/Users/grantnelson/go/src/github.com/apache/commons-exec/src/test/java/org/apache/commons/exec/TutorialTest.java","3","40","The class 'TutorialTest' has a total cyclomatic complexity of 6 (highest 3).","Design","CyclomaticComplexity"
"4","org.apache.commons.exec","/Users/grantnelson/go/src/github.com/apache/commons-exec/src/test/java/org/apache/commons/exec/TutorialTest.java","3","40","This class has 2 public methods and attributes; current threshold is 1.","Design","ExcessivePublicCount"
"5","org.apache.commons.exec","/Users/grantnelson/go/src/github.com/apache/commons-exec/src/test/java/org/apache/commons/exec/TutorialTest.java","3","49","The method 'testTutorialExample()' has a NCSS line count of 15.","Design","NcssCount"
"6","org.apache.commons.exec","/Users/grantnelson/go/src/github.com/apache/commons-exec/src/test/java/org/apache/commons/exec/TutorialTest.java","3","49","The method 'testTutorialExample()' has a cognitive complexity of 1, current threshold is 1","Design","CognitiveComplexity"
"7","org.apache.commons.exec","/Users/grantnelson/go/src/github.com/apache/commons-exec/src/test/java/org/apache/commons/exec/TutorialTest.java","3","49","The method 'testTutorialExample()' has a cyclomatic complexity of 3.","Design","CyclomaticComplexity"
"8","org.apache.commons.exec","/Users/grantnelson/go/src/github.com/apache/commons-exec/src/test/java/org/apache/commons/exec/TutorialTest.java","3","49","The method 'testTutorialExample()' has an NPath complexity of 1, current threshold is 1","Design","NPathComplexity"
"9","org.apache.commons.exec","/Users/grantnelson/go/src/github.com/apache/commons-exec/src/test/java/org/apache/commons/exec/TutorialTest.java","3","84","The method 'print(File, long, boolean)' has a NCSS line count of 25.","Design","NcssCount"
"10","org.apache.commons.exec","/Users/grantnelson/go/src/github.com/apache/commons-exec/src/test/java/org/apache/commons/exec/TutorialTest.java","3","84","The method 'print(File, long, boolean)' has a cognitive complexity of 3, current threshold is 1","Design","CognitiveComplexity"
"11","org.apache.commons.exec","/Users/grantnelson/go/src/github.com/apache/commons-exec/src/test/java/org/apache/commons/exec/TutorialTest.java","3","84","The method 'print(File, long, boolean)' has a cyclomatic complexity of 3.","Design","CyclomaticComplexity"
"12","org.apache.commons.exec","/Users/grantnelson/go/src/github.com/apache/commons-exec/src/test/java/org/apache/commons/exec/TutorialTest.java","3","84","The method 'print(File, long, boolean)' has an NPath complexity of 4, current threshold is 1","Design","NPathComplexity"
"13","org.apache.commons.exec","/Users/grantnelson/go/src/github.com/apache/commons-exec/src/test/java/org/apache/commons/exec/TutorialTest.java","3","84","Avoid long parameter lists (3 parameters - threshold is 1).","Design","ExcessiveParameterList"
"14","org.apache.commons.exec","/Users/grantnelson/go/src/github.com/apache/commons-exec/src/test/java/org/apache/commons/exec/TutorialTest.java","3","125","A value of 2 may denote a high amount of coupling within the class (threshold: 1)","Design","CouplingBetweenObjects"
"15","org.apache.commons.exec","/Users/grantnelson/go/src/github.com/apache/commons-exec/src/test/java/org/apache/commons/exec/TutorialTest.java","3","125","The class 'PrintResultHandler' has a NCSS line count of 15 (Highest = 6).","Design","NcssCount"
"16","org.apache.commons.exec","/Users/grantnelson/go/src/github.com/apache/commons-exec/src/test/java/org/apache/commons/exec/TutorialTest.java","3","125","The class 'PrintResultHandler' has a total cyclomatic complexity of 6 (highest 3).","Design","CyclomaticComplexity"
"17","org.apache.commons.exec","/Users/grantnelson/go/src/github.com/apache/commons-exec/src/test/java/org/apache/commons/exec/TutorialTest.java","3","125","This class has 4 public methods and attributes; current threshold is 1.","Design","ExcessivePublicCount"
"18","org.apache.commons.exec","/Users/grantnelson/go/src/github.com/apache/commons-exec/src/test/java/org/apache/commons/exec/TutorialTest.java","3","129","The constructor 'PrintResultHandler(ExecuteWatchdog)' has a NCSS line count of 2.","Design","NcssCount"
"19","org.apache.commons.exec","/Users/grantnelson/go/src/github.com/apache/commons-exec/src/test/java/org/apache/commons/exec/TutorialTest.java","3","129","The constructor 'PrintResultHandler(ExecuteWatchdog)' has a cyclomatic complexity of 1.","Design","CyclomaticComplexity"
"20","org.apache.commons.exec","/Users/grantnelson/go/src/github.com/apache/commons-exec/src/test/java/org/apache/commons/exec/TutorialTest.java","3","129","The constructor 'PrintResultHandler(ExecuteWatchdog)' has an NPath complexity of 1, current threshold is 1","Design","NPathComplexity"
"21","org.apache.commons.exec","/Users/grantnelson/go/src/github.com/apache/commons-exec/src/test/java/org/apache/commons/exec/TutorialTest.java","3","129","Avoid long parameter lists (1 parameters - threshold is 1).","Design","ExcessiveParameterList"
"22","org.apache.commons.exec","/Users/grantnelson/go/src/github.com/apache/commons-exec/src/test/java/org/apache/commons/exec/TutorialTest.java","3","134","The constructor 'PrintResultHandler(int)' has a NCSS line count of 2.","Design","NcssCount"
"23","org.apache.commons.exec","/Users/grantnelson/go/src/github.com/apache/commons-exec/src/test/java/org/apache/commons/exec/TutorialTest.java","3","134","The constructor 'PrintResultHandler(int)' has a cyclomatic complexity of 1.","Design","CyclomaticComplexity"
"24","org.apache.commons.exec","/Users/grantnelson/go/src/github.com/apache/commons-exec/src/test/java/org/apache/commons/exec/TutorialTest.java","3","134","The constructor 'PrintResultHandler(int)' has an NPath complexity of 1, current threshold is 1","Design","NPathComplexity"
"25","org.apache.commons.exec","/Users/grantnelson/go/src/github.com/apache/commons-exec/src/test/java/org/apache/commons/exec/TutorialTest.java","3","134","Avoid long parameter lists (1 parameters - threshold is 1).","Design","ExcessiveParameterList"
"26","org.apache.commons.exec","/Users/grantnelson/go/src/github.com/apache/commons-exec/src/test/java/org/apache/commons/exec/TutorialTest.java","3","139","The method 'onProcessComplete(int)' has a NCSS line count of 3.","Design","NcssCount"
"27","org.apache.commons.exec","/Users/grantnelson/go/src/github.com/apache/commons-exec/src/test/java/org/apache/commons/exec/TutorialTest.java","3","139","The method 'onProcessComplete(int)' has a cyclomatic complexity of 1.","Design","CyclomaticComplexity"
"28","org.apache.commons.exec","/Users/grantnelson/go/src/github.com/apache/commons-exec/src/test/java/org/apache/commons/exec/TutorialTest.java","3","139","The method 'onProcessComplete(int)' has an NPath complexity of 1, current threshold is 1","Design","NPathComplexity"
"29","org.apache.commons.exec","/Users/grantnelson/go/src/github.com/apache/commons-exec/src/test/java/org/apache/commons/exec/TutorialTest.java","3","139","Avoid long parameter lists (1 parameters - threshold is 1).","Design","ExcessiveParameterList"
"30","org.apache.commons.exec","/Users/grantnelson/go/src/github.com/apache/commons-exec/src/test/java/org/apache/commons/exec/TutorialTest.java","3","145","The method 'onProcessFailed(ExecuteException)' has a NCSS line count of 6.","Design","NcssCount"
"31","org.apache.commons.exec","/Users/grantnelson/go/src/github.com/apache/commons-exec/src/test/java/org/apache/commons/exec/TutorialTest.java","3","145","The method 'onProcessFailed(ExecuteException)' has a cognitive complexity of 3, current threshold is 1","Design","CognitiveComplexity"
"32","org.apache.commons.exec","/Users/grantnelson/go/src/github.com/apache/commons-exec/src/test/java/org/apache/commons/exec/TutorialTest.java","3","145","The method 'onProcessFailed(ExecuteException)' has a cyclomatic complexity of 3.","Design","CyclomaticComplexity"
"33","org.apache.commons.exec","/Users/grantnelson/go/src/github.com/apache/commons-exec/src/test/java/org/apache/commons/exec/TutorialTest.java","3","145","The method 'onProcessFailed(ExecuteException)' has an NPath complexity of 3, current threshold is 1","Design","NPathComplexity"
"34","org.apache.commons.exec","/Users/grantnelson/go/src/github.com/apache/commons-exec/src/test/java/org/apache/commons/exec/TutorialTest.java","3","145","Avoid long parameter lists (1 parameters - threshold is 1).","Design","ExcessiveParameterList"
"1","org.apache.commons.exec.environment","/Users/grantnelson/go/src/github.com/apache/commons-exec/src/test/java/org/apache/commons/exec/environment/EnvironmentUtilsTest.java","3","40","A value of 2 may denote a high amount of coupling within the class (threshold: 1)","Design","CouplingBetweenObjects"
"2","org.apache.commons.exec.environment","/Users/grantnelson/go/src/github.com/apache/commons-exec/src/test/java/org/apache/commons/exec/environment/EnvironmentUtilsTest.java","3","40","The class 'EnvironmentUtilsTest' has a NCSS line count of 48 (Highest = 13).","Design","NcssCount"
"3","org.apache.commons.exec.environment","/Users/grantnelson/go/src/github.com/apache/commons-exec/src/test/java/org/apache/commons/exec/environment/EnvironmentUtilsTest.java","3","40","The class 'EnvironmentUtilsTest' has a total cyclomatic complexity of 9 (highest 3).","Design","CyclomaticComplexity"
"4","org.apache.commons.exec.environment","/Users/grantnelson/go/src/github.com/apache/commons-exec/src/test/java/org/apache/commons/exec/environment/EnvironmentUtilsTest.java","3","40","This class has 6 public methods and attributes; current threshold is 1.","Design","ExcessivePublicCount"
"5","org.apache.commons.exec.environment","/Users/grantnelson/go/src/github.com/apache/commons-exec/src/test/java/org/apache/commons/exec/environment/EnvironmentUtilsTest.java","3","47","The method 'testToStrings()' has a NCSS line count of 11.","Design","NcssCount"
"6","org.apache.commons.exec.environment","/Users/grantnelson/go/src/github.com/apache/commons-exec/src/test/java/org/apache/commons/exec/environment/EnvironmentUtilsTest.java","3","47","The method 'testToStrings()' has a cyclomatic complexity of 1.","Design","CyclomaticComplexity"
"7","org.apache.commons.exec.environment","/Users/grantnelson/go/src/github.com/apache/commons-exec/src/test/java/org/apache/commons/exec/environment/EnvironmentUtilsTest.java","3","47","The method 'testToStrings()' has an NPath complexity of 1, current threshold is 1","Design","NPathComplexity"
"8","org.apache.commons.exec.environment","/Users/grantnelson/go/src/github.com/apache/commons-exec/src/test/java/org/apache/commons/exec/environment/EnvironmentUtilsTest.java","3","71","The method 'testGetProcEnvironment()' has a NCSS line count of 7.","Design","NcssCount"
"9","org.apache.commons.exec.environment","/Users/grantnelson/go/src/github.com/apache/commons-exec/src/test/java/org/apache/commons/exec/environment/EnvironmentUtilsTest.java","3","71","The method 'testGetProcEnvironment()' has a cognitive complexity of 1, current threshold is 1","Design","CognitiveComplexity"
"10","org.apache.commons.exec.environment","/Users/grantnelson/go/src/github.com/apache/commons-exec/src/test/java/org/apache/commons/exec/environment/EnvironmentUtilsTest.java","3","71","The method 'testGetProcEnvironment()' has a cyclomatic complexity of 2.","Design","CyclomaticComplexity"
"11","org.apache.commons.exec.environment","/Users/grantnelson/go/src/github.com/apache/commons-exec/src/test/java/org/apache/commons/exec/environment/EnvironmentUtilsTest.java","3","71","The method 'testGetProcEnvironment()' has an NPath complexity of 2, current threshold is 1","Design","NPathComplexity"
"12","org.apache.commons.exec.environment","/Users/grantnelson/go/src/github.com/apache/commons-exec/src/test/java/org/apache/commons/exec/environment/EnvironmentUtilsTest.java","3","92","The method 'testGetProcEnvironmentCaseInsensitiveLookup()' has a NCSS line count of 13.","Design","NcssCount"
"13","org.apache.commons.exec.environment","/Users/grantnelson/go/src/github.com/apache/commons-exec/src/test/java/org/apache/commons/exec/environment/EnvironmentUtilsTest.java","3","92","The method 'testGetProcEnvironmentCaseInsensitiveLookup()' has a cognitive complexity of 2, current threshold is 1","Design","CognitiveComplexity"
"14","org.apache.commons.exec.environment","/Users/grantnelson/go/src/github.com/apache/commons-exec/src/test/java/org/apache/commons/exec/environment/EnvironmentUtilsTest.java","3","92","The method 'testGetProcEnvironmentCaseInsensitiveLookup()' has a cyclomatic complexity of 3.","Design","CyclomaticComplexity"
"15","org.apache.commons.exec.environment","/Users/grantnelson/go/src/github.com/apache/commons-exec/src/test/java/org/apache/commons/exec/environment/EnvironmentUtilsTest.java","3","92","The method 'testGetProcEnvironmentCaseInsensitiveLookup()' has an NPath complexity of 3, current threshold is 1","Design","NPathComplexity"
"16","org.apache.commons.exec.environment","/Users/grantnelson/go/src/github.com/apache/commons-exec/src/test/java/org/apache/commons/exec/environment/EnvironmentUtilsTest.java","3","123","The method 'testCaseInsensitiveVariableLookup()' has a NCSS line count of 4.","Design","NcssCount"
"17","org.apache.commons.exec.environment","/Users/grantnelson/go/src/github.com/apache/commons-exec/src/test/java/org/apache/commons/exec/environment/EnvironmentUtilsTest.java","3","123","The method 'testCaseInsensitiveVariableLookup()' has a cyclomatic complexity of 1.","Design","CyclomaticComplexity"
"18","org.apache.commons.exec.environment","/Users/grantnelson/go/src/github.com/apache/commons-exec/src/test/java/org/apache/commons/exec/environment/EnvironmentUtilsTest.java","3","123","The method 'testCaseInsensitiveVariableLookup()' has an NPath complexity of 1, current threshold is 1","Design","NPathComplexity"
"19","org.apache.commons.exec.environment","/Users/grantnelson/go/src/github.com/apache/commons-exec/src/test/java/org/apache/commons/exec/environment/EnvironmentUtilsTest.java","3","135","The method 'testToStringWithNullKey()' has a NCSS line count of 6.","Design","NcssCount"
"20","org.apache.commons.exec.environment","/Users/grantnelson/go/src/github.com/apache/commons-exec/src/test/java/org/apache/commons/exec/environment/EnvironmentUtilsTest.java","3","135","The method 'testToStringWithNullKey()' has a cyclomatic complexity of 1.","Design","CyclomaticComplexity"
"21","org.apache.commons.exec.environment","/Users/grantnelson/go/src/github.com/apache/commons-exec/src/test/java/org/apache/commons/exec/environment/EnvironmentUtilsTest.java","3","135","The method 'testToStringWithNullKey()' has an NPath complexity of 1, current threshold is 1","Design","NPathComplexity"
"22","org.apache.commons.exec.environment","/Users/grantnelson/go/src/github.com/apache/commons-exec/src/test/java/org/apache/commons/exec/environment/EnvironmentUtilsTest.java","3","148","The method 'testToStringWithNullValue()' has a NCSS line count of 6.","Design","NcssCount"
"23","org.apache.commons.exec.environment","/Users/grantnelson/go/src/github.com/apache/commons-exec/src/test/java/org/apache/commons/exec/environment/EnvironmentUtilsTest.java","3","148","The method 'testToStringWithNullValue()' has a cyclomatic complexity of 1.","Design","CyclomaticComplexity"
"24","org.apache.commons.exec.environment","/Users/grantnelson/go/src/github.com/apache/commons-exec/src/test/java/org/apache/commons/exec/environment/EnvironmentUtilsTest.java","3","148","The method 'testToStringWithNullValue()' has an NPath complexity of 1, current threshold is 1","Design","NPathComplexity"
"1","org.apache.commons.exec.issues","/Users/grantnelson/go/src/github.com/apache/commons-exec/src/test/java/org/apache/commons/exec/issues/Exec33Test.java","3","38","A value of 5 may denote a high amount of coupling within the class (threshold: 1)","Design","CouplingBetweenObjects"
"2","org.apache.commons.exec.issues","/Users/grantnelson/go/src/github.com/apache/commons-exec/src/test/java/org/apache/commons/exec/issues/Exec33Test.java","3","38","The class 'Exec33Test' has a NCSS line count of 11 (Highest = 7).","Design","NcssCount"
"3","org.apache.commons.exec.issues","/Users/grantnelson/go/src/github.com/apache/commons-exec/src/test/java/org/apache/commons/exec/issues/Exec33Test.java","3","38","The class 'Exec33Test' has a total cyclomatic complexity of 1 (highest 1).","Design","CyclomaticComplexity"
"4","org.apache.commons.exec.issues","/Users/grantnelson/go/src/github.com/apache/commons-exec/src/test/java/org/apache/commons/exec/issues/Exec33Test.java","3","38","This class has 1 public methods and attributes; current threshold is 1.","Design","ExcessivePublicCount"
"5","org.apache.commons.exec.issues","/Users/grantnelson/go/src/github.com/apache/commons-exec/src/test/java/org/apache/commons/exec/issues/Exec33Test.java","3","45","The method 'testExec33()' has a NCSS line count of 7.","Design","NcssCount"
"6","org.apache.commons.exec.issues","/Users/grantnelson/go/src/github.com/apache/commons-exec/src/test/java/org/apache/commons/exec/issues/Exec33Test.java","3","45","The method 'testExec33()' has a cyclomatic complexity of 1.","Design","CyclomaticComplexity"
"7","org.apache.commons.exec.issues","/Users/grantnelson/go/src/github.com/apache/commons-exec/src/test/java/org/apache/commons/exec/issues/Exec33Test.java","3","45","The method 'testExec33()' has an NPath complexity of 1, current threshold is 1","Design","NPathComplexity"
"1","org.apache.commons.exec.issues","/Users/grantnelson/go/src/github.com/apache/commons-exec/src/test/java/org/apache/commons/exec/issues/Exec34Test.java","3","39","A value of 5 may denote a high amount of coupling within the class (threshold: 1)","Design","CouplingBetweenObjects"
"2","org.apache.commons.exec.issues","/Users/grantnelson/go/src/github.com/apache/commons-exec/src/test/java/org/apache/commons/exec/issues/Exec34Test.java","3","39","The class 'Exec34Test' has a NCSS line count of 27 (Highest = 12).","Design","NcssCount"
"3","org.apache.commons.exec.issues","/Users/grantnelson/go/src/github.com/apache/commons-exec/src/test/java/org/apache/commons/exec/issues/Exec34Test.java","3","39","The class 'Exec34Test' has a total cyclomatic complexity of 2 (highest 1).","Design","CyclomaticComplexity"
"4","org.apache.commons.exec.issues","/Users/grantnelson/go/src/github.com/apache/commons-exec/src/test/java/org/apache/commons/exec/issues/Exec34Test.java","3","39","This class has 2 public methods and attributes; current threshold is 1.","Design","ExcessivePublicCount"
"5","org.apache.commons.exec.issues","/Users/grantnelson/go/src/github.com/apache/commons-exec/src/test/java/org/apache/commons/exec/issues/Exec34Test.java","3","54","The method 'testExec34_1()' has a NCSS line count of 11.","Design","NcssCount"
"6","org.apache.commons.exec.issues","/Users/grantnelson/go/src/github.com/apache/commons-exec/src/test/java/org/apache/commons/exec/issues/Exec34Test.java","3","54","The method 'testExec34_1()' has a cyclomatic complexity of 1.","Design","CyclomaticComplexity"
"7","org.apache.commons.exec.issues","/Users/grantnelson/go/src/github.com/apache/commons-exec/src/test/java/org/apache/commons/exec/issues/Exec34Test.java","3","54","The method 'testExec34_1()' has an NPath complexity of 1, current threshold is 1","Design","NPathComplexity"
"8","org.apache.commons.exec.issues","/Users/grantnelson/go/src/github.com/apache/commons-exec/src/test/java/org/apache/commons/exec/issues/Exec34Test.java","3","76","The method 'testExec34_2()' has a NCSS line count of 12.","Design","NcssCount"
"9","org.apache.commons.exec.issues","/Users/grantnelson/go/src/github.com/apache/commons-exec/src/test/java/org/apache/commons/exec/issues/Exec34Test.java","3","76","The method 'testExec34_2()' has a cyclomatic complexity of 1.","Design","CyclomaticComplexity"
"10","org.apache.commons.exec.issues","/Users/grantnelson/go/src/github.com/apache/commons-exec/src/test/java/org/apache/commons/exec/issues/Exec34Test.java","3","76","The method 'testExec34_2()' has an NPath complexity of 1, current threshold is 1","Design","NPathComplexity"
"1","org.apache.commons.exec.issues","/Users/grantnelson/go/src/github.com/apache/commons-exec/src/test/java/org/apache/commons/exec/issues/Exec36Test.java","3","44","A value of 5 may denote a high amount of coupling within the class (threshold: 1)","Design","CouplingBetweenObjects"
"2","org.apache.commons.exec.issues","/Users/grantnelson/go/src/github.com/apache/commons-exec/src/test/java/org/apache/commons/exec/issues/Exec36Test.java","3","44","The class 'Exec36Test' has a NCSS line count of 78 (Highest = 24).","Design","NcssCount"
"3","org.apache.commons.exec.issues","/Users/grantnelson/go/src/github.com/apache/commons-exec/src/test/java/org/apache/commons/exec/issues/Exec36Test.java","3","44","The class 'Exec36Test' has a total cyclomatic complexity of 11 (highest 4).","Design","CyclomaticComplexity"
"4","org.apache.commons.exec.issues","/Users/grantnelson/go/src/github.com/apache/commons-exec/src/test/java/org/apache/commons/exec/issues/Exec36Test.java","3","44","This class has 7 public methods and attributes; current threshold is 1.","Design","ExcessivePublicCount"
"5","org.apache.commons.exec.issues","/Users/grantnelson/go/src/github.com/apache/commons-exec/src/test/java/org/apache/commons/exec/issues/Exec36Test.java","3","54","The method 'setUp()' has a NCSS line count of 3.","Design","NcssCount"
"6","org.apache.commons.exec.issues","/Users/grantnelson/go/src/github.com/apache/commons-exec/src/test/java/org/apache/commons/exec/issues/Exec36Test.java","3","54","The method 'setUp()' has a cyclomatic complexity of 1.","Design","CyclomaticComplexity"
"7","org.apache.commons.exec.issues","/Users/grantnelson/go/src/github.com/apache/commons-exec/src/test/java/org/apache/commons/exec/issues/Exec36Test.java","3","54","The method 'setUp()' has an NPath complexity of 1, current threshold is 1","Design","NPathComplexity"
"8","org.apache.commons.exec.issues","/Users/grantnelson/go/src/github.com/apache/commons-exec/src/test/java/org/apache/commons/exec/issues/Exec36Test.java","3","61","The method 'tearDown()' has a NCSS line count of 2.","Design","NcssCount"
"9","org.apache.commons.exec.issues","/Users/grantnelson/go/src/github.com/apache/commons-exec/src/test/java/org/apache/commons/exec/issues/Exec36Test.java","3","61","The method 'tearDown()' has a cyclomatic complexity of 1.","Design","CyclomaticComplexity"
"10","org.apache.commons.exec.issues","/Users/grantnelson/go/src/github.com/apache/commons-exec/src/test/java/org/apache/commons/exec/issues/Exec36Test.java","3","61","The method 'tearDown()' has an NPath complexity of 1, current threshold is 1","Design","NPathComplexity"
"11","org.apache.commons.exec.issues","/Users/grantnelson/go/src/github.com/apache/commons-exec/src/test/java/org/apache/commons/exec/issues/Exec36Test.java","3","72","The method 'testExec36_1()' has a NCSS line count of 18.","Design","NcssCount"
"12","org.apache.commons.exec.issues","/Users/grantnelson/go/src/github.com/apache/commons-exec/src/test/java/org/apache/commons/exec/issues/Exec36Test.java","3","72","The method 'testExec36_1()' has a cognitive complexity of 2, current threshold is 1","Design","CognitiveComplexity"
"13","org.apache.commons.exec.issues","/Users/grantnelson/go/src/github.com/apache/commons-exec/src/test/java/org/apache/commons/exec/issues/Exec36Test.java","3","72","The method 'testExec36_1()' has a cyclomatic complexity of 2.","Design","CyclomaticComplexity"
"14","org.apache.commons.exec.issues","/Users/grantnelson/go/src/github.com/apache/commons-exec/src/test/java/org/apache/commons/exec/issues/Exec36Test.java","3","72","The method 'testExec36_1()' has an NPath complexity of 2, current threshold is 1","Design","NPathComplexity"
"15","org.apache.commons.exec.issues","/Users/grantnelson/go/src/github.com/apache/commons-exec/src/test/java/org/apache/commons/exec/issues/Exec36Test.java","3","118","The method 'testExec36_2()' has a NCSS line count of 24.","Design","NcssCount"
"16","org.apache.commons.exec.issues","/Users/grantnelson/go/src/github.com/apache/commons-exec/src/test/java/org/apache/commons/exec/issues/Exec36Test.java","3","118","The method 'testExec36_2()' has a cognitive complexity of 4, current threshold is 1","Design","CognitiveComplexity"
"17","org.apache.commons.exec.issues","/Users/grantnelson/go/src/github.com/apache/commons-exec/src/test/java/org/apache/commons/exec/issues/Exec36Test.java","3","118","The method 'testExec36_2()' has a cyclomatic complexity of 4.","Design","CyclomaticComplexity"
"18","org.apache.commons.exec.issues","/Users/grantnelson/go/src/github.com/apache/commons-exec/src/test/java/org/apache/commons/exec/issues/Exec36Test.java","3","118","The method 'testExec36_2()' has an NPath complexity of 5, current threshold is 1","Design","NPathComplexity"
"19","org.apache.commons.exec.issues","/Users/grantnelson/go/src/github.com/apache/commons-exec/src/test/java/org/apache/commons/exec/issues/Exec36Test.java","3","167","The method '_testExec36_4()' has a NCSS line count of 11.","Design","NcssCount"
"20","org.apache.commons.exec.issues","/Users/grantnelson/go/src/github.com/apache/commons-exec/src/test/java/org/apache/commons/exec/issues/Exec36Test.java","3","167","The method '_testExec36_4()' has a cyclomatic complexity of 1.","Design","CyclomaticComplexity"
"21","org.apache.commons.exec.issues","/Users/grantnelson/go/src/github.com/apache/commons-exec/src/test/java/org/apache/commons/exec/issues/Exec36Test.java","3","167","The method '_testExec36_4()' has an NPath complexity of 1, current threshold is 1","Design","NPathComplexity"
"22","org.apache.commons.exec.issues","/Users/grantnelson/go/src/github.com/apache/commons-exec/src/test/java/org/apache/commons/exec/issues/Exec36Test.java","3","194","The method '_testExec36_5()' has a NCSS line count of 8.","Design","NcssCount"
"23","org.apache.commons.exec.issues","/Users/grantnelson/go/src/github.com/apache/commons-exec/src/test/java/org/apache/commons/exec/issues/Exec36Test.java","3","194","The method '_testExec36_5()' has a cyclomatic complexity of 1.","Design","CyclomaticComplexity"
"24","org.apache.commons.exec.issues","/Users/grantnelson/go/src/github.com/apache/commons-exec/src/test/java/org/apache/commons/exec/issues/Exec36Test.java","3","194","The method '_testExec36_5()' has an NPath complexity of 1, current threshold is 1","Design","NPathComplexity"
"25","org.apache.commons.exec.issues","/Users/grantnelson/go/src/github.com/apache/commons-exec/src/test/java/org/apache/commons/exec/issues/Exec36Test.java","3","216","The method '_testExec36_6()' has a NCSS line count of 7.","Design","NcssCount"
"26","org.apache.commons.exec.issues","/Users/grantnelson/go/src/github.com/apache/commons-exec/src/test/java/org/apache/commons/exec/issues/Exec36Test.java","3","216","The method '_testExec36_6()' has a cyclomatic complexity of 1.","Design","CyclomaticComplexity"
"27","org.apache.commons.exec.issues","/Users/grantnelson/go/src/github.com/apache/commons-exec/src/test/java/org/apache/commons/exec/issues/Exec36Test.java","3","216","The method '_testExec36_6()' has an NPath complexity of 1, current threshold is 1","Design","NPathComplexity"
"1","org.apache.commons.exec.issues","/Users/grantnelson/go/src/github.com/apache/commons-exec/src/test/java/org/apache/commons/exec/issues/Exec41Test.java","3","38","A value of 5 may denote a high amount of coupling within the class (threshold: 1)","Design","CouplingBetweenObjects"
"2","org.apache.commons.exec.issues","/Users/grantnelson/go/src/github.com/apache/commons-exec/src/test/java/org/apache/commons/exec/issues/Exec41Test.java","3","38","The class 'Exec41Test' has a NCSS line count of 48 (Highest = 27).","Design","NcssCount"
"3","org.apache.commons.exec.issues","/Users/grantnelson/go/src/github.com/apache/commons-exec/src/test/java/org/apache/commons/exec/issues/Exec41Test.java","3","38","The class 'Exec41Test' has a total cyclomatic complexity of 9 (highest 6).","Design","CyclomaticComplexity"
"4","org.apache.commons.exec.issues","/Users/grantnelson/go/src/github.com/apache/commons-exec/src/test/java/org/apache/commons/exec/issues/Exec41Test.java","3","38","This class has 2 public methods and attributes; current threshold is 1.","Design","ExcessivePublicCount"
"5","org.apache.commons.exec.issues","/Users/grantnelson/go/src/github.com/apache/commons-exec/src/test/java/org/apache/commons/exec/issues/Exec41Test.java","3","54","The method 'testExec41WithStreams()' has a NCSS line count of 27.","Design","NcssCount"
"6","org.apache.commons.exec.issues","/Users/grantnelson/go/src/github.com/apache/commons-exec/src/test/java/org/apache/commons/exec/issues/Exec41Test.java","3","54","The method 'testExec41WithStreams()' has a cognitive complexity of 6, current threshold is 1","Design","CognitiveComplexity"
"7","org.apache.commons.exec.issues","/Users/grantnelson/go/src/github.com/apache/commons-exec/src/test/java/org/apache/commons/exec/issues/Exec41Test.java","3","54","The method 'testExec41WithStreams()' has a cyclomatic complexity of 6.","Design","CyclomaticComplexity"
"8","org.apache.commons.exec.issues","/Users/grantnelson/go/src/github.com/apache/commons-exec/src/test/java/org/apache/commons/exec/issues/Exec41Test.java","3","54","The method 'testExec41WithStreams()' has an NPath complexity of 7, current threshold is 1","Design","NPathComplexity"
"9","org.apache.commons.exec.issues","/Users/grantnelson/go/src/github.com/apache/commons-exec/src/test/java/org/apache/commons/exec/issues/Exec41Test.java","3","114","The method 'testExec41WithoutStreams()' has a NCSS line count of 18.","Design","NcssCount"
"10","org.apache.commons.exec.issues","/Users/grantnelson/go/src/github.com/apache/commons-exec/src/test/java/org/apache/commons/exec/issues/Exec41Test.java","3","114","The method 'testExec41WithoutStreams()' has a cognitive complexity of 2, current threshold is 1","Design","CognitiveComplexity"
"11","org.apache.commons.exec.issues","/Users/grantnelson/go/src/github.com/apache/commons-exec/src/test/java/org/apache/commons/exec/issues/Exec41Test.java","3","114","The method 'testExec41WithoutStreams()' has a cyclomatic complexity of 3.","Design","CyclomaticComplexity"
"12","org.apache.commons.exec.issues","/Users/grantnelson/go/src/github.com/apache/commons-exec/src/test/java/org/apache/commons/exec/issues/Exec41Test.java","3","114","The method 'testExec41WithoutStreams()' has an NPath complexity of 2, current threshold is 1","Design","NPathComplexity"
"1","org.apache.commons.exec.issues","/Users/grantnelson/go/src/github.com/apache/commons-exec/src/test/java/org/apache/commons/exec/issues/Exec44Test.java","3","38","A value of 5 may denote a high amount of coupling within the class (threshold: 1)","Design","CouplingBetweenObjects"
"2","org.apache.commons.exec.issues","/Users/grantnelson/go/src/github.com/apache/commons-exec/src/test/java/org/apache/commons/exec/issues/Exec44Test.java","3","38","The class 'Exec44Test' has a NCSS line count of 15 (Highest = 11).","Design","NcssCount"
"3","org.apache.commons.exec.issues","/Users/grantnelson/go/src/github.com/apache/commons-exec/src/test/java/org/apache/commons/exec/issues/Exec44Test.java","3","38","The class 'Exec44Test' has a total cyclomatic complexity of 1 (highest 1).","Design","CyclomaticComplexity"
"4","org.apache.commons.exec.issues","/Users/grantnelson/go/src/github.com/apache/commons-exec/src/test/java/org/apache/commons/exec/issues/Exec44Test.java","3","38","This class has 1 public methods and attributes; current threshold is 1.","Design","ExcessivePublicCount"
"5","org.apache.commons.exec.issues","/Users/grantnelson/go/src/github.com/apache/commons-exec/src/test/java/org/apache/commons/exec/issues/Exec44Test.java","3","54","The method 'testExec44()' has a NCSS line count of 11.","Design","NcssCount"
"6","org.apache.commons.exec.issues","/Users/grantnelson/go/src/github.com/apache/commons-exec/src/test/java/org/apache/commons/exec/issues/Exec44Test.java","3","54","The method 'testExec44()' has a cyclomatic complexity of 1.","Design","CyclomaticComplexity"
"7","org.apache.commons.exec.issues","/Users/grantnelson/go/src/github.com/apache/commons-exec/src/test/java/org/apache/commons/exec/issues/Exec44Test.java","3","54","The method 'testExec44()' has an NPath complexity of 1, current threshold is 1","Design","NPathComplexity"
"1","org.apache.commons.exec.issues","/Users/grantnelson/go/src/github.com/apache/commons-exec/src/test/java/org/apache/commons/exec/issues/Exec49Test.java","3","37","A value of 6 may denote a high amount of coupling within the class (threshold: 1)","Design","CouplingBetweenObjects"
"2","org.apache.commons.exec.issues","/Users/grantnelson/go/src/github.com/apache/commons-exec/src/test/java/org/apache/commons/exec/issues/Exec49Test.java","3","37","The class 'Exec49Test' has a NCSS line count of 36 (Highest = 17).","Design","NcssCount"
"3","org.apache.commons.exec.issues","/Users/grantnelson/go/src/github.com/apache/commons-exec/src/test/java/org/apache/commons/exec/issues/Exec49Test.java","3","37","The class 'Exec49Test' has a total cyclomatic complexity of 6 (highest 3).","Design","CyclomaticComplexity"
"4","org.apache.commons.exec.issues","/Users/grantnelson/go/src/github.com/apache/commons-exec/src/test/java/org/apache/commons/exec/issues/Exec49Test.java","3","37","This class has 2 public methods and attributes; current threshold is 1.","Design","ExcessivePublicCount"
"5","org.apache.commons.exec.issues","/Users/grantnelson/go/src/github.com/apache/commons-exec/src/test/java/org/apache/commons/exec/issues/Exec49Test.java","3","50","The method 'testExec49_1()' has a NCSS line count of 17.","Design","NcssCount"
"6","org.apache.commons.exec.issues","/Users/grantnelson/go/src/github.com/apache/commons-exec/src/test/java/org/apache/commons/exec/issues/Exec49Test.java","3","50","The method 'testExec49_1()' has a cognitive complexity of 3, current threshold is 1","Design","CognitiveComplexity"
"7","org.apache.commons.exec.issues","/Users/grantnelson/go/src/github.com/apache/commons-exec/src/test/java/org/apache/commons/exec/issues/Exec49Test.java","3","50","The method 'testExec49_1()' has a cyclomatic complexity of 3.","Design","CyclomaticComplexity"
"8","org.apache.commons.exec.issues","/Users/grantnelson/go/src/github.com/apache/commons-exec/src/test/java/org/apache/commons/exec/issues/Exec49Test.java","3","50","The method 'testExec49_1()' has an NPath complexity of 3, current threshold is 1","Design","NPathComplexity"
"9","org.apache.commons.exec.issues","/Users/grantnelson/go/src/github.com/apache/commons-exec/src/test/java/org/apache/commons/exec/issues/Exec49Test.java","3","90","The method 'testExec49_2()' has a NCSS line count of 17.","Design","NcssCount"
"10","org.apache.commons.exec.issues","/Users/grantnelson/go/src/github.com/apache/commons-exec/src/test/java/org/apache/commons/exec/issues/Exec49Test.java","3","90","The method 'testExec49_2()' has a cognitive complexity of 3, current threshold is 1","Design","CognitiveComplexity"
"11","org.apache.commons.exec.issues","/Users/grantnelson/go/src/github.com/apache/commons-exec/src/test/java/org/apache/commons/exec/issues/Exec49Test.java","3","90","The method 'testExec49_2()' has a cyclomatic complexity of 3.","Design","CyclomaticComplexity"
"12","org.apache.commons.exec.issues","/Users/grantnelson/go/src/github.com/apache/commons-exec/src/test/java/org/apache/commons/exec/issues/Exec49Test.java","3","90","The method 'testExec49_2()' has an NPath complexity of 3, current threshold is 1","Design","NPathComplexity"
"1","org.apache.commons.exec.issues","/Users/grantnelson/go/src/github.com/apache/commons-exec/src/test/java/org/apache/commons/exec/issues/Exec57Test.java","3","36","A value of 3 may denote a high amount of coupling within the class (threshold: 1)","Design","CouplingBetweenObjects"
"2","org.apache.commons.exec.issues","/Users/grantnelson/go/src/github.com/apache/commons-exec/src/test/java/org/apache/commons/exec/issues/Exec57Test.java","3","36","The class 'Exec57Test' has a NCSS line count of 16 (Highest = 9).","Design","NcssCount"
"3","org.apache.commons.exec.issues","/Users/grantnelson/go/src/github.com/apache/commons-exec/src/test/java/org/apache/commons/exec/issues/Exec57Test.java","3","36","The class 'Exec57Test' has a total cyclomatic complexity of 3 (highest 2).","Design","CyclomaticComplexity"
"4","org.apache.commons.exec.issues","/Users/grantnelson/go/src/github.com/apache/commons-exec/src/test/java/org/apache/commons/exec/issues/Exec57Test.java","3","36","This class has 2 public methods and attributes; current threshold is 1.","Design","ExcessivePublicCount"
"5","org.apache.commons.exec.issues","/Users/grantnelson/go/src/github.com/apache/commons-exec/src/test/java/org/apache/commons/exec/issues/Exec57Test.java","3","50","The method 'testExecutionOfBackgroundProcess()' has a NCSS line count of 6.","Design","NcssCount"
"6","org.apache.commons.exec.issues","/Users/grantnelson/go/src/github.com/apache/commons-exec/src/test/java/org/apache/commons/exec/issues/Exec57Test.java","3","50","The method 'testExecutionOfBackgroundProcess()' has a cyclomatic complexity of 1.","Design","CyclomaticComplexity"
"7","org.apache.commons.exec.issues","/Users/grantnelson/go/src/github.com/apache/commons-exec/src/test/java/org/apache/commons/exec/issues/Exec57Test.java","3","50","The method 'testExecutionOfBackgroundProcess()' has an NPath complexity of 1, current threshold is 1","Design","NPathComplexity"
"8","org.apache.commons.exec.issues","/Users/grantnelson/go/src/github.com/apache/commons-exec/src/test/java/org/apache/commons/exec/issues/Exec57Test.java","3","67","The method 'testExecutionOfDetachedProcess()' has a NCSS line count of 9.","Design","NcssCount"
"9","org.apache.commons.exec.issues","/Users/grantnelson/go/src/github.com/apache/commons-exec/src/test/java/org/apache/commons/exec/issues/Exec57Test.java","3","67","The method 'testExecutionOfDetachedProcess()' has a cognitive complexity of 1, current threshold is 1","Design","CognitiveComplexity"
"10","org.apache.commons.exec.issues","/Users/grantnelson/go/src/github.com/apache/commons-exec/src/test/java/org/apache/commons/exec/issues/Exec57Test.java","3","67","The method 'testExecutionOfDetachedProcess()' has a cyclomatic complexity of 2.","Design","CyclomaticComplexity"
"11","org.apache.commons.exec.issues","/Users/grantnelson/go/src/github.com/apache/commons-exec/src/test/java/org/apache/commons/exec/issues/Exec57Test.java","3","67","The method 'testExecutionOfDetachedProcess()' has an NPath complexity of 2, current threshold is 1","Design","NPathComplexity"
"1","org.apache.commons.exec.issues","/Users/grantnelson/go/src/github.com/apache/commons-exec/src/test/java/org/apache/commons/exec/issues/Exec60Test.java","3","38","A value of 4 may denote a high amount of coupling within the class (threshold: 1)","Design","CouplingBetweenObjects"
"2","org.apache.commons.exec.issues","/Users/grantnelson/go/src/github.com/apache/commons-exec/src/test/java/org/apache/commons/exec/issues/Exec60Test.java","3","38","The class 'Exec60Test' has a NCSS line count of 27 (Highest = 24).","Design","NcssCount"
"3","org.apache.commons.exec.issues","/Users/grantnelson/go/src/github.com/apache/commons-exec/src/test/java/org/apache/commons/exec/issues/Exec60Test.java","3","38","The class 'Exec60Test' has a total cyclomatic complexity of 4 (highest 4).","Design","CyclomaticComplexity"
"4","org.apache.commons.exec.issues","/Users/grantnelson/go/src/github.com/apache/commons-exec/src/test/java/org/apache/commons/exec/issues/Exec60Test.java","3","38","This class has 1 public methods and attributes; current threshold is 1.","Design","ExcessivePublicCount"
"5","org.apache.commons.exec.issues","/Users/grantnelson/go/src/github.com/apache/commons-exec/src/test/java/org/apache/commons/exec/issues/Exec60Test.java","3","49","The method 'testExec_60()' has a NCSS line count of 24.","Design","NcssCount"
"6","org.apache.commons.exec.issues","/Users/grantnelson/go/src/github.com/apache/commons-exec/src/test/java/org/apache/commons/exec/issues/Exec60Test.java","3","49","The method 'testExec_60()' has a cognitive complexity of 5, current threshold is 1","Design","CognitiveComplexity"
"7","org.apache.commons.exec.issues","/Users/grantnelson/go/src/github.com/apache/commons-exec/src/test/java/org/apache/commons/exec/issues/Exec60Test.java","3","49","The method 'testExec_60()' has a cyclomatic complexity of 4.","Design","CyclomaticComplexity"
"8","org.apache.commons.exec.issues","/Users/grantnelson/go/src/github.com/apache/commons-exec/src/test/java/org/apache/commons/exec/issues/Exec60Test.java","3","49","The method 'testExec_60()' has an NPath complexity of 3, current threshold is 1","Design","NPathComplexity"
"1","org.apache.commons.exec.issues","/Users/grantnelson/go/src/github.com/apache/commons-exec/src/test/java/org/apache/commons/exec/issues/Exec62Test.java","3","33","A value of 6 may denote a high amount of coupling within the class (threshold: 1)","Design","CouplingBetweenObjects"
"2","org.apache.commons.exec.issues","/Users/grantnelson/go/src/github.com/apache/commons-exec/src/test/java/org/apache/commons/exec/issues/Exec62Test.java","3","33","The class 'Exec62Test' has a NCSS line count of 23 (Highest = 14).","Design","NcssCount"
"3","org.apache.commons.exec.issues","/Users/grantnelson/go/src/github.com/apache/commons-exec/src/test/java/org/apache/commons/exec/issues/Exec62Test.java","3","33","The class 'Exec62Test' has a total cyclomatic complexity of 7 (highest 3).","Design","CyclomaticComplexity"
"4","org.apache.commons.exec.issues","/Users/grantnelson/go/src/github.com/apache/commons-exec/src/test/java/org/apache/commons/exec/issues/Exec62Test.java","3","33","This class has 3 public methods and attributes; current threshold is 1.","Design","ExcessivePublicCount"
"5","org.apache.commons.exec.issues","/Users/grantnelson/go/src/github.com/apache/commons-exec/src/test/java/org/apache/commons/exec/issues/Exec62Test.java","3","38","The method 'setUp()' has a NCSS line count of 2.","Design","NcssCount"
"6","org.apache.commons.exec.issues","/Users/grantnelson/go/src/github.com/apache/commons-exec/src/test/java/org/apache/commons/exec/issues/Exec62Test.java","3","38","The method 'setUp()' has a cyclomatic complexity of 1.","Design","CyclomaticComplexity"
"7","org.apache.commons.exec.issues","/Users/grantnelson/go/src/github.com/apache/commons-exec/src/test/java/org/apache/commons/exec/issues/Exec62Test.java","3","38","The method 'setUp()' has an NPath complexity of 1, current threshold is 1","Design","NPathComplexity"
"8","org.apache.commons.exec.issues","/Users/grantnelson/go/src/github.com/apache/commons-exec/src/test/java/org/apache/commons/exec/issues/Exec62Test.java","3","43","The method 'tearDown()' has a NCSS line count of 2.","Design","NcssCount"
"9","org.apache.commons.exec.issues","/Users/grantnelson/go/src/github.com/apache/commons-exec/src/test/java/org/apache/commons/exec/issues/Exec62Test.java","3","43","The method 'tearDown()' has a cyclomatic complexity of 1.","Design","CyclomaticComplexity"
"10","org.apache.commons.exec.issues","/Users/grantnelson/go/src/github.com/apache/commons-exec/src/test/java/org/apache/commons/exec/issues/Exec62Test.java","3","43","The method 'tearDown()' has an NPath complexity of 1, current threshold is 1","Design","NPathComplexity"
"11","org.apache.commons.exec.issues","/Users/grantnelson/go/src/github.com/apache/commons-exec/src/test/java/org/apache/commons/exec/issues/Exec62Test.java","3","49","The method 'testMe()' has a NCSS line count of 3.","Design","NcssCount"
"12","org.apache.commons.exec.issues","/Users/grantnelson/go/src/github.com/apache/commons-exec/src/test/java/org/apache/commons/exec/issues/Exec62Test.java","3","49","The method 'testMe()' has a cognitive complexity of 1, current threshold is 1","Design","CognitiveComplexity"
"13","org.apache.commons.exec.issues","/Users/grantnelson/go/src/github.com/apache/commons-exec/src/test/java/org/apache/commons/exec/issues/Exec62Test.java","3","49","The method 'testMe()' has a cyclomatic complexity of 2.","Design","CyclomaticComplexity"
"14","org.apache.commons.exec.issues","/Users/grantnelson/go/src/github.com/apache/commons-exec/src/test/java/org/apache/commons/exec/issues/Exec62Test.java","3","49","The method 'testMe()' has an NPath complexity of 2, current threshold is 1","Design","NPathComplexity"
"15","org.apache.commons.exec.issues","/Users/grantnelson/go/src/github.com/apache/commons-exec/src/test/java/org/apache/commons/exec/issues/Exec62Test.java","3","55","The method 'execute(String)' has a NCSS line count of 14.","Design","NcssCount"
"16","org.apache.commons.exec.issues","/Users/grantnelson/go/src/github.com/apache/commons-exec/src/test/java/org/apache/commons/exec/issues/Exec62Test.java","3","55","The method 'execute(String)' has a cognitive complexity of 1, current threshold is 1","Design","CognitiveComplexity"
"17","org.apache.commons.exec.issues","/Users/grantnelson/go/src/github.com/apache/commons-exec/src/test/java/org/apache/commons/exec/issues/Exec62Test.java","3","55","The method 'execute(String)' has a cyclomatic complexity of 3.","Design","CyclomaticComplexity"
"18","org.apache.commons.exec.issues","/Users/grantnelson/go/src/github.com/apache/commons-exec/src/test/java/org/apache/commons/exec/issues/Exec62Test.java","3","55","The method 'execute(String)' has an NPath complexity of 2, current threshold is 1","Design","NPathComplexity"
"19","org.apache.commons.exec.issues","/Users/grantnelson/go/src/github.com/apache/commons-exec/src/test/java/org/apache/commons/exec/issues/Exec62Test.java","3","55","Avoid long parameter lists (1 parameters - threshold is 1).","Design","ExcessiveParameterList"
"1","org.apache.commons.exec.issues","/Users/grantnelson/go/src/github.com/apache/commons-exec/src/test/java/org/apache/commons/exec/issues/Exec65Test.java","3","39","A value of 3 may denote a high amount of coupling within the class (threshold: 1)","Design","CouplingBetweenObjects"
"2","org.apache.commons.exec.issues","/Users/grantnelson/go/src/github.com/apache/commons-exec/src/test/java/org/apache/commons/exec/issues/Exec65Test.java","3","39","The class 'Exec65Test' has a NCSS line count of 37 (Highest = 11).","Design","NcssCount"
"3","org.apache.commons.exec.issues","/Users/grantnelson/go/src/github.com/apache/commons-exec/src/test/java/org/apache/commons/exec/issues/Exec65Test.java","3","39","The class 'Exec65Test' has a total cyclomatic complexity of 10 (highest 3).","Design","CyclomaticComplexity"
"4","org.apache.commons.exec.issues","/Users/grantnelson/go/src/github.com/apache/commons-exec/src/test/java/org/apache/commons/exec/issues/Exec65Test.java","3","39","This class has 4 public methods and attributes; current threshold is 1.","Design","ExcessivePublicCount"
"5","org.apache.commons.exec.issues","/Users/grantnelson/go/src/github.com/apache/commons-exec/src/test/java/org/apache/commons/exec/issues/Exec65Test.java","3","42","The method 'testExec65WitSleepUsingSleepCommandDirectly()' has a NCSS line count of 11.","Design","NcssCount"
"6","org.apache.commons.exec.issues","/Users/grantnelson/go/src/github.com/apache/commons-exec/src/test/java/org/apache/commons/exec/issues/Exec65Test.java","3","42","The method 'testExec65WitSleepUsingSleepCommandDirectly()' has a cognitive complexity of 2, current threshold is 1","Design","CognitiveComplexity"
"7","org.apache.commons.exec.issues","/Users/grantnelson/go/src/github.com/apache/commons-exec/src/test/java/org/apache/commons/exec/issues/Exec65Test.java","3","42","The method 'testExec65WitSleepUsingSleepCommandDirectly()' has a cyclomatic complexity of 3.","Design","CyclomaticComplexity"
"8","org.apache.commons.exec.issues","/Users/grantnelson/go/src/github.com/apache/commons-exec/src/test/java/org/apache/commons/exec/issues/Exec65Test.java","3","42","The method 'testExec65WitSleepUsingSleepCommandDirectly()' has an NPath complexity of 2, current threshold is 1","Design","NPathComplexity"
"9","org.apache.commons.exec.issues","/Users/grantnelson/go/src/github.com/apache/commons-exec/src/test/java/org/apache/commons/exec/issues/Exec65Test.java","3","68","The method 'testExec65WithSleepUsingShellScript()' has a NCSS line count of 9.","Design","NcssCount"
"10","org.apache.commons.exec.issues","/Users/grantnelson/go/src/github.com/apache/commons-exec/src/test/java/org/apache/commons/exec/issues/Exec65Test.java","3","68","The method 'testExec65WithSleepUsingShellScript()' has a cognitive complexity of 2, current threshold is 1","Design","CognitiveComplexity"
"11","org.apache.commons.exec.issues","/Users/grantnelson/go/src/github.com/apache/commons-exec/src/test/java/org/apache/commons/exec/issues/Exec65Test.java","3","68","The method 'testExec65WithSleepUsingShellScript()' has a cyclomatic complexity of 3.","Design","CyclomaticComplexity"
"12","org.apache.commons.exec.issues","/Users/grantnelson/go/src/github.com/apache/commons-exec/src/test/java/org/apache/commons/exec/issues/Exec65Test.java","3","68","The method 'testExec65WithSleepUsingShellScript()' has an NPath complexity of 2, current threshold is 1","Design","NPathComplexity"
"13","org.apache.commons.exec.issues","/Users/grantnelson/go/src/github.com/apache/commons-exec/src/test/java/org/apache/commons/exec/issues/Exec65Test.java","3","88","The method 'testExec65WithSleepUsingShellScriptAndJDKOnly()' has a NCSS line count of 6.","Design","NcssCount"
"14","org.apache.commons.exec.issues","/Users/grantnelson/go/src/github.com/apache/commons-exec/src/test/java/org/apache/commons/exec/issues/Exec65Test.java","3","88","The method 'testExec65WithSleepUsingShellScriptAndJDKOnly()' has a cyclomatic complexity of 1.","Design","CyclomaticComplexity"
"15","org.apache.commons.exec.issues","/Users/grantnelson/go/src/github.com/apache/commons-exec/src/test/java/org/apache/commons/exec/issues/Exec65Test.java","3","88","The method 'testExec65WithSleepUsingShellScriptAndJDKOnly()' has an NPath complexity of 1, current threshold is 1","Design","NPathComplexity"
"16","org.apache.commons.exec.issues","/Users/grantnelson/go/src/github.com/apache/commons-exec/src/test/java/org/apache/commons/exec/issues/Exec65Test.java","3","106","The method 'testExec65WithSudoUsingShellScript()' has a NCSS line count of 10.","Design","NcssCount"
"17","org.apache.commons.exec.issues","/Users/grantnelson/go/src/github.com/apache/commons-exec/src/test/java/org/apache/commons/exec/issues/Exec65Test.java","3","106","The method 'testExec65WithSudoUsingShellScript()' has a cognitive complexity of 2, current threshold is 1","Design","CognitiveComplexity"
"18","org.apache.commons.exec.issues","/Users/grantnelson/go/src/github.com/apache/commons-exec/src/test/java/org/apache/commons/exec/issues/Exec65Test.java","3","106","The method 'testExec65WithSudoUsingShellScript()' has a cyclomatic complexity of 3.","Design","CyclomaticComplexity"
"19","org.apache.commons.exec.issues","/Users/grantnelson/go/src/github.com/apache/commons-exec/src/test/java/org/apache/commons/exec/issues/Exec65Test.java","3","106","The method 'testExec65WithSudoUsingShellScript()' has an NPath complexity of 2, current threshold is 1","Design","NPathComplexity"
"1","org.apache.commons.exec.util","/Users/grantnelson/go/src/github.com/apache/commons-exec/src/test/java/org/apache/commons/exec/util/MapUtilTest.java","3","33","A value of 2 may denote a high amount of coupling within the class (threshold: 1)","Design","CouplingBetweenObjects"
"2","org.apache.commons.exec.util","/Users/grantnelson/go/src/github.com/apache/commons-exec/src/test/java/org/apache/commons/exec/util/MapUtilTest.java","3","33","The class 'MapUtilTest' has a NCSS line count of 24 (Highest = 10).","Design","NcssCount"
"3","org.apache.commons.exec.util","/Users/grantnelson/go/src/github.com/apache/commons-exec/src/test/java/org/apache/commons/exec/util/MapUtilTest.java","3","33","The class 'MapUtilTest' has a total cyclomatic complexity of 3 (highest 1).","Design","CyclomaticComplexity"
"4","org.apache.commons.exec.util","/Users/grantnelson/go/src/github.com/apache/commons-exec/src/test/java/org/apache/commons/exec/util/MapUtilTest.java","3","33","This class has 3 public methods and attributes; current threshold is 1.","Design","ExcessivePublicCount"
"5","org.apache.commons.exec.util","/Users/grantnelson/go/src/github.com/apache/commons-exec/src/test/java/org/apache/commons/exec/util/MapUtilTest.java","3","38","The method 'testCopyMap()' has a NCSS line count of 10.","Design","NcssCount"
"6","org.apache.commons.exec.util","/Users/grantnelson/go/src/github.com/apache/commons-exec/src/test/java/org/apache/commons/exec/util/MapUtilTest.java","3","38","The method 'testCopyMap()' has a cyclomatic complexity of 1.","Design","CyclomaticComplexity"
"7","org.apache.commons.exec.util","/Users/grantnelson/go/src/github.com/apache/commons-exec/src/test/java/org/apache/commons/exec/util/MapUtilTest.java","3","38","The method 'testCopyMap()' has an NPath complexity of 1, current threshold is 1","Design","NPathComplexity"
"8","org.apache.commons.exec.util","/Users/grantnelson/go/src/github.com/apache/commons-exec/src/test/java/org/apache/commons/exec/util/MapUtilTest.java","3","57","The method 'testMergeMap()' has a NCSS line count of 7.","Design","NcssCount"
"9","org.apache.commons.exec.util","/Users/grantnelson/go/src/github.com/apache/commons-exec/src/test/java/org/apache/commons/exec/util/MapUtilTest.java","3","57","The method 'testMergeMap()' has a cyclomatic complexity of 1.","Design","CyclomaticComplexity"
"10","org.apache.commons.exec.util","/Users/grantnelson/go/src/github.com/apache/commons-exec/src/test/java/org/apache/commons/exec/util/MapUtilTest.java","3","57","The method 'testMergeMap()' has an NPath complexity of 1, current threshold is 1","Design","NPathComplexity"
"11","org.apache.commons.exec.util","/Users/grantnelson/go/src/github.com/apache/commons-exec/src/test/java/org/apache/commons/exec/util/MapUtilTest.java","3","72","The method 'testPrefixMap()' has a NCSS line count of 6.","Design","NcssCount"
"12","org.apache.commons.exec.util","/Users/grantnelson/go/src/github.com/apache/commons-exec/src/test/java/org/apache/commons/exec/util/MapUtilTest.java","3","72","The method 'testPrefixMap()' has a cyclomatic complexity of 1.","Design","CyclomaticComplexity"
"13","org.apache.commons.exec.util","/Users/grantnelson/go/src/github.com/apache/commons-exec/src/test/java/org/apache/commons/exec/util/MapUtilTest.java","3","72","The method 'testPrefixMap()' has an NPath complexity of 1, current threshold is 1","Design","NPathComplexity"
"1","org.apache.commons.exec.util","/Users/grantnelson/go/src/github.com/apache/commons-exec/src/test/java/org/apache/commons/exec/util/StringUtilTest.java","3","32","The class 'StringUtilTest' has a NCSS line count of 23 (Highest = 7).","Design","NcssCount"
"2","org.apache.commons.exec.util","/Users/grantnelson/go/src/github.com/apache/commons-exec/src/test/java/org/apache/commons/exec/util/StringUtilTest.java","3","32","The class 'StringUtilTest' has a total cyclomatic complexity of 5 (highest 2).","Design","CyclomaticComplexity"
"3","org.apache.commons.exec.util","/Users/grantnelson/go/src/github.com/apache/commons-exec/src/test/java/org/apache/commons/exec/util/StringUtilTest.java","3","32","This class has 4 public methods and attributes; current threshold is 1.","Design","ExcessivePublicCount"
"4","org.apache.commons.exec.util","/Users/grantnelson/go/src/github.com/apache/commons-exec/src/test/java/org/apache/commons/exec/util/StringUtilTest.java","3","37","The method 'testNoStringSubstitution()' has a NCSS line count of 5.","Design","NcssCount"
"5","org.apache.commons.exec.util","/Users/grantnelson/go/src/github.com/apache/commons-exec/src/test/java/org/apache/commons/exec/util/StringUtilTest.java","3","37","The method 'testNoStringSubstitution()' has a cyclomatic complexity of 1.","Design","CyclomaticComplexity"
"6","org.apache.commons.exec.util","/Users/grantnelson/go/src/github.com/apache/commons-exec/src/test/java/org/apache/commons/exec/util/StringUtilTest.java","3","37","The method 'testNoStringSubstitution()' has an NPath complexity of 1, current threshold is 1","Design","NPathComplexity"
"7","org.apache.commons.exec.util","/Users/grantnelson/go/src/github.com/apache/commons-exec/src/test/java/org/apache/commons/exec/util/StringUtilTest.java","3","51","The method 'testDefaultStringSubstitution()' has a NCSS line count of 6.","Design","NcssCount"
"8","org.apache.commons.exec.util","/Users/grantnelson/go/src/github.com/apache/commons-exec/src/test/java/org/apache/commons/exec/util/StringUtilTest.java","3","51","The method 'testDefaultStringSubstitution()' has a cyclomatic complexity of 1.","Design","CyclomaticComplexity"
"9","org.apache.commons.exec.util","/Users/grantnelson/go/src/github.com/apache/commons-exec/src/test/java/org/apache/commons/exec/util/StringUtilTest.java","3","51","The method 'testDefaultStringSubstitution()' has an NPath complexity of 1, current threshold is 1","Design","NPathComplexity"
"10","org.apache.commons.exec.util","/Users/grantnelson/go/src/github.com/apache/commons-exec/src/test/java/org/apache/commons/exec/util/StringUtilTest.java","3","66","The method 'testIncompleteSubstitution()' has a NCSS line count of 7.","Design","NcssCount"
"11","org.apache.commons.exec.util","/Users/grantnelson/go/src/github.com/apache/commons-exec/src/test/java/org/apache/commons/exec/util/StringUtilTest.java","3","66","The method 'testIncompleteSubstitution()' has a cognitive complexity of 1, current threshold is 1","Design","CognitiveComplexity"
"12","org.apache.commons.exec.util","/Users/grantnelson/go/src/github.com/apache/commons-exec/src/test/java/org/apache/commons/exec/util/StringUtilTest.java","3","66","The method 'testIncompleteSubstitution()' has a cyclomatic complexity of 2.","Design","CyclomaticComplexity"
"13","org.apache.commons.exec.util","/Users/grantnelson/go/src/github.com/apache/commons-exec/src/test/java/org/apache/commons/exec/util/StringUtilTest.java","3","66","The method 'testIncompleteSubstitution()' has an NPath complexity of 1, current threshold is 1","Design","NPathComplexity"
"14","org.apache.commons.exec.util","/Users/grantnelson/go/src/github.com/apache/commons-exec/src/test/java/org/apache/commons/exec/util/StringUtilTest.java","3","88","The method 'testErroneousTemplate()' has a NCSS line count of 4.","Design","NcssCount"
"15","org.apache.commons.exec.util","/Users/grantnelson/go/src/github.com/apache/commons-exec/src/test/java/org/apache/commons/exec/util/StringUtilTest.java","3","88","The method 'testErroneousTemplate()' has a cyclomatic complexity of 1.","Design","CyclomaticComplexity"
"16","org.apache.commons.exec.util","/Users/grantnelson/go/src/github.com/apache/commons-exec/src/test/java/org/apache/commons/exec/util/StringUtilTest.java","3","88","The method 'testErroneousTemplate()' has an NPath complexity of 1, current threshold is 1","Design","NPathComplexity"
