"Problem","Package","File","Priority","Line","Description","Rule set","Rule"
"1","org.apache.commons.daemon","/Users/grantnelson/go/src/github.com/apache/commons-daemon/src/main/java/org/apache/commons/daemon/Daemon.java","3","32","The interface 'Daemon' has a NCSS line count of 5 (Highest = 1).","Design","NcssCount"
"2","org.apache.commons.daemon","/Users/grantnelson/go/src/github.com/apache/commons-daemon/src/main/java/org/apache/commons/daemon/Daemon.java","3","32","This class has 4 public methods and attributes; current threshold is 1.","Design","ExcessivePublicCount"
"3","org.apache.commons.daemon","/Users/grantnelson/go/src/github.com/apache/commons-daemon/src/main/java/org/apache/commons/daemon/Daemon.java","3","70","The method 'init(DaemonContext)' has a NCSS line count of 1.","Design","NcssCount"
"4","org.apache.commons.daemon","/Users/grantnelson/go/src/github.com/apache/commons-daemon/src/main/java/org/apache/commons/daemon/Daemon.java","3","70","The method 'init(DaemonContext)' has a cyclomatic complexity of 1.","Design","CyclomaticComplexity"
"5","org.apache.commons.daemon","/Users/grantnelson/go/src/github.com/apache/commons-daemon/src/main/java/org/apache/commons/daemon/Daemon.java","3","70","The method 'init(DaemonContext)' has an NPath complexity of 1, current threshold is 1","Design","NPathComplexity"
"6","org.apache.commons.daemon","/Users/grantnelson/go/src/github.com/apache/commons-daemon/src/main/java/org/apache/commons/daemon/Daemon.java","3","70","Avoid long parameter lists (1 parameters - threshold is 1).","Design","ExcessiveParameterList"
"7","org.apache.commons.daemon","/Users/grantnelson/go/src/github.com/apache/commons-daemon/src/main/java/org/apache/commons/daemon/Daemon.java","3","84","The method 'start()' has a NCSS line count of 1.","Design","NcssCount"
"8","org.apache.commons.daemon","/Users/grantnelson/go/src/github.com/apache/commons-daemon/src/main/java/org/apache/commons/daemon/Daemon.java","3","84","The method 'start()' has a cyclomatic complexity of 1.","Design","CyclomaticComplexity"
"9","org.apache.commons.daemon","/Users/grantnelson/go/src/github.com/apache/commons-daemon/src/main/java/org/apache/commons/daemon/Daemon.java","3","84","The method 'start()' has an NPath complexity of 1, current threshold is 1","Design","NPathComplexity"
"10","org.apache.commons.daemon","/Users/grantnelson/go/src/github.com/apache/commons-daemon/src/main/java/org/apache/commons/daemon/Daemon.java","3","96","The method 'stop()' has a NCSS line count of 1.","Design","NcssCount"
"11","org.apache.commons.daemon","/Users/grantnelson/go/src/github.com/apache/commons-daemon/src/main/java/org/apache/commons/daemon/Daemon.java","3","96","The method 'stop()' has a cyclomatic complexity of 1.","Design","CyclomaticComplexity"
"12","org.apache.commons.daemon","/Users/grantnelson/go/src/github.com/apache/commons-daemon/src/main/java/org/apache/commons/daemon/Daemon.java","3","96","The method 'stop()' has an NPath complexity of 1, current threshold is 1","Design","NPathComplexity"
"13","org.apache.commons.daemon","/Users/grantnelson/go/src/github.com/apache/commons-daemon/src/main/java/org/apache/commons/daemon/Daemon.java","3","106","The method 'destroy()' has a NCSS line count of 1.","Design","NcssCount"
"14","org.apache.commons.daemon","/Users/grantnelson/go/src/github.com/apache/commons-daemon/src/main/java/org/apache/commons/daemon/Daemon.java","3","106","The method 'destroy()' has a cyclomatic complexity of 1.","Design","CyclomaticComplexity"
"15","org.apache.commons.daemon","/Users/grantnelson/go/src/github.com/apache/commons-daemon/src/main/java/org/apache/commons/daemon/Daemon.java","3","106","The method 'destroy()' has an NPath complexity of 1, current threshold is 1","Design","NPathComplexity"
"1","org.apache.commons.daemon","/Users/grantnelson/go/src/github.com/apache/commons-daemon/src/main/java/org/apache/commons/daemon/DaemonContext.java","3","25","The interface 'DaemonContext' has a NCSS line count of 3 (Highest = 1).","Design","NcssCount"
"2","org.apache.commons.daemon","/Users/grantnelson/go/src/github.com/apache/commons-daemon/src/main/java/org/apache/commons/daemon/DaemonContext.java","3","25","This class has 2 public methods and attributes; current threshold is 1.","Design","ExcessivePublicCount"
"3","org.apache.commons.daemon","/Users/grantnelson/go/src/github.com/apache/commons-daemon/src/main/java/org/apache/commons/daemon/DaemonContext.java","3","33","The method 'getController()' has a NCSS line count of 1.","Design","NcssCount"
"4","org.apache.commons.daemon","/Users/grantnelson/go/src/github.com/apache/commons-daemon/src/main/java/org/apache/commons/daemon/DaemonContext.java","3","33","The method 'getController()' has a cyclomatic complexity of 1.","Design","CyclomaticComplexity"
"5","org.apache.commons.daemon","/Users/grantnelson/go/src/github.com/apache/commons-daemon/src/main/java/org/apache/commons/daemon/DaemonContext.java","3","33","The method 'getController()' has an NPath complexity of 1, current threshold is 1","Design","NPathComplexity"
"6","org.apache.commons.daemon","/Users/grantnelson/go/src/github.com/apache/commons-daemon/src/main/java/org/apache/commons/daemon/DaemonContext.java","3","41","The method 'getArguments()' has a NCSS line count of 1.","Design","NcssCount"
"7","org.apache.commons.daemon","/Users/grantnelson/go/src/github.com/apache/commons-daemon/src/main/java/org/apache/commons/daemon/DaemonContext.java","3","41","The method 'getArguments()' has a cyclomatic complexity of 1.","Design","CyclomaticComplexity"
"8","org.apache.commons.daemon","/Users/grantnelson/go/src/github.com/apache/commons-daemon/src/main/java/org/apache/commons/daemon/DaemonContext.java","3","41","The method 'getArguments()' has an NPath complexity of 1, current threshold is 1","Design","NPathComplexity"
"1","org.apache.commons.daemon","/Users/grantnelson/go/src/github.com/apache/commons-daemon/src/main/java/org/apache/commons/daemon/DaemonController.java","3","24","The interface 'DaemonController' has a NCSS line count of 7 (Highest = 1).","Design","NcssCount"
"2","org.apache.commons.daemon","/Users/grantnelson/go/src/github.com/apache/commons-daemon/src/main/java/org/apache/commons/daemon/DaemonController.java","3","24","This class has 6 public methods and attributes; current threshold is 1.","Design","ExcessivePublicCount"
"3","org.apache.commons.daemon","/Users/grantnelson/go/src/github.com/apache/commons-daemon/src/main/java/org/apache/commons/daemon/DaemonController.java","3","33","The method 'shutdown()' has a NCSS line count of 1.","Design","NcssCount"
"4","org.apache.commons.daemon","/Users/grantnelson/go/src/github.com/apache/commons-daemon/src/main/java/org/apache/commons/daemon/DaemonController.java","3","33","The method 'shutdown()' has a cyclomatic complexity of 1.","Design","CyclomaticComplexity"
"5","org.apache.commons.daemon","/Users/grantnelson/go/src/github.com/apache/commons-daemon/src/main/java/org/apache/commons/daemon/DaemonController.java","3","33","The method 'shutdown()' has an NPath complexity of 1, current threshold is 1","Design","NPathComplexity"
"6","org.apache.commons.daemon","/Users/grantnelson/go/src/github.com/apache/commons-daemon/src/main/java/org/apache/commons/daemon/DaemonController.java","3","42","The method 'reload()' has a NCSS line count of 1.","Design","NcssCount"
"7","org.apache.commons.daemon","/Users/grantnelson/go/src/github.com/apache/commons-daemon/src/main/java/org/apache/commons/daemon/DaemonController.java","3","42","The method 'reload()' has a cyclomatic complexity of 1.","Design","CyclomaticComplexity"
"8","org.apache.commons.daemon","/Users/grantnelson/go/src/github.com/apache/commons-daemon/src/main/java/org/apache/commons/daemon/DaemonController.java","3","42","The method 'reload()' has an NPath complexity of 1, current threshold is 1","Design","NPathComplexity"
"9","org.apache.commons.daemon","/Users/grantnelson/go/src/github.com/apache/commons-daemon/src/main/java/org/apache/commons/daemon/DaemonController.java","3","51","The method 'fail()' has a NCSS line count of 1.","Design","NcssCount"
"10","org.apache.commons.daemon","/Users/grantnelson/go/src/github.com/apache/commons-daemon/src/main/java/org/apache/commons/daemon/DaemonController.java","3","51","The method 'fail()' has a cyclomatic complexity of 1.","Design","CyclomaticComplexity"
"11","org.apache.commons.daemon","/Users/grantnelson/go/src/github.com/apache/commons-daemon/src/main/java/org/apache/commons/daemon/DaemonController.java","3","51","The method 'fail()' has an NPath complexity of 1, current threshold is 1","Design","NPathComplexity"
"12","org.apache.commons.daemon","/Users/grantnelson/go/src/github.com/apache/commons-daemon/src/main/java/org/apache/commons/daemon/DaemonController.java","3","62","The method 'fail(String)' has a NCSS line count of 1.","Design","NcssCount"
"13","org.apache.commons.daemon","/Users/grantnelson/go/src/github.com/apache/commons-daemon/src/main/java/org/apache/commons/daemon/DaemonController.java","3","62","The method 'fail(String)' has a cyclomatic complexity of 1.","Design","CyclomaticComplexity"
"14","org.apache.commons.daemon","/Users/grantnelson/go/src/github.com/apache/commons-daemon/src/main/java/org/apache/commons/daemon/DaemonController.java","3","62","The method 'fail(String)' has an NPath complexity of 1, current threshold is 1","Design","NPathComplexity"
"15","org.apache.commons.daemon","/Users/grantnelson/go/src/github.com/apache/commons-daemon/src/main/java/org/apache/commons/daemon/DaemonController.java","3","62","Avoid long parameter lists (1 parameters - threshold is 1).","Design","ExcessiveParameterList"
"16","org.apache.commons.daemon","/Users/grantnelson/go/src/github.com/apache/commons-daemon/src/main/java/org/apache/commons/daemon/DaemonController.java","3","73","The method 'fail(Exception)' has a NCSS line count of 1.","Design","NcssCount"
"17","org.apache.commons.daemon","/Users/grantnelson/go/src/github.com/apache/commons-daemon/src/main/java/org/apache/commons/daemon/DaemonController.java","3","73","The method 'fail(Exception)' has a cyclomatic complexity of 1.","Design","CyclomaticComplexity"
"18","org.apache.commons.daemon","/Users/grantnelson/go/src/github.com/apache/commons-daemon/src/main/java/org/apache/commons/daemon/DaemonController.java","3","73","The method 'fail(Exception)' has an NPath complexity of 1, current threshold is 1","Design","NPathComplexity"
"19","org.apache.commons.daemon","/Users/grantnelson/go/src/github.com/apache/commons-daemon/src/main/java/org/apache/commons/daemon/DaemonController.java","3","73","Avoid long parameter lists (1 parameters - threshold is 1).","Design","ExcessiveParameterList"
"20","org.apache.commons.daemon","/Users/grantnelson/go/src/github.com/apache/commons-daemon/src/main/java/org/apache/commons/daemon/DaemonController.java","3","85","The method 'fail(String, Exception)' has a NCSS line count of 1.","Design","NcssCount"
"21","org.apache.commons.daemon","/Users/grantnelson/go/src/github.com/apache/commons-daemon/src/main/java/org/apache/commons/daemon/DaemonController.java","3","85","The method 'fail(String, Exception)' has a cyclomatic complexity of 1.","Design","CyclomaticComplexity"
"22","org.apache.commons.daemon","/Users/grantnelson/go/src/github.com/apache/commons-daemon/src/main/java/org/apache/commons/daemon/DaemonController.java","3","85","The method 'fail(String, Exception)' has an NPath complexity of 1, current threshold is 1","Design","NPathComplexity"
"23","org.apache.commons.daemon","/Users/grantnelson/go/src/github.com/apache/commons-daemon/src/main/java/org/apache/commons/daemon/DaemonController.java","3","85","Avoid long parameter lists (2 parameters - threshold is 1).","Design","ExcessiveParameterList"
"1","org.apache.commons.daemon","/Users/grantnelson/go/src/github.com/apache/commons-daemon/src/main/java/org/apache/commons/daemon/DaemonInitException.java","3","24","The class 'DaemonInitException' has a NCSS line count of 12 (Highest = 3).","Design","NcssCount"
"2","org.apache.commons.daemon","/Users/grantnelson/go/src/github.com/apache/commons-daemon/src/main/java/org/apache/commons/daemon/DaemonInitException.java","3","24","The class 'DaemonInitException' has a total cyclomatic complexity of 4 (highest 2).","Design","CyclomaticComplexity"
"3","org.apache.commons.daemon","/Users/grantnelson/go/src/github.com/apache/commons-daemon/src/main/java/org/apache/commons/daemon/DaemonInitException.java","3","24","This class has 3 public methods and attributes; current threshold is 1.","Design","ExcessivePublicCount"
"4","org.apache.commons.daemon","/Users/grantnelson/go/src/github.com/apache/commons-daemon/src/main/java/org/apache/commons/daemon/DaemonInitException.java","3","31","The constructor 'DaemonInitException(String)' has a NCSS line count of 3.","Design","NcssCount"
"5","org.apache.commons.daemon","/Users/grantnelson/go/src/github.com/apache/commons-daemon/src/main/java/org/apache/commons/daemon/DaemonInitException.java","3","31","The constructor 'DaemonInitException(String)' has a cyclomatic complexity of 1.","Design","CyclomaticComplexity"
"6","org.apache.commons.daemon","/Users/grantnelson/go/src/github.com/apache/commons-daemon/src/main/java/org/apache/commons/daemon/DaemonInitException.java","3","31","The constructor 'DaemonInitException(String)' has an NPath complexity of 1, current threshold is 1","Design","NPathComplexity"
"7","org.apache.commons.daemon","/Users/grantnelson/go/src/github.com/apache/commons-daemon/src/main/java/org/apache/commons/daemon/DaemonInitException.java","3","31","Avoid long parameter lists (1 parameters - threshold is 1).","Design","ExcessiveParameterList"
"8","org.apache.commons.daemon","/Users/grantnelson/go/src/github.com/apache/commons-daemon/src/main/java/org/apache/commons/daemon/DaemonInitException.java","3","36","The constructor 'DaemonInitException(String, Throwable)' has a NCSS line count of 3.","Design","NcssCount"
"9","org.apache.commons.daemon","/Users/grantnelson/go/src/github.com/apache/commons-daemon/src/main/java/org/apache/commons/daemon/DaemonInitException.java","3","36","The constructor 'DaemonInitException(String, Throwable)' has a cyclomatic complexity of 1.","Design","CyclomaticComplexity"
"10","org.apache.commons.daemon","/Users/grantnelson/go/src/github.com/apache/commons-daemon/src/main/java/org/apache/commons/daemon/DaemonInitException.java","3","36","The constructor 'DaemonInitException(String, Throwable)' has an NPath complexity of 1, current threshold is 1","Design","NPathComplexity"
"11","org.apache.commons.daemon","/Users/grantnelson/go/src/github.com/apache/commons-daemon/src/main/java/org/apache/commons/daemon/DaemonInitException.java","3","36","Avoid long parameter lists (2 parameters - threshold is 1).","Design","ExcessiveParameterList"
"12","org.apache.commons.daemon","/Users/grantnelson/go/src/github.com/apache/commons-daemon/src/main/java/org/apache/commons/daemon/DaemonInitException.java","3","41","The method 'getMessageWithCause()' has a NCSS line count of 3.","Design","NcssCount"
"13","org.apache.commons.daemon","/Users/grantnelson/go/src/github.com/apache/commons-daemon/src/main/java/org/apache/commons/daemon/DaemonInitException.java","3","41","The method 'getMessageWithCause()' has a cognitive complexity of 1, current threshold is 1","Design","CognitiveComplexity"
"14","org.apache.commons.daemon","/Users/grantnelson/go/src/github.com/apache/commons-daemon/src/main/java/org/apache/commons/daemon/DaemonInitException.java","3","41","The method 'getMessageWithCause()' has a cyclomatic complexity of 2.","Design","CyclomaticComplexity"
"15","org.apache.commons.daemon","/Users/grantnelson/go/src/github.com/apache/commons-daemon/src/main/java/org/apache/commons/daemon/DaemonInitException.java","3","41","The method 'getMessageWithCause()' has an NPath complexity of 2, current threshold is 1","Design","NPathComplexity"
"1","org.apache.commons.daemon","/Users/grantnelson/go/src/github.com/apache/commons-daemon/src/main/java/org/apache/commons/daemon/DaemonListener.java","3","25","The interface 'DaemonListener' has a NCSS line count of 1 (Highest = -2147483648).","Design","NcssCount"
"1","org.apache.commons.daemon","/Users/grantnelson/go/src/github.com/apache/commons-daemon/src/main/java/org/apache/commons/daemon/DaemonPermission.java","3","84","A value of 2 may denote a high amount of coupling within the class (threshold: 1)","Design","CouplingBetweenObjects"
"2","org.apache.commons.daemon","/Users/grantnelson/go/src/github.com/apache/commons-daemon/src/main/java/org/apache/commons/daemon/DaemonPermission.java","3","84","The class 'DaemonPermission' has a NCSS line count of 123 (Highest = 25).","Design","NcssCount"
"3","org.apache.commons.daemon","/Users/grantnelson/go/src/github.com/apache/commons-daemon/src/main/java/org/apache/commons/daemon/DaemonPermission.java","3","84","The class 'DaemonPermission' has a total cyclomatic complexity of 39 (highest 9).","Design","CyclomaticComplexity"
"4","org.apache.commons.daemon","/Users/grantnelson/go/src/github.com/apache/commons-daemon/src/main/java/org/apache/commons/daemon/DaemonPermission.java","3","84","This class has 7 public methods and attributes; current threshold is 1.","Design","ExcessivePublicCount"
"5","org.apache.commons.daemon","/Users/grantnelson/go/src/github.com/apache/commons-daemon/src/main/java/org/apache/commons/daemon/DaemonPermission.java","3","184","The constructor 'DaemonPermission(String)' has a NCSS line count of 8.","Design","NcssCount"
"6","org.apache.commons.daemon","/Users/grantnelson/go/src/github.com/apache/commons-daemon/src/main/java/org/apache/commons/daemon/DaemonPermission.java","3","184","The constructor 'DaemonPermission(String)' has a cognitive complexity of 2, current threshold is 1","Design","CognitiveComplexity"
"7","org.apache.commons.daemon","/Users/grantnelson/go/src/github.com/apache/commons-daemon/src/main/java/org/apache/commons/daemon/DaemonPermission.java","3","184","The constructor 'DaemonPermission(String)' has a cyclomatic complexity of 5.","Design","CyclomaticComplexity"
"8","org.apache.commons.daemon","/Users/grantnelson/go/src/github.com/apache/commons-daemon/src/main/java/org/apache/commons/daemon/DaemonPermission.java","3","184","The constructor 'DaemonPermission(String)' has an NPath complexity of 3, current threshold is 1","Design","NPathComplexity"
"9","org.apache.commons.daemon","/Users/grantnelson/go/src/github.com/apache/commons-daemon/src/main/java/org/apache/commons/daemon/DaemonPermission.java","3","184","Avoid long parameter lists (1 parameters - threshold is 1).","Design","ExcessiveParameterList"
"10","org.apache.commons.daemon","/Users/grantnelson/go/src/github.com/apache/commons-daemon/src/main/java/org/apache/commons/daemon/DaemonPermission.java","3","216","The constructor 'DaemonPermission(String, String)' has a NCSS line count of 5.","Design","NcssCount"
"11","org.apache.commons.daemon","/Users/grantnelson/go/src/github.com/apache/commons-daemon/src/main/java/org/apache/commons/daemon/DaemonPermission.java","3","216","The constructor 'DaemonPermission(String, String)' has a cognitive complexity of 1, current threshold is 1","Design","CognitiveComplexity"
"12","org.apache.commons.daemon","/Users/grantnelson/go/src/github.com/apache/commons-daemon/src/main/java/org/apache/commons/daemon/DaemonPermission.java","3","216","The constructor 'DaemonPermission(String, String)' has a cyclomatic complexity of 2.","Design","CyclomaticComplexity"
"13","org.apache.commons.daemon","/Users/grantnelson/go/src/github.com/apache/commons-daemon/src/main/java/org/apache/commons/daemon/DaemonPermission.java","3","216","The constructor 'DaemonPermission(String, String)' has an NPath complexity of 2, current threshold is 1","Design","NPathComplexity"
"14","org.apache.commons.daemon","/Users/grantnelson/go/src/github.com/apache/commons-daemon/src/main/java/org/apache/commons/daemon/DaemonPermission.java","3","216","Avoid long parameter lists (2 parameters - threshold is 1).","Design","ExcessiveParameterList"
"15","org.apache.commons.daemon","/Users/grantnelson/go/src/github.com/apache/commons-daemon/src/main/java/org/apache/commons/daemon/DaemonPermission.java","3","240","The method 'getActions()' has a NCSS line count of 4.","Design","NcssCount"
"16","org.apache.commons.daemon","/Users/grantnelson/go/src/github.com/apache/commons-daemon/src/main/java/org/apache/commons/daemon/DaemonPermission.java","3","240","The method 'getActions()' has a cognitive complexity of 1, current threshold is 1","Design","CognitiveComplexity"
"17","org.apache.commons.daemon","/Users/grantnelson/go/src/github.com/apache/commons-daemon/src/main/java/org/apache/commons/daemon/DaemonPermission.java","3","240","The method 'getActions()' has a cyclomatic complexity of 2.","Design","CyclomaticComplexity"
"18","org.apache.commons.daemon","/Users/grantnelson/go/src/github.com/apache/commons-daemon/src/main/java/org/apache/commons/daemon/DaemonPermission.java","3","240","The method 'getActions()' has an NPath complexity of 2, current threshold is 1","Design","NPathComplexity"
"19","org.apache.commons.daemon","/Users/grantnelson/go/src/github.com/apache/commons-daemon/src/main/java/org/apache/commons/daemon/DaemonPermission.java","3","254","The method 'hashCode()' has a NCSS line count of 3.","Design","NcssCount"
"20","org.apache.commons.daemon","/Users/grantnelson/go/src/github.com/apache/commons-daemon/src/main/java/org/apache/commons/daemon/DaemonPermission.java","3","254","The method 'hashCode()' has a cyclomatic complexity of 1.","Design","CyclomaticComplexity"
"21","org.apache.commons.daemon","/Users/grantnelson/go/src/github.com/apache/commons-daemon/src/main/java/org/apache/commons/daemon/DaemonPermission.java","3","254","The method 'hashCode()' has an NPath complexity of 1, current threshold is 1","Design","NPathComplexity"
"22","org.apache.commons.daemon","/Users/grantnelson/go/src/github.com/apache/commons-daemon/src/main/java/org/apache/commons/daemon/DaemonPermission.java","3","267","The method 'equals(Object)' has a NCSS line count of 9.","Design","NcssCount"
"23","org.apache.commons.daemon","/Users/grantnelson/go/src/github.com/apache/commons-daemon/src/main/java/org/apache/commons/daemon/DaemonPermission.java","3","267","The method 'equals(Object)' has a cognitive complexity of 3, current threshold is 1","Design","CognitiveComplexity"
"24","org.apache.commons.daemon","/Users/grantnelson/go/src/github.com/apache/commons-daemon/src/main/java/org/apache/commons/daemon/DaemonPermission.java","3","267","The method 'equals(Object)' has a cyclomatic complexity of 4.","Design","CyclomaticComplexity"
"25","org.apache.commons.daemon","/Users/grantnelson/go/src/github.com/apache/commons-daemon/src/main/java/org/apache/commons/daemon/DaemonPermission.java","3","267","The method 'equals(Object)' has an NPath complexity of 4, current threshold is 1","Design","NPathComplexity"
"26","org.apache.commons.daemon","/Users/grantnelson/go/src/github.com/apache/commons-daemon/src/main/java/org/apache/commons/daemon/DaemonPermission.java","3","267","Avoid long parameter lists (1 parameters - threshold is 1).","Design","ExcessiveParameterList"
"27","org.apache.commons.daemon","/Users/grantnelson/go/src/github.com/apache/commons-daemon/src/main/java/org/apache/commons/daemon/DaemonPermission.java","3","294","The method 'implies(Permission)' has a NCSS line count of 9.","Design","NcssCount"
"28","org.apache.commons.daemon","/Users/grantnelson/go/src/github.com/apache/commons-daemon/src/main/java/org/apache/commons/daemon/DaemonPermission.java","3","294","The method 'implies(Permission)' has a cognitive complexity of 3, current threshold is 1","Design","CognitiveComplexity"
"29","org.apache.commons.daemon","/Users/grantnelson/go/src/github.com/apache/commons-daemon/src/main/java/org/apache/commons/daemon/DaemonPermission.java","3","294","The method 'implies(Permission)' has a cyclomatic complexity of 4.","Design","CyclomaticComplexity"
"30","org.apache.commons.daemon","/Users/grantnelson/go/src/github.com/apache/commons-daemon/src/main/java/org/apache/commons/daemon/DaemonPermission.java","3","294","The method 'implies(Permission)' has an NPath complexity of 4, current threshold is 1","Design","NPathComplexity"
"31","org.apache.commons.daemon","/Users/grantnelson/go/src/github.com/apache/commons-daemon/src/main/java/org/apache/commons/daemon/DaemonPermission.java","3","294","Avoid long parameter lists (1 parameters - threshold is 1).","Design","ExcessiveParameterList"
"32","org.apache.commons.daemon","/Users/grantnelson/go/src/github.com/apache/commons-daemon/src/main/java/org/apache/commons/daemon/DaemonPermission.java","3","319","The method 'toString()' has a NCSS line count of 3.","Design","NcssCount"
"33","org.apache.commons.daemon","/Users/grantnelson/go/src/github.com/apache/commons-daemon/src/main/java/org/apache/commons/daemon/DaemonPermission.java","3","319","The method 'toString()' has a cyclomatic complexity of 1.","Design","CyclomaticComplexity"
"34","org.apache.commons.daemon","/Users/grantnelson/go/src/github.com/apache/commons-daemon/src/main/java/org/apache/commons/daemon/DaemonPermission.java","3","319","The method 'toString()' has an NPath complexity of 1, current threshold is 1","Design","NPathComplexity"
"35","org.apache.commons.daemon","/Users/grantnelson/go/src/github.com/apache/commons-daemon/src/main/java/org/apache/commons/daemon/DaemonPermission.java","3","332","The method 'setupDescription()' has a NCSS line count of 17.","Design","NcssCount"
"36","org.apache.commons.daemon","/Users/grantnelson/go/src/github.com/apache/commons-daemon/src/main/java/org/apache/commons/daemon/DaemonPermission.java","3","332","The method 'setupDescription()' has a cognitive complexity of 2, current threshold is 1","Design","CognitiveComplexity"
"37","org.apache.commons.daemon","/Users/grantnelson/go/src/github.com/apache/commons-daemon/src/main/java/org/apache/commons/daemon/DaemonPermission.java","3","332","The method 'setupDescription()' has a cyclomatic complexity of 3.","Design","CyclomaticComplexity"
"38","org.apache.commons.daemon","/Users/grantnelson/go/src/github.com/apache/commons-daemon/src/main/java/org/apache/commons/daemon/DaemonPermission.java","3","332","The method 'setupDescription()' has an NPath complexity of 3, current threshold is 1","Design","NPathComplexity"
"39","org.apache.commons.daemon","/Users/grantnelson/go/src/github.com/apache/commons-daemon/src/main/java/org/apache/commons/daemon/DaemonPermission.java","3","359","The method 'createControlMask(String)' has a NCSS line count of 24.","Design","NcssCount"
"40","org.apache.commons.daemon","/Users/grantnelson/go/src/github.com/apache/commons-daemon/src/main/java/org/apache/commons/daemon/DaemonPermission.java","3","359","The method 'createControlMask(String)' has a cognitive complexity of 9, current threshold is 1","Design","CognitiveComplexity"
"41","org.apache.commons.daemon","/Users/grantnelson/go/src/github.com/apache/commons-daemon/src/main/java/org/apache/commons/daemon/DaemonPermission.java","3","359","The method 'createControlMask(String)' has a cyclomatic complexity of 9.","Design","CyclomaticComplexity"
"42","org.apache.commons.daemon","/Users/grantnelson/go/src/github.com/apache/commons-daemon/src/main/java/org/apache/commons/daemon/DaemonPermission.java","3","359","The method 'createControlMask(String)' has an NPath complexity of 8, current threshold is 1","Design","NPathComplexity"
"43","org.apache.commons.daemon","/Users/grantnelson/go/src/github.com/apache/commons-daemon/src/main/java/org/apache/commons/daemon/DaemonPermission.java","3","359","Avoid long parameter lists (1 parameters - threshold is 1).","Design","ExcessiveParameterList"
"44","org.apache.commons.daemon","/Users/grantnelson/go/src/github.com/apache/commons-daemon/src/main/java/org/apache/commons/daemon/DaemonPermission.java","3","397","The method 'createControlActions(int)' has a NCSS line count of 25.","Design","NcssCount"
"45","org.apache.commons.daemon","/Users/grantnelson/go/src/github.com/apache/commons-daemon/src/main/java/org/apache/commons/daemon/DaemonPermission.java","3","397","The method 'createControlActions(int)' has a cognitive complexity of 13, current threshold is 1","Design","CognitiveComplexity"
"46","org.apache.commons.daemon","/Users/grantnelson/go/src/github.com/apache/commons-daemon/src/main/java/org/apache/commons/daemon/DaemonPermission.java","3","397","The method 'createControlActions(int)' has a cyclomatic complexity of 8.","Design","CyclomaticComplexity"
"47","org.apache.commons.daemon","/Users/grantnelson/go/src/github.com/apache/commons-daemon/src/main/java/org/apache/commons/daemon/DaemonPermission.java","3","397","The method 'createControlActions(int)' has an NPath complexity of 54, current threshold is 1","Design","NPathComplexity"
"48","org.apache.commons.daemon","/Users/grantnelson/go/src/github.com/apache/commons-daemon/src/main/java/org/apache/commons/daemon/DaemonPermission.java","3","397","Avoid long parameter lists (1 parameters - threshold is 1).","Design","ExcessiveParameterList"
"1","org.apache.commons.daemon","/Users/grantnelson/go/src/github.com/apache/commons-daemon/src/main/java/org/apache/commons/daemon/DaemonUserSignal.java","3","29","The interface 'DaemonUserSignal' has a NCSS line count of 2 (Highest = 1).","Design","NcssCount"
"2","org.apache.commons.daemon","/Users/grantnelson/go/src/github.com/apache/commons-daemon/src/main/java/org/apache/commons/daemon/DaemonUserSignal.java","3","29","This class has 1 public methods and attributes; current threshold is 1.","Design","ExcessivePublicCount"
"3","org.apache.commons.daemon","/Users/grantnelson/go/src/github.com/apache/commons-daemon/src/main/java/org/apache/commons/daemon/DaemonUserSignal.java","3","35","The method 'signal()' has a NCSS line count of 1.","Design","NcssCount"
"4","org.apache.commons.daemon","/Users/grantnelson/go/src/github.com/apache/commons-daemon/src/main/java/org/apache/commons/daemon/DaemonUserSignal.java","3","35","The method 'signal()' has a cyclomatic complexity of 1.","Design","CyclomaticComplexity"
"5","org.apache.commons.daemon","/Users/grantnelson/go/src/github.com/apache/commons-daemon/src/main/java/org/apache/commons/daemon/DaemonUserSignal.java","3","35","The method 'signal()' has an NPath complexity of 1, current threshold is 1","Design","NPathComplexity"
"1","org.apache.commons.daemon.support","/Users/grantnelson/go/src/github.com/apache/commons-daemon/src/main/java/org/apache/commons/daemon/support/DaemonConfiguration.java","3","49","A value of 3 may denote a high amount of coupling within the class (threshold: 1)","Design","CouplingBetweenObjects"
"2","org.apache.commons.daemon.support","/Users/grantnelson/go/src/github.com/apache/commons-daemon/src/main/java/org/apache/commons/daemon/support/DaemonConfiguration.java","3","49","The class 'DaemonConfiguration' has a NCSS line count of 66 (Highest = 30).","Design","NcssCount"
"3","org.apache.commons.daemon.support","/Users/grantnelson/go/src/github.com/apache/commons-daemon/src/main/java/org/apache/commons/daemon/support/DaemonConfiguration.java","3","49","The class 'DaemonConfiguration' has a total cyclomatic complexity of 20 (highest 9).","Design","CyclomaticComplexity"
"4","org.apache.commons.daemon.support","/Users/grantnelson/go/src/github.com/apache/commons-daemon/src/main/java/org/apache/commons/daemon/support/DaemonConfiguration.java","3","49","This class has 4 public methods and attributes; current threshold is 1.","Design","ExcessivePublicCount"
"5","org.apache.commons.daemon.support","/Users/grantnelson/go/src/github.com/apache/commons-daemon/src/main/java/org/apache/commons/daemon/support/DaemonConfiguration.java","3","69","The constructor 'DaemonConfiguration()' has a NCSS line count of 3.","Design","NcssCount"
"6","org.apache.commons.daemon.support","/Users/grantnelson/go/src/github.com/apache/commons-daemon/src/main/java/org/apache/commons/daemon/support/DaemonConfiguration.java","3","69","The constructor 'DaemonConfiguration()' has a cyclomatic complexity of 1.","Design","CyclomaticComplexity"
"7","org.apache.commons.daemon.support","/Users/grantnelson/go/src/github.com/apache/commons-daemon/src/main/java/org/apache/commons/daemon/support/DaemonConfiguration.java","3","69","The constructor 'DaemonConfiguration()' has an NPath complexity of 1, current threshold is 1","Design","NPathComplexity"
"8","org.apache.commons.daemon.support","/Users/grantnelson/go/src/github.com/apache/commons-daemon/src/main/java/org/apache/commons/daemon/support/DaemonConfiguration.java","3","81","The method 'load(String)' has a NCSS line count of 16.","Design","NcssCount"
"9","org.apache.commons.daemon.support","/Users/grantnelson/go/src/github.com/apache/commons-daemon/src/main/java/org/apache/commons/daemon/support/DaemonConfiguration.java","3","81","The method 'load(String)' has a cognitive complexity of 5, current threshold is 1","Design","CognitiveComplexity"
"10","org.apache.commons.daemon.support","/Users/grantnelson/go/src/github.com/apache/commons-daemon/src/main/java/org/apache/commons/daemon/support/DaemonConfiguration.java","3","81","The method 'load(String)' has a cyclomatic complexity of 6.","Design","CyclomaticComplexity"
"11","org.apache.commons.daemon.support","/Users/grantnelson/go/src/github.com/apache/commons-daemon/src/main/java/org/apache/commons/daemon/support/DaemonConfiguration.java","3","81","The method 'load(String)' has an NPath complexity of 4, current threshold is 1","Design","NPathComplexity"
"12","org.apache.commons.daemon.support","/Users/grantnelson/go/src/github.com/apache/commons-daemon/src/main/java/org/apache/commons/daemon/support/DaemonConfiguration.java","3","81","Avoid long parameter lists (1 parameters - threshold is 1).","Design","ExcessiveParameterList"
"13","org.apache.commons.daemon.support","/Users/grantnelson/go/src/github.com/apache/commons-daemon/src/main/java/org/apache/commons/daemon/support/DaemonConfiguration.java","3","110","The method 'expandProperty(String)' has a NCSS line count of 30.","Design","NcssCount"
"14","org.apache.commons.daemon.support","/Users/grantnelson/go/src/github.com/apache/commons-daemon/src/main/java/org/apache/commons/daemon/support/DaemonConfiguration.java","3","110","The method 'expandProperty(String)' has a cognitive complexity of 14, current threshold is 1","Design","CognitiveComplexity"
"15","org.apache.commons.daemon.support","/Users/grantnelson/go/src/github.com/apache/commons-daemon/src/main/java/org/apache/commons/daemon/support/DaemonConfiguration.java","3","110","The method 'expandProperty(String)' has a cyclomatic complexity of 9.","Design","CyclomaticComplexity"
"16","org.apache.commons.daemon.support","/Users/grantnelson/go/src/github.com/apache/commons-daemon/src/main/java/org/apache/commons/daemon/support/DaemonConfiguration.java","3","110","The method 'expandProperty(String)' has an NPath complexity of 13, current threshold is 1","Design","NPathComplexity"
"17","org.apache.commons.daemon.support","/Users/grantnelson/go/src/github.com/apache/commons-daemon/src/main/java/org/apache/commons/daemon/support/DaemonConfiguration.java","3","110","Avoid long parameter lists (1 parameters - threshold is 1).","Design","ExcessiveParameterList"
"18","org.apache.commons.daemon.support","/Users/grantnelson/go/src/github.com/apache/commons-daemon/src/main/java/org/apache/commons/daemon/support/DaemonConfiguration.java","3","167","The method 'getProperty(String)' has a NCSS line count of 4.","Design","NcssCount"
"19","org.apache.commons.daemon.support","/Users/grantnelson/go/src/github.com/apache/commons-daemon/src/main/java/org/apache/commons/daemon/support/DaemonConfiguration.java","3","167","The method 'getProperty(String)' has a cognitive complexity of 1, current threshold is 1","Design","CognitiveComplexity"
"20","org.apache.commons.daemon.support","/Users/grantnelson/go/src/github.com/apache/commons-daemon/src/main/java/org/apache/commons/daemon/support/DaemonConfiguration.java","3","167","The method 'getProperty(String)' has a cyclomatic complexity of 2.","Design","CyclomaticComplexity"
"21","org.apache.commons.daemon.support","/Users/grantnelson/go/src/github.com/apache/commons-daemon/src/main/java/org/apache/commons/daemon/support/DaemonConfiguration.java","3","167","The method 'getProperty(String)' has an NPath complexity of 2, current threshold is 1","Design","NPathComplexity"
"22","org.apache.commons.daemon.support","/Users/grantnelson/go/src/github.com/apache/commons-daemon/src/main/java/org/apache/commons/daemon/support/DaemonConfiguration.java","3","167","Avoid long parameter lists (1 parameters - threshold is 1).","Design","ExcessiveParameterList"
"23","org.apache.commons.daemon.support","/Users/grantnelson/go/src/github.com/apache/commons-daemon/src/main/java/org/apache/commons/daemon/support/DaemonConfiguration.java","3","193","The method 'getPropertyArray(String)' has a NCSS line count of 6.","Design","NcssCount"
"24","org.apache.commons.daemon.support","/Users/grantnelson/go/src/github.com/apache/commons-daemon/src/main/java/org/apache/commons/daemon/support/DaemonConfiguration.java","3","193","The method 'getPropertyArray(String)' has a cognitive complexity of 1, current threshold is 1","Design","CognitiveComplexity"
"25","org.apache.commons.daemon.support","/Users/grantnelson/go/src/github.com/apache/commons-daemon/src/main/java/org/apache/commons/daemon/support/DaemonConfiguration.java","3","193","The method 'getPropertyArray(String)' has a cyclomatic complexity of 2.","Design","CyclomaticComplexity"
"26","org.apache.commons.daemon.support","/Users/grantnelson/go/src/github.com/apache/commons-daemon/src/main/java/org/apache/commons/daemon/support/DaemonConfiguration.java","3","193","The method 'getPropertyArray(String)' has an NPath complexity of 2, current threshold is 1","Design","NPathComplexity"
"27","org.apache.commons.daemon.support","/Users/grantnelson/go/src/github.com/apache/commons-daemon/src/main/java/org/apache/commons/daemon/support/DaemonConfiguration.java","3","193","Avoid long parameter lists (1 parameters - threshold is 1).","Design","ExcessiveParameterList"
"1","org.apache.commons.daemon.support","/Users/grantnelson/go/src/github.com/apache/commons-daemon/src/main/java/org/apache/commons/daemon/support/DaemonLoader.java","3","30","A value of 3 may denote a high amount of coupling within the class (threshold: 1)","Design","CouplingBetweenObjects"
"2","org.apache.commons.daemon.support","/Users/grantnelson/go/src/github.com/apache/commons-daemon/src/main/java/org/apache/commons/daemon/support/DaemonLoader.java","3","30","The class 'DaemonLoader' has a NCSS line count of 179 (Highest = 62).","Design","NcssCount"
"3","org.apache.commons.daemon.support","/Users/grantnelson/go/src/github.com/apache/commons-daemon/src/main/java/org/apache/commons/daemon/support/DaemonLoader.java","3","30","The class 'DaemonLoader' has a total cyclomatic complexity of 36 (highest 15).","Design","CyclomaticComplexity"
"4","org.apache.commons.daemon.support","/Users/grantnelson/go/src/github.com/apache/commons-daemon/src/main/java/org/apache/commons/daemon/support/DaemonLoader.java","3","30","This class has 9 public methods and attributes; current threshold is 1.","Design","ExcessivePublicCount"
"5","org.apache.commons.daemon.support","/Users/grantnelson/go/src/github.com/apache/commons-daemon/src/main/java/org/apache/commons/daemon/support/DaemonLoader.java","3","43","The method 'version()' has a NCSS line count of 6.","Design","NcssCount"
"6","org.apache.commons.daemon.support","/Users/grantnelson/go/src/github.com/apache/commons-daemon/src/main/java/org/apache/commons/daemon/support/DaemonLoader.java","3","43","The method 'version()' has a cyclomatic complexity of 1.","Design","CyclomaticComplexity"
"7","org.apache.commons.daemon.support","/Users/grantnelson/go/src/github.com/apache/commons-daemon/src/main/java/org/apache/commons/daemon/support/DaemonLoader.java","3","43","The method 'version()' has an NPath complexity of 1, current threshold is 1","Design","NPathComplexity"
"8","org.apache.commons.daemon.support","/Users/grantnelson/go/src/github.com/apache/commons-daemon/src/main/java/org/apache/commons/daemon/support/DaemonLoader.java","3","62","The method 'check(String)' has a NCSS line count of 15.","Design","NcssCount"
"9","org.apache.commons.daemon.support","/Users/grantnelson/go/src/github.com/apache/commons-daemon/src/main/java/org/apache/commons/daemon/support/DaemonLoader.java","3","62","The method 'check(String)' has a cognitive complexity of 4, current threshold is 1","Design","CognitiveComplexity"
"10","org.apache.commons.daemon.support","/Users/grantnelson/go/src/github.com/apache/commons-daemon/src/main/java/org/apache/commons/daemon/support/DaemonLoader.java","3","62","The method 'check(String)' has a cyclomatic complexity of 7.","Design","CyclomaticComplexity"
"11","org.apache.commons.daemon.support","/Users/grantnelson/go/src/github.com/apache/commons-daemon/src/main/java/org/apache/commons/daemon/support/DaemonLoader.java","3","62","The method 'check(String)' has an NPath complexity of 4, current threshold is 1","Design","NPathComplexity"
"12","org.apache.commons.daemon.support","/Users/grantnelson/go/src/github.com/apache/commons-daemon/src/main/java/org/apache/commons/daemon/support/DaemonLoader.java","3","62","Avoid long parameter lists (1 parameters - threshold is 1).","Design","ExcessiveParameterList"
"13","org.apache.commons.daemon.support","/Users/grantnelson/go/src/github.com/apache/commons-daemon/src/main/java/org/apache/commons/daemon/support/DaemonLoader.java","3","100","The method 'signal()' has a NCSS line count of 9.","Design","NcssCount"
"14","org.apache.commons.daemon.support","/Users/grantnelson/go/src/github.com/apache/commons-daemon/src/main/java/org/apache/commons/daemon/support/DaemonLoader.java","3","100","The method 'signal()' has a cognitive complexity of 2, current threshold is 1","Design","CognitiveComplexity"
"15","org.apache.commons.daemon.support","/Users/grantnelson/go/src/github.com/apache/commons-daemon/src/main/java/org/apache/commons/daemon/support/DaemonLoader.java","3","100","The method 'signal()' has a cyclomatic complexity of 3.","Design","CyclomaticComplexity"
"16","org.apache.commons.daemon.support","/Users/grantnelson/go/src/github.com/apache/commons-daemon/src/main/java/org/apache/commons/daemon/support/DaemonLoader.java","3","100","The method 'signal()' has an NPath complexity of 2, current threshold is 1","Design","NPathComplexity"
"17","org.apache.commons.daemon.support","/Users/grantnelson/go/src/github.com/apache/commons-daemon/src/main/java/org/apache/commons/daemon/support/DaemonLoader.java","3","115","The method 'load(String, String[])' has a NCSS line count of 62.","Design","NcssCount"
"18","org.apache.commons.daemon.support","/Users/grantnelson/go/src/github.com/apache/commons-daemon/src/main/java/org/apache/commons/daemon/support/DaemonLoader.java","3","115","The method 'load(String, String[])' has a cognitive complexity of 17, current threshold is 1","Design","CognitiveComplexity"
"19","org.apache.commons.daemon.support","/Users/grantnelson/go/src/github.com/apache/commons-daemon/src/main/java/org/apache/commons/daemon/support/DaemonLoader.java","3","115","The method 'load(String, String[])' has a cyclomatic complexity of 15.","Design","CyclomaticComplexity"
"20","org.apache.commons.daemon.support","/Users/grantnelson/go/src/github.com/apache/commons-daemon/src/main/java/org/apache/commons/daemon/support/DaemonLoader.java","3","115","The method 'load(String, String[])' has an NPath complexity of 40, current threshold is 1","Design","NPathComplexity"
"21","org.apache.commons.daemon.support","/Users/grantnelson/go/src/github.com/apache/commons-daemon/src/main/java/org/apache/commons/daemon/support/DaemonLoader.java","3","115","Avoid long parameter lists (2 parameters - threshold is 1).","Design","ExcessiveParameterList"
"22","org.apache.commons.daemon.support","/Users/grantnelson/go/src/github.com/apache/commons-daemon/src/main/java/org/apache/commons/daemon/support/DaemonLoader.java","3","236","The method 'start()' has a NCSS line count of 9.","Design","NcssCount"
"23","org.apache.commons.daemon.support","/Users/grantnelson/go/src/github.com/apache/commons-daemon/src/main/java/org/apache/commons/daemon/support/DaemonLoader.java","3","236","The method 'start()' has a cognitive complexity of 2, current threshold is 1","Design","CognitiveComplexity"
"24","org.apache.commons.daemon.support","/Users/grantnelson/go/src/github.com/apache/commons-daemon/src/main/java/org/apache/commons/daemon/support/DaemonLoader.java","3","236","The method 'start()' has a cyclomatic complexity of 3.","Design","CyclomaticComplexity"
"25","org.apache.commons.daemon.support","/Users/grantnelson/go/src/github.com/apache/commons-daemon/src/main/java/org/apache/commons/daemon/support/DaemonLoader.java","3","236","The method 'start()' has an NPath complexity of 2, current threshold is 1","Design","NPathComplexity"
"26","org.apache.commons.daemon.support","/Users/grantnelson/go/src/github.com/apache/commons-daemon/src/main/java/org/apache/commons/daemon/support/DaemonLoader.java","3","258","The method 'stop()' has a NCSS line count of 9.","Design","NcssCount"
"27","org.apache.commons.daemon.support","/Users/grantnelson/go/src/github.com/apache/commons-daemon/src/main/java/org/apache/commons/daemon/support/DaemonLoader.java","3","258","The method 'stop()' has a cognitive complexity of 2, current threshold is 1","Design","CognitiveComplexity"
"28","org.apache.commons.daemon.support","/Users/grantnelson/go/src/github.com/apache/commons-daemon/src/main/java/org/apache/commons/daemon/support/DaemonLoader.java","3","258","The method 'stop()' has a cyclomatic complexity of 3.","Design","CyclomaticComplexity"
"29","org.apache.commons.daemon.support","/Users/grantnelson/go/src/github.com/apache/commons-daemon/src/main/java/org/apache/commons/daemon/support/DaemonLoader.java","3","258","The method 'stop()' has an NPath complexity of 2, current threshold is 1","Design","NPathComplexity"
"30","org.apache.commons.daemon.support","/Users/grantnelson/go/src/github.com/apache/commons-daemon/src/main/java/org/apache/commons/daemon/support/DaemonLoader.java","3","280","The method 'destroy()' has a NCSS line count of 9.","Design","NcssCount"
"31","org.apache.commons.daemon.support","/Users/grantnelson/go/src/github.com/apache/commons-daemon/src/main/java/org/apache/commons/daemon/support/DaemonLoader.java","3","280","The method 'destroy()' has a cognitive complexity of 1, current threshold is 1","Design","CognitiveComplexity"
"32","org.apache.commons.daemon.support","/Users/grantnelson/go/src/github.com/apache/commons-daemon/src/main/java/org/apache/commons/daemon/support/DaemonLoader.java","3","280","The method 'destroy()' has a cyclomatic complexity of 2.","Design","CyclomaticComplexity"
"33","org.apache.commons.daemon.support","/Users/grantnelson/go/src/github.com/apache/commons-daemon/src/main/java/org/apache/commons/daemon/support/DaemonLoader.java","3","280","The method 'destroy()' has an NPath complexity of 1, current threshold is 1","Design","NPathComplexity"
"34","org.apache.commons.daemon.support","/Users/grantnelson/go/src/github.com/apache/commons-daemon/src/main/java/org/apache/commons/daemon/support/DaemonLoader.java","3","299","The method 'shutdown(boolean)' has a NCSS line count of 1.","Design","NcssCount"
"35","org.apache.commons.daemon.support","/Users/grantnelson/go/src/github.com/apache/commons-daemon/src/main/java/org/apache/commons/daemon/support/DaemonLoader.java","3","299","The method 'shutdown(boolean)' has a cyclomatic complexity of 1.","Design","CyclomaticComplexity"
"36","org.apache.commons.daemon.support","/Users/grantnelson/go/src/github.com/apache/commons-daemon/src/main/java/org/apache/commons/daemon/support/DaemonLoader.java","3","299","The method 'shutdown(boolean)' has an NPath complexity of 1, current threshold is 1","Design","NPathComplexity"
"37","org.apache.commons.daemon.support","/Users/grantnelson/go/src/github.com/apache/commons-daemon/src/main/java/org/apache/commons/daemon/support/DaemonLoader.java","3","299","Avoid long parameter lists (1 parameters - threshold is 1).","Design","ExcessiveParameterList"
"38","org.apache.commons.daemon.support","/Users/grantnelson/go/src/github.com/apache/commons-daemon/src/main/java/org/apache/commons/daemon/support/DaemonLoader.java","3","300","The method 'failed(String)' has a NCSS line count of 1.","Design","NcssCount"
"39","org.apache.commons.daemon.support","/Users/grantnelson/go/src/github.com/apache/commons-daemon/src/main/java/org/apache/commons/daemon/support/DaemonLoader.java","3","300","The method 'failed(String)' has a cyclomatic complexity of 1.","Design","CyclomaticComplexity"
"40","org.apache.commons.daemon.support","/Users/grantnelson/go/src/github.com/apache/commons-daemon/src/main/java/org/apache/commons/daemon/support/DaemonLoader.java","3","300","The method 'failed(String)' has an NPath complexity of 1, current threshold is 1","Design","NPathComplexity"
"41","org.apache.commons.daemon.support","/Users/grantnelson/go/src/github.com/apache/commons-daemon/src/main/java/org/apache/commons/daemon/support/DaemonLoader.java","3","300","Avoid long parameter lists (1 parameters - threshold is 1).","Design","ExcessiveParameterList"
"42","org.apache.commons.daemon.support","/Users/grantnelson/go/src/github.com/apache/commons-daemon/src/main/java/org/apache/commons/daemon/support/DaemonLoader.java","3","302","The class 'Controller' has a NCSS line count of 39 (Highest = 10).","Design","NcssCount"
"43","org.apache.commons.daemon.support","/Users/grantnelson/go/src/github.com/apache/commons-daemon/src/main/java/org/apache/commons/daemon/support/DaemonLoader.java","3","302","The class 'Controller' has a total cyclomatic complexity of 15 (highest 3).","Design","CyclomaticComplexity"
"44","org.apache.commons.daemon.support","/Users/grantnelson/go/src/github.com/apache/commons-daemon/src/main/java/org/apache/commons/daemon/support/DaemonLoader.java","3","302","This class has 6 public methods and attributes; current threshold is 1.","Design","ExcessivePublicCount"
"45","org.apache.commons.daemon.support","/Users/grantnelson/go/src/github.com/apache/commons-daemon/src/main/java/org/apache/commons/daemon/support/DaemonLoader.java","3","308","The constructor 'Controller()' has a NCSS line count of 3.","Design","NcssCount"
"46","org.apache.commons.daemon.support","/Users/grantnelson/go/src/github.com/apache/commons-daemon/src/main/java/org/apache/commons/daemon/support/DaemonLoader.java","3","308","The constructor 'Controller()' has a cyclomatic complexity of 1.","Design","CyclomaticComplexity"
"47","org.apache.commons.daemon.support","/Users/grantnelson/go/src/github.com/apache/commons-daemon/src/main/java/org/apache/commons/daemon/support/DaemonLoader.java","3","308","The constructor 'Controller()' has an NPath complexity of 1, current threshold is 1","Design","NPathComplexity"
"48","org.apache.commons.daemon.support","/Users/grantnelson/go/src/github.com/apache/commons-daemon/src/main/java/org/apache/commons/daemon/support/DaemonLoader.java","3","314","The method 'isAvailable()' has a NCSS line count of 3.","Design","NcssCount"
"49","org.apache.commons.daemon.support","/Users/grantnelson/go/src/github.com/apache/commons-daemon/src/main/java/org/apache/commons/daemon/support/DaemonLoader.java","3","314","The method 'isAvailable()' has a cyclomatic complexity of 1.","Design","CyclomaticComplexity"
"50","org.apache.commons.daemon.support","/Users/grantnelson/go/src/github.com/apache/commons-daemon/src/main/java/org/apache/commons/daemon/support/DaemonLoader.java","3","314","The method 'isAvailable()' has an NPath complexity of 1, current threshold is 1","Design","NPathComplexity"
"51","org.apache.commons.daemon.support","/Users/grantnelson/go/src/github.com/apache/commons-daemon/src/main/java/org/apache/commons/daemon/support/DaemonLoader.java","3","321","The method 'setAvailable(boolean)' has a NCSS line count of 3.","Design","NcssCount"
"52","org.apache.commons.daemon.support","/Users/grantnelson/go/src/github.com/apache/commons-daemon/src/main/java/org/apache/commons/daemon/support/DaemonLoader.java","3","321","The method 'setAvailable(boolean)' has a cyclomatic complexity of 1.","Design","CyclomaticComplexity"
"53","org.apache.commons.daemon.support","/Users/grantnelson/go/src/github.com/apache/commons-daemon/src/main/java/org/apache/commons/daemon/support/DaemonLoader.java","3","321","The method 'setAvailable(boolean)' has an NPath complexity of 1, current threshold is 1","Design","NPathComplexity"
"54","org.apache.commons.daemon.support","/Users/grantnelson/go/src/github.com/apache/commons-daemon/src/main/java/org/apache/commons/daemon/support/DaemonLoader.java","3","321","Avoid long parameter lists (1 parameters - threshold is 1).","Design","ExcessiveParameterList"
"55","org.apache.commons.daemon.support","/Users/grantnelson/go/src/github.com/apache/commons-daemon/src/main/java/org/apache/commons/daemon/support/DaemonLoader.java","3","329","The method 'shutdown()' has a NCSS line count of 6.","Design","NcssCount"
"56","org.apache.commons.daemon.support","/Users/grantnelson/go/src/github.com/apache/commons-daemon/src/main/java/org/apache/commons/daemon/support/DaemonLoader.java","3","329","The method 'shutdown()' has a cognitive complexity of 1, current threshold is 1","Design","CognitiveComplexity"
"57","org.apache.commons.daemon.support","/Users/grantnelson/go/src/github.com/apache/commons-daemon/src/main/java/org/apache/commons/daemon/support/DaemonLoader.java","3","329","The method 'shutdown()' has a cyclomatic complexity of 3.","Design","CyclomaticComplexity"
"58","org.apache.commons.daemon.support","/Users/grantnelson/go/src/github.com/apache/commons-daemon/src/main/java/org/apache/commons/daemon/support/DaemonLoader.java","3","329","The method 'shutdown()' has an NPath complexity of 2, current threshold is 1","Design","NPathComplexity"
"59","org.apache.commons.daemon.support","/Users/grantnelson/go/src/github.com/apache/commons-daemon/src/main/java/org/apache/commons/daemon/support/DaemonLoader.java","3","342","The method 'reload()' has a NCSS line count of 6.","Design","NcssCount"
"60","org.apache.commons.daemon.support","/Users/grantnelson/go/src/github.com/apache/commons-daemon/src/main/java/org/apache/commons/daemon/support/DaemonLoader.java","3","342","The method 'reload()' has a cognitive complexity of 1, current threshold is 1","Design","CognitiveComplexity"
"61","org.apache.commons.daemon.support","/Users/grantnelson/go/src/github.com/apache/commons-daemon/src/main/java/org/apache/commons/daemon/support/DaemonLoader.java","3","342","The method 'reload()' has a cyclomatic complexity of 3.","Design","CyclomaticComplexity"
"62","org.apache.commons.daemon.support","/Users/grantnelson/go/src/github.com/apache/commons-daemon/src/main/java/org/apache/commons/daemon/support/DaemonLoader.java","3","342","The method 'reload()' has an NPath complexity of 2, current threshold is 1","Design","NPathComplexity"
"63","org.apache.commons.daemon.support","/Users/grantnelson/go/src/github.com/apache/commons-daemon/src/main/java/org/apache/commons/daemon/support/DaemonLoader.java","3","355","The method 'fail()' has a NCSS line count of 2.","Design","NcssCount"
"64","org.apache.commons.daemon.support","/Users/grantnelson/go/src/github.com/apache/commons-daemon/src/main/java/org/apache/commons/daemon/support/DaemonLoader.java","3","355","The method 'fail()' has a cyclomatic complexity of 1.","Design","CyclomaticComplexity"
"65","org.apache.commons.daemon.support","/Users/grantnelson/go/src/github.com/apache/commons-daemon/src/main/java/org/apache/commons/daemon/support/DaemonLoader.java","3","355","The method 'fail()' has an NPath complexity of 1, current threshold is 1","Design","NPathComplexity"
"66","org.apache.commons.daemon.support","/Users/grantnelson/go/src/github.com/apache/commons-daemon/src/main/java/org/apache/commons/daemon/support/DaemonLoader.java","3","361","The method 'fail(String)' has a NCSS line count of 2.","Design","NcssCount"
"67","org.apache.commons.daemon.support","/Users/grantnelson/go/src/github.com/apache/commons-daemon/src/main/java/org/apache/commons/daemon/support/DaemonLoader.java","3","361","The method 'fail(String)' has a cyclomatic complexity of 1.","Design","CyclomaticComplexity"
"68","org.apache.commons.daemon.support","/Users/grantnelson/go/src/github.com/apache/commons-daemon/src/main/java/org/apache/commons/daemon/support/DaemonLoader.java","3","361","The method 'fail(String)' has an NPath complexity of 1, current threshold is 1","Design","NPathComplexity"
"69","org.apache.commons.daemon.support","/Users/grantnelson/go/src/github.com/apache/commons-daemon/src/main/java/org/apache/commons/daemon/support/DaemonLoader.java","3","361","Avoid long parameter lists (1 parameters - threshold is 1).","Design","ExcessiveParameterList"
"70","org.apache.commons.daemon.support","/Users/grantnelson/go/src/github.com/apache/commons-daemon/src/main/java/org/apache/commons/daemon/support/DaemonLoader.java","3","367","The method 'fail(Exception)' has a NCSS line count of 2.","Design","NcssCount"
"71","org.apache.commons.daemon.support","/Users/grantnelson/go/src/github.com/apache/commons-daemon/src/main/java/org/apache/commons/daemon/support/DaemonLoader.java","3","367","The method 'fail(Exception)' has a cyclomatic complexity of 1.","Design","CyclomaticComplexity"
"72","org.apache.commons.daemon.support","/Users/grantnelson/go/src/github.com/apache/commons-daemon/src/main/java/org/apache/commons/daemon/support/DaemonLoader.java","3","367","The method 'fail(Exception)' has an NPath complexity of 1, current threshold is 1","Design","NPathComplexity"
"73","org.apache.commons.daemon.support","/Users/grantnelson/go/src/github.com/apache/commons-daemon/src/main/java/org/apache/commons/daemon/support/DaemonLoader.java","3","367","Avoid long parameter lists (1 parameters - threshold is 1).","Design","ExcessiveParameterList"
"74","org.apache.commons.daemon.support","/Users/grantnelson/go/src/github.com/apache/commons-daemon/src/main/java/org/apache/commons/daemon/support/DaemonLoader.java","3","373","The method 'fail(String, Exception)' has a NCSS line count of 10.","Design","NcssCount"
"75","org.apache.commons.daemon.support","/Users/grantnelson/go/src/github.com/apache/commons-daemon/src/main/java/org/apache/commons/daemon/support/DaemonLoader.java","3","373","The method 'fail(String, Exception)' has a cognitive complexity of 4, current threshold is 1","Design","CognitiveComplexity"
"76","org.apache.commons.daemon.support","/Users/grantnelson/go/src/github.com/apache/commons-daemon/src/main/java/org/apache/commons/daemon/support/DaemonLoader.java","3","373","The method 'fail(String, Exception)' has a cyclomatic complexity of 3.","Design","CyclomaticComplexity"
"77","org.apache.commons.daemon.support","/Users/grantnelson/go/src/github.com/apache/commons-daemon/src/main/java/org/apache/commons/daemon/support/DaemonLoader.java","3","373","The method 'fail(String, Exception)' has an NPath complexity of 3, current threshold is 1","Design","NPathComplexity"
"78","org.apache.commons.daemon.support","/Users/grantnelson/go/src/github.com/apache/commons-daemon/src/main/java/org/apache/commons/daemon/support/DaemonLoader.java","3","373","Avoid long parameter lists (2 parameters - threshold is 1).","Design","ExcessiveParameterList"
"79","org.apache.commons.daemon.support","/Users/grantnelson/go/src/github.com/apache/commons-daemon/src/main/java/org/apache/commons/daemon/support/DaemonLoader.java","3","392","The class 'Context' has a NCSS line count of 11 (Highest = 2).","Design","NcssCount"
"80","org.apache.commons.daemon.support","/Users/grantnelson/go/src/github.com/apache/commons-daemon/src/main/java/org/apache/commons/daemon/support/DaemonLoader.java","3","392","The class 'Context' has a total cyclomatic complexity of 4 (highest 1).","Design","CyclomaticComplexity"
"81","org.apache.commons.daemon.support","/Users/grantnelson/go/src/github.com/apache/commons-daemon/src/main/java/org/apache/commons/daemon/support/DaemonLoader.java","3","392","This class has 4 public methods and attributes; current threshold is 1.","Design","ExcessivePublicCount"
"82","org.apache.commons.daemon.support","/Users/grantnelson/go/src/github.com/apache/commons-daemon/src/main/java/org/apache/commons/daemon/support/DaemonLoader.java","3","401","The method 'getController()' has a NCSS line count of 2.","Design","NcssCount"
"83","org.apache.commons.daemon.support","/Users/grantnelson/go/src/github.com/apache/commons-daemon/src/main/java/org/apache/commons/daemon/support/DaemonLoader.java","3","401","The method 'getController()' has a cyclomatic complexity of 1.","Design","CyclomaticComplexity"
"84","org.apache.commons.daemon.support","/Users/grantnelson/go/src/github.com/apache/commons-daemon/src/main/java/org/apache/commons/daemon/support/DaemonLoader.java","3","401","The method 'getController()' has an NPath complexity of 1, current threshold is 1","Design","NPathComplexity"
"85","org.apache.commons.daemon.support","/Users/grantnelson/go/src/github.com/apache/commons-daemon/src/main/java/org/apache/commons/daemon/support/DaemonLoader.java","3","406","The method 'setController(DaemonController)' has a NCSS line count of 2.","Design","NcssCount"
"86","org.apache.commons.daemon.support","/Users/grantnelson/go/src/github.com/apache/commons-daemon/src/main/java/org/apache/commons/daemon/support/DaemonLoader.java","3","406","The method 'setController(DaemonController)' has a cyclomatic complexity of 1.","Design","CyclomaticComplexity"
"87","org.apache.commons.daemon.support","/Users/grantnelson/go/src/github.com/apache/commons-daemon/src/main/java/org/apache/commons/daemon/support/DaemonLoader.java","3","406","The method 'setController(DaemonController)' has an NPath complexity of 1, current threshold is 1","Design","NPathComplexity"
"88","org.apache.commons.daemon.support","/Users/grantnelson/go/src/github.com/apache/commons-daemon/src/main/java/org/apache/commons/daemon/support/DaemonLoader.java","3","406","Avoid long parameter lists (1 parameters - threshold is 1).","Design","ExcessiveParameterList"
"89","org.apache.commons.daemon.support","/Users/grantnelson/go/src/github.com/apache/commons-daemon/src/main/java/org/apache/commons/daemon/support/DaemonLoader.java","3","412","The method 'getArguments()' has a NCSS line count of 2.","Design","NcssCount"
"90","org.apache.commons.daemon.support","/Users/grantnelson/go/src/github.com/apache/commons-daemon/src/main/java/org/apache/commons/daemon/support/DaemonLoader.java","3","412","The method 'getArguments()' has a cyclomatic complexity of 1.","Design","CyclomaticComplexity"
"91","org.apache.commons.daemon.support","/Users/grantnelson/go/src/github.com/apache/commons-daemon/src/main/java/org/apache/commons/daemon/support/DaemonLoader.java","3","412","The method 'getArguments()' has an NPath complexity of 1, current threshold is 1","Design","NPathComplexity"
"92","org.apache.commons.daemon.support","/Users/grantnelson/go/src/github.com/apache/commons-daemon/src/main/java/org/apache/commons/daemon/support/DaemonLoader.java","3","417","The method 'setArguments(String[])' has a NCSS line count of 2.","Design","NcssCount"
"93","org.apache.commons.daemon.support","/Users/grantnelson/go/src/github.com/apache/commons-daemon/src/main/java/org/apache/commons/daemon/support/DaemonLoader.java","3","417","The method 'setArguments(String[])' has a cyclomatic complexity of 1.","Design","CyclomaticComplexity"
"94","org.apache.commons.daemon.support","/Users/grantnelson/go/src/github.com/apache/commons-daemon/src/main/java/org/apache/commons/daemon/support/DaemonLoader.java","3","417","The method 'setArguments(String[])' has an NPath complexity of 1, current threshold is 1","Design","NPathComplexity"
"95","org.apache.commons.daemon.support","/Users/grantnelson/go/src/github.com/apache/commons-daemon/src/main/java/org/apache/commons/daemon/support/DaemonLoader.java","3","417","Avoid long parameter lists (1 parameters - threshold is 1).","Design","ExcessiveParameterList"
"1","org.apache.commons.daemon.support","/Users/grantnelson/go/src/github.com/apache/commons-daemon/src/main/java/org/apache/commons/daemon/support/DaemonWrapper.java","3","34","A value of 3 may denote a high amount of coupling within the class (threshold: 1)","Design","CouplingBetweenObjects"
"2","org.apache.commons.daemon.support","/Users/grantnelson/go/src/github.com/apache/commons-daemon/src/main/java/org/apache/commons/daemon/support/DaemonWrapper.java","3","34","The class 'DaemonWrapper' has a NCSS line count of 124 (Highest = 54).","Design","NcssCount"
"3","org.apache.commons.daemon.support","/Users/grantnelson/go/src/github.com/apache/commons-daemon/src/main/java/org/apache/commons/daemon/support/DaemonWrapper.java","3","34","The class 'DaemonWrapper' has a total cyclomatic complexity of 28 (highest 24).","Design","CyclomaticComplexity"
"4","org.apache.commons.daemon.support","/Users/grantnelson/go/src/github.com/apache/commons-daemon/src/main/java/org/apache/commons/daemon/support/DaemonWrapper.java","3","34","This class has 5 public methods and attributes; current threshold is 1.","Design","ExcessivePublicCount"
"5","org.apache.commons.daemon.support","/Users/grantnelson/go/src/github.com/apache/commons-daemon/src/main/java/org/apache/commons/daemon/support/DaemonWrapper.java","3","49","The constructor 'DaemonWrapper()' has a NCSS line count of 5.","Design","NcssCount"
"6","org.apache.commons.daemon.support","/Users/grantnelson/go/src/github.com/apache/commons-daemon/src/main/java/org/apache/commons/daemon/support/DaemonWrapper.java","3","49","The constructor 'DaemonWrapper()' has a cyclomatic complexity of 1.","Design","CyclomaticComplexity"
"7","org.apache.commons.daemon.support","/Users/grantnelson/go/src/github.com/apache/commons-daemon/src/main/java/org/apache/commons/daemon/support/DaemonWrapper.java","3","49","The constructor 'DaemonWrapper()' has an NPath complexity of 1, current threshold is 1","Design","NPathComplexity"
"8","org.apache.commons.daemon.support","/Users/grantnelson/go/src/github.com/apache/commons-daemon/src/main/java/org/apache/commons/daemon/support/DaemonWrapper.java","3","85","The method 'init(DaemonContext)' has a NCSS line count of 54.","Design","NcssCount"
"9","org.apache.commons.daemon.support","/Users/grantnelson/go/src/github.com/apache/commons-daemon/src/main/java/org/apache/commons/daemon/support/DaemonWrapper.java","3","85","The method 'init(DaemonContext)' has a cognitive complexity of 55, current threshold is 1","Design","CognitiveComplexity"
"10","org.apache.commons.daemon.support","/Users/grantnelson/go/src/github.com/apache/commons-daemon/src/main/java/org/apache/commons/daemon/support/DaemonWrapper.java","3","85","The method 'init(DaemonContext)' has a cyclomatic complexity of 24.","Design","CyclomaticComplexity"
"11","org.apache.commons.daemon.support","/Users/grantnelson/go/src/github.com/apache/commons-daemon/src/main/java/org/apache/commons/daemon/support/DaemonWrapper.java","3","85","The method 'init(DaemonContext)' has an NPath complexity of 44, current threshold is 1","Design","NPathComplexity"
"12","org.apache.commons.daemon.support","/Users/grantnelson/go/src/github.com/apache/commons-daemon/src/main/java/org/apache/commons/daemon/support/DaemonWrapper.java","3","85","Avoid long parameter lists (1 parameters - threshold is 1).","Design","ExcessiveParameterList"
"13","org.apache.commons.daemon.support","/Users/grantnelson/go/src/github.com/apache/commons-daemon/src/main/java/org/apache/commons/daemon/support/DaemonWrapper.java","3","168","The method 'start()' has a NCSS line count of 2.","Design","NcssCount"
"14","org.apache.commons.daemon.support","/Users/grantnelson/go/src/github.com/apache/commons-daemon/src/main/java/org/apache/commons/daemon/support/DaemonWrapper.java","3","168","The method 'start()' has a cyclomatic complexity of 1.","Design","CyclomaticComplexity"
"15","org.apache.commons.daemon.support","/Users/grantnelson/go/src/github.com/apache/commons-daemon/src/main/java/org/apache/commons/daemon/support/DaemonWrapper.java","3","168","The method 'start()' has an NPath complexity of 1, current threshold is 1","Design","NPathComplexity"
"16","org.apache.commons.daemon.support","/Users/grantnelson/go/src/github.com/apache/commons-daemon/src/main/java/org/apache/commons/daemon/support/DaemonWrapper.java","3","177","The method 'stop()' has a NCSS line count of 2.","Design","NcssCount"
"17","org.apache.commons.daemon.support","/Users/grantnelson/go/src/github.com/apache/commons-daemon/src/main/java/org/apache/commons/daemon/support/DaemonWrapper.java","3","177","The method 'stop()' has a cyclomatic complexity of 1.","Design","CyclomaticComplexity"
"18","org.apache.commons.daemon.support","/Users/grantnelson/go/src/github.com/apache/commons-daemon/src/main/java/org/apache/commons/daemon/support/DaemonWrapper.java","3","177","The method 'stop()' has an NPath complexity of 1, current threshold is 1","Design","NPathComplexity"
"19","org.apache.commons.daemon.support","/Users/grantnelson/go/src/github.com/apache/commons-daemon/src/main/java/org/apache/commons/daemon/support/DaemonWrapper.java","3","186","The method 'destroy()' has a NCSS line count of 2.","Design","NcssCount"
"20","org.apache.commons.daemon.support","/Users/grantnelson/go/src/github.com/apache/commons-daemon/src/main/java/org/apache/commons/daemon/support/DaemonWrapper.java","3","186","The method 'destroy()' has a cyclomatic complexity of 1.","Design","CyclomaticComplexity"
"21","org.apache.commons.daemon.support","/Users/grantnelson/go/src/github.com/apache/commons-daemon/src/main/java/org/apache/commons/daemon/support/DaemonWrapper.java","3","186","The method 'destroy()' has an NPath complexity of 1, current threshold is 1","Design","NPathComplexity"
"22","org.apache.commons.daemon.support","/Users/grantnelson/go/src/github.com/apache/commons-daemon/src/main/java/org/apache/commons/daemon/support/DaemonWrapper.java","3","193","A value of 2 may denote a high amount of coupling within the class (threshold: 1)","Design","CouplingBetweenObjects"
"23","org.apache.commons.daemon.support","/Users/grantnelson/go/src/github.com/apache/commons-daemon/src/main/java/org/apache/commons/daemon/support/DaemonWrapper.java","3","193","The class 'Invoker' has a NCSS line count of 48 (Highest = 18).","Design","NcssCount"
"24","org.apache.commons.daemon.support","/Users/grantnelson/go/src/github.com/apache/commons-daemon/src/main/java/org/apache/commons/daemon/support/DaemonWrapper.java","3","193","The class 'Invoker' has a total cyclomatic complexity of 20 (highest 8).","Design","CyclomaticComplexity"
"25","org.apache.commons.daemon.support","/Users/grantnelson/go/src/github.com/apache/commons-daemon/src/main/java/org/apache/commons/daemon/support/DaemonWrapper.java","3","201","The constructor 'Invoker()' has a NCSS line count of 1.","Design","NcssCount"
"26","org.apache.commons.daemon.support","/Users/grantnelson/go/src/github.com/apache/commons-daemon/src/main/java/org/apache/commons/daemon/support/DaemonWrapper.java","3","201","The constructor 'Invoker()' has a cyclomatic complexity of 1.","Design","CyclomaticComplexity"
"27","org.apache.commons.daemon.support","/Users/grantnelson/go/src/github.com/apache/commons-daemon/src/main/java/org/apache/commons/daemon/support/DaemonWrapper.java","3","201","The constructor 'Invoker()' has an NPath complexity of 1, current threshold is 1","Design","NPathComplexity"
"28","org.apache.commons.daemon.support","/Users/grantnelson/go/src/github.com/apache/commons-daemon/src/main/java/org/apache/commons/daemon/support/DaemonWrapper.java","3","205","The method 'setClassName(String)' has a NCSS line count of 3.","Design","NcssCount"
"29","org.apache.commons.daemon.support","/Users/grantnelson/go/src/github.com/apache/commons-daemon/src/main/java/org/apache/commons/daemon/support/DaemonWrapper.java","3","205","The method 'setClassName(String)' has a cognitive complexity of 1, current threshold is 1","Design","CognitiveComplexity"
"30","org.apache.commons.daemon.support","/Users/grantnelson/go/src/github.com/apache/commons-daemon/src/main/java/org/apache/commons/daemon/support/DaemonWrapper.java","3","205","The method 'setClassName(String)' has a cyclomatic complexity of 2.","Design","CyclomaticComplexity"
"31","org.apache.commons.daemon.support","/Users/grantnelson/go/src/github.com/apache/commons-daemon/src/main/java/org/apache/commons/daemon/support/DaemonWrapper.java","3","205","The method 'setClassName(String)' has an NPath complexity of 2, current threshold is 1","Design","NPathComplexity"
"32","org.apache.commons.daemon.support","/Users/grantnelson/go/src/github.com/apache/commons-daemon/src/main/java/org/apache/commons/daemon/support/DaemonWrapper.java","3","205","Avoid long parameter lists (1 parameters - threshold is 1).","Design","ExcessiveParameterList"
"33","org.apache.commons.daemon.support","/Users/grantnelson/go/src/github.com/apache/commons-daemon/src/main/java/org/apache/commons/daemon/support/DaemonWrapper.java","3","211","The method 'setMethodName(String)' has a NCSS line count of 3.","Design","NcssCount"
"34","org.apache.commons.daemon.support","/Users/grantnelson/go/src/github.com/apache/commons-daemon/src/main/java/org/apache/commons/daemon/support/DaemonWrapper.java","3","211","The method 'setMethodName(String)' has a cognitive complexity of 1, current threshold is 1","Design","CognitiveComplexity"
"35","org.apache.commons.daemon.support","/Users/grantnelson/go/src/github.com/apache/commons-daemon/src/main/java/org/apache/commons/daemon/support/DaemonWrapper.java","3","211","The method 'setMethodName(String)' has a cyclomatic complexity of 2.","Design","CyclomaticComplexity"
"36","org.apache.commons.daemon.support","/Users/grantnelson/go/src/github.com/apache/commons-daemon/src/main/java/org/apache/commons/daemon/support/DaemonWrapper.java","3","211","The method 'setMethodName(String)' has an NPath complexity of 2, current threshold is 1","Design","NPathComplexity"
"37","org.apache.commons.daemon.support","/Users/grantnelson/go/src/github.com/apache/commons-daemon/src/main/java/org/apache/commons/daemon/support/DaemonWrapper.java","3","211","Avoid long parameter lists (1 parameters - threshold is 1).","Design","ExcessiveParameterList"
"38","org.apache.commons.daemon.support","/Users/grantnelson/go/src/github.com/apache/commons-daemon/src/main/java/org/apache/commons/daemon/support/DaemonWrapper.java","3","217","The method 'addArguments(String[])' has a NCSS line count of 7.","Design","NcssCount"
"39","org.apache.commons.daemon.support","/Users/grantnelson/go/src/github.com/apache/commons-daemon/src/main/java/org/apache/commons/daemon/support/DaemonWrapper.java","3","217","The method 'addArguments(String[])' has a cognitive complexity of 3, current threshold is 1","Design","CognitiveComplexity"
"40","org.apache.commons.daemon.support","/Users/grantnelson/go/src/github.com/apache/commons-daemon/src/main/java/org/apache/commons/daemon/support/DaemonWrapper.java","3","217","The method 'addArguments(String[])' has a cyclomatic complexity of 3.","Design","CyclomaticComplexity"
"41","org.apache.commons.daemon.support","/Users/grantnelson/go/src/github.com/apache/commons-daemon/src/main/java/org/apache/commons/daemon/support/DaemonWrapper.java","3","217","The method 'addArguments(String[])' has an NPath complexity of 3, current threshold is 1","Design","NPathComplexity"
"42","org.apache.commons.daemon.support","/Users/grantnelson/go/src/github.com/apache/commons-daemon/src/main/java/org/apache/commons/daemon/support/DaemonWrapper.java","3","217","Avoid long parameter lists (1 parameters - threshold is 1).","Design","ExcessiveParameterList"
"43","org.apache.commons.daemon.support","/Users/grantnelson/go/src/github.com/apache/commons-daemon/src/main/java/org/apache/commons/daemon/support/DaemonWrapper.java","3","229","The method 'invoke()' has a NCSS line count of 10.","Design","NcssCount"
"44","org.apache.commons.daemon.support","/Users/grantnelson/go/src/github.com/apache/commons-daemon/src/main/java/org/apache/commons/daemon/support/DaemonWrapper.java","3","229","The method 'invoke()' has a cognitive complexity of 5, current threshold is 1","Design","CognitiveComplexity"
"45","org.apache.commons.daemon.support","/Users/grantnelson/go/src/github.com/apache/commons-daemon/src/main/java/org/apache/commons/daemon/support/DaemonWrapper.java","3","229","The method 'invoke()' has a cyclomatic complexity of 4.","Design","CyclomaticComplexity"
"46","org.apache.commons.daemon.support","/Users/grantnelson/go/src/github.com/apache/commons-daemon/src/main/java/org/apache/commons/daemon/support/DaemonWrapper.java","3","229","The method 'invoke()' has an NPath complexity of 5, current threshold is 1","Design","NPathComplexity"
"47","org.apache.commons.daemon.support","/Users/grantnelson/go/src/github.com/apache/commons-daemon/src/main/java/org/apache/commons/daemon/support/DaemonWrapper.java","3","251","The method 'validate()' has a NCSS line count of 18.","Design","NcssCount"
"48","org.apache.commons.daemon.support","/Users/grantnelson/go/src/github.com/apache/commons-daemon/src/main/java/org/apache/commons/daemon/support/DaemonWrapper.java","3","251","The method 'validate()' has a cognitive complexity of 5, current threshold is 1","Design","CognitiveComplexity"
"49","org.apache.commons.daemon.support","/Users/grantnelson/go/src/github.com/apache/commons-daemon/src/main/java/org/apache/commons/daemon/support/DaemonWrapper.java","3","251","The method 'validate()' has a cyclomatic complexity of 8.","Design","CyclomaticComplexity"
"50","org.apache.commons.daemon.support","/Users/grantnelson/go/src/github.com/apache/commons-daemon/src/main/java/org/apache/commons/daemon/support/DaemonWrapper.java","3","251","The method 'validate()' has an NPath complexity of 13, current threshold is 1","Design","NPathComplexity"
"1","","/Users/grantnelson/go/src/github.com/apache/commons-daemon/src/samples/AloneService.java","3","28","A value of 3 may denote a high amount of coupling within the class (threshold: 1)","Design","CouplingBetweenObjects"
"2","","/Users/grantnelson/go/src/github.com/apache/commons-daemon/src/samples/AloneService.java","3","28","The class 'AloneService' has a NCSS line count of 52 (Highest = 19).","Design","NcssCount"
"3","","/Users/grantnelson/go/src/github.com/apache/commons-daemon/src/samples/AloneService.java","3","28","The class 'AloneService' has a total cyclomatic complexity of 13 (highest 4).","Design","CyclomaticComplexity"
"4","","/Users/grantnelson/go/src/github.com/apache/commons-daemon/src/samples/AloneService.java","3","28","This class has 4 public methods and attributes; current threshold is 1.","Design","ExcessivePublicCount"
"5","","/Users/grantnelson/go/src/github.com/apache/commons-daemon/src/samples/AloneService.java","3","35","The method 'finalize()' has a NCSS line count of 2.","Design","NcssCount"
"6","","/Users/grantnelson/go/src/github.com/apache/commons-daemon/src/samples/AloneService.java","3","35","The method 'finalize()' has a cyclomatic complexity of 1.","Design","CyclomaticComplexity"
"7","","/Users/grantnelson/go/src/github.com/apache/commons-daemon/src/samples/AloneService.java","3","35","The method 'finalize()' has an NPath complexity of 1, current threshold is 1","Design","NPathComplexity"
"8","","/Users/grantnelson/go/src/github.com/apache/commons-daemon/src/samples/AloneService.java","3","43","The method 'init(String[])' has a NCSS line count of 19.","Design","NcssCount"
"9","","/Users/grantnelson/go/src/github.com/apache/commons-daemon/src/samples/AloneService.java","3","43","The method 'init(String[])' has a cognitive complexity of 3, current threshold is 1","Design","CognitiveComplexity"
"10","","/Users/grantnelson/go/src/github.com/apache/commons-daemon/src/samples/AloneService.java","3","43","The method 'init(String[])' has a cyclomatic complexity of 4.","Design","CyclomaticComplexity"
"11","","/Users/grantnelson/go/src/github.com/apache/commons-daemon/src/samples/AloneService.java","3","43","The method 'init(String[])' has an NPath complexity of 4, current threshold is 1","Design","NPathComplexity"
"12","","/Users/grantnelson/go/src/github.com/apache/commons-daemon/src/samples/AloneService.java","3","43","Avoid long parameter lists (1 parameters - threshold is 1).","Design","ExcessiveParameterList"
"13","","/Users/grantnelson/go/src/github.com/apache/commons-daemon/src/samples/AloneService.java","3","79","The method 'start()' has a NCSS line count of 14.","Design","NcssCount"
"14","","/Users/grantnelson/go/src/github.com/apache/commons-daemon/src/samples/AloneService.java","3","79","The method 'start()' has a cognitive complexity of 3, current threshold is 1","Design","CognitiveComplexity"
"15","","/Users/grantnelson/go/src/github.com/apache/commons-daemon/src/samples/AloneService.java","3","79","The method 'start()' has a cyclomatic complexity of 3.","Design","CyclomaticComplexity"
"16","","/Users/grantnelson/go/src/github.com/apache/commons-daemon/src/samples/AloneService.java","3","79","The method 'start()' has an NPath complexity of 2, current threshold is 1","Design","NPathComplexity"
"17","","/Users/grantnelson/go/src/github.com/apache/commons-daemon/src/samples/AloneService.java","3","104","The method 'stop()' has a NCSS line count of 10.","Design","NcssCount"
"18","","/Users/grantnelson/go/src/github.com/apache/commons-daemon/src/samples/AloneService.java","3","104","The method 'stop()' has a cognitive complexity of 5, current threshold is 1","Design","CognitiveComplexity"
"19","","/Users/grantnelson/go/src/github.com/apache/commons-daemon/src/samples/AloneService.java","3","104","The method 'stop()' has a cyclomatic complexity of 4.","Design","CyclomaticComplexity"
"20","","/Users/grantnelson/go/src/github.com/apache/commons-daemon/src/samples/AloneService.java","3","104","The method 'stop()' has an NPath complexity of 3, current threshold is 1","Design","NPathComplexity"
"21","","/Users/grantnelson/go/src/github.com/apache/commons-daemon/src/samples/AloneService.java","3","123","The method 'destroy()' has a NCSS line count of 2.","Design","NcssCount"
"22","","/Users/grantnelson/go/src/github.com/apache/commons-daemon/src/samples/AloneService.java","3","123","The method 'destroy()' has a cyclomatic complexity of 1.","Design","CyclomaticComplexity"
"23","","/Users/grantnelson/go/src/github.com/apache/commons-daemon/src/samples/AloneService.java","3","123","The method 'destroy()' has an NPath complexity of 1, current threshold is 1","Design","NPathComplexity"
"1","","/Users/grantnelson/go/src/github.com/apache/commons-daemon/src/samples/ProcrunService.java","3","41","A value of 5 may denote a high amount of coupling within the class (threshold: 1)","Design","CouplingBetweenObjects"
"2","","/Users/grantnelson/go/src/github.com/apache/commons-daemon/src/samples/ProcrunService.java","3","41","The class 'ProcrunService' has a NCSS line count of 81 (Highest = 18).","Design","NcssCount"
"3","","/Users/grantnelson/go/src/github.com/apache/commons-daemon/src/samples/ProcrunService.java","3","41","The class 'ProcrunService' has a total cyclomatic complexity of 26 (highest 4).","Design","CyclomaticComplexity"
"4","","/Users/grantnelson/go/src/github.com/apache/commons-daemon/src/samples/ProcrunService.java","3","41","This class has 4 public methods and attributes; current threshold is 1.","Design","ExcessivePublicCount"
"5","","/Users/grantnelson/go/src/github.com/apache/commons-daemon/src/samples/ProcrunService.java","3","58","The constructor 'ProcrunService(long, File)' has a NCSS line count of 3.","Design","NcssCount"
"6","","/Users/grantnelson/go/src/github.com/apache/commons-daemon/src/samples/ProcrunService.java","3","58","The constructor 'ProcrunService(long, File)' has a cyclomatic complexity of 1.","Design","CyclomaticComplexity"
"7","","/Users/grantnelson/go/src/github.com/apache/commons-daemon/src/samples/ProcrunService.java","3","58","The constructor 'ProcrunService(long, File)' has an NPath complexity of 1, current threshold is 1","Design","NPathComplexity"
"8","","/Users/grantnelson/go/src/github.com/apache/commons-daemon/src/samples/ProcrunService.java","3","63","The method 'tmpFile(String)' has a NCSS line count of 2.","Design","NcssCount"
"9","","/Users/grantnelson/go/src/github.com/apache/commons-daemon/src/samples/ProcrunService.java","3","63","The method 'tmpFile(String)' has a cognitive complexity of 1, current threshold is 1","Design","CognitiveComplexity"
"10","","/Users/grantnelson/go/src/github.com/apache/commons-daemon/src/samples/ProcrunService.java","3","63","The method 'tmpFile(String)' has a cyclomatic complexity of 2.","Design","CyclomaticComplexity"
"11","","/Users/grantnelson/go/src/github.com/apache/commons-daemon/src/samples/ProcrunService.java","3","63","The method 'tmpFile(String)' has an NPath complexity of 2, current threshold is 1","Design","NPathComplexity"
"12","","/Users/grantnelson/go/src/github.com/apache/commons-daemon/src/samples/ProcrunService.java","3","63","Avoid long parameter lists (1 parameters - threshold is 1).","Design","ExcessiveParameterList"
"13","","/Users/grantnelson/go/src/github.com/apache/commons-daemon/src/samples/ProcrunService.java","3","68","The method 'usage()' has a NCSS line count of 2.","Design","NcssCount"
"14","","/Users/grantnelson/go/src/github.com/apache/commons-daemon/src/samples/ProcrunService.java","3","68","The method 'usage()' has a cyclomatic complexity of 1.","Design","CyclomaticComplexity"
"15","","/Users/grantnelson/go/src/github.com/apache/commons-daemon/src/samples/ProcrunService.java","3","68","The method 'usage()' has an NPath complexity of 1, current threshold is 1","Design","NPathComplexity"
"16","","/Users/grantnelson/go/src/github.com/apache/commons-daemon/src/samples/ProcrunService.java","3","79","The method 'getArg(String[], int)' has a NCSS line count of 5.","Design","NcssCount"
"17","","/Users/grantnelson/go/src/github.com/apache/commons-daemon/src/samples/ProcrunService.java","3","79","The method 'getArg(String[], int)' has a cognitive complexity of 2, current threshold is 1","Design","CognitiveComplexity"
"18","","/Users/grantnelson/go/src/github.com/apache/commons-daemon/src/samples/ProcrunService.java","3","79","The method 'getArg(String[], int)' has a cyclomatic complexity of 2.","Design","CyclomaticComplexity"
"19","","/Users/grantnelson/go/src/github.com/apache/commons-daemon/src/samples/ProcrunService.java","3","79","The method 'getArg(String[], int)' has an NPath complexity of 2, current threshold is 1","Design","NPathComplexity"
"20","","/Users/grantnelson/go/src/github.com/apache/commons-daemon/src/samples/ProcrunService.java","3","79","Avoid long parameter lists (2 parameters - threshold is 1).","Design","ExcessiveParameterList"
"21","","/Users/grantnelson/go/src/github.com/apache/commons-daemon/src/samples/ProcrunService.java","3","87","The method 'logSystemEnvironment()' has a NCSS line count of 13.","Design","NcssCount"
"22","","/Users/grantnelson/go/src/github.com/apache/commons-daemon/src/samples/ProcrunService.java","3","87","The method 'logSystemEnvironment()' has a cognitive complexity of 3, current threshold is 1","Design","CognitiveComplexity"
"23","","/Users/grantnelson/go/src/github.com/apache/commons-daemon/src/samples/ProcrunService.java","3","87","The method 'logSystemEnvironment()' has a cyclomatic complexity of 3.","Design","CyclomaticComplexity"
"24","","/Users/grantnelson/go/src/github.com/apache/commons-daemon/src/samples/ProcrunService.java","3","87","The method 'logSystemEnvironment()' has an NPath complexity of 4, current threshold is 1","Design","NPathComplexity"
"25","","/Users/grantnelson/go/src/github.com/apache/commons-daemon/src/samples/ProcrunService.java","3","156","The method 'main(String[])' has a NCSS line count of 18.","Design","NcssCount"
"26","","/Users/grantnelson/go/src/github.com/apache/commons-daemon/src/samples/ProcrunService.java","3","156","The method 'main(String[])' has a cognitive complexity of 4, current threshold is 1","Design","CognitiveComplexity"
"27","","/Users/grantnelson/go/src/github.com/apache/commons-daemon/src/samples/ProcrunService.java","3","156","The method 'main(String[])' has a cyclomatic complexity of 4.","Design","CyclomaticComplexity"
"28","","/Users/grantnelson/go/src/github.com/apache/commons-daemon/src/samples/ProcrunService.java","3","156","The method 'main(String[])' has an NPath complexity of 6, current threshold is 1","Design","NPathComplexity"
"29","","/Users/grantnelson/go/src/github.com/apache/commons-daemon/src/samples/ProcrunService.java","3","156","Avoid long parameter lists (1 parameters - threshold is 1).","Design","ExcessiveParameterList"
"30","","/Users/grantnelson/go/src/github.com/apache/commons-daemon/src/samples/ProcrunService.java","3","182","The method 'start(String[])' has a NCSS line count of 5.","Design","NcssCount"
"31","","/Users/grantnelson/go/src/github.com/apache/commons-daemon/src/samples/ProcrunService.java","3","182","The method 'start(String[])' has a cognitive complexity of 3, current threshold is 1","Design","CognitiveComplexity"
"32","","/Users/grantnelson/go/src/github.com/apache/commons-daemon/src/samples/ProcrunService.java","3","182","The method 'start(String[])' has a cyclomatic complexity of 3.","Design","CyclomaticComplexity"
"33","","/Users/grantnelson/go/src/github.com/apache/commons-daemon/src/samples/ProcrunService.java","3","182","The method 'start(String[])' has an NPath complexity of 2, current threshold is 1","Design","NPathComplexity"
"34","","/Users/grantnelson/go/src/github.com/apache/commons-daemon/src/samples/ProcrunService.java","3","182","Avoid long parameter lists (1 parameters - threshold is 1).","Design","ExcessiveParameterList"
"35","","/Users/grantnelson/go/src/github.com/apache/commons-daemon/src/samples/ProcrunService.java","3","193","The method 'startThread(String, File)' has a NCSS line count of 7.","Design","NcssCount"
"36","","/Users/grantnelson/go/src/github.com/apache/commons-daemon/src/samples/ProcrunService.java","3","193","The method 'startThread(String, File)' has a cognitive complexity of 1, current threshold is 1","Design","CognitiveComplexity"
"37","","/Users/grantnelson/go/src/github.com/apache/commons-daemon/src/samples/ProcrunService.java","3","193","The method 'startThread(String, File)' has a cyclomatic complexity of 2.","Design","CyclomaticComplexity"
"38","","/Users/grantnelson/go/src/github.com/apache/commons-daemon/src/samples/ProcrunService.java","3","193","The method 'startThread(String, File)' has an NPath complexity of 2, current threshold is 1","Design","NPathComplexity"
"39","","/Users/grantnelson/go/src/github.com/apache/commons-daemon/src/samples/ProcrunService.java","3","193","Avoid long parameter lists (2 parameters - threshold is 1).","Design","ExcessiveParameterList"
"40","","/Users/grantnelson/go/src/github.com/apache/commons-daemon/src/samples/ProcrunService.java","3","208","The method 'stop(String[])' has a NCSS line count of 6.","Design","NcssCount"
"41","","/Users/grantnelson/go/src/github.com/apache/commons-daemon/src/samples/ProcrunService.java","3","208","The method 'stop(String[])' has a cognitive complexity of 2, current threshold is 1","Design","CognitiveComplexity"
"42","","/Users/grantnelson/go/src/github.com/apache/commons-daemon/src/samples/ProcrunService.java","3","208","The method 'stop(String[])' has a cyclomatic complexity of 2.","Design","CyclomaticComplexity"
"43","","/Users/grantnelson/go/src/github.com/apache/commons-daemon/src/samples/ProcrunService.java","3","208","The method 'stop(String[])' has an NPath complexity of 2, current threshold is 1","Design","NPathComplexity"
"44","","/Users/grantnelson/go/src/github.com/apache/commons-daemon/src/samples/ProcrunService.java","3","208","Avoid long parameter lists (1 parameters - threshold is 1).","Design","ExcessiveParameterList"
"45","","/Users/grantnelson/go/src/github.com/apache/commons-daemon/src/samples/ProcrunService.java","3","221","The method 'run()' has a NCSS line count of 9.","Design","NcssCount"
"46","","/Users/grantnelson/go/src/github.com/apache/commons-daemon/src/samples/ProcrunService.java","3","221","The method 'run()' has a cognitive complexity of 4, current threshold is 1","Design","CognitiveComplexity"
"47","","/Users/grantnelson/go/src/github.com/apache/commons-daemon/src/samples/ProcrunService.java","3","221","The method 'run()' has a cyclomatic complexity of 4.","Design","CyclomaticComplexity"
"48","","/Users/grantnelson/go/src/github.com/apache/commons-daemon/src/samples/ProcrunService.java","3","221","The method 'run()' has an NPath complexity of 3, current threshold is 1","Design","NPathComplexity"
"49","","/Users/grantnelson/go/src/github.com/apache/commons-daemon/src/samples/ProcrunService.java","3","235","The method 'log(String)' has a NCSS line count of 3.","Design","NcssCount"
"50","","/Users/grantnelson/go/src/github.com/apache/commons-daemon/src/samples/ProcrunService.java","3","235","The method 'log(String)' has a cyclomatic complexity of 1.","Design","CyclomaticComplexity"
"51","","/Users/grantnelson/go/src/github.com/apache/commons-daemon/src/samples/ProcrunService.java","3","235","The method 'log(String)' has an NPath complexity of 1, current threshold is 1","Design","NPathComplexity"
"52","","/Users/grantnelson/go/src/github.com/apache/commons-daemon/src/samples/ProcrunService.java","3","235","Avoid long parameter lists (1 parameters - threshold is 1).","Design","ExcessiveParameterList"
"53","","/Users/grantnelson/go/src/github.com/apache/commons-daemon/src/samples/ProcrunService.java","3","240","The method 'finalize()' has a NCSS line count of 2.","Design","NcssCount"
"54","","/Users/grantnelson/go/src/github.com/apache/commons-daemon/src/samples/ProcrunService.java","3","240","The method 'finalize()' has a cyclomatic complexity of 1.","Design","CyclomaticComplexity"
"55","","/Users/grantnelson/go/src/github.com/apache/commons-daemon/src/samples/ProcrunService.java","3","240","The method 'finalize()' has an NPath complexity of 1, current threshold is 1","Design","NPathComplexity"
"1","","/Users/grantnelson/go/src/github.com/apache/commons-daemon/src/samples/ServiceDaemon.java","3","29","A value of 4 may denote a high amount of coupling within the class (threshold: 1)","Design","CouplingBetweenObjects"
"2","","/Users/grantnelson/go/src/github.com/apache/commons-daemon/src/samples/ServiceDaemon.java","3","29","The class 'ServiceDaemon' has a NCSS line count of 55 (Highest = 19).","Design","NcssCount"
"3","","/Users/grantnelson/go/src/github.com/apache/commons-daemon/src/samples/ServiceDaemon.java","3","29","The class 'ServiceDaemon' has a total cyclomatic complexity of 14 (highest 4).","Design","CyclomaticComplexity"
"4","","/Users/grantnelson/go/src/github.com/apache/commons-daemon/src/samples/ServiceDaemon.java","3","29","This class has 5 public methods and attributes; current threshold is 1.","Design","ExcessivePublicCount"
"5","","/Users/grantnelson/go/src/github.com/apache/commons-daemon/src/samples/ServiceDaemon.java","3","36","The constructor 'ServiceDaemon()' has a NCSS line count of 3.","Design","NcssCount"
"6","","/Users/grantnelson/go/src/github.com/apache/commons-daemon/src/samples/ServiceDaemon.java","3","36","The constructor 'ServiceDaemon()' has a cyclomatic complexity of 1.","Design","CyclomaticComplexity"
"7","","/Users/grantnelson/go/src/github.com/apache/commons-daemon/src/samples/ServiceDaemon.java","3","36","The constructor 'ServiceDaemon()' has an NPath complexity of 1, current threshold is 1","Design","NPathComplexity"
"8","","/Users/grantnelson/go/src/github.com/apache/commons-daemon/src/samples/ServiceDaemon.java","3","42","The method 'finalize()' has a NCSS line count of 2.","Design","NcssCount"
"9","","/Users/grantnelson/go/src/github.com/apache/commons-daemon/src/samples/ServiceDaemon.java","3","42","The method 'finalize()' has a cyclomatic complexity of 1.","Design","CyclomaticComplexity"
"10","","/Users/grantnelson/go/src/github.com/apache/commons-daemon/src/samples/ServiceDaemon.java","3","42","The method 'finalize()' has an NPath complexity of 1, current threshold is 1","Design","NPathComplexity"
"11","","/Users/grantnelson/go/src/github.com/apache/commons-daemon/src/samples/ServiceDaemon.java","3","50","The method 'init(DaemonContext)' has a NCSS line count of 19.","Design","NcssCount"
"12","","/Users/grantnelson/go/src/github.com/apache/commons-daemon/src/samples/ServiceDaemon.java","3","50","The method 'init(DaemonContext)' has a cognitive complexity of 3, current threshold is 1","Design","CognitiveComplexity"
"13","","/Users/grantnelson/go/src/github.com/apache/commons-daemon/src/samples/ServiceDaemon.java","3","50","The method 'init(DaemonContext)' has a cyclomatic complexity of 4.","Design","CyclomaticComplexity"
"14","","/Users/grantnelson/go/src/github.com/apache/commons-daemon/src/samples/ServiceDaemon.java","3","50","The method 'init(DaemonContext)' has an NPath complexity of 4, current threshold is 1","Design","NPathComplexity"
"15","","/Users/grantnelson/go/src/github.com/apache/commons-daemon/src/samples/ServiceDaemon.java","3","50","Avoid long parameter lists (1 parameters - threshold is 1).","Design","ExcessiveParameterList"
"16","","/Users/grantnelson/go/src/github.com/apache/commons-daemon/src/samples/ServiceDaemon.java","3","86","The method 'start()' has a NCSS line count of 14.","Design","NcssCount"
"17","","/Users/grantnelson/go/src/github.com/apache/commons-daemon/src/samples/ServiceDaemon.java","3","86","The method 'start()' has a cognitive complexity of 3, current threshold is 1","Design","CognitiveComplexity"
"18","","/Users/grantnelson/go/src/github.com/apache/commons-daemon/src/samples/ServiceDaemon.java","3","86","The method 'start()' has a cyclomatic complexity of 3.","Design","CyclomaticComplexity"
"19","","/Users/grantnelson/go/src/github.com/apache/commons-daemon/src/samples/ServiceDaemon.java","3","86","The method 'start()' has an NPath complexity of 2, current threshold is 1","Design","NPathComplexity"
"20","","/Users/grantnelson/go/src/github.com/apache/commons-daemon/src/samples/ServiceDaemon.java","3","111","The method 'stop()' has a NCSS line count of 10.","Design","NcssCount"
"21","","/Users/grantnelson/go/src/github.com/apache/commons-daemon/src/samples/ServiceDaemon.java","3","111","The method 'stop()' has a cognitive complexity of 5, current threshold is 1","Design","CognitiveComplexity"
"22","","/Users/grantnelson/go/src/github.com/apache/commons-daemon/src/samples/ServiceDaemon.java","3","111","The method 'stop()' has a cyclomatic complexity of 4.","Design","CyclomaticComplexity"
"23","","/Users/grantnelson/go/src/github.com/apache/commons-daemon/src/samples/ServiceDaemon.java","3","111","The method 'stop()' has an NPath complexity of 3, current threshold is 1","Design","NPathComplexity"
"24","","/Users/grantnelson/go/src/github.com/apache/commons-daemon/src/samples/ServiceDaemon.java","3","131","The method 'destroy()' has a NCSS line count of 2.","Design","NcssCount"
"25","","/Users/grantnelson/go/src/github.com/apache/commons-daemon/src/samples/ServiceDaemon.java","3","131","The method 'destroy()' has a cyclomatic complexity of 1.","Design","CyclomaticComplexity"
"26","","/Users/grantnelson/go/src/github.com/apache/commons-daemon/src/samples/ServiceDaemon.java","3","131","The method 'destroy()' has an NPath complexity of 1, current threshold is 1","Design","NPathComplexity"
"1","","/Users/grantnelson/go/src/github.com/apache/commons-daemon/src/samples/ServiceDaemonReadThread.java","3","24","A value of 2 may denote a high amount of coupling within the class (threshold: 1)","Design","CouplingBetweenObjects"
"2","","/Users/grantnelson/go/src/github.com/apache/commons-daemon/src/samples/ServiceDaemonReadThread.java","3","24","The class 'ServiceDaemonReadThread' has a NCSS line count of 13 (Highest = 9).","Design","NcssCount"
"3","","/Users/grantnelson/go/src/github.com/apache/commons-daemon/src/samples/ServiceDaemonReadThread.java","3","24","The class 'ServiceDaemonReadThread' has a total cyclomatic complexity of 5 (highest 4).","Design","CyclomaticComplexity"
"4","","/Users/grantnelson/go/src/github.com/apache/commons-daemon/src/samples/ServiceDaemonReadThread.java","3","24","This class has 1 public methods and attributes; current threshold is 1.","Design","ExcessivePublicCount"
"5","","/Users/grantnelson/go/src/github.com/apache/commons-daemon/src/samples/ServiceDaemonReadThread.java","3","26","The constructor 'ServiceDaemonReadThread(InputStream)' has a NCSS line count of 2.","Design","NcssCount"
"6","","/Users/grantnelson/go/src/github.com/apache/commons-daemon/src/samples/ServiceDaemonReadThread.java","3","26","The constructor 'ServiceDaemonReadThread(InputStream)' has a cyclomatic complexity of 1.","Design","CyclomaticComplexity"
"7","","/Users/grantnelson/go/src/github.com/apache/commons-daemon/src/samples/ServiceDaemonReadThread.java","3","26","The constructor 'ServiceDaemonReadThread(InputStream)' has an NPath complexity of 1, current threshold is 1","Design","NPathComplexity"
"8","","/Users/grantnelson/go/src/github.com/apache/commons-daemon/src/samples/ServiceDaemonReadThread.java","3","26","Avoid long parameter lists (1 parameters - threshold is 1).","Design","ExcessiveParameterList"
"9","","/Users/grantnelson/go/src/github.com/apache/commons-daemon/src/samples/ServiceDaemonReadThread.java","3","29","The method 'run()' has a NCSS line count of 9.","Design","NcssCount"
"10","","/Users/grantnelson/go/src/github.com/apache/commons-daemon/src/samples/ServiceDaemonReadThread.java","3","29","The method 'run()' has a cognitive complexity of 5, current threshold is 1","Design","CognitiveComplexity"
"11","","/Users/grantnelson/go/src/github.com/apache/commons-daemon/src/samples/ServiceDaemonReadThread.java","3","29","The method 'run()' has a cyclomatic complexity of 4.","Design","CyclomaticComplexity"
"12","","/Users/grantnelson/go/src/github.com/apache/commons-daemon/src/samples/ServiceDaemonReadThread.java","3","29","The method 'run()' has an NPath complexity of 2, current threshold is 1","Design","NPathComplexity"
"1","","/Users/grantnelson/go/src/github.com/apache/commons-daemon/src/samples/SimpleApplication.java","3","32","A value of 5 may denote a high amount of coupling within the class (threshold: 1)","Design","CouplingBetweenObjects"
"2","","/Users/grantnelson/go/src/github.com/apache/commons-daemon/src/samples/SimpleApplication.java","3","32","The class 'SimpleApplication' has a NCSS line count of 174 (Highest = 18).","Design","NcssCount"
"3","","/Users/grantnelson/go/src/github.com/apache/commons-daemon/src/samples/SimpleApplication.java","3","32","The class 'SimpleApplication' has a total cyclomatic complexity of 18 (highest 5).","Design","CyclomaticComplexity"
"4","","/Users/grantnelson/go/src/github.com/apache/commons-daemon/src/samples/SimpleApplication.java","3","32","This class has 9 public methods and attributes; current threshold is 1.","Design","ExcessivePublicCount"
"5","","/Users/grantnelson/go/src/github.com/apache/commons-daemon/src/samples/SimpleApplication.java","3","40","The method 'toto()' has a NCSS line count of 1.","Design","NcssCount"
"6","","/Users/grantnelson/go/src/github.com/apache/commons-daemon/src/samples/SimpleApplication.java","3","40","The method 'toto()' has a cyclomatic complexity of 1.","Design","CyclomaticComplexity"
"7","","/Users/grantnelson/go/src/github.com/apache/commons-daemon/src/samples/SimpleApplication.java","3","40","The method 'toto()' has an NPath complexity of 1, current threshold is 1","Design","NPathComplexity"
"8","","/Users/grantnelson/go/src/github.com/apache/commons-daemon/src/samples/SimpleApplication.java","3","42","The constructor 'SimpleApplication()' has a NCSS line count of 4.","Design","NcssCount"
"9","","/Users/grantnelson/go/src/github.com/apache/commons-daemon/src/samples/SimpleApplication.java","3","42","The constructor 'SimpleApplication()' has a cyclomatic complexity of 1.","Design","CyclomaticComplexity"
"10","","/Users/grantnelson/go/src/github.com/apache/commons-daemon/src/samples/SimpleApplication.java","3","42","The constructor 'SimpleApplication()' has an NPath complexity of 1, current threshold is 1","Design","NPathComplexity"
"11","","/Users/grantnelson/go/src/github.com/apache/commons-daemon/src/samples/SimpleApplication.java","3","50","The method 'finalize()' has a NCSS line count of 2.","Design","NcssCount"
"12","","/Users/grantnelson/go/src/github.com/apache/commons-daemon/src/samples/SimpleApplication.java","3","50","The method 'finalize()' has a cyclomatic complexity of 1.","Design","CyclomaticComplexity"
"13","","/Users/grantnelson/go/src/github.com/apache/commons-daemon/src/samples/SimpleApplication.java","3","50","The method 'finalize()' has an NPath complexity of 1, current threshold is 1","Design","NPathComplexity"
"14","","/Users/grantnelson/go/src/github.com/apache/commons-daemon/src/samples/SimpleApplication.java","3","58","The method 'main(String[])' has a NCSS line count of 17.","Design","NcssCount"
"15","","/Users/grantnelson/go/src/github.com/apache/commons-daemon/src/samples/SimpleApplication.java","3","58","The method 'main(String[])' has a cognitive complexity of 5, current threshold is 1","Design","CognitiveComplexity"
"16","","/Users/grantnelson/go/src/github.com/apache/commons-daemon/src/samples/SimpleApplication.java","3","58","The method 'main(String[])' has a cyclomatic complexity of 5.","Design","CyclomaticComplexity"
"17","","/Users/grantnelson/go/src/github.com/apache/commons-daemon/src/samples/SimpleApplication.java","3","58","The method 'main(String[])' has an NPath complexity of 12, current threshold is 1","Design","NPathComplexity"
"18","","/Users/grantnelson/go/src/github.com/apache/commons-daemon/src/samples/SimpleApplication.java","3","58","Avoid long parameter lists (1 parameters - threshold is 1).","Design","ExcessiveParameterList"
"19","","/Users/grantnelson/go/src/github.com/apache/commons-daemon/src/samples/SimpleApplication.java","3","87","The method 'start()' has a NCSS line count of 3.","Design","NcssCount"
"20","","/Users/grantnelson/go/src/github.com/apache/commons-daemon/src/samples/SimpleApplication.java","3","87","The method 'start()' has a cyclomatic complexity of 1.","Design","CyclomaticComplexity"
"21","","/Users/grantnelson/go/src/github.com/apache/commons-daemon/src/samples/SimpleApplication.java","3","87","The method 'start()' has an NPath complexity of 1, current threshold is 1","Design","NPathComplexity"
"22","","/Users/grantnelson/go/src/github.com/apache/commons-daemon/src/samples/SimpleApplication.java","3","96","The method 'stop()' has a NCSS line count of 6.","Design","NcssCount"
"23","","/Users/grantnelson/go/src/github.com/apache/commons-daemon/src/samples/SimpleApplication.java","3","96","The method 'stop()' has a cyclomatic complexity of 1.","Design","CyclomaticComplexity"
"24","","/Users/grantnelson/go/src/github.com/apache/commons-daemon/src/samples/SimpleApplication.java","3","96","The method 'stop()' has an NPath complexity of 1, current threshold is 1","Design","NPathComplexity"
"25","","/Users/grantnelson/go/src/github.com/apache/commons-daemon/src/samples/SimpleApplication.java","3","111","The method 'destroy()' has a NCSS line count of 2.","Design","NcssCount"
"26","","/Users/grantnelson/go/src/github.com/apache/commons-daemon/src/samples/SimpleApplication.java","3","111","The method 'destroy()' has a cyclomatic complexity of 1.","Design","CyclomaticComplexity"
"27","","/Users/grantnelson/go/src/github.com/apache/commons-daemon/src/samples/SimpleApplication.java","3","111","The method 'destroy()' has an NPath complexity of 1, current threshold is 1","Design","NPathComplexity"
"28","","/Users/grantnelson/go/src/github.com/apache/commons-daemon/src/samples/SimpleApplication.java","3","117","The method 'run()' has a NCSS line count of 18.","Design","NcssCount"
"29","","/Users/grantnelson/go/src/github.com/apache/commons-daemon/src/samples/SimpleApplication.java","3","117","The method 'run()' has a cognitive complexity of 5, current threshold is 1","Design","CognitiveComplexity"
"30","","/Users/grantnelson/go/src/github.com/apache/commons-daemon/src/samples/SimpleApplication.java","3","117","The method 'run()' has a cyclomatic complexity of 5.","Design","CyclomaticComplexity"
"31","","/Users/grantnelson/go/src/github.com/apache/commons-daemon/src/samples/SimpleApplication.java","3","117","The method 'run()' has an NPath complexity of 8, current threshold is 1","Design","NPathComplexity"
"32","","/Users/grantnelson/go/src/github.com/apache/commons-daemon/src/samples/SimpleApplication.java","3","148","The method 'addHandler(Handler)' has a NCSS line count of 3.","Design","NcssCount"
"33","","/Users/grantnelson/go/src/github.com/apache/commons-daemon/src/samples/SimpleApplication.java","3","148","The method 'addHandler(Handler)' has a cyclomatic complexity of 1.","Design","CyclomaticComplexity"
"34","","/Users/grantnelson/go/src/github.com/apache/commons-daemon/src/samples/SimpleApplication.java","3","148","The method 'addHandler(Handler)' has an NPath complexity of 1, current threshold is 1","Design","NPathComplexity"
"35","","/Users/grantnelson/go/src/github.com/apache/commons-daemon/src/samples/SimpleApplication.java","3","148","Avoid long parameter lists (1 parameters - threshold is 1).","Design","ExcessiveParameterList"
"36","","/Users/grantnelson/go/src/github.com/apache/commons-daemon/src/samples/SimpleApplication.java","3","154","The method 'removeHandler(Handler)' has a NCSS line count of 3.","Design","NcssCount"
"37","","/Users/grantnelson/go/src/github.com/apache/commons-daemon/src/samples/SimpleApplication.java","3","154","The method 'removeHandler(Handler)' has a cyclomatic complexity of 1.","Design","CyclomaticComplexity"
"38","","/Users/grantnelson/go/src/github.com/apache/commons-daemon/src/samples/SimpleApplication.java","3","154","The method 'removeHandler(Handler)' has an NPath complexity of 1, current threshold is 1","Design","NPathComplexity"
"39","","/Users/grantnelson/go/src/github.com/apache/commons-daemon/src/samples/SimpleApplication.java","3","154","Avoid long parameter lists (1 parameters - threshold is 1).","Design","ExcessiveParameterList"
"40","","/Users/grantnelson/go/src/github.com/apache/commons-daemon/src/samples/SimpleApplication.java","3","160","The class 'ShutdownHook' has a NCSS line count of 9 (Highest = 5).","Design","NcssCount"
"41","","/Users/grantnelson/go/src/github.com/apache/commons-daemon/src/samples/SimpleApplication.java","3","160","The class 'ShutdownHook' has a total cyclomatic complexity of 3 (highest 2).","Design","CyclomaticComplexity"
"42","","/Users/grantnelson/go/src/github.com/apache/commons-daemon/src/samples/SimpleApplication.java","3","160","This class has 2 public methods and attributes; current threshold is 1.","Design","ExcessivePublicCount"
"43","","/Users/grantnelson/go/src/github.com/apache/commons-daemon/src/samples/SimpleApplication.java","3","164","The constructor 'ShutdownHook(SimpleApplication)' has a NCSS line count of 2.","Design","NcssCount"
"44","","/Users/grantnelson/go/src/github.com/apache/commons-daemon/src/samples/SimpleApplication.java","3","164","The constructor 'ShutdownHook(SimpleApplication)' has a cyclomatic complexity of 1.","Design","CyclomaticComplexity"
"45","","/Users/grantnelson/go/src/github.com/apache/commons-daemon/src/samples/SimpleApplication.java","3","164","The constructor 'ShutdownHook(SimpleApplication)' has an NPath complexity of 1, current threshold is 1","Design","NPathComplexity"
"46","","/Users/grantnelson/go/src/github.com/apache/commons-daemon/src/samples/SimpleApplication.java","3","164","Avoid long parameter lists (1 parameters - threshold is 1).","Design","ExcessiveParameterList"
"47","","/Users/grantnelson/go/src/github.com/apache/commons-daemon/src/samples/SimpleApplication.java","3","168","The method 'run()' has a NCSS line count of 5.","Design","NcssCount"
"48","","/Users/grantnelson/go/src/github.com/apache/commons-daemon/src/samples/SimpleApplication.java","3","168","The method 'run()' has a cognitive complexity of 1, current threshold is 1","Design","CognitiveComplexity"
"49","","/Users/grantnelson/go/src/github.com/apache/commons-daemon/src/samples/SimpleApplication.java","3","168","The method 'run()' has a cyclomatic complexity of 2.","Design","CyclomaticComplexity"
"50","","/Users/grantnelson/go/src/github.com/apache/commons-daemon/src/samples/SimpleApplication.java","3","168","The method 'run()' has an NPath complexity of 1, current threshold is 1","Design","NPathComplexity"
"51","","/Users/grantnelson/go/src/github.com/apache/commons-daemon/src/samples/SimpleApplication.java","3","180","A value of 7 may denote a high amount of coupling within the class (threshold: 1)","Design","CouplingBetweenObjects"
"52","","/Users/grantnelson/go/src/github.com/apache/commons-daemon/src/samples/SimpleApplication.java","3","180","The class 'Handler' has a NCSS line count of 100 (Highest = 55).","Design","NcssCount"
"53","","/Users/grantnelson/go/src/github.com/apache/commons-daemon/src/samples/SimpleApplication.java","3","180","The class 'Handler' has a total cyclomatic complexity of 28 (highest 15).","Design","CyclomaticComplexity"
"54","","/Users/grantnelson/go/src/github.com/apache/commons-daemon/src/samples/SimpleApplication.java","3","180","This class has 10 public methods and attributes; current threshold is 1.","Design","ExcessivePublicCount"
"55","","/Users/grantnelson/go/src/github.com/apache/commons-daemon/src/samples/SimpleApplication.java","3","187","The constructor 'Handler(Socket, SimpleApplication)' has a NCSS line count of 4.","Design","NcssCount"
"56","","/Users/grantnelson/go/src/github.com/apache/commons-daemon/src/samples/SimpleApplication.java","3","187","The constructor 'Handler(Socket, SimpleApplication)' has a cyclomatic complexity of 1.","Design","CyclomaticComplexity"
"57","","/Users/grantnelson/go/src/github.com/apache/commons-daemon/src/samples/SimpleApplication.java","3","187","The constructor 'Handler(Socket, SimpleApplication)' has an NPath complexity of 1, current threshold is 1","Design","NPathComplexity"
"58","","/Users/grantnelson/go/src/github.com/apache/commons-daemon/src/samples/SimpleApplication.java","3","187","Avoid long parameter lists (2 parameters - threshold is 1).","Design","ExcessiveParameterList"
"59","","/Users/grantnelson/go/src/github.com/apache/commons-daemon/src/samples/SimpleApplication.java","3","193","The method 'run()' has a NCSS line count of 11.","Design","NcssCount"
"60","","/Users/grantnelson/go/src/github.com/apache/commons-daemon/src/samples/SimpleApplication.java","3","193","The method 'run()' has a cognitive complexity of 1, current threshold is 1","Design","CognitiveComplexity"
"61","","/Users/grantnelson/go/src/github.com/apache/commons-daemon/src/samples/SimpleApplication.java","3","193","The method 'run()' has a cyclomatic complexity of 2.","Design","CyclomaticComplexity"
"62","","/Users/grantnelson/go/src/github.com/apache/commons-daemon/src/samples/SimpleApplication.java","3","193","The method 'run()' has an NPath complexity of 1, current threshold is 1","Design","NPathComplexity"
"63","","/Users/grantnelson/go/src/github.com/apache/commons-daemon/src/samples/SimpleApplication.java","3","210","The method 'close()' has a NCSS line count of 4.","Design","NcssCount"
"64","","/Users/grantnelson/go/src/github.com/apache/commons-daemon/src/samples/SimpleApplication.java","3","210","The method 'close()' has a cognitive complexity of 1, current threshold is 1","Design","CognitiveComplexity"
"65","","/Users/grantnelson/go/src/github.com/apache/commons-daemon/src/samples/SimpleApplication.java","3","210","The method 'close()' has a cyclomatic complexity of 2.","Design","CyclomaticComplexity"
"66","","/Users/grantnelson/go/src/github.com/apache/commons-daemon/src/samples/SimpleApplication.java","3","210","The method 'close()' has an NPath complexity of 1, current threshold is 1","Design","NPathComplexity"
"67","","/Users/grantnelson/go/src/github.com/apache/commons-daemon/src/samples/SimpleApplication.java","3","218","The method 'setConnectionNumber(int)' has a NCSS line count of 2.","Design","NcssCount"
"68","","/Users/grantnelson/go/src/github.com/apache/commons-daemon/src/samples/SimpleApplication.java","3","218","The method 'setConnectionNumber(int)' has a cyclomatic complexity of 1.","Design","CyclomaticComplexity"
"69","","/Users/grantnelson/go/src/github.com/apache/commons-daemon/src/samples/SimpleApplication.java","3","218","The method 'setConnectionNumber(int)' has an NPath complexity of 1, current threshold is 1","Design","NPathComplexity"
"70","","/Users/grantnelson/go/src/github.com/apache/commons-daemon/src/samples/SimpleApplication.java","3","218","Avoid long parameter lists (1 parameters - threshold is 1).","Design","ExcessiveParameterList"
"71","","/Users/grantnelson/go/src/github.com/apache/commons-daemon/src/samples/SimpleApplication.java","3","222","The method 'getConnectionNumber()' has a NCSS line count of 2.","Design","NcssCount"
"72","","/Users/grantnelson/go/src/github.com/apache/commons-daemon/src/samples/SimpleApplication.java","3","222","The method 'getConnectionNumber()' has a cyclomatic complexity of 1.","Design","CyclomaticComplexity"
"73","","/Users/grantnelson/go/src/github.com/apache/commons-daemon/src/samples/SimpleApplication.java","3","222","The method 'getConnectionNumber()' has an NPath complexity of 1, current threshold is 1","Design","NPathComplexity"
"74","","/Users/grantnelson/go/src/github.com/apache/commons-daemon/src/samples/SimpleApplication.java","3","226","The method 'setDirectoryName(String)' has a NCSS line count of 2.","Design","NcssCount"
"75","","/Users/grantnelson/go/src/github.com/apache/commons-daemon/src/samples/SimpleApplication.java","3","226","The method 'setDirectoryName(String)' has a cyclomatic complexity of 1.","Design","CyclomaticComplexity"
"76","","/Users/grantnelson/go/src/github.com/apache/commons-daemon/src/samples/SimpleApplication.java","3","226","The method 'setDirectoryName(String)' has an NPath complexity of 1, current threshold is 1","Design","NPathComplexity"
"77","","/Users/grantnelson/go/src/github.com/apache/commons-daemon/src/samples/SimpleApplication.java","3","226","Avoid long parameter lists (1 parameters - threshold is 1).","Design","ExcessiveParameterList"
"78","","/Users/grantnelson/go/src/github.com/apache/commons-daemon/src/samples/SimpleApplication.java","3","230","The method 'getDirectoryName()' has a NCSS line count of 2.","Design","NcssCount"
"79","","/Users/grantnelson/go/src/github.com/apache/commons-daemon/src/samples/SimpleApplication.java","3","230","The method 'getDirectoryName()' has a cyclomatic complexity of 1.","Design","CyclomaticComplexity"
"80","","/Users/grantnelson/go/src/github.com/apache/commons-daemon/src/samples/SimpleApplication.java","3","230","The method 'getDirectoryName()' has an NPath complexity of 1, current threshold is 1","Design","NPathComplexity"
"81","","/Users/grantnelson/go/src/github.com/apache/commons-daemon/src/samples/SimpleApplication.java","3","234","The method 'createFile(String)' has a NCSS line count of 7.","Design","NcssCount"
"82","","/Users/grantnelson/go/src/github.com/apache/commons-daemon/src/samples/SimpleApplication.java","3","234","The method 'createFile(String)' has a cyclomatic complexity of 1.","Design","CyclomaticComplexity"
"83","","/Users/grantnelson/go/src/github.com/apache/commons-daemon/src/samples/SimpleApplication.java","3","234","The method 'createFile(String)' has an NPath complexity of 1, current threshold is 1","Design","NPathComplexity"
"84","","/Users/grantnelson/go/src/github.com/apache/commons-daemon/src/samples/SimpleApplication.java","3","234","Avoid long parameter lists (1 parameters - threshold is 1).","Design","ExcessiveParameterList"
"85","","/Users/grantnelson/go/src/github.com/apache/commons-daemon/src/samples/SimpleApplication.java","3","245","The method 'createDir(String)' has a NCSS line count of 6.","Design","NcssCount"
"86","","/Users/grantnelson/go/src/github.com/apache/commons-daemon/src/samples/SimpleApplication.java","3","245","The method 'createDir(String)' has a cognitive complexity of 1, current threshold is 1","Design","CognitiveComplexity"
"87","","/Users/grantnelson/go/src/github.com/apache/commons-daemon/src/samples/SimpleApplication.java","3","245","The method 'createDir(String)' has a cyclomatic complexity of 3.","Design","CyclomaticComplexity"
"88","","/Users/grantnelson/go/src/github.com/apache/commons-daemon/src/samples/SimpleApplication.java","3","245","The method 'createDir(String)' has an NPath complexity of 2, current threshold is 1","Design","NPathComplexity"
"89","","/Users/grantnelson/go/src/github.com/apache/commons-daemon/src/samples/SimpleApplication.java","3","245","Avoid long parameter lists (1 parameters - threshold is 1).","Design","ExcessiveParameterList"
"90","","/Users/grantnelson/go/src/github.com/apache/commons-daemon/src/samples/SimpleApplication.java","3","254","The method 'handle(InputStream, OutputStream)' has a NCSS line count of 55.","Design","NcssCount"
"91","","/Users/grantnelson/go/src/github.com/apache/commons-daemon/src/samples/SimpleApplication.java","3","254","The method 'handle(InputStream, OutputStream)' has a cognitive complexity of 16, current threshold is 1","Design","CognitiveComplexity"
"92","","/Users/grantnelson/go/src/github.com/apache/commons-daemon/src/samples/SimpleApplication.java","3","254","The method 'handle(InputStream, OutputStream)' has a cyclomatic complexity of 15.","Design","CyclomaticComplexity"
"93","","/Users/grantnelson/go/src/github.com/apache/commons-daemon/src/samples/SimpleApplication.java","3","254","The method 'handle(InputStream, OutputStream)' has an NPath complexity of 18, current threshold is 1","Design","NPathComplexity"
"94","","/Users/grantnelson/go/src/github.com/apache/commons-daemon/src/samples/SimpleApplication.java","3","254","Avoid long parameter lists (2 parameters - threshold is 1).","Design","ExcessiveParameterList"
"1","","/Users/grantnelson/go/src/github.com/apache/commons-daemon/src/samples/SimpleDaemon.java","3","37","A value of 7 may denote a high amount of coupling within the class (threshold: 1)","Design","CouplingBetweenObjects"
"2","","/Users/grantnelson/go/src/github.com/apache/commons-daemon/src/samples/SimpleDaemon.java","3","37","The class 'SimpleDaemon' has a NCSS line count of 176 (Highest = 18).","Design","NcssCount"
"3","","/Users/grantnelson/go/src/github.com/apache/commons-daemon/src/samples/SimpleDaemon.java","3","37","The class 'SimpleDaemon' has a total cyclomatic complexity of 18 (highest 5).","Design","CyclomaticComplexity"
"4","","/Users/grantnelson/go/src/github.com/apache/commons-daemon/src/samples/SimpleDaemon.java","3","37","This class has 8 public methods and attributes; current threshold is 1.","Design","ExcessivePublicCount"
"5","","/Users/grantnelson/go/src/github.com/apache/commons-daemon/src/samples/SimpleDaemon.java","3","46","The method 'toto()' has a NCSS line count of 1.","Design","NcssCount"
"6","","/Users/grantnelson/go/src/github.com/apache/commons-daemon/src/samples/SimpleDaemon.java","3","46","The method 'toto()' has a cyclomatic complexity of 1.","Design","CyclomaticComplexity"
"7","","/Users/grantnelson/go/src/github.com/apache/commons-daemon/src/samples/SimpleDaemon.java","3","46","The method 'toto()' has an NPath complexity of 1, current threshold is 1","Design","NPathComplexity"
"8","","/Users/grantnelson/go/src/github.com/apache/commons-daemon/src/samples/SimpleDaemon.java","3","48","The constructor 'SimpleDaemon()' has a NCSS line count of 4.","Design","NcssCount"
"9","","/Users/grantnelson/go/src/github.com/apache/commons-daemon/src/samples/SimpleDaemon.java","3","48","The constructor 'SimpleDaemon()' has a cyclomatic complexity of 1.","Design","CyclomaticComplexity"
"10","","/Users/grantnelson/go/src/github.com/apache/commons-daemon/src/samples/SimpleDaemon.java","3","48","The constructor 'SimpleDaemon()' has an NPath complexity of 1, current threshold is 1","Design","NPathComplexity"
"11","","/Users/grantnelson/go/src/github.com/apache/commons-daemon/src/samples/SimpleDaemon.java","3","55","The method 'finalize()' has a NCSS line count of 2.","Design","NcssCount"
"12","","/Users/grantnelson/go/src/github.com/apache/commons-daemon/src/samples/SimpleDaemon.java","3","55","The method 'finalize()' has a cyclomatic complexity of 1.","Design","CyclomaticComplexity"
"13","","/Users/grantnelson/go/src/github.com/apache/commons-daemon/src/samples/SimpleDaemon.java","3","55","The method 'finalize()' has an NPath complexity of 1, current threshold is 1","Design","NPathComplexity"
"14","","/Users/grantnelson/go/src/github.com/apache/commons-daemon/src/samples/SimpleDaemon.java","3","63","The method 'init(DaemonContext)' has a NCSS line count of 16.","Design","NcssCount"
"15","","/Users/grantnelson/go/src/github.com/apache/commons-daemon/src/samples/SimpleDaemon.java","3","63","The method 'init(DaemonContext)' has a cognitive complexity of 4, current threshold is 1","Design","CognitiveComplexity"
"16","","/Users/grantnelson/go/src/github.com/apache/commons-daemon/src/samples/SimpleDaemon.java","3","63","The method 'init(DaemonContext)' has a cyclomatic complexity of 5.","Design","CyclomaticComplexity"
"17","","/Users/grantnelson/go/src/github.com/apache/commons-daemon/src/samples/SimpleDaemon.java","3","63","The method 'init(DaemonContext)' has an NPath complexity of 2, current threshold is 1","Design","NPathComplexity"
"18","","/Users/grantnelson/go/src/github.com/apache/commons-daemon/src/samples/SimpleDaemon.java","3","63","Avoid long parameter lists (1 parameters - threshold is 1).","Design","ExcessiveParameterList"
"19","","/Users/grantnelson/go/src/github.com/apache/commons-daemon/src/samples/SimpleDaemon.java","3","90","The method 'start()' has a NCSS line count of 3.","Design","NcssCount"
"20","","/Users/grantnelson/go/src/github.com/apache/commons-daemon/src/samples/SimpleDaemon.java","3","90","The method 'start()' has a cyclomatic complexity of 1.","Design","CyclomaticComplexity"
"21","","/Users/grantnelson/go/src/github.com/apache/commons-daemon/src/samples/SimpleDaemon.java","3","90","The method 'start()' has an NPath complexity of 1, current threshold is 1","Design","NPathComplexity"
"22","","/Users/grantnelson/go/src/github.com/apache/commons-daemon/src/samples/SimpleDaemon.java","3","98","The method 'stop()' has a NCSS line count of 6.","Design","NcssCount"
"23","","/Users/grantnelson/go/src/github.com/apache/commons-daemon/src/samples/SimpleDaemon.java","3","98","The method 'stop()' has a cyclomatic complexity of 1.","Design","CyclomaticComplexity"
"24","","/Users/grantnelson/go/src/github.com/apache/commons-daemon/src/samples/SimpleDaemon.java","3","98","The method 'stop()' has an NPath complexity of 1, current threshold is 1","Design","NPathComplexity"
"25","","/Users/grantnelson/go/src/github.com/apache/commons-daemon/src/samples/SimpleDaemon.java","3","112","The method 'destroy()' has a NCSS line count of 2.","Design","NcssCount"
"26","","/Users/grantnelson/go/src/github.com/apache/commons-daemon/src/samples/SimpleDaemon.java","3","112","The method 'destroy()' has a cyclomatic complexity of 1.","Design","CyclomaticComplexity"
"27","","/Users/grantnelson/go/src/github.com/apache/commons-daemon/src/samples/SimpleDaemon.java","3","112","The method 'destroy()' has an NPath complexity of 1, current threshold is 1","Design","NPathComplexity"
"28","","/Users/grantnelson/go/src/github.com/apache/commons-daemon/src/samples/SimpleDaemon.java","3","117","The method 'run()' has a NCSS line count of 18.","Design","NcssCount"
"29","","/Users/grantnelson/go/src/github.com/apache/commons-daemon/src/samples/SimpleDaemon.java","3","117","The method 'run()' has a cognitive complexity of 5, current threshold is 1","Design","CognitiveComplexity"
"30","","/Users/grantnelson/go/src/github.com/apache/commons-daemon/src/samples/SimpleDaemon.java","3","117","The method 'run()' has a cyclomatic complexity of 5.","Design","CyclomaticComplexity"
"31","","/Users/grantnelson/go/src/github.com/apache/commons-daemon/src/samples/SimpleDaemon.java","3","117","The method 'run()' has an NPath complexity of 8, current threshold is 1","Design","NPathComplexity"
"32","","/Users/grantnelson/go/src/github.com/apache/commons-daemon/src/samples/SimpleDaemon.java","3","147","The method 'addHandler(Handler)' has a NCSS line count of 3.","Design","NcssCount"
"33","","/Users/grantnelson/go/src/github.com/apache/commons-daemon/src/samples/SimpleDaemon.java","3","147","The method 'addHandler(Handler)' has a cyclomatic complexity of 1.","Design","CyclomaticComplexity"
"34","","/Users/grantnelson/go/src/github.com/apache/commons-daemon/src/samples/SimpleDaemon.java","3","147","The method 'addHandler(Handler)' has an NPath complexity of 1, current threshold is 1","Design","NPathComplexity"
"35","","/Users/grantnelson/go/src/github.com/apache/commons-daemon/src/samples/SimpleDaemon.java","3","147","Avoid long parameter lists (1 parameters - threshold is 1).","Design","ExcessiveParameterList"
"36","","/Users/grantnelson/go/src/github.com/apache/commons-daemon/src/samples/SimpleDaemon.java","3","153","The method 'removeHandler(Handler)' has a NCSS line count of 3.","Design","NcssCount"
"37","","/Users/grantnelson/go/src/github.com/apache/commons-daemon/src/samples/SimpleDaemon.java","3","153","The method 'removeHandler(Handler)' has a cyclomatic complexity of 1.","Design","CyclomaticComplexity"
"38","","/Users/grantnelson/go/src/github.com/apache/commons-daemon/src/samples/SimpleDaemon.java","3","153","The method 'removeHandler(Handler)' has an NPath complexity of 1, current threshold is 1","Design","NPathComplexity"
"39","","/Users/grantnelson/go/src/github.com/apache/commons-daemon/src/samples/SimpleDaemon.java","3","153","Avoid long parameter lists (1 parameters - threshold is 1).","Design","ExcessiveParameterList"
"40","","/Users/grantnelson/go/src/github.com/apache/commons-daemon/src/samples/SimpleDaemon.java","3","159","A value of 8 may denote a high amount of coupling within the class (threshold: 1)","Design","CouplingBetweenObjects"
"41","","/Users/grantnelson/go/src/github.com/apache/commons-daemon/src/samples/SimpleDaemon.java","3","159","The class 'Handler' has a NCSS line count of 111 (Highest = 64).","Design","NcssCount"
"42","","/Users/grantnelson/go/src/github.com/apache/commons-daemon/src/samples/SimpleDaemon.java","3","159","The class 'Handler' has a total cyclomatic complexity of 30 (highest 17).","Design","CyclomaticComplexity"
"43","","/Users/grantnelson/go/src/github.com/apache/commons-daemon/src/samples/SimpleDaemon.java","3","159","This class has 10 public methods and attributes; current threshold is 1.","Design","ExcessivePublicCount"
"44","","/Users/grantnelson/go/src/github.com/apache/commons-daemon/src/samples/SimpleDaemon.java","3","167","The constructor 'Handler(Socket, SimpleDaemon, DaemonController)' has a NCSS line count of 5.","Design","NcssCount"
"45","","/Users/grantnelson/go/src/github.com/apache/commons-daemon/src/samples/SimpleDaemon.java","3","167","The constructor 'Handler(Socket, SimpleDaemon, DaemonController)' has a cyclomatic complexity of 1.","Design","CyclomaticComplexity"
"46","","/Users/grantnelson/go/src/github.com/apache/commons-daemon/src/samples/SimpleDaemon.java","3","167","The constructor 'Handler(Socket, SimpleDaemon, DaemonController)' has an NPath complexity of 1, current threshold is 1","Design","NPathComplexity"
"47","","/Users/grantnelson/go/src/github.com/apache/commons-daemon/src/samples/SimpleDaemon.java","3","167","Avoid long parameter lists (3 parameters - threshold is 1).","Design","ExcessiveParameterList"
"48","","/Users/grantnelson/go/src/github.com/apache/commons-daemon/src/samples/SimpleDaemon.java","3","174","The method 'run()' has a NCSS line count of 11.","Design","NcssCount"
"49","","/Users/grantnelson/go/src/github.com/apache/commons-daemon/src/samples/SimpleDaemon.java","3","174","The method 'run()' has a cognitive complexity of 1, current threshold is 1","Design","CognitiveComplexity"
"50","","/Users/grantnelson/go/src/github.com/apache/commons-daemon/src/samples/SimpleDaemon.java","3","174","The method 'run()' has a cyclomatic complexity of 2.","Design","CyclomaticComplexity"
"51","","/Users/grantnelson/go/src/github.com/apache/commons-daemon/src/samples/SimpleDaemon.java","3","174","The method 'run()' has an NPath complexity of 1, current threshold is 1","Design","NPathComplexity"
"52","","/Users/grantnelson/go/src/github.com/apache/commons-daemon/src/samples/SimpleDaemon.java","3","191","The method 'close()' has a NCSS line count of 4.","Design","NcssCount"
"53","","/Users/grantnelson/go/src/github.com/apache/commons-daemon/src/samples/SimpleDaemon.java","3","191","The method 'close()' has a cognitive complexity of 1, current threshold is 1","Design","CognitiveComplexity"
"54","","/Users/grantnelson/go/src/github.com/apache/commons-daemon/src/samples/SimpleDaemon.java","3","191","The method 'close()' has a cyclomatic complexity of 2.","Design","CyclomaticComplexity"
"55","","/Users/grantnelson/go/src/github.com/apache/commons-daemon/src/samples/SimpleDaemon.java","3","191","The method 'close()' has an NPath complexity of 1, current threshold is 1","Design","NPathComplexity"
"56","","/Users/grantnelson/go/src/github.com/apache/commons-daemon/src/samples/SimpleDaemon.java","3","199","The method 'setConnectionNumber(int)' has a NCSS line count of 2.","Design","NcssCount"
"57","","/Users/grantnelson/go/src/github.com/apache/commons-daemon/src/samples/SimpleDaemon.java","3","199","The method 'setConnectionNumber(int)' has a cyclomatic complexity of 1.","Design","CyclomaticComplexity"
"58","","/Users/grantnelson/go/src/github.com/apache/commons-daemon/src/samples/SimpleDaemon.java","3","199","The method 'setConnectionNumber(int)' has an NPath complexity of 1, current threshold is 1","Design","NPathComplexity"
"59","","/Users/grantnelson/go/src/github.com/apache/commons-daemon/src/samples/SimpleDaemon.java","3","199","Avoid long parameter lists (1 parameters - threshold is 1).","Design","ExcessiveParameterList"
"60","","/Users/grantnelson/go/src/github.com/apache/commons-daemon/src/samples/SimpleDaemon.java","3","203","The method 'getConnectionNumber()' has a NCSS line count of 2.","Design","NcssCount"
"61","","/Users/grantnelson/go/src/github.com/apache/commons-daemon/src/samples/SimpleDaemon.java","3","203","The method 'getConnectionNumber()' has a cyclomatic complexity of 1.","Design","CyclomaticComplexity"
"62","","/Users/grantnelson/go/src/github.com/apache/commons-daemon/src/samples/SimpleDaemon.java","3","203","The method 'getConnectionNumber()' has an NPath complexity of 1, current threshold is 1","Design","NPathComplexity"
"63","","/Users/grantnelson/go/src/github.com/apache/commons-daemon/src/samples/SimpleDaemon.java","3","207","The method 'setDirectoryName(String)' has a NCSS line count of 2.","Design","NcssCount"
"64","","/Users/grantnelson/go/src/github.com/apache/commons-daemon/src/samples/SimpleDaemon.java","3","207","The method 'setDirectoryName(String)' has a cyclomatic complexity of 1.","Design","CyclomaticComplexity"
"65","","/Users/grantnelson/go/src/github.com/apache/commons-daemon/src/samples/SimpleDaemon.java","3","207","The method 'setDirectoryName(String)' has an NPath complexity of 1, current threshold is 1","Design","NPathComplexity"
"66","","/Users/grantnelson/go/src/github.com/apache/commons-daemon/src/samples/SimpleDaemon.java","3","207","Avoid long parameter lists (1 parameters - threshold is 1).","Design","ExcessiveParameterList"
"67","","/Users/grantnelson/go/src/github.com/apache/commons-daemon/src/samples/SimpleDaemon.java","3","211","The method 'getDirectoryName()' has a NCSS line count of 2.","Design","NcssCount"
"68","","/Users/grantnelson/go/src/github.com/apache/commons-daemon/src/samples/SimpleDaemon.java","3","211","The method 'getDirectoryName()' has a cyclomatic complexity of 1.","Design","CyclomaticComplexity"
"69","","/Users/grantnelson/go/src/github.com/apache/commons-daemon/src/samples/SimpleDaemon.java","3","211","The method 'getDirectoryName()' has an NPath complexity of 1, current threshold is 1","Design","NPathComplexity"
"70","","/Users/grantnelson/go/src/github.com/apache/commons-daemon/src/samples/SimpleDaemon.java","3","215","The method 'createFile(String)' has a NCSS line count of 7.","Design","NcssCount"
"71","","/Users/grantnelson/go/src/github.com/apache/commons-daemon/src/samples/SimpleDaemon.java","3","215","The method 'createFile(String)' has a cyclomatic complexity of 1.","Design","CyclomaticComplexity"
"72","","/Users/grantnelson/go/src/github.com/apache/commons-daemon/src/samples/SimpleDaemon.java","3","215","The method 'createFile(String)' has an NPath complexity of 1, current threshold is 1","Design","NPathComplexity"
"73","","/Users/grantnelson/go/src/github.com/apache/commons-daemon/src/samples/SimpleDaemon.java","3","215","Avoid long parameter lists (1 parameters - threshold is 1).","Design","ExcessiveParameterList"
"74","","/Users/grantnelson/go/src/github.com/apache/commons-daemon/src/samples/SimpleDaemon.java","3","226","The method 'createDir(String)' has a NCSS line count of 6.","Design","NcssCount"
"75","","/Users/grantnelson/go/src/github.com/apache/commons-daemon/src/samples/SimpleDaemon.java","3","226","The method 'createDir(String)' has a cognitive complexity of 1, current threshold is 1","Design","CognitiveComplexity"
"76","","/Users/grantnelson/go/src/github.com/apache/commons-daemon/src/samples/SimpleDaemon.java","3","226","The method 'createDir(String)' has a cyclomatic complexity of 3.","Design","CyclomaticComplexity"
"77","","/Users/grantnelson/go/src/github.com/apache/commons-daemon/src/samples/SimpleDaemon.java","3","226","The method 'createDir(String)' has an NPath complexity of 2, current threshold is 1","Design","NPathComplexity"
"78","","/Users/grantnelson/go/src/github.com/apache/commons-daemon/src/samples/SimpleDaemon.java","3","226","Avoid long parameter lists (1 parameters - threshold is 1).","Design","ExcessiveParameterList"
"79","","/Users/grantnelson/go/src/github.com/apache/commons-daemon/src/samples/SimpleDaemon.java","3","235","The method 'handle(InputStream, OutputStream)' has a NCSS line count of 64.","Design","NcssCount"
"80","","/Users/grantnelson/go/src/github.com/apache/commons-daemon/src/samples/SimpleDaemon.java","3","235","The method 'handle(InputStream, OutputStream)' has a cognitive complexity of 19, current threshold is 1","Design","CognitiveComplexity"
"81","","/Users/grantnelson/go/src/github.com/apache/commons-daemon/src/samples/SimpleDaemon.java","3","235","The method 'handle(InputStream, OutputStream)' has a cyclomatic complexity of 17.","Design","CyclomaticComplexity"
"82","","/Users/grantnelson/go/src/github.com/apache/commons-daemon/src/samples/SimpleDaemon.java","3","235","The method 'handle(InputStream, OutputStream)' has an NPath complexity of 20, current threshold is 1","Design","NPathComplexity"
"83","","/Users/grantnelson/go/src/github.com/apache/commons-daemon/src/samples/SimpleDaemon.java","3","235","Avoid long parameter lists (2 parameters - threshold is 1).","Design","ExcessiveParameterList"
"1","org.apache.commons.daemon","/Users/grantnelson/go/src/github.com/apache/commons-daemon/src/test/java/org/apache/commons/daemon/SimpleDaemon.java","3","32","A value of 7 may denote a high amount of coupling within the class (threshold: 1)","Design","CouplingBetweenObjects"
"2","org.apache.commons.daemon","/Users/grantnelson/go/src/github.com/apache/commons-daemon/src/test/java/org/apache/commons/daemon/SimpleDaemon.java","3","32","The class 'SimpleDaemon' has a NCSS line count of 169 (Highest = 20).","Design","NcssCount"
"3","org.apache.commons.daemon","/Users/grantnelson/go/src/github.com/apache/commons-daemon/src/test/java/org/apache/commons/daemon/SimpleDaemon.java","3","32","The class 'SimpleDaemon' has a total cyclomatic complexity of 19 (highest 5).","Design","CyclomaticComplexity"
"4","org.apache.commons.daemon","/Users/grantnelson/go/src/github.com/apache/commons-daemon/src/test/java/org/apache/commons/daemon/SimpleDaemon.java","3","32","This class has 8 public methods and attributes; current threshold is 1.","Design","ExcessivePublicCount"
"5","org.apache.commons.daemon","/Users/grantnelson/go/src/github.com/apache/commons-daemon/src/test/java/org/apache/commons/daemon/SimpleDaemon.java","3","42","The constructor 'SimpleDaemon()' has a NCSS line count of 4.","Design","NcssCount"
"6","org.apache.commons.daemon","/Users/grantnelson/go/src/github.com/apache/commons-daemon/src/test/java/org/apache/commons/daemon/SimpleDaemon.java","3","42","The constructor 'SimpleDaemon()' has a cyclomatic complexity of 1.","Design","CyclomaticComplexity"
"7","org.apache.commons.daemon","/Users/grantnelson/go/src/github.com/apache/commons-daemon/src/test/java/org/apache/commons/daemon/SimpleDaemon.java","3","42","The constructor 'SimpleDaemon()' has an NPath complexity of 1, current threshold is 1","Design","NPathComplexity"
"8","org.apache.commons.daemon","/Users/grantnelson/go/src/github.com/apache/commons-daemon/src/test/java/org/apache/commons/daemon/SimpleDaemon.java","3","50","The method 'finalize()' has a NCSS line count of 2.","Design","NcssCount"
"9","org.apache.commons.daemon","/Users/grantnelson/go/src/github.com/apache/commons-daemon/src/test/java/org/apache/commons/daemon/SimpleDaemon.java","3","50","The method 'finalize()' has a cyclomatic complexity of 1.","Design","CyclomaticComplexity"
"10","org.apache.commons.daemon","/Users/grantnelson/go/src/github.com/apache/commons-daemon/src/test/java/org/apache/commons/daemon/SimpleDaemon.java","3","50","The method 'finalize()' has an NPath complexity of 1, current threshold is 1","Design","NPathComplexity"
"11","org.apache.commons.daemon","/Users/grantnelson/go/src/github.com/apache/commons-daemon/src/test/java/org/apache/commons/daemon/SimpleDaemon.java","3","59","The method 'init(DaemonContext)' has a NCSS line count of 14.","Design","NcssCount"
"12","org.apache.commons.daemon","/Users/grantnelson/go/src/github.com/apache/commons-daemon/src/test/java/org/apache/commons/daemon/SimpleDaemon.java","3","59","The method 'init(DaemonContext)' has a cognitive complexity of 3, current threshold is 1","Design","CognitiveComplexity"
"13","org.apache.commons.daemon","/Users/grantnelson/go/src/github.com/apache/commons-daemon/src/test/java/org/apache/commons/daemon/SimpleDaemon.java","3","59","The method 'init(DaemonContext)' has a cyclomatic complexity of 3.","Design","CyclomaticComplexity"
"14","org.apache.commons.daemon","/Users/grantnelson/go/src/github.com/apache/commons-daemon/src/test/java/org/apache/commons/daemon/SimpleDaemon.java","3","59","The method 'init(DaemonContext)' has an NPath complexity of 4, current threshold is 1","Design","NPathComplexity"
"15","org.apache.commons.daemon","/Users/grantnelson/go/src/github.com/apache/commons-daemon/src/test/java/org/apache/commons/daemon/SimpleDaemon.java","3","59","Avoid long parameter lists (1 parameters - threshold is 1).","Design","ExcessiveParameterList"
"16","org.apache.commons.daemon","/Users/grantnelson/go/src/github.com/apache/commons-daemon/src/test/java/org/apache/commons/daemon/SimpleDaemon.java","3","87","The method 'start()' has a NCSS line count of 3.","Design","NcssCount"
"17","org.apache.commons.daemon","/Users/grantnelson/go/src/github.com/apache/commons-daemon/src/test/java/org/apache/commons/daemon/SimpleDaemon.java","3","87","The method 'start()' has a cyclomatic complexity of 1.","Design","CyclomaticComplexity"
"18","org.apache.commons.daemon","/Users/grantnelson/go/src/github.com/apache/commons-daemon/src/test/java/org/apache/commons/daemon/SimpleDaemon.java","3","87","The method 'start()' has an NPath complexity of 1, current threshold is 1","Design","NPathComplexity"
"19","org.apache.commons.daemon","/Users/grantnelson/go/src/github.com/apache/commons-daemon/src/test/java/org/apache/commons/daemon/SimpleDaemon.java","3","96","The method 'stop()' has a NCSS line count of 6.","Design","NcssCount"
"20","org.apache.commons.daemon","/Users/grantnelson/go/src/github.com/apache/commons-daemon/src/test/java/org/apache/commons/daemon/SimpleDaemon.java","3","96","The method 'stop()' has a cyclomatic complexity of 1.","Design","CyclomaticComplexity"
"21","org.apache.commons.daemon","/Users/grantnelson/go/src/github.com/apache/commons-daemon/src/test/java/org/apache/commons/daemon/SimpleDaemon.java","3","96","The method 'stop()' has an NPath complexity of 1, current threshold is 1","Design","NPathComplexity"
"22","org.apache.commons.daemon","/Users/grantnelson/go/src/github.com/apache/commons-daemon/src/test/java/org/apache/commons/daemon/SimpleDaemon.java","3","111","The method 'destroy()' has a NCSS line count of 2.","Design","NcssCount"
"23","org.apache.commons.daemon","/Users/grantnelson/go/src/github.com/apache/commons-daemon/src/test/java/org/apache/commons/daemon/SimpleDaemon.java","3","111","The method 'destroy()' has a cyclomatic complexity of 1.","Design","CyclomaticComplexity"
"24","org.apache.commons.daemon","/Users/grantnelson/go/src/github.com/apache/commons-daemon/src/test/java/org/apache/commons/daemon/SimpleDaemon.java","3","111","The method 'destroy()' has an NPath complexity of 1, current threshold is 1","Design","NPathComplexity"
"25","org.apache.commons.daemon","/Users/grantnelson/go/src/github.com/apache/commons-daemon/src/test/java/org/apache/commons/daemon/SimpleDaemon.java","3","117","The method 'run()' has a NCSS line count of 20.","Design","NcssCount"
"26","org.apache.commons.daemon","/Users/grantnelson/go/src/github.com/apache/commons-daemon/src/test/java/org/apache/commons/daemon/SimpleDaemon.java","3","117","The method 'run()' has a cognitive complexity of 5, current threshold is 1","Design","CognitiveComplexity"
"27","org.apache.commons.daemon","/Users/grantnelson/go/src/github.com/apache/commons-daemon/src/test/java/org/apache/commons/daemon/SimpleDaemon.java","3","117","The method 'run()' has a cyclomatic complexity of 5.","Design","CyclomaticComplexity"
"28","org.apache.commons.daemon","/Users/grantnelson/go/src/github.com/apache/commons-daemon/src/test/java/org/apache/commons/daemon/SimpleDaemon.java","3","117","The method 'run()' has an NPath complexity of 8, current threshold is 1","Design","NPathComplexity"
"29","org.apache.commons.daemon","/Users/grantnelson/go/src/github.com/apache/commons-daemon/src/test/java/org/apache/commons/daemon/SimpleDaemon.java","3","153","The method 'signal()' has a NCSS line count of 2.","Design","NcssCount"
"30","org.apache.commons.daemon","/Users/grantnelson/go/src/github.com/apache/commons-daemon/src/test/java/org/apache/commons/daemon/SimpleDaemon.java","3","153","The method 'signal()' has a cyclomatic complexity of 1.","Design","CyclomaticComplexity"
"31","org.apache.commons.daemon","/Users/grantnelson/go/src/github.com/apache/commons-daemon/src/test/java/org/apache/commons/daemon/SimpleDaemon.java","3","153","The method 'signal()' has an NPath complexity of 1, current threshold is 1","Design","NPathComplexity"
"32","org.apache.commons.daemon","/Users/grantnelson/go/src/github.com/apache/commons-daemon/src/test/java/org/apache/commons/daemon/SimpleDaemon.java","3","160","The method 'checkForReload()' has a NCSS line count of 6.","Design","NcssCount"
"33","org.apache.commons.daemon","/Users/grantnelson/go/src/github.com/apache/commons-daemon/src/test/java/org/apache/commons/daemon/SimpleDaemon.java","3","160","The method 'checkForReload()' has a cognitive complexity of 3, current threshold is 1","Design","CognitiveComplexity"
"34","org.apache.commons.daemon","/Users/grantnelson/go/src/github.com/apache/commons-daemon/src/test/java/org/apache/commons/daemon/SimpleDaemon.java","3","160","The method 'checkForReload()' has a cyclomatic complexity of 3.","Design","CyclomaticComplexity"
"35","org.apache.commons.daemon","/Users/grantnelson/go/src/github.com/apache/commons-daemon/src/test/java/org/apache/commons/daemon/SimpleDaemon.java","3","160","The method 'checkForReload()' has an NPath complexity of 3, current threshold is 1","Design","NPathComplexity"
"36","org.apache.commons.daemon","/Users/grantnelson/go/src/github.com/apache/commons-daemon/src/test/java/org/apache/commons/daemon/SimpleDaemon.java","3","169","The method 'addHandler(Handler)' has a NCSS line count of 3.","Design","NcssCount"
"37","org.apache.commons.daemon","/Users/grantnelson/go/src/github.com/apache/commons-daemon/src/test/java/org/apache/commons/daemon/SimpleDaemon.java","3","169","The method 'addHandler(Handler)' has a cyclomatic complexity of 1.","Design","CyclomaticComplexity"
"38","org.apache.commons.daemon","/Users/grantnelson/go/src/github.com/apache/commons-daemon/src/test/java/org/apache/commons/daemon/SimpleDaemon.java","3","169","The method 'addHandler(Handler)' has an NPath complexity of 1, current threshold is 1","Design","NPathComplexity"
"39","org.apache.commons.daemon","/Users/grantnelson/go/src/github.com/apache/commons-daemon/src/test/java/org/apache/commons/daemon/SimpleDaemon.java","3","169","Avoid long parameter lists (1 parameters - threshold is 1).","Design","ExcessiveParameterList"
"40","org.apache.commons.daemon","/Users/grantnelson/go/src/github.com/apache/commons-daemon/src/test/java/org/apache/commons/daemon/SimpleDaemon.java","3","175","The method 'removeHandler(Handler)' has a NCSS line count of 3.","Design","NcssCount"
"41","org.apache.commons.daemon","/Users/grantnelson/go/src/github.com/apache/commons-daemon/src/test/java/org/apache/commons/daemon/SimpleDaemon.java","3","175","The method 'removeHandler(Handler)' has a cyclomatic complexity of 1.","Design","CyclomaticComplexity"
"42","org.apache.commons.daemon","/Users/grantnelson/go/src/github.com/apache/commons-daemon/src/test/java/org/apache/commons/daemon/SimpleDaemon.java","3","175","The method 'removeHandler(Handler)' has an NPath complexity of 1, current threshold is 1","Design","NPathComplexity"
"43","org.apache.commons.daemon","/Users/grantnelson/go/src/github.com/apache/commons-daemon/src/test/java/org/apache/commons/daemon/SimpleDaemon.java","3","175","Avoid long parameter lists (1 parameters - threshold is 1).","Design","ExcessiveParameterList"
"44","org.apache.commons.daemon","/Users/grantnelson/go/src/github.com/apache/commons-daemon/src/test/java/org/apache/commons/daemon/SimpleDaemon.java","3","181","A value of 7 may denote a high amount of coupling within the class (threshold: 1)","Design","CouplingBetweenObjects"
"45","org.apache.commons.daemon","/Users/grantnelson/go/src/github.com/apache/commons-daemon/src/test/java/org/apache/commons/daemon/SimpleDaemon.java","3","181","The class 'Handler' has a NCSS line count of 96 (Highest = 55).","Design","NcssCount"
"46","org.apache.commons.daemon","/Users/grantnelson/go/src/github.com/apache/commons-daemon/src/test/java/org/apache/commons/daemon/SimpleDaemon.java","3","181","The class 'Handler' has a total cyclomatic complexity of 25 (highest 15).","Design","CyclomaticComplexity"
"47","org.apache.commons.daemon","/Users/grantnelson/go/src/github.com/apache/commons-daemon/src/test/java/org/apache/commons/daemon/SimpleDaemon.java","3","181","This class has 9 public methods and attributes; current threshold is 1.","Design","ExcessivePublicCount"
"48","org.apache.commons.daemon","/Users/grantnelson/go/src/github.com/apache/commons-daemon/src/test/java/org/apache/commons/daemon/SimpleDaemon.java","3","189","The constructor 'Handler(Socket, SimpleDaemon, DaemonController)' has a NCSS line count of 5.","Design","NcssCount"
"49","org.apache.commons.daemon","/Users/grantnelson/go/src/github.com/apache/commons-daemon/src/test/java/org/apache/commons/daemon/SimpleDaemon.java","3","189","The constructor 'Handler(Socket, SimpleDaemon, DaemonController)' has a cyclomatic complexity of 1.","Design","CyclomaticComplexity"
"50","org.apache.commons.daemon","/Users/grantnelson/go/src/github.com/apache/commons-daemon/src/test/java/org/apache/commons/daemon/SimpleDaemon.java","3","189","The constructor 'Handler(Socket, SimpleDaemon, DaemonController)' has an NPath complexity of 1, current threshold is 1","Design","NPathComplexity"
"51","org.apache.commons.daemon","/Users/grantnelson/go/src/github.com/apache/commons-daemon/src/test/java/org/apache/commons/daemon/SimpleDaemon.java","3","189","Avoid long parameter lists (3 parameters - threshold is 1).","Design","ExcessiveParameterList"
"52","org.apache.commons.daemon","/Users/grantnelson/go/src/github.com/apache/commons-daemon/src/test/java/org/apache/commons/daemon/SimpleDaemon.java","3","197","The method 'run()' has a NCSS line count of 11.","Design","NcssCount"
"53","org.apache.commons.daemon","/Users/grantnelson/go/src/github.com/apache/commons-daemon/src/test/java/org/apache/commons/daemon/SimpleDaemon.java","3","197","The method 'run()' has a cognitive complexity of 1, current threshold is 1","Design","CognitiveComplexity"
"54","org.apache.commons.daemon","/Users/grantnelson/go/src/github.com/apache/commons-daemon/src/test/java/org/apache/commons/daemon/SimpleDaemon.java","3","197","The method 'run()' has a cyclomatic complexity of 2.","Design","CyclomaticComplexity"
"55","org.apache.commons.daemon","/Users/grantnelson/go/src/github.com/apache/commons-daemon/src/test/java/org/apache/commons/daemon/SimpleDaemon.java","3","197","The method 'run()' has an NPath complexity of 1, current threshold is 1","Design","NPathComplexity"
"56","org.apache.commons.daemon","/Users/grantnelson/go/src/github.com/apache/commons-daemon/src/test/java/org/apache/commons/daemon/SimpleDaemon.java","3","214","The method 'close()' has a NCSS line count of 4.","Design","NcssCount"
"57","org.apache.commons.daemon","/Users/grantnelson/go/src/github.com/apache/commons-daemon/src/test/java/org/apache/commons/daemon/SimpleDaemon.java","3","214","The method 'close()' has a cognitive complexity of 1, current threshold is 1","Design","CognitiveComplexity"
"58","org.apache.commons.daemon","/Users/grantnelson/go/src/github.com/apache/commons-daemon/src/test/java/org/apache/commons/daemon/SimpleDaemon.java","3","214","The method 'close()' has a cyclomatic complexity of 2.","Design","CyclomaticComplexity"
"59","org.apache.commons.daemon","/Users/grantnelson/go/src/github.com/apache/commons-daemon/src/test/java/org/apache/commons/daemon/SimpleDaemon.java","3","214","The method 'close()' has an NPath complexity of 1, current threshold is 1","Design","NPathComplexity"
"60","org.apache.commons.daemon","/Users/grantnelson/go/src/github.com/apache/commons-daemon/src/test/java/org/apache/commons/daemon/SimpleDaemon.java","3","222","The method 'setConnectionNumber(int)' has a NCSS line count of 2.","Design","NcssCount"
"61","org.apache.commons.daemon","/Users/grantnelson/go/src/github.com/apache/commons-daemon/src/test/java/org/apache/commons/daemon/SimpleDaemon.java","3","222","The method 'setConnectionNumber(int)' has a cyclomatic complexity of 1.","Design","CyclomaticComplexity"
"62","org.apache.commons.daemon","/Users/grantnelson/go/src/github.com/apache/commons-daemon/src/test/java/org/apache/commons/daemon/SimpleDaemon.java","3","222","The method 'setConnectionNumber(int)' has an NPath complexity of 1, current threshold is 1","Design","NPathComplexity"
"63","org.apache.commons.daemon","/Users/grantnelson/go/src/github.com/apache/commons-daemon/src/test/java/org/apache/commons/daemon/SimpleDaemon.java","3","222","Avoid long parameter lists (1 parameters - threshold is 1).","Design","ExcessiveParameterList"
"64","org.apache.commons.daemon","/Users/grantnelson/go/src/github.com/apache/commons-daemon/src/test/java/org/apache/commons/daemon/SimpleDaemon.java","3","226","The method 'getConnectionNumber()' has a NCSS line count of 2.","Design","NcssCount"
"65","org.apache.commons.daemon","/Users/grantnelson/go/src/github.com/apache/commons-daemon/src/test/java/org/apache/commons/daemon/SimpleDaemon.java","3","226","The method 'getConnectionNumber()' has a cyclomatic complexity of 1.","Design","CyclomaticComplexity"
"66","org.apache.commons.daemon","/Users/grantnelson/go/src/github.com/apache/commons-daemon/src/test/java/org/apache/commons/daemon/SimpleDaemon.java","3","226","The method 'getConnectionNumber()' has an NPath complexity of 1, current threshold is 1","Design","NPathComplexity"
"67","org.apache.commons.daemon","/Users/grantnelson/go/src/github.com/apache/commons-daemon/src/test/java/org/apache/commons/daemon/SimpleDaemon.java","3","230","The method 'setDirectoryName(String)' has a NCSS line count of 2.","Design","NcssCount"
"68","org.apache.commons.daemon","/Users/grantnelson/go/src/github.com/apache/commons-daemon/src/test/java/org/apache/commons/daemon/SimpleDaemon.java","3","230","The method 'setDirectoryName(String)' has a cyclomatic complexity of 1.","Design","CyclomaticComplexity"
"69","org.apache.commons.daemon","/Users/grantnelson/go/src/github.com/apache/commons-daemon/src/test/java/org/apache/commons/daemon/SimpleDaemon.java","3","230","The method 'setDirectoryName(String)' has an NPath complexity of 1, current threshold is 1","Design","NPathComplexity"
"70","org.apache.commons.daemon","/Users/grantnelson/go/src/github.com/apache/commons-daemon/src/test/java/org/apache/commons/daemon/SimpleDaemon.java","3","230","Avoid long parameter lists (1 parameters - threshold is 1).","Design","ExcessiveParameterList"
"71","org.apache.commons.daemon","/Users/grantnelson/go/src/github.com/apache/commons-daemon/src/test/java/org/apache/commons/daemon/SimpleDaemon.java","3","234","The method 'getDirectoryName()' has a NCSS line count of 2.","Design","NcssCount"
"72","org.apache.commons.daemon","/Users/grantnelson/go/src/github.com/apache/commons-daemon/src/test/java/org/apache/commons/daemon/SimpleDaemon.java","3","234","The method 'getDirectoryName()' has a cyclomatic complexity of 1.","Design","CyclomaticComplexity"
"73","org.apache.commons.daemon","/Users/grantnelson/go/src/github.com/apache/commons-daemon/src/test/java/org/apache/commons/daemon/SimpleDaemon.java","3","234","The method 'getDirectoryName()' has an NPath complexity of 1, current threshold is 1","Design","NPathComplexity"
"74","org.apache.commons.daemon","/Users/grantnelson/go/src/github.com/apache/commons-daemon/src/test/java/org/apache/commons/daemon/SimpleDaemon.java","3","238","The method 'log(String)' has a NCSS line count of 7.","Design","NcssCount"
"75","org.apache.commons.daemon","/Users/grantnelson/go/src/github.com/apache/commons-daemon/src/test/java/org/apache/commons/daemon/SimpleDaemon.java","3","238","The method 'log(String)' has a cyclomatic complexity of 1.","Design","CyclomaticComplexity"
"76","org.apache.commons.daemon","/Users/grantnelson/go/src/github.com/apache/commons-daemon/src/test/java/org/apache/commons/daemon/SimpleDaemon.java","3","238","The method 'log(String)' has an NPath complexity of 1, current threshold is 1","Design","NPathComplexity"
"77","org.apache.commons.daemon","/Users/grantnelson/go/src/github.com/apache/commons-daemon/src/test/java/org/apache/commons/daemon/SimpleDaemon.java","3","238","Avoid long parameter lists (1 parameters - threshold is 1).","Design","ExcessiveParameterList"
"78","org.apache.commons.daemon","/Users/grantnelson/go/src/github.com/apache/commons-daemon/src/test/java/org/apache/commons/daemon/SimpleDaemon.java","3","249","The method 'handle(InputStream, OutputStream)' has a NCSS line count of 55.","Design","NcssCount"
"79","org.apache.commons.daemon","/Users/grantnelson/go/src/github.com/apache/commons-daemon/src/test/java/org/apache/commons/daemon/SimpleDaemon.java","3","249","The method 'handle(InputStream, OutputStream)' has a cognitive complexity of 16, current threshold is 1","Design","CognitiveComplexity"
"80","org.apache.commons.daemon","/Users/grantnelson/go/src/github.com/apache/commons-daemon/src/test/java/org/apache/commons/daemon/SimpleDaemon.java","3","249","The method 'handle(InputStream, OutputStream)' has a cyclomatic complexity of 15.","Design","CyclomaticComplexity"
"81","org.apache.commons.daemon","/Users/grantnelson/go/src/github.com/apache/commons-daemon/src/test/java/org/apache/commons/daemon/SimpleDaemon.java","3","249","The method 'handle(InputStream, OutputStream)' has an NPath complexity of 18, current threshold is 1","Design","NPathComplexity"
"82","org.apache.commons.daemon","/Users/grantnelson/go/src/github.com/apache/commons-daemon/src/test/java/org/apache/commons/daemon/SimpleDaemon.java","3","249","Avoid long parameter lists (2 parameters - threshold is 1).","Design","ExcessiveParameterList"
