# cmd: java -jar /Users/grantnelson/go/src/github.com/MSUSEL/msusel-tdmetrics-go/javaAbstractor/target/abstractor-0.1-jar-with-dependencies.jar -i /Users/grantnelson/go/src/github.com/apache/commons-exec/ -o /Users/grantnelson/go/src/github.com/MSUSEL/msusel-tdmetrics-go/tdd/abstractions/commons-exec.json -v
# cwd: /Users/grantnelson/go/src/github.com/MSUSEL/msusel-tdmetrics-go/tdd
# repo: /Users/grantnelson/go/src/github.com/apache/commons-exec @ 2da60ab3eefaaa2f8a434ded1eebe1ce17efd34a
# started: 2026-08-30T23:03:36.387905+00:00
# timeout_min: 10
# ---
Reading /Users/grantnelson/go/src/github.com/apache/commons-exec/
SLF4J(W): No SLF4J providers were found.
SLF4J(W): Defaulting to no-operation (NOP) logger implementation
SLF4J(W): See https://www.slf4j.org/codes.html#noProviders for further details.
Init pending package <unnamed>
Init pending package org
Init pending package org.apache
Init pending package org.apache.commons
Init pending package org.apache.commons.exec
Init pending package org.apache.commons.exec.environment
Init pending package org.apache.commons.exec.launcher
Init pending package org.apache.commons.exec.util
[34mStarting process pending packages...[0m
  Adding package org.apache
    Resolved as new package org.apache
  Finishing package org.apache
  Adding package org.apache.commons
    Resolved as new package org.apache.commons
  Finishing package org.apache.commons
  Adding package org.apache.commons.exec.launcher
    Resolved as new package org.apache.commons.exec.launcher
  Finishing package org.apache.commons.exec.launcher
    Adding interface decl (CtInterfaceImpl) CommandLauncher @ src/main/java/org/apache/commons/exec/launcher/CommandLauncher.java:33:18
      Adding interface description (CtInterfaceImpl) CommandLauncher @ src/main/java/org/apache/commons/exec/launcher/CommandLauncher.java:33:18
        Adding abstract (CtMethodImpl) isFailure @ src/main/java/org/apache/commons/exec/launcher/CommandLauncher.java:87:13
          Adding signature (CtMethodImpl) isFailure @ src/main/java/org/apache/commons/exec/launcher/CommandLauncher.java:87:13
            Adding parameter (CtParameterImpl) exitValue @ src/main/java/org/apache/commons/exec/launcher/CommandLauncher.java:87:33
              Adding basic (CtTypeReferenceImpl) int @ src/main/java/org/apache/commons/exec/launcher/CommandLauncher.java:87:29
                Resolved as new basic (CtTypeReferenceImpl) int @ src/main/java/org/apache/commons/exec/launcher/CommandLauncher.java:87:29
              Resolved as new parameter (CtParameterImpl) exitValue @ src/main/java/org/apache/commons/exec/launcher/CommandLauncher.java:87:33
            Adding parameter <unnamed> boolean @ src/main/java/org/apache/commons/exec/launcher/CommandLauncher.java:87:5
              Adding basic (CtTypeReferenceImpl) boolean @ src/main/java/org/apache/commons/exec/launcher/CommandLauncher.java:87:5
                Resolved as new basic (CtTypeReferenceImpl) boolean @ src/main/java/org/apache/commons/exec/launcher/CommandLauncher.java:87:5
              Resolved as new parameter <unnamed> boolean @ src/main/java/org/apache/commons/exec/launcher/CommandLauncher.java:87:5
            Resolved as new signature (CtMethodImpl) isFailure @ src/main/java/org/apache/commons/exec/launcher/CommandLauncher.java:87:13
          Resolved as new abstract (CtMethodImpl) isFailure @ src/main/java/org/apache/commons/exec/launcher/CommandLauncher.java:87:13
        Adding abstract (CtMethodImpl) exec @ src/main/java/org/apache/commons/exec/launcher/CommandLauncher.java:48:13
          Adding signature (CtMethodImpl) exec @ src/main/java/org/apache/commons/exec/launcher/CommandLauncher.java:48:13
            Adding parameter (CtParameterImpl) cmd @ src/main/java/org/apache/commons/exec/launcher/CommandLauncher.java:48:36
              Adding object decl (CtClassImpl) CommandLine @ src/main/java/org/apache/commons/exec/CommandLine.java:37:14
                Pending package org.apache.commons.exec
                Adding struct (CtClassImpl) CommandLine @ src/main/java/org/apache/commons/exec/CommandLine.java:37:14
                  Adding field (CtFieldImpl) arguments @ src/main/java/org/apache/commons/exec/CommandLine.java:42:36
                    Adding object decl (CtClassImpl) Vector
                      Pending package java.util
                      Adding struct (CtClassImpl) Vector
                        Resolved as new struct (CtClassImpl) Vector
                      Adding type params (CtTypeParameterImpl) E
                        Resolved as new type params (CtTypeParameterImpl) E
                      Resolved as new object decl (CtClassImpl) Vector
                    Adding object decl (CtClassImpl) Argument @ src/main/java/org/apache/commons/exec/CommandLine.java:424:11
                      Adding struct (CtClassImpl) Argument @ src/main/java/org/apache/commons/exec/CommandLine.java:424:11
                        Adding field (CtFieldImpl) value @ src/main/java/org/apache/commons/exec/CommandLine.java:426:30
                          Resolved as new field (CtFieldImpl) value @ src/main/java/org/apache/commons/exec/CommandLine.java:426:30
                        Adding field (CtFieldImpl) handleQuoting @ src/main/java/org/apache/commons/exec/CommandLine.java:427:31
                          Adding basic (CtTypeReferenceImpl) boolean @ src/main/java/org/apache/commons/exec/CommandLine.java:427:23
                            Resolved with match basic (CtTypeReferenceImpl) boolean @ src/main/java/org/apache/commons/exec/CommandLine.java:427:23
                          Resolved as new field (CtFieldImpl) handleQuoting @ src/main/java/org/apache/commons/exec/CommandLine.java:427:31
                        Adding field $nest
                          Resolved as new field $nest
                        Resolved as new struct (CtClassImpl) Argument @ src/main/java/org/apache/commons/exec/CommandLine.java:424:11
                      Resolved as new object decl (CtClassImpl) Argument @ src/main/java/org/apache/commons/exec/CommandLine.java:424:11
                    Adding object instantiation java.util.Vector @ src/main/java/org/apache/commons/exec/CommandLine.java:42:19<org.apache.commons.exec.CommandLine$Argument @ src/main/java/org/apache/commons/exec/CommandLine.java:42:26>
                      Adding struct (CtClassImpl) Vector
                        Resolved as new struct (CtClassImpl) Vector
                      Adding interface description (CtInterfaceImpl) RandomAccess
                        Resolved as new interface description (CtInterfaceImpl) RandomAccess
                      Adding interface description (CtInterfaceImpl) List
                        Resolved as new interface description (CtInterfaceImpl) List
                      Adding interface description (CtInterfaceImpl) Serializable
                        Resolved as new interface description (CtInterfaceImpl) Serializable
                      Adding interface description (CtInterfaceImpl) Cloneable
                        Resolved as new interface description (CtInterfaceImpl) Cloneable
                      Resolved as new object instantiation java.util.Vector @ src/main/java/org/apache/commons/exec/CommandLine.java:42:19<org.apache.commons.exec.CommandLine$Argument @ src/main/java/org/apache/commons/exec/CommandLine.java:42:26>
                    Resolved as new field (CtFieldImpl) arguments @ src/main/java/org/apache/commons/exec/CommandLine.java:42:36
                  Adding field (CtFieldImpl) executable @ src/main/java/org/apache/commons/exec/CommandLine.java:47:26
                    Resolved as new field (CtFieldImpl) executable @ src/main/java/org/apache/commons/exec/CommandLine.java:47:26
                  Adding field (CtFieldImpl) substitutionMap @ src/main/java/org/apache/commons/exec/CommandLine.java:52:28
                    Adding interface decl (CtInterfaceImpl) Map
                      Adding interface description (CtInterfaceImpl) Map
                        Resolved as new interface description (CtInterfaceImpl) Map
                      Adding type params (CtTypeParameterImpl) K
                        Resolved as new type params (CtTypeParameterImpl) K
                      Adding type params (CtTypeParameterImpl) V
                        Resolved as new type params (CtTypeParameterImpl) V
                      Resolved as new interface decl (CtInterfaceImpl) Map
                    Adding interface instantiation java.util.Map @ src/main/java/org/apache/commons/exec/CommandLine.java:52:13<java.lang.String @ src/main/java/org/apache/commons/exec/CommandLine.java:52:17, ? @ src/main/java/org/apache/commons/exec/CommandLine.java:52:25>
                      Adding interface description (CtInterfaceImpl) Map
                        Resolved as new interface description (CtInterfaceImpl) Map
                      Resolved as new interface instantiation java.util.Map @ src/main/java/org/apache/commons/exec/CommandLine.java:52:13<java.lang.String @ src/main/java/org/apache/commons/exec/CommandLine.java:52:17, ? @ src/main/java/org/apache/commons/exec/CommandLine.java:52:25>
                    Resolved as new field (CtFieldImpl) substitutionMap @ src/main/java/org/apache/commons/exec/CommandLine.java:52:28
                  Adding field (CtFieldImpl) isFile @ src/main/java/org/apache/commons/exec/CommandLine.java:57:27
                    Adding basic (CtTypeReferenceImpl) boolean @ src/main/java/org/apache/commons/exec/CommandLine.java:57:19
                      Resolved with match basic (CtTypeReferenceImpl) boolean @ src/main/java/org/apache/commons/exec/CommandLine.java:57:19
                    Resolved as new field (CtFieldImpl) isFile @ src/main/java/org/apache/commons/exec/CommandLine.java:57:27
                  Resolved as new struct (CtClassImpl) CommandLine @ src/main/java/org/apache/commons/exec/CommandLine.java:37:14
                Resolved as new object decl (CtClassImpl) CommandLine @ src/main/java/org/apache/commons/exec/CommandLine.java:37:14
              Resolved as new parameter (CtParameterImpl) cmd @ src/main/java/org/apache/commons/exec/launcher/CommandLauncher.java:48:36
            Adding parameter (CtParameterImpl) env @ src/main/java/org/apache/commons/exec/launcher/CommandLauncher.java:48:67
              Adding interface instantiation java.util.Map @ src/main/java/org/apache/commons/exec/launcher/CommandLauncher.java:48:47<java.lang.String @ src/main/java/org/apache/commons/exec/launcher/CommandLauncher.java:48:51, java.lang.String @ src/main/java/org/apache/commons/exec/launcher/CommandLauncher.java:48:59>
                Adding interface description (CtInterfaceImpl) Map
                  Resolved as new interface description (CtInterfaceImpl) Map
                Resolved as new interface instantiation java.util.Map @ src/main/java/org/apache/commons/exec/launcher/CommandLauncher.java:48:47<java.lang.String @ src/main/java/org/apache/commons/exec/launcher/CommandLauncher.java:48:51, java.lang.String @ src/main/java/org/apache/commons/exec/launcher/CommandLauncher.java:48:59>
              Resolved as new parameter (CtParameterImpl) env @ src/main/java/org/apache/commons/exec/launcher/CommandLauncher.java:48:67
            Adding parameter <unnamed> java.lang.Process @ src/main/java/org/apache/commons/exec/launcher/CommandLauncher.java:48:5
              Adding object decl (CtClassImpl) Process
                Pending package java.lang
                Adding struct (CtClassImpl) Process
                  Resolved as new struct (CtClassImpl) Process
                Resolved as new object decl (CtClassImpl) Process
              Resolved as new parameter <unnamed> java.lang.Process @ src/main/java/org/apache/commons/exec/launcher/CommandLauncher.java:48:5
            Resolved as new signature (CtMethodImpl) exec @ src/main/java/org/apache/commons/exec/launcher/CommandLauncher.java:48:13
          Resolved as new abstract (CtMethodImpl) exec @ src/main/java/org/apache/commons/exec/launcher/CommandLauncher.java:48:13
        Adding abstract (CtMethodImpl) exec @ src/main/java/org/apache/commons/exec/launcher/CommandLauncher.java:68:13
          Adding signature (CtMethodImpl) exec @ src/main/java/org/apache/commons/exec/launcher/CommandLauncher.java:68:13
            Adding parameter (CtParameterImpl) cmd @ src/main/java/org/apache/commons/exec/launcher/CommandLauncher.java:68:36
              Resolved with match parameter (CtParameterImpl) cmd @ src/main/java/org/apache/commons/exec/launcher/CommandLauncher.java:68:36
            Adding parameter (CtParameterImpl) env @ src/main/java/org/apache/commons/exec/launcher/CommandLauncher.java:68:67
              Adding interface instantiation java.util.Map @ src/main/java/org/apache/commons/exec/launcher/CommandLauncher.java:68:47<java.lang.String @ src/main/java/org/apache/commons/exec/launcher/CommandLauncher.java:68:51, java.lang.String @ src/main/java/org/apache/commons/exec/launcher/CommandLauncher.java:68:59>
                Resolved with match interface instantiation java.util.Map @ src/main/java/org/apache/commons/exec/launcher/CommandLauncher.java:68:47<java.lang.String @ src/main/java/org/apache/commons/exec/launcher/CommandLauncher.java:68:51, java.lang.String @ src/main/java/org/apache/commons/exec/launcher/CommandLauncher.java:68:59>
              Resolved as new parameter (CtParameterImpl) env @ src/main/java/org/apache/commons/exec/launcher/CommandLauncher.java:68:67
            Adding parameter (CtParameterImpl) workingDir @ src/main/java/org/apache/commons/exec/launcher/CommandLauncher.java:69:24
              Adding object decl (CtClassImpl) File
                Pending package java.io
                Adding struct (CtClassImpl) File
                  Resolved as new struct (CtClassImpl) File
                Resolved as new object decl (CtClassImpl) File
              Resolved as new parameter (CtParameterImpl) workingDir @ src/main/java/org/apache/commons/exec/launcher/CommandLauncher.java:69:24
            Adding parameter <unnamed> java.lang.Process @ src/main/java/org/apache/commons/exec/launcher/CommandLauncher.java:68:5
              Resolved with match parameter <unnamed> java.lang.Process @ src/main/java/org/apache/commons/exec/launcher/CommandLauncher.java:68:5
            Resolved as new signature (CtMethodImpl) exec @ src/main/java/org/apache/commons/exec/launcher/CommandLauncher.java:68:13
          Resolved as new abstract (CtMethodImpl) exec @ src/main/java/org/apache/commons/exec/launcher/CommandLauncher.java:68:13
        Resolved as new interface description (CtInterfaceImpl) CommandLauncher @ src/main/java/org/apache/commons/exec/launcher/CommandLauncher.java:33:18
      Resolved as new interface decl (CtInterfaceImpl) CommandLauncher @ src/main/java/org/apache/commons/exec/launcher/CommandLauncher.java:33:18
    Adding object decl (CtClassImpl) CommandLauncherFactory @ src/main/java/org/apache/commons/exec/launcher/CommandLauncherFactory.java:28:20
      Adding struct (CtClassImpl) CommandLauncherFactory @ src/main/java/org/apache/commons/exec/launcher/CommandLauncherFactory.java:28:20
        Resolved as new struct (CtClassImpl) CommandLauncherFactory @ src/main/java/org/apache/commons/exec/launcher/CommandLauncherFactory.java:28:20
      Resolved as new object decl (CtClassImpl) CommandLauncherFactory @ src/main/java/org/apache/commons/exec/launcher/CommandLauncherFactory.java:28:20
    Adding object decl (CtClassImpl) CommandLauncherImpl @ src/main/java/org/apache/commons/exec/launcher/CommandLauncherImpl.java:35:23
      Adding struct (CtClassImpl) CommandLauncherImpl @ src/main/java/org/apache/commons/exec/launcher/CommandLauncherImpl.java:35:23
        Resolved with match struct (CtClassImpl) CommandLauncherImpl @ src/main/java/org/apache/commons/exec/launcher/CommandLauncherImpl.java:35:23
      Resolved as new object decl (CtClassImpl) CommandLauncherImpl @ src/main/java/org/apache/commons/exec/launcher/CommandLauncherImpl.java:35:23
    Adding object decl (CtClassImpl) CommandLauncherProxy @ src/main/java/org/apache/commons/exec/launcher/CommandLauncherProxy.java:32:23
      Adding struct (CtClassImpl) CommandLauncherProxy @ src/main/java/org/apache/commons/exec/launcher/CommandLauncherProxy.java:32:23
        Adding field (CtFieldImpl) myLauncher @ src/main/java/org/apache/commons/exec/launcher/CommandLauncherProxy.java:38:35
          Resolved as new field (CtFieldImpl) myLauncher @ src/main/java/org/apache/commons/exec/launcher/CommandLauncherProxy.java:38:35
        Adding field $super
          Resolved as new field $super
        Resolved as new struct (CtClassImpl) CommandLauncherProxy @ src/main/java/org/apache/commons/exec/launcher/CommandLauncherProxy.java:32:23
      Resolved as new object decl (CtClassImpl) CommandLauncherProxy @ src/main/java/org/apache/commons/exec/launcher/CommandLauncherProxy.java:32:23
    Adding object decl (CtClassImpl) Java13CommandLauncher @ src/main/java/org/apache/commons/exec/launcher/Java13CommandLauncher.java:34:14
      Adding struct (CtClassImpl) Java13CommandLauncher @ src/main/java/org/apache/commons/exec/launcher/Java13CommandLauncher.java:34:14
        Adding field $super
          Resolved with match field $super
        Resolved as new struct (CtClassImpl) Java13CommandLauncher @ src/main/java/org/apache/commons/exec/launcher/Java13CommandLauncher.java:34:14
      Resolved as new object decl (CtClassImpl) Java13CommandLauncher @ src/main/java/org/apache/commons/exec/launcher/Java13CommandLauncher.java:34:14
    Adding object decl (CtClassImpl) OS2CommandLauncher @ src/main/java/org/apache/commons/exec/launcher/OS2CommandLauncher.java:39:14
      Adding struct (CtClassImpl) OS2CommandLauncher @ src/main/java/org/apache/commons/exec/launcher/OS2CommandLauncher.java:39:14
        Adding field $super
          Resolved as new field $super
        Resolved as new struct (CtClassImpl) OS2CommandLauncher @ src/main/java/org/apache/commons/exec/launcher/OS2CommandLauncher.java:39:14
      Resolved as new object decl (CtClassImpl) OS2CommandLauncher @ src/main/java/org/apache/commons/exec/launcher/OS2CommandLauncher.java:39:14
    Adding object decl (CtClassImpl) VmsCommandLauncher @ src/main/java/org/apache/commons/exec/launcher/VmsCommandLauncher.java:39:14
      Adding struct (CtClassImpl) VmsCommandLauncher @ src/main/java/org/apache/commons/exec/launcher/VmsCommandLauncher.java:39:14
        Adding field $super
          Resolved as new field $super
        Resolved as new struct (CtClassImpl) VmsCommandLauncher @ src/main/java/org/apache/commons/exec/launcher/VmsCommandLauncher.java:39:14
      Resolved as new object decl (CtClassImpl) VmsCommandLauncher @ src/main/java/org/apache/commons/exec/launcher/VmsCommandLauncher.java:39:14
    Adding object decl (CtClassImpl) WinNTCommandLauncher @ src/main/java/org/apache/commons/exec/launcher/WinNTCommandLauncher.java:33:14
      Adding struct (CtClassImpl) WinNTCommandLauncher @ src/main/java/org/apache/commons/exec/launcher/WinNTCommandLauncher.java:33:14
        Adding field $super
          Resolved with match field $super
        Resolved as new struct (CtClassImpl) WinNTCommandLauncher @ src/main/java/org/apache/commons/exec/launcher/WinNTCommandLauncher.java:33:14
      Resolved as new object decl (CtClassImpl) WinNTCommandLauncher @ src/main/java/org/apache/commons/exec/launcher/WinNTCommandLauncher.java:33:14
  Finishing field (CtFieldImpl) value @ src/main/java/org/apache/commons/exec/CommandLine.java:426:30
  Finishing field (CtFieldImpl) handleQuoting @ src/main/java/org/apache/commons/exec/CommandLine.java:427:31
  Finishing field (CtFieldImpl) arguments @ src/main/java/org/apache/commons/exec/CommandLine.java:42:36
  Finishing field (CtFieldImpl) executable @ src/main/java/org/apache/commons/exec/CommandLine.java:47:26
  Finishing field (CtFieldImpl) substitutionMap @ src/main/java/org/apache/commons/exec/CommandLine.java:52:28
  Finishing field (CtFieldImpl) isFile @ src/main/java/org/apache/commons/exec/CommandLine.java:57:27
  Finishing field (CtFieldImpl) myLauncher @ src/main/java/org/apache/commons/exec/launcher/CommandLauncherProxy.java:38:35
  Finishing interface decl (CtInterfaceImpl) Map
  Finishing interface decl (CtInterfaceImpl) CommandLauncher @ src/main/java/org/apache/commons/exec/launcher/CommandLauncher.java:33:18
  Finishing interface description (CtInterfaceImpl) RandomAccess
  Finishing interface description (CtInterfaceImpl) List
  Finishing interface description (CtInterfaceImpl) Serializable
  Finishing interface description (CtInterfaceImpl) Cloneable
  Finishing interface description (CtInterfaceImpl) Map
  Finishing interface description (CtInterfaceImpl) Map
  Finishing interface description (CtInterfaceImpl) Map
  Finishing interface description (CtInterfaceImpl) CommandLauncher @ src/main/java/org/apache/commons/exec/launcher/CommandLauncher.java:33:18
  Finishing interface instantiation java.util.Map @ src/main/java/org/apache/commons/exec/CommandLine.java:52:13<java.lang.String @ src/main/java/org/apache/commons/exec/CommandLine.java:52:17, ? @ src/main/java/org/apache/commons/exec/CommandLine.java:52:25>
  Finishing interface instantiation java.util.Map @ src/main/java/org/apache/commons/exec/launcher/CommandLauncher.java:48:47<java.lang.String @ src/main/java/org/apache/commons/exec/launcher/CommandLauncher.java:48:51, java.lang.String @ src/main/java/org/apache/commons/exec/launcher/CommandLauncher.java:48:59>
  Finishing interface instantiation java.util.Map @ src/main/java/org/apache/commons/exec/launcher/CommandLauncher.java:68:47<java.lang.String @ src/main/java/org/apache/commons/exec/launcher/CommandLauncher.java:68:51, java.lang.String @ src/main/java/org/apache/commons/exec/launcher/CommandLauncher.java:68:59>
  Finishing object decl (CtClassImpl) Vector
    Adding interface description (CtInterfaceImpl) RandomAccess
      Resolved as new interface description (CtInterfaceImpl) RandomAccess
    Adding interface description (CtInterfaceImpl) List
      Resolved as new interface description (CtInterfaceImpl) List
    Adding interface description (CtInterfaceImpl) Serializable
      Resolved as new interface description (CtInterfaceImpl) Serializable
    Adding interface description (CtInterfaceImpl) Cloneable
      Resolved as new interface description (CtInterfaceImpl) Cloneable
  Finishing object decl (CtClassImpl) Argument @ src/main/java/org/apache/commons/exec/CommandLine.java:424:11
    getting parent type for (CtClassImpl) Argument @ src/main/java/org/apache/commons/exec/CommandLine.java:424:11
    Adding constructor (CtConstructorImpl) <init> @ src/main/java/org/apache/commons/exec/CommandLine.java:429:17
      Adding constructor signature (CtConstructorImpl) <init> @ src/main/java/org/apache/commons/exec/CommandLine.java:429:17
        Adding parameter (CtParameterImpl) value @ src/main/java/org/apache/commons/exec/CommandLine.java:429:39
          Resolved as new parameter (CtParameterImpl) value @ src/main/java/org/apache/commons/exec/CommandLine.java:429:39
        Adding parameter (CtParameterImpl) handleQuoting @ src/main/java/org/apache/commons/exec/CommandLine.java:429:60
          Adding basic (CtTypeReferenceImpl) boolean @ src/main/java/org/apache/commons/exec/CommandLine.java:429:52
            Resolved with match basic (CtTypeReferenceImpl) boolean @ src/main/java/org/apache/commons/exec/CommandLine.java:429:52
          Resolved as new parameter (CtParameterImpl) handleQuoting @ src/main/java/org/apache/commons/exec/CommandLine.java:429:60
        Adding parameter <unnamed> org.apache.commons.exec.CommandLine$Argument
          Resolved as new parameter <unnamed> org.apache.commons.exec.CommandLine$Argument
        Resolved as new constructor signature (CtConstructorImpl) <init> @ src/main/java/org/apache/commons/exec/CommandLine.java:429:17
      Resolved as new constructor (CtConstructorImpl) <init> @ src/main/java/org/apache/commons/exec/CommandLine.java:429:17
    Adding method (CtMethodImpl) isHandleQuoting @ src/main/java/org/apache/commons/exec/CommandLine.java:440:25
      Adding signature (CtMethodImpl) isHandleQuoting @ src/main/java/org/apache/commons/exec/CommandLine.java:440:25
        Adding parameter <unnamed> boolean @ src/main/java/org/apache/commons/exec/CommandLine.java:440:17
          Adding basic (CtTypeReferenceImpl) boolean @ src/main/java/org/apache/commons/exec/CommandLine.java:440:17
            Resolved with match basic (CtTypeReferenceImpl) boolean @ src/main/java/org/apache/commons/exec/CommandLine.java:440:17
          Resolved as new parameter <unnamed> boolean @ src/main/java/org/apache/commons/exec/CommandLine.java:440:17
        Resolved as new signature (CtMethodImpl) isHandleQuoting @ src/main/java/org/apache/commons/exec/CommandLine.java:440:25
      Resolved as new method (CtMethodImpl) isHandleQuoting @ src/main/java/org/apache/commons/exec/CommandLine.java:440:25
    Adding method (CtMethodImpl) getValue @ src/main/java/org/apache/commons/exec/CommandLine.java:435:24
      Adding signature (CtMethodImpl) getValue @ src/main/java/org/apache/commons/exec/CommandLine.java:435:24
        Adding parameter <unnamed> java.lang.String @ src/main/java/org/apache/commons/exec/CommandLine.java:435:17
          Resolved as new parameter <unnamed> java.lang.String @ src/main/java/org/apache/commons/exec/CommandLine.java:435:17
        Resolved as new signature (CtMethodImpl) getValue @ src/main/java/org/apache/commons/exec/CommandLine.java:435:24
      Resolved as new method (CtMethodImpl) getValue @ src/main/java/org/apache/commons/exec/CommandLine.java:435:24
    Adding abstract (CtMethodImpl) isHandleQuoting @ src/main/java/org/apache/commons/exec/CommandLine.java:440:25
      Resolved as new abstract (CtMethodImpl) isHandleQuoting @ src/main/java/org/apache/commons/exec/CommandLine.java:440:25
    Adding abstract (CtMethodImpl) getValue @ src/main/java/org/apache/commons/exec/CommandLine.java:435:24
      Resolved as new abstract (CtMethodImpl) getValue @ src/main/java/org/apache/commons/exec/CommandLine.java:435:24
  Finishing object decl (CtClassImpl) CommandLine @ src/main/java/org/apache/commons/exec/CommandLine.java:37:14
    Adding constructor (CtConstructorImpl) <init> @ src/main/java/org/apache/commons/exec/CommandLine.java:112:12
      Adding constructor signature (CtConstructorImpl) <init> @ src/main/java/org/apache/commons/exec/CommandLine.java:112:12
        Adding parameter (CtParameterImpl) executable @ src/main/java/org/apache/commons/exec/CommandLine.java:112:35
          Resolved as new parameter (CtParameterImpl) executable @ src/main/java/org/apache/commons/exec/CommandLine.java:112:35
        Adding parameter <unnamed> org.apache.commons.exec.CommandLine
          Resolved as new parameter <unnamed> org.apache.commons.exec.CommandLine
        Resolved as new constructor signature (CtConstructorImpl) <init> @ src/main/java/org/apache/commons/exec/CommandLine.java:112:12
      Resolved as new constructor (CtConstructorImpl) <init> @ src/main/java/org/apache/commons/exec/CommandLine.java:112:12
    Adding constructor (CtConstructorImpl) <init> @ src/main/java/org/apache/commons/exec/CommandLine.java:102:12
      Adding constructor signature (CtConstructorImpl) <init> @ src/main/java/org/apache/commons/exec/CommandLine.java:102:12
        Adding parameter (CtParameterImpl) executable @ src/main/java/org/apache/commons/exec/CommandLine.java:102:37
          Resolved as new parameter (CtParameterImpl) executable @ src/main/java/org/apache/commons/exec/CommandLine.java:102:37
        Resolved as new constructor signature (CtConstructorImpl) <init> @ src/main/java/org/apache/commons/exec/CommandLine.java:102:12
      Resolved as new constructor (CtConstructorImpl) <init> @ src/main/java/org/apache/commons/exec/CommandLine.java:102:12
    Adding constructor (CtConstructorImpl) <init> @ src/main/java/org/apache/commons/exec/CommandLine.java:122:12
      Adding constructor signature (CtConstructorImpl) <init> @ src/main/java/org/apache/commons/exec/CommandLine.java:122:12
        Adding parameter (CtParameterImpl) other @ src/main/java/org/apache/commons/exec/CommandLine.java:122:42
          Resolved as new parameter (CtParameterImpl) other @ src/main/java/org/apache/commons/exec/CommandLine.java:122:42
        Resolved as new constructor signature (CtConstructorImpl) <init> @ src/main/java/org/apache/commons/exec/CommandLine.java:122:12
      Resolved as new constructor (CtConstructorImpl) <init> @ src/main/java/org/apache/commons/exec/CommandLine.java:122:12
    Adding method (CtMethodImpl) addArguments @ src/main/java/org/apache/commons/exec/CommandLine.java:168:24
      Adding signature (CtMethodImpl) addArguments @ src/main/java/org/apache/commons/exec/CommandLine.java:168:24
        Adding parameter (CtParameterImpl) addArguments @ src/main/java/org/apache/commons/exec/CommandLine.java:168:52
          Resolved as new parameter (CtParameterImpl) addArguments @ src/main/java/org/apache/commons/exec/CommandLine.java:168:52
        Adding parameter <unnamed> org.apache.commons.exec.CommandLine @ src/main/java/org/apache/commons/exec/CommandLine.java:168:12
          Resolved with match parameter <unnamed> org.apache.commons.exec.CommandLine @ src/main/java/org/apache/commons/exec/CommandLine.java:168:12
        Resolved as new signature (CtMethodImpl) addArguments @ src/main/java/org/apache/commons/exec/CommandLine.java:168:24
      Resolved as new method (CtMethodImpl) addArguments @ src/main/java/org/apache/commons/exec/CommandLine.java:168:24
    Adding method (CtMethodImpl) addArguments @ src/main/java/org/apache/commons/exec/CommandLine.java:179:24
      Adding signature (CtMethodImpl) addArguments @ src/main/java/org/apache/commons/exec/CommandLine.java:179:24
        Adding parameter (CtParameterImpl) addArguments @ src/main/java/org/apache/commons/exec/CommandLine.java:179:52
          Resolved with match parameter (CtParameterImpl) addArguments @ src/main/java/org/apache/commons/exec/CommandLine.java:179:52
        Adding parameter (CtParameterImpl) handleQuoting @ src/main/java/org/apache/commons/exec/CommandLine.java:179:80
          Adding basic (CtTypeReferenceImpl) boolean @ src/main/java/org/apache/commons/exec/CommandLine.java:179:72
            Resolved with match basic (CtTypeReferenceImpl) boolean @ src/main/java/org/apache/commons/exec/CommandLine.java:179:72
          Resolved as new parameter (CtParameterImpl) handleQuoting @ src/main/java/org/apache/commons/exec/CommandLine.java:179:80
        Adding parameter <unnamed> org.apache.commons.exec.CommandLine @ src/main/java/org/apache/commons/exec/CommandLine.java:179:12
          Resolved with match parameter <unnamed> org.apache.commons.exec.CommandLine @ src/main/java/org/apache/commons/exec/CommandLine.java:179:12
        Resolved as new signature (CtMethodImpl) addArguments @ src/main/java/org/apache/commons/exec/CommandLine.java:179:24
      Resolved as new method (CtMethodImpl) addArguments @ src/main/java/org/apache/commons/exec/CommandLine.java:179:24
    Adding method (CtMethodImpl) addArguments @ src/main/java/org/apache/commons/exec/CommandLine.java:197:24
      Adding signature (CtMethodImpl) addArguments @ src/main/java/org/apache/commons/exec/CommandLine.java:197:24
        Adding parameter (CtParameterImpl) addArguments @ src/main/java/org/apache/commons/exec/CommandLine.java:197:50
          Resolved as new parameter (CtParameterImpl) addArguments @ src/main/java/org/apache/commons/exec/CommandLine.java:197:50
        Adding parameter <unnamed> org.apache.commons.exec.CommandLine @ src/main/java/org/apache/commons/exec/CommandLine.java:197:12
          Resolved with match parameter <unnamed> org.apache.commons.exec.CommandLine @ src/main/java/org/apache/commons/exec/CommandLine.java:197:12
        Resolved as new signature (CtMethodImpl) addArguments @ src/main/java/org/apache/commons/exec/CommandLine.java:197:24
      Resolved as new method (CtMethodImpl) addArguments @ src/main/java/org/apache/commons/exec/CommandLine.java:197:24
    Adding method (CtMethodImpl) addArguments @ src/main/java/org/apache/commons/exec/CommandLine.java:210:24
      Adding signature (CtMethodImpl) addArguments @ src/main/java/org/apache/commons/exec/CommandLine.java:210:24
        Adding parameter (CtParameterImpl) addArguments @ src/main/java/org/apache/commons/exec/CommandLine.java:210:50
          Resolved with match parameter (CtParameterImpl) addArguments @ src/main/java/org/apache/commons/exec/CommandLine.java:210:50
        Adding parameter (CtParameterImpl) handleQuoting @ src/main/java/org/apache/commons/exec/CommandLine.java:210:78
          Adding basic (CtTypeReferenceImpl) boolean @ src/main/java/org/apache/commons/exec/CommandLine.java:210:70
            Resolved with match basic (CtTypeReferenceImpl) boolean @ src/main/java/org/apache/commons/exec/CommandLine.java:210:70
          Resolved as new parameter (CtParameterImpl) handleQuoting @ src/main/java/org/apache/commons/exec/CommandLine.java:210:78
        Adding parameter <unnamed> org.apache.commons.exec.CommandLine @ src/main/java/org/apache/commons/exec/CommandLine.java:210:12
          Resolved with match parameter <unnamed> org.apache.commons.exec.CommandLine @ src/main/java/org/apache/commons/exec/CommandLine.java:210:12
        Resolved as new signature (CtMethodImpl) addArguments @ src/main/java/org/apache/commons/exec/CommandLine.java:210:24
      Resolved as new method (CtMethodImpl) addArguments @ src/main/java/org/apache/commons/exec/CommandLine.java:210:24
    Adding method (CtMethodImpl) setSubstitutionMap @ src/main/java/org/apache/commons/exec/CommandLine.java:288:17
      Adding signature (CtMethodImpl) setSubstitutionMap @ src/main/java/org/apache/commons/exec/CommandLine.java:288:17
        Adding parameter (CtParameterImpl) substitutionMap @ src/main/java/org/apache/commons/exec/CommandLine.java:288:57
          Adding interface instantiation java.util.Map @ src/main/java/org/apache/commons/exec/CommandLine.java:288:42<java.lang.String @ src/main/java/org/apache/commons/exec/CommandLine.java:288:46, ? @ src/main/java/org/apache/commons/exec/CommandLine.java:288:54>
            Resolved with match interface instantiation java.util.Map @ src/main/java/org/apache/commons/exec/CommandLine.java:288:42<java.lang.String @ src/main/java/org/apache/commons/exec/CommandLine.java:288:46, ? @ src/main/java/org/apache/commons/exec/CommandLine.java:288:54>
          Resolved as new parameter (CtParameterImpl) substitutionMap @ src/main/java/org/apache/commons/exec/CommandLine.java:288:57
        Resolved as new signature (CtMethodImpl) setSubstitutionMap @ src/main/java/org/apache/commons/exec/CommandLine.java:288:17
      Resolved as new method (CtMethodImpl) setSubstitutionMap @ src/main/java/org/apache/commons/exec/CommandLine.java:288:17
    Adding method (CtMethodImpl) toCleanExecutable @ src/main/java/org/apache/commons/exec/CommandLine.java:411:20
      Adding signature (CtMethodImpl) toCleanExecutable @ src/main/java/org/apache/commons/exec/CommandLine.java:411:20
        Adding parameter (CtParameterImpl) dirtyExecutable @ src/main/java/org/apache/commons/exec/CommandLine.java:411:51
          Resolved as new parameter (CtParameterImpl) dirtyExecutable @ src/main/java/org/apache/commons/exec/CommandLine.java:411:51
        Adding parameter <unnamed> java.lang.String @ src/main/java/org/apache/commons/exec/CommandLine.java:411:13
          Resolved with match parameter <unnamed> java.lang.String @ src/main/java/org/apache/commons/exec/CommandLine.java:411:13
        Resolved as new signature (CtMethodImpl) toCleanExecutable @ src/main/java/org/apache/commons/exec/CommandLine.java:411:20
      Resolved as new method (CtMethodImpl) toCleanExecutable @ src/main/java/org/apache/commons/exec/CommandLine.java:411:20
    Adding method (CtMethodImpl) addArgument @ src/main/java/org/apache/commons/exec/CommandLine.java:226:24
      Adding signature (CtMethodImpl) addArgument @ src/main/java/org/apache/commons/exec/CommandLine.java:226:24
        Adding parameter (CtParameterImpl) argument @ src/main/java/org/apache/commons/exec/CommandLine.java:226:49
          Resolved as new parameter (CtParameterImpl) argument @ src/main/java/org/apache/commons/exec/CommandLine.java:226:49
        Adding parameter <unnamed> org.apache.commons.exec.CommandLine @ src/main/java/org/apache/commons/exec/CommandLine.java:226:12
          Resolved with match parameter <unnamed> org.apache.commons.exec.CommandLine @ src/main/java/org/apache/commons/exec/CommandLine.java:226:12
        Resolved as new signature (CtMethodImpl) addArgument @ src/main/java/org/apache/commons/exec/CommandLine.java:226:24
      Resolved as new method (CtMethodImpl) addArgument @ src/main/java/org/apache/commons/exec/CommandLine.java:226:24
    Adding method (CtMethodImpl) addArgument @ src/main/java/org/apache/commons/exec/CommandLine.java:237:23
      Adding signature (CtMethodImpl) addArgument @ src/main/java/org/apache/commons/exec/CommandLine.java:237:23
        Adding parameter (CtParameterImpl) argument @ src/main/java/org/apache/commons/exec/CommandLine.java:237:48
          Resolved with match parameter (CtParameterImpl) argument @ src/main/java/org/apache/commons/exec/CommandLine.java:237:48
        Adding parameter (CtParameterImpl) handleQuoting @ src/main/java/org/apache/commons/exec/CommandLine.java:237:72
          Adding basic (CtTypeReferenceImpl) boolean @ src/main/java/org/apache/commons/exec/CommandLine.java:237:64
            Resolved with match basic (CtTypeReferenceImpl) boolean @ src/main/java/org/apache/commons/exec/CommandLine.java:237:64
          Resolved as new parameter (CtParameterImpl) handleQuoting @ src/main/java/org/apache/commons/exec/CommandLine.java:237:72
        Adding parameter <unnamed> org.apache.commons.exec.CommandLine @ src/main/java/org/apache/commons/exec/CommandLine.java:237:11
          Resolved with match parameter <unnamed> org.apache.commons.exec.CommandLine @ src/main/java/org/apache/commons/exec/CommandLine.java:237:11
        Resolved as new signature (CtMethodImpl) addArgument @ src/main/java/org/apache/commons/exec/CommandLine.java:237:23
      Resolved as new method (CtMethodImpl) addArgument @ src/main/java/org/apache/commons/exec/CommandLine.java:237:23
    Adding method (CtMethodImpl) expandArgument @ src/main/java/org/apache/commons/exec/CommandLine.java:324:20
      Adding signature (CtMethodImpl) expandArgument @ src/main/java/org/apache/commons/exec/CommandLine.java:324:20
        Adding parameter (CtParameterImpl) argument @ src/main/java/org/apache/commons/exec/CommandLine.java:324:48
          Resolved with match parameter (CtParameterImpl) argument @ src/main/java/org/apache/commons/exec/CommandLine.java:324:48
        Adding parameter <unnamed> java.lang.String @ src/main/java/org/apache/commons/exec/CommandLine.java:324:13
          Resolved with match parameter <unnamed> java.lang.String @ src/main/java/org/apache/commons/exec/CommandLine.java:324:13
        Resolved as new signature (CtMethodImpl) expandArgument @ src/main/java/org/apache/commons/exec/CommandLine.java:324:20
      Resolved as new method (CtMethodImpl) expandArgument @ src/main/java/org/apache/commons/exec/CommandLine.java:324:20
    Adding method (CtMethodImpl) getExecutable @ src/main/java/org/apache/commons/exec/CommandLine.java:146:19
      Adding signature (CtMethodImpl) getExecutable @ src/main/java/org/apache/commons/exec/CommandLine.java:146:19
        Adding parameter <unnamed> java.lang.String @ src/main/java/org/apache/commons/exec/CommandLine.java:146:12
          Resolved with match parameter <unnamed> java.lang.String @ src/main/java/org/apache/commons/exec/CommandLine.java:146:12
        Resolved as new signature (CtMethodImpl) getExecutable @ src/main/java/org/apache/commons/exec/CommandLine.java:146:19
      Resolved as new method (CtMethodImpl) getExecutable @ src/main/java/org/apache/commons/exec/CommandLine.java:146:19
    Adding method (CtMethodImpl) isFile @ src/main/java/org/apache/commons/exec/CommandLine.java:158:20
      Adding signature (CtMethodImpl) isFile @ src/main/java/org/apache/commons/exec/CommandLine.java:158:20
        Adding parameter <unnamed> boolean @ src/main/java/org/apache/commons/exec/CommandLine.java:158:12
          Adding basic (CtTypeReferenceImpl) boolean @ src/main/java/org/apache/commons/exec/CommandLine.java:158:12
            Resolved with match basic (CtTypeReferenceImpl) boolean @ src/main/java/org/apache/commons/exec/CommandLine.java:158:12
          Resolved as new parameter <unnamed> boolean @ src/main/java/org/apache/commons/exec/CommandLine.java:158:12
        Resolved as new signature (CtMethodImpl) isFile @ src/main/java/org/apache/commons/exec/CommandLine.java:158:20
      Resolved as new method (CtMethodImpl) isFile @ src/main/java/org/apache/commons/exec/CommandLine.java:158:20
    Adding method (CtMethodImpl) getSubstitutionMap @ src/main/java/org/apache/commons/exec/CommandLine.java:278:27
      Adding signature (CtMethodImpl) getSubstitutionMap @ src/main/java/org/apache/commons/exec/CommandLine.java:278:27
        Adding parameter <unnamed> java.util.Map @ src/main/java/org/apache/commons/exec/CommandLine.java:278:12<java.lang.String @ src/main/java/org/apache/commons/exec/CommandLine.java:278:16, ? @ src/main/java/org/apache/commons/exec/CommandLine.java:278:24>
          Adding interface instantiation java.util.Map @ src/main/java/org/apache/commons/exec/CommandLine.java:278:12<java.lang.String @ src/main/java/org/apache/commons/exec/CommandLine.java:278:16, ? @ src/main/java/org/apache/commons/exec/CommandLine.java:278:24>
            Resolved with match interface instantiation java.util.Map @ src/main/java/org/apache/commons/exec/CommandLine.java:278:12<java.lang.String @ src/main/java/org/apache/commons/exec/CommandLine.java:278:16, ? @ src/main/java/org/apache/commons/exec/CommandLine.java:278:24>
          Resolved as new parameter <unnamed> java.util.Map @ src/main/java/org/apache/commons/exec/CommandLine.java:278:12<java.lang.String @ src/main/java/org/apache/commons/exec/CommandLine.java:278:16, ? @ src/main/java/org/apache/commons/exec/CommandLine.java:278:24>
        Resolved as new signature (CtMethodImpl) getSubstitutionMap @ src/main/java/org/apache/commons/exec/CommandLine.java:278:27
      Resolved as new method (CtMethodImpl) getSubstitutionMap @ src/main/java/org/apache/commons/exec/CommandLine.java:278:27
    Adding method (CtMethodImpl) parse @ src/main/java/org/apache/commons/exec/CommandLine.java:66:31
      Adding signature (CtMethodImpl) parse @ src/main/java/org/apache/commons/exec/CommandLine.java:66:31
        Adding parameter (CtParameterImpl) line @ src/main/java/org/apache/commons/exec/CommandLine.java:66:50
          Resolved as new parameter (CtParameterImpl) line @ src/main/java/org/apache/commons/exec/CommandLine.java:66:50
        Adding parameter <unnamed> org.apache.commons.exec.CommandLine @ src/main/java/org/apache/commons/exec/CommandLine.java:66:19
          Resolved with match parameter <unnamed> org.apache.commons.exec.CommandLine @ src/main/java/org/apache/commons/exec/CommandLine.java:66:19
        Resolved as new signature (CtMethodImpl) parse @ src/main/java/org/apache/commons/exec/CommandLine.java:66:31
      Resolved as new method (CtMethodImpl) parse @ src/main/java/org/apache/commons/exec/CommandLine.java:66:31
    Adding method (CtMethodImpl) parse @ src/main/java/org/apache/commons/exec/CommandLine.java:78:31
      Adding signature (CtMethodImpl) parse @ src/main/java/org/apache/commons/exec/CommandLine.java:78:31
        Adding parameter (CtParameterImpl) line @ src/main/java/org/apache/commons/exec/CommandLine.java:78:50
          Resolved with match parameter (CtParameterImpl) line @ src/main/java/org/apache/commons/exec/CommandLine.java:78:50
        Adding parameter (CtParameterImpl) substitutionMap @ src/main/java/org/apache/commons/exec/CommandLine.java:78:77
          Adding interface instantiation java.util.Map @ src/main/java/org/apache/commons/exec/CommandLine.java:78:62<java.lang.String @ src/main/java/org/apache/commons/exec/CommandLine.java:78:66, ? @ src/main/java/org/apache/commons/exec/CommandLine.java:78:74>
            Resolved with match interface instantiation java.util.Map @ src/main/java/org/apache/commons/exec/CommandLine.java:78:62<java.lang.String @ src/main/java/org/apache/commons/exec/CommandLine.java:78:66, ? @ src/main/java/org/apache/commons/exec/CommandLine.java:78:74>
          Resolved as new parameter (CtParameterImpl) substitutionMap @ src/main/java/org/apache/commons/exec/CommandLine.java:78:77
        Adding parameter <unnamed> org.apache.commons.exec.CommandLine @ src/main/java/org/apache/commons/exec/CommandLine.java:78:19
          Resolved with match parameter <unnamed> org.apache.commons.exec.CommandLine @ src/main/java/org/apache/commons/exec/CommandLine.java:78:19
        Resolved as new signature (CtMethodImpl) parse @ src/main/java/org/apache/commons/exec/CommandLine.java:78:31
      Resolved as new method (CtMethodImpl) parse @ src/main/java/org/apache/commons/exec/CommandLine.java:78:31
    Adding method (CtMethodImpl) getArguments @ src/main/java/org/apache/commons/exec/CommandLine.java:260:21
      Adding signature (CtMethodImpl) getArguments @ src/main/java/org/apache/commons/exec/CommandLine.java:260:21
        Adding parameter <unnamed> java.lang.String[] @ src/main/java/org/apache/commons/exec/CommandLine.java:260:12
          Resolved as new parameter <unnamed> java.lang.String[] @ src/main/java/org/apache/commons/exec/CommandLine.java:260:12
        Resolved as new signature (CtMethodImpl) getArguments @ src/main/java/org/apache/commons/exec/CommandLine.java:260:21
      Resolved as new method (CtMethodImpl) getArguments @ src/main/java/org/apache/commons/exec/CommandLine.java:260:21
    Adding method (CtMethodImpl) translateCommandline @ src/main/java/org/apache/commons/exec/CommandLine.java:337:29
      Adding signature (CtMethodImpl) translateCommandline @ src/main/java/org/apache/commons/exec/CommandLine.java:337:29
        Adding parameter (CtParameterImpl) toProcess @ src/main/java/org/apache/commons/exec/CommandLine.java:337:63
          Resolved as new parameter (CtParameterImpl) toProcess @ src/main/java/org/apache/commons/exec/CommandLine.java:337:63
        Adding parameter <unnamed> java.lang.String[] @ src/main/java/org/apache/commons/exec/CommandLine.java:337:20
          Resolved with match parameter <unnamed> java.lang.String[] @ src/main/java/org/apache/commons/exec/CommandLine.java:337:20
        Resolved as new signature (CtMethodImpl) translateCommandline @ src/main/java/org/apache/commons/exec/CommandLine.java:337:29
      Resolved as new method (CtMethodImpl) translateCommandline @ src/main/java/org/apache/commons/exec/CommandLine.java:337:29
    Adding method (CtMethodImpl) toStrings @ src/main/java/org/apache/commons/exec/CommandLine.java:297:21
      Adding signature (CtMethodImpl) toStrings @ src/main/java/org/apache/commons/exec/CommandLine.java:297:21
        Adding parameter <unnamed> java.lang.String[] @ src/main/java/org/apache/commons/exec/CommandLine.java:297:12
          Resolved with match parameter <unnamed> java.lang.String[] @ src/main/java/org/apache/commons/exec/CommandLine.java:297:12
        Resolved as new signature (CtMethodImpl) toStrings @ src/main/java/org/apache/commons/exec/CommandLine.java:297:21
      Resolved as new method (CtMethodImpl) toStrings @ src/main/java/org/apache/commons/exec/CommandLine.java:297:21
    Adding method (CtMethodImpl) toString @ src/main/java/org/apache/commons/exec/CommandLine.java:312:19
      Adding signature (CtMethodImpl) toString @ src/main/java/org/apache/commons/exec/CommandLine.java:312:19
        Adding parameter <unnamed> java.lang.String @ src/main/java/org/apache/commons/exec/CommandLine.java:312:12
          Resolved with match parameter <unnamed> java.lang.String @ src/main/java/org/apache/commons/exec/CommandLine.java:312:12
        Resolved as new signature (CtMethodImpl) toString @ src/main/java/org/apache/commons/exec/CommandLine.java:312:19
      Resolved as new method (CtMethodImpl) toString @ src/main/java/org/apache/commons/exec/CommandLine.java:312:19
    Adding abstract (CtMethodImpl) addArguments @ src/main/java/org/apache/commons/exec/CommandLine.java:168:24
      Resolved as new abstract (CtMethodImpl) addArguments @ src/main/java/org/apache/commons/exec/CommandLine.java:168:24
    Adding abstract (CtMethodImpl) addArguments @ src/main/java/org/apache/commons/exec/CommandLine.java:179:24
      Resolved as new abstract (CtMethodImpl) addArguments @ src/main/java/org/apache/commons/exec/CommandLine.java:179:24
    Adding abstract (CtMethodImpl) addArguments @ src/main/java/org/apache/commons/exec/CommandLine.java:197:24
      Resolved as new abstract (CtMethodImpl) addArguments @ src/main/java/org/apache/commons/exec/CommandLine.java:197:24
    Adding abstract (CtMethodImpl) addArguments @ src/main/java/org/apache/commons/exec/CommandLine.java:210:24
      Resolved as new abstract (CtMethodImpl) addArguments @ src/main/java/org/apache/commons/exec/CommandLine.java:210:24
    Adding abstract (CtMethodImpl) setSubstitutionMap @ src/main/java/org/apache/commons/exec/CommandLine.java:288:17
      Resolved as new abstract (CtMethodImpl) setSubstitutionMap @ src/main/java/org/apache/commons/exec/CommandLine.java:288:17
    Adding abstract (CtMethodImpl) toCleanExecutable @ src/main/java/org/apache/commons/exec/CommandLine.java:411:20
      Resolved as new abstract (CtMethodImpl) toCleanExecutable @ src/main/java/org/apache/commons/exec/CommandLine.java:411:20
    Adding abstract (CtMethodImpl) addArgument @ src/main/java/org/apache/commons/exec/CommandLine.java:226:24
      Resolved as new abstract (CtMethodImpl) addArgument @ src/main/java/org/apache/commons/exec/CommandLine.java:226:24
    Adding abstract (CtMethodImpl) addArgument @ src/main/java/org/apache/commons/exec/CommandLine.java:237:23
      Resolved as new abstract (CtMethodImpl) addArgument @ src/main/java/org/apache/commons/exec/CommandLine.java:237:23
    Adding abstract (CtMethodImpl) expandArgument @ src/main/java/org/apache/commons/exec/CommandLine.java:324:20
      Resolved as new abstract (CtMethodImpl) expandArgument @ src/main/java/org/apache/commons/exec/CommandLine.java:324:20
    Adding abstract (CtMethodImpl) getExecutable @ src/main/java/org/apache/commons/exec/CommandLine.java:146:19
      Resolved as new abstract (CtMethodImpl) getExecutable @ src/main/java/org/apache/commons/exec/CommandLine.java:146:19
    Adding abstract (CtMethodImpl) isFile @ src/main/java/org/apache/commons/exec/CommandLine.java:158:20
      Resolved as new abstract (CtMethodImpl) isFile @ src/main/java/org/apache/commons/exec/CommandLine.java:158:20
    Adding abstract (CtMethodImpl) getSubstitutionMap @ src/main/java/org/apache/commons/exec/CommandLine.java:278:27
      Resolved as new abstract (CtMethodImpl) getSubstitutionMap @ src/main/java/org/apache/commons/exec/CommandLine.java:278:27
    Adding abstract (CtMethodImpl) getArguments @ src/main/java/org/apache/commons/exec/CommandLine.java:260:21
      Resolved as new abstract (CtMethodImpl) getArguments @ src/main/java/org/apache/commons/exec/CommandLine.java:260:21
    Adding abstract (CtMethodImpl) toStrings @ src/main/java/org/apache/commons/exec/CommandLine.java:297:21
      Resolved as new abstract (CtMethodImpl) toStrings @ src/main/java/org/apache/commons/exec/CommandLine.java:297:21
    Adding abstract (CtMethodImpl) toString @ src/main/java/org/apache/commons/exec/CommandLine.java:312:19
      Resolved as new abstract (CtMethodImpl) toString @ src/main/java/org/apache/commons/exec/CommandLine.java:312:19
  Finishing object decl (CtClassImpl) Process
  Finishing object decl (CtClassImpl) File
    Adding interface description (CtInterfaceImpl) Comparable
      Resolved as new interface description (CtInterfaceImpl) Comparable
  Finishing object decl (CtClassImpl) CommandLauncherFactory @ src/main/java/org/apache/commons/exec/launcher/CommandLauncherFactory.java:28:20
    Adding constructor (CtConstructorImpl) <init> @ src/main/java/org/apache/commons/exec/launcher/CommandLauncherFactory.java:30:13
      Adding constructor signature (CtConstructorImpl) <init> @ src/main/java/org/apache/commons/exec/launcher/CommandLauncherFactory.java:30:13
        Adding parameter <unnamed> org.apache.commons.exec.launcher.CommandLauncherFactory
          Resolved as new parameter <unnamed> org.apache.commons.exec.launcher.CommandLauncherFactory
        Resolved as new constructor signature (CtConstructorImpl) <init> @ src/main/java/org/apache/commons/exec/launcher/CommandLauncherFactory.java:30:13
      Resolved as new constructor (CtConstructorImpl) <init> @ src/main/java/org/apache/commons/exec/launcher/CommandLauncherFactory.java:30:13
    Adding method (CtMethodImpl) createVMLauncher @ src/main/java/org/apache/commons/exec/launcher/CommandLauncherFactory.java:38:35
      Adding signature (CtMethodImpl) createVMLauncher @ src/main/java/org/apache/commons/exec/launcher/CommandLauncherFactory.java:38:35
        Adding parameter <unnamed> org.apache.commons.exec.launcher.CommandLauncher @ src/main/java/org/apache/commons/exec/launcher/CommandLauncherFactory.java:38:19
          Resolved as new parameter <unnamed> org.apache.commons.exec.launcher.CommandLauncher @ src/main/java/org/apache/commons/exec/launcher/CommandLauncherFactory.java:38:19
        Resolved as new signature (CtMethodImpl) createVMLauncher @ src/main/java/org/apache/commons/exec/launcher/CommandLauncherFactory.java:38:35
      Resolved as new method (CtMethodImpl) createVMLauncher @ src/main/java/org/apache/commons/exec/launcher/CommandLauncherFactory.java:38:35
  Finishing object decl (CtClassImpl) CommandLauncherImpl @ src/main/java/org/apache/commons/exec/launcher/CommandLauncherImpl.java:35:23
    [34mskipping default constructor: org.apache.commons.exec.launcher.CommandLauncherImpl()[0m
    Adding method (CtMethodImpl) isFailure @ src/main/java/org/apache/commons/exec/launcher/CommandLauncherImpl.java:47:20
      Adding signature (CtMethodImpl) isFailure @ src/main/java/org/apache/commons/exec/launcher/CommandLauncherImpl.java:47:20
        Adding parameter (CtParameterImpl) exitValue @ src/main/java/org/apache/commons/exec/launcher/CommandLauncherImpl.java:47:40
          Adding basic (CtTypeReferenceImpl) int @ src/main/java/org/apache/commons/exec/launcher/CommandLauncherImpl.java:47:36
            Resolved with match basic (CtTypeReferenceImpl) int @ src/main/java/org/apache/commons/exec/launcher/CommandLauncherImpl.java:47:36
          Resolved as new parameter (CtParameterImpl) exitValue @ src/main/java/org/apache/commons/exec/launcher/CommandLauncherImpl.java:47:40
        Adding parameter <unnamed> boolean @ src/main/java/org/apache/commons/exec/launcher/CommandLauncherImpl.java:47:12
          Adding basic (CtTypeReferenceImpl) boolean @ src/main/java/org/apache/commons/exec/launcher/CommandLauncherImpl.java:47:12
            Resolved with match basic (CtTypeReferenceImpl) boolean @ src/main/java/org/apache/commons/exec/launcher/CommandLauncherImpl.java:47:12
          Resolved as new parameter <unnamed> boolean @ src/main/java/org/apache/commons/exec/launcher/CommandLauncherImpl.java:47:12
        Resolved as new signature (CtMethodImpl) isFailure @ src/main/java/org/apache/commons/exec/launcher/CommandLauncherImpl.java:47:20
      Resolved as new method (CtMethodImpl) isFailure @ src/main/java/org/apache/commons/exec/launcher/CommandLauncherImpl.java:47:20
    Adding method (CtMethodImpl) exec @ src/main/java/org/apache/commons/exec/launcher/CommandLauncherImpl.java:37:20
      Adding signature (CtMethodImpl) exec @ src/main/java/org/apache/commons/exec/launcher/CommandLauncherImpl.java:37:20
        Adding parameter (CtParameterImpl) cmd @ src/main/java/org/apache/commons/exec/launcher/CommandLauncherImpl.java:37:43
          Resolved with match parameter (CtParameterImpl) cmd @ src/main/java/org/apache/commons/exec/launcher/CommandLauncherImpl.java:37:43
        Adding parameter (CtParameterImpl) env @ src/main/java/org/apache/commons/exec/launcher/CommandLauncherImpl.java:37:74
          Adding interface instantiation java.util.Map @ src/main/java/org/apache/commons/exec/launcher/CommandLauncherImpl.java:37:54<java.lang.String @ src/main/java/org/apache/commons/exec/launcher/CommandLauncherImpl.java:37:58, java.lang.String @ src/main/java/org/apache/commons/exec/launcher/CommandLauncherImpl.java:37:66>
            Resolved with match interface instantiation java.util.Map @ src/main/java/org/apache/commons/exec/launcher/CommandLauncherImpl.java:37:54<java.lang.String @ src/main/java/org/apache/commons/exec/launcher/CommandLauncherImpl.java:37:58, java.lang.String @ src/main/java/org/apache/commons/exec/launcher/CommandLauncherImpl.java:37:66>
          Resolved as new parameter (CtParameterImpl) env @ src/main/java/org/apache/commons/exec/launcher/CommandLauncherImpl.java:37:74
        Adding parameter <unnamed> java.lang.Process @ src/main/java/org/apache/commons/exec/launcher/CommandLauncherImpl.java:37:12
          Resolved with match parameter <unnamed> java.lang.Process @ src/main/java/org/apache/commons/exec/launcher/CommandLauncherImpl.java:37:12
        Resolved as new signature (CtMethodImpl) exec @ src/main/java/org/apache/commons/exec/launcher/CommandLauncherImpl.java:37:20
      Resolved as new method (CtMethodImpl) exec @ src/main/java/org/apache/commons/exec/launcher/CommandLauncherImpl.java:37:20
    Adding method (CtMethodImpl) exec @ src/main/java/org/apache/commons/exec/launcher/CommandLauncherImpl.java:43:29
      Adding signature (CtMethodImpl) exec @ src/main/java/org/apache/commons/exec/launcher/CommandLauncherImpl.java:43:29
        Adding parameter (CtParameterImpl) cmd @ src/main/java/org/apache/commons/exec/launcher/CommandLauncherImpl.java:43:52
          Resolved with match parameter (CtParameterImpl) cmd @ src/main/java/org/apache/commons/exec/launcher/CommandLauncherImpl.java:43:52
        Adding parameter (CtParameterImpl) env @ src/main/java/org/apache/commons/exec/launcher/CommandLauncherImpl.java:43:83
          Adding interface instantiation java.util.Map @ src/main/java/org/apache/commons/exec/launcher/CommandLauncherImpl.java:43:63<java.lang.String @ src/main/java/org/apache/commons/exec/launcher/CommandLauncherImpl.java:43:67, java.lang.String @ src/main/java/org/apache/commons/exec/launcher/CommandLauncherImpl.java:43:75>
            Resolved with match interface instantiation java.util.Map @ src/main/java/org/apache/commons/exec/launcher/CommandLauncherImpl.java:43:63<java.lang.String @ src/main/java/org/apache/commons/exec/launcher/CommandLauncherImpl.java:43:67, java.lang.String @ src/main/java/org/apache/commons/exec/launcher/CommandLauncherImpl.java:43:75>
          Resolved as new parameter (CtParameterImpl) env @ src/main/java/org/apache/commons/exec/launcher/CommandLauncherImpl.java:43:83
        Adding parameter (CtParameterImpl) workingDir @ src/main/java/org/apache/commons/exec/launcher/CommandLauncherImpl.java:44:24
          Resolved with match parameter (CtParameterImpl) workingDir @ src/main/java/org/apache/commons/exec/launcher/CommandLauncherImpl.java:44:24
        Adding parameter <unnamed> java.lang.Process @ src/main/java/org/apache/commons/exec/launcher/CommandLauncherImpl.java:43:21
          Resolved with match parameter <unnamed> java.lang.Process @ src/main/java/org/apache/commons/exec/launcher/CommandLauncherImpl.java:43:21
        Resolved as new signature (CtMethodImpl) exec @ src/main/java/org/apache/commons/exec/launcher/CommandLauncherImpl.java:43:29
      Resolved as new method (CtMethodImpl) exec @ src/main/java/org/apache/commons/exec/launcher/CommandLauncherImpl.java:43:29
    Adding abstract (CtMethodImpl) isFailure @ src/main/java/org/apache/commons/exec/launcher/CommandLauncherImpl.java:47:20
      Resolved as new abstract (CtMethodImpl) isFailure @ src/main/java/org/apache/commons/exec/launcher/CommandLauncherImpl.java:47:20
    Adding abstract (CtMethodImpl) exec @ src/main/java/org/apache/commons/exec/launcher/CommandLauncherImpl.java:37:20
      Resolved as new abstract (CtMethodImpl) exec @ src/main/java/org/apache/commons/exec/launcher/CommandLauncherImpl.java:37:20
    Adding abstract (CtMethodImpl) exec @ src/main/java/org/apache/commons/exec/launcher/CommandLauncherImpl.java:43:29
      Resolved as new abstract (CtMethodImpl) exec @ src/main/java/org/apache/commons/exec/launcher/CommandLauncherImpl.java:43:29
  Finishing object decl (CtClassImpl) CommandLauncherProxy @ src/main/java/org/apache/commons/exec/launcher/CommandLauncherProxy.java:32:23
    Adding constructor (CtConstructorImpl) <init> @ src/main/java/org/apache/commons/exec/launcher/CommandLauncherProxy.java:34:12
      Adding constructor signature (CtConstructorImpl) <init> @ src/main/java/org/apache/commons/exec/launcher/CommandLauncherProxy.java:34:12
        Adding parameter (CtParameterImpl) launcher @ src/main/java/org/apache/commons/exec/launcher/CommandLauncherProxy.java:34:55
          Resolved as new parameter (CtParameterImpl) launcher @ src/main/java/org/apache/commons/exec/launcher/CommandLauncherProxy.java:34:55
        Adding parameter <unnamed> org.apache.commons.exec.launcher.CommandLauncherProxy
          Resolved as new parameter <unnamed> org.apache.commons.exec.launcher.CommandLauncherProxy
        Resolved as new constructor signature (CtConstructorImpl) <init> @ src/main/java/org/apache/commons/exec/launcher/CommandLauncherProxy.java:34:12
      Resolved as new constructor (CtConstructorImpl) <init> @ src/main/java/org/apache/commons/exec/launcher/CommandLauncherProxy.java:34:12
    Adding method (CtMethodImpl) exec @ src/main/java/org/apache/commons/exec/launcher/CommandLauncherProxy.java:52:20
      Adding signature (CtMethodImpl) exec @ src/main/java/org/apache/commons/exec/launcher/CommandLauncherProxy.java:52:20
        Adding parameter (CtParameterImpl) cmd @ src/main/java/org/apache/commons/exec/launcher/CommandLauncherProxy.java:52:43
          Resolved with match parameter (CtParameterImpl) cmd @ src/main/java/org/apache/commons/exec/launcher/CommandLauncherProxy.java:52:43
        Adding parameter (CtParameterImpl) env @ src/main/java/org/apache/commons/exec/launcher/CommandLauncherProxy.java:52:74
          Adding interface instantiation java.util.Map @ src/main/java/org/apache/commons/exec/launcher/CommandLauncherProxy.java:52:54<java.lang.String @ src/main/java/org/apache/commons/exec/launcher/CommandLauncherProxy.java:52:58, java.lang.String @ src/main/java/org/apache/commons/exec/launcher/CommandLauncherProxy.java:52:66>
            Resolved with match interface instantiation java.util.Map @ src/main/java/org/apache/commons/exec/launcher/CommandLauncherProxy.java:52:54<java.lang.String @ src/main/java/org/apache/commons/exec/launcher/CommandLauncherProxy.java:52:58, java.lang.String @ src/main/java/org/apache/commons/exec/launcher/CommandLauncherProxy.java:52:66>
          Resolved as new parameter (CtParameterImpl) env @ src/main/java/org/apache/commons/exec/launcher/CommandLauncherProxy.java:52:74
        Adding parameter <unnamed> java.lang.Process @ src/main/java/org/apache/commons/exec/launcher/CommandLauncherProxy.java:52:12
          Resolved with match parameter <unnamed> java.lang.Process @ src/main/java/org/apache/commons/exec/launcher/CommandLauncherProxy.java:52:12
        Resolved as new signature (CtMethodImpl) exec @ src/main/java/org/apache/commons/exec/launcher/CommandLauncherProxy.java:52:20
      Resolved as new method (CtMethodImpl) exec @ src/main/java/org/apache/commons/exec/launcher/CommandLauncherProxy.java:52:20
    Adding abstract (CtMethodImpl) exec @ src/main/java/org/apache/commons/exec/launcher/CommandLauncherProxy.java:52:20
      Resolved as new abstract (CtMethodImpl) exec @ src/main/java/org/apache/commons/exec/launcher/CommandLauncherProxy.java:52:20
  Finishing object decl (CtClassImpl) Java13CommandLauncher @ src/main/java/org/apache/commons/exec/launcher/Java13CommandLauncher.java:34:14
    Adding constructor (CtConstructorImpl) <init> @ src/main/java/org/apache/commons/exec/launcher/Java13CommandLauncher.java:39:12
      Adding constructor signature (CtConstructorImpl) <init> @ src/main/java/org/apache/commons/exec/launcher/Java13CommandLauncher.java:39:12
        Adding parameter <unnamed> org.apache.commons.exec.launcher.Java13CommandLauncher
          Resolved as new parameter <unnamed> org.apache.commons.exec.launcher.Java13CommandLauncher
        Resolved as new constructor signature (CtConstructorImpl) <init> @ src/main/java/org/apache/commons/exec/launcher/Java13CommandLauncher.java:39:12
      Resolved as new constructor (CtConstructorImpl) <init> @ src/main/java/org/apache/commons/exec/launcher/Java13CommandLauncher.java:39:12
    Adding method (CtMethodImpl) exec @ src/main/java/org/apache/commons/exec/launcher/Java13CommandLauncher.java:56:20
      Adding signature (CtMethodImpl) exec @ src/main/java/org/apache/commons/exec/launcher/Java13CommandLauncher.java:56:20
        Adding parameter (CtParameterImpl) cmd @ src/main/java/org/apache/commons/exec/launcher/Java13CommandLauncher.java:56:43
          Resolved with match parameter (CtParameterImpl) cmd @ src/main/java/org/apache/commons/exec/launcher/Java13CommandLauncher.java:56:43
        Adding parameter (CtParameterImpl) env @ src/main/java/org/apache/commons/exec/launcher/Java13CommandLauncher.java:56:74
          Adding interface instantiation java.util.Map @ src/main/java/org/apache/commons/exec/launcher/Java13CommandLauncher.java:56:54<java.lang.String @ src/main/java/org/apache/commons/exec/launcher/Java13CommandLauncher.java:56:58, java.lang.String @ src/main/java/org/apache/commons/exec/launcher/Java13CommandLauncher.java:56:66>
            Resolved with match interface instantiation java.util.Map @ src/main/java/org/apache/commons/exec/launcher/Java13CommandLauncher.java:56:54<java.lang.String @ src/main/java/org/apache/commons/exec/launcher/Java13CommandLauncher.java:56:58, java.lang.String @ src/main/java/org/apache/commons/exec/launcher/Java13CommandLauncher.java:56:66>
          Resolved as new parameter (CtParameterImpl) env @ src/main/java/org/apache/commons/exec/launcher/Java13CommandLauncher.java:56:74
        Adding parameter (CtParameterImpl) workingDir @ src/main/java/org/apache/commons/exec/launcher/Java13CommandLauncher.java:57:24
          Resolved with match parameter (CtParameterImpl) workingDir @ src/main/java/org/apache/commons/exec/launcher/Java13CommandLauncher.java:57:24
        Adding parameter <unnamed> java.lang.Process @ src/main/java/org/apache/commons/exec/launcher/Java13CommandLauncher.java:56:12
          Resolved with match parameter <unnamed> java.lang.Process @ src/main/java/org/apache/commons/exec/launcher/Java13CommandLauncher.java:56:12
        Resolved as new signature (CtMethodImpl) exec @ src/main/java/org/apache/commons/exec/launcher/Java13CommandLauncher.java:56:20
      Resolved as new method (CtMethodImpl) exec @ src/main/java/org/apache/commons/exec/launcher/Java13CommandLauncher.java:56:20
    Adding abstract (CtMethodImpl) exec @ src/main/java/org/apache/commons/exec/launcher/Java13CommandLauncher.java:56:20
      Resolved as new abstract (CtMethodImpl) exec @ src/main/java/org/apache/commons/exec/launcher/Java13CommandLauncher.java:56:20
  Finishing object decl (CtClassImpl) OS2CommandLauncher @ src/main/java/org/apache/commons/exec/launcher/OS2CommandLauncher.java:39:14
    Adding constructor (CtConstructorImpl) <init> @ src/main/java/org/apache/commons/exec/launcher/OS2CommandLauncher.java:41:12
      Adding constructor signature (CtConstructorImpl) <init> @ src/main/java/org/apache/commons/exec/launcher/OS2CommandLauncher.java:41:12
        Adding parameter (CtParameterImpl) launcher @ src/main/java/org/apache/commons/exec/launcher/OS2CommandLauncher.java:41:53
          Resolved with match parameter (CtParameterImpl) launcher @ src/main/java/org/apache/commons/exec/launcher/OS2CommandLauncher.java:41:53
        Adding parameter <unnamed> org.apache.commons.exec.launcher.OS2CommandLauncher
          Resolved as new parameter <unnamed> org.apache.commons.exec.launcher.OS2CommandLauncher
        Resolved as new constructor signature (CtConstructorImpl) <init> @ src/main/java/org/apache/commons/exec/launcher/OS2CommandLauncher.java:41:12
      Resolved as new constructor (CtConstructorImpl) <init> @ src/main/java/org/apache/commons/exec/launcher/OS2CommandLauncher.java:41:12
    Adding method (CtMethodImpl) exec @ src/main/java/org/apache/commons/exec/launcher/OS2CommandLauncher.java:59:20
      Adding signature (CtMethodImpl) exec @ src/main/java/org/apache/commons/exec/launcher/OS2CommandLauncher.java:59:20
        Adding parameter (CtParameterImpl) cmd @ src/main/java/org/apache/commons/exec/launcher/OS2CommandLauncher.java:59:43
          Resolved with match parameter (CtParameterImpl) cmd @ src/main/java/org/apache/commons/exec/launcher/OS2CommandLauncher.java:59:43
        Adding parameter (CtParameterImpl) env @ src/main/java/org/apache/commons/exec/launcher/OS2CommandLauncher.java:59:74
          Adding interface instantiation java.util.Map @ src/main/java/org/apache/commons/exec/launcher/OS2CommandLauncher.java:59:54<java.lang.String @ src/main/java/org/apache/commons/exec/launcher/OS2CommandLauncher.java:59:58, java.lang.String @ src/main/java/org/apache/commons/exec/launcher/OS2CommandLauncher.java:59:66>
            Resolved with match interface instantiation java.util.Map @ src/main/java/org/apache/commons/exec/launcher/OS2CommandLauncher.java:59:54<java.lang.String @ src/main/java/org/apache/commons/exec/launcher/OS2CommandLauncher.java:59:58, java.lang.String @ src/main/java/org/apache/commons/exec/launcher/OS2CommandLauncher.java:59:66>
          Resolved as new parameter (CtParameterImpl) env @ src/main/java/org/apache/commons/exec/launcher/OS2CommandLauncher.java:59:74
        Adding parameter (CtParameterImpl) workingDir @ src/main/java/org/apache/commons/exec/launcher/OS2CommandLauncher.java:60:24
          Resolved with match parameter (CtParameterImpl) workingDir @ src/main/java/org/apache/commons/exec/launcher/OS2CommandLauncher.java:60:24
        Adding parameter <unnamed> java.lang.Process @ src/main/java/org/apache/commons/exec/launcher/OS2CommandLauncher.java:59:12
          Resolved with match parameter <unnamed> java.lang.Process @ src/main/java/org/apache/commons/exec/launcher/OS2CommandLauncher.java:59:12
        Resolved as new signature (CtMethodImpl) exec @ src/main/java/org/apache/commons/exec/launcher/OS2CommandLauncher.java:59:20
      Resolved as new method (CtMethodImpl) exec @ src/main/java/org/apache/commons/exec/launcher/OS2CommandLauncher.java:59:20
    Adding abstract (CtMethodImpl) exec @ src/main/java/org/apache/commons/exec/launcher/OS2CommandLauncher.java:59:20
      Resolved as new abstract (CtMethodImpl) exec @ src/main/java/org/apache/commons/exec/launcher/OS2CommandLauncher.java:59:20
  Finishing object decl (CtClassImpl) VmsCommandLauncher @ src/main/java/org/apache/commons/exec/launcher/VmsCommandLauncher.java:39:14
    [34mskipping default constructor: org.apache.commons.exec.launcher.VmsCommandLauncher()[0m
    Adding method (CtMethodImpl) isFailure @ src/main/java/org/apache/commons/exec/launcher/VmsCommandLauncher.java:72:20
      Adding signature (CtMethodImpl) isFailure @ src/main/java/org/apache/commons/exec/launcher/VmsCommandLauncher.java:72:20
        Adding parameter (CtParameterImpl) exitValue @ src/main/java/org/apache/commons/exec/launcher/VmsCommandLauncher.java:72:40
          Adding basic (CtTypeReferenceImpl) int @ src/main/java/org/apache/commons/exec/launcher/VmsCommandLauncher.java:72:36
            Resolved with match basic (CtTypeReferenceImpl) int @ src/main/java/org/apache/commons/exec/launcher/VmsCommandLauncher.java:72:36
          Resolved as new parameter (CtParameterImpl) exitValue @ src/main/java/org/apache/commons/exec/launcher/VmsCommandLauncher.java:72:40
        Adding parameter <unnamed> boolean @ src/main/java/org/apache/commons/exec/launcher/VmsCommandLauncher.java:72:12
          Adding basic (CtTypeReferenceImpl) boolean @ src/main/java/org/apache/commons/exec/launcher/VmsCommandLauncher.java:72:12
            Resolved with match basic (CtTypeReferenceImpl) boolean @ src/main/java/org/apache/commons/exec/launcher/VmsCommandLauncher.java:72:12
          Resolved as new parameter <unnamed> boolean @ src/main/java/org/apache/commons/exec/launcher/VmsCommandLauncher.java:72:12
        Resolved as new signature (CtMethodImpl) isFailure @ src/main/java/org/apache/commons/exec/launcher/VmsCommandLauncher.java:72:20
      Resolved as new method (CtMethodImpl) isFailure @ src/main/java/org/apache/commons/exec/launcher/VmsCommandLauncher.java:72:20
    Adding method (CtMethodImpl) createCommandFile @ src/main/java/org/apache/commons/exec/launcher/VmsCommandLauncher.java:81:18
      Adding signature (CtMethodImpl) createCommandFile @ src/main/java/org/apache/commons/exec/launcher/VmsCommandLauncher.java:81:18
        Adding parameter (CtParameterImpl) cmd @ src/main/java/org/apache/commons/exec/launcher/VmsCommandLauncher.java:81:54
          Resolved with match parameter (CtParameterImpl) cmd @ src/main/java/org/apache/commons/exec/launcher/VmsCommandLauncher.java:81:54
        Adding parameter (CtParameterImpl) env @ src/main/java/org/apache/commons/exec/launcher/VmsCommandLauncher.java:81:85
          Adding interface instantiation java.util.Map @ src/main/java/org/apache/commons/exec/launcher/VmsCommandLauncher.java:81:65<java.lang.String @ src/main/java/org/apache/commons/exec/launcher/VmsCommandLauncher.java:81:69, java.lang.String @ src/main/java/org/apache/commons/exec/launcher/VmsCommandLauncher.java:81:77>
            Resolved with match interface instantiation java.util.Map @ src/main/java/org/apache/commons/exec/launcher/VmsCommandLauncher.java:81:65<java.lang.String @ src/main/java/org/apache/commons/exec/launcher/VmsCommandLauncher.java:81:69, java.lang.String @ src/main/java/org/apache/commons/exec/launcher/VmsCommandLauncher.java:81:77>
          Resolved as new parameter (CtParameterImpl) env @ src/main/java/org/apache/commons/exec/launcher/VmsCommandLauncher.java:81:85
        Adding parameter <unnamed> java.io.File @ src/main/java/org/apache/commons/exec/launcher/VmsCommandLauncher.java:81:13
          Resolved as new parameter <unnamed> java.io.File @ src/main/java/org/apache/commons/exec/launcher/VmsCommandLauncher.java:81:13
        Resolved as new signature (CtMethodImpl) createCommandFile @ src/main/java/org/apache/commons/exec/launcher/VmsCommandLauncher.java:81:18
      Resolved as new method (CtMethodImpl) createCommandFile @ src/main/java/org/apache/commons/exec/launcher/VmsCommandLauncher.java:81:18
    Adding method (CtMethodImpl) exec @ src/main/java/org/apache/commons/exec/launcher/VmsCommandLauncher.java:45:20
      Adding signature (CtMethodImpl) exec @ src/main/java/org/apache/commons/exec/launcher/VmsCommandLauncher.java:45:20
        Adding parameter (CtParameterImpl) cmd @ src/main/java/org/apache/commons/exec/launcher/VmsCommandLauncher.java:45:43
          Resolved with match parameter (CtParameterImpl) cmd @ src/main/java/org/apache/commons/exec/launcher/VmsCommandLauncher.java:45:43
        Adding parameter (CtParameterImpl) env @ src/main/java/org/apache/commons/exec/launcher/VmsCommandLauncher.java:45:74
          Adding interface instantiation java.util.Map @ src/main/java/org/apache/commons/exec/launcher/VmsCommandLauncher.java:45:54<java.lang.String @ src/main/java/org/apache/commons/exec/launcher/VmsCommandLauncher.java:45:58, java.lang.String @ src/main/java/org/apache/commons/exec/launcher/VmsCommandLauncher.java:45:66>
            Resolved with match interface instantiation java.util.Map @ src/main/java/org/apache/commons/exec/launcher/VmsCommandLauncher.java:45:54<java.lang.String @ src/main/java/org/apache/commons/exec/launcher/VmsCommandLauncher.java:45:58, java.lang.String @ src/main/java/org/apache/commons/exec/launcher/VmsCommandLauncher.java:45:66>
          Resolved as new parameter (CtParameterImpl) env @ src/main/java/org/apache/commons/exec/launcher/VmsCommandLauncher.java:45:74
        Adding parameter <unnamed> java.lang.Process @ src/main/java/org/apache/commons/exec/launcher/VmsCommandLauncher.java:45:12
          Resolved with match parameter <unnamed> java.lang.Process @ src/main/java/org/apache/commons/exec/launcher/VmsCommandLauncher.java:45:12
        Resolved as new signature (CtMethodImpl) exec @ src/main/java/org/apache/commons/exec/launcher/VmsCommandLauncher.java:45:20
      Resolved as new method (CtMethodImpl) exec @ src/main/java/org/apache/commons/exec/launcher/VmsCommandLauncher.java:45:20
    Adding method (CtMethodImpl) exec @ src/main/java/org/apache/commons/exec/launcher/VmsCommandLauncher.java:61:20
      Adding signature (CtMethodImpl) exec @ src/main/java/org/apache/commons/exec/launcher/VmsCommandLauncher.java:61:20
        Adding parameter (CtParameterImpl) cmd @ src/main/java/org/apache/commons/exec/launcher/VmsCommandLauncher.java:61:43
          Resolved with match parameter (CtParameterImpl) cmd @ src/main/java/org/apache/commons/exec/launcher/VmsCommandLauncher.java:61:43
        Adding parameter (CtParameterImpl) env @ src/main/java/org/apache/commons/exec/launcher/VmsCommandLauncher.java:61:74
          Adding interface instantiation java.util.Map @ src/main/java/org/apache/commons/exec/launcher/VmsCommandLauncher.java:61:54<java.lang.String @ src/main/java/org/apache/commons/exec/launcher/VmsCommandLauncher.java:61:58, java.lang.String @ src/main/java/org/apache/commons/exec/launcher/VmsCommandLauncher.java:61:66>
            Resolved with match interface instantiation java.util.Map @ src/main/java/org/apache/commons/exec/launcher/VmsCommandLauncher.java:61:54<java.lang.String @ src/main/java/org/apache/commons/exec/launcher/VmsCommandLauncher.java:61:58, java.lang.String @ src/main/java/org/apache/commons/exec/launcher/VmsCommandLauncher.java:61:66>
          Resolved as new parameter (CtParameterImpl) env @ src/main/java/org/apache/commons/exec/launcher/VmsCommandLauncher.java:61:74
        Adding parameter (CtParameterImpl) workingDir @ src/main/java/org/apache/commons/exec/launcher/VmsCommandLauncher.java:62:24
          Resolved with match parameter (CtParameterImpl) workingDir @ src/main/java/org/apache/commons/exec/launcher/VmsCommandLauncher.java:62:24
        Adding parameter <unnamed> java.lang.Process @ src/main/java/org/apache/commons/exec/launcher/VmsCommandLauncher.java:61:12
          Resolved with match parameter <unnamed> java.lang.Process @ src/main/java/org/apache/commons/exec/launcher/VmsCommandLauncher.java:61:12
        Resolved as new signature (CtMethodImpl) exec @ src/main/java/org/apache/commons/exec/launcher/VmsCommandLauncher.java:61:20
      Resolved as new method (CtMethodImpl) exec @ src/main/java/org/apache/commons/exec/launcher/VmsCommandLauncher.java:61:20
    Adding abstract (CtMethodImpl) isFailure @ src/main/java/org/apache/commons/exec/launcher/VmsCommandLauncher.java:72:20
      Resolved as new abstract (CtMethodImpl) isFailure @ src/main/java/org/apache/commons/exec/launcher/VmsCommandLauncher.java:72:20
    Adding abstract (CtMethodImpl) createCommandFile @ src/main/java/org/apache/commons/exec/launcher/VmsCommandLauncher.java:81:18
      Resolved as new abstract (CtMethodImpl) createCommandFile @ src/main/java/org/apache/commons/exec/launcher/VmsCommandLauncher.java:81:18
    Adding abstract (CtMethodImpl) exec @ src/main/java/org/apache/commons/exec/launcher/VmsCommandLauncher.java:45:20
      Resolved as new abstract (CtMethodImpl) exec @ src/main/java/org/apache/commons/exec/launcher/VmsCommandLauncher.java:45:20
    Adding abstract (CtMethodImpl) exec @ src/main/java/org/apache/commons/exec/launcher/VmsCommandLauncher.java:61:20
      Resolved as new abstract (CtMethodImpl) exec @ src/main/java/org/apache/commons/exec/launcher/VmsCommandLauncher.java:61:20
  Finishing object decl (CtClassImpl) WinNTCommandLauncher @ src/main/java/org/apache/commons/exec/launcher/WinNTCommandLauncher.java:33:14
    Adding constructor (CtConstructorImpl) <init> @ src/main/java/org/apache/commons/exec/launcher/WinNTCommandLauncher.java:34:12
      Adding constructor signature (CtConstructorImpl) <init> @ src/main/java/org/apache/commons/exec/launcher/WinNTCommandLauncher.java:34:12
        Adding parameter (CtParameterImpl) launcher @ src/main/java/org/apache/commons/exec/launcher/WinNTCommandLauncher.java:34:55
          Resolved with match parameter (CtParameterImpl) launcher @ src/main/java/org/apache/commons/exec/launcher/WinNTCommandLauncher.java:34:55
        Adding parameter <unnamed> org.apache.commons.exec.launcher.WinNTCommandLauncher
          Resolved as new parameter <unnamed> org.apache.commons.exec.launcher.WinNTCommandLauncher
        Resolved as new constructor signature (CtConstructorImpl) <init> @ src/main/java/org/apache/commons/exec/launcher/WinNTCommandLauncher.java:34:12
      Resolved as new constructor (CtConstructorImpl) <init> @ src/main/java/org/apache/commons/exec/launcher/WinNTCommandLauncher.java:34:12
    Adding method (CtMethodImpl) exec @ src/main/java/org/apache/commons/exec/launcher/WinNTCommandLauncher.java:52:20
      Adding signature (CtMethodImpl) exec @ src/main/java/org/apache/commons/exec/launcher/WinNTCommandLauncher.java:52:20
        Adding parameter (CtParameterImpl) cmd @ src/main/java/org/apache/commons/exec/launcher/WinNTCommandLauncher.java:52:43
          Resolved with match parameter (CtParameterImpl) cmd @ src/main/java/org/apache/commons/exec/launcher/WinNTCommandLauncher.java:52:43
        Adding parameter (CtParameterImpl) env @ src/main/java/org/apache/commons/exec/launcher/WinNTCommandLauncher.java:52:74
          Adding interface instantiation java.util.Map @ src/main/java/org/apache/commons/exec/launcher/WinNTCommandLauncher.java:52:54<java.lang.String @ src/main/java/org/apache/commons/exec/launcher/WinNTCommandLauncher.java:52:58, java.lang.String @ src/main/java/org/apache/commons/exec/launcher/WinNTCommandLauncher.java:52:66>
            Resolved with match interface instantiation java.util.Map @ src/main/java/org/apache/commons/exec/launcher/WinNTCommandLauncher.java:52:54<java.lang.String @ src/main/java/org/apache/commons/exec/launcher/WinNTCommandLauncher.java:52:58, java.lang.String @ src/main/java/org/apache/commons/exec/launcher/WinNTCommandLauncher.java:52:66>
          Resolved as new parameter (CtParameterImpl) env @ src/main/java/org/apache/commons/exec/launcher/WinNTCommandLauncher.java:52:74
        Adding parameter (CtParameterImpl) workingDir @ src/main/java/org/apache/commons/exec/launcher/WinNTCommandLauncher.java:53:24
          Resolved with match parameter (CtParameterImpl) workingDir @ src/main/java/org/apache/commons/exec/launcher/WinNTCommandLauncher.java:53:24
        Adding parameter <unnamed> java.lang.Process @ src/main/java/org/apache/commons/exec/launcher/WinNTCommandLauncher.java:52:12
          Resolved with match parameter <unnamed> java.lang.Process @ src/main/java/org/apache/commons/exec/launcher/WinNTCommandLauncher.java:52:12
        Resolved as new signature (CtMethodImpl) exec @ src/main/java/org/apache/commons/exec/launcher/WinNTCommandLauncher.java:52:20
      Resolved as new method (CtMethodImpl) exec @ src/main/java/org/apache/commons/exec/launcher/WinNTCommandLauncher.java:52:20
    Adding abstract (CtMethodImpl) exec @ src/main/java/org/apache/commons/exec/launcher/WinNTCommandLauncher.java:52:20
      Resolved as new abstract (CtMethodImpl) exec @ src/main/java/org/apache/commons/exec/launcher/WinNTCommandLauncher.java:52:20
  Finishing object instantiation java.util.Vector @ src/main/java/org/apache/commons/exec/CommandLine.java:42:19<org.apache.commons.exec.CommandLine$Argument @ src/main/java/org/apache/commons/exec/CommandLine.java:42:26>
  Finishing interface description (CtInterfaceImpl) RandomAccess
  Finishing interface description (CtInterfaceImpl) List
  Finishing interface description (CtInterfaceImpl) Serializable
  Finishing interface description (CtInterfaceImpl) Cloneable
  Finishing interface description (CtInterfaceImpl) Comparable
  Finishing interface instantiation java.util.Map @ src/main/java/org/apache/commons/exec/CommandLine.java:288:42<java.lang.String @ src/main/java/org/apache/commons/exec/CommandLine.java:288:46, ? @ src/main/java/org/apache/commons/exec/CommandLine.java:288:54>
  Finishing interface instantiation java.util.Map @ src/main/java/org/apache/commons/exec/CommandLine.java:278:12<java.lang.String @ src/main/java/org/apache/commons/exec/CommandLine.java:278:16, ? @ src/main/java/org/apache/commons/exec/CommandLine.java:278:24>
  Finishing interface instantiation java.util.Map @ src/main/java/org/apache/commons/exec/CommandLine.java:78:62<java.lang.String @ src/main/java/org/apache/commons/exec/CommandLine.java:78:66, ? @ src/main/java/org/apache/commons/exec/CommandLine.java:78:74>
  Finishing interface instantiation java.util.Map @ src/main/java/org/apache/commons/exec/launcher/CommandLauncherImpl.java:37:54<java.lang.String @ src/main/java/org/apache/commons/exec/launcher/CommandLauncherImpl.java:37:58, java.lang.String @ src/main/java/org/apache/commons/exec/launcher/CommandLauncherImpl.java:37:66>
  Finishing interface instantiation java.util.Map @ src/main/java/org/apache/commons/exec/launcher/CommandLauncherImpl.java:43:63<java.lang.String @ src/main/java/org/apache/commons/exec/launcher/CommandLauncherImpl.java:43:67, java.lang.String @ src/main/java/org/apache/commons/exec/launcher/CommandLauncherImpl.java:43:75>
  Finishing interface instantiation java.util.Map @ src/main/java/org/apache/commons/exec/launcher/CommandLauncherProxy.java:52:54<java.lang.String @ src/main/java/org/apache/commons/exec/launcher/CommandLauncherProxy.java:52:58, java.lang.String @ src/main/java/org/apache/commons/exec/launcher/CommandLauncherProxy.java:52:66>
  Finishing interface instantiation java.util.Map @ src/main/java/org/apache/commons/exec/launcher/Java13CommandLauncher.java:56:54<java.lang.String @ src/main/java/org/apache/commons/exec/launcher/Java13CommandLauncher.java:56:58, java.lang.String @ src/main/java/org/apache/commons/exec/launcher/Java13CommandLauncher.java:56:66>
  Finishing interface instantiation java.util.Map @ src/main/java/org/apache/commons/exec/launcher/OS2CommandLauncher.java:59:54<java.lang.String @ src/main/java/org/apache/commons/exec/launcher/OS2CommandLauncher.java:59:58, java.lang.String @ src/main/java/org/apache/commons/exec/launcher/OS2CommandLauncher.java:59:66>
  Finishing interface instantiation java.util.Map @ src/main/java/org/apache/commons/exec/launcher/VmsCommandLauncher.java:81:65<java.lang.String @ src/main/java/org/apache/commons/exec/launcher/VmsCommandLauncher.java:81:69, java.lang.String @ src/main/java/org/apache/commons/exec/launcher/VmsCommandLauncher.java:81:77>
  Finishing interface instantiation java.util.Map @ src/main/java/org/apache/commons/exec/launcher/VmsCommandLauncher.java:45:54<java.lang.String @ src/main/java/org/apache/commons/exec/launcher/VmsCommandLauncher.java:45:58, java.lang.String @ src/main/java/org/apache/commons/exec/launcher/VmsCommandLauncher.java:45:66>
  Finishing interface instantiation java.util.Map @ src/main/java/org/apache/commons/exec/launcher/VmsCommandLauncher.java:61:54<java.lang.String @ src/main/java/org/apache/commons/exec/launcher/VmsCommandLauncher.java:61:58, java.lang.String @ src/main/java/org/apache/commons/exec/launcher/VmsCommandLauncher.java:61:66>
  Finishing interface instantiation java.util.Map @ src/main/java/org/apache/commons/exec/launcher/WinNTCommandLauncher.java:52:54<java.lang.String @ src/main/java/org/apache/commons/exec/launcher/WinNTCommandLauncher.java:52:58, java.lang.String @ src/main/java/org/apache/commons/exec/launcher/WinNTCommandLauncher.java:52:66>
  Finishing constructor (CtConstructorImpl) <init> @ src/main/java/org/apache/commons/exec/CommandLine.java:429:17
  Finishing method (CtMethodImpl) isHandleQuoting @ src/main/java/org/apache/commons/exec/CommandLine.java:440:25
  Finishing method (CtMethodImpl) getValue @ src/main/java/org/apache/commons/exec/CommandLine.java:435:24
  Finishing constructor (CtConstructorImpl) <init> @ src/main/java/org/apache/commons/exec/CommandLine.java:112:12
  Finishing constructor (CtConstructorImpl) <init> @ src/main/java/org/apache/commons/exec/CommandLine.java:102:12
  Finishing constructor (CtConstructorImpl) <init> @ src/main/java/org/apache/commons/exec/CommandLine.java:122:12
  Finishing method (CtMethodImpl) addArguments @ src/main/java/org/apache/commons/exec/CommandLine.java:168:24
  Finishing method (CtMethodImpl) addArguments @ src/main/java/org/apache/commons/exec/CommandLine.java:179:24
  Finishing method (CtMethodImpl) addArguments @ src/main/java/org/apache/commons/exec/CommandLine.java:197:24
  Finishing method (CtMethodImpl) addArguments @ src/main/java/org/apache/commons/exec/CommandLine.java:210:24
  Finishing method (CtMethodImpl) setSubstitutionMap @ src/main/java/org/apache/commons/exec/CommandLine.java:288:17
  Finishing method (CtMethodImpl) toCleanExecutable @ src/main/java/org/apache/commons/exec/CommandLine.java:411:20
  Finishing method (CtMethodImpl) addArgument @ src/main/java/org/apache/commons/exec/CommandLine.java:226:24
  Finishing method (CtMethodImpl) addArgument @ src/main/java/org/apache/commons/exec/CommandLine.java:237:23
  Finishing method (CtMethodImpl) expandArgument @ src/main/java/org/apache/commons/exec/CommandLine.java:324:20
  Finishing method (CtMethodImpl) getExecutable @ src/main/java/org/apache/commons/exec/CommandLine.java:146:19
  Finishing method (CtMethodImpl) isFile @ src/main/java/org/apache/commons/exec/CommandLine.java:158:20
  Finishing method (CtMethodImpl) getSubstitutionMap @ src/main/java/org/apache/commons/exec/CommandLine.java:278:27
  Finishing method (CtMethodImpl) parse @ src/main/java/org/apache/commons/exec/CommandLine.java:66:31
  Finishing method (CtMethodImpl) parse @ src/main/java/org/apache/commons/exec/CommandLine.java:78:31
  Finishing method (CtMethodImpl) getArguments @ src/main/java/org/apache/commons/exec/CommandLine.java:260:21
  Finishing method (CtMethodImpl) translateCommandline @ src/main/java/org/apache/commons/exec/CommandLine.java:337:29
  Finishing method (CtMethodImpl) toStrings @ src/main/java/org/apache/commons/exec/CommandLine.java:297:21
  Finishing method (CtMethodImpl) toString @ src/main/java/org/apache/commons/exec/CommandLine.java:312:19
  Finishing constructor (CtConstructorImpl) <init> @ src/main/java/org/apache/commons/exec/launcher/CommandLauncherFactory.java:30:13
  Finishing method (CtMethodImpl) createVMLauncher @ src/main/java/org/apache/commons/exec/launcher/CommandLauncherFactory.java:38:35
  Finishing method (CtMethodImpl) isFailure @ src/main/java/org/apache/commons/exec/launcher/CommandLauncherImpl.java:47:20
  Finishing method (CtMethodImpl) exec @ src/main/java/org/apache/commons/exec/launcher/CommandLauncherImpl.java:37:20
  Finishing method (CtMethodImpl) exec @ src/main/java/org/apache/commons/exec/launcher/CommandLauncherImpl.java:43:29
  Finishing constructor (CtConstructorImpl) <init> @ src/main/java/org/apache/commons/exec/launcher/CommandLauncherProxy.java:34:12
  Finishing method (CtMethodImpl) exec @ src/main/java/org/apache/commons/exec/launcher/CommandLauncherProxy.java:52:20
  Finishing constructor (CtConstructorImpl) <init> @ src/main/java/org/apache/commons/exec/launcher/Java13CommandLauncher.java:39:12
  Finishing method (CtMethodImpl) exec @ src/main/java/org/apache/commons/exec/launcher/Java13CommandLauncher.java:56:20
  Finishing constructor (CtConstructorImpl) <init> @ src/main/java/org/apache/commons/exec/launcher/OS2CommandLauncher.java:41:12
  Finishing method (CtMethodImpl) exec @ src/main/java/org/apache/commons/exec/launcher/OS2CommandLauncher.java:59:20
  Finishing method (CtMethodImpl) isFailure @ src/main/java/org/apache/commons/exec/launcher/VmsCommandLauncher.java:72:20
  Finishing method (CtMethodImpl) createCommandFile @ src/main/java/org/apache/commons/exec/launcher/VmsCommandLauncher.java:81:18
  Finishing method (CtMethodImpl) exec @ src/main/java/org/apache/commons/exec/launcher/VmsCommandLauncher.java:45:20
  Finishing method (CtMethodImpl) exec @ src/main/java/org/apache/commons/exec/launcher/VmsCommandLauncher.java:61:20
  Finishing constructor (CtConstructorImpl) <init> @ src/main/java/org/apache/commons/exec/launcher/WinNTCommandLauncher.java:34:12
  Finishing method (CtMethodImpl) exec @ src/main/java/org/apache/commons/exec/launcher/WinNTCommandLauncher.java:52:20
  Adding package java.io
    Resolved as new package java.io
  Adding metrics (CtMethodImpl) expandArgument @ src/main/java/org/apache/commons/exec/CommandLine.java:324:20
    Adding object decl (CtClassImpl) StringBuffer
      Adding struct (CtClassImpl) StringBuffer
        Resolved as new struct (CtClassImpl) StringBuffer
      Resolved as new object decl (CtClassImpl) StringBuffer
    Adding object decl (CtClassImpl) StringUtils @ src/main/java/org/apache/commons/exec/util/StringUtils.java:37:14
      Pending package org.apache.commons.exec.util
      Adding struct (CtClassImpl) StringUtils @ src/main/java/org/apache/commons/exec/util/StringUtils.java:37:14
        Adding field (CtFieldImpl) SINGLE_QUOTE @ src/main/java/org/apache/commons/exec/util/StringUtils.java:39:33
          Resolved as new field (CtFieldImpl) SINGLE_QUOTE @ src/main/java/org/apache/commons/exec/util/StringUtils.java:39:33
        Adding field (CtFieldImpl) DOUBLE_QUOTE @ src/main/java/org/apache/commons/exec/util/StringUtils.java:40:33
          Resolved as new field (CtFieldImpl) DOUBLE_QUOTE @ src/main/java/org/apache/commons/exec/util/StringUtils.java:40:33
        Adding field (CtFieldImpl) SLASH_CHAR @ src/main/java/org/apache/commons/exec/util/StringUtils.java:41:31
          Adding basic (CtTypeReferenceImpl) char @ src/main/java/org/apache/commons/exec/util/StringUtils.java:41:26
            Resolved as new basic (CtTypeReferenceImpl) char @ src/main/java/org/apache/commons/exec/util/StringUtils.java:41:26
          Resolved as new field (CtFieldImpl) SLASH_CHAR @ src/main/java/org/apache/commons/exec/util/StringUtils.java:41:31
        Adding field (CtFieldImpl) BACKSLASH_CHAR @ src/main/java/org/apache/commons/exec/util/StringUtils.java:42:31
          Adding basic (CtTypeReferenceImpl) char @ src/main/java/org/apache/commons/exec/util/StringUtils.java:42:26
            Resolved with match basic (CtTypeReferenceImpl) char @ src/main/java/org/apache/commons/exec/util/StringUtils.java:42:26
          Resolved as new field (CtFieldImpl) BACKSLASH_CHAR @ src/main/java/org/apache/commons/exec/util/StringUtils.java:42:31
        Resolved as new struct (CtClassImpl) StringUtils @ src/main/java/org/apache/commons/exec/util/StringUtils.java:37:14
      Resolved as new object decl (CtClassImpl) StringUtils @ src/main/java/org/apache/commons/exec/util/StringUtils.java:37:14
    Adding method (CtMethodImpl) stringSubstitution @ src/main/java/org/apache/commons/exec/util/StringUtils.java:70:32
      Adding signature (CtMethodImpl) stringSubstitution @ src/main/java/org/apache/commons/exec/util/StringUtils.java:70:32
        Adding parameter (CtParameterImpl) argStr @ src/main/java/org/apache/commons/exec/util/StringUtils.java:70:64
          Resolved as new parameter (CtParameterImpl) argStr @ src/main/java/org/apache/commons/exec/util/StringUtils.java:70:64
        Adding parameter (CtParameterImpl) vars @ src/main/java/org/apache/commons/exec/util/StringUtils.java:70:101
          Adding interface instantiation java.util.Map @ src/main/java/org/apache/commons/exec/util/StringUtils.java:70:78<? @ src/main/java/org/apache/commons/exec/util/StringUtils.java:70:82, ? @ src/main/java/org/apache/commons/exec/util/StringUtils.java:70:98>
            Resolved with match interface instantiation java.util.Map @ src/main/java/org/apache/commons/exec/util/StringUtils.java:70:78<? @ src/main/java/org/apache/commons/exec/util/StringUtils.java:70:82, ? @ src/main/java/org/apache/commons/exec/util/StringUtils.java:70:98>
          Resolved as new parameter (CtParameterImpl) vars @ src/main/java/org/apache/commons/exec/util/StringUtils.java:70:101
        Adding parameter (CtParameterImpl) isLenient @ src/main/java/org/apache/commons/exec/util/StringUtils.java:70:121
          Adding basic (CtTypeReferenceImpl) boolean @ src/main/java/org/apache/commons/exec/util/StringUtils.java:70:113
            Resolved with match basic (CtTypeReferenceImpl) boolean @ src/main/java/org/apache/commons/exec/util/StringUtils.java:70:113
          Resolved as new parameter (CtParameterImpl) isLenient @ src/main/java/org/apache/commons/exec/util/StringUtils.java:70:121
        Adding parameter <unnamed> java.lang.StringBuffer @ src/main/java/org/apache/commons/exec/util/StringUtils.java:70:19
          Resolved as new parameter <unnamed> java.lang.StringBuffer @ src/main/java/org/apache/commons/exec/util/StringUtils.java:70:19
        Resolved as new signature (CtMethodImpl) stringSubstitution @ src/main/java/org/apache/commons/exec/util/StringUtils.java:70:32
      Resolved as new method (CtMethodImpl) stringSubstitution @ src/main/java/org/apache/commons/exec/util/StringUtils.java:70:32
    [34mUnused type args: [?, ?][0m
    Adding interface instantiation java.util.Map<?, ?>
      Resolved with match interface instantiation java.util.Map<?, ?>
    Adding basic (CtTypeReferenceImpl) boolean
      Resolved with match basic (CtTypeReferenceImpl) boolean
    [34mUnused type args: [java.lang.String, ?][0m
    Adding interface instantiation java.util.Map<java.lang.String, ?>
      Resolved with match interface instantiation java.util.Map<java.lang.String, ?>
    Adding basic (CtTypeReferenceImpl) boolean
      Resolved with match basic (CtTypeReferenceImpl) boolean
    Adding method (CtMethodImpl) toString
      Adding signature (CtMethodImpl) toString
        Adding parameter <unnamed> java.lang.String
          Resolved with match parameter <unnamed> java.lang.String
        Resolved as new signature (CtMethodImpl) toString
      Resolved as new method (CtMethodImpl) toString
    Resolved as new metrics (CtMethodImpl) expandArgument @ src/main/java/org/apache/commons/exec/CommandLine.java:324:20
  Adding metrics (CtMethodImpl) translateCommandline @ src/main/java/org/apache/commons/exec/CommandLine.java:337:29
    Adding basic (CtTypeReferenceImpl) boolean
      Resolved with match basic (CtTypeReferenceImpl) boolean
    Adding basic (CtTypeReferenceImpl) boolean
      Resolved with match basic (CtTypeReferenceImpl) boolean
    Adding basic (CtTypeReferenceImpl) boolean
      Resolved with match basic (CtTypeReferenceImpl) boolean
    Adding object decl (CtClassImpl) String
      Adding struct (CtClassImpl) String
        Resolved as new struct (CtClassImpl) String
      Resolved as new object decl (CtClassImpl) String
    Adding method (CtMethodImpl) length
      Adding signature (CtMethodImpl) length
        Adding parameter <unnamed> int
          Adding basic (CtTypeReferenceImpl) int
            Resolved with match basic (CtTypeReferenceImpl) int
          Resolved as new parameter <unnamed> int
        Resolved as new signature (CtMethodImpl) length
      Resolved as new method (CtMethodImpl) length
    Adding basic (CtTypeReferenceImpl) int
      Resolved with match basic (CtTypeReferenceImpl) int
    Adding basic (CtTypeReferenceImpl) int
      Resolved with match basic (CtTypeReferenceImpl) int
    Adding basic (CtTypeReferenceImpl) int
      Resolved with match basic (CtTypeReferenceImpl) int
    Adding basic (CtTypeReferenceImpl) int @ src/main/java/org/apache/commons/exec/CommandLine.java:345:15
      Resolved with match basic (CtTypeReferenceImpl) int @ src/main/java/org/apache/commons/exec/CommandLine.java:345:15
    Adding basic (CtTypeReferenceImpl) int
      Resolved with match basic (CtTypeReferenceImpl) int
    Adding basic (CtTypeReferenceImpl) int @ src/main/java/org/apache/commons/exec/CommandLine.java:346:15
      Resolved with match basic (CtTypeReferenceImpl) int @ src/main/java/org/apache/commons/exec/CommandLine.java:346:15
    Adding basic (CtTypeReferenceImpl) int
      Resolved with match basic (CtTypeReferenceImpl) int
    Adding basic (CtTypeReferenceImpl) int @ src/main/java/org/apache/commons/exec/CommandLine.java:347:15
      Resolved with match basic (CtTypeReferenceImpl) int @ src/main/java/org/apache/commons/exec/CommandLine.java:347:15
    Adding basic (CtTypeReferenceImpl) int
      Resolved with match basic (CtTypeReferenceImpl) int
    Adding basic (CtTypeReferenceImpl) int @ src/main/java/org/apache/commons/exec/CommandLine.java:348:9
      Resolved with match basic (CtTypeReferenceImpl) int @ src/main/java/org/apache/commons/exec/CommandLine.java:348:9
    Adding basic (CtTypeReferenceImpl) int
      Resolved with match basic (CtTypeReferenceImpl) int
    Adding object decl (CtClassImpl) StringTokenizer
      Adding struct (CtClassImpl) StringTokenizer
        Resolved as new struct (CtClassImpl) StringTokenizer
      Resolved as new object decl (CtClassImpl) StringTokenizer
    Adding constructor (CtConstructorImpl) <init>
      Adding constructor signature (CtConstructorImpl) <init>
        Adding parameter (CtParameterImpl) arg0
          Resolved as new parameter (CtParameterImpl) arg0
        Adding parameter (CtParameterImpl) arg1
          Resolved as new parameter (CtParameterImpl) arg1
        Adding parameter (CtParameterImpl) arg2
          Adding basic (CtTypeReferenceImpl) boolean
            Resolved with match basic (CtTypeReferenceImpl) boolean
          Resolved as new parameter (CtParameterImpl) arg2
        Adding parameter <unnamed> java.util.StringTokenizer
          Resolved as new parameter <unnamed> java.util.StringTokenizer
        Resolved as new constructor signature (CtConstructorImpl) <init>
      Resolved as new constructor (CtConstructorImpl) <init>
    [34mIgnoring implicit executable reference: (CtExecutableReferenceImpl) <init>[0m
    Adding basic (CtTypeReferenceImpl) boolean
      Resolved with match basic (CtTypeReferenceImpl) boolean
    Adding basic (CtTypeReferenceImpl) boolean
      Resolved with match basic (CtTypeReferenceImpl) boolean
    Adding object decl (CtClassImpl) ArrayList
      Adding struct (CtClassImpl) ArrayList
        Resolved as new struct (CtClassImpl) ArrayList
      Adding type params (CtTypeParameterImpl) E
        Resolved with match type params (CtTypeParameterImpl) E
      Resolved as new object decl (CtClassImpl) ArrayList
    Adding object instantiation java.util.ArrayList @ src/main/java/org/apache/commons/exec/CommandLine.java:350:15<java.lang.String @ src/main/java/org/apache/commons/exec/CommandLine.java:350:25>
      Adding struct (CtClassImpl) ArrayList
        Resolved as new struct (CtClassImpl) ArrayList
      Adding interface description (CtInterfaceImpl) RandomAccess
        Resolved as new interface description (CtInterfaceImpl) RandomAccess
      Adding interface description (CtInterfaceImpl) List
        Resolved as new interface description (CtInterfaceImpl) List
      Adding interface description (CtInterfaceImpl) Serializable
        Resolved as new interface description (CtInterfaceImpl) Serializable
      Adding interface description (CtInterfaceImpl) Cloneable
        Resolved as new interface description (CtInterfaceImpl) Cloneable
      Resolved as new object instantiation java.util.ArrayList @ src/main/java/org/apache/commons/exec/CommandLine.java:350:15<java.lang.String @ src/main/java/org/apache/commons/exec/CommandLine.java:350:25>
    [34mUnused type args: [java.lang.String @ src/main/java/org/apache/commons/exec/CommandLine.java:350:25][0m
    Adding constructor (CtConstructorImpl) <init>
      Adding constructor signature (CtConstructorImpl) <init>
        Adding parameter <unnamed> java.util.ArrayList<E>
          Resolved as new parameter <unnamed> java.util.ArrayList<E>
        Resolved as new constructor signature (CtConstructorImpl) <init>
      Resolved as new constructor (CtConstructorImpl) <init>
    [34mIgnoring implicit executable reference: (CtExecutableReferenceImpl) <init>[0m
    [34mUnused type args: [java.lang.String @ src/main/java/org/apache/commons/exec/CommandLine.java:350:54][0m
    Adding object instantiation java.util.ArrayList @ src/main/java/org/apache/commons/exec/CommandLine.java:350:44<java.lang.String @ src/main/java/org/apache/commons/exec/CommandLine.java:350:54>
      Resolved with match object instantiation java.util.ArrayList @ src/main/java/org/apache/commons/exec/CommandLine.java:350:44<java.lang.String @ src/main/java/org/apache/commons/exec/CommandLine.java:350:54>
    Adding object decl (CtClassImpl) StringBuilder
      Adding struct (CtClassImpl) StringBuilder
        Resolved as new struct (CtClassImpl) StringBuilder
      Resolved as new object decl (CtClassImpl) StringBuilder
    Adding constructor (CtConstructorImpl) <init>
      Adding constructor signature (CtConstructorImpl) <init>
        Adding parameter <unnamed> java.lang.StringBuilder
          Resolved as new parameter <unnamed> java.lang.StringBuilder
        Resolved as new constructor signature (CtConstructorImpl) <init>
      Resolved as new constructor (CtConstructorImpl) <init>
    [34mIgnoring implicit executable reference: (CtExecutableReferenceImpl) <init>[0m
    Adding basic (CtTypeReferenceImpl) boolean @ src/main/java/org/apache/commons/exec/CommandLine.java:352:9
      Resolved with match basic (CtTypeReferenceImpl) boolean @ src/main/java/org/apache/commons/exec/CommandLine.java:352:9
    Adding basic (CtTypeReferenceImpl) boolean
      Resolved with match basic (CtTypeReferenceImpl) boolean
    Adding method (CtMethodImpl) hasMoreTokens
      Adding signature (CtMethodImpl) hasMoreTokens
        Adding parameter <unnamed> boolean
          Adding basic (CtTypeReferenceImpl) boolean
            Resolved with match basic (CtTypeReferenceImpl) boolean
          Resolved as new parameter <unnamed> boolean
        Resolved as new signature (CtMethodImpl) hasMoreTokens
      Resolved as new method (CtMethodImpl) hasMoreTokens
    Adding basic (CtTypeReferenceImpl) boolean
      Resolved with match basic (CtTypeReferenceImpl) boolean
    Adding method (CtMethodImpl) nextToken
      Adding signature (CtMethodImpl) nextToken
        Adding parameter <unnamed> java.lang.String
          Resolved with match parameter <unnamed> java.lang.String
        Resolved as new signature (CtMethodImpl) nextToken
      Resolved as new method (CtMethodImpl) nextToken
    Adding basic (CtTypeReferenceImpl) int
      Resolved with match basic (CtTypeReferenceImpl) int
    Adding basic (CtTypeReferenceImpl) int
      Resolved with match basic (CtTypeReferenceImpl) int
    Adding method (CtMethodImpl) equals
      Adding signature (CtMethodImpl) equals
        Adding parameter (CtParameterImpl) arg0
          Resolved as new parameter (CtParameterImpl) arg0
        Adding parameter <unnamed> boolean
          Adding basic (CtTypeReferenceImpl) boolean
            Resolved with match basic (CtTypeReferenceImpl) boolean
          Resolved as new parameter <unnamed> boolean
        Resolved as new signature (CtMethodImpl) equals
      Resolved as new method (CtMethodImpl) equals
    Adding basic (CtTypeReferenceImpl) boolean
      Resolved with match basic (CtTypeReferenceImpl) boolean
    Adding basic (CtTypeReferenceImpl) boolean
      Resolved with match basic (CtTypeReferenceImpl) boolean
    Adding basic (CtTypeReferenceImpl) boolean
      Resolved with match basic (CtTypeReferenceImpl) boolean
    Adding basic (CtTypeReferenceImpl) boolean
      Resolved with match basic (CtTypeReferenceImpl) boolean
    Adding basic (CtTypeReferenceImpl) int
      Resolved with match basic (CtTypeReferenceImpl) int
    Adding basic (CtTypeReferenceImpl) int
      Resolved with match basic (CtTypeReferenceImpl) int
    Adding basic (CtTypeReferenceImpl) int
      Resolved with match basic (CtTypeReferenceImpl) int
    Adding method (CtMethodImpl) append
      Adding signature (CtMethodImpl) append
        Adding parameter (CtParameterImpl) arg0
          Resolved with match parameter (CtParameterImpl) arg0
        Adding parameter <unnamed> java.lang.StringBuilder
          Resolved with match parameter <unnamed> java.lang.StringBuilder
        Resolved as new signature (CtMethodImpl) append
      Resolved as new method (CtMethodImpl) append
    Adding basic (CtTypeReferenceImpl) int
      Resolved with match basic (CtTypeReferenceImpl) int
    Adding basic (CtTypeReferenceImpl) boolean
      Resolved with match basic (CtTypeReferenceImpl) boolean
    Adding basic (CtTypeReferenceImpl) boolean
      Resolved with match basic (CtTypeReferenceImpl) boolean
    Adding basic (CtTypeReferenceImpl) boolean
      Resolved with match basic (CtTypeReferenceImpl) boolean
    Adding basic (CtTypeReferenceImpl) boolean
      Resolved with match basic (CtTypeReferenceImpl) boolean
    Adding basic (CtTypeReferenceImpl) int
      Resolved with match basic (CtTypeReferenceImpl) int
    Adding basic (CtTypeReferenceImpl) int
      Resolved with match basic (CtTypeReferenceImpl) int
    Adding basic (CtTypeReferenceImpl) int
      Resolved with match basic (CtTypeReferenceImpl) int
    Adding basic (CtTypeReferenceImpl) boolean
      Resolved with match basic (CtTypeReferenceImpl) boolean
    Adding basic (CtTypeReferenceImpl) int
      Resolved with match basic (CtTypeReferenceImpl) int
    Adding basic (CtTypeReferenceImpl) int
      Resolved with match basic (CtTypeReferenceImpl) int
    Adding basic (CtTypeReferenceImpl) int
      Resolved with match basic (CtTypeReferenceImpl) int
    Adding basic (CtTypeReferenceImpl) boolean
      Resolved with match basic (CtTypeReferenceImpl) boolean
    Adding basic (CtTypeReferenceImpl) int
      Resolved with match basic (CtTypeReferenceImpl) int
    Adding basic (CtTypeReferenceImpl) int
      Resolved with match basic (CtTypeReferenceImpl) int
    Adding basic (CtTypeReferenceImpl) int
      Resolved with match basic (CtTypeReferenceImpl) int
    Adding basic (CtTypeReferenceImpl) boolean
      Resolved with match basic (CtTypeReferenceImpl) boolean
    Adding basic (CtTypeReferenceImpl) boolean
      Resolved with match basic (CtTypeReferenceImpl) boolean
    Adding basic (CtTypeReferenceImpl) boolean
      Resolved with match basic (CtTypeReferenceImpl) boolean
    Adding basic (CtTypeReferenceImpl) boolean
      Resolved with match basic (CtTypeReferenceImpl) boolean
    Adding object decl (CtClassImpl) AbstractStringBuilder
      Adding struct (CtClassImpl) AbstractStringBuilder
        Resolved as new struct (CtClassImpl) AbstractStringBuilder
      Resolved as new object decl (CtClassImpl) AbstractStringBuilder
    Adding method (CtMethodImpl) length
      Adding signature (CtMethodImpl) length
        Adding parameter <unnamed> int
          Adding basic (CtTypeReferenceImpl) int
            Resolved with match basic (CtTypeReferenceImpl) int
          Resolved as new parameter <unnamed> int
        Resolved as new signature (CtMethodImpl) length
      Resolved as new method (CtMethodImpl) length
    Adding basic (CtTypeReferenceImpl) int
      Resolved with match basic (CtTypeReferenceImpl) int
    Adding basic (CtTypeReferenceImpl) int
      Resolved with match basic (CtTypeReferenceImpl) int
    Adding object instantiation java.util.ArrayList<java.lang.String>
      Resolved with match object instantiation java.util.ArrayList<java.lang.String>
    Adding method for call site (CtMethodImpl) add
      Adding method (CtMethodImpl) add
        Adding signature (CtMethodImpl) add
          Adding parameter (CtParameterImpl) arg0
            Resolved as new parameter (CtParameterImpl) arg0
          Adding parameter <unnamed> boolean
            Adding basic (CtTypeReferenceImpl) boolean
              Resolved with match basic (CtTypeReferenceImpl) boolean
            Resolved as new parameter <unnamed> boolean
          Resolved as new signature (CtMethodImpl) add
        Resolved as new method (CtMethodImpl) add
      Adding signature (CtMethodImpl) add
        Adding parameter (CtParameterImpl) arg0
          Resolved with match parameter (CtParameterImpl) arg0
        Adding parameter <unnamed> boolean
          Resolved with match parameter <unnamed> boolean
        Resolved as new signature (CtMethodImpl) add
      Resolved as new method for call site (CtMethodImpl) add
    [34mUnused type args: [java.lang.String][0m
    Adding basic (CtTypeReferenceImpl) boolean
      Resolved with match basic (CtTypeReferenceImpl) boolean
    Adding method (CtMethodImpl) toString
      Adding signature (CtMethodImpl) toString
        Adding parameter <unnamed> java.lang.String
          Resolved with match parameter <unnamed> java.lang.String
        Resolved as new signature (CtMethodImpl) toString
      Resolved as new method (CtMethodImpl) toString
    [34mIgnoring implicit executable reference: (CtExecutableReferenceImpl) <init>[0m
    Adding basic (CtTypeReferenceImpl) boolean
      Resolved with match basic (CtTypeReferenceImpl) boolean
    Adding basic (CtTypeReferenceImpl) boolean
      Resolved with match basic (CtTypeReferenceImpl) boolean
    Adding basic (CtTypeReferenceImpl) boolean
      Resolved with match basic (CtTypeReferenceImpl) boolean
    Adding basic (CtTypeReferenceImpl) boolean
      Resolved with match basic (CtTypeReferenceImpl) boolean
    Adding basic (CtTypeReferenceImpl) boolean
      Resolved with match basic (CtTypeReferenceImpl) boolean
    Adding basic (CtTypeReferenceImpl) boolean
      Resolved with match basic (CtTypeReferenceImpl) boolean
    Adding basic (CtTypeReferenceImpl) int
      Resolved with match basic (CtTypeReferenceImpl) int
    Adding basic (CtTypeReferenceImpl) int
      Resolved with match basic (CtTypeReferenceImpl) int
    Adding object instantiation java.util.ArrayList<java.lang.String>
      Resolved with match object instantiation java.util.ArrayList<java.lang.String>
    [34mUnused type args: [java.lang.String][0m
    Adding basic (CtTypeReferenceImpl) boolean
      Resolved with match basic (CtTypeReferenceImpl) boolean
    Adding basic (CtTypeReferenceImpl) boolean
      Resolved with match basic (CtTypeReferenceImpl) boolean
    Adding basic (CtTypeReferenceImpl) boolean
      Resolved with match basic (CtTypeReferenceImpl) boolean
    Adding basic (CtTypeReferenceImpl) int
      Resolved with match basic (CtTypeReferenceImpl) int
    Adding basic (CtTypeReferenceImpl) int
      Resolved with match basic (CtTypeReferenceImpl) int
    Adding basic (CtTypeReferenceImpl) boolean
      Resolved with match basic (CtTypeReferenceImpl) boolean
    Adding basic (CtTypeReferenceImpl) int
      Resolved with match basic (CtTypeReferenceImpl) int
    Adding basic (CtTypeReferenceImpl) int
      Resolved with match basic (CtTypeReferenceImpl) int
    Adding object decl (CtClassImpl) IllegalArgumentException
      Adding struct (CtClassImpl) IllegalArgumentException
        Resolved as new struct (CtClassImpl) IllegalArgumentException
      Resolved as new object decl (CtClassImpl) IllegalArgumentException
    Adding constructor (CtConstructorImpl) <init>
      Adding constructor signature (CtConstructorImpl) <init>
        Adding parameter (CtParameterImpl) arg0
          Resolved with match parameter (CtParameterImpl) arg0
        Adding parameter <unnamed> java.lang.IllegalArgumentException
          Resolved as new parameter <unnamed> java.lang.IllegalArgumentException
        Resolved as new constructor signature (CtConstructorImpl) <init>
      Resolved as new constructor (CtConstructorImpl) <init>
    [34mIgnoring implicit executable reference: (CtExecutableReferenceImpl) <init>[0m
    Adding object instantiation java.util.ArrayList<java.lang.String>
      Resolved with match object instantiation java.util.ArrayList<java.lang.String>
    Adding method for call site (CtMethodImpl) size
      Adding method (CtMethodImpl) size
        Adding signature (CtMethodImpl) size
          Adding parameter <unnamed> int
            Adding basic (CtTypeReferenceImpl) int
              Resolved with match basic (CtTypeReferenceImpl) int
            Resolved as new parameter <unnamed> int
          Resolved as new signature (CtMethodImpl) size
        Resolved as new method (CtMethodImpl) size
      Adding signature (CtMethodImpl) size
        Adding parameter <unnamed> int
          Resolved with match parameter <unnamed> int
        Resolved as new signature (CtMethodImpl) size
      Resolved as new method for call site (CtMethodImpl) size
    [34mUnused type args: [java.lang.String][0m
    Adding basic (CtTypeReferenceImpl) int
      Resolved with match basic (CtTypeReferenceImpl) int
    Adding type params (CtTypeParameterImpl) T
      Resolved with match type params (CtTypeParameterImpl) T
    Adding object instantiation java.util.ArrayList<java.lang.String>
      Resolved with match object instantiation java.util.ArrayList<java.lang.String>
    Adding method for call site (CtMethodImpl) toArray
      Adding method (CtMethodImpl) toArray
        Adding signature (CtMethodImpl) toArray
          Adding parameter (CtParameterImpl) arg0
            Resolved as new parameter (CtParameterImpl) arg0
          Adding parameter <unnamed> T[]
            Resolved as new parameter <unnamed> T[]
          Resolved as new signature (CtMethodImpl) toArray
        Resolved as new method (CtMethodImpl) toArray
      Adding signature (CtMethodImpl) toArray
        Adding parameter (CtParameterImpl) arg0
          Resolved as new parameter (CtParameterImpl) arg0
        Adding parameter <unnamed> T[]
          Resolved with match parameter <unnamed> T[]
        Resolved as new signature (CtMethodImpl) toArray
      Resolved as new method for call site (CtMethodImpl) toArray
    [34mUnused type args: [java.lang.String][0m
    [34mUnused type args: [java.lang.String][0m
    Resolved as new metrics (CtMethodImpl) translateCommandline @ src/main/java/org/apache/commons/exec/CommandLine.java:337:29
  Adding metrics (CtMethodImpl) setSubstitutionMap @ src/main/java/org/apache/commons/exec/CommandLine.java:288:17
    Adding interface instantiation java.util.Map<java.lang.String, ?>
      Resolved with match interface instantiation java.util.Map<java.lang.String, ?>
    [34mUnused type args: [java.lang.String, ?][0m
    Adding select field (CtFieldImpl) substitutionMap @ src/main/java/org/apache/commons/exec/CommandLine.java:52:28
      Resolved as new select field (CtFieldImpl) substitutionMap @ src/main/java/org/apache/commons/exec/CommandLine.java:52:28
    [34mUnused type args: [java.lang.String, ?][0m
    Adding interface instantiation java.util.Map<java.lang.String, ?>
      Resolved with match interface instantiation java.util.Map<java.lang.String, ?>
    Adding interface instantiation java.util.Map<java.lang.String, ?>
      Resolved with match interface instantiation java.util.Map<java.lang.String, ?>
    [34mUnused type args: [java.lang.String, ?][0m
    Resolved as new metrics (CtMethodImpl) setSubstitutionMap @ src/main/java/org/apache/commons/exec/CommandLine.java:288:17
  Adding metrics (CtMethodImpl) isFailure @ src/main/java/org/apache/commons/exec/launcher/CommandLauncherImpl.java:47:20
    Adding basic (CtTypeReferenceImpl) boolean
      Resolved with match basic (CtTypeReferenceImpl) boolean
    Adding basic (CtTypeReferenceImpl) int
      Resolved with match basic (CtTypeReferenceImpl) int
    Adding basic (CtTypeReferenceImpl) int
      Resolved with match basic (CtTypeReferenceImpl) int
    Resolved as new metrics (CtMethodImpl) isFailure @ src/main/java/org/apache/commons/exec/launcher/CommandLauncherImpl.java:47:20
  Adding metrics (CtMethodImpl) getValue @ src/main/java/org/apache/commons/exec/CommandLine.java:435:24
    Adding select field (CtFieldImpl) value @ src/main/java/org/apache/commons/exec/CommandLine.java:426:30
      Resolved as new select field (CtFieldImpl) value @ src/main/java/org/apache/commons/exec/CommandLine.java:426:30
    Resolved as new metrics (CtMethodImpl) getValue @ src/main/java/org/apache/commons/exec/CommandLine.java:435:24
  Adding metrics (CtMethodImpl) exec @ src/main/java/org/apache/commons/exec/launcher/VmsCommandLauncher.java:45:20
    [34mIgnoring implicit executable reference: (CtExecutableReferenceImpl) <init>[0m
    Adding method (CtMethodImpl) getPath
      Adding signature (CtMethodImpl) getPath
        Adding parameter <unnamed> java.lang.String
          Resolved with match parameter <unnamed> java.lang.String
        Resolved as new signature (CtMethodImpl) getPath
      Resolved as new method (CtMethodImpl) getPath
    [34mUnused type args: [java.lang.String, java.lang.String][0m
    Adding interface instantiation java.util.Map<java.lang.String, java.lang.String>
      Resolved with match interface instantiation java.util.Map<java.lang.String, java.lang.String>
    Adding interface instantiation java.util.Map<java.lang.String, java.lang.String>
      Resolved with match interface instantiation java.util.Map<java.lang.String, java.lang.String>
    [34mUnused type args: [java.lang.String, java.lang.String][0m
    [34mUnused type args: [java.lang.String, java.lang.String][0m
    Adding interface instantiation java.util.Map<java.lang.String, java.lang.String>
      Resolved with match interface instantiation java.util.Map<java.lang.String, java.lang.String>
    Adding interface instantiation java.util.Map<java.lang.String, java.lang.String>
      Resolved with match interface instantiation java.util.Map<java.lang.String, java.lang.String>
    [34mUnused type args: [java.lang.String, java.lang.String][0m
    Resolved as new metrics (CtMethodImpl) exec @ src/main/java/org/apache/commons/exec/launcher/VmsCommandLauncher.java:45:20
  Adding metrics (CtMethodImpl) exec @ src/main/java/org/apache/commons/exec/launcher/CommandLauncherImpl.java:37:20
    Adding object decl (CtClassImpl) EnvironmentUtils @ src/main/java/org/apache/commons/exec/environment/EnvironmentUtils.java:32:14
      Pending package org.apache.commons.exec.environment
      Adding struct (CtClassImpl) EnvironmentUtils @ src/main/java/org/apache/commons/exec/environment/EnvironmentUtils.java:32:14
        Adding field (CtFieldImpl) PROCESSING_ENVIRONMENT_IMPLEMENTATION @ src/main/java/org/apache/commons/exec/environment/EnvironmentUtils.java:35:55
          Adding object decl (CtClassImpl) DefaultProcessingEnvironment @ src/main/java/org/apache/commons/exec/environment/DefaultProcessingEnvironment.java:39:14
            Adding struct (CtClassImpl) DefaultProcessingEnvironment @ src/main/java/org/apache/commons/exec/environment/DefaultProcessingEnvironment.java:39:14
              Adding field (CtFieldImpl) procEnvironment @ src/main/java/org/apache/commons/exec/environment/DefaultProcessingEnvironment.java:45:35
                Adding interface instantiation java.util.Map @ src/main/java/org/apache/commons/exec/environment/DefaultProcessingEnvironment.java:45:15<java.lang.String @ src/main/java/org/apache/commons/exec/environment/DefaultProcessingEnvironment.java:45:19, java.lang.String @ src/main/java/org/apache/commons/exec/environment/DefaultProcessingEnvironment.java:45:27>
                  Resolved with match interface instantiation java.util.Map @ src/main/java/org/apache/commons/exec/environment/DefaultProcessingEnvironment.java:45:15<java.lang.String @ src/main/java/org/apache/commons/exec/environment/DefaultProcessingEnvironment.java:45:19, java.lang.String @ src/main/java/org/apache/commons/exec/environment/DefaultProcessingEnvironment.java:45:27>
                Resolved as new field (CtFieldImpl) procEnvironment @ src/main/java/org/apache/commons/exec/environment/DefaultProcessingEnvironment.java:45:35
              Resolved as new struct (CtClassImpl) DefaultProcessingEnvironment @ src/main/java/org/apache/commons/exec/environment/DefaultProcessingEnvironment.java:39:14
            Resolved as new object decl (CtClassImpl) DefaultProcessingEnvironment @ src/main/java/org/apache/commons/exec/environment/DefaultProcessingEnvironment.java:39:14
          Resolved as new field (CtFieldImpl) PROCESSING_ENVIRONMENT_IMPLEMENTATION @ src/main/java/org/apache/commons/exec/environment/EnvironmentUtils.java:35:55
        Resolved as new struct (CtClassImpl) EnvironmentUtils @ src/main/java/org/apache/commons/exec/environment/EnvironmentUtils.java:32:14
      Resolved as new object decl (CtClassImpl) EnvironmentUtils @ src/main/java/org/apache/commons/exec/environment/EnvironmentUtils.java:32:14
    Adding method (CtMethodImpl) toStrings @ src/main/java/org/apache/commons/exec/environment/EnvironmentUtils.java:59:28
      Adding signature (CtMethodImpl) toStrings @ src/main/java/org/apache/commons/exec/environment/EnvironmentUtils.java:59:28
        Adding parameter (CtParameterImpl) environment @ src/main/java/org/apache/commons/exec/environment/EnvironmentUtils.java:59:64
          Adding interface instantiation java.util.Map @ src/main/java/org/apache/commons/exec/environment/EnvironmentUtils.java:59:44<java.lang.String @ src/main/java/org/apache/commons/exec/environment/EnvironmentUtils.java:59:48, java.lang.String @ src/main/java/org/apache/commons/exec/environment/EnvironmentUtils.java:59:56>
            Resolved with match interface instantiation java.util.Map @ src/main/java/org/apache/commons/exec/environment/EnvironmentUtils.java:59:44<java.lang.String @ src/main/java/org/apache/commons/exec/environment/EnvironmentUtils.java:59:48, java.lang.String @ src/main/java/org/apache/commons/exec/environment/EnvironmentUtils.java:59:56>
          Resolved as new parameter (CtParameterImpl) environment @ src/main/java/org/apache/commons/exec/environment/EnvironmentUtils.java:59:64
        Adding parameter <unnamed> java.lang.String[] @ src/main/java/org/apache/commons/exec/environment/EnvironmentUtils.java:59:19
          Resolved with match parameter <unnamed> java.lang.String[] @ src/main/java/org/apache/commons/exec/environment/EnvironmentUtils.java:59:19
        Resolved as new signature (CtMethodImpl) toStrings @ src/main/java/org/apache/commons/exec/environment/EnvironmentUtils.java:59:28
      Resolved as new method (CtMethodImpl) toStrings @ src/main/java/org/apache/commons/exec/environment/EnvironmentUtils.java:59:28
    [34mUnused type args: [java.lang.String, java.lang.String][0m
    Adding interface instantiation java.util.Map<java.lang.String, java.lang.String>
      Resolved with match interface instantiation java.util.Map<java.lang.String, java.lang.String>
    Adding interface instantiation java.util.Map<java.lang.String, java.lang.String>
      Resolved with match interface instantiation java.util.Map<java.lang.String, java.lang.String>
    [34mUnused type args: [java.lang.String, java.lang.String][0m
    Adding object decl (CtClassImpl) Runtime
      Adding struct (CtClassImpl) Runtime
        Resolved as new struct (CtClassImpl) Runtime
      Resolved as new object decl (CtClassImpl) Runtime
    Adding method (CtMethodImpl) exec
      Adding signature (CtMethodImpl) exec
        Adding parameter (CtParameterImpl) arg0
          Resolved with match parameter (CtParameterImpl) arg0
        Adding parameter (CtParameterImpl) arg1
          Resolved as new parameter (CtParameterImpl) arg1
        Adding parameter <unnamed> java.lang.Process
          Resolved with match parameter <unnamed> java.lang.Process
        Resolved as new signature (CtMethodImpl) exec
      Resolved as new method (CtMethodImpl) exec
    Adding method (CtMethodImpl) getRuntime
      Adding signature (CtMethodImpl) getRuntime
        Adding parameter <unnamed> java.lang.Runtime
          Resolved as new parameter <unnamed> java.lang.Runtime
        Resolved as new signature (CtMethodImpl) getRuntime
      Resolved as new method (CtMethodImpl) getRuntime
    Resolved as new metrics (CtMethodImpl) exec @ src/main/java/org/apache/commons/exec/launcher/CommandLauncherImpl.java:37:20
  Adding metrics (CtConstructorImpl) <init> @ src/main/java/org/apache/commons/exec/CommandLine.java:122:12
    [34mIgnoring implicit executable reference: (CtExecutableReferenceImpl) <init>[0m
    [34mIgnoring implicit executable reference: (CtExecutableReferenceImpl) <init>[0m
    Adding select field (CtFieldImpl) executable @ src/main/java/org/apache/commons/exec/CommandLine.java:47:26
      Resolved as new select field (CtFieldImpl) executable @ src/main/java/org/apache/commons/exec/CommandLine.java:47:26
    Adding basic (CtTypeReferenceImpl) boolean
      Resolved with match basic (CtTypeReferenceImpl) boolean
    Adding select field (CtFieldImpl) isFile @ src/main/java/org/apache/commons/exec/CommandLine.java:57:27
      Resolved as new select field (CtFieldImpl) isFile @ src/main/java/org/apache/commons/exec/CommandLine.java:57:27
    Adding basic (CtTypeReferenceImpl) boolean
      Resolved with match basic (CtTypeReferenceImpl) boolean
    Adding basic (CtTypeReferenceImpl) boolean
      Resolved with match basic (CtTypeReferenceImpl) boolean
    Adding object instantiation java.util.Vector<org.apache.commons.exec.CommandLine$Argument>
      Resolved with match object instantiation java.util.Vector<org.apache.commons.exec.CommandLine$Argument>
    Adding method for call site (CtMethodImpl) addAll
      Adding method (CtMethodImpl) addAll
        Adding signature (CtMethodImpl) addAll
          Adding parameter (CtParameterImpl) arg0
            Adding interface decl (CtInterfaceImpl) Collection
              Pending package java.util
              Adding interface description (CtInterfaceImpl) Collection
                Resolved as new interface description (CtInterfaceImpl) Collection
              Adding type params (CtTypeParameterImpl) E
                Resolved with match type params (CtTypeParameterImpl) E
              Resolved as new interface decl (CtInterfaceImpl) Collection
            Resolved as new parameter (CtParameterImpl) arg0
          Adding parameter <unnamed> boolean
            Adding basic (CtTypeReferenceImpl) boolean
              Resolved with match basic (CtTypeReferenceImpl) boolean
            Resolved as new parameter <unnamed> boolean
          Resolved as new signature (CtMethodImpl) addAll
        Resolved as new method (CtMethodImpl) addAll
      Adding signature (CtMethodImpl) addAll
        Adding parameter (CtParameterImpl) arg0
          Adding interface instantiation java.util.Collection<?>
            Adding interface description (CtInterfaceImpl) Collection
              Resolved as new interface description (CtInterfaceImpl) Collection
            Resolved as new interface instantiation java.util.Collection<?>
          Resolved as new parameter (CtParameterImpl) arg0
        Adding parameter <unnamed> boolean
          Resolved with match parameter <unnamed> boolean
        Resolved as new signature (CtMethodImpl) addAll
      Resolved as new method for call site (CtMethodImpl) addAll
    Adding select field (CtFieldImpl) arguments @ src/main/java/org/apache/commons/exec/CommandLine.java:42:36
      Resolved as new select field (CtFieldImpl) arguments @ src/main/java/org/apache/commons/exec/CommandLine.java:42:36
    [34mUnused type args: [org.apache.commons.exec.CommandLine$Argument][0m
    Adding basic (CtTypeReferenceImpl) boolean
      Resolved with match basic (CtTypeReferenceImpl) boolean
    [34mUnused type args: [?][0m
    Adding interface decl (CtInterfaceImpl) Collection
      Adding interface description (CtInterfaceImpl) Collection
        Resolved as new interface description (CtInterfaceImpl) Collection
      Adding type params (CtTypeParameterImpl) E
        Resolved with match type params (CtTypeParameterImpl) E
      Resolved as new interface decl (CtInterfaceImpl) Collection
    Adding type params reference (CtTypeParameterReferenceImpl) E
      Resolved with match type params reference (CtTypeParameterReferenceImpl) E
    [34mUnused type args: [org.apache.commons.exec.CommandLine$Argument][0m
    Adding object instantiation java.util.Vector<org.apache.commons.exec.CommandLine$Argument>
      Resolved with match object instantiation java.util.Vector<org.apache.commons.exec.CommandLine$Argument>
    Adding basic (CtTypeReferenceImpl) boolean
      Resolved with match basic (CtTypeReferenceImpl) boolean
    [34mUnused type args: [java.lang.String, ?][0m
    Adding interface instantiation java.util.Map<java.lang.String, ?>
      Resolved with match interface instantiation java.util.Map<java.lang.String, ?>
    Adding interface instantiation java.util.Map @ src/main/java/org/apache/commons/exec/CommandLine.java:130:19<java.lang.String @ src/main/java/org/apache/commons/exec/CommandLine.java:130:23, java.lang.Object @ src/main/java/org/apache/commons/exec/CommandLine.java:130:31>
      Resolved with match interface instantiation java.util.Map @ src/main/java/org/apache/commons/exec/CommandLine.java:130:19<java.lang.String @ src/main/java/org/apache/commons/exec/CommandLine.java:130:23, java.lang.Object @ src/main/java/org/apache/commons/exec/CommandLine.java:130:31>
    [34mUnused type args: [java.lang.String @ src/main/java/org/apache/commons/exec/CommandLine.java:130:23, java.lang.Object @ src/main/java/org/apache/commons/exec/CommandLine.java:130:31][0m
    Adding object decl (CtClassImpl) HashMap
      Adding struct (CtClassImpl) HashMap
        Resolved as new struct (CtClassImpl) HashMap
      Adding type params (CtTypeParameterImpl) K
        Resolved with match type params (CtTypeParameterImpl) K
      Adding type params (CtTypeParameterImpl) V
        Resolved with match type params (CtTypeParameterImpl) V
      Resolved as new object decl (CtClassImpl) HashMap
    Adding constructor (CtConstructorImpl) <init>
      Adding constructor signature (CtConstructorImpl) <init>
        Adding parameter <unnamed> java.util.HashMap<K, V>
          Resolved as new parameter <unnamed> java.util.HashMap<K, V>
        Resolved as new constructor signature (CtConstructorImpl) <init>
      Resolved as new constructor (CtConstructorImpl) <init>
    [34mIgnoring implicit executable reference: (CtExecutableReferenceImpl) <init>[0m
    [34mUnused type args: [java.lang.String @ src/main/java/org/apache/commons/exec/CommandLine.java:130:58, java.lang.Object @ src/main/java/org/apache/commons/exec/CommandLine.java:130:66][0m
    Adding object instantiation java.util.HashMap @ src/main/java/org/apache/commons/exec/CommandLine.java:130:50<java.lang.String @ src/main/java/org/apache/commons/exec/CommandLine.java:130:58, java.lang.Object @ src/main/java/org/apache/commons/exec/CommandLine.java:130:66>
      Adding struct (CtClassImpl) HashMap
        Resolved as new struct (CtClassImpl) HashMap
      Adding interface description (CtInterfaceImpl) Serializable
        Resolved as new interface description (CtInterfaceImpl) Serializable
      Adding interface description (CtInterfaceImpl) Cloneable
        Resolved as new interface description (CtInterfaceImpl) Cloneable
      Resolved as new object instantiation java.util.HashMap @ src/main/java/org/apache/commons/exec/CommandLine.java:130:50<java.lang.String @ src/main/java/org/apache/commons/exec/CommandLine.java:130:58, java.lang.Object @ src/main/java/org/apache/commons/exec/CommandLine.java:130:66>
    Adding interface instantiation java.util.Map<java.lang.String, ?>
      Resolved with match interface instantiation java.util.Map<java.lang.String, ?>
    [34mUnused type args: [java.lang.String, ?][0m
    [34mUnused type args: [java.lang.String, ?][0m
    Adding interface instantiation java.util.Map<java.lang.String, ?>
      Resolved with match interface instantiation java.util.Map<java.lang.String, ?>
    Adding interface instantiation java.util.Map<java.lang.String, java.lang.Object>
      Resolved with match interface instantiation java.util.Map<java.lang.String, java.lang.Object>
    [34mUnused type args: [java.lang.String, java.lang.Object][0m
    Adding interface decl (CtInterfaceImpl) Iterator
      Adding interface description (CtInterfaceImpl) Iterator
        Resolved as new interface description (CtInterfaceImpl) Iterator
      Adding type params (CtTypeParameterImpl) E
        Resolved with match type params (CtTypeParameterImpl) E
      Resolved as new interface decl (CtInterfaceImpl) Iterator
    Adding interface instantiation java.util.Iterator @ src/main/java/org/apache/commons/exec/CommandLine.java:132:19<java.lang.String @ src/main/java/org/apache/commons/exec/CommandLine.java:132:28>
      Adding interface description (CtInterfaceImpl) Iterator
        Resolved as new interface description (CtInterfaceImpl) Iterator
      Resolved as new interface instantiation java.util.Iterator @ src/main/java/org/apache/commons/exec/CommandLine.java:132:19<java.lang.String @ src/main/java/org/apache/commons/exec/CommandLine.java:132:28>
    [34mUnused type args: [java.lang.String @ src/main/java/org/apache/commons/exec/CommandLine.java:132:28][0m
    Adding abstract (CtMethodImpl) iterator
      Adding signature (CtMethodImpl) iterator
        Adding parameter <unnamed> java.util.Iterator<E>
          Adding type params reference (CtTypeParameterReferenceImpl) E
            Resolved with match type params reference (CtTypeParameterReferenceImpl) E
          Resolved as new parameter <unnamed> java.util.Iterator<E>
        Resolved as new signature (CtMethodImpl) iterator
      Resolved as new abstract (CtMethodImpl) iterator
    Adding interface description (CtInterfaceImpl) Set
      Resolved as new interface description (CtInterfaceImpl) Set
    Adding abstract (CtMethodImpl) keySet
      Adding signature (CtMethodImpl) keySet
        Adding parameter <unnamed> java.util.Set<K>
          Adding interface decl (CtInterfaceImpl) Set
            Resolved as new interface decl (CtInterfaceImpl) Set
          Adding interface instantiation java.util.Set<K>
            Adding interface description (CtInterfaceImpl) Set
              Resolved as new interface description (CtInterfaceImpl) Set
            Resolved as new interface instantiation java.util.Set<K>
          Resolved as new parameter <unnamed> java.util.Set<K>
        Resolved as new signature (CtMethodImpl) keySet
      Resolved as new abstract (CtMethodImpl) keySet
    [34mUnused type args: [java.lang.String, ?][0m
    Adding interface instantiation java.util.Map<java.lang.String, ?>
      Resolved with match interface instantiation java.util.Map<java.lang.String, ?>
    [34mUnused type args: [java.lang.String][0m
    Adding interface instantiation java.util.Set<java.lang.String>
      Adding interface description (CtInterfaceImpl) Set
        Resolved as new interface description (CtInterfaceImpl) Set
      Resolved as new interface instantiation java.util.Set<java.lang.String>
    [34mUnused type args: [java.lang.String][0m
    Adding interface instantiation java.util.Iterator<java.lang.String>
      Resolved with match interface instantiation java.util.Iterator<java.lang.String>
    Adding abstract (CtMethodImpl) hasNext
      Adding signature (CtMethodImpl) hasNext
        Adding parameter <unnamed> boolean
          Adding basic (CtTypeReferenceImpl) boolean
            Resolved with match basic (CtTypeReferenceImpl) boolean
          Resolved as new parameter <unnamed> boolean
        Resolved as new signature (CtMethodImpl) hasNext
      Resolved as new abstract (CtMethodImpl) hasNext
    Adding interface instantiation java.util.Iterator<java.lang.String>
      Resolved with match interface instantiation java.util.Iterator<java.lang.String>
    [34mUnused type args: [java.lang.String][0m
    Adding basic (CtTypeReferenceImpl) boolean
      Resolved with match basic (CtTypeReferenceImpl) boolean
    Adding abstract (CtMethodImpl) next
      Adding signature (CtMethodImpl) next
        Adding parameter <unnamed> E
          Resolved as new parameter <unnamed> E
        Resolved as new signature (CtMethodImpl) next
      Resolved as new abstract (CtMethodImpl) next
    Adding interface instantiation java.util.Iterator<java.lang.String>
      Resolved with match interface instantiation java.util.Iterator<java.lang.String>
    [34mUnused type args: [java.lang.String][0m
    Adding abstract (CtMethodImpl) put
      Adding signature (CtMethodImpl) put
        Adding parameter (CtParameterImpl) arg0
          Resolved as new parameter (CtParameterImpl) arg0
        Adding parameter (CtParameterImpl) arg1
          Resolved as new parameter (CtParameterImpl) arg1
        Adding parameter <unnamed> V
          Resolved as new parameter <unnamed> V
        Resolved as new signature (CtMethodImpl) put
      Resolved as new abstract (CtMethodImpl) put
    Adding interface instantiation java.util.Map<java.lang.String, java.lang.Object>
      Resolved with match interface instantiation java.util.Map<java.lang.String, java.lang.Object>
    [34mUnused type args: [java.lang.String, java.lang.Object][0m
    Adding abstract (CtMethodImpl) get
      Adding signature (CtMethodImpl) get
        Adding parameter (CtParameterImpl) arg0
          Resolved with match parameter (CtParameterImpl) arg0
        Adding parameter <unnamed> V
          Resolved with match parameter <unnamed> V
        Resolved as new signature (CtMethodImpl) get
      Resolved as new abstract (CtMethodImpl) get
    [34mUnused type args: [java.lang.String, ?][0m
    Adding interface instantiation java.util.Map<java.lang.String, ?>
      Resolved with match interface instantiation java.util.Map<java.lang.String, ?>
    Resolved as new metrics (CtConstructorImpl) <init> @ src/main/java/org/apache/commons/exec/CommandLine.java:122:12
  Adding metrics (CtMethodImpl) addArgument @ src/main/java/org/apache/commons/exec/CommandLine.java:237:23
    Adding basic (CtTypeReferenceImpl) boolean
      Resolved with match basic (CtTypeReferenceImpl) boolean
    Adding basic (CtTypeReferenceImpl) boolean
      Resolved with match basic (CtTypeReferenceImpl) boolean
    Adding method (CtMethodImpl) quoteArgument @ src/main/java/org/apache/commons/exec/util/StringUtils.java:222:26
      Adding signature (CtMethodImpl) quoteArgument @ src/main/java/org/apache/commons/exec/util/StringUtils.java:222:26
        Adding parameter (CtParameterImpl) argument @ src/main/java/org/apache/commons/exec/util/StringUtils.java:222:53
          Resolved with match parameter (CtParameterImpl) argument @ src/main/java/org/apache/commons/exec/util/StringUtils.java:222:53
        Adding parameter <unnamed> java.lang.String @ src/main/java/org/apache/commons/exec/util/StringUtils.java:222:19
          Resolved with match parameter <unnamed> java.lang.String @ src/main/java/org/apache/commons/exec/util/StringUtils.java:222:19
        Resolved as new signature (CtMethodImpl) quoteArgument @ src/main/java/org/apache/commons/exec/util/StringUtils.java:222:26
      Resolved as new method (CtMethodImpl) quoteArgument @ src/main/java/org/apache/commons/exec/util/StringUtils.java:222:26
    Adding object instantiation java.util.Vector<org.apache.commons.exec.CommandLine$Argument>
      Resolved with match object instantiation java.util.Vector<org.apache.commons.exec.CommandLine$Argument>
    Adding method for call site (CtMethodImpl) add
      Adding method (CtMethodImpl) add
        Adding signature (CtMethodImpl) add
          Adding parameter (CtParameterImpl) arg0
            Resolved as new parameter (CtParameterImpl) arg0
          Adding parameter <unnamed> boolean
            Adding basic (CtTypeReferenceImpl) boolean
              Resolved with match basic (CtTypeReferenceImpl) boolean
            Resolved as new parameter <unnamed> boolean
          Resolved as new signature (CtMethodImpl) add
        Resolved as new method (CtMethodImpl) add
      Adding signature (CtMethodImpl) add
        Adding parameter (CtParameterImpl) arg0
          Resolved as new parameter (CtParameterImpl) arg0
        Adding parameter <unnamed> boolean
          Resolved with match parameter <unnamed> boolean
        Resolved as new signature (CtMethodImpl) add
      Resolved as new method for call site (CtMethodImpl) add
    [34mUnused type args: [org.apache.commons.exec.CommandLine$Argument][0m
    Adding basic (CtTypeReferenceImpl) boolean
      Resolved with match basic (CtTypeReferenceImpl) boolean
    [34mIgnoring implicit executable reference: (CtExecutableReferenceImpl) <init>[0m
    Adding basic (CtTypeReferenceImpl) boolean
      Resolved with match basic (CtTypeReferenceImpl) boolean
    Adding basic (CtTypeReferenceImpl) boolean
      Resolved with match basic (CtTypeReferenceImpl) boolean
    Resolved as new metrics (CtMethodImpl) addArgument @ src/main/java/org/apache/commons/exec/CommandLine.java:237:23
  Adding metrics (CtMethodImpl) toString @ src/main/java/org/apache/commons/exec/CommandLine.java:312:19
    Adding method (CtMethodImpl) toString @ src/main/java/org/apache/commons/exec/util/StringUtils.java:199:26
      Adding signature (CtMethodImpl) toString @ src/main/java/org/apache/commons/exec/util/StringUtils.java:199:26
        Adding parameter (CtParameterImpl) strings @ src/main/java/org/apache/commons/exec/util/StringUtils.java:199:50
          Resolved as new parameter (CtParameterImpl) strings @ src/main/java/org/apache/commons/exec/util/StringUtils.java:199:50
        Adding parameter (CtParameterImpl) separator @ src/main/java/org/apache/commons/exec/util/StringUtils.java:199:72
          Resolved as new parameter (CtParameterImpl) separator @ src/main/java/org/apache/commons/exec/util/StringUtils.java:199:72
        Adding parameter <unnamed> java.lang.String @ src/main/java/org/apache/commons/exec/util/StringUtils.java:199:19
          Resolved with match parameter <unnamed> java.lang.String @ src/main/java/org/apache/commons/exec/util/StringUtils.java:199:19
        Resolved as new signature (CtMethodImpl) toString @ src/main/java/org/apache/commons/exec/util/StringUtils.java:199:26
      Resolved as new method (CtMethodImpl) toString @ src/main/java/org/apache/commons/exec/util/StringUtils.java:199:26
    Resolved as new metrics (CtMethodImpl) toString @ src/main/java/org/apache/commons/exec/CommandLine.java:312:19
  Adding metrics (CtMethodImpl) isFailure @ src/main/java/org/apache/commons/exec/launcher/VmsCommandLauncher.java:72:20
    Adding basic (CtTypeReferenceImpl) boolean
      Resolved with match basic (CtTypeReferenceImpl) boolean
    Adding basic (CtTypeReferenceImpl) int
      Resolved with match basic (CtTypeReferenceImpl) int
    Adding basic (CtTypeReferenceImpl) int
      Resolved with match basic (CtTypeReferenceImpl) int
    Adding basic (CtTypeReferenceImpl) int
      Resolved with match basic (CtTypeReferenceImpl) int
    Adding basic (CtTypeReferenceImpl) int
      Resolved with match basic (CtTypeReferenceImpl) int
    Resolved as new metrics (CtMethodImpl) isFailure @ src/main/java/org/apache/commons/exec/launcher/VmsCommandLauncher.java:72:20
  Adding metrics (CtMethodImpl) exec @ src/main/java/org/apache/commons/exec/launcher/Java13CommandLauncher.java:56:20
    [34mUnused type args: [java.lang.String, java.lang.String][0m
    Adding interface instantiation java.util.Map<java.lang.String, java.lang.String>
      Resolved with match interface instantiation java.util.Map<java.lang.String, java.lang.String>
    Adding interface instantiation java.util.Map<java.lang.String, java.lang.String>
      Resolved with match interface instantiation java.util.Map<java.lang.String, java.lang.String>
    [34mUnused type args: [java.lang.String, java.lang.String][0m
    Adding method (CtMethodImpl) exec
      Adding signature (CtMethodImpl) exec
        Adding parameter (CtParameterImpl) arg0
          Resolved with match parameter (CtParameterImpl) arg0
        Adding parameter (CtParameterImpl) arg1
          Resolved with match parameter (CtParameterImpl) arg1
        Adding parameter (CtParameterImpl) arg2
          Resolved as new parameter (CtParameterImpl) arg2
        Adding parameter <unnamed> java.lang.Process
          Resolved with match parameter <unnamed> java.lang.Process
        Resolved as new signature (CtMethodImpl) exec
      Resolved as new method (CtMethodImpl) exec
    Resolved as new metrics (CtMethodImpl) exec @ src/main/java/org/apache/commons/exec/launcher/Java13CommandLauncher.java:56:20
  Adding metrics (CtMethodImpl) getExecutable @ src/main/java/org/apache/commons/exec/CommandLine.java:146:19
    Adding method (CtMethodImpl) fixFileSeparatorChar @ src/main/java/org/apache/commons/exec/util/StringUtils.java:187:26
      Adding signature (CtMethodImpl) fixFileSeparatorChar @ src/main/java/org/apache/commons/exec/util/StringUtils.java:187:26
        Adding parameter (CtParameterImpl) arg @ src/main/java/org/apache/commons/exec/util/StringUtils.java:187:60
          Resolved as new parameter (CtParameterImpl) arg @ src/main/java/org/apache/commons/exec/util/StringUtils.java:187:60
        Adding parameter <unnamed> java.lang.String @ src/main/java/org/apache/commons/exec/util/StringUtils.java:187:19
          Resolved with match parameter <unnamed> java.lang.String @ src/main/java/org/apache/commons/exec/util/StringUtils.java:187:19
        Resolved as new signature (CtMethodImpl) fixFileSeparatorChar @ src/main/java/org/apache/commons/exec/util/StringUtils.java:187:26
      Resolved as new method (CtMethodImpl) fixFileSeparatorChar @ src/main/java/org/apache/commons/exec/util/StringUtils.java:187:26
    Resolved as new metrics (CtMethodImpl) getExecutable @ src/main/java/org/apache/commons/exec/CommandLine.java:146:19
  Adding metrics (CtMethodImpl) isHandleQuoting @ src/main/java/org/apache/commons/exec/CommandLine.java:440:25
    Adding select field (CtFieldImpl) handleQuoting @ src/main/java/org/apache/commons/exec/CommandLine.java:427:31
      Resolved as new select field (CtFieldImpl) handleQuoting @ src/main/java/org/apache/commons/exec/CommandLine.java:427:31
    Adding basic (CtTypeReferenceImpl) boolean
      Resolved with match basic (CtTypeReferenceImpl) boolean
    Resolved as new metrics (CtMethodImpl) isHandleQuoting @ src/main/java/org/apache/commons/exec/CommandLine.java:440:25
  Adding metrics (CtMethodImpl) getArguments @ src/main/java/org/apache/commons/exec/CommandLine.java:260:21
    Adding object instantiation java.util.Vector<org.apache.commons.exec.CommandLine$Argument>
      Resolved with match object instantiation java.util.Vector<org.apache.commons.exec.CommandLine$Argument>
    Adding method for call site (CtMethodImpl) size
      Adding method (CtMethodImpl) size
        Adding signature (CtMethodImpl) size
          Adding parameter <unnamed> int
            Adding basic (CtTypeReferenceImpl) int
              Resolved with match basic (CtTypeReferenceImpl) int
            Resolved as new parameter <unnamed> int
          Resolved as new signature (CtMethodImpl) size
        Resolved as new method (CtMethodImpl) size
      Adding signature (CtMethodImpl) size
        Adding parameter <unnamed> int
          Resolved with match parameter <unnamed> int
        Resolved as new signature (CtMethodImpl) size
      Resolved as new method for call site (CtMethodImpl) size
    [34mUnused type args: [org.apache.commons.exec.CommandLine$Argument][0m
    Adding basic (CtTypeReferenceImpl) int
      Resolved with match basic (CtTypeReferenceImpl) int
    Adding basic (CtTypeReferenceImpl) int @ src/main/java/org/apache/commons/exec/CommandLine.java:266:14
      Resolved with match basic (CtTypeReferenceImpl) int @ src/main/java/org/apache/commons/exec/CommandLine.java:266:14
    Adding basic (CtTypeReferenceImpl) int
      Resolved with match basic (CtTypeReferenceImpl) int
    Adding basic (CtTypeReferenceImpl) boolean
      Resolved with match basic (CtTypeReferenceImpl) boolean
    Adding basic (CtTypeReferenceImpl) int
      Resolved with match basic (CtTypeReferenceImpl) int
    Adding basic (CtTypeReferenceImpl) int
      Resolved with match basic (CtTypeReferenceImpl) int
    Adding basic (CtTypeReferenceImpl) int
      Resolved with match basic (CtTypeReferenceImpl) int
    Adding basic (CtTypeReferenceImpl) int
      Resolved with match basic (CtTypeReferenceImpl) int
    Adding object instantiation java.util.Vector<org.apache.commons.exec.CommandLine$Argument>
      Resolved with match object instantiation java.util.Vector<org.apache.commons.exec.CommandLine$Argument>
    Adding method for call site (CtMethodImpl) get
      Adding method (CtMethodImpl) get
        Adding signature (CtMethodImpl) get
          Adding parameter (CtParameterImpl) arg0
            Adding basic (CtTypeReferenceImpl) int
              Resolved with match basic (CtTypeReferenceImpl) int
            Resolved as new parameter (CtParameterImpl) arg0
          Adding parameter <unnamed> E
            Resolved as new parameter <unnamed> E
          Resolved as new signature (CtMethodImpl) get
        Resolved as new method (CtMethodImpl) get
      Adding signature (CtMethodImpl) get
        Adding parameter (CtParameterImpl) arg0
          Resolved with match parameter (CtParameterImpl) arg0
        Adding parameter <unnamed> E
          Resolved with match parameter <unnamed> E
        Resolved as new signature (CtMethodImpl) get
      Resolved as new method for call site (CtMethodImpl) get
    [34mUnused type args: [org.apache.commons.exec.CommandLine$Argument][0m
    Adding basic (CtTypeReferenceImpl) int
      Resolved with match basic (CtTypeReferenceImpl) int
    Adding basic (CtTypeReferenceImpl) int
      Resolved with match basic (CtTypeReferenceImpl) int
    Adding basic (CtTypeReferenceImpl) int
      Resolved with match basic (CtTypeReferenceImpl) int
    Adding basic (CtTypeReferenceImpl) boolean
      Resolved with match basic (CtTypeReferenceImpl) boolean
    Resolved as new metrics (CtMethodImpl) getArguments @ src/main/java/org/apache/commons/exec/CommandLine.java:260:21
  Adding metrics (CtMethodImpl) toStrings @ src/main/java/org/apache/commons/exec/CommandLine.java:297:21
    Adding basic (CtTypeReferenceImpl) int
      Resolved with match basic (CtTypeReferenceImpl) int
    Adding object instantiation java.util.Vector<org.apache.commons.exec.CommandLine$Argument>
      Resolved with match object instantiation java.util.Vector<org.apache.commons.exec.CommandLine$Argument>
    [34mUnused type args: [org.apache.commons.exec.CommandLine$Argument][0m
    Adding basic (CtTypeReferenceImpl) int
      Resolved with match basic (CtTypeReferenceImpl) int
    Adding basic (CtTypeReferenceImpl) int
      Resolved with match basic (CtTypeReferenceImpl) int
    Adding basic (CtTypeReferenceImpl) int
      Resolved with match basic (CtTypeReferenceImpl) int
    Adding object decl (CtClassImpl) System
      Adding struct (CtClassImpl) System
        Resolved as new struct (CtClassImpl) System
      Resolved as new object decl (CtClassImpl) System
    Adding method (CtMethodImpl) arraycopy
      Adding signature (CtMethodImpl) arraycopy
        Adding parameter (CtParameterImpl) arg0
          Resolved with match parameter (CtParameterImpl) arg0
        Adding parameter (CtParameterImpl) arg1
          Adding basic (CtTypeReferenceImpl) int
            Resolved with match basic (CtTypeReferenceImpl) int
          Resolved as new parameter (CtParameterImpl) arg1
        Adding parameter (CtParameterImpl) arg2
          Resolved as new parameter (CtParameterImpl) arg2
        Adding parameter (CtParameterImpl) arg3
          Adding basic (CtTypeReferenceImpl) int
            Resolved with match basic (CtTypeReferenceImpl) int
          Resolved as new parameter (CtParameterImpl) arg3
        Adding parameter (CtParameterImpl) arg4
          Adding basic (CtTypeReferenceImpl) int
            Resolved with match basic (CtTypeReferenceImpl) int
          Resolved as new parameter (CtParameterImpl) arg4
        Resolved as new signature (CtMethodImpl) arraycopy
      Resolved as new method (CtMethodImpl) arraycopy
    Adding basic (CtTypeReferenceImpl) int
      Resolved with match basic (CtTypeReferenceImpl) int
    Adding basic (CtTypeReferenceImpl) int
      Resolved with match basic (CtTypeReferenceImpl) int
    Adding basic (CtTypeReferenceImpl) int
      Resolved with match basic (CtTypeReferenceImpl) int
    Adding basic (CtTypeReferenceImpl) int
      Resolved with match basic (CtTypeReferenceImpl) int
    Adding basic (CtTypeReferenceImpl) int
      Resolved with match basic (CtTypeReferenceImpl) int
    Adding basic (CtTypeReferenceImpl) int
      Resolved with match basic (CtTypeReferenceImpl) int
    Adding basic (CtTypeReferenceImpl) int
      Resolved with match basic (CtTypeReferenceImpl) int
    Adding basic (CtTypeReferenceImpl) int
      Resolved with match basic (CtTypeReferenceImpl) int
    Resolved as new metrics (CtMethodImpl) toStrings @ src/main/java/org/apache/commons/exec/CommandLine.java:297:21
  Adding metrics (CtConstructorImpl) <init> @ src/main/java/org/apache/commons/exec/CommandLine.java:102:12
    [34mIgnoring implicit executable reference: (CtExecutableReferenceImpl) <init>[0m
    [34mIgnoring implicit executable reference: (CtExecutableReferenceImpl) <init>[0m
    Adding basic (CtTypeReferenceImpl) boolean
      Resolved with match basic (CtTypeReferenceImpl) boolean
    Adding basic (CtTypeReferenceImpl) boolean
      Resolved with match basic (CtTypeReferenceImpl) boolean
    Adding basic (CtTypeReferenceImpl) boolean
      Resolved with match basic (CtTypeReferenceImpl) boolean
    Resolved as new metrics (CtConstructorImpl) <init> @ src/main/java/org/apache/commons/exec/CommandLine.java:102:12
  Adding metrics (CtMethodImpl) addArguments @ src/main/java/org/apache/commons/exec/CommandLine.java:210:24
    Adding basic (CtTypeReferenceImpl) boolean
      Resolved with match basic (CtTypeReferenceImpl) boolean
    Adding basic (CtTypeReferenceImpl) boolean
      Resolved with match basic (CtTypeReferenceImpl) boolean
    Adding basic (CtTypeReferenceImpl) boolean
      Resolved with match basic (CtTypeReferenceImpl) boolean
    Resolved as new metrics (CtMethodImpl) addArguments @ src/main/java/org/apache/commons/exec/CommandLine.java:210:24
  Adding metrics (CtMethodImpl) isFile @ src/main/java/org/apache/commons/exec/CommandLine.java:158:20
    Adding basic (CtTypeReferenceImpl) boolean
      Resolved with match basic (CtTypeReferenceImpl) boolean
    Resolved as new metrics (CtMethodImpl) isFile @ src/main/java/org/apache/commons/exec/CommandLine.java:158:20
  Adding metrics (CtConstructorImpl) <init> @ src/main/java/org/apache/commons/exec/CommandLine.java:429:17
    [34mIgnoring implicit executable reference: (CtExecutableReferenceImpl) <init>[0m
    [34mIgnoring implicit executable reference: (CtExecutableReferenceImpl) <init>[0m
    Adding method (CtMethodImpl) trim
      Adding signature (CtMethodImpl) trim
        Adding parameter <unnamed> java.lang.String
          Resolved with match parameter <unnamed> java.lang.String
        Resolved as new signature (CtMethodImpl) trim
      Resolved as new method (CtMethodImpl) trim
    Adding basic (CtTypeReferenceImpl) boolean
      Resolved with match basic (CtTypeReferenceImpl) boolean
    Adding basic (CtTypeReferenceImpl) boolean
      Resolved with match basic (CtTypeReferenceImpl) boolean
    Adding basic (CtTypeReferenceImpl) boolean
      Resolved with match basic (CtTypeReferenceImpl) boolean
    Resolved as new metrics (CtConstructorImpl) <init> @ src/main/java/org/apache/commons/exec/CommandLine.java:429:17
  Adding metrics (CtMethodImpl) parse @ src/main/java/org/apache/commons/exec/CommandLine.java:78:31
    Adding basic (CtTypeReferenceImpl) boolean
      Resolved with match basic (CtTypeReferenceImpl) boolean
    [34mIgnoring implicit executable reference: (CtExecutableReferenceImpl) <init>[0m
    Adding basic (CtTypeReferenceImpl) boolean
      Resolved with match basic (CtTypeReferenceImpl) boolean
    Adding basic (CtTypeReferenceImpl) int
      Resolved with match basic (CtTypeReferenceImpl) int
    Adding basic (CtTypeReferenceImpl) int
      Resolved with match basic (CtTypeReferenceImpl) int
    [34mIgnoring implicit executable reference: (CtExecutableReferenceImpl) <init>[0m
    [34mIgnoring implicit executable reference: (CtExecutableReferenceImpl) <init>[0m
    Adding basic (CtTypeReferenceImpl) int
      Resolved with match basic (CtTypeReferenceImpl) int
    [34mUnused type args: [java.lang.String, ?][0m
    Adding interface instantiation java.util.Map<java.lang.String, ?>
      Resolved with match interface instantiation java.util.Map<java.lang.String, ?>
    Adding interface instantiation java.util.Map<java.lang.String, ?>
      Resolved with match interface instantiation java.util.Map<java.lang.String, ?>
    [34mUnused type args: [java.lang.String, ?][0m
    Adding basic (CtTypeReferenceImpl) int @ src/main/java/org/apache/commons/exec/CommandLine.java:89:18
      Resolved with match basic (CtTypeReferenceImpl) int @ src/main/java/org/apache/commons/exec/CommandLine.java:89:18
    Adding basic (CtTypeReferenceImpl) int
      Resolved with match basic (CtTypeReferenceImpl) int
    Adding basic (CtTypeReferenceImpl) boolean
      Resolved with match basic (CtTypeReferenceImpl) boolean
    Adding basic (CtTypeReferenceImpl) int
      Resolved with match basic (CtTypeReferenceImpl) int
    Adding basic (CtTypeReferenceImpl) int
      Resolved with match basic (CtTypeReferenceImpl) int
    Adding basic (CtTypeReferenceImpl) int
      Resolved with match basic (CtTypeReferenceImpl) int
    Adding basic (CtTypeReferenceImpl) int
      Resolved with match basic (CtTypeReferenceImpl) int
    Adding basic (CtTypeReferenceImpl) int
      Resolved with match basic (CtTypeReferenceImpl) int
    Resolved as new metrics (CtMethodImpl) parse @ src/main/java/org/apache/commons/exec/CommandLine.java:78:31
  Adding metrics (CtConstructorImpl) <init> @ src/main/java/org/apache/commons/exec/launcher/OS2CommandLauncher.java:41:12
    [34mIgnoring implicit executable reference: (CtExecutableReferenceImpl) <init>[0m
    [34mIgnoring implicit executable reference: (CtExecutableReferenceImpl) <init>[0m
    Resolved as new metrics (CtConstructorImpl) <init> @ src/main/java/org/apache/commons/exec/launcher/OS2CommandLauncher.java:41:12
  Adding metrics (CtMethodImpl) exec @ src/main/java/org/apache/commons/exec/launcher/OS2CommandLauncher.java:59:20
    Adding basic (CtTypeReferenceImpl) boolean
      Resolved with match basic (CtTypeReferenceImpl) boolean
    [34mUnused type args: [java.lang.String, java.lang.String][0m
    Adding interface instantiation java.util.Map<java.lang.String, java.lang.String>
      Resolved with match interface instantiation java.util.Map<java.lang.String, java.lang.String>
    Adding interface instantiation java.util.Map<java.lang.String, java.lang.String>
      Resolved with match interface instantiation java.util.Map<java.lang.String, java.lang.String>
    [34mUnused type args: [java.lang.String, java.lang.String][0m
    [34mIgnoring implicit executable reference: (CtExecutableReferenceImpl) <init>[0m
    [34mUnused type args: [java.lang.String, java.lang.String][0m
    Adding interface instantiation java.util.Map<java.lang.String, java.lang.String>
      Resolved with match interface instantiation java.util.Map<java.lang.String, java.lang.String>
    Adding interface instantiation java.util.Map<java.lang.String, java.lang.String>
      Resolved with match interface instantiation java.util.Map<java.lang.String, java.lang.String>
    [34mUnused type args: [java.lang.String, java.lang.String][0m
    Resolved as new metrics (CtMethodImpl) exec @ src/main/java/org/apache/commons/exec/launcher/OS2CommandLauncher.java:59:20
  Adding metrics (CtMethodImpl) getSubstitutionMap @ src/main/java/org/apache/commons/exec/CommandLine.java:278:27
    [34mUnused type args: [java.lang.String, ?][0m
    Adding interface instantiation java.util.Map<java.lang.String, ?>
      Resolved with match interface instantiation java.util.Map<java.lang.String, ?>
    Resolved as new metrics (CtMethodImpl) getSubstitutionMap @ src/main/java/org/apache/commons/exec/CommandLine.java:278:27
  Adding metrics (CtMethodImpl) createCommandFile @ src/main/java/org/apache/commons/exec/launcher/VmsCommandLauncher.java:81:18
    Adding method (CtMethodImpl) createTempFile
      Adding signature (CtMethodImpl) createTempFile
        Adding parameter (CtParameterImpl) arg0
          Resolved with match parameter (CtParameterImpl) arg0
        Adding parameter (CtParameterImpl) arg1
          Resolved with match parameter (CtParameterImpl) arg1
        Adding parameter <unnamed> java.io.File
          Resolved with match parameter <unnamed> java.io.File
        Resolved as new signature (CtMethodImpl) createTempFile
      Resolved as new method (CtMethodImpl) createTempFile
    Adding method (CtMethodImpl) deleteOnExit
      Adding signature (CtMethodImpl) deleteOnExit
        Resolved as new signature (CtMethodImpl) deleteOnExit
      Resolved as new method (CtMethodImpl) deleteOnExit
    Adding object decl (CtClassImpl) PrintWriter
      Adding struct (CtClassImpl) PrintWriter
        Resolved as new struct (CtClassImpl) PrintWriter
      Resolved as new object decl (CtClassImpl) PrintWriter
    Adding constructor (CtConstructorImpl) <init>
      Adding constructor signature (CtConstructorImpl) <init>
        Adding parameter (CtParameterImpl) arg0
          Adding object decl (CtClassImpl) Writer
            Pending package java.io
            Adding struct (CtClassImpl) Writer
              Resolved as new struct (CtClassImpl) Writer
            Resolved as new object decl (CtClassImpl) Writer
          Resolved as new parameter (CtParameterImpl) arg0
        Adding parameter <unnamed> java.io.PrintWriter
          Resolved as new parameter <unnamed> java.io.PrintWriter
        Resolved as new constructor signature (CtConstructorImpl) <init>
      Resolved as new constructor (CtConstructorImpl) <init>
    [34mIgnoring implicit executable reference: (CtExecutableReferenceImpl) <init>[0m
    Adding object decl (CtClassImpl) Writer
      Adding struct (CtClassImpl) Writer
        Resolved as new struct (CtClassImpl) Writer
      Resolved as new object decl (CtClassImpl) Writer
    Adding object decl (CtClassImpl) FileWriter
      Adding struct (CtClassImpl) FileWriter
        Resolved as new struct (CtClassImpl) FileWriter
      Resolved as new object decl (CtClassImpl) FileWriter
    Adding constructor (CtConstructorImpl) <init>
      Adding constructor signature (CtConstructorImpl) <init>
        Adding parameter (CtParameterImpl) arg0
          Resolved with match parameter (CtParameterImpl) arg0
        Adding parameter (CtParameterImpl) arg1
          Adding basic (CtTypeReferenceImpl) boolean
            Resolved with match basic (CtTypeReferenceImpl) boolean
          Resolved as new parameter (CtParameterImpl) arg1
        Adding parameter <unnamed> java.io.FileWriter
          Resolved as new parameter <unnamed> java.io.FileWriter
        Resolved as new constructor signature (CtConstructorImpl) <init>
      Resolved as new constructor (CtConstructorImpl) <init>
    [34mIgnoring implicit executable reference: (CtExecutableReferenceImpl) <init>[0m
    Adding basic (CtTypeReferenceImpl) boolean
      Resolved with match basic (CtTypeReferenceImpl) boolean
    Adding method (CtMethodImpl) getAbsolutePath
      Adding signature (CtMethodImpl) getAbsolutePath
        Adding parameter <unnamed> java.lang.String
          Resolved with match parameter <unnamed> java.lang.String
        Resolved as new signature (CtMethodImpl) getAbsolutePath
      Resolved as new method (CtMethodImpl) getAbsolutePath
    Adding basic (CtTypeReferenceImpl) boolean
      Resolved with match basic (CtTypeReferenceImpl) boolean
    Adding basic (CtTypeReferenceImpl) boolean
      Resolved with match basic (CtTypeReferenceImpl) boolean
    Adding interface instantiation java.util.Map<java.lang.String, java.lang.String>
      Resolved with match interface instantiation java.util.Map<java.lang.String, java.lang.String>
    [34mUnused type args: [java.lang.String, java.lang.String][0m
    Adding interface decl (CtInterfaceImpl) Entry
      Adding interface description (CtInterfaceImpl) Entry
        Resolved as new interface description (CtInterfaceImpl) Entry
      Adding type params (CtTypeParameterImpl) K
        Resolved with match type params (CtTypeParameterImpl) K
      Adding type params (CtTypeParameterImpl) V
        Resolved with match type params (CtTypeParameterImpl) V
      Resolved as new interface decl (CtInterfaceImpl) Entry
    Adding interface instantiation java.util.Set @ src/main/java/org/apache/commons/exec/launcher/VmsCommandLauncher.java:91:23<java.util.Map$Entry @ src/main/java/org/apache/commons/exec/launcher/VmsCommandLauncher.java:91:27>
      Adding interface description (CtInterfaceImpl) Set
        Resolved as new interface description (CtInterfaceImpl) Set
      Resolved as new interface instantiation java.util.Set @ src/main/java/org/apache/commons/exec/launcher/VmsCommandLauncher.java:91:23<java.util.Map$Entry @ src/main/java/org/apache/commons/exec/launcher/VmsCommandLauncher.java:91:27>
    [34mUnused type args: [java.util.Map$Entry @ src/main/java/org/apache/commons/exec/launcher/VmsCommandLauncher.java:91:27][0m
    [34mUnused type args: [java.lang.String @ src/main/java/org/apache/commons/exec/launcher/VmsCommandLauncher.java:91:33, java.lang.String @ src/main/java/org/apache/commons/exec/launcher/VmsCommandLauncher.java:91:41][0m
    Adding abstract (CtMethodImpl) entrySet
      Adding signature (CtMethodImpl) entrySet
        Adding parameter <unnamed> java.util.Set<java.util.Map$Entry>
          Adding interface instantiation java.util.Set<java.util.Map$Entry>
            Resolved with match interface instantiation java.util.Set<java.util.Map$Entry>
          Resolved as new parameter <unnamed> java.util.Set<java.util.Map$Entry>
        Resolved as new signature (CtMethodImpl) entrySet
      Resolved as new abstract (CtMethodImpl) entrySet
    Adding interface instantiation java.util.Map<java.lang.String, java.lang.String>
      Resolved with match interface instantiation java.util.Map<java.lang.String, java.lang.String>
    [34mUnused type args: [java.lang.String, java.lang.String][0m
    [34mUnused type args: [java.util.Map$Entry][0m
    Adding interface instantiation java.util.Set<java.util.Map$Entry>
      Resolved with match interface instantiation java.util.Set<java.util.Map$Entry>
    [34mUnused type args: [java.lang.String, java.lang.String][0m
    [34mUnused type args: [java.lang.String @ src/main/java/org/apache/commons/exec/launcher/VmsCommandLauncher.java:93:34, java.lang.String @ src/main/java/org/apache/commons/exec/launcher/VmsCommandLauncher.java:93:42][0m
    Adding interface instantiation java.util.Set<java.util.Map$Entry>
      Resolved with match interface instantiation java.util.Set<java.util.Map$Entry>
    [34mUnused type args: [java.util.Map$Entry][0m
    [34mUnused type args: [java.lang.String, java.lang.String][0m
    Adding method (CtMethodImpl) print
      Adding signature (CtMethodImpl) print
        Adding parameter (CtParameterImpl) arg0
          Resolved with match parameter (CtParameterImpl) arg0
        Resolved as new signature (CtMethodImpl) print
      Resolved as new method (CtMethodImpl) print
    Adding abstract (CtMethodImpl) getKey
      Adding signature (CtMethodImpl) getKey
        Adding parameter <unnamed> K
          Resolved as new parameter <unnamed> K
        Resolved as new signature (CtMethodImpl) getKey
      Resolved as new abstract (CtMethodImpl) getKey
    [34mUnused type args: [java.lang.String, java.lang.String][0m
    Adding method (CtMethodImpl) println
      Adding signature (CtMethodImpl) println
        Adding parameter (CtParameterImpl) arg0
          Adding basic (CtTypeReferenceImpl) char
            Resolved with match basic (CtTypeReferenceImpl) char
          Resolved as new parameter (CtParameterImpl) arg0
        Resolved as new signature (CtMethodImpl) println
      Resolved as new method (CtMethodImpl) println
    Adding basic (CtTypeReferenceImpl) char
      Resolved with match basic (CtTypeReferenceImpl) char
    Adding basic (CtTypeReferenceImpl) char
      Resolved with match basic (CtTypeReferenceImpl) char
    Adding abstract (CtMethodImpl) getValue
      Adding signature (CtMethodImpl) getValue
        Adding parameter <unnamed> V
          Resolved as new parameter <unnamed> V
        Resolved as new signature (CtMethodImpl) getValue
      Resolved as new abstract (CtMethodImpl) getValue
    [34mUnused type args: [java.lang.String, java.lang.String][0m
    Adding basic (CtTypeReferenceImpl) boolean
      Resolved with match basic (CtTypeReferenceImpl) boolean
    Adding method (CtMethodImpl) indexOf
      Adding signature (CtMethodImpl) indexOf
        Adding parameter (CtParameterImpl) arg0
          Adding basic (CtTypeReferenceImpl) int
            Resolved with match basic (CtTypeReferenceImpl) int
          Resolved as new parameter (CtParameterImpl) arg0
        Adding parameter <unnamed> int
          Adding basic (CtTypeReferenceImpl) int
            Resolved with match basic (CtTypeReferenceImpl) int
          Resolved as new parameter <unnamed> int
        Resolved as new signature (CtMethodImpl) indexOf
      Resolved as new method (CtMethodImpl) indexOf
    Adding basic (CtTypeReferenceImpl) int
      Resolved with match basic (CtTypeReferenceImpl) int
    Adding basic (CtTypeReferenceImpl) int
      Resolved with match basic (CtTypeReferenceImpl) int
    Adding basic (CtTypeReferenceImpl) char
      Resolved with match basic (CtTypeReferenceImpl) char
    Adding basic (CtTypeReferenceImpl) int
      Resolved with match basic (CtTypeReferenceImpl) int
    [34mIgnoring implicit executable reference: (CtExecutableReferenceImpl) <init>[0m
    Adding basic (CtTypeReferenceImpl) int @ src/main/java/org/apache/commons/exec/launcher/VmsCommandLauncher.java:102:30
      Resolved with match basic (CtTypeReferenceImpl) int @ src/main/java/org/apache/commons/exec/launcher/VmsCommandLauncher.java:102:30
    Adding basic (CtTypeReferenceImpl) int
      Resolved with match basic (CtTypeReferenceImpl) int
    Adding basic (CtTypeReferenceImpl) boolean
      Resolved with match basic (CtTypeReferenceImpl) boolean
    Adding basic (CtTypeReferenceImpl) int
      Resolved with match basic (CtTypeReferenceImpl) int
    Adding basic (CtTypeReferenceImpl) int
      Resolved with match basic (CtTypeReferenceImpl) int
    Adding basic (CtTypeReferenceImpl) int
      Resolved with match basic (CtTypeReferenceImpl) int
    Adding basic (CtTypeReferenceImpl) int
      Resolved with match basic (CtTypeReferenceImpl) int
    Adding basic (CtTypeReferenceImpl) char @ src/main/java/org/apache/commons/exec/launcher/VmsCommandLauncher.java:103:35
      Resolved with match basic (CtTypeReferenceImpl) char @ src/main/java/org/apache/commons/exec/launcher/VmsCommandLauncher.java:103:35
    Adding method (CtMethodImpl) charAt
      Adding signature (CtMethodImpl) charAt
        Adding parameter (CtParameterImpl) arg0
          Adding basic (CtTypeReferenceImpl) int
            Resolved with match basic (CtTypeReferenceImpl) int
          Resolved as new parameter (CtParameterImpl) arg0
        Adding parameter <unnamed> char
          Adding basic (CtTypeReferenceImpl) char
            Resolved with match basic (CtTypeReferenceImpl) char
          Resolved as new parameter <unnamed> char
        Resolved as new signature (CtMethodImpl) charAt
      Resolved as new method (CtMethodImpl) charAt
    Adding basic (CtTypeReferenceImpl) char
      Resolved with match basic (CtTypeReferenceImpl) char
    Adding basic (CtTypeReferenceImpl) int
      Resolved with match basic (CtTypeReferenceImpl) int
    Adding basic (CtTypeReferenceImpl) int
      Resolved with match basic (CtTypeReferenceImpl) int
    Adding basic (CtTypeReferenceImpl) boolean
      Resolved with match basic (CtTypeReferenceImpl) boolean
    Adding basic (CtTypeReferenceImpl) char
      Resolved with match basic (CtTypeReferenceImpl) char
    Adding basic (CtTypeReferenceImpl) char
      Resolved with match basic (CtTypeReferenceImpl) char
    Adding method (CtMethodImpl) append
      Adding signature (CtMethodImpl) append
        Adding parameter (CtParameterImpl) arg0
          Adding basic (CtTypeReferenceImpl) char
            Resolved with match basic (CtTypeReferenceImpl) char
          Resolved as new parameter (CtParameterImpl) arg0
        Adding parameter <unnamed> java.lang.StringBuilder
          Resolved with match parameter <unnamed> java.lang.StringBuilder
        Resolved as new signature (CtMethodImpl) append
      Resolved as new method (CtMethodImpl) append
    Adding basic (CtTypeReferenceImpl) char
      Resolved with match basic (CtTypeReferenceImpl) char
    Adding basic (CtTypeReferenceImpl) char
      Resolved with match basic (CtTypeReferenceImpl) char
    Adding basic (CtTypeReferenceImpl) char
      Resolved with match basic (CtTypeReferenceImpl) char
    Adding basic (CtTypeReferenceImpl) char
      Resolved with match basic (CtTypeReferenceImpl) char
    Adding basic (CtTypeReferenceImpl) char
      Resolved with match basic (CtTypeReferenceImpl) char
    Adding basic (CtTypeReferenceImpl) char
      Resolved with match basic (CtTypeReferenceImpl) char
    Adding basic (CtTypeReferenceImpl) boolean
      Resolved with match basic (CtTypeReferenceImpl) boolean
    Adding method (CtMethodImpl) split @ src/main/java/org/apache/commons/exec/util/StringUtils.java:166:28
      Adding signature (CtMethodImpl) split @ src/main/java/org/apache/commons/exec/util/StringUtils.java:166:28
        Adding parameter (CtParameterImpl) input @ src/main/java/org/apache/commons/exec/util/StringUtils.java:166:47
          Resolved as new parameter (CtParameterImpl) input @ src/main/java/org/apache/commons/exec/util/StringUtils.java:166:47
        Adding parameter (CtParameterImpl) splitChar @ src/main/java/org/apache/commons/exec/util/StringUtils.java:166:67
          Resolved as new parameter (CtParameterImpl) splitChar @ src/main/java/org/apache/commons/exec/util/StringUtils.java:166:67
        Adding parameter <unnamed> java.lang.String[] @ src/main/java/org/apache/commons/exec/util/StringUtils.java:166:19
          Resolved with match parameter <unnamed> java.lang.String[] @ src/main/java/org/apache/commons/exec/util/StringUtils.java:166:19
        Resolved as new signature (CtMethodImpl) split @ src/main/java/org/apache/commons/exec/util/StringUtils.java:166:28
      Resolved as new method (CtMethodImpl) split @ src/main/java/org/apache/commons/exec/util/StringUtils.java:166:28
    Adding basic (CtTypeReferenceImpl) int
      Resolved with match basic (CtTypeReferenceImpl) int
    Adding basic (CtTypeReferenceImpl) int
      Resolved with match basic (CtTypeReferenceImpl) int
    Adding basic (CtTypeReferenceImpl) int @ src/main/java/org/apache/commons/exec/launcher/VmsCommandLauncher.java:124:23
      Resolved with match basic (CtTypeReferenceImpl) int @ src/main/java/org/apache/commons/exec/launcher/VmsCommandLauncher.java:124:23
    Adding basic (CtTypeReferenceImpl) int
      Resolved with match basic (CtTypeReferenceImpl) int
    Adding basic (CtTypeReferenceImpl) int
      Resolved with match basic (CtTypeReferenceImpl) int
    Adding basic (CtTypeReferenceImpl) int
      Resolved with match basic (CtTypeReferenceImpl) int
    Adding basic (CtTypeReferenceImpl) int @ src/main/java/org/apache/commons/exec/launcher/VmsCommandLauncher.java:125:22
      Resolved with match basic (CtTypeReferenceImpl) int @ src/main/java/org/apache/commons/exec/launcher/VmsCommandLauncher.java:125:22
    Adding basic (CtTypeReferenceImpl) int
      Resolved with match basic (CtTypeReferenceImpl) int
    Adding basic (CtTypeReferenceImpl) boolean
      Resolved with match basic (CtTypeReferenceImpl) boolean
    Adding basic (CtTypeReferenceImpl) int
      Resolved with match basic (CtTypeReferenceImpl) int
    Adding basic (CtTypeReferenceImpl) int
      Resolved with match basic (CtTypeReferenceImpl) int
    Adding basic (CtTypeReferenceImpl) int
      Resolved with match basic (CtTypeReferenceImpl) int
    Adding basic (CtTypeReferenceImpl) int
      Resolved with match basic (CtTypeReferenceImpl) int
    Adding basic (CtTypeReferenceImpl) int
      Resolved with match basic (CtTypeReferenceImpl) int
    Adding basic (CtTypeReferenceImpl) int
      Resolved with match basic (CtTypeReferenceImpl) int
    Adding method (CtMethodImpl) println
      Adding signature (CtMethodImpl) println
        Adding parameter (CtParameterImpl) arg0
          Resolved with match parameter (CtParameterImpl) arg0
        Resolved as new signature (CtMethodImpl) println
      Resolved as new method (CtMethodImpl) println
    Adding method (CtMethodImpl) println
      Adding signature (CtMethodImpl) println
        Resolved with match signature (CtMethodImpl) println
      Resolved as new method (CtMethodImpl) println
    Adding basic (CtTypeReferenceImpl) boolean
      Resolved with match basic (CtTypeReferenceImpl) boolean
    Adding method (CtMethodImpl) close
      Adding signature (CtMethodImpl) close
        Resolved with match signature (CtMethodImpl) close
      Resolved as new method (CtMethodImpl) close
    Resolved as new metrics (CtMethodImpl) createCommandFile @ src/main/java/org/apache/commons/exec/launcher/VmsCommandLauncher.java:81:18
  Adding metrics (CtMethodImpl) toCleanExecutable @ src/main/java/org/apache/commons/exec/CommandLine.java:411:20
    Adding basic (CtTypeReferenceImpl) boolean
      Resolved with match basic (CtTypeReferenceImpl) boolean
    [34mIgnoring implicit executable reference: (CtExecutableReferenceImpl) <init>[0m
    Adding basic (CtTypeReferenceImpl) boolean
      Resolved with match basic (CtTypeReferenceImpl) boolean
    Adding basic (CtTypeReferenceImpl) int
      Resolved with match basic (CtTypeReferenceImpl) int
    Adding basic (CtTypeReferenceImpl) int
      Resolved with match basic (CtTypeReferenceImpl) int
    [34mIgnoring implicit executable reference: (CtExecutableReferenceImpl) <init>[0m
    Resolved as new metrics (CtMethodImpl) toCleanExecutable @ src/main/java/org/apache/commons/exec/CommandLine.java:411:20
  Adding metrics (CtMethodImpl) createVMLauncher @ src/main/java/org/apache/commons/exec/launcher/CommandLauncherFactory.java:38:35
    Adding object decl (CtClassImpl) OS @ src/main/java/org/apache/commons/exec/OS.java:27:20
      Adding struct (CtClassImpl) OS @ src/main/java/org/apache/commons/exec/OS.java:27:20
        Adding field (CtFieldImpl) FAMILY_9X @ src/main/java/org/apache/commons/exec/OS.java:32:32
          Resolved as new field (CtFieldImpl) FAMILY_9X @ src/main/java/org/apache/commons/exec/OS.java:32:32
        Adding field (CtFieldImpl) FAMILY_DOS @ src/main/java/org/apache/commons/exec/OS.java:36:32
          Resolved as new field (CtFieldImpl) FAMILY_DOS @ src/main/java/org/apache/commons/exec/OS.java:36:32
        Adding field (CtFieldImpl) FAMILY_MAC @ src/main/java/org/apache/commons/exec/OS.java:40:32
          Resolved as new field (CtFieldImpl) FAMILY_MAC @ src/main/java/org/apache/commons/exec/OS.java:40:32
        Adding field (CtFieldImpl) FAMILY_NETWARE @ src/main/java/org/apache/commons/exec/OS.java:44:32
          Resolved as new field (CtFieldImpl) FAMILY_NETWARE @ src/main/java/org/apache/commons/exec/OS.java:44:32
        Adding field (CtFieldImpl) FAMILY_NT @ src/main/java/org/apache/commons/exec/OS.java:48:32
          Resolved as new field (CtFieldImpl) FAMILY_NT @ src/main/java/org/apache/commons/exec/OS.java:48:32
        Adding field (CtFieldImpl) FAMILY_OS2 @ src/main/java/org/apache/commons/exec/OS.java:52:32
          Resolved as new field (CtFieldImpl) FAMILY_OS2 @ src/main/java/org/apache/commons/exec/OS.java:52:32
        Adding field (CtFieldImpl) FAMILY_OS400 @ src/main/java/org/apache/commons/exec/OS.java:56:32
          Resolved as new field (CtFieldImpl) FAMILY_OS400 @ src/main/java/org/apache/commons/exec/OS.java:56:32
        Adding field (CtFieldImpl) FAMILY_TANDEM @ src/main/java/org/apache/commons/exec/OS.java:60:32
          Resolved as new field (CtFieldImpl) FAMILY_TANDEM @ src/main/java/org/apache/commons/exec/OS.java:60:32
        Adding field (CtFieldImpl) FAMILY_UNIX @ src/main/java/org/apache/commons/exec/OS.java:64:32
          Resolved as new field (CtFieldImpl) FAMILY_UNIX @ src/main/java/org/apache/commons/exec/OS.java:64:32
        Adding field (CtFieldImpl) FAMILY_VMS @ src/main/java/org/apache/commons/exec/OS.java:68:32
          Resolved as new field (CtFieldImpl) FAMILY_VMS @ src/main/java/org/apache/commons/exec/OS.java:68:32
        Adding field (CtFieldImpl) FAMILY_WINDOWS @ src/main/java/org/apache/commons/exec/OS.java:72:32
          Resolved as new field (CtFieldImpl) FAMILY_WINDOWS @ src/main/java/org/apache/commons/exec/OS.java:72:32
        Adding field (CtFieldImpl) FAMILY_ZOS @ src/main/java/org/apache/commons/exec/OS.java:76:32
          Resolved as new field (CtFieldImpl) FAMILY_ZOS @ src/main/java/org/apache/commons/exec/OS.java:76:32
        Adding field (CtFieldImpl) DARWIN @ src/main/java/org/apache/commons/exec/OS.java:78:33
          Resolved as new field (CtFieldImpl) DARWIN @ src/main/java/org/apache/commons/exec/OS.java:78:33
        Adding field (CtFieldImpl) OS_NAME @ src/main/java/org/apache/commons/exec/OS.java:80:33
          Resolved as new field (CtFieldImpl) OS_NAME @ src/main/java/org/apache/commons/exec/OS.java:80:33
        Adding field (CtFieldImpl) OS_ARCH @ src/main/java/org/apache/commons/exec/OS.java:81:33
          Resolved as new field (CtFieldImpl) OS_ARCH @ src/main/java/org/apache/commons/exec/OS.java:81:33
        Adding field (CtFieldImpl) OS_VERSION @ src/main/java/org/apache/commons/exec/OS.java:82:33
          Resolved as new field (CtFieldImpl) OS_VERSION @ src/main/java/org/apache/commons/exec/OS.java:82:33
        Adding field (CtFieldImpl) PATH_SEP @ src/main/java/org/apache/commons/exec/OS.java:83:33
          Resolved as new field (CtFieldImpl) PATH_SEP @ src/main/java/org/apache/commons/exec/OS.java:83:33
        Resolved as new struct (CtClassImpl) OS @ src/main/java/org/apache/commons/exec/OS.java:27:20
      Resolved as new object decl (CtClassImpl) OS @ src/main/java/org/apache/commons/exec/OS.java:27:20
    Adding method (CtMethodImpl) isFamilyOpenVms @ src/main/java/org/apache/commons/exec/OS.java:146:27
      Adding signature (CtMethodImpl) isFamilyOpenVms @ src/main/java/org/apache/commons/exec/OS.java:146:27
        Adding parameter <unnamed> boolean @ src/main/java/org/apache/commons/exec/OS.java:146:19
          Adding basic (CtTypeReferenceImpl) boolean @ src/main/java/org/apache/commons/exec/OS.java:146:19
            Resolved with match basic (CtTypeReferenceImpl) boolean @ src/main/java/org/apache/commons/exec/OS.java:146:19
          Resolved as new parameter <unnamed> boolean @ src/main/java/org/apache/commons/exec/OS.java:146:19
        Resolved as new signature (CtMethodImpl) isFamilyOpenVms @ src/main/java/org/apache/commons/exec/OS.java:146:27
      Resolved as new method (CtMethodImpl) isFamilyOpenVms @ src/main/java/org/apache/commons/exec/OS.java:146:27
    Adding basic (CtTypeReferenceImpl) boolean
      Resolved with match basic (CtTypeReferenceImpl) boolean
    [34mIgnoring implicit executable reference: (CtExecutableReferenceImpl) <init>[0m
    [34mIgnoring implicit executable reference: (CtExecutableReferenceImpl) <init>[0m
    Resolved as new metrics (CtMethodImpl) createVMLauncher @ src/main/java/org/apache/commons/exec/launcher/CommandLauncherFactory.java:38:35
  Adding metrics (CtMethodImpl) exec @ src/main/java/org/apache/commons/exec/launcher/VmsCommandLauncher.java:61:20
    [34mIgnoring implicit executable reference: (CtExecutableReferenceImpl) <init>[0m
    [34mUnused type args: [java.lang.String, java.lang.String][0m
    Adding interface instantiation java.util.Map<java.lang.String, java.lang.String>
      Resolved with match interface instantiation java.util.Map<java.lang.String, java.lang.String>
    Adding interface instantiation java.util.Map<java.lang.String, java.lang.String>
      Resolved with match interface instantiation java.util.Map<java.lang.String, java.lang.String>
    [34mUnused type args: [java.lang.String, java.lang.String][0m
    [34mUnused type args: [java.lang.String, java.lang.String][0m
    Adding interface instantiation java.util.Map<java.lang.String, java.lang.String>
      Resolved with match interface instantiation java.util.Map<java.lang.String, java.lang.String>
    Adding interface instantiation java.util.Map<java.lang.String, java.lang.String>
      Resolved with match interface instantiation java.util.Map<java.lang.String, java.lang.String>
    [34mUnused type args: [java.lang.String, java.lang.String][0m
    Resolved as new metrics (CtMethodImpl) exec @ src/main/java/org/apache/commons/exec/launcher/VmsCommandLauncher.java:61:20
  Adding metrics (CtConstructorImpl) <init> @ src/main/java/org/apache/commons/exec/launcher/WinNTCommandLauncher.java:34:12
    [34mIgnoring implicit executable reference: (CtExecutableReferenceImpl) <init>[0m
    [34mIgnoring implicit executable reference: (CtExecutableReferenceImpl) <init>[0m
    Resolved as new metrics (CtConstructorImpl) <init> @ src/main/java/org/apache/commons/exec/launcher/WinNTCommandLauncher.java:34:12
  Adding metrics (CtMethodImpl) addArguments @ src/main/java/org/apache/commons/exec/CommandLine.java:168:24
    Adding basic (CtTypeReferenceImpl) boolean
      Resolved with match basic (CtTypeReferenceImpl) boolean
    Adding basic (CtTypeReferenceImpl) boolean
      Resolved with match basic (CtTypeReferenceImpl) boolean
    Resolved as new metrics (CtMethodImpl) addArguments @ src/main/java/org/apache/commons/exec/CommandLine.java:168:24
  Adding metrics (CtMethodImpl) exec @ src/main/java/org/apache/commons/exec/launcher/WinNTCommandLauncher.java:52:20
    Adding basic (CtTypeReferenceImpl) boolean
      Resolved with match basic (CtTypeReferenceImpl) boolean
    [34mUnused type args: [java.lang.String, java.lang.String][0m
    Adding interface instantiation java.util.Map<java.lang.String, java.lang.String>
      Resolved with match interface instantiation java.util.Map<java.lang.String, java.lang.String>
    Adding interface instantiation java.util.Map<java.lang.String, java.lang.String>
      Resolved with match interface instantiation java.util.Map<java.lang.String, java.lang.String>
    [34mUnused type args: [java.lang.String, java.lang.String][0m
    [34mIgnoring implicit executable reference: (CtExecutableReferenceImpl) <init>[0m
    [34mUnused type args: [java.lang.String, java.lang.String][0m
    Adding interface instantiation java.util.Map<java.lang.String, java.lang.String>
      Resolved with match interface instantiation java.util.Map<java.lang.String, java.lang.String>
    Adding interface instantiation java.util.Map<java.lang.String, java.lang.String>
      Resolved with match interface instantiation java.util.Map<java.lang.String, java.lang.String>
    [34mUnused type args: [java.lang.String, java.lang.String][0m
    Resolved as new metrics (CtMethodImpl) exec @ src/main/java/org/apache/commons/exec/launcher/WinNTCommandLauncher.java:52:20
  Adding metrics (CtMethodImpl) addArgument @ src/main/java/org/apache/commons/exec/CommandLine.java:226:24
    Adding basic (CtTypeReferenceImpl) boolean
      Resolved with match basic (CtTypeReferenceImpl) boolean
    Adding basic (CtTypeReferenceImpl) boolean
      Resolved with match basic (CtTypeReferenceImpl) boolean
    Resolved as new metrics (CtMethodImpl) addArgument @ src/main/java/org/apache/commons/exec/CommandLine.java:226:24
  Adding metrics (CtMethodImpl) addArguments @ src/main/java/org/apache/commons/exec/CommandLine.java:197:24
    Adding basic (CtTypeReferenceImpl) boolean
      Resolved with match basic (CtTypeReferenceImpl) boolean
    Adding basic (CtTypeReferenceImpl) boolean
      Resolved with match basic (CtTypeReferenceImpl) boolean
    Resolved as new metrics (CtMethodImpl) addArguments @ src/main/java/org/apache/commons/exec/CommandLine.java:197:24
  Adding metrics (CtMethodImpl) exec @ src/main/java/org/apache/commons/exec/launcher/CommandLauncherProxy.java:52:20
    Adding select field (CtFieldImpl) myLauncher @ src/main/java/org/apache/commons/exec/launcher/CommandLauncherProxy.java:38:35
      Resolved as new select field (CtFieldImpl) myLauncher @ src/main/java/org/apache/commons/exec/launcher/CommandLauncherProxy.java:38:35
    [34mUnused type args: [java.lang.String, java.lang.String][0m
    Adding interface instantiation java.util.Map<java.lang.String, java.lang.String>
      Resolved with match interface instantiation java.util.Map<java.lang.String, java.lang.String>
    Adding interface instantiation java.util.Map<java.lang.String, java.lang.String>
      Resolved with match interface instantiation java.util.Map<java.lang.String, java.lang.String>
    [34mUnused type args: [java.lang.String, java.lang.String][0m
    Resolved as new metrics (CtMethodImpl) exec @ src/main/java/org/apache/commons/exec/launcher/CommandLauncherProxy.java:52:20
  Adding metrics (CtConstructorImpl) <init> @ src/main/java/org/apache/commons/exec/launcher/CommandLauncherProxy.java:34:12
    [34mIgnoring implicit executable reference: (CtExecutableReferenceImpl) <init>[0m
    [34mIgnoring implicit executable reference: (CtExecutableReferenceImpl) <init>[0m
    Resolved as new metrics (CtConstructorImpl) <init> @ src/main/java/org/apache/commons/exec/launcher/CommandLauncherProxy.java:34:12
  Adding metrics (CtConstructorImpl) <init> @ src/main/java/org/apache/commons/exec/launcher/Java13CommandLauncher.java:39:12
    [34mIgnoring implicit executable reference: (CtExecutableReferenceImpl) <init>[0m
    [34mIgnoring implicit executable reference: (CtExecutableReferenceImpl) <init>[0m
    Resolved as new metrics (CtConstructorImpl) <init> @ src/main/java/org/apache/commons/exec/launcher/Java13CommandLauncher.java:39:12
  Adding metrics (CtMethodImpl) addArguments @ src/main/java/org/apache/commons/exec/CommandLine.java:179:24
    Adding basic (CtTypeReferenceImpl) boolean
      Resolved with match basic (CtTypeReferenceImpl) boolean
    Adding basic (CtTypeReferenceImpl) boolean
      Resolved with match basic (CtTypeReferenceImpl) boolean
    Adding basic (CtTypeReferenceImpl) boolean
      Resolved with match basic (CtTypeReferenceImpl) boolean
    Resolved as new metrics (CtMethodImpl) addArguments @ src/main/java/org/apache/commons/exec/CommandLine.java:179:24
  Adding metrics (CtConstructorImpl) <init> @ src/main/java/org/apache/commons/exec/launcher/CommandLauncherFactory.java:30:13
    [34mIgnoring implicit executable reference: (CtExecutableReferenceImpl) <init>[0m
    [34mIgnoring implicit executable reference: (CtExecutableReferenceImpl) <init>[0m
    Resolved as new metrics (CtConstructorImpl) <init> @ src/main/java/org/apache/commons/exec/launcher/CommandLauncherFactory.java:30:13
  Adding metrics (CtMethodImpl) parse @ src/main/java/org/apache/commons/exec/CommandLine.java:66:31
    [34mUnused type args: [java.lang.String, ?][0m
    Adding interface instantiation java.util.Map<java.lang.String, ?>
      Resolved with match interface instantiation java.util.Map<java.lang.String, ?>
    Resolved as new metrics (CtMethodImpl) parse @ src/main/java/org/apache/commons/exec/CommandLine.java:66:31
  Adding metrics (CtConstructorImpl) <init> @ src/main/java/org/apache/commons/exec/CommandLine.java:112:12
    [34mIgnoring implicit executable reference: (CtExecutableReferenceImpl) <init>[0m
    [34mIgnoring implicit executable reference: (CtExecutableReferenceImpl) <init>[0m
    Adding basic (CtTypeReferenceImpl) boolean
      Resolved with match basic (CtTypeReferenceImpl) boolean
    Adding basic (CtTypeReferenceImpl) boolean
      Resolved with match basic (CtTypeReferenceImpl) boolean
    Adding basic (CtTypeReferenceImpl) boolean
      Resolved with match basic (CtTypeReferenceImpl) boolean
    Resolved as new metrics (CtConstructorImpl) <init> @ src/main/java/org/apache/commons/exec/CommandLine.java:112:12
  Finishing field (CtFieldImpl) SINGLE_QUOTE @ src/main/java/org/apache/commons/exec/util/StringUtils.java:39:33
  Finishing field (CtFieldImpl) DOUBLE_QUOTE @ src/main/java/org/apache/commons/exec/util/StringUtils.java:40:33
  Finishing field (CtFieldImpl) SLASH_CHAR @ src/main/java/org/apache/commons/exec/util/StringUtils.java:41:31
  Finishing field (CtFieldImpl) BACKSLASH_CHAR @ src/main/java/org/apache/commons/exec/util/StringUtils.java:42:31
  Finishing field (CtFieldImpl) procEnvironment @ src/main/java/org/apache/commons/exec/environment/DefaultProcessingEnvironment.java:45:35
  Finishing field (CtFieldImpl) PROCESSING_ENVIRONMENT_IMPLEMENTATION @ src/main/java/org/apache/commons/exec/environment/EnvironmentUtils.java:35:55
  Finishing field (CtFieldImpl) FAMILY_9X @ src/main/java/org/apache/commons/exec/OS.java:32:32
  Finishing field (CtFieldImpl) FAMILY_DOS @ src/main/java/org/apache/commons/exec/OS.java:36:32
  Finishing field (CtFieldImpl) FAMILY_MAC @ src/main/java/org/apache/commons/exec/OS.java:40:32
  Finishing field (CtFieldImpl) FAMILY_NETWARE @ src/main/java/org/apache/commons/exec/OS.java:44:32
  Finishing field (CtFieldImpl) FAMILY_NT @ src/main/java/org/apache/commons/exec/OS.java:48:32
  Finishing field (CtFieldImpl) FAMILY_OS2 @ src/main/java/org/apache/commons/exec/OS.java:52:32
  Finishing field (CtFieldImpl) FAMILY_OS400 @ src/main/java/org/apache/commons/exec/OS.java:56:32
  Finishing field (CtFieldImpl) FAMILY_TANDEM @ src/main/java/org/apache/commons/exec/OS.java:60:32
  Finishing field (CtFieldImpl) FAMILY_UNIX @ src/main/java/org/apache/commons/exec/OS.java:64:32
  Finishing field (CtFieldImpl) FAMILY_VMS @ src/main/java/org/apache/commons/exec/OS.java:68:32
  Finishing field (CtFieldImpl) FAMILY_WINDOWS @ src/main/java/org/apache/commons/exec/OS.java:72:32
  Finishing field (CtFieldImpl) FAMILY_ZOS @ src/main/java/org/apache/commons/exec/OS.java:76:32
  Finishing field (CtFieldImpl) DARWIN @ src/main/java/org/apache/commons/exec/OS.java:78:33
  Finishing field (CtFieldImpl) OS_NAME @ src/main/java/org/apache/commons/exec/OS.java:80:33
  Finishing field (CtFieldImpl) OS_ARCH @ src/main/java/org/apache/commons/exec/OS.java:81:33
  Finishing field (CtFieldImpl) OS_VERSION @ src/main/java/org/apache/commons/exec/OS.java:82:33
  Finishing field (CtFieldImpl) PATH_SEP @ src/main/java/org/apache/commons/exec/OS.java:83:33
  Finishing interface decl (CtInterfaceImpl) Collection
  Finishing interface decl (CtInterfaceImpl) Collection
  Finishing interface decl (CtInterfaceImpl) Iterator
  Finishing interface decl (CtInterfaceImpl) Set
  Finishing interface decl (CtInterfaceImpl) Entry
    getting parent type for (CtInterfaceImpl) Entry
  Finishing interface description (CtInterfaceImpl) RandomAccess
  Finishing interface description (CtInterfaceImpl) List
  Finishing interface description (CtInterfaceImpl) Serializable
  Finishing interface description (CtInterfaceImpl) Cloneable
  Finishing interface description (CtInterfaceImpl) Collection
  Finishing interface description (CtInterfaceImpl) Collection
  Finishing interface description (CtInterfaceImpl) Collection
  Finishing interface description (CtInterfaceImpl) Serializable
  Finishing interface description (CtInterfaceImpl) Cloneable
  Finishing interface description (CtInterfaceImpl) Iterator
  Finishing interface description (CtInterfaceImpl) Iterator
  Finishing interface description (CtInterfaceImpl) Set
  Finishing interface description (CtInterfaceImpl) Set
  Finishing interface description (CtInterfaceImpl) Set
  Finishing interface description (CtInterfaceImpl) Entry
  Finishing interface description (CtInterfaceImpl) Set
  Finishing interface instantiation java.util.Map @ src/main/java/org/apache/commons/exec/util/StringUtils.java:70:78<? @ src/main/java/org/apache/commons/exec/util/StringUtils.java:70:82, ? @ src/main/java/org/apache/commons/exec/util/StringUtils.java:70:98>
  Finishing interface instantiation java.util.Map<?, ?>
  Finishing interface instantiation java.util.Map<java.lang.String, ?>
  Finishing interface instantiation java.util.Map<java.lang.String, ?>
  Finishing interface instantiation java.util.Map<java.lang.String, ?>
  Finishing interface instantiation java.util.Map<java.lang.String, ?>
  Finishing interface instantiation java.util.Map<java.lang.String, java.lang.String>
  Finishing interface instantiation java.util.Map<java.lang.String, java.lang.String>
  Finishing interface instantiation java.util.Map<java.lang.String, java.lang.String>
  Finishing interface instantiation java.util.Map<java.lang.String, java.lang.String>
  Finishing interface instantiation java.util.Map @ src/main/java/org/apache/commons/exec/environment/DefaultProcessingEnvironment.java:45:15<java.lang.String @ src/main/java/org/apache/commons/exec/environment/DefaultProcessingEnvironment.java:45:19, java.lang.String @ src/main/java/org/apache/commons/exec/environment/DefaultProcessingEnvironment.java:45:27>
  Finishing interface instantiation java.util.Map @ src/main/java/org/apache/commons/exec/environment/EnvironmentUtils.java:59:44<java.lang.String @ src/main/java/org/apache/commons/exec/environment/EnvironmentUtils.java:59:48, java.lang.String @ src/main/java/org/apache/commons/exec/environment/EnvironmentUtils.java:59:56>
  Finishing interface instantiation java.util.Map<java.lang.String, java.lang.String>
  Finishing interface instantiation java.util.Map<java.lang.String, java.lang.String>
  Finishing interface instantiation java.util.Collection<?>
  Finishing interface instantiation java.util.Map<java.lang.String, ?>
  Finishing interface instantiation java.util.Map @ src/main/java/org/apache/commons/exec/CommandLine.java:130:19<java.lang.String @ src/main/java/org/apache/commons/exec/CommandLine.java:130:23, java.lang.Object @ src/main/java/org/apache/commons/exec/CommandLine.java:130:31>
  Finishing interface instantiation java.util.Map<java.lang.String, ?>
  Finishing interface instantiation java.util.Map<java.lang.String, ?>
  Finishing interface instantiation java.util.Map<java.lang.String, java.lang.Object>
  Finishing interface instantiation java.util.Iterator @ src/main/java/org/apache/commons/exec/CommandLine.java:132:19<java.lang.String @ src/main/java/org/apache/commons/exec/CommandLine.java:132:28>
  Finishing interface instantiation java.util.Set<K>
  Finishing interface instantiation java.util.Map<java.lang.String, ?>
  Finishing interface instantiation java.util.Set<java.lang.String>
  Finishing interface instantiation java.util.Iterator<java.lang.String>
  Finishing interface instantiation java.util.Iterator<java.lang.String>
  Finishing interface instantiation java.util.Iterator<java.lang.String>
  Finishing interface instantiation java.util.Map<java.lang.String, java.lang.Object>
  Finishing interface instantiation java.util.Map<java.lang.String, ?>
  Finishing interface instantiation java.util.Map<java.lang.String, java.lang.String>
  Finishing interface instantiation java.util.Map<java.lang.String, java.lang.String>
  Finishing interface instantiation java.util.Map<java.lang.String, ?>
  Finishing interface instantiation java.util.Map<java.lang.String, ?>
  Finishing interface instantiation java.util.Map<java.lang.String, java.lang.String>
  Finishing interface instantiation java.util.Map<java.lang.String, java.lang.String>
  Finishing interface instantiation java.util.Map<java.lang.String, java.lang.String>
  Finishing interface instantiation java.util.Map<java.lang.String, java.lang.String>
  Finishing interface instantiation java.util.Map<java.lang.String, ?>
  Finishing interface instantiation java.util.Map<java.lang.String, java.lang.String>
  Finishing interface instantiation java.util.Set @ src/main/java/org/apache/commons/exec/launcher/VmsCommandLauncher.java:91:23<java.util.Map$Entry @ src/main/java/org/apache/commons/exec/launcher/VmsCommandLauncher.java:91:27>
  Finishing interface instantiation java.util.Set<java.util.Map$Entry>
  Finishing interface instantiation java.util.Map<java.lang.String, java.lang.String>
  Finishing interface instantiation java.util.Set<java.util.Map$Entry>
  Finishing interface instantiation java.util.Set<java.util.Map$Entry>
  Finishing interface instantiation java.util.Map<java.lang.String, java.lang.String>
  Finishing interface instantiation java.util.Map<java.lang.String, java.lang.String>
  Finishing interface instantiation java.util.Map<java.lang.String, java.lang.String>
  Finishing interface instantiation java.util.Map<java.lang.String, java.lang.String>
  Finishing interface instantiation java.util.Map<java.lang.String, java.lang.String>
  Finishing interface instantiation java.util.Map<java.lang.String, java.lang.String>
  Finishing interface instantiation java.util.Map<java.lang.String, java.lang.String>
  Finishing interface instantiation java.util.Map<java.lang.String, java.lang.String>
  Finishing interface instantiation java.util.Map<java.lang.String, java.lang.String>
  Finishing interface instantiation java.util.Map<java.lang.String, java.lang.String>
  Finishing interface instantiation java.util.Map<java.lang.String, ?>
  Finishing method (CtMethodImpl) stringSubstitution @ src/main/java/org/apache/commons/exec/util/StringUtils.java:70:32
  Finishing method (CtMethodImpl) toString
  Finishing method (CtMethodImpl) length
  Finishing constructor (CtConstructorImpl) <init>
  Finishing constructor (CtConstructorImpl) <init>
  Finishing constructor (CtConstructorImpl) <init>
  Finishing method (CtMethodImpl) hasMoreTokens
  Finishing method (CtMethodImpl) nextToken
  Finishing method (CtMethodImpl) equals
  Finishing method (CtMethodImpl) append
  Finishing method (CtMethodImpl) length
  Finishing method (CtMethodImpl) add
  Finishing method (CtMethodImpl) toString
  Finishing constructor (CtConstructorImpl) <init>
  Finishing method (CtMethodImpl) size
  Finishing method (CtMethodImpl) toArray
  Finishing method (CtMethodImpl) getPath
  Finishing method (CtMethodImpl) toStrings @ src/main/java/org/apache/commons/exec/environment/EnvironmentUtils.java:59:28
  Finishing method (CtMethodImpl) exec
  Finishing method (CtMethodImpl) getRuntime
  Finishing method (CtMethodImpl) addAll
  Finishing constructor (CtConstructorImpl) <init>
  Finishing method (CtMethodImpl) quoteArgument @ src/main/java/org/apache/commons/exec/util/StringUtils.java:222:26
  Finishing method (CtMethodImpl) add
  Finishing method (CtMethodImpl) toString @ src/main/java/org/apache/commons/exec/util/StringUtils.java:199:26
  Finishing method (CtMethodImpl) exec
  Finishing method (CtMethodImpl) fixFileSeparatorChar @ src/main/java/org/apache/commons/exec/util/StringUtils.java:187:26
  Finishing method (CtMethodImpl) size
  Finishing method (CtMethodImpl) get
  Finishing method (CtMethodImpl) arraycopy
  Finishing method (CtMethodImpl) trim
  Finishing method (CtMethodImpl) createTempFile
  Finishing method (CtMethodImpl) deleteOnExit
  Finishing constructor (CtConstructorImpl) <init>
  Finishing constructor (CtConstructorImpl) <init>
  Finishing method (CtMethodImpl) getAbsolutePath
  Finishing method (CtMethodImpl) print
  Finishing method (CtMethodImpl) println
  Finishing method (CtMethodImpl) indexOf
  Finishing method (CtMethodImpl) charAt
  Finishing method (CtMethodImpl) append
  Finishing method (CtMethodImpl) split @ src/main/java/org/apache/commons/exec/util/StringUtils.java:166:28
  Finishing method (CtMethodImpl) println
  Finishing method (CtMethodImpl) println
  Finishing method (CtMethodImpl) close
  Finishing method (CtMethodImpl) isFamilyOpenVms @ src/main/java/org/apache/commons/exec/OS.java:146:27
  Finishing method for call site (CtMethodImpl) add
  Finishing method for call site (CtMethodImpl) size
  Finishing method for call site (CtMethodImpl) toArray
  Finishing method for call site (CtMethodImpl) addAll
  Finishing method for call site (CtMethodImpl) add
  Finishing method for call site (CtMethodImpl) size
  Finishing method for call site (CtMethodImpl) get
  Finishing object decl (CtClassImpl) StringBuffer
    Adding interface description (CtInterfaceImpl) CharSequence
      Resolved as new interface description (CtInterfaceImpl) CharSequence
  Finishing object decl (CtClassImpl) StringUtils @ src/main/java/org/apache/commons/exec/util/StringUtils.java:37:14
    [34mskipping default constructor: org.apache.commons.exec.util.StringUtils()[0m
    Adding method (CtMethodImpl) isQuoted @ src/main/java/org/apache/commons/exec/util/StringUtils.java:259:27
      Adding signature (CtMethodImpl) isQuoted @ src/main/java/org/apache/commons/exec/util/StringUtils.java:259:27
        Adding parameter (CtParameterImpl) argument @ src/main/java/org/apache/commons/exec/util/StringUtils.java:259:49
          Resolved with match parameter (CtParameterImpl) argument @ src/main/java/org/apache/commons/exec/util/StringUtils.java:259:49
        Adding parameter <unnamed> boolean @ src/main/java/org/apache/commons/exec/util/StringUtils.java:259:19
          Adding basic (CtTypeReferenceImpl) boolean @ src/main/java/org/apache/commons/exec/util/StringUtils.java:259:19
            Resolved with match basic (CtTypeReferenceImpl) boolean @ src/main/java/org/apache/commons/exec/util/StringUtils.java:259:19
          Resolved as new parameter <unnamed> boolean @ src/main/java/org/apache/commons/exec/util/StringUtils.java:259:19
        Resolved as new signature (CtMethodImpl) isQuoted @ src/main/java/org/apache/commons/exec/util/StringUtils.java:259:27
      Resolved as new method (CtMethodImpl) isQuoted @ src/main/java/org/apache/commons/exec/util/StringUtils.java:259:27
  Finishing object decl (CtClassImpl) String
    Adding interface description (CtInterfaceImpl) ConstantDesc
      Resolved as new interface description (CtInterfaceImpl) ConstantDesc
    Adding interface description (CtInterfaceImpl) Constable
      Resolved as new interface description (CtInterfaceImpl) Constable
  Finishing object decl (CtClassImpl) StringTokenizer
    Adding interface description (CtInterfaceImpl) Enumeration
      Resolved as new interface description (CtInterfaceImpl) Enumeration
  Finishing object decl (CtClassImpl) ArrayList
  Finishing object decl (CtClassImpl) StringBuilder
  Finishing object decl (CtClassImpl) AbstractStringBuilder
    Adding interface description (CtInterfaceImpl) Appendable
      Resolved as new interface description (CtInterfaceImpl) Appendable
  Finishing object decl (CtClassImpl) IllegalArgumentException
  Finishing object decl (CtClassImpl) DefaultProcessingEnvironment @ src/main/java/org/apache/commons/exec/environment/DefaultProcessingEnvironment.java:39:14
    [34mskipping default constructor: org.apache.commons.exec.environment.DefaultProcessingEnvironment()[0m
    Adding method (CtMethodImpl) getProcEnvCommand @ src/main/java/org/apache/commons/exec/environment/DefaultProcessingEnvironment.java:138:27
      Adding signature (CtMethodImpl) getProcEnvCommand @ src/main/java/org/apache/commons/exec/environment/DefaultProcessingEnvironment.java:138:27
        Adding parameter <unnamed> org.apache.commons.exec.CommandLine @ src/main/java/org/apache/commons/exec/environment/DefaultProcessingEnvironment.java:138:15
          Resolved with match parameter <unnamed> org.apache.commons.exec.CommandLine @ src/main/java/org/apache/commons/exec/environment/DefaultProcessingEnvironment.java:138:15
        Resolved as new signature (CtMethodImpl) getProcEnvCommand @ src/main/java/org/apache/commons/exec/environment/DefaultProcessingEnvironment.java:138:27
      Resolved as new method (CtMethodImpl) getProcEnvCommand @ src/main/java/org/apache/commons/exec/environment/DefaultProcessingEnvironment.java:138:27
    Adding method (CtMethodImpl) runProcEnvCommand @ src/main/java/org/apache/commons/exec/environment/DefaultProcessingEnvironment.java:120:30
      Adding signature (CtMethodImpl) runProcEnvCommand @ src/main/java/org/apache/commons/exec/environment/DefaultProcessingEnvironment.java:120:30
        Adding parameter <unnamed> java.io.BufferedReader @ src/main/java/org/apache/commons/exec/environment/DefaultProcessingEnvironment.java:120:15
          Adding object decl (CtClassImpl) BufferedReader
            Adding struct (CtClassImpl) BufferedReader
              Resolved as new struct (CtClassImpl) BufferedReader
            Resolved as new object decl (CtClassImpl) BufferedReader
          Resolved as new parameter <unnamed> java.io.BufferedReader @ src/main/java/org/apache/commons/exec/environment/DefaultProcessingEnvironment.java:120:15
        Resolved as new signature (CtMethodImpl) runProcEnvCommand @ src/main/java/org/apache/commons/exec/environment/DefaultProcessingEnvironment.java:120:30
      Resolved as new method (CtMethodImpl) runProcEnvCommand @ src/main/java/org/apache/commons/exec/environment/DefaultProcessingEnvironment.java:120:30
    Adding method (CtMethodImpl) createEnvironmentMap @ src/main/java/org/apache/commons/exec/environment/DefaultProcessingEnvironment.java:218:33
      Adding signature (CtMethodImpl) createEnvironmentMap @ src/main/java/org/apache/commons/exec/environment/DefaultProcessingEnvironment.java:218:33
        Adding parameter <unnamed> java.util.Map @ src/main/java/org/apache/commons/exec/environment/DefaultProcessingEnvironment.java:218:13<java.lang.String @ src/main/java/org/apache/commons/exec/environment/DefaultProcessingEnvironment.java:218:17, java.lang.String @ src/main/java/org/apache/commons/exec/environment/DefaultProcessingEnvironment.java:218:25>
          Adding interface instantiation java.util.Map @ src/main/java/org/apache/commons/exec/environment/DefaultProcessingEnvironment.java:218:13<java.lang.String @ src/main/java/org/apache/commons/exec/environment/DefaultProcessingEnvironment.java:218:17, java.lang.String @ src/main/java/org/apache/commons/exec/environment/DefaultProcessingEnvironment.java:218:25>
            Resolved with match interface instantiation java.util.Map @ src/main/java/org/apache/commons/exec/environment/DefaultProcessingEnvironment.java:218:13<java.lang.String @ src/main/java/org/apache/commons/exec/environment/DefaultProcessingEnvironment.java:218:17, java.lang.String @ src/main/java/org/apache/commons/exec/environment/DefaultProcessingEnvironment.java:218:25>
          Resolved as new parameter <unnamed> java.util.Map @ src/main/java/org/apache/commons/exec/environment/DefaultProcessingEnvironment.java:218:13<java.lang.String @ src/main/java/org/apache/commons/exec/environment/DefaultProcessingEnvironment.java:218:17, java.lang.String @ src/main/java/org/apache/commons/exec/environment/DefaultProcessingEnvironment.java:218:25>
        Resolved as new signature (CtMethodImpl) createEnvironmentMap @ src/main/java/org/apache/commons/exec/environment/DefaultProcessingEnvironment.java:218:33
      Resolved as new method (CtMethodImpl) createEnvironmentMap @ src/main/java/org/apache/commons/exec/environment/DefaultProcessingEnvironment.java:218:33
    Adding method (CtMethodImpl) getProcEnvironment @ src/main/java/org/apache/commons/exec/environment/DefaultProcessingEnvironment.java:53:45
      Adding signature (CtMethodImpl) getProcEnvironment @ src/main/java/org/apache/commons/exec/environment/DefaultProcessingEnvironment.java:53:45
        Adding parameter <unnamed> java.util.Map @ src/main/java/org/apache/commons/exec/environment/DefaultProcessingEnvironment.java:53:25<java.lang.String @ src/main/java/org/apache/commons/exec/environment/DefaultProcessingEnvironment.java:53:29, java.lang.String @ src/main/java/org/apache/commons/exec/environment/DefaultProcessingEnvironment.java:53:37>
          Adding interface instantiation java.util.Map @ src/main/java/org/apache/commons/exec/environment/DefaultProcessingEnvironment.java:53:25<java.lang.String @ src/main/java/org/apache/commons/exec/environment/DefaultProcessingEnvironment.java:53:29, java.lang.String @ src/main/java/org/apache/commons/exec/environment/DefaultProcessingEnvironment.java:53:37>
            Resolved with match interface instantiation java.util.Map @ src/main/java/org/apache/commons/exec/environment/DefaultProcessingEnvironment.java:53:25<java.lang.String @ src/main/java/org/apache/commons/exec/environment/DefaultProcessingEnvironment.java:53:29, java.lang.String @ src/main/java/org/apache/commons/exec/environment/DefaultProcessingEnvironment.java:53:37>
          Resolved as new parameter <unnamed> java.util.Map @ src/main/java/org/apache/commons/exec/environment/DefaultProcessingEnvironment.java:53:25<java.lang.String @ src/main/java/org/apache/commons/exec/environment/DefaultProcessingEnvironment.java:53:29, java.lang.String @ src/main/java/org/apache/commons/exec/environment/DefaultProcessingEnvironment.java:53:37>
        Resolved as new signature (CtMethodImpl) getProcEnvironment @ src/main/java/org/apache/commons/exec/environment/DefaultProcessingEnvironment.java:53:45
      Resolved as new method (CtMethodImpl) getProcEnvironment @ src/main/java/org/apache/commons/exec/environment/DefaultProcessingEnvironment.java:53:45
    Adding method (CtMethodImpl) createProcEnvironment @ src/main/java/org/apache/commons/exec/environment/DefaultProcessingEnvironment.java:73:35
      Adding signature (CtMethodImpl) createProcEnvironment @ src/main/java/org/apache/commons/exec/environment/DefaultProcessingEnvironment.java:73:35
        Adding parameter <unnamed> java.util.Map @ src/main/java/org/apache/commons/exec/environment/DefaultProcessingEnvironment.java:73:15<java.lang.String @ src/main/java/org/apache/commons/exec/environment/DefaultProcessingEnvironment.java:73:19, java.lang.String @ src/main/java/org/apache/commons/exec/environment/DefaultProcessingEnvironment.java:73:27>
          Adding interface instantiation java.util.Map @ src/main/java/org/apache/commons/exec/environment/DefaultProcessingEnvironment.java:73:15<java.lang.String @ src/main/java/org/apache/commons/exec/environment/DefaultProcessingEnvironment.java:73:19, java.lang.String @ src/main/java/org/apache/commons/exec/environment/DefaultProcessingEnvironment.java:73:27>
            Resolved with match interface instantiation java.util.Map @ src/main/java/org/apache/commons/exec/environment/DefaultProcessingEnvironment.java:73:15<java.lang.String @ src/main/java/org/apache/commons/exec/environment/DefaultProcessingEnvironment.java:73:19, java.lang.String @ src/main/java/org/apache/commons/exec/environment/DefaultProcessingEnvironment.java:73:27>
          Resolved as new parameter <unnamed> java.util.Map @ src/main/java/org/apache/commons/exec/environment/DefaultProcessingEnvironment.java:73:15<java.lang.String @ src/main/java/org/apache/commons/exec/environment/DefaultProcessingEnvironment.java:73:19, java.lang.String @ src/main/java/org/apache/commons/exec/environment/DefaultProcessingEnvironment.java:73:27>
        Resolved as new signature (CtMethodImpl) createProcEnvironment @ src/main/java/org/apache/commons/exec/environment/DefaultProcessingEnvironment.java:73:35
      Resolved as new method (CtMethodImpl) createProcEnvironment @ src/main/java/org/apache/commons/exec/environment/DefaultProcessingEnvironment.java:73:35
    Adding abstract (CtMethodImpl) getProcEnvCommand @ src/main/java/org/apache/commons/exec/environment/DefaultProcessingEnvironment.java:138:27
      Resolved as new abstract (CtMethodImpl) getProcEnvCommand @ src/main/java/org/apache/commons/exec/environment/DefaultProcessingEnvironment.java:138:27
    Adding abstract (CtMethodImpl) runProcEnvCommand @ src/main/java/org/apache/commons/exec/environment/DefaultProcessingEnvironment.java:120:30
      Resolved as new abstract (CtMethodImpl) runProcEnvCommand @ src/main/java/org/apache/commons/exec/environment/DefaultProcessingEnvironment.java:120:30
    Adding abstract (CtMethodImpl) createEnvironmentMap @ src/main/java/org/apache/commons/exec/environment/DefaultProcessingEnvironment.java:218:33
      Resolved as new abstract (CtMethodImpl) createEnvironmentMap @ src/main/java/org/apache/commons/exec/environment/DefaultProcessingEnvironment.java:218:33
    Adding abstract (CtMethodImpl) getProcEnvironment @ src/main/java/org/apache/commons/exec/environment/DefaultProcessingEnvironment.java:53:45
      Resolved as new abstract (CtMethodImpl) getProcEnvironment @ src/main/java/org/apache/commons/exec/environment/DefaultProcessingEnvironment.java:53:45
    Adding abstract (CtMethodImpl) createProcEnvironment @ src/main/java/org/apache/commons/exec/environment/DefaultProcessingEnvironment.java:73:35
      Resolved as new abstract (CtMethodImpl) createProcEnvironment @ src/main/java/org/apache/commons/exec/environment/DefaultProcessingEnvironment.java:73:35
  Finishing object decl (CtClassImpl) EnvironmentUtils @ src/main/java/org/apache/commons/exec/environment/EnvironmentUtils.java:32:14
    Adding constructor (CtConstructorImpl) <init> @ src/main/java/org/apache/commons/exec/environment/EnvironmentUtils.java:48:13
      Adding constructor signature (CtConstructorImpl) <init> @ src/main/java/org/apache/commons/exec/environment/EnvironmentUtils.java:48:13
        Adding parameter <unnamed> org.apache.commons.exec.environment.EnvironmentUtils
          Resolved as new parameter <unnamed> org.apache.commons.exec.environment.EnvironmentUtils
        Resolved as new constructor signature (CtConstructorImpl) <init> @ src/main/java/org/apache/commons/exec/environment/EnvironmentUtils.java:48:13
      Resolved as new constructor (CtConstructorImpl) <init> @ src/main/java/org/apache/commons/exec/environment/EnvironmentUtils.java:48:13
    Adding method (CtMethodImpl) addVariableToEnvironment @ src/main/java/org/apache/commons/exec/environment/EnvironmentUtils.java:94:24
      Adding signature (CtMethodImpl) addVariableToEnvironment @ src/main/java/org/apache/commons/exec/environment/EnvironmentUtils.java:94:24
        Adding parameter (CtParameterImpl) environment @ src/main/java/org/apache/commons/exec/environment/EnvironmentUtils.java:94:75
          Adding interface instantiation java.util.Map @ src/main/java/org/apache/commons/exec/environment/EnvironmentUtils.java:94:55<java.lang.String @ src/main/java/org/apache/commons/exec/environment/EnvironmentUtils.java:94:59, java.lang.String @ src/main/java/org/apache/commons/exec/environment/EnvironmentUtils.java:94:67>
            Resolved with match interface instantiation java.util.Map @ src/main/java/org/apache/commons/exec/environment/EnvironmentUtils.java:94:55<java.lang.String @ src/main/java/org/apache/commons/exec/environment/EnvironmentUtils.java:94:59, java.lang.String @ src/main/java/org/apache/commons/exec/environment/EnvironmentUtils.java:94:67>
          Resolved as new parameter (CtParameterImpl) environment @ src/main/java/org/apache/commons/exec/environment/EnvironmentUtils.java:94:75
        Adding parameter (CtParameterImpl) keyAndValue @ src/main/java/org/apache/commons/exec/environment/EnvironmentUtils.java:94:101
          Resolved as new parameter (CtParameterImpl) keyAndValue @ src/main/java/org/apache/commons/exec/environment/EnvironmentUtils.java:94:101
        Resolved as new signature (CtMethodImpl) addVariableToEnvironment @ src/main/java/org/apache/commons/exec/environment/EnvironmentUtils.java:94:24
      Resolved as new method (CtMethodImpl) addVariableToEnvironment @ src/main/java/org/apache/commons/exec/environment/EnvironmentUtils.java:94:24
    Adding method (CtMethodImpl) parseEnvironmentVariable @ src/main/java/org/apache/commons/exec/environment/EnvironmentUtils.java:106:29
      Adding signature (CtMethodImpl) parseEnvironmentVariable @ src/main/java/org/apache/commons/exec/environment/EnvironmentUtils.java:106:29
        Adding parameter (CtParameterImpl) keyAndValue @ src/main/java/org/apache/commons/exec/environment/EnvironmentUtils.java:106:67
          Resolved with match parameter (CtParameterImpl) keyAndValue @ src/main/java/org/apache/commons/exec/environment/EnvironmentUtils.java:106:67
        Adding parameter <unnamed> java.lang.String[] @ src/main/java/org/apache/commons/exec/environment/EnvironmentUtils.java:106:20
          Resolved with match parameter <unnamed> java.lang.String[] @ src/main/java/org/apache/commons/exec/environment/EnvironmentUtils.java:106:20
        Resolved as new signature (CtMethodImpl) parseEnvironmentVariable @ src/main/java/org/apache/commons/exec/environment/EnvironmentUtils.java:106:29
      Resolved as new method (CtMethodImpl) parseEnvironmentVariable @ src/main/java/org/apache/commons/exec/environment/EnvironmentUtils.java:106:29
    Adding method (CtMethodImpl) getProcEnvironment @ src/main/java/org/apache/commons/exec/environment/EnvironmentUtils.java:83:39
      Adding signature (CtMethodImpl) getProcEnvironment @ src/main/java/org/apache/commons/exec/environment/EnvironmentUtils.java:83:39
        Adding parameter <unnamed> java.util.Map @ src/main/java/org/apache/commons/exec/environment/EnvironmentUtils.java:83:19<java.lang.String @ src/main/java/org/apache/commons/exec/environment/EnvironmentUtils.java:83:23, java.lang.String @ src/main/java/org/apache/commons/exec/environment/EnvironmentUtils.java:83:31>
          Adding interface instantiation java.util.Map @ src/main/java/org/apache/commons/exec/environment/EnvironmentUtils.java:83:19<java.lang.String @ src/main/java/org/apache/commons/exec/environment/EnvironmentUtils.java:83:23, java.lang.String @ src/main/java/org/apache/commons/exec/environment/EnvironmentUtils.java:83:31>
            Resolved with match interface instantiation java.util.Map @ src/main/java/org/apache/commons/exec/environment/EnvironmentUtils.java:83:19<java.lang.String @ src/main/java/org/apache/commons/exec/environment/EnvironmentUtils.java:83:23, java.lang.String @ src/main/java/org/apache/commons/exec/environment/EnvironmentUtils.java:83:31>
          Resolved as new parameter <unnamed> java.util.Map @ src/main/java/org/apache/commons/exec/environment/EnvironmentUtils.java:83:19<java.lang.String @ src/main/java/org/apache/commons/exec/environment/EnvironmentUtils.java:83:23, java.lang.String @ src/main/java/org/apache/commons/exec/environment/EnvironmentUtils.java:83:31>
        Resolved as new signature (CtMethodImpl) getProcEnvironment @ src/main/java/org/apache/commons/exec/environment/EnvironmentUtils.java:83:39
      Resolved as new method (CtMethodImpl) getProcEnvironment @ src/main/java/org/apache/commons/exec/environment/EnvironmentUtils.java:83:39
  Finishing object decl (CtClassImpl) Runtime
  Finishing object decl (CtClassImpl) HashMap
  Finishing object decl (CtClassImpl) System
  Finishing object decl (CtClassImpl) PrintWriter
  Finishing object decl (CtClassImpl) Writer
    Adding interface description (CtInterfaceImpl) Flushable
      Resolved as new interface description (CtInterfaceImpl) Flushable
    Adding interface description (CtInterfaceImpl) Closeable
      Resolved as new interface description (CtInterfaceImpl) Closeable
  Finishing object decl (CtClassImpl) Writer
    Adding interface description (CtInterfaceImpl) Flushable
      Resolved as new interface description (CtInterfaceImpl) Flushable
    Adding interface description (CtInterfaceImpl) Closeable
      Resolved as new interface description (CtInterfaceImpl) Closeable
  Finishing object decl (CtClassImpl) FileWriter
  Finishing object decl (CtClassImpl) OS @ src/main/java/org/apache/commons/exec/OS.java:27:20
    Adding constructor (CtConstructorImpl) <init> @ src/main/java/org/apache/commons/exec/OS.java:88:13
      Adding constructor signature (CtConstructorImpl) <init> @ src/main/java/org/apache/commons/exec/OS.java:88:13
        Adding parameter <unnamed> org.apache.commons.exec.OS
          Resolved as new parameter <unnamed> org.apache.commons.exec.OS
        Resolved as new constructor signature (CtConstructorImpl) <init> @ src/main/java/org/apache/commons/exec/OS.java:88:13
      Resolved as new constructor (CtConstructorImpl) <init> @ src/main/java/org/apache/commons/exec/OS.java:88:13
    Adding method (CtMethodImpl) isArch @ src/main/java/org/apache/commons/exec/OS.java:168:27
      Adding signature (CtMethodImpl) isArch @ src/main/java/org/apache/commons/exec/OS.java:168:27
        Adding parameter (CtParameterImpl) arch @ src/main/java/org/apache/commons/exec/OS.java:168:47
          Resolved as new parameter (CtParameterImpl) arch @ src/main/java/org/apache/commons/exec/OS.java:168:47
        Adding parameter <unnamed> boolean @ src/main/java/org/apache/commons/exec/OS.java:168:19
          Adding basic (CtTypeReferenceImpl) boolean @ src/main/java/org/apache/commons/exec/OS.java:168:19
            Resolved with match basic (CtTypeReferenceImpl) boolean @ src/main/java/org/apache/commons/exec/OS.java:168:19
          Resolved as new parameter <unnamed> boolean @ src/main/java/org/apache/commons/exec/OS.java:168:19
        Resolved as new signature (CtMethodImpl) isArch @ src/main/java/org/apache/commons/exec/OS.java:168:27
      Resolved as new method (CtMethodImpl) isArch @ src/main/java/org/apache/commons/exec/OS.java:168:27
    Adding method (CtMethodImpl) isFamilyDOS @ src/main/java/org/apache/commons/exec/OS.java:102:27
      Adding signature (CtMethodImpl) isFamilyDOS @ src/main/java/org/apache/commons/exec/OS.java:102:27
        Adding parameter <unnamed> boolean @ src/main/java/org/apache/commons/exec/OS.java:102:19
          Adding basic (CtTypeReferenceImpl) boolean @ src/main/java/org/apache/commons/exec/OS.java:102:19
            Resolved with match basic (CtTypeReferenceImpl) boolean @ src/main/java/org/apache/commons/exec/OS.java:102:19
          Resolved as new parameter <unnamed> boolean @ src/main/java/org/apache/commons/exec/OS.java:102:19
        Resolved as new signature (CtMethodImpl) isFamilyDOS @ src/main/java/org/apache/commons/exec/OS.java:102:27
      Resolved as new method (CtMethodImpl) isFamilyDOS @ src/main/java/org/apache/commons/exec/OS.java:102:27
    Adding method (CtMethodImpl) isFamilyTandem @ src/main/java/org/apache/commons/exec/OS.java:118:27
      Adding signature (CtMethodImpl) isFamilyTandem @ src/main/java/org/apache/commons/exec/OS.java:118:27
        Adding parameter <unnamed> boolean @ src/main/java/org/apache/commons/exec/OS.java:118:19
          Adding basic (CtTypeReferenceImpl) boolean @ src/main/java/org/apache/commons/exec/OS.java:118:19
            Resolved with match basic (CtTypeReferenceImpl) boolean @ src/main/java/org/apache/commons/exec/OS.java:118:19
          Resolved as new parameter <unnamed> boolean @ src/main/java/org/apache/commons/exec/OS.java:118:19
        Resolved as new signature (CtMethodImpl) isFamilyTandem @ src/main/java/org/apache/commons/exec/OS.java:118:27
      Resolved as new method (CtMethodImpl) isFamilyTandem @ src/main/java/org/apache/commons/exec/OS.java:118:27
    Adding method (CtMethodImpl) isFamilyWindows @ src/main/java/org/apache/commons/exec/OS.java:126:27
      Adding signature (CtMethodImpl) isFamilyWindows @ src/main/java/org/apache/commons/exec/OS.java:126:27
        Adding parameter <unnamed> boolean @ src/main/java/org/apache/commons/exec/OS.java:126:19
          Adding basic (CtTypeReferenceImpl) boolean @ src/main/java/org/apache/commons/exec/OS.java:126:19
            Resolved with match basic (CtTypeReferenceImpl) boolean @ src/main/java/org/apache/commons/exec/OS.java:126:19
          Resolved as new parameter <unnamed> boolean @ src/main/java/org/apache/commons/exec/OS.java:126:19
        Resolved as new signature (CtMethodImpl) isFamilyWindows @ src/main/java/org/apache/commons/exec/OS.java:126:27
      Resolved as new method (CtMethodImpl) isFamilyWindows @ src/main/java/org/apache/commons/exec/OS.java:126:27
    Adding method (CtMethodImpl) isFamilyOS2 @ src/main/java/org/apache/commons/exec/OS.java:114:27
      Adding signature (CtMethodImpl) isFamilyOS2 @ src/main/java/org/apache/commons/exec/OS.java:114:27
        Adding parameter <unnamed> boolean @ src/main/java/org/apache/commons/exec/OS.java:114:19
          Adding basic (CtTypeReferenceImpl) boolean @ src/main/java/org/apache/commons/exec/OS.java:114:19
            Resolved with match basic (CtTypeReferenceImpl) boolean @ src/main/java/org/apache/commons/exec/OS.java:114:19
          Resolved as new parameter <unnamed> boolean @ src/main/java/org/apache/commons/exec/OS.java:114:19
        Resolved as new signature (CtMethodImpl) isFamilyOS2 @ src/main/java/org/apache/commons/exec/OS.java:114:27
      Resolved as new method (CtMethodImpl) isFamilyOS2 @ src/main/java/org/apache/commons/exec/OS.java:114:27
    Adding method (CtMethodImpl) isFamilyUnix @ src/main/java/org/apache/commons/exec/OS.java:122:27
      Adding signature (CtMethodImpl) isFamilyUnix @ src/main/java/org/apache/commons/exec/OS.java:122:27
        Adding parameter <unnamed> boolean @ src/main/java/org/apache/commons/exec/OS.java:122:19
          Adding basic (CtTypeReferenceImpl) boolean @ src/main/java/org/apache/commons/exec/OS.java:122:19
            Resolved with match basic (CtTypeReferenceImpl) boolean @ src/main/java/org/apache/commons/exec/OS.java:122:19
          Resolved as new parameter <unnamed> boolean @ src/main/java/org/apache/commons/exec/OS.java:122:19
        Resolved as new signature (CtMethodImpl) isFamilyUnix @ src/main/java/org/apache/commons/exec/OS.java:122:27
      Resolved as new method (CtMethodImpl) isFamilyUnix @ src/main/java/org/apache/commons/exec/OS.java:122:27
    Adding method (CtMethodImpl) isFamilyWin9x @ src/main/java/org/apache/commons/exec/OS.java:130:27
      Adding signature (CtMethodImpl) isFamilyWin9x @ src/main/java/org/apache/commons/exec/OS.java:130:27
        Adding parameter <unnamed> boolean @ src/main/java/org/apache/commons/exec/OS.java:130:19
          Adding basic (CtTypeReferenceImpl) boolean @ src/main/java/org/apache/commons/exec/OS.java:130:19
            Resolved with match basic (CtTypeReferenceImpl) boolean @ src/main/java/org/apache/commons/exec/OS.java:130:19
          Resolved as new parameter <unnamed> boolean @ src/main/java/org/apache/commons/exec/OS.java:130:19
        Resolved as new signature (CtMethodImpl) isFamilyWin9x @ src/main/java/org/apache/commons/exec/OS.java:130:27
      Resolved as new method (CtMethodImpl) isFamilyWin9x @ src/main/java/org/apache/commons/exec/OS.java:130:27
    Adding method (CtMethodImpl) isOs @ src/main/java/org/apache/commons/exec/OS.java:193:27
      Adding signature (CtMethodImpl) isOs @ src/main/java/org/apache/commons/exec/OS.java:193:27
        Adding parameter (CtParameterImpl) family @ src/main/java/org/apache/commons/exec/OS.java:193:45
          Resolved as new parameter (CtParameterImpl) family @ src/main/java/org/apache/commons/exec/OS.java:193:45
        Adding parameter (CtParameterImpl) name @ src/main/java/org/apache/commons/exec/OS.java:193:66
          Resolved as new parameter (CtParameterImpl) name @ src/main/java/org/apache/commons/exec/OS.java:193:66
        Adding parameter (CtParameterImpl) arch @ src/main/java/org/apache/commons/exec/OS.java:194:45
          Resolved with match parameter (CtParameterImpl) arch @ src/main/java/org/apache/commons/exec/OS.java:194:45
        Adding parameter (CtParameterImpl) version @ src/main/java/org/apache/commons/exec/OS.java:194:64
          Resolved as new parameter (CtParameterImpl) version @ src/main/java/org/apache/commons/exec/OS.java:194:64
        Adding parameter <unnamed> boolean @ src/main/java/org/apache/commons/exec/OS.java:193:19
          Adding basic (CtTypeReferenceImpl) boolean @ src/main/java/org/apache/commons/exec/OS.java:193:19
            Resolved with match basic (CtTypeReferenceImpl) boolean @ src/main/java/org/apache/commons/exec/OS.java:193:19
          Resolved as new parameter <unnamed> boolean @ src/main/java/org/apache/commons/exec/OS.java:193:19
        Resolved as new signature (CtMethodImpl) isOs @ src/main/java/org/apache/commons/exec/OS.java:193:27
      Resolved as new method (CtMethodImpl) isOs @ src/main/java/org/apache/commons/exec/OS.java:193:27
    Adding method (CtMethodImpl) isFamilyZOS @ src/main/java/org/apache/commons/exec/OS.java:138:27
      Adding signature (CtMethodImpl) isFamilyZOS @ src/main/java/org/apache/commons/exec/OS.java:138:27
        Adding parameter <unnamed> boolean @ src/main/java/org/apache/commons/exec/OS.java:138:19
          Adding basic (CtTypeReferenceImpl) boolean @ src/main/java/org/apache/commons/exec/OS.java:138:19
            Resolved with match basic (CtTypeReferenceImpl) boolean @ src/main/java/org/apache/commons/exec/OS.java:138:19
          Resolved as new parameter <unnamed> boolean @ src/main/java/org/apache/commons/exec/OS.java:138:19
        Resolved as new signature (CtMethodImpl) isFamilyZOS @ src/main/java/org/apache/commons/exec/OS.java:138:27
      Resolved as new method (CtMethodImpl) isFamilyZOS @ src/main/java/org/apache/commons/exec/OS.java:138:27
    Adding method (CtMethodImpl) isFamilyOS400 @ src/main/java/org/apache/commons/exec/OS.java:142:27
      Adding signature (CtMethodImpl) isFamilyOS400 @ src/main/java/org/apache/commons/exec/OS.java:142:27
        Adding parameter <unnamed> boolean @ src/main/java/org/apache/commons/exec/OS.java:142:19
          Adding basic (CtTypeReferenceImpl) boolean @ src/main/java/org/apache/commons/exec/OS.java:142:19
            Resolved with match basic (CtTypeReferenceImpl) boolean @ src/main/java/org/apache/commons/exec/OS.java:142:19
          Resolved as new parameter <unnamed> boolean @ src/main/java/org/apache/commons/exec/OS.java:142:19
        Resolved as new signature (CtMethodImpl) isFamilyOS400 @ src/main/java/org/apache/commons/exec/OS.java:142:27
      Resolved as new method (CtMethodImpl) isFamilyOS400 @ src/main/java/org/apache/commons/exec/OS.java:142:27
    Adding method (CtMethodImpl) isFamilyNetware @ src/main/java/org/apache/commons/exec/OS.java:110:27
      Adding signature (CtMethodImpl) isFamilyNetware @ src/main/java/org/apache/commons/exec/OS.java:110:27
        Adding parameter <unnamed> boolean @ src/main/java/org/apache/commons/exec/OS.java:110:19
          Adding basic (CtTypeReferenceImpl) boolean @ src/main/java/org/apache/commons/exec/OS.java:110:19
            Resolved with match basic (CtTypeReferenceImpl) boolean @ src/main/java/org/apache/commons/exec/OS.java:110:19
          Resolved as new parameter <unnamed> boolean @ src/main/java/org/apache/commons/exec/OS.java:110:19
        Resolved as new signature (CtMethodImpl) isFamilyNetware @ src/main/java/org/apache/commons/exec/OS.java:110:27
      Resolved as new method (CtMethodImpl) isFamilyNetware @ src/main/java/org/apache/commons/exec/OS.java:110:27
    Adding method (CtMethodImpl) isFamilyWinNT @ src/main/java/org/apache/commons/exec/OS.java:134:27
      Adding signature (CtMethodImpl) isFamilyWinNT @ src/main/java/org/apache/commons/exec/OS.java:134:27
        Adding parameter <unnamed> boolean @ src/main/java/org/apache/commons/exec/OS.java:134:19
          Adding basic (CtTypeReferenceImpl) boolean @ src/main/java/org/apache/commons/exec/OS.java:134:19
            Resolved with match basic (CtTypeReferenceImpl) boolean @ src/main/java/org/apache/commons/exec/OS.java:134:19
          Resolved as new parameter <unnamed> boolean @ src/main/java/org/apache/commons/exec/OS.java:134:19
        Resolved as new signature (CtMethodImpl) isFamilyWinNT @ src/main/java/org/apache/commons/exec/OS.java:134:27
      Resolved as new method (CtMethodImpl) isFamilyWinNT @ src/main/java/org/apache/commons/exec/OS.java:134:27
    Adding method (CtMethodImpl) isVersion @ src/main/java/org/apache/commons/exec/OS.java:179:27
      Adding signature (CtMethodImpl) isVersion @ src/main/java/org/apache/commons/exec/OS.java:179:27
        Adding parameter (CtParameterImpl) version @ src/main/java/org/apache/commons/exec/OS.java:179:50
          Resolved with match parameter (CtParameterImpl) version @ src/main/java/org/apache/commons/exec/OS.java:179:50
        Adding parameter <unnamed> boolean @ src/main/java/org/apache/commons/exec/OS.java:179:19
          Adding basic (CtTypeReferenceImpl) boolean @ src/main/java/org/apache/commons/exec/OS.java:179:19
            Resolved with match basic (CtTypeReferenceImpl) boolean @ src/main/java/org/apache/commons/exec/OS.java:179:19
          Resolved as new parameter <unnamed> boolean @ src/main/java/org/apache/commons/exec/OS.java:179:19
        Resolved as new signature (CtMethodImpl) isVersion @ src/main/java/org/apache/commons/exec/OS.java:179:27
      Resolved as new method (CtMethodImpl) isVersion @ src/main/java/org/apache/commons/exec/OS.java:179:27
    Adding method (CtMethodImpl) isFamily @ src/main/java/org/apache/commons/exec/OS.java:98:28
      Adding signature (CtMethodImpl) isFamily @ src/main/java/org/apache/commons/exec/OS.java:98:28
        Adding parameter (CtParameterImpl) family @ src/main/java/org/apache/commons/exec/OS.java:98:50
          Resolved with match parameter (CtParameterImpl) family @ src/main/java/org/apache/commons/exec/OS.java:98:50
        Adding parameter <unnamed> boolean @ src/main/java/org/apache/commons/exec/OS.java:98:20
          Adding basic (CtTypeReferenceImpl) boolean @ src/main/java/org/apache/commons/exec/OS.java:98:20
            Resolved with match basic (CtTypeReferenceImpl) boolean @ src/main/java/org/apache/commons/exec/OS.java:98:20
          Resolved as new parameter <unnamed> boolean @ src/main/java/org/apache/commons/exec/OS.java:98:20
        Resolved as new signature (CtMethodImpl) isFamily @ src/main/java/org/apache/commons/exec/OS.java:98:28
      Resolved as new method (CtMethodImpl) isFamily @ src/main/java/org/apache/commons/exec/OS.java:98:28
    Adding method (CtMethodImpl) isName @ src/main/java/org/apache/commons/exec/OS.java:157:27
      Adding signature (CtMethodImpl) isName @ src/main/java/org/apache/commons/exec/OS.java:157:27
        Adding parameter (CtParameterImpl) name @ src/main/java/org/apache/commons/exec/OS.java:157:47
          Resolved with match parameter (CtParameterImpl) name @ src/main/java/org/apache/commons/exec/OS.java:157:47
        Adding parameter <unnamed> boolean @ src/main/java/org/apache/commons/exec/OS.java:157:19
          Adding basic (CtTypeReferenceImpl) boolean @ src/main/java/org/apache/commons/exec/OS.java:157:19
            Resolved with match basic (CtTypeReferenceImpl) boolean @ src/main/java/org/apache/commons/exec/OS.java:157:19
          Resolved as new parameter <unnamed> boolean @ src/main/java/org/apache/commons/exec/OS.java:157:19
        Resolved as new signature (CtMethodImpl) isName @ src/main/java/org/apache/commons/exec/OS.java:157:27
      Resolved as new method (CtMethodImpl) isName @ src/main/java/org/apache/commons/exec/OS.java:157:27
    Adding method (CtMethodImpl) isFamilyMac @ src/main/java/org/apache/commons/exec/OS.java:106:27
      Adding signature (CtMethodImpl) isFamilyMac @ src/main/java/org/apache/commons/exec/OS.java:106:27
        Adding parameter <unnamed> boolean @ src/main/java/org/apache/commons/exec/OS.java:106:19
          Adding basic (CtTypeReferenceImpl) boolean @ src/main/java/org/apache/commons/exec/OS.java:106:19
            Resolved with match basic (CtTypeReferenceImpl) boolean @ src/main/java/org/apache/commons/exec/OS.java:106:19
          Resolved as new parameter <unnamed> boolean @ src/main/java/org/apache/commons/exec/OS.java:106:19
        Resolved as new signature (CtMethodImpl) isFamilyMac @ src/main/java/org/apache/commons/exec/OS.java:106:27
      Resolved as new method (CtMethodImpl) isFamilyMac @ src/main/java/org/apache/commons/exec/OS.java:106:27
  Finishing object instantiation java.util.ArrayList @ src/main/java/org/apache/commons/exec/CommandLine.java:350:15<java.lang.String @ src/main/java/org/apache/commons/exec/CommandLine.java:350:25>
  Finishing object instantiation java.util.ArrayList @ src/main/java/org/apache/commons/exec/CommandLine.java:350:44<java.lang.String @ src/main/java/org/apache/commons/exec/CommandLine.java:350:54>
  Finishing object instantiation java.util.ArrayList<java.lang.String>
  Finishing object instantiation java.util.ArrayList<java.lang.String>
  Finishing object instantiation java.util.ArrayList<java.lang.String>
  Finishing object instantiation java.util.ArrayList<java.lang.String>
  Finishing object instantiation java.util.Vector<org.apache.commons.exec.CommandLine$Argument>
  Finishing object instantiation java.util.Vector<org.apache.commons.exec.CommandLine$Argument>
  Finishing object instantiation java.util.HashMap @ src/main/java/org/apache/commons/exec/CommandLine.java:130:50<java.lang.String @ src/main/java/org/apache/commons/exec/CommandLine.java:130:58, java.lang.Object @ src/main/java/org/apache/commons/exec/CommandLine.java:130:66>
  Finishing object instantiation java.util.Vector<org.apache.commons.exec.CommandLine$Argument>
  Finishing object instantiation java.util.Vector<org.apache.commons.exec.CommandLine$Argument>
  Finishing object instantiation java.util.Vector<org.apache.commons.exec.CommandLine$Argument>
  Finishing object instantiation java.util.Vector<org.apache.commons.exec.CommandLine$Argument>
  Finishing package java.io
    Adding object decl (CtClassImpl) IOException
      Adding struct (CtClassImpl) IOException
        Resolved as new struct (CtClassImpl) IOException
      Resolved as new object decl (CtClassImpl) IOException
    Adding object decl (CtClassImpl) InputStream
      Adding struct (CtClassImpl) InputStream
        Resolved as new struct (CtClassImpl) InputStream
      Resolved as new object decl (CtClassImpl) InputStream
    Adding object decl (CtClassImpl) OutputStream
      Adding struct (CtClassImpl) OutputStream
        Resolved as new struct (CtClassImpl) OutputStream
      Resolved as new object decl (CtClassImpl) OutputStream
    Adding object decl (CtClassImpl) ByteArrayOutputStream
      Adding struct (CtClassImpl) ByteArrayOutputStream
        Resolved as new struct (CtClassImpl) ByteArrayOutputStream
      Resolved as new object decl (CtClassImpl) ByteArrayOutputStream
    Adding object decl (CtClassImpl) PipedOutputStream
      Adding struct (CtClassImpl) PipedOutputStream
        Resolved as new struct (CtClassImpl) PipedOutputStream
      Resolved as new object decl (CtClassImpl) PipedOutputStream
    Adding interface decl (CtInterfaceImpl) Serializable
      Resolved as new interface decl (CtInterfaceImpl) Serializable
    Adding interface decl (CtInterfaceImpl) Flushable
      Resolved as new interface decl (CtInterfaceImpl) Flushable
    Adding interface decl (CtInterfaceImpl) Closeable
      Resolved as new interface decl (CtInterfaceImpl) Closeable
  Finishing interface decl (CtInterfaceImpl) Serializable
  Finishing interface decl (CtInterfaceImpl) Flushable
  Finishing interface decl (CtInterfaceImpl) Closeable
  Finishing interface description (CtInterfaceImpl) CharSequence
  Finishing interface description (CtInterfaceImpl) ConstantDesc
  Finishing interface description (CtInterfaceImpl) Constable
  Finishing interface description (CtInterfaceImpl) Enumeration
  Finishing interface description (CtInterfaceImpl) Appendable
  Finishing interface description (CtInterfaceImpl) Flushable
  Finishing interface description (CtInterfaceImpl) Closeable
  Finishing interface description (CtInterfaceImpl) Flushable
  Finishing interface description (CtInterfaceImpl) Closeable
  Finishing interface instantiation java.util.Map @ src/main/java/org/apache/commons/exec/environment/DefaultProcessingEnvironment.java:218:13<java.lang.String @ src/main/java/org/apache/commons/exec/environment/DefaultProcessingEnvironment.java:218:17, java.lang.String @ src/main/java/org/apache/commons/exec/environment/DefaultProcessingEnvironment.java:218:25>
  Finishing interface instantiation java.util.Map @ src/main/java/org/apache/commons/exec/environment/DefaultProcessingEnvironment.java:53:25<java.lang.String @ src/main/java/org/apache/commons/exec/environment/DefaultProcessingEnvironment.java:53:29, java.lang.String @ src/main/java/org/apache/commons/exec/environment/DefaultProcessingEnvironment.java:53:37>
  Finishing interface instantiation java.util.Map @ src/main/java/org/apache/commons/exec/environment/DefaultProcessingEnvironment.java:73:15<java.lang.String @ src/main/java/org/apache/commons/exec/environment/DefaultProcessingEnvironment.java:73:19, java.lang.String @ src/main/java/org/apache/commons/exec/environment/DefaultProcessingEnvironment.java:73:27>
  Finishing interface instantiation java.util.Map @ src/main/java/org/apache/commons/exec/environment/EnvironmentUtils.java:94:55<java.lang.String @ src/main/java/org/apache/commons/exec/environment/EnvironmentUtils.java:94:59, java.lang.String @ src/main/java/org/apache/commons/exec/environment/EnvironmentUtils.java:94:67>
  Finishing interface instantiation java.util.Map @ src/main/java/org/apache/commons/exec/environment/EnvironmentUtils.java:83:19<java.lang.String @ src/main/java/org/apache/commons/exec/environment/EnvironmentUtils.java:83:23, java.lang.String @ src/main/java/org/apache/commons/exec/environment/EnvironmentUtils.java:83:31>
  Finishing method (CtMethodImpl) isQuoted @ src/main/java/org/apache/commons/exec/util/StringUtils.java:259:27
  Finishing method (CtMethodImpl) getProcEnvCommand @ src/main/java/org/apache/commons/exec/environment/DefaultProcessingEnvironment.java:138:27
  Finishing method (CtMethodImpl) runProcEnvCommand @ src/main/java/org/apache/commons/exec/environment/DefaultProcessingEnvironment.java:120:30
  Finishing method (CtMethodImpl) createEnvironmentMap @ src/main/java/org/apache/commons/exec/environment/DefaultProcessingEnvironment.java:218:33
  Finishing method (CtMethodImpl) getProcEnvironment @ src/main/java/org/apache/commons/exec/environment/DefaultProcessingEnvironment.java:53:45
  Finishing method (CtMethodImpl) createProcEnvironment @ src/main/java/org/apache/commons/exec/environment/DefaultProcessingEnvironment.java:73:35
  Finishing constructor (CtConstructorImpl) <init> @ src/main/java/org/apache/commons/exec/environment/EnvironmentUtils.java:48:13
  Finishing method (CtMethodImpl) addVariableToEnvironment @ src/main/java/org/apache/commons/exec/environment/EnvironmentUtils.java:94:24
  Finishing method (CtMethodImpl) parseEnvironmentVariable @ src/main/java/org/apache/commons/exec/environment/EnvironmentUtils.java:106:29
  Finishing method (CtMethodImpl) getProcEnvironment @ src/main/java/org/apache/commons/exec/environment/EnvironmentUtils.java:83:39
  Finishing constructor (CtConstructorImpl) <init> @ src/main/java/org/apache/commons/exec/OS.java:88:13
  Finishing method (CtMethodImpl) isArch @ src/main/java/org/apache/commons/exec/OS.java:168:27
  Finishing method (CtMethodImpl) isFamilyDOS @ src/main/java/org/apache/commons/exec/OS.java:102:27
  Finishing method (CtMethodImpl) isFamilyTandem @ src/main/java/org/apache/commons/exec/OS.java:118:27
  Finishing method (CtMethodImpl) isFamilyWindows @ src/main/java/org/apache/commons/exec/OS.java:126:27
  Finishing method (CtMethodImpl) isFamilyOS2 @ src/main/java/org/apache/commons/exec/OS.java:114:27
  Finishing method (CtMethodImpl) isFamilyUnix @ src/main/java/org/apache/commons/exec/OS.java:122:27
  Finishing method (CtMethodImpl) isFamilyWin9x @ src/main/java/org/apache/commons/exec/OS.java:130:27
  Finishing method (CtMethodImpl) isOs @ src/main/java/org/apache/commons/exec/OS.java:193:27
  Finishing method (CtMethodImpl) isFamilyZOS @ src/main/java/org/apache/commons/exec/OS.java:138:27
  Finishing method (CtMethodImpl) isFamilyOS400 @ src/main/java/org/apache/commons/exec/OS.java:142:27
  Finishing method (CtMethodImpl) isFamilyNetware @ src/main/java/org/apache/commons/exec/OS.java:110:27
  Finishing method (CtMethodImpl) isFamilyWinNT @ src/main/java/org/apache/commons/exec/OS.java:134:27
  Finishing method (CtMethodImpl) isVersion @ src/main/java/org/apache/commons/exec/OS.java:179:27
  Finishing method (CtMethodImpl) isFamily @ src/main/java/org/apache/commons/exec/OS.java:98:28
  Finishing method (CtMethodImpl) isName @ src/main/java/org/apache/commons/exec/OS.java:157:27
  Finishing method (CtMethodImpl) isFamilyMac @ src/main/java/org/apache/commons/exec/OS.java:106:27
  Finishing object decl (CtClassImpl) BufferedReader
  Finishing object decl (CtClassImpl) IOException
  Finishing object decl (CtClassImpl) InputStream
  Finishing object decl (CtClassImpl) OutputStream
  Finishing object decl (CtClassImpl) ByteArrayOutputStream
  Finishing object decl (CtClassImpl) PipedOutputStream
  Adding package java.lang
    Resolved as new package java.lang
  Adding metrics (CtMethodImpl) isFamilyWinNT @ src/main/java/org/apache/commons/exec/OS.java:134:27
    Adding basic (CtTypeReferenceImpl) boolean
      Resolved with match basic (CtTypeReferenceImpl) boolean
    Adding select field (CtFieldImpl) FAMILY_NT @ src/main/java/org/apache/commons/exec/OS.java:48:32
      Resolved as new select field (CtFieldImpl) FAMILY_NT @ src/main/java/org/apache/commons/exec/OS.java:48:32
    Resolved as new metrics (CtMethodImpl) isFamilyWinNT @ src/main/java/org/apache/commons/exec/OS.java:134:27
  Adding metrics (CtConstructorImpl) <init> @ src/main/java/org/apache/commons/exec/OS.java:88:13
    [34mIgnoring implicit executable reference: (CtExecutableReferenceImpl) <init>[0m
    [34mIgnoring implicit executable reference: (CtExecutableReferenceImpl) <init>[0m
    Resolved as new metrics (CtConstructorImpl) <init> @ src/main/java/org/apache/commons/exec/OS.java:88:13
  Adding metrics (CtConstructorImpl) <init> @ src/main/java/org/apache/commons/exec/environment/EnvironmentUtils.java:48:13
    [34mIgnoring implicit executable reference: (CtExecutableReferenceImpl) <init>[0m
    [34mIgnoring implicit executable reference: (CtExecutableReferenceImpl) <init>[0m
    Resolved as new metrics (CtConstructorImpl) <init> @ src/main/java/org/apache/commons/exec/environment/EnvironmentUtils.java:48:13
  Adding metrics (CtMethodImpl) addVariableToEnvironment @ src/main/java/org/apache/commons/exec/environment/EnvironmentUtils.java:94:24
    Adding interface instantiation java.util.Map<java.lang.String, java.lang.String>
      Resolved with match interface instantiation java.util.Map<java.lang.String, java.lang.String>
    [34mUnused type args: [java.lang.String, java.lang.String][0m
    Adding basic (CtTypeReferenceImpl) int
      Resolved with match basic (CtTypeReferenceImpl) int
    Adding basic (CtTypeReferenceImpl) int
      Resolved with match basic (CtTypeReferenceImpl) int
    Resolved as new metrics (CtMethodImpl) addVariableToEnvironment @ src/main/java/org/apache/commons/exec/environment/EnvironmentUtils.java:94:24
  Adding metrics (CtMethodImpl) isVersion @ src/main/java/org/apache/commons/exec/OS.java:179:27
    Adding basic (CtTypeReferenceImpl) boolean
      Resolved with match basic (CtTypeReferenceImpl) boolean
    Resolved as new metrics (CtMethodImpl) isVersion @ src/main/java/org/apache/commons/exec/OS.java:179:27
  Adding metrics (CtMethodImpl) isFamilyNetware @ src/main/java/org/apache/commons/exec/OS.java:110:27
    Adding basic (CtTypeReferenceImpl) boolean
      Resolved with match basic (CtTypeReferenceImpl) boolean
    Adding select field (CtFieldImpl) FAMILY_NETWARE @ src/main/java/org/apache/commons/exec/OS.java:44:32
      Resolved as new select field (CtFieldImpl) FAMILY_NETWARE @ src/main/java/org/apache/commons/exec/OS.java:44:32
    Resolved as new metrics (CtMethodImpl) isFamilyNetware @ src/main/java/org/apache/commons/exec/OS.java:110:27
  Adding metrics (CtMethodImpl) getProcEnvironment @ src/main/java/org/apache/commons/exec/environment/EnvironmentUtils.java:83:39
    Adding select field (CtFieldImpl) PROCESSING_ENVIRONMENT_IMPLEMENTATION @ src/main/java/org/apache/commons/exec/environment/EnvironmentUtils.java:35:55
      Resolved as new select field (CtFieldImpl) PROCESSING_ENVIRONMENT_IMPLEMENTATION @ src/main/java/org/apache/commons/exec/environment/EnvironmentUtils.java:35:55
    [34mUnused type args: [java.lang.String, java.lang.String][0m
    Adding interface instantiation java.util.Map<java.lang.String, java.lang.String>
      Resolved with match interface instantiation java.util.Map<java.lang.String, java.lang.String>
    Resolved as new metrics (CtMethodImpl) getProcEnvironment @ src/main/java/org/apache/commons/exec/environment/EnvironmentUtils.java:83:39
  Adding metrics (CtMethodImpl) isFamilyWin9x @ src/main/java/org/apache/commons/exec/OS.java:130:27
    Adding basic (CtTypeReferenceImpl) boolean
      Resolved with match basic (CtTypeReferenceImpl) boolean
    Adding select field (CtFieldImpl) FAMILY_9X @ src/main/java/org/apache/commons/exec/OS.java:32:32
      Resolved as new select field (CtFieldImpl) FAMILY_9X @ src/main/java/org/apache/commons/exec/OS.java:32:32
    Resolved as new metrics (CtMethodImpl) isFamilyWin9x @ src/main/java/org/apache/commons/exec/OS.java:130:27
  Adding metrics (CtMethodImpl) isFamilyZOS @ src/main/java/org/apache/commons/exec/OS.java:138:27
    Adding basic (CtTypeReferenceImpl) boolean
      Resolved with match basic (CtTypeReferenceImpl) boolean
    Adding select field (CtFieldImpl) FAMILY_ZOS @ src/main/java/org/apache/commons/exec/OS.java:76:32
      Resolved as new select field (CtFieldImpl) FAMILY_ZOS @ src/main/java/org/apache/commons/exec/OS.java:76:32
    Resolved as new metrics (CtMethodImpl) isFamilyZOS @ src/main/java/org/apache/commons/exec/OS.java:138:27
  Adding metrics (CtMethodImpl) isFamilyOS2 @ src/main/java/org/apache/commons/exec/OS.java:114:27
    Adding basic (CtTypeReferenceImpl) boolean
      Resolved with match basic (CtTypeReferenceImpl) boolean
    Adding select field (CtFieldImpl) FAMILY_OS2 @ src/main/java/org/apache/commons/exec/OS.java:52:32
      Resolved as new select field (CtFieldImpl) FAMILY_OS2 @ src/main/java/org/apache/commons/exec/OS.java:52:32
    Resolved as new metrics (CtMethodImpl) isFamilyOS2 @ src/main/java/org/apache/commons/exec/OS.java:114:27
  Adding metrics (CtMethodImpl) runProcEnvCommand @ src/main/java/org/apache/commons/exec/environment/DefaultProcessingEnvironment.java:120:30
    Resolved as new metrics (CtMethodImpl) runProcEnvCommand @ src/main/java/org/apache/commons/exec/environment/DefaultProcessingEnvironment.java:120:30
  Adding metrics (CtMethodImpl) fixFileSeparatorChar @ src/main/java/org/apache/commons/exec/util/StringUtils.java:187:26
    Adding method (CtMethodImpl) replace
      Adding signature (CtMethodImpl) replace
        Adding parameter (CtParameterImpl) arg0
          Adding basic (CtTypeReferenceImpl) char
            Resolved with match basic (CtTypeReferenceImpl) char
          Resolved as new parameter (CtParameterImpl) arg0
        Adding parameter (CtParameterImpl) arg1
          Adding basic (CtTypeReferenceImpl) char
            Resolved with match basic (CtTypeReferenceImpl) char
          Resolved as new parameter (CtParameterImpl) arg1
        Adding parameter <unnamed> java.lang.String
          Resolved with match parameter <unnamed> java.lang.String
        Resolved as new signature (CtMethodImpl) replace
      Resolved as new method (CtMethodImpl) replace
    Adding basic (CtTypeReferenceImpl) char
      Resolved with match basic (CtTypeReferenceImpl) char
    Adding basic (CtTypeReferenceImpl) char
      Resolved with match basic (CtTypeReferenceImpl) char
    Adding select field (CtFieldImpl) SLASH_CHAR @ src/main/java/org/apache/commons/exec/util/StringUtils.java:41:31
      Resolved as new select field (CtFieldImpl) SLASH_CHAR @ src/main/java/org/apache/commons/exec/util/StringUtils.java:41:31
    Adding basic (CtTypeReferenceImpl) char
      Resolved with match basic (CtTypeReferenceImpl) char
    Adding select field (CtFieldImpl) separatorChar
      Resolved as new select field (CtFieldImpl) separatorChar
    Adding field (CtFieldImpl) separatorChar
      Adding basic (CtTypeReferenceImpl) char
        Resolved with match basic (CtTypeReferenceImpl) char
      Resolved as new field (CtFieldImpl) separatorChar
    Adding basic (CtTypeReferenceImpl) char
      Resolved with match basic (CtTypeReferenceImpl) char
    Adding basic (CtTypeReferenceImpl) char
      Resolved with match basic (CtTypeReferenceImpl) char
    Adding basic (CtTypeReferenceImpl) char
      Resolved with match basic (CtTypeReferenceImpl) char
    Adding select field (CtFieldImpl) BACKSLASH_CHAR @ src/main/java/org/apache/commons/exec/util/StringUtils.java:42:31
      Resolved as new select field (CtFieldImpl) BACKSLASH_CHAR @ src/main/java/org/apache/commons/exec/util/StringUtils.java:42:31
    Adding basic (CtTypeReferenceImpl) char
      Resolved with match basic (CtTypeReferenceImpl) char
    Adding basic (CtTypeReferenceImpl) char
      Resolved with match basic (CtTypeReferenceImpl) char
    Resolved as new metrics (CtMethodImpl) fixFileSeparatorChar @ src/main/java/org/apache/commons/exec/util/StringUtils.java:187:26
  Adding metrics (CtMethodImpl) isQuoted @ src/main/java/org/apache/commons/exec/util/StringUtils.java:259:27
    Adding basic (CtTypeReferenceImpl) boolean
      Resolved with match basic (CtTypeReferenceImpl) boolean
    Adding basic (CtTypeReferenceImpl) boolean
      Resolved with match basic (CtTypeReferenceImpl) boolean
    Adding method (CtMethodImpl) startsWith
      Adding signature (CtMethodImpl) startsWith
        Adding parameter (CtParameterImpl) arg0
          Resolved with match parameter (CtParameterImpl) arg0
        Adding parameter <unnamed> boolean
          Adding basic (CtTypeReferenceImpl) boolean
            Resolved with match basic (CtTypeReferenceImpl) boolean
          Resolved as new parameter <unnamed> boolean
        Resolved as new signature (CtMethodImpl) startsWith
      Resolved as new method (CtMethodImpl) startsWith
    Adding basic (CtTypeReferenceImpl) boolean
      Resolved with match basic (CtTypeReferenceImpl) boolean
    Adding select field (CtFieldImpl) SINGLE_QUOTE @ src/main/java/org/apache/commons/exec/util/StringUtils.java:39:33
      Resolved as new select field (CtFieldImpl) SINGLE_QUOTE @ src/main/java/org/apache/commons/exec/util/StringUtils.java:39:33
    Adding method (CtMethodImpl) endsWith
      Adding signature (CtMethodImpl) endsWith
        Adding parameter (CtParameterImpl) arg0
          Resolved with match parameter (CtParameterImpl) arg0
        Adding parameter <unnamed> boolean
          Adding basic (CtTypeReferenceImpl) boolean
            Resolved with match basic (CtTypeReferenceImpl) boolean
          Resolved as new parameter <unnamed> boolean
        Resolved as new signature (CtMethodImpl) endsWith
      Resolved as new method (CtMethodImpl) endsWith
    Adding basic (CtTypeReferenceImpl) boolean
      Resolved with match basic (CtTypeReferenceImpl) boolean
    Adding basic (CtTypeReferenceImpl) boolean
      Resolved with match basic (CtTypeReferenceImpl) boolean
    Adding basic (CtTypeReferenceImpl) boolean
      Resolved with match basic (CtTypeReferenceImpl) boolean
    Adding select field (CtFieldImpl) DOUBLE_QUOTE @ src/main/java/org/apache/commons/exec/util/StringUtils.java:40:33
      Resolved as new select field (CtFieldImpl) DOUBLE_QUOTE @ src/main/java/org/apache/commons/exec/util/StringUtils.java:40:33
    Adding basic (CtTypeReferenceImpl) boolean
      Resolved with match basic (CtTypeReferenceImpl) boolean
    Resolved as new metrics (CtMethodImpl) isQuoted @ src/main/java/org/apache/commons/exec/util/StringUtils.java:259:27
  Adding metrics (CtMethodImpl) isArch @ src/main/java/org/apache/commons/exec/OS.java:168:27
    Adding basic (CtTypeReferenceImpl) boolean
      Resolved with match basic (CtTypeReferenceImpl) boolean
    Resolved as new metrics (CtMethodImpl) isArch @ src/main/java/org/apache/commons/exec/OS.java:168:27
  Adding metrics (CtMethodImpl) quoteArgument @ src/main/java/org/apache/commons/exec/util/StringUtils.java:222:26
    Adding basic (CtTypeReferenceImpl) boolean
      Resolved with match basic (CtTypeReferenceImpl) boolean
    Adding basic (CtTypeReferenceImpl) boolean
      Resolved with match basic (CtTypeReferenceImpl) boolean
    Adding basic (CtTypeReferenceImpl) boolean
      Resolved with match basic (CtTypeReferenceImpl) boolean
    Adding method (CtMethodImpl) substring
      Adding signature (CtMethodImpl) substring
        Adding parameter (CtParameterImpl) arg0
          Adding basic (CtTypeReferenceImpl) int
            Resolved with match basic (CtTypeReferenceImpl) int
          Resolved as new parameter (CtParameterImpl) arg0
        Adding parameter <unnamed> java.lang.String
          Resolved with match parameter <unnamed> java.lang.String
        Resolved as new signature (CtMethodImpl) substring
      Resolved as new method (CtMethodImpl) substring
    Adding basic (CtTypeReferenceImpl) int
      Resolved with match basic (CtTypeReferenceImpl) int
    Adding basic (CtTypeReferenceImpl) int
      Resolved with match basic (CtTypeReferenceImpl) int
    Adding basic (CtTypeReferenceImpl) boolean
      Resolved with match basic (CtTypeReferenceImpl) boolean
    Adding basic (CtTypeReferenceImpl) boolean
      Resolved with match basic (CtTypeReferenceImpl) boolean
    Adding basic (CtTypeReferenceImpl) boolean
      Resolved with match basic (CtTypeReferenceImpl) boolean
    Adding method (CtMethodImpl) substring
      Adding signature (CtMethodImpl) substring
        Adding parameter (CtParameterImpl) arg0
          Adding basic (CtTypeReferenceImpl) int
            Resolved with match basic (CtTypeReferenceImpl) int
          Resolved as new parameter (CtParameterImpl) arg0
        Adding parameter (CtParameterImpl) arg1
          Adding basic (CtTypeReferenceImpl) int
            Resolved with match basic (CtTypeReferenceImpl) int
          Resolved as new parameter (CtParameterImpl) arg1
        Adding parameter <unnamed> java.lang.String
          Resolved with match parameter <unnamed> java.lang.String
        Resolved as new signature (CtMethodImpl) substring
      Resolved as new method (CtMethodImpl) substring
    Adding basic (CtTypeReferenceImpl) int
      Resolved with match basic (CtTypeReferenceImpl) int
    Adding basic (CtTypeReferenceImpl) int
      Resolved with match basic (CtTypeReferenceImpl) int
    Adding basic (CtTypeReferenceImpl) int
      Resolved with match basic (CtTypeReferenceImpl) int
    Adding basic (CtTypeReferenceImpl) int
      Resolved with match basic (CtTypeReferenceImpl) int
    Adding basic (CtTypeReferenceImpl) int
      Resolved with match basic (CtTypeReferenceImpl) int
    Adding basic (CtTypeReferenceImpl) int
      Resolved with match basic (CtTypeReferenceImpl) int
    [34mIgnoring implicit executable reference: (CtExecutableReferenceImpl) <init>[0m
    Adding basic (CtTypeReferenceImpl) boolean
      Resolved with match basic (CtTypeReferenceImpl) boolean
    Adding method (CtMethodImpl) indexOf
      Adding signature (CtMethodImpl) indexOf
        Adding parameter (CtParameterImpl) arg0
          Resolved with match parameter (CtParameterImpl) arg0
        Adding parameter <unnamed> int
          Adding basic (CtTypeReferenceImpl) int
            Resolved with match basic (CtTypeReferenceImpl) int
          Resolved as new parameter <unnamed> int
        Resolved as new signature (CtMethodImpl) indexOf
      Resolved as new method (CtMethodImpl) indexOf
    Adding basic (CtTypeReferenceImpl) int
      Resolved with match basic (CtTypeReferenceImpl) int
    Adding basic (CtTypeReferenceImpl) int
      Resolved with match basic (CtTypeReferenceImpl) int
    Adding basic (CtTypeReferenceImpl) int
      Resolved with match basic (CtTypeReferenceImpl) int
    Adding basic (CtTypeReferenceImpl) boolean
      Resolved with match basic (CtTypeReferenceImpl) boolean
    Adding basic (CtTypeReferenceImpl) int
      Resolved with match basic (CtTypeReferenceImpl) int
    Adding basic (CtTypeReferenceImpl) int
      Resolved with match basic (CtTypeReferenceImpl) int
    Adding basic (CtTypeReferenceImpl) int
      Resolved with match basic (CtTypeReferenceImpl) int
    [34mIgnoring implicit executable reference: (CtExecutableReferenceImpl) <init>[0m
    Adding basic (CtTypeReferenceImpl) boolean
      Resolved with match basic (CtTypeReferenceImpl) boolean
    Adding basic (CtTypeReferenceImpl) boolean
      Resolved with match basic (CtTypeReferenceImpl) boolean
    Adding basic (CtTypeReferenceImpl) int
      Resolved with match basic (CtTypeReferenceImpl) int
    Adding basic (CtTypeReferenceImpl) int
      Resolved with match basic (CtTypeReferenceImpl) int
    Adding basic (CtTypeReferenceImpl) int
      Resolved with match basic (CtTypeReferenceImpl) int
    Adding basic (CtTypeReferenceImpl) boolean
      Resolved with match basic (CtTypeReferenceImpl) boolean
    Adding basic (CtTypeReferenceImpl) int
      Resolved with match basic (CtTypeReferenceImpl) int
    Adding basic (CtTypeReferenceImpl) int
      Resolved with match basic (CtTypeReferenceImpl) int
    Adding basic (CtTypeReferenceImpl) int
      Resolved with match basic (CtTypeReferenceImpl) int
    Resolved as new metrics (CtMethodImpl) quoteArgument @ src/main/java/org/apache/commons/exec/util/StringUtils.java:222:26
  Adding metrics (CtMethodImpl) isFamilyDOS @ src/main/java/org/apache/commons/exec/OS.java:102:27
    Adding basic (CtTypeReferenceImpl) boolean
      Resolved with match basic (CtTypeReferenceImpl) boolean
    Adding select field (CtFieldImpl) FAMILY_DOS @ src/main/java/org/apache/commons/exec/OS.java:36:32
      Resolved as new select field (CtFieldImpl) FAMILY_DOS @ src/main/java/org/apache/commons/exec/OS.java:36:32
    Resolved as new metrics (CtMethodImpl) isFamilyDOS @ src/main/java/org/apache/commons/exec/OS.java:102:27
  Adding metrics (CtMethodImpl) isOs @ src/main/java/org/apache/commons/exec/OS.java:193:27
    Adding basic (CtTypeReferenceImpl) boolean @ src/main/java/org/apache/commons/exec/OS.java:195:9
      Resolved with match basic (CtTypeReferenceImpl) boolean @ src/main/java/org/apache/commons/exec/OS.java:195:9
    Adding basic (CtTypeReferenceImpl) boolean
      Resolved with match basic (CtTypeReferenceImpl) boolean
    Adding basic (CtTypeReferenceImpl) boolean
      Resolved with match basic (CtTypeReferenceImpl) boolean
    Adding basic (CtTypeReferenceImpl) boolean
      Resolved with match basic (CtTypeReferenceImpl) boolean
    Adding basic (CtTypeReferenceImpl) boolean
      Resolved with match basic (CtTypeReferenceImpl) boolean
    Adding basic (CtTypeReferenceImpl) boolean
      Resolved with match basic (CtTypeReferenceImpl) boolean
    Adding basic (CtTypeReferenceImpl) boolean
      Resolved with match basic (CtTypeReferenceImpl) boolean
    Adding basic (CtTypeReferenceImpl) boolean
      Resolved with match basic (CtTypeReferenceImpl) boolean
    Adding basic (CtTypeReferenceImpl) boolean
      Resolved with match basic (CtTypeReferenceImpl) boolean
    Adding basic (CtTypeReferenceImpl) boolean @ src/main/java/org/apache/commons/exec/OS.java:199:13
      Resolved with match basic (CtTypeReferenceImpl) boolean @ src/main/java/org/apache/commons/exec/OS.java:199:13
    Adding basic (CtTypeReferenceImpl) boolean
      Resolved with match basic (CtTypeReferenceImpl) boolean
    Adding basic (CtTypeReferenceImpl) boolean @ src/main/java/org/apache/commons/exec/OS.java:200:13
      Resolved with match basic (CtTypeReferenceImpl) boolean @ src/main/java/org/apache/commons/exec/OS.java:200:13
    Adding basic (CtTypeReferenceImpl) boolean
      Resolved with match basic (CtTypeReferenceImpl) boolean
    Adding basic (CtTypeReferenceImpl) boolean @ src/main/java/org/apache/commons/exec/OS.java:201:13
      Resolved with match basic (CtTypeReferenceImpl) boolean @ src/main/java/org/apache/commons/exec/OS.java:201:13
    Adding basic (CtTypeReferenceImpl) boolean
      Resolved with match basic (CtTypeReferenceImpl) boolean
    Adding basic (CtTypeReferenceImpl) boolean @ src/main/java/org/apache/commons/exec/OS.java:202:13
      Resolved with match basic (CtTypeReferenceImpl) boolean @ src/main/java/org/apache/commons/exec/OS.java:202:13
    Adding basic (CtTypeReferenceImpl) boolean
      Resolved with match basic (CtTypeReferenceImpl) boolean
    Adding basic (CtTypeReferenceImpl) boolean
      Resolved with match basic (CtTypeReferenceImpl) boolean
    Adding basic (CtTypeReferenceImpl) boolean @ src/main/java/org/apache/commons/exec/OS.java:207:17
      Resolved with match basic (CtTypeReferenceImpl) boolean @ src/main/java/org/apache/commons/exec/OS.java:207:17
    Adding method (CtMethodImpl) contains
      Adding signature (CtMethodImpl) contains
        Adding parameter (CtParameterImpl) arg0
          Adding interface decl (CtInterfaceImpl) CharSequence
            Resolved as new interface decl (CtInterfaceImpl) CharSequence
          Resolved as new parameter (CtParameterImpl) arg0
        Adding parameter <unnamed> boolean
          Adding basic (CtTypeReferenceImpl) boolean
            Resolved with match basic (CtTypeReferenceImpl) boolean
          Resolved as new parameter <unnamed> boolean
        Resolved as new signature (CtMethodImpl) contains
      Resolved as new method (CtMethodImpl) contains
    Adding select field (CtFieldImpl) OS_NAME @ src/main/java/org/apache/commons/exec/OS.java:80:33
      Resolved as new select field (CtFieldImpl) OS_NAME @ src/main/java/org/apache/commons/exec/OS.java:80:33
    Adding basic (CtTypeReferenceImpl) boolean
      Resolved with match basic (CtTypeReferenceImpl) boolean
    Adding select field (CtFieldImpl) FAMILY_WINDOWS @ src/main/java/org/apache/commons/exec/OS.java:72:32
      Resolved as new select field (CtFieldImpl) FAMILY_WINDOWS @ src/main/java/org/apache/commons/exec/OS.java:72:32
    Adding basic (CtTypeReferenceImpl) boolean @ src/main/java/org/apache/commons/exec/OS.java:208:17
      Resolved with match basic (CtTypeReferenceImpl) boolean @ src/main/java/org/apache/commons/exec/OS.java:208:17
    Adding basic (CtTypeReferenceImpl) boolean
      Resolved with match basic (CtTypeReferenceImpl) boolean
    Adding basic (CtTypeReferenceImpl) boolean @ src/main/java/org/apache/commons/exec/OS.java:209:17
      Resolved with match basic (CtTypeReferenceImpl) boolean @ src/main/java/org/apache/commons/exec/OS.java:209:17
    Adding basic (CtTypeReferenceImpl) boolean
      Resolved with match basic (CtTypeReferenceImpl) boolean
    Adding basic (CtTypeReferenceImpl) boolean
      Resolved with match basic (CtTypeReferenceImpl) boolean
    Adding basic (CtTypeReferenceImpl) boolean
      Resolved with match basic (CtTypeReferenceImpl) boolean
    Adding basic (CtTypeReferenceImpl) boolean
      Resolved with match basic (CtTypeReferenceImpl) boolean
    Adding basic (CtTypeReferenceImpl) boolean
      Resolved with match basic (CtTypeReferenceImpl) boolean
    Adding basic (CtTypeReferenceImpl) boolean
      Resolved with match basic (CtTypeReferenceImpl) boolean
    Adding basic (CtTypeReferenceImpl) boolean
      Resolved with match basic (CtTypeReferenceImpl) boolean
    Adding basic (CtTypeReferenceImpl) boolean
      Resolved with match basic (CtTypeReferenceImpl) boolean
    Adding basic (CtTypeReferenceImpl) boolean
      Resolved with match basic (CtTypeReferenceImpl) boolean
    Adding basic (CtTypeReferenceImpl) boolean
      Resolved with match basic (CtTypeReferenceImpl) boolean
    Adding basic (CtTypeReferenceImpl) boolean
      Resolved with match basic (CtTypeReferenceImpl) boolean
    Adding basic (CtTypeReferenceImpl) boolean
      Resolved with match basic (CtTypeReferenceImpl) boolean
    Adding basic (CtTypeReferenceImpl) boolean
      Resolved with match basic (CtTypeReferenceImpl) boolean
    Adding basic (CtTypeReferenceImpl) boolean
      Resolved with match basic (CtTypeReferenceImpl) boolean
    Adding basic (CtTypeReferenceImpl) boolean
      Resolved with match basic (CtTypeReferenceImpl) boolean
    Adding basic (CtTypeReferenceImpl) boolean
      Resolved with match basic (CtTypeReferenceImpl) boolean
    Adding basic (CtTypeReferenceImpl) boolean
      Resolved with match basic (CtTypeReferenceImpl) boolean
    Adding basic (CtTypeReferenceImpl) boolean
      Resolved with match basic (CtTypeReferenceImpl) boolean
    Adding basic (CtTypeReferenceImpl) boolean
      Resolved with match basic (CtTypeReferenceImpl) boolean
    Adding basic (CtTypeReferenceImpl) boolean
      Resolved with match basic (CtTypeReferenceImpl) boolean
    Adding basic (CtTypeReferenceImpl) boolean
      Resolved with match basic (CtTypeReferenceImpl) boolean
    Adding basic (CtTypeReferenceImpl) boolean
      Resolved with match basic (CtTypeReferenceImpl) boolean
    Adding basic (CtTypeReferenceImpl) boolean
      Resolved with match basic (CtTypeReferenceImpl) boolean
    Adding basic (CtTypeReferenceImpl) boolean
      Resolved with match basic (CtTypeReferenceImpl) boolean
    Adding basic (CtTypeReferenceImpl) boolean
      Resolved with match basic (CtTypeReferenceImpl) boolean
    Adding basic (CtTypeReferenceImpl) boolean
      Resolved with match basic (CtTypeReferenceImpl) boolean
    Adding basic (CtTypeReferenceImpl) boolean
      Resolved with match basic (CtTypeReferenceImpl) boolean
    Adding basic (CtTypeReferenceImpl) boolean
      Resolved with match basic (CtTypeReferenceImpl) boolean
    Adding basic (CtTypeReferenceImpl) boolean
      Resolved with match basic (CtTypeReferenceImpl) boolean
    Adding basic (CtTypeReferenceImpl) boolean
      Resolved with match basic (CtTypeReferenceImpl) boolean
    Adding basic (CtTypeReferenceImpl) boolean
      Resolved with match basic (CtTypeReferenceImpl) boolean
    Adding basic (CtTypeReferenceImpl) boolean
      Resolved with match basic (CtTypeReferenceImpl) boolean
    Adding basic (CtTypeReferenceImpl) boolean
      Resolved with match basic (CtTypeReferenceImpl) boolean
    Adding basic (CtTypeReferenceImpl) boolean
      Resolved with match basic (CtTypeReferenceImpl) boolean
    Adding basic (CtTypeReferenceImpl) boolean
      Resolved with match basic (CtTypeReferenceImpl) boolean
    Adding basic (CtTypeReferenceImpl) boolean
      Resolved with match basic (CtTypeReferenceImpl) boolean
    Adding basic (CtTypeReferenceImpl) boolean
      Resolved with match basic (CtTypeReferenceImpl) boolean
    Adding basic (CtTypeReferenceImpl) boolean
      Resolved with match basic (CtTypeReferenceImpl) boolean
    Adding basic (CtTypeReferenceImpl) boolean
      Resolved with match basic (CtTypeReferenceImpl) boolean
    Adding basic (CtTypeReferenceImpl) boolean
      Resolved with match basic (CtTypeReferenceImpl) boolean
    Adding basic (CtTypeReferenceImpl) boolean
      Resolved with match basic (CtTypeReferenceImpl) boolean
    Adding basic (CtTypeReferenceImpl) boolean
      Resolved with match basic (CtTypeReferenceImpl) boolean
    Adding basic (CtTypeReferenceImpl) boolean
      Resolved with match basic (CtTypeReferenceImpl) boolean
    Adding select field (CtFieldImpl) PATH_SEP @ src/main/java/org/apache/commons/exec/OS.java:83:33
      Resolved as new select field (CtFieldImpl) PATH_SEP @ src/main/java/org/apache/commons/exec/OS.java:83:33
    Adding basic (CtTypeReferenceImpl) boolean
      Resolved with match basic (CtTypeReferenceImpl) boolean
    Adding basic (CtTypeReferenceImpl) boolean
      Resolved with match basic (CtTypeReferenceImpl) boolean
    Adding basic (CtTypeReferenceImpl) boolean
      Resolved with match basic (CtTypeReferenceImpl) boolean
    Adding basic (CtTypeReferenceImpl) boolean
      Resolved with match basic (CtTypeReferenceImpl) boolean
    Adding select field (CtFieldImpl) FAMILY_MAC @ src/main/java/org/apache/commons/exec/OS.java:40:32
      Resolved as new select field (CtFieldImpl) FAMILY_MAC @ src/main/java/org/apache/commons/exec/OS.java:40:32
    Adding basic (CtTypeReferenceImpl) boolean
      Resolved with match basic (CtTypeReferenceImpl) boolean
    Adding basic (CtTypeReferenceImpl) boolean
      Resolved with match basic (CtTypeReferenceImpl) boolean
    Adding basic (CtTypeReferenceImpl) boolean
      Resolved with match basic (CtTypeReferenceImpl) boolean
    Adding basic (CtTypeReferenceImpl) boolean
      Resolved with match basic (CtTypeReferenceImpl) boolean
    Adding basic (CtTypeReferenceImpl) boolean
      Resolved with match basic (CtTypeReferenceImpl) boolean
    Adding select field (CtFieldImpl) DARWIN @ src/main/java/org/apache/commons/exec/OS.java:78:33
      Resolved as new select field (CtFieldImpl) DARWIN @ src/main/java/org/apache/commons/exec/OS.java:78:33
    Adding basic (CtTypeReferenceImpl) boolean
      Resolved with match basic (CtTypeReferenceImpl) boolean
    Adding select field (CtFieldImpl) FAMILY_TANDEM @ src/main/java/org/apache/commons/exec/OS.java:60:32
      Resolved as new select field (CtFieldImpl) FAMILY_TANDEM @ src/main/java/org/apache/commons/exec/OS.java:60:32
    Adding basic (CtTypeReferenceImpl) boolean
      Resolved with match basic (CtTypeReferenceImpl) boolean
    Adding basic (CtTypeReferenceImpl) boolean
      Resolved with match basic (CtTypeReferenceImpl) boolean
    Adding basic (CtTypeReferenceImpl) boolean
      Resolved with match basic (CtTypeReferenceImpl) boolean
    Adding basic (CtTypeReferenceImpl) boolean
      Resolved with match basic (CtTypeReferenceImpl) boolean
    Adding select field (CtFieldImpl) FAMILY_UNIX @ src/main/java/org/apache/commons/exec/OS.java:64:32
      Resolved as new select field (CtFieldImpl) FAMILY_UNIX @ src/main/java/org/apache/commons/exec/OS.java:64:32
    Adding basic (CtTypeReferenceImpl) boolean
      Resolved with match basic (CtTypeReferenceImpl) boolean
    Adding basic (CtTypeReferenceImpl) boolean
      Resolved with match basic (CtTypeReferenceImpl) boolean
    Adding basic (CtTypeReferenceImpl) boolean
      Resolved with match basic (CtTypeReferenceImpl) boolean
    Adding basic (CtTypeReferenceImpl) boolean
      Resolved with match basic (CtTypeReferenceImpl) boolean
    Adding basic (CtTypeReferenceImpl) boolean
      Resolved with match basic (CtTypeReferenceImpl) boolean
    Adding basic (CtTypeReferenceImpl) boolean
      Resolved with match basic (CtTypeReferenceImpl) boolean
    Adding basic (CtTypeReferenceImpl) boolean
      Resolved with match basic (CtTypeReferenceImpl) boolean
    Adding select field (CtFieldImpl) FAMILY_VMS @ src/main/java/org/apache/commons/exec/OS.java:68:32
      Resolved as new select field (CtFieldImpl) FAMILY_VMS @ src/main/java/org/apache/commons/exec/OS.java:68:32
    Adding basic (CtTypeReferenceImpl) boolean
      Resolved with match basic (CtTypeReferenceImpl) boolean
    Adding basic (CtTypeReferenceImpl) boolean
      Resolved with match basic (CtTypeReferenceImpl) boolean
    Adding basic (CtTypeReferenceImpl) boolean
      Resolved with match basic (CtTypeReferenceImpl) boolean
    Adding basic (CtTypeReferenceImpl) boolean
      Resolved with match basic (CtTypeReferenceImpl) boolean
    Adding basic (CtTypeReferenceImpl) boolean
      Resolved with match basic (CtTypeReferenceImpl) boolean
    Adding basic (CtTypeReferenceImpl) boolean
      Resolved with match basic (CtTypeReferenceImpl) boolean
    Adding basic (CtTypeReferenceImpl) boolean
      Resolved with match basic (CtTypeReferenceImpl) boolean
    Adding basic (CtTypeReferenceImpl) boolean
      Resolved with match basic (CtTypeReferenceImpl) boolean
    Adding basic (CtTypeReferenceImpl) boolean
      Resolved with match basic (CtTypeReferenceImpl) boolean
    Adding basic (CtTypeReferenceImpl) boolean
      Resolved with match basic (CtTypeReferenceImpl) boolean
    Adding basic (CtTypeReferenceImpl) boolean
      Resolved with match basic (CtTypeReferenceImpl) boolean
    Adding basic (CtTypeReferenceImpl) boolean
      Resolved with match basic (CtTypeReferenceImpl) boolean
    Adding basic (CtTypeReferenceImpl) boolean
      Resolved with match basic (CtTypeReferenceImpl) boolean
    Adding select field (CtFieldImpl) FAMILY_OS400 @ src/main/java/org/apache/commons/exec/OS.java:56:32
      Resolved as new select field (CtFieldImpl) FAMILY_OS400 @ src/main/java/org/apache/commons/exec/OS.java:56:32
    Adding basic (CtTypeReferenceImpl) boolean
      Resolved with match basic (CtTypeReferenceImpl) boolean
    Adding basic (CtTypeReferenceImpl) boolean
      Resolved with match basic (CtTypeReferenceImpl) boolean
    Adding basic (CtTypeReferenceImpl) boolean
      Resolved with match basic (CtTypeReferenceImpl) boolean
    Adding basic (CtTypeReferenceImpl) boolean
      Resolved with match basic (CtTypeReferenceImpl) boolean
    Adding basic (CtTypeReferenceImpl) boolean
      Resolved with match basic (CtTypeReferenceImpl) boolean
    Adding basic (CtTypeReferenceImpl) boolean
      Resolved with match basic (CtTypeReferenceImpl) boolean
    Adding basic (CtTypeReferenceImpl) boolean
      Resolved with match basic (CtTypeReferenceImpl) boolean
    Adding object decl (CtClassImpl) RuntimeException
      Adding struct (CtClassImpl) RuntimeException
        Resolved as new struct (CtClassImpl) RuntimeException
      Resolved as new object decl (CtClassImpl) RuntimeException
    Adding constructor (CtConstructorImpl) <init>
      Adding constructor signature (CtConstructorImpl) <init>
        Adding parameter (CtParameterImpl) arg0
          Resolved with match parameter (CtParameterImpl) arg0
        Adding parameter <unnamed> java.lang.RuntimeException
          Resolved as new parameter <unnamed> java.lang.RuntimeException
        Resolved as new constructor signature (CtConstructorImpl) <init>
      Resolved as new constructor (CtConstructorImpl) <init>
    [34mIgnoring implicit executable reference: (CtExecutableReferenceImpl) <init>[0m
    Adding basic (CtTypeReferenceImpl) boolean
      Resolved with match basic (CtTypeReferenceImpl) boolean
    Adding basic (CtTypeReferenceImpl) boolean
      Resolved with match basic (CtTypeReferenceImpl) boolean
    Adding basic (CtTypeReferenceImpl) boolean
      Resolved with match basic (CtTypeReferenceImpl) boolean
    Adding basic (CtTypeReferenceImpl) boolean
      Resolved with match basic (CtTypeReferenceImpl) boolean
    Adding basic (CtTypeReferenceImpl) boolean
      Resolved with match basic (CtTypeReferenceImpl) boolean
    Adding basic (CtTypeReferenceImpl) boolean
      Resolved with match basic (CtTypeReferenceImpl) boolean
    Adding basic (CtTypeReferenceImpl) boolean
      Resolved with match basic (CtTypeReferenceImpl) boolean
    Adding basic (CtTypeReferenceImpl) boolean
      Resolved with match basic (CtTypeReferenceImpl) boolean
    Adding select field (CtFieldImpl) OS_ARCH @ src/main/java/org/apache/commons/exec/OS.java:81:33
      Resolved as new select field (CtFieldImpl) OS_ARCH @ src/main/java/org/apache/commons/exec/OS.java:81:33
    Adding basic (CtTypeReferenceImpl) boolean
      Resolved with match basic (CtTypeReferenceImpl) boolean
    Adding basic (CtTypeReferenceImpl) boolean
      Resolved with match basic (CtTypeReferenceImpl) boolean
    Adding basic (CtTypeReferenceImpl) boolean
      Resolved with match basic (CtTypeReferenceImpl) boolean
    Adding basic (CtTypeReferenceImpl) boolean
      Resolved with match basic (CtTypeReferenceImpl) boolean
    Adding select field (CtFieldImpl) OS_VERSION @ src/main/java/org/apache/commons/exec/OS.java:82:33
      Resolved as new select field (CtFieldImpl) OS_VERSION @ src/main/java/org/apache/commons/exec/OS.java:82:33
    Adding basic (CtTypeReferenceImpl) boolean
      Resolved with match basic (CtTypeReferenceImpl) boolean
    Adding basic (CtTypeReferenceImpl) boolean
      Resolved with match basic (CtTypeReferenceImpl) boolean
    Adding basic (CtTypeReferenceImpl) boolean
      Resolved with match basic (CtTypeReferenceImpl) boolean
    Adding basic (CtTypeReferenceImpl) boolean
      Resolved with match basic (CtTypeReferenceImpl) boolean
    Adding basic (CtTypeReferenceImpl) boolean
      Resolved with match basic (CtTypeReferenceImpl) boolean
    Adding basic (CtTypeReferenceImpl) boolean
      Resolved with match basic (CtTypeReferenceImpl) boolean
    Adding basic (CtTypeReferenceImpl) boolean
      Resolved with match basic (CtTypeReferenceImpl) boolean
    Adding basic (CtTypeReferenceImpl) boolean
      Resolved with match basic (CtTypeReferenceImpl) boolean
    Adding basic (CtTypeReferenceImpl) boolean
      Resolved with match basic (CtTypeReferenceImpl) boolean
    Adding basic (CtTypeReferenceImpl) boolean
      Resolved with match basic (CtTypeReferenceImpl) boolean
    Resolved as new metrics (CtMethodImpl) isOs @ src/main/java/org/apache/commons/exec/OS.java:193:27
  Adding metrics (CtMethodImpl) isFamilyMac @ src/main/java/org/apache/commons/exec/OS.java:106:27
    Adding basic (CtTypeReferenceImpl) boolean
      Resolved with match basic (CtTypeReferenceImpl) boolean
    Resolved as new metrics (CtMethodImpl) isFamilyMac @ src/main/java/org/apache/commons/exec/OS.java:106:27
  Adding metrics (CtMethodImpl) isFamily @ src/main/java/org/apache/commons/exec/OS.java:98:28
    Adding basic (CtTypeReferenceImpl) boolean
      Resolved with match basic (CtTypeReferenceImpl) boolean
    Resolved as new metrics (CtMethodImpl) isFamily @ src/main/java/org/apache/commons/exec/OS.java:98:28
  Adding metrics (CtMethodImpl) createEnvironmentMap @ src/main/java/org/apache/commons/exec/environment/DefaultProcessingEnvironment.java:218:33
    Adding basic (CtTypeReferenceImpl) boolean
      Resolved with match basic (CtTypeReferenceImpl) boolean
    Adding object decl (CtClassImpl) TreeMap
      Adding struct (CtClassImpl) TreeMap
        Resolved as new struct (CtClassImpl) TreeMap
      Adding type params (CtTypeParameterImpl) K
        Resolved with match type params (CtTypeParameterImpl) K
      Adding type params (CtTypeParameterImpl) V
        Resolved with match type params (CtTypeParameterImpl) V
      Resolved as new object decl (CtClassImpl) TreeMap
    Adding constructor (CtConstructorImpl) <init>
      Adding constructor signature (CtConstructorImpl) <init>
        Adding parameter (CtParameterImpl) arg0
          Adding interface decl (CtInterfaceImpl) Comparator
            Adding interface description (CtInterfaceImpl) Comparator
              Resolved as new interface description (CtInterfaceImpl) Comparator
            Adding type params (CtTypeParameterImpl) T
              Resolved with match type params (CtTypeParameterImpl) T
            Resolved as new interface decl (CtInterfaceImpl) Comparator
          Adding interface instantiation java.util.Comparator<?>
            Adding interface description (CtInterfaceImpl) Comparator
              Resolved as new interface description (CtInterfaceImpl) Comparator
            Resolved as new interface instantiation java.util.Comparator<?>
          Resolved as new parameter (CtParameterImpl) arg0
        Adding parameter <unnamed> java.util.TreeMap<K, V>
          Resolved as new parameter <unnamed> java.util.TreeMap<K, V>
        Resolved as new constructor signature (CtConstructorImpl) <init>
      Resolved as new constructor (CtConstructorImpl) <init>
    [34mIgnoring implicit executable reference: (CtExecutableReferenceImpl) <init>[0m
    [34mUnused type args: [java.lang.String @ src/main/java/org/apache/commons/exec/environment/DefaultProcessingEnvironment.java:220:32, java.lang.String @ src/main/java/org/apache/commons/exec/environment/DefaultProcessingEnvironment.java:220:40][0m
    Adding object instantiation java.util.TreeMap @ src/main/java/org/apache/commons/exec/environment/DefaultProcessingEnvironment.java:220:24<java.lang.String @ src/main/java/org/apache/commons/exec/environment/DefaultProcessingEnvironment.java:220:32, java.lang.String @ src/main/java/org/apache/commons/exec/environment/DefaultProcessingEnvironment.java:220:40>
      Adding struct (CtClassImpl) TreeMap
        Resolved as new struct (CtClassImpl) TreeMap
      Adding interface description (CtInterfaceImpl) NavigableMap
        Resolved as new interface description (CtInterfaceImpl) NavigableMap
      Adding interface description (CtInterfaceImpl) Serializable
        Resolved as new interface description (CtInterfaceImpl) Serializable
      Adding interface description (CtInterfaceImpl) Cloneable
        Resolved as new interface description (CtInterfaceImpl) Cloneable
      Resolved as new object instantiation java.util.TreeMap @ src/main/java/org/apache/commons/exec/environment/DefaultProcessingEnvironment.java:220:24<java.lang.String @ src/main/java/org/apache/commons/exec/environment/DefaultProcessingEnvironment.java:220:32, java.lang.String @ src/main/java/org/apache/commons/exec/environment/DefaultProcessingEnvironment.java:220:40>
    [34mUnused type args: [?][0m
    Adding type params reference (CtTypeParameterReferenceImpl) K
      Resolved with match type params reference (CtTypeParameterReferenceImpl) K
    Adding interface instantiation java.util.Comparator<?>
      Adding interface description (CtInterfaceImpl) Comparator
        Resolved as new interface description (CtInterfaceImpl) Comparator
      Resolved as new interface instantiation java.util.Comparator<?>
    [34mIgnoring anonymous type: (CtTypeReferenceImpl) org.apache.commons.exec.environment.DefaultProcessingEnvironment$1[0m
    [34mIgnoring implicit executable reference: (CtExecutableReferenceImpl) <init>[0m
    [34mIgnoring anonymous type: (CtTypeReferenceImpl) org.apache.commons.exec.environment.DefaultProcessingEnvironment$1[0m
    [34mUnused type args: [java.lang.String @ src/main/java/org/apache/commons/exec/environment/DefaultProcessingEnvironment.java:220:63][0m
    Adding interface instantiation java.util.Comparator @ src/main/java/org/apache/commons/exec/environment/DefaultProcessingEnvironment.java:220:52<java.lang.String @ src/main/java/org/apache/commons/exec/environment/DefaultProcessingEnvironment.java:220:63>
      Adding interface description (CtInterfaceImpl) Comparator
        Resolved as new interface description (CtInterfaceImpl) Comparator
      Resolved as new interface instantiation java.util.Comparator @ src/main/java/org/apache/commons/exec/environment/DefaultProcessingEnvironment.java:220:52<java.lang.String @ src/main/java/org/apache/commons/exec/environment/DefaultProcessingEnvironment.java:220:63>
    [34mIgnoring anonymous object declaration: (CtClassImpl) 1 @ src/main/java/org/apache/commons/exec/environment/DefaultProcessingEnvironment.java:220:73[0m
    [34mUnused type args: [java.lang.String][0m
    Adding interface instantiation java.util.Comparator<java.lang.String>
      Resolved with match interface instantiation java.util.Comparator<java.lang.String>
    [34mIgnoring implicit executable reference: (CtExecutableReferenceImpl) <init>[0m
    [34mIgnoring implicit executable reference: (CtExecutableReferenceImpl) <init>[0m
    [34mIgnoring method of an anonymous declaring type: (CtMethodImpl) compare @ src/main/java/org/apache/commons/exec/environment/DefaultProcessingEnvironment.java:221:28 in (CtClassImpl) 1 @ src/main/java/org/apache/commons/exec/environment/DefaultProcessingEnvironment.java:220:73[0m
    Adding basic (CtTypeReferenceImpl) int @ src/main/java/org/apache/commons/exec/environment/DefaultProcessingEnvironment.java:221:24
      Resolved with match basic (CtTypeReferenceImpl) int @ src/main/java/org/apache/commons/exec/environment/DefaultProcessingEnvironment.java:221:24
    Adding method (CtMethodImpl) compareToIgnoreCase
      Adding signature (CtMethodImpl) compareToIgnoreCase
        Adding parameter (CtParameterImpl) arg0
          Resolved with match parameter (CtParameterImpl) arg0
        Adding parameter <unnamed> int
          Adding basic (CtTypeReferenceImpl) int
            Resolved with match basic (CtTypeReferenceImpl) int
          Resolved as new parameter <unnamed> int
        Resolved as new signature (CtMethodImpl) compareToIgnoreCase
      Resolved as new method (CtMethodImpl) compareToIgnoreCase
    Adding basic (CtTypeReferenceImpl) int
      Resolved with match basic (CtTypeReferenceImpl) int
    [34mIgnoring implicit executable reference: (CtExecutableReferenceImpl) <init>[0m
    [34mUnused type args: [java.lang.String @ src/main/java/org/apache/commons/exec/environment/DefaultProcessingEnvironment.java:226:28, java.lang.String @ src/main/java/org/apache/commons/exec/environment/DefaultProcessingEnvironment.java:226:36][0m
    Adding object instantiation java.util.HashMap @ src/main/java/org/apache/commons/exec/environment/DefaultProcessingEnvironment.java:226:20<java.lang.String @ src/main/java/org/apache/commons/exec/environment/DefaultProcessingEnvironment.java:226:28, java.lang.String @ src/main/java/org/apache/commons/exec/environment/DefaultProcessingEnvironment.java:226:36>
      Adding struct (CtClassImpl) HashMap
        Resolved as new struct (CtClassImpl) HashMap
      Resolved as new object instantiation java.util.HashMap @ src/main/java/org/apache/commons/exec/environment/DefaultProcessingEnvironment.java:226:20<java.lang.String @ src/main/java/org/apache/commons/exec/environment/DefaultProcessingEnvironment.java:226:28, java.lang.String @ src/main/java/org/apache/commons/exec/environment/DefaultProcessingEnvironment.java:226:36>
    Resolved as new metrics (CtMethodImpl) createEnvironmentMap @ src/main/java/org/apache/commons/exec/environment/DefaultProcessingEnvironment.java:218:33
  Adding metrics (CtMethodImpl) getProcEnvironment @ src/main/java/org/apache/commons/exec/environment/DefaultProcessingEnvironment.java:53:45
    Adding basic (CtTypeReferenceImpl) boolean
      Resolved with match basic (CtTypeReferenceImpl) boolean
    Adding select field (CtFieldImpl) procEnvironment @ src/main/java/org/apache/commons/exec/environment/DefaultProcessingEnvironment.java:45:35
      Resolved as new select field (CtFieldImpl) procEnvironment @ src/main/java/org/apache/commons/exec/environment/DefaultProcessingEnvironment.java:45:35
    [34mUnused type args: [java.lang.String, java.lang.String][0m
    Adding interface instantiation java.util.Map<java.lang.String, java.lang.String>
      Resolved with match interface instantiation java.util.Map<java.lang.String, java.lang.String>
    Adding interface instantiation java.util.Map<java.lang.String, java.lang.String>
      Resolved with match interface instantiation java.util.Map<java.lang.String, java.lang.String>
    [34mUnused type args: [java.lang.String, java.lang.String][0m
    [34mUnused type args: [java.lang.String, java.lang.String][0m
    Adding interface instantiation java.util.Map<java.lang.String, java.lang.String>
      Resolved with match interface instantiation java.util.Map<java.lang.String, java.lang.String>
    [34mUnused type args: [java.lang.String, java.lang.String][0m
    Adding interface instantiation java.util.Map<java.lang.String, java.lang.String>
      Resolved with match interface instantiation java.util.Map<java.lang.String, java.lang.String>
    Adding interface instantiation java.util.Map @ src/main/java/org/apache/commons/exec/environment/DefaultProcessingEnvironment.java:62:15<java.lang.String @ src/main/java/org/apache/commons/exec/environment/DefaultProcessingEnvironment.java:62:19, java.lang.String @ src/main/java/org/apache/commons/exec/environment/DefaultProcessingEnvironment.java:62:27>
      Resolved with match interface instantiation java.util.Map @ src/main/java/org/apache/commons/exec/environment/DefaultProcessingEnvironment.java:62:15<java.lang.String @ src/main/java/org/apache/commons/exec/environment/DefaultProcessingEnvironment.java:62:19, java.lang.String @ src/main/java/org/apache/commons/exec/environment/DefaultProcessingEnvironment.java:62:27>
    [34mUnused type args: [java.lang.String @ src/main/java/org/apache/commons/exec/environment/DefaultProcessingEnvironment.java:62:19, java.lang.String @ src/main/java/org/apache/commons/exec/environment/DefaultProcessingEnvironment.java:62:27][0m
    [34mUnused type args: [java.lang.String, java.lang.String][0m
    Adding interface instantiation java.util.Map<java.lang.String, java.lang.String>
      Resolved with match interface instantiation java.util.Map<java.lang.String, java.lang.String>
    Adding abstract (CtMethodImpl) putAll
      Adding signature (CtMethodImpl) putAll
        Adding parameter (CtParameterImpl) arg0
          Resolved as new parameter (CtParameterImpl) arg0
        Resolved as new signature (CtMethodImpl) putAll
      Resolved as new abstract (CtMethodImpl) putAll
    Adding interface instantiation java.util.Map<java.lang.String, java.lang.String>
      Resolved with match interface instantiation java.util.Map<java.lang.String, java.lang.String>
    [34mUnused type args: [java.lang.String, java.lang.String][0m
    [34mUnused type args: [?, ?][0m
    Adding type params reference (CtTypeParameterReferenceImpl) K
      Resolved with match type params reference (CtTypeParameterReferenceImpl) K
    Adding type params reference (CtTypeParameterReferenceImpl) V
      Resolved with match type params reference (CtTypeParameterReferenceImpl) V
    [34mUnused type args: [java.lang.String, java.lang.String][0m
    Adding interface instantiation java.util.Map<java.lang.String, java.lang.String>
      Resolved with match interface instantiation java.util.Map<java.lang.String, java.lang.String>
    Adding interface instantiation java.util.Map<java.lang.String, java.lang.String>
      Resolved with match interface instantiation java.util.Map<java.lang.String, java.lang.String>
    [34mUnused type args: [java.lang.String, java.lang.String][0m
    Resolved as new metrics (CtMethodImpl) getProcEnvironment @ src/main/java/org/apache/commons/exec/environment/DefaultProcessingEnvironment.java:53:45
  Adding metrics (CtMethodImpl) stringSubstitution @ src/main/java/org/apache/commons/exec/util/StringUtils.java:70:32
    Adding constructor (CtConstructorImpl) <init>
      Adding constructor signature (CtConstructorImpl) <init>
        Adding parameter <unnamed> java.lang.StringBuffer
          Resolved with match parameter <unnamed> java.lang.StringBuffer
        Resolved as new constructor signature (CtConstructorImpl) <init>
      Resolved as new constructor (CtConstructorImpl) <init>
    [34mIgnoring implicit executable reference: (CtExecutableReferenceImpl) <init>[0m
    Adding basic (CtTypeReferenceImpl) boolean
      Resolved with match basic (CtTypeReferenceImpl) boolean
    Adding basic (CtTypeReferenceImpl) boolean
      Resolved with match basic (CtTypeReferenceImpl) boolean
    Adding basic (CtTypeReferenceImpl) boolean
      Resolved with match basic (CtTypeReferenceImpl) boolean
    Adding basic (CtTypeReferenceImpl) int
      Resolved with match basic (CtTypeReferenceImpl) int
    Adding basic (CtTypeReferenceImpl) int
      Resolved with match basic (CtTypeReferenceImpl) int
    Adding basic (CtTypeReferenceImpl) boolean
      Resolved with match basic (CtTypeReferenceImpl) boolean
    Adding basic (CtTypeReferenceImpl) boolean
      Resolved with match basic (CtTypeReferenceImpl) boolean
    Adding interface instantiation java.util.Map<?, ?>
      Resolved with match interface instantiation java.util.Map<?, ?>
    [34mUnused type args: [?, ?][0m
    Adding basic (CtTypeReferenceImpl) boolean
      Resolved with match basic (CtTypeReferenceImpl) boolean
    Adding abstract (CtMethodImpl) size
      Adding signature (CtMethodImpl) size
        Adding parameter <unnamed> int
          Adding basic (CtTypeReferenceImpl) int
            Resolved with match basic (CtTypeReferenceImpl) int
          Resolved as new parameter <unnamed> int
        Resolved as new signature (CtMethodImpl) size
      Resolved as new abstract (CtMethodImpl) size
    Adding interface instantiation java.util.Map<?, ?>
      Resolved with match interface instantiation java.util.Map<?, ?>
    [34mUnused type args: [?, ?][0m
    Adding basic (CtTypeReferenceImpl) int
      Resolved with match basic (CtTypeReferenceImpl) int
    Adding basic (CtTypeReferenceImpl) int
      Resolved with match basic (CtTypeReferenceImpl) int
    Adding method (CtMethodImpl) append
      Adding signature (CtMethodImpl) append
        Adding parameter (CtParameterImpl) arg0
          Resolved with match parameter (CtParameterImpl) arg0
        Adding parameter <unnamed> java.lang.StringBuffer
          Resolved with match parameter <unnamed> java.lang.StringBuffer
        Resolved as new signature (CtMethodImpl) append
      Resolved as new method (CtMethodImpl) append
    Adding basic (CtTypeReferenceImpl) int @ src/main/java/org/apache/commons/exec/util/StringUtils.java:82:15
      Resolved with match basic (CtTypeReferenceImpl) int @ src/main/java/org/apache/commons/exec/util/StringUtils.java:82:15
    Adding basic (CtTypeReferenceImpl) int
      Resolved with match basic (CtTypeReferenceImpl) int
    Adding basic (CtTypeReferenceImpl) int @ src/main/java/org/apache/commons/exec/util/StringUtils.java:84:14
      Resolved with match basic (CtTypeReferenceImpl) int @ src/main/java/org/apache/commons/exec/util/StringUtils.java:84:14
    Adding basic (CtTypeReferenceImpl) int
      Resolved with match basic (CtTypeReferenceImpl) int
    Adding basic (CtTypeReferenceImpl) boolean
      Resolved with match basic (CtTypeReferenceImpl) boolean
    Adding basic (CtTypeReferenceImpl) int
      Resolved with match basic (CtTypeReferenceImpl) int
    Adding basic (CtTypeReferenceImpl) int
      Resolved with match basic (CtTypeReferenceImpl) int
    Adding basic (CtTypeReferenceImpl) char @ src/main/java/org/apache/commons/exec/util/StringUtils.java:86:13
      Resolved with match basic (CtTypeReferenceImpl) char @ src/main/java/org/apache/commons/exec/util/StringUtils.java:86:13
    Adding basic (CtTypeReferenceImpl) char
      Resolved with match basic (CtTypeReferenceImpl) char
    Adding basic (CtTypeReferenceImpl) int
      Resolved with match basic (CtTypeReferenceImpl) int
    Adding basic (CtTypeReferenceImpl) int
      Resolved with match basic (CtTypeReferenceImpl) int
    Adding basic (CtTypeReferenceImpl) char @ src/main/java/org/apache/commons/exec/util/StringUtils.java:87:13
      Resolved with match basic (CtTypeReferenceImpl) char @ src/main/java/org/apache/commons/exec/util/StringUtils.java:87:13
    Adding basic (CtTypeReferenceImpl) char
      Resolved with match basic (CtTypeReferenceImpl) char
    Adding basic (CtTypeReferenceImpl) char
      Resolved with match basic (CtTypeReferenceImpl) char
    Adding basic (CtTypeReferenceImpl) char
      Resolved with match basic (CtTypeReferenceImpl) char
    [34mIgnoring implicit executable reference: (CtExecutableReferenceImpl) <init>[0m
    Adding basic (CtTypeReferenceImpl) char
      Resolved with match basic (CtTypeReferenceImpl) char
    Adding basic (CtTypeReferenceImpl) char
      Resolved with match basic (CtTypeReferenceImpl) char
    Adding basic (CtTypeReferenceImpl) char
      Resolved with match basic (CtTypeReferenceImpl) char
    Adding basic (CtTypeReferenceImpl) int
      Resolved with match basic (CtTypeReferenceImpl) int
    Adding basic (CtTypeReferenceImpl) int
      Resolved with match basic (CtTypeReferenceImpl) int
    Adding basic (CtTypeReferenceImpl) int
      Resolved with match basic (CtTypeReferenceImpl) int
    Adding basic (CtTypeReferenceImpl) int
      Resolved with match basic (CtTypeReferenceImpl) int
    Adding basic (CtTypeReferenceImpl) boolean
      Resolved with match basic (CtTypeReferenceImpl) boolean
    Adding basic (CtTypeReferenceImpl) char
      Resolved with match basic (CtTypeReferenceImpl) char
    Adding basic (CtTypeReferenceImpl) char
      Resolved with match basic (CtTypeReferenceImpl) char
    Adding basic (CtTypeReferenceImpl) int
      Resolved with match basic (CtTypeReferenceImpl) int
    Adding basic (CtTypeReferenceImpl) int
      Resolved with match basic (CtTypeReferenceImpl) int
    Adding basic (CtTypeReferenceImpl) int
      Resolved with match basic (CtTypeReferenceImpl) int
    Adding basic (CtTypeReferenceImpl) int
      Resolved with match basic (CtTypeReferenceImpl) int
    Adding basic (CtTypeReferenceImpl) boolean
      Resolved with match basic (CtTypeReferenceImpl) boolean
    Adding basic (CtTypeReferenceImpl) int
      Resolved with match basic (CtTypeReferenceImpl) int
    Adding basic (CtTypeReferenceImpl) int
      Resolved with match basic (CtTypeReferenceImpl) int
    Adding basic (CtTypeReferenceImpl) int
      Resolved with match basic (CtTypeReferenceImpl) int
    Adding basic (CtTypeReferenceImpl) int
      Resolved with match basic (CtTypeReferenceImpl) int
    Adding basic (CtTypeReferenceImpl) char
      Resolved with match basic (CtTypeReferenceImpl) char
    Adding basic (CtTypeReferenceImpl) char
      Resolved with match basic (CtTypeReferenceImpl) char
    Adding basic (CtTypeReferenceImpl) char
      Resolved with match basic (CtTypeReferenceImpl) char
    Adding basic (CtTypeReferenceImpl) int
      Resolved with match basic (CtTypeReferenceImpl) int
    Adding basic (CtTypeReferenceImpl) int
      Resolved with match basic (CtTypeReferenceImpl) int
    Adding basic (CtTypeReferenceImpl) boolean
      Resolved with match basic (CtTypeReferenceImpl) boolean
    Adding basic (CtTypeReferenceImpl) boolean
      Resolved with match basic (CtTypeReferenceImpl) boolean
    Adding basic (CtTypeReferenceImpl) boolean
      Resolved with match basic (CtTypeReferenceImpl) boolean
    Adding basic (CtTypeReferenceImpl) boolean
      Resolved with match basic (CtTypeReferenceImpl) boolean
    Adding basic (CtTypeReferenceImpl) boolean
      Resolved with match basic (CtTypeReferenceImpl) boolean
    Adding basic (CtTypeReferenceImpl) char
      Resolved with match basic (CtTypeReferenceImpl) char
    Adding basic (CtTypeReferenceImpl) char
      Resolved with match basic (CtTypeReferenceImpl) char
    Adding basic (CtTypeReferenceImpl) boolean
      Resolved with match basic (CtTypeReferenceImpl) boolean
    Adding basic (CtTypeReferenceImpl) char
      Resolved with match basic (CtTypeReferenceImpl) char
    Adding basic (CtTypeReferenceImpl) char
      Resolved with match basic (CtTypeReferenceImpl) char
    Adding basic (CtTypeReferenceImpl) boolean
      Resolved with match basic (CtTypeReferenceImpl) boolean
    Adding basic (CtTypeReferenceImpl) char
      Resolved with match basic (CtTypeReferenceImpl) char
    Adding basic (CtTypeReferenceImpl) char
      Resolved with match basic (CtTypeReferenceImpl) char
    Adding basic (CtTypeReferenceImpl) boolean
      Resolved with match basic (CtTypeReferenceImpl) boolean
    Adding basic (CtTypeReferenceImpl) char
      Resolved with match basic (CtTypeReferenceImpl) char
    Adding basic (CtTypeReferenceImpl) char
      Resolved with match basic (CtTypeReferenceImpl) char
    Adding object decl (CtClassImpl) Character
      Adding struct (CtClassImpl) Character
        Resolved as new struct (CtClassImpl) Character
      Resolved as new object decl (CtClassImpl) Character
    Adding method (CtMethodImpl) isLetterOrDigit
      Adding signature (CtMethodImpl) isLetterOrDigit
        Adding parameter (CtParameterImpl) arg0
          Adding basic (CtTypeReferenceImpl) char
            Resolved with match basic (CtTypeReferenceImpl) char
          Resolved as new parameter (CtParameterImpl) arg0
        Adding parameter <unnamed> boolean
          Adding basic (CtTypeReferenceImpl) boolean
            Resolved with match basic (CtTypeReferenceImpl) boolean
          Resolved as new parameter <unnamed> boolean
        Resolved as new signature (CtMethodImpl) isLetterOrDigit
      Resolved as new method (CtMethodImpl) isLetterOrDigit
    Adding basic (CtTypeReferenceImpl) boolean
      Resolved with match basic (CtTypeReferenceImpl) boolean
    Adding basic (CtTypeReferenceImpl) char
      Resolved with match basic (CtTypeReferenceImpl) char
    Adding basic (CtTypeReferenceImpl) char
      Resolved with match basic (CtTypeReferenceImpl) char
    Adding basic (CtTypeReferenceImpl) char
      Resolved with match basic (CtTypeReferenceImpl) char
    Adding basic (CtTypeReferenceImpl) char
      Resolved with match basic (CtTypeReferenceImpl) char
    Adding basic (CtTypeReferenceImpl) boolean
      Resolved with match basic (CtTypeReferenceImpl) boolean
    Adding basic (CtTypeReferenceImpl) int
      Resolved with match basic (CtTypeReferenceImpl) int
    Adding basic (CtTypeReferenceImpl) int
      Resolved with match basic (CtTypeReferenceImpl) int
    Adding interface instantiation java.util.Map<?, ?>
      Resolved with match interface instantiation java.util.Map<?, ?>
    [34mUnused type args: [?, ?][0m
    Adding basic (CtTypeReferenceImpl) boolean
      Resolved with match basic (CtTypeReferenceImpl) boolean
    Adding basic (CtTypeReferenceImpl) boolean
      Resolved with match basic (CtTypeReferenceImpl) boolean
    Adding basic (CtTypeReferenceImpl) boolean
      Resolved with match basic (CtTypeReferenceImpl) boolean
    Adding basic (CtTypeReferenceImpl) boolean
      Resolved with match basic (CtTypeReferenceImpl) boolean
    [34mIgnoring implicit executable reference: (CtExecutableReferenceImpl) <init>[0m
    Adding basic (CtTypeReferenceImpl) char
      Resolved with match basic (CtTypeReferenceImpl) char
    Adding basic (CtTypeReferenceImpl) char
      Resolved with match basic (CtTypeReferenceImpl) char
    Adding basic (CtTypeReferenceImpl) char
      Resolved with match basic (CtTypeReferenceImpl) char
    Adding basic (CtTypeReferenceImpl) int
      Resolved with match basic (CtTypeReferenceImpl) int
    Adding basic (CtTypeReferenceImpl) int
      Resolved with match basic (CtTypeReferenceImpl) int
    Adding basic (CtTypeReferenceImpl) boolean
      Resolved with match basic (CtTypeReferenceImpl) boolean
    Adding basic (CtTypeReferenceImpl) char
      Resolved with match basic (CtTypeReferenceImpl) char
    Adding basic (CtTypeReferenceImpl) char
      Resolved with match basic (CtTypeReferenceImpl) char
    [34mIgnoring implicit executable reference: (CtExecutableReferenceImpl) <init>[0m
    Adding basic (CtTypeReferenceImpl) int
      Resolved with match basic (CtTypeReferenceImpl) int
    Adding basic (CtTypeReferenceImpl) int
      Resolved with match basic (CtTypeReferenceImpl) int
    Adding method (CtMethodImpl) append
      Adding signature (CtMethodImpl) append
        Adding parameter (CtParameterImpl) arg0
          Adding basic (CtTypeReferenceImpl) char
            Resolved with match basic (CtTypeReferenceImpl) char
          Resolved as new parameter (CtParameterImpl) arg0
        Adding parameter <unnamed> java.lang.StringBuffer
          Resolved with match parameter <unnamed> java.lang.StringBuffer
        Resolved as new signature (CtMethodImpl) append
      Resolved as new method (CtMethodImpl) append
    Adding basic (CtTypeReferenceImpl) char
      Resolved with match basic (CtTypeReferenceImpl) char
    Adding basic (CtTypeReferenceImpl) char
      Resolved with match basic (CtTypeReferenceImpl) char
    Adding basic (CtTypeReferenceImpl) int
      Resolved with match basic (CtTypeReferenceImpl) int
    Adding basic (CtTypeReferenceImpl) int
      Resolved with match basic (CtTypeReferenceImpl) int
    Adding basic (CtTypeReferenceImpl) char
      Resolved with match basic (CtTypeReferenceImpl) char
    Adding basic (CtTypeReferenceImpl) char
      Resolved with match basic (CtTypeReferenceImpl) char
    Adding basic (CtTypeReferenceImpl) int
      Resolved with match basic (CtTypeReferenceImpl) int
    Adding basic (CtTypeReferenceImpl) int
      Resolved with match basic (CtTypeReferenceImpl) int
    Resolved as new metrics (CtMethodImpl) stringSubstitution @ src/main/java/org/apache/commons/exec/util/StringUtils.java:70:32
  Adding metrics (CtMethodImpl) isFamilyOpenVms @ src/main/java/org/apache/commons/exec/OS.java:146:27
    Adding basic (CtTypeReferenceImpl) boolean
      Resolved with match basic (CtTypeReferenceImpl) boolean
    Resolved as new metrics (CtMethodImpl) isFamilyOpenVms @ src/main/java/org/apache/commons/exec/OS.java:146:27
  Adding metrics (CtMethodImpl) parseEnvironmentVariable @ src/main/java/org/apache/commons/exec/environment/EnvironmentUtils.java:106:29
    Adding basic (CtTypeReferenceImpl) int @ src/main/java/org/apache/commons/exec/environment/EnvironmentUtils.java:107:15
      Resolved with match basic (CtTypeReferenceImpl) int @ src/main/java/org/apache/commons/exec/environment/EnvironmentUtils.java:107:15
    Adding basic (CtTypeReferenceImpl) int
      Resolved with match basic (CtTypeReferenceImpl) int
    Adding basic (CtTypeReferenceImpl) int
      Resolved with match basic (CtTypeReferenceImpl) int
    Adding basic (CtTypeReferenceImpl) char
      Resolved with match basic (CtTypeReferenceImpl) char
    Adding basic (CtTypeReferenceImpl) boolean
      Resolved with match basic (CtTypeReferenceImpl) boolean
    Adding basic (CtTypeReferenceImpl) int
      Resolved with match basic (CtTypeReferenceImpl) int
    Adding basic (CtTypeReferenceImpl) int
      Resolved with match basic (CtTypeReferenceImpl) int
    Adding basic (CtTypeReferenceImpl) int
      Resolved with match basic (CtTypeReferenceImpl) int
    [34mIgnoring implicit executable reference: (CtExecutableReferenceImpl) <init>[0m
    Adding basic (CtTypeReferenceImpl) int
      Resolved with match basic (CtTypeReferenceImpl) int
    Adding basic (CtTypeReferenceImpl) int
      Resolved with match basic (CtTypeReferenceImpl) int
    Adding basic (CtTypeReferenceImpl) int
      Resolved with match basic (CtTypeReferenceImpl) int
    Adding basic (CtTypeReferenceImpl) int
      Resolved with match basic (CtTypeReferenceImpl) int
    Adding basic (CtTypeReferenceImpl) int
      Resolved with match basic (CtTypeReferenceImpl) int
    Adding basic (CtTypeReferenceImpl) int
      Resolved with match basic (CtTypeReferenceImpl) int
    Adding basic (CtTypeReferenceImpl) int
      Resolved with match basic (CtTypeReferenceImpl) int
    Adding basic (CtTypeReferenceImpl) int
      Resolved with match basic (CtTypeReferenceImpl) int
    Adding basic (CtTypeReferenceImpl) int
      Resolved with match basic (CtTypeReferenceImpl) int
    Adding basic (CtTypeReferenceImpl) int
      Resolved with match basic (CtTypeReferenceImpl) int
    Adding basic (CtTypeReferenceImpl) int
      Resolved with match basic (CtTypeReferenceImpl) int
    Resolved as new metrics (CtMethodImpl) parseEnvironmentVariable @ src/main/java/org/apache/commons/exec/environment/EnvironmentUtils.java:106:29
  Adding metrics (CtMethodImpl) isFamilyWindows @ src/main/java/org/apache/commons/exec/OS.java:126:27
    Adding basic (CtTypeReferenceImpl) boolean
      Resolved with match basic (CtTypeReferenceImpl) boolean
    Resolved as new metrics (CtMethodImpl) isFamilyWindows @ src/main/java/org/apache/commons/exec/OS.java:126:27
  Adding metrics (CtMethodImpl) isFamilyUnix @ src/main/java/org/apache/commons/exec/OS.java:122:27
    Adding basic (CtTypeReferenceImpl) boolean
      Resolved with match basic (CtTypeReferenceImpl) boolean
    Resolved as new metrics (CtMethodImpl) isFamilyUnix @ src/main/java/org/apache/commons/exec/OS.java:122:27
  Adding metrics (CtMethodImpl) toString @ src/main/java/org/apache/commons/exec/util/StringUtils.java:199:26
    [34mIgnoring implicit executable reference: (CtExecutableReferenceImpl) <init>[0m
    Adding basic (CtTypeReferenceImpl) int @ src/main/java/org/apache/commons/exec/util/StringUtils.java:201:14
      Resolved with match basic (CtTypeReferenceImpl) int @ src/main/java/org/apache/commons/exec/util/StringUtils.java:201:14
    Adding basic (CtTypeReferenceImpl) int
      Resolved with match basic (CtTypeReferenceImpl) int
    Adding basic (CtTypeReferenceImpl) boolean
      Resolved with match basic (CtTypeReferenceImpl) boolean
    Adding basic (CtTypeReferenceImpl) int
      Resolved with match basic (CtTypeReferenceImpl) int
    Adding basic (CtTypeReferenceImpl) int
      Resolved with match basic (CtTypeReferenceImpl) int
    Adding basic (CtTypeReferenceImpl) int
      Resolved with match basic (CtTypeReferenceImpl) int
    Adding basic (CtTypeReferenceImpl) int
      Resolved with match basic (CtTypeReferenceImpl) int
    Adding basic (CtTypeReferenceImpl) boolean
      Resolved with match basic (CtTypeReferenceImpl) boolean
    Adding basic (CtTypeReferenceImpl) int
      Resolved with match basic (CtTypeReferenceImpl) int
    Adding basic (CtTypeReferenceImpl) int
      Resolved with match basic (CtTypeReferenceImpl) int
    Adding basic (CtTypeReferenceImpl) int
      Resolved with match basic (CtTypeReferenceImpl) int
    Resolved as new metrics (CtMethodImpl) toString @ src/main/java/org/apache/commons/exec/util/StringUtils.java:199:26
  Adding metrics (CtMethodImpl) split @ src/main/java/org/apache/commons/exec/util/StringUtils.java:166:28
    Adding constructor (CtConstructorImpl) <init>
      Adding constructor signature (CtConstructorImpl) <init>
        Adding parameter (CtParameterImpl) arg0
          Resolved with match parameter (CtParameterImpl) arg0
        Adding parameter (CtParameterImpl) arg1
          Resolved with match parameter (CtParameterImpl) arg1
        Resolved as new constructor signature (CtConstructorImpl) <init>
      Resolved as new constructor (CtConstructorImpl) <init>
    [34mIgnoring implicit executable reference: (CtExecutableReferenceImpl) <init>[0m
    Adding interface decl (CtInterfaceImpl) List
      Adding type params (CtTypeParameterImpl) E
        Resolved with match type params (CtTypeParameterImpl) E
      Resolved as new interface decl (CtInterfaceImpl) List
    Adding interface instantiation java.util.List @ src/main/java/org/apache/commons/exec/util/StringUtils.java:168:15<java.lang.String @ src/main/java/org/apache/commons/exec/util/StringUtils.java:168:20>
      Resolved as new interface instantiation java.util.List @ src/main/java/org/apache/commons/exec/util/StringUtils.java:168:15<java.lang.String @ src/main/java/org/apache/commons/exec/util/StringUtils.java:168:20>
    [34mUnused type args: [java.lang.String @ src/main/java/org/apache/commons/exec/util/StringUtils.java:168:20][0m
    [34mIgnoring implicit executable reference: (CtExecutableReferenceImpl) <init>[0m
    [34mUnused type args: [java.lang.String @ src/main/java/org/apache/commons/exec/util/StringUtils.java:168:52][0m
    Adding object instantiation java.util.ArrayList @ src/main/java/org/apache/commons/exec/util/StringUtils.java:168:42<java.lang.String @ src/main/java/org/apache/commons/exec/util/StringUtils.java:168:52>
      Resolved with match object instantiation java.util.ArrayList @ src/main/java/org/apache/commons/exec/util/StringUtils.java:168:42<java.lang.String @ src/main/java/org/apache/commons/exec/util/StringUtils.java:168:52>
    Adding basic (CtTypeReferenceImpl) boolean
      Resolved with match basic (CtTypeReferenceImpl) boolean
    Adding abstract (CtMethodImpl) add
      Adding signature (CtMethodImpl) add
        Adding parameter (CtParameterImpl) arg0
          Resolved as new parameter (CtParameterImpl) arg0
        Adding parameter <unnamed> boolean
          Adding basic (CtTypeReferenceImpl) boolean
            Resolved with match basic (CtTypeReferenceImpl) boolean
          Resolved as new parameter <unnamed> boolean
        Resolved as new signature (CtMethodImpl) add
      Resolved as new abstract (CtMethodImpl) add
    Adding interface instantiation java.util.List<java.lang.String>
      Resolved with match interface instantiation java.util.List<java.lang.String>
    [34mUnused type args: [java.lang.String][0m
    Adding basic (CtTypeReferenceImpl) boolean
      Resolved with match basic (CtTypeReferenceImpl) boolean
    Adding abstract (CtMethodImpl) toArray
      Adding signature (CtMethodImpl) toArray
        Adding parameter (CtParameterImpl) arg0
          Adding type params reference (CtTypeParameterReferenceImpl) T
            Resolved with match type params reference (CtTypeParameterReferenceImpl) T
          Resolved with match parameter (CtParameterImpl) arg0
        Adding parameter <unnamed> T[]
          Resolved with match parameter <unnamed> T[]
        Resolved as new signature (CtMethodImpl) toArray
      Resolved as new abstract (CtMethodImpl) toArray
    Adding interface instantiation java.util.List<java.lang.String>
      Resolved with match interface instantiation java.util.List<java.lang.String>
    [34mUnused type args: [java.lang.String][0m
    [34mUnused type args: [java.lang.String][0m
    Adding abstract (CtMethodImpl) size
      Adding signature (CtMethodImpl) size
        Adding parameter <unnamed> int
          Adding basic (CtTypeReferenceImpl) int
            Resolved with match basic (CtTypeReferenceImpl) int
          Resolved as new parameter <unnamed> int
        Resolved as new signature (CtMethodImpl) size
      Resolved as new abstract (CtMethodImpl) size
    Adding interface instantiation java.util.List<java.lang.String>
      Resolved with match interface instantiation java.util.List<java.lang.String>
    [34mUnused type args: [java.lang.String][0m
    Adding basic (CtTypeReferenceImpl) int
      Resolved with match basic (CtTypeReferenceImpl) int
    Resolved as new metrics (CtMethodImpl) split @ src/main/java/org/apache/commons/exec/util/StringUtils.java:166:28
  Adding metrics (CtMethodImpl) isFamilyOS400 @ src/main/java/org/apache/commons/exec/OS.java:142:27
    Adding basic (CtTypeReferenceImpl) boolean
      Resolved with match basic (CtTypeReferenceImpl) boolean
    Resolved as new metrics (CtMethodImpl) isFamilyOS400 @ src/main/java/org/apache/commons/exec/OS.java:142:27
  Adding metrics (CtMethodImpl) createProcEnvironment @ src/main/java/org/apache/commons/exec/environment/DefaultProcessingEnvironment.java:73:35
    Adding basic (CtTypeReferenceImpl) boolean
      Resolved with match basic (CtTypeReferenceImpl) boolean
    [34mUnused type args: [java.lang.String, java.lang.String][0m
    Adding interface instantiation java.util.Map<java.lang.String, java.lang.String>
      Resolved with match interface instantiation java.util.Map<java.lang.String, java.lang.String>
    Adding interface instantiation java.util.Map @ src/main/java/org/apache/commons/exec/environment/DefaultProcessingEnvironment.java:75:19<java.lang.String @ src/main/java/org/apache/commons/exec/environment/DefaultProcessingEnvironment.java:75:23, java.lang.String @ src/main/java/org/apache/commons/exec/environment/DefaultProcessingEnvironment.java:75:31>
      Resolved with match interface instantiation java.util.Map @ src/main/java/org/apache/commons/exec/environment/DefaultProcessingEnvironment.java:75:19<java.lang.String @ src/main/java/org/apache/commons/exec/environment/DefaultProcessingEnvironment.java:75:23, java.lang.String @ src/main/java/org/apache/commons/exec/environment/DefaultProcessingEnvironment.java:75:31>
    [34mUnused type args: [java.lang.String @ src/main/java/org/apache/commons/exec/environment/DefaultProcessingEnvironment.java:75:23, java.lang.String @ src/main/java/org/apache/commons/exec/environment/DefaultProcessingEnvironment.java:75:31][0m
    Adding method (CtMethodImpl) getenv
      Adding signature (CtMethodImpl) getenv
        Adding parameter <unnamed> java.util.Map<java.lang.String, java.lang.String>
          Adding interface instantiation java.util.Map<java.lang.String, java.lang.String>
            Resolved with match interface instantiation java.util.Map<java.lang.String, java.lang.String>
          Resolved as new parameter <unnamed> java.util.Map<java.lang.String, java.lang.String>
        Resolved as new signature (CtMethodImpl) getenv
      Resolved as new method (CtMethodImpl) getenv
    [34mUnused type args: [java.lang.String, java.lang.String][0m
    Adding interface instantiation java.util.Map<java.lang.String, java.lang.String>
      Resolved with match interface instantiation java.util.Map<java.lang.String, java.lang.String>
    Adding interface instantiation java.util.Map<java.lang.String, java.lang.String>
      Resolved with match interface instantiation java.util.Map<java.lang.String, java.lang.String>
    [34mUnused type args: [java.lang.String, java.lang.String][0m
    [34mUnused type args: [java.lang.String, java.lang.String][0m
    Adding interface instantiation java.util.Map<java.lang.String, java.lang.String>
      Resolved with match interface instantiation java.util.Map<java.lang.String, java.lang.String>
    [34mUnused type args: [java.lang.String, java.lang.String][0m
    Adding interface instantiation java.util.Map<java.lang.String, java.lang.String>
      Resolved with match interface instantiation java.util.Map<java.lang.String, java.lang.String>
    [34mUnused type args: [java.lang.String, java.lang.String][0m
    Adding interface instantiation java.util.Map<java.lang.String, java.lang.String>
      Resolved with match interface instantiation java.util.Map<java.lang.String, java.lang.String>
    [34mUnused type args: [?, ?][0m
    Adding type params reference (CtTypeParameterReferenceImpl) K
      Resolved with match type params reference (CtTypeParameterReferenceImpl) K
    Adding type params reference (CtTypeParameterReferenceImpl) V
      Resolved with match type params reference (CtTypeParameterReferenceImpl) V
    Adding interface instantiation java.util.Map<java.lang.String, java.lang.String>
      Resolved with match interface instantiation java.util.Map<java.lang.String, java.lang.String>
    [34mUnused type args: [java.lang.String, java.lang.String][0m
    [34mUnused type args: [java.lang.String, java.lang.String][0m
    Adding interface instantiation java.util.Map<java.lang.String, java.lang.String>
      Resolved with match interface instantiation java.util.Map<java.lang.String, java.lang.String>
    Resolved as new metrics (CtMethodImpl) createProcEnvironment @ src/main/java/org/apache/commons/exec/environment/DefaultProcessingEnvironment.java:73:35
  Adding metrics (CtMethodImpl) isName @ src/main/java/org/apache/commons/exec/OS.java:157:27
    Adding basic (CtTypeReferenceImpl) boolean
      Resolved with match basic (CtTypeReferenceImpl) boolean
    Resolved as new metrics (CtMethodImpl) isName @ src/main/java/org/apache/commons/exec/OS.java:157:27
  Adding metrics (CtMethodImpl) isFamilyTandem @ src/main/java/org/apache/commons/exec/OS.java:118:27
    Adding basic (CtTypeReferenceImpl) boolean
      Resolved with match basic (CtTypeReferenceImpl) boolean
    Resolved as new metrics (CtMethodImpl) isFamilyTandem @ src/main/java/org/apache/commons/exec/OS.java:118:27
  Adding metrics (CtMethodImpl) toStrings @ src/main/java/org/apache/commons/exec/environment/EnvironmentUtils.java:59:28
    Adding basic (CtTypeReferenceImpl) boolean
      Resolved with match basic (CtTypeReferenceImpl) boolean
    Adding interface instantiation java.util.Map<java.lang.String, java.lang.String>
      Resolved with match interface instantiation java.util.Map<java.lang.String, java.lang.String>
    [34mUnused type args: [java.lang.String, java.lang.String][0m
    Adding interface instantiation java.util.Map<java.lang.String, java.lang.String>
      Resolved with match interface instantiation java.util.Map<java.lang.String, java.lang.String>
    [34mUnused type args: [java.lang.String, java.lang.String][0m
    Adding basic (CtTypeReferenceImpl) int
      Resolved with match basic (CtTypeReferenceImpl) int
    Adding basic (CtTypeReferenceImpl) int @ src/main/java/org/apache/commons/exec/environment/EnvironmentUtils.java:64:9
      Resolved with match basic (CtTypeReferenceImpl) int @ src/main/java/org/apache/commons/exec/environment/EnvironmentUtils.java:64:9
    Adding basic (CtTypeReferenceImpl) int
      Resolved with match basic (CtTypeReferenceImpl) int
    [34mUnused type args: [java.lang.String @ src/main/java/org/apache/commons/exec/environment/EnvironmentUtils.java:65:26, java.lang.String @ src/main/java/org/apache/commons/exec/environment/EnvironmentUtils.java:65:34][0m
    Adding interface instantiation java.util.Map<java.lang.String, java.lang.String>
      Resolved with match interface instantiation java.util.Map<java.lang.String, java.lang.String>
    [34mUnused type args: [java.lang.String, java.lang.String][0m
    [34mUnused type args: [java.util.Map$Entry][0m
    Adding interface instantiation java.util.Set<java.util.Map$Entry>
      Resolved with match interface instantiation java.util.Set<java.util.Map$Entry>
    [34mUnused type args: [java.lang.String, java.lang.String][0m
    Adding basic (CtTypeReferenceImpl) boolean
      Resolved with match basic (CtTypeReferenceImpl) boolean
    [34mUnused type args: [java.lang.String, java.lang.String][0m
    Adding method (CtMethodImpl) toString
      Adding signature (CtMethodImpl) toString
        Adding parameter <unnamed> java.lang.String
          Resolved with match parameter <unnamed> java.lang.String
        Resolved as new signature (CtMethodImpl) toString
      Resolved as new method (CtMethodImpl) toString
    [34mUnused type args: [java.lang.String, java.lang.String][0m
    Adding basic (CtTypeReferenceImpl) boolean
      Resolved with match basic (CtTypeReferenceImpl) boolean
    [34mUnused type args: [java.lang.String, java.lang.String][0m
    [34mUnused type args: [java.lang.String, java.lang.String][0m
    Adding basic (CtTypeReferenceImpl) int
      Resolved with match basic (CtTypeReferenceImpl) int
    Adding basic (CtTypeReferenceImpl) int
      Resolved with match basic (CtTypeReferenceImpl) int
    Adding basic (CtTypeReferenceImpl) int
      Resolved with match basic (CtTypeReferenceImpl) int
    Resolved as new metrics (CtMethodImpl) toStrings @ src/main/java/org/apache/commons/exec/environment/EnvironmentUtils.java:59:28
  Adding metrics (CtMethodImpl) getProcEnvCommand @ src/main/java/org/apache/commons/exec/environment/DefaultProcessingEnvironment.java:138:27
    Resolved as new metrics (CtMethodImpl) getProcEnvCommand @ src/main/java/org/apache/commons/exec/environment/DefaultProcessingEnvironment.java:138:27
  Finishing field (CtFieldImpl) separatorChar
  Finishing interface decl (CtInterfaceImpl) CharSequence
  Finishing interface decl (CtInterfaceImpl) Comparator
  Finishing interface decl (CtInterfaceImpl) List
  Finishing interface description (CtInterfaceImpl) Comparator
  Finishing interface description (CtInterfaceImpl) Comparator
  Finishing interface description (CtInterfaceImpl) NavigableMap
  Finishing interface description (CtInterfaceImpl) Serializable
  Finishing interface description (CtInterfaceImpl) Cloneable
  Finishing interface description (CtInterfaceImpl) Comparator
  Finishing interface description (CtInterfaceImpl) Comparator
  Finishing interface instantiation java.util.Map<java.lang.String, java.lang.String>
  Finishing interface instantiation java.util.Map<java.lang.String, java.lang.String>
  Finishing interface instantiation java.util.Comparator<?>
  Finishing interface instantiation java.util.Comparator<?>
  Finishing interface instantiation java.util.Comparator @ src/main/java/org/apache/commons/exec/environment/DefaultProcessingEnvironment.java:220:52<java.lang.String @ src/main/java/org/apache/commons/exec/environment/DefaultProcessingEnvironment.java:220:63>
  Finishing interface instantiation java.util.Comparator<java.lang.String>
  Finishing interface instantiation java.util.Map<java.lang.String, java.lang.String>
  Finishing interface instantiation java.util.Map<java.lang.String, java.lang.String>
  Finishing interface instantiation java.util.Map<java.lang.String, java.lang.String>
  Finishing interface instantiation java.util.Map<java.lang.String, java.lang.String>
  Finishing interface instantiation java.util.Map @ src/main/java/org/apache/commons/exec/environment/DefaultProcessingEnvironment.java:62:15<java.lang.String @ src/main/java/org/apache/commons/exec/environment/DefaultProcessingEnvironment.java:62:19, java.lang.String @ src/main/java/org/apache/commons/exec/environment/DefaultProcessingEnvironment.java:62:27>
  Finishing interface instantiation java.util.Map<java.lang.String, java.lang.String>
  Finishing interface instantiation java.util.Map<java.lang.String, java.lang.String>
  Finishing interface instantiation java.util.Map<java.lang.String, java.lang.String>
  Finishing interface instantiation java.util.Map<java.lang.String, java.lang.String>
  Finishing interface instantiation java.util.Map<?, ?>
  Finishing interface instantiation java.util.Map<?, ?>
  Finishing interface instantiation java.util.Map<?, ?>
  Finishing interface instantiation java.util.List @ src/main/java/org/apache/commons/exec/util/StringUtils.java:168:15<java.lang.String @ src/main/java/org/apache/commons/exec/util/StringUtils.java:168:20>
  Finishing interface instantiation java.util.List<java.lang.String>
  Finishing interface instantiation java.util.List<java.lang.String>
  Finishing interface instantiation java.util.List<java.lang.String>
  Finishing interface instantiation java.util.Map<java.lang.String, java.lang.String>
  Finishing interface instantiation java.util.Map @ src/main/java/org/apache/commons/exec/environment/DefaultProcessingEnvironment.java:75:19<java.lang.String @ src/main/java/org/apache/commons/exec/environment/DefaultProcessingEnvironment.java:75:23, java.lang.String @ src/main/java/org/apache/commons/exec/environment/DefaultProcessingEnvironment.java:75:31>
  Finishing interface instantiation java.util.Map<java.lang.String, java.lang.String>
  Finishing interface instantiation java.util.Map<java.lang.String, java.lang.String>
  Finishing interface instantiation java.util.Map<java.lang.String, java.lang.String>
  Finishing interface instantiation java.util.Map<java.lang.String, java.lang.String>
  Finishing interface instantiation java.util.Map<java.lang.String, java.lang.String>
  Finishing interface instantiation java.util.Map<java.lang.String, java.lang.String>
  Finishing interface instantiation java.util.Map<java.lang.String, java.lang.String>
  Finishing interface instantiation java.util.Map<java.lang.String, java.lang.String>
  Finishing interface instantiation java.util.Map<java.lang.String, java.lang.String>
  Finishing interface instantiation java.util.Map<java.lang.String, java.lang.String>
  Finishing interface instantiation java.util.Map<java.lang.String, java.lang.String>
  Finishing interface instantiation java.util.Set<java.util.Map$Entry>
  Finishing method (CtMethodImpl) replace
  Finishing method (CtMethodImpl) startsWith
  Finishing method (CtMethodImpl) endsWith
  Finishing method (CtMethodImpl) substring
  Finishing method (CtMethodImpl) substring
  Finishing method (CtMethodImpl) indexOf
  Finishing method (CtMethodImpl) contains
  Finishing constructor (CtConstructorImpl) <init>
  Finishing constructor (CtConstructorImpl) <init>
  Finishing method (CtMethodImpl) compareToIgnoreCase
  Finishing constructor (CtConstructorImpl) <init>
  Finishing method (CtMethodImpl) append
  Finishing method (CtMethodImpl) isLetterOrDigit
  Finishing method (CtMethodImpl) append
  Finishing constructor (CtConstructorImpl) <init>
  Finishing method (CtMethodImpl) getenv
  Finishing method (CtMethodImpl) toString
  Finishing object decl (CtClassImpl) RuntimeException
  Finishing object decl (CtClassImpl) TreeMap
    Adding interface description (CtInterfaceImpl) NavigableMap
      Resolved as new interface description (CtInterfaceImpl) NavigableMap
  Finishing object decl (CtClassImpl) Character
  Finishing object instantiation java.util.TreeMap @ src/main/java/org/apache/commons/exec/environment/DefaultProcessingEnvironment.java:220:24<java.lang.String @ src/main/java/org/apache/commons/exec/environment/DefaultProcessingEnvironment.java:220:32, java.lang.String @ src/main/java/org/apache/commons/exec/environment/DefaultProcessingEnvironment.java:220:40>
  Finishing object instantiation java.util.HashMap @ src/main/java/org/apache/commons/exec/environment/DefaultProcessingEnvironment.java:226:20<java.lang.String @ src/main/java/org/apache/commons/exec/environment/DefaultProcessingEnvironment.java:226:28, java.lang.String @ src/main/java/org/apache/commons/exec/environment/DefaultProcessingEnvironment.java:226:36>
  Finishing object instantiation java.util.ArrayList @ src/main/java/org/apache/commons/exec/util/StringUtils.java:168:42<java.lang.String @ src/main/java/org/apache/commons/exec/util/StringUtils.java:168:52>
  Finishing package java.lang
    Adding object decl (CtClassImpl) Enum
      Adding struct (CtClassImpl) Enum
        Resolved as new struct (CtClassImpl) Enum
      Adding type params (CtTypeParameterImpl) E
        Resolved as new type params (CtTypeParameterImpl) E
      Resolved as new object decl (CtClassImpl) Enum
    Adding interface decl (CtInterfaceImpl) Cloneable
      Resolved as new interface decl (CtInterfaceImpl) Cloneable
    Adding interface decl (CtInterfaceImpl) Comparable
      Adding type params (CtTypeParameterImpl) T
        Resolved with match type params (CtTypeParameterImpl) T
      Resolved as new interface decl (CtInterfaceImpl) Comparable
    Adding interface decl (CtInterfaceImpl) Appendable
      Resolved as new interface decl (CtInterfaceImpl) Appendable
  Finishing interface decl (CtInterfaceImpl) Cloneable
  Finishing interface decl (CtInterfaceImpl) Comparable
  Finishing interface decl (CtInterfaceImpl) Appendable
  Finishing interface description (CtInterfaceImpl) NavigableMap
  Finishing object decl (CtClassImpl) Enum
  Adding package <unnamed>
    Resolved as new package <unnamed>
  Finishing package <unnamed>
  Adding package java.util
    Resolved as new package java.util
  Finishing package java.util
    Adding object decl (CtClassImpl) Locale
      Adding struct (CtClassImpl) Locale
        Resolved as new struct (CtClassImpl) Locale
      Resolved as new object decl (CtClassImpl) Locale
    Adding interface decl (CtInterfaceImpl) Enumeration
      Adding type params (CtTypeParameterImpl) E
        Resolved with match type params (CtTypeParameterImpl) E
      Resolved as new interface decl (CtInterfaceImpl) Enumeration
    Adding interface decl (CtInterfaceImpl) RandomAccess
      Resolved as new interface decl (CtInterfaceImpl) RandomAccess
    Adding interface decl (CtInterfaceImpl) NavigableMap
      Adding type params (CtTypeParameterImpl) K
        Resolved with match type params (CtTypeParameterImpl) K
      Adding type params (CtTypeParameterImpl) V
        Resolved with match type params (CtTypeParameterImpl) V
      Resolved as new interface decl (CtInterfaceImpl) NavigableMap
  Finishing interface decl (CtInterfaceImpl) Enumeration
  Finishing interface decl (CtInterfaceImpl) RandomAccess
  Finishing interface decl (CtInterfaceImpl) NavigableMap
  Finishing object decl (CtClassImpl) Locale
  Adding package java.util
    Resolved with match package java.util
  Finishing package java.util
  Adding package org.apache.commons.exec.environment
    Resolved as new package org.apache.commons.exec.environment
  Finishing package org.apache.commons.exec.environment
    Adding object decl (CtClassImpl) OpenVmsProcessingEnvironment @ src/main/java/org/apache/commons/exec/environment/OpenVmsProcessingEnvironment.java:35:14
      Adding struct (CtClassImpl) OpenVmsProcessingEnvironment @ src/main/java/org/apache/commons/exec/environment/OpenVmsProcessingEnvironment.java:35:14
        Adding field $super
          Resolved as new field $super
        Resolved as new struct (CtClassImpl) OpenVmsProcessingEnvironment @ src/main/java/org/apache/commons/exec/environment/OpenVmsProcessingEnvironment.java:35:14
      Resolved as new object decl (CtClassImpl) OpenVmsProcessingEnvironment @ src/main/java/org/apache/commons/exec/environment/OpenVmsProcessingEnvironment.java:35:14
  Finishing object decl (CtClassImpl) OpenVmsProcessingEnvironment @ src/main/java/org/apache/commons/exec/environment/OpenVmsProcessingEnvironment.java:35:14
    [34mskipping default constructor: org.apache.commons.exec.environment.OpenVmsProcessingEnvironment()[0m
  Adding package org.apache.commons.exec
    Resolved as new package org.apache.commons.exec
  Finishing package org.apache.commons.exec
    Adding object decl (CtClassImpl) DaemonExecutor @ src/main/java/org/apache/commons/exec/DaemonExecutor.java:25:14
      Adding struct (CtClassImpl) DaemonExecutor @ src/main/java/org/apache/commons/exec/DaemonExecutor.java:25:14
        Adding field (CtFieldImpl) streamHandler @ src/main/java/org/apache/commons/exec/DefaultExecutor.java:51:34
          Adding interface decl (CtInterfaceImpl) ExecuteStreamHandler @ src/main/java/org/apache/commons/exec/ExecuteStreamHandler.java:31:18
            Adding interface description (CtInterfaceImpl) ExecuteStreamHandler @ src/main/java/org/apache/commons/exec/ExecuteStreamHandler.java:31:18
              Adding abstract (CtMethodImpl) setProcessInputStream @ src/main/java/org/apache/commons/exec/ExecuteStreamHandler.java:41:10
                Adding signature (CtMethodImpl) setProcessInputStream @ src/main/java/org/apache/commons/exec/ExecuteStreamHandler.java:41:10
                  Adding parameter (CtParameterImpl) os @ src/main/java/org/apache/commons/exec/ExecuteStreamHandler.java:41:45
                    Resolved as new parameter (CtParameterImpl) os @ src/main/java/org/apache/commons/exec/ExecuteStreamHandler.java:41:45
                  Resolved as new signature (CtMethodImpl) setProcessInputStream @ src/main/java/org/apache/commons/exec/ExecuteStreamHandler.java:41:10
                Resolved as new abstract (CtMethodImpl) setProcessInputStream @ src/main/java/org/apache/commons/exec/ExecuteStreamHandler.java:41:10
              Adding abstract (CtMethodImpl) setProcessOutputStream @ src/main/java/org/apache/commons/exec/ExecuteStreamHandler.java:61:10
                Adding signature (CtMethodImpl) setProcessOutputStream @ src/main/java/org/apache/commons/exec/ExecuteStreamHandler.java:61:10
                  Adding parameter (CtParameterImpl) is @ src/main/java/org/apache/commons/exec/ExecuteStreamHandler.java:61:45
                    Resolved as new parameter (CtParameterImpl) is @ src/main/java/org/apache/commons/exec/ExecuteStreamHandler.java:61:45
                  Resolved as new signature (CtMethodImpl) setProcessOutputStream @ src/main/java/org/apache/commons/exec/ExecuteStreamHandler.java:61:10
                Resolved as new abstract (CtMethodImpl) setProcessOutputStream @ src/main/java/org/apache/commons/exec/ExecuteStreamHandler.java:61:10
              Adding abstract (CtMethodImpl) stop @ src/main/java/org/apache/commons/exec/ExecuteStreamHandler.java:77:10
                Adding signature (CtMethodImpl) stop @ src/main/java/org/apache/commons/exec/ExecuteStreamHandler.java:77:10
                  Resolved with match signature (CtMethodImpl) stop @ src/main/java/org/apache/commons/exec/ExecuteStreamHandler.java:77:10
                Resolved as new abstract (CtMethodImpl) stop @ src/main/java/org/apache/commons/exec/ExecuteStreamHandler.java:77:10
              Adding abstract (CtMethodImpl) start @ src/main/java/org/apache/commons/exec/ExecuteStreamHandler.java:69:10
                Adding signature (CtMethodImpl) start @ src/main/java/org/apache/commons/exec/ExecuteStreamHandler.java:69:10
                  Resolved with match signature (CtMethodImpl) start @ src/main/java/org/apache/commons/exec/ExecuteStreamHandler.java:69:10
                Resolved as new abstract (CtMethodImpl) start @ src/main/java/org/apache/commons/exec/ExecuteStreamHandler.java:69:10
              Adding abstract (CtMethodImpl) setProcessErrorStream @ src/main/java/org/apache/commons/exec/ExecuteStreamHandler.java:51:10
                Adding signature (CtMethodImpl) setProcessErrorStream @ src/main/java/org/apache/commons/exec/ExecuteStreamHandler.java:51:10
                  Adding parameter (CtParameterImpl) is @ src/main/java/org/apache/commons/exec/ExecuteStreamHandler.java:51:44
                    Resolved with match parameter (CtParameterImpl) is @ src/main/java/org/apache/commons/exec/ExecuteStreamHandler.java:51:44
                  Resolved as new signature (CtMethodImpl) setProcessErrorStream @ src/main/java/org/apache/commons/exec/ExecuteStreamHandler.java:51:10
                Resolved as new abstract (CtMethodImpl) setProcessErrorStream @ src/main/java/org/apache/commons/exec/ExecuteStreamHandler.java:51:10
              Resolved as new interface description (CtInterfaceImpl) ExecuteStreamHandler @ src/main/java/org/apache/commons/exec/ExecuteStreamHandler.java:31:18
            Resolved as new interface decl (CtInterfaceImpl) ExecuteStreamHandler @ src/main/java/org/apache/commons/exec/ExecuteStreamHandler.java:31:18
          Resolved as new field (CtFieldImpl) streamHandler @ src/main/java/org/apache/commons/exec/DefaultExecutor.java:51:34
        Adding field (CtFieldImpl) workingDirectory @ src/main/java/org/apache/commons/exec/DefaultExecutor.java:54:18
          Resolved as new field (CtFieldImpl) workingDirectory @ src/main/java/org/apache/commons/exec/DefaultExecutor.java:54:18
        Adding field (CtFieldImpl) watchdog @ src/main/java/org/apache/commons/exec/DefaultExecutor.java:57:29
          Adding object decl (CtClassImpl) ExecuteWatchdog @ src/main/java/org/apache/commons/exec/ExecuteWatchdog.java:51:14
            Adding struct (CtClassImpl) ExecuteWatchdog @ src/main/java/org/apache/commons/exec/ExecuteWatchdog.java:51:14
              Adding field (CtFieldImpl) INFINITE_TIMEOUT @ src/main/java/org/apache/commons/exec/ExecuteWatchdog.java:54:30
                Adding basic (CtTypeReferenceImpl) long @ src/main/java/org/apache/commons/exec/ExecuteWatchdog.java:54:25
                  Resolved as new basic (CtTypeReferenceImpl) long @ src/main/java/org/apache/commons/exec/ExecuteWatchdog.java:54:25
                Resolved as new field (CtFieldImpl) INFINITE_TIMEOUT @ src/main/java/org/apache/commons/exec/ExecuteWatchdog.java:54:30
              Adding field (CtFieldImpl) process @ src/main/java/org/apache/commons/exec/ExecuteWatchdog.java:57:21
                Resolved as new field (CtFieldImpl) process @ src/main/java/org/apache/commons/exec/ExecuteWatchdog.java:57:21
              Adding field (CtFieldImpl) hasWatchdog @ src/main/java/org/apache/commons/exec/ExecuteWatchdog.java:60:27
                Adding basic (CtTypeReferenceImpl) boolean @ src/main/java/org/apache/commons/exec/ExecuteWatchdog.java:60:19
                  Resolved with match basic (CtTypeReferenceImpl) boolean @ src/main/java/org/apache/commons/exec/ExecuteWatchdog.java:60:19
                Resolved as new field (CtFieldImpl) hasWatchdog @ src/main/java/org/apache/commons/exec/ExecuteWatchdog.java:60:27
              Adding field (CtFieldImpl) watch @ src/main/java/org/apache/commons/exec/ExecuteWatchdog.java:63:21
                Adding basic (CtTypeReferenceImpl) boolean @ src/main/java/org/apache/commons/exec/ExecuteWatchdog.java:63:13
                  Resolved with match basic (CtTypeReferenceImpl) boolean @ src/main/java/org/apache/commons/exec/ExecuteWatchdog.java:63:13
                Resolved as new field (CtFieldImpl) watch @ src/main/java/org/apache/commons/exec/ExecuteWatchdog.java:63:21
              Adding field (CtFieldImpl) caught @ src/main/java/org/apache/commons/exec/ExecuteWatchdog.java:66:23
                Adding object decl (CtClassImpl) Exception
                  Adding struct (CtClassImpl) Exception
                    Resolved as new struct (CtClassImpl) Exception
                  Resolved as new object decl (CtClassImpl) Exception
                Resolved as new field (CtFieldImpl) caught @ src/main/java/org/apache/commons/exec/ExecuteWatchdog.java:66:23
              Adding field (CtFieldImpl) killedProcess @ src/main/java/org/apache/commons/exec/ExecuteWatchdog.java:69:21
                Adding basic (CtTypeReferenceImpl) boolean @ src/main/java/org/apache/commons/exec/ExecuteWatchdog.java:69:13
                  Resolved with match basic (CtTypeReferenceImpl) boolean @ src/main/java/org/apache/commons/exec/ExecuteWatchdog.java:69:13
                Resolved as new field (CtFieldImpl) killedProcess @ src/main/java/org/apache/commons/exec/ExecuteWatchdog.java:69:21
              Adding field (CtFieldImpl) watchdog @ src/main/java/org/apache/commons/exec/ExecuteWatchdog.java:72:28
                Adding object decl (CtClassImpl) Watchdog @ src/main/java/org/apache/commons/exec/Watchdog.java:31:14
                  Adding struct (CtClassImpl) Watchdog @ src/main/java/org/apache/commons/exec/Watchdog.java:31:14
                    Adding field (CtFieldImpl) observers @ src/main/java/org/apache/commons/exec/Watchdog.java:33:43
                      Adding interface decl (CtInterfaceImpl) TimeoutObserver @ src/main/java/org/apache/commons/exec/TimeoutObserver.java:28:18
                        Adding interface description (CtInterfaceImpl) TimeoutObserver @ src/main/java/org/apache/commons/exec/TimeoutObserver.java:28:18
                          Adding abstract (CtMethodImpl) timeoutOccured @ src/main/java/org/apache/commons/exec/TimeoutObserver.java:35:10
                            Adding signature (CtMethodImpl) timeoutOccured @ src/main/java/org/apache/commons/exec/TimeoutObserver.java:35:10
                              Adding parameter (CtParameterImpl) w @ src/main/java/org/apache/commons/exec/TimeoutObserver.java:35:34
                                Resolved as new parameter (CtParameterImpl) w @ src/main/java/org/apache/commons/exec/TimeoutObserver.java:35:34
                              Resolved as new signature (CtMethodImpl) timeoutOccured @ src/main/java/org/apache/commons/exec/TimeoutObserver.java:35:10
                            Resolved as new abstract (CtMethodImpl) timeoutOccured @ src/main/java/org/apache/commons/exec/TimeoutObserver.java:35:10
                          Resolved as new interface description (CtInterfaceImpl) TimeoutObserver @ src/main/java/org/apache/commons/exec/TimeoutObserver.java:28:18
                        Resolved as new interface decl (CtInterfaceImpl) TimeoutObserver @ src/main/java/org/apache/commons/exec/TimeoutObserver.java:28:18
                      Adding object instantiation java.util.Vector @ src/main/java/org/apache/commons/exec/Watchdog.java:33:19<org.apache.commons.exec.TimeoutObserver @ src/main/java/org/apache/commons/exec/Watchdog.java:33:26>
                        Adding struct (CtClassImpl) Vector
                          Resolved as new struct (CtClassImpl) Vector
                        Adding interface description (CtInterfaceImpl) RandomAccess
                          Resolved as new interface description (CtInterfaceImpl) RandomAccess
                        Adding interface description (CtInterfaceImpl) List
                          Resolved as new interface description (CtInterfaceImpl) List
                        Adding interface description (CtInterfaceImpl) Serializable
                          Resolved as new interface description (CtInterfaceImpl) Serializable
                        Adding interface description (CtInterfaceImpl) Cloneable
                          Resolved as new interface description (CtInterfaceImpl) Cloneable
                        Resolved as new object instantiation java.util.Vector @ src/main/java/org/apache/commons/exec/Watchdog.java:33:19<org.apache.commons.exec.TimeoutObserver @ src/main/java/org/apache/commons/exec/Watchdog.java:33:26>
                      Resolved as new field (CtFieldImpl) observers @ src/main/java/org/apache/commons/exec/Watchdog.java:33:43
                    Adding field (CtFieldImpl) timeout @ src/main/java/org/apache/commons/exec/Watchdog.java:35:24
                      Adding basic (CtTypeReferenceImpl) long @ src/main/java/org/apache/commons/exec/Watchdog.java:35:19
                        Resolved with match basic (CtTypeReferenceImpl) long @ src/main/java/org/apache/commons/exec/Watchdog.java:35:19
                      Resolved as new field (CtFieldImpl) timeout @ src/main/java/org/apache/commons/exec/Watchdog.java:35:24
                    Adding field (CtFieldImpl) stopped @ src/main/java/org/apache/commons/exec/Watchdog.java:37:21
                      Adding basic (CtTypeReferenceImpl) boolean @ src/main/java/org/apache/commons/exec/Watchdog.java:37:13
                        Resolved with match basic (CtTypeReferenceImpl) boolean @ src/main/java/org/apache/commons/exec/Watchdog.java:37:13
                      Resolved as new field (CtFieldImpl) stopped @ src/main/java/org/apache/commons/exec/Watchdog.java:37:21
                    Resolved as new struct (CtClassImpl) Watchdog @ src/main/java/org/apache/commons/exec/Watchdog.java:31:14
                  Resolved as new object decl (CtClassImpl) Watchdog @ src/main/java/org/apache/commons/exec/Watchdog.java:31:14
                Resolved as new field (CtFieldImpl) watchdog @ src/main/java/org/apache/commons/exec/ExecuteWatchdog.java:72:28
              Adding field (CtFieldImpl) processStarted @ src/main/java/org/apache/commons/exec/ExecuteWatchdog.java:75:30
                Adding basic (CtTypeReferenceImpl) boolean @ src/main/java/org/apache/commons/exec/ExecuteWatchdog.java:75:22
                  Resolved with match basic (CtTypeReferenceImpl) boolean @ src/main/java/org/apache/commons/exec/ExecuteWatchdog.java:75:22
                Resolved as new field (CtFieldImpl) processStarted @ src/main/java/org/apache/commons/exec/ExecuteWatchdog.java:75:30
              Resolved as new struct (CtClassImpl) ExecuteWatchdog @ src/main/java/org/apache/commons/exec/ExecuteWatchdog.java:51:14
            Resolved as new object decl (CtClassImpl) ExecuteWatchdog @ src/main/java/org/apache/commons/exec/ExecuteWatchdog.java:51:14
          Resolved as new field (CtFieldImpl) watchdog @ src/main/java/org/apache/commons/exec/DefaultExecutor.java:57:29
        Adding field (CtFieldImpl) exitValues @ src/main/java/org/apache/commons/exec/DefaultExecutor.java:60:19
          Adding basic (CtTypeReferenceImpl) int
            Resolved with match basic (CtTypeReferenceImpl) int
          Resolved as new field (CtFieldImpl) exitValues @ src/main/java/org/apache/commons/exec/DefaultExecutor.java:60:19
        Adding field (CtFieldImpl) launcher @ src/main/java/org/apache/commons/exec/DefaultExecutor.java:63:35
          Resolved as new field (CtFieldImpl) launcher @ src/main/java/org/apache/commons/exec/DefaultExecutor.java:63:35
        Adding field (CtFieldImpl) processDestroyer @ src/main/java/org/apache/commons/exec/DefaultExecutor.java:66:30
          Adding interface decl (CtInterfaceImpl) ProcessDestroyer @ src/main/java/org/apache/commons/exec/ProcessDestroyer.java:28:18
            Adding interface description (CtInterfaceImpl) ProcessDestroyer @ src/main/java/org/apache/commons/exec/ProcessDestroyer.java:28:18
              Adding abstract (CtMethodImpl) add @ src/main/java/org/apache/commons/exec/ProcessDestroyer.java:41:13
                Adding signature (CtMethodImpl) add @ src/main/java/org/apache/commons/exec/ProcessDestroyer.java:41:13
                  Adding parameter (CtParameterImpl) process @ src/main/java/org/apache/commons/exec/ProcessDestroyer.java:41:25
                    Resolved as new parameter (CtParameterImpl) process @ src/main/java/org/apache/commons/exec/ProcessDestroyer.java:41:25
                  Adding parameter <unnamed> boolean @ src/main/java/org/apache/commons/exec/ProcessDestroyer.java:41:5
                    Adding basic (CtTypeReferenceImpl) boolean @ src/main/java/org/apache/commons/exec/ProcessDestroyer.java:41:5
                      Resolved with match basic (CtTypeReferenceImpl) boolean @ src/main/java/org/apache/commons/exec/ProcessDestroyer.java:41:5
                    Resolved as new parameter <unnamed> boolean @ src/main/java/org/apache/commons/exec/ProcessDestroyer.java:41:5
                  Resolved as new signature (CtMethodImpl) add @ src/main/java/org/apache/commons/exec/ProcessDestroyer.java:41:13
                Resolved as new abstract (CtMethodImpl) add @ src/main/java/org/apache/commons/exec/ProcessDestroyer.java:41:13
              Adding abstract (CtMethodImpl) size @ src/main/java/org/apache/commons/exec/ProcessDestroyer.java:61:9
                Adding signature (CtMethodImpl) size @ src/main/java/org/apache/commons/exec/ProcessDestroyer.java:61:9
                  Adding parameter <unnamed> int @ src/main/java/org/apache/commons/exec/ProcessDestroyer.java:61:5
                    Adding basic (CtTypeReferenceImpl) int @ src/main/java/org/apache/commons/exec/ProcessDestroyer.java:61:5
                      Resolved with match basic (CtTypeReferenceImpl) int @ src/main/java/org/apache/commons/exec/ProcessDestroyer.java:61:5
                    Resolved as new parameter <unnamed> int @ src/main/java/org/apache/commons/exec/ProcessDestroyer.java:61:5
                  Resolved as new signature (CtMethodImpl) size @ src/main/java/org/apache/commons/exec/ProcessDestroyer.java:61:9
                Resolved as new abstract (CtMethodImpl) size @ src/main/java/org/apache/commons/exec/ProcessDestroyer.java:61:9
              Adding abstract (CtMethodImpl) remove @ src/main/java/org/apache/commons/exec/ProcessDestroyer.java:54:13
                Adding signature (CtMethodImpl) remove @ src/main/java/org/apache/commons/exec/ProcessDestroyer.java:54:13
                  Adding parameter (CtParameterImpl) process @ src/main/java/org/apache/commons/exec/ProcessDestroyer.java:54:28
                    Resolved with match parameter (CtParameterImpl) process @ src/main/java/org/apache/commons/exec/ProcessDestroyer.java:54:28
                  Adding parameter <unnamed> boolean @ src/main/java/org/apache/commons/exec/ProcessDestroyer.java:54:5
                    Adding basic (CtTypeReferenceImpl) boolean @ src/main/java/org/apache/commons/exec/ProcessDestroyer.java:54:5
                      Resolved with match basic (CtTypeReferenceImpl) boolean @ src/main/java/org/apache/commons/exec/ProcessDestroyer.java:54:5
                    Resolved as new parameter <unnamed> boolean @ src/main/java/org/apache/commons/exec/ProcessDestroyer.java:54:5
                  Resolved as new signature (CtMethodImpl) remove @ src/main/java/org/apache/commons/exec/ProcessDestroyer.java:54:13
                Resolved as new abstract (CtMethodImpl) remove @ src/main/java/org/apache/commons/exec/ProcessDestroyer.java:54:13
              Resolved as new interface description (CtInterfaceImpl) ProcessDestroyer @ src/main/java/org/apache/commons/exec/ProcessDestroyer.java:28:18
            Resolved as new interface decl (CtInterfaceImpl) ProcessDestroyer @ src/main/java/org/apache/commons/exec/ProcessDestroyer.java:28:18
          Resolved as new field (CtFieldImpl) processDestroyer @ src/main/java/org/apache/commons/exec/DefaultExecutor.java:66:30
        Adding field (CtFieldImpl) executorThread @ src/main/java/org/apache/commons/exec/DefaultExecutor.java:69:20
          Adding object decl (CtClassImpl) Thread
            Adding struct (CtClassImpl) Thread
              Resolved as new struct (CtClassImpl) Thread
            Resolved as new object decl (CtClassImpl) Thread
          Resolved as new field (CtFieldImpl) executorThread @ src/main/java/org/apache/commons/exec/DefaultExecutor.java:69:20
        Adding field (CtFieldImpl) exceptionCaught @ src/main/java/org/apache/commons/exec/DefaultExecutor.java:72:25
          Resolved as new field (CtFieldImpl) exceptionCaught @ src/main/java/org/apache/commons/exec/DefaultExecutor.java:72:25
        Adding field (CtFieldImpl) INVALID_EXITVALUE @ src/main/java/org/apache/commons/exec/Executor.java:52:9
          Adding basic (CtTypeReferenceImpl) int @ src/main/java/org/apache/commons/exec/Executor.java:52:5
            Resolved with match basic (CtTypeReferenceImpl) int @ src/main/java/org/apache/commons/exec/Executor.java:52:5
          Resolved as new field (CtFieldImpl) INVALID_EXITVALUE @ src/main/java/org/apache/commons/exec/Executor.java:52:9
        Adding field $super
          Adding object decl (CtClassImpl) DefaultExecutor @ src/main/java/org/apache/commons/exec/DefaultExecutor.java:48:14
            Adding struct (CtClassImpl) DefaultExecutor @ src/main/java/org/apache/commons/exec/DefaultExecutor.java:48:14
              Resolved as new struct (CtClassImpl) DefaultExecutor @ src/main/java/org/apache/commons/exec/DefaultExecutor.java:48:14
            Resolved as new object decl (CtClassImpl) DefaultExecutor @ src/main/java/org/apache/commons/exec/DefaultExecutor.java:48:14
          Resolved as new field $super
        Resolved as new struct (CtClassImpl) DaemonExecutor @ src/main/java/org/apache/commons/exec/DaemonExecutor.java:25:14
      Resolved as new object decl (CtClassImpl) DaemonExecutor @ src/main/java/org/apache/commons/exec/DaemonExecutor.java:25:14
    Adding object decl (CtClassImpl) DefaultExecuteResultHandler @ src/main/java/org/apache/commons/exec/DefaultExecuteResultHandler.java:27:14
      Adding struct (CtClassImpl) DefaultExecuteResultHandler @ src/main/java/org/apache/commons/exec/DefaultExecuteResultHandler.java:27:14
        Adding field (CtFieldImpl) SLEEP_TIME_MS @ src/main/java/org/apache/commons/exec/DefaultExecuteResultHandler.java:30:30
          Adding basic (CtTypeReferenceImpl) int @ src/main/java/org/apache/commons/exec/DefaultExecuteResultHandler.java:30:26
            Resolved with match basic (CtTypeReferenceImpl) int @ src/main/java/org/apache/commons/exec/DefaultExecuteResultHandler.java:30:26
          Resolved as new field (CtFieldImpl) SLEEP_TIME_MS @ src/main/java/org/apache/commons/exec/DefaultExecuteResultHandler.java:30:30
        Adding field (CtFieldImpl) hasResult @ src/main/java/org/apache/commons/exec/DefaultExecuteResultHandler.java:33:30
          Adding basic (CtTypeReferenceImpl) boolean @ src/main/java/org/apache/commons/exec/DefaultExecuteResultHandler.java:33:22
            Resolved with match basic (CtTypeReferenceImpl) boolean @ src/main/java/org/apache/commons/exec/DefaultExecuteResultHandler.java:33:22
          Resolved as new field (CtFieldImpl) hasResult @ src/main/java/org/apache/commons/exec/DefaultExecuteResultHandler.java:33:30
        Adding field (CtFieldImpl) exitValue @ src/main/java/org/apache/commons/exec/DefaultExecuteResultHandler.java:36:26
          Adding basic (CtTypeReferenceImpl) int @ src/main/java/org/apache/commons/exec/DefaultExecuteResultHandler.java:36:22
            Resolved with match basic (CtTypeReferenceImpl) int @ src/main/java/org/apache/commons/exec/DefaultExecuteResultHandler.java:36:22
          Resolved as new field (CtFieldImpl) exitValue @ src/main/java/org/apache/commons/exec/DefaultExecuteResultHandler.java:36:26
        Adding field (CtFieldImpl) exception @ src/main/java/org/apache/commons/exec/DefaultExecuteResultHandler.java:39:39
          Adding object decl (CtClassImpl) ExecuteException @ src/main/java/org/apache/commons/exec/ExecuteException.java:28:14
            Adding struct (CtClassImpl) ExecuteException @ src/main/java/org/apache/commons/exec/ExecuteException.java:28:14
              Adding field (CtFieldImpl) serialVersionUID @ src/main/java/org/apache/commons/exec/ExecuteException.java:33:31
                Adding basic (CtTypeReferenceImpl) long @ src/main/java/org/apache/commons/exec/ExecuteException.java:33:26
                  Resolved with match basic (CtTypeReferenceImpl) long @ src/main/java/org/apache/commons/exec/ExecuteException.java:33:26
                Resolved as new field (CtFieldImpl) serialVersionUID @ src/main/java/org/apache/commons/exec/ExecuteException.java:33:31
              Adding field (CtFieldImpl) cause @ src/main/java/org/apache/commons/exec/ExecuteException.java:38:29
                Adding object decl (CtClassImpl) Throwable
                  Adding struct (CtClassImpl) Throwable
                    Resolved as new struct (CtClassImpl) Throwable
                  Resolved as new object decl (CtClassImpl) Throwable
                Resolved as new field (CtFieldImpl) cause @ src/main/java/org/apache/commons/exec/ExecuteException.java:38:29
              Adding field (CtFieldImpl) exitValue @ src/main/java/org/apache/commons/exec/ExecuteException.java:43:23
                Adding basic (CtTypeReferenceImpl) int @ src/main/java/org/apache/commons/exec/ExecuteException.java:43:19
                  Resolved with match basic (CtTypeReferenceImpl) int @ src/main/java/org/apache/commons/exec/ExecuteException.java:43:19
                Resolved as new field (CtFieldImpl) exitValue @ src/main/java/org/apache/commons/exec/ExecuteException.java:43:23
              Adding field (CtFieldImpl) serialVersionUID
                Adding basic (CtTypeReferenceImpl) long
                  Resolved with match basic (CtTypeReferenceImpl) long
                Resolved as new field (CtFieldImpl) serialVersionUID
              Adding field (CtFieldImpl) serialVersionUID
                Adding basic (CtTypeReferenceImpl) long
                  Resolved with match basic (CtTypeReferenceImpl) long
                Resolved as new field (CtFieldImpl) serialVersionUID
              Adding field (CtFieldImpl) serialVersionUID
                Adding basic (CtTypeReferenceImpl) long
                  Resolved with match basic (CtTypeReferenceImpl) long
                Resolved as new field (CtFieldImpl) serialVersionUID
              Adding field (CtFieldImpl) backtrace
                Resolved as new field (CtFieldImpl) backtrace
              Adding field (CtFieldImpl) detailMessage
                Resolved as new field (CtFieldImpl) detailMessage
              Adding field (CtFieldImpl) UNASSIGNED_STACK
                Adding object decl (CtClassImpl) StackTraceElement
                  Pending package java.lang
                  Adding struct (CtClassImpl) StackTraceElement
                    Resolved as new struct (CtClassImpl) StackTraceElement
                  Resolved as new object decl (CtClassImpl) StackTraceElement
                Resolved as new field (CtFieldImpl) UNASSIGNED_STACK
              Adding field (CtFieldImpl) cause
                Resolved with match field (CtFieldImpl) cause
              Adding field (CtFieldImpl) stackTrace
                Resolved as new field (CtFieldImpl) stackTrace
              Adding field (CtFieldImpl) depth
                Adding basic (CtTypeReferenceImpl) int
                  Resolved with match basic (CtTypeReferenceImpl) int
                Resolved as new field (CtFieldImpl) depth
              Adding field (CtFieldImpl) SUPPRESSED_SENTINEL
                Adding interface instantiation java.util.List<java.lang.Throwable>
                  Adding interface description (CtInterfaceImpl) List
                    Resolved as new interface description (CtInterfaceImpl) List
                  Resolved as new interface instantiation java.util.List<java.lang.Throwable>
                Resolved as new field (CtFieldImpl) SUPPRESSED_SENTINEL
              Adding field (CtFieldImpl) suppressedExceptions
                Adding interface instantiation java.util.List<java.lang.Throwable>
                  Resolved with match interface instantiation java.util.List<java.lang.Throwable>
                Resolved as new field (CtFieldImpl) suppressedExceptions
              Adding field (CtFieldImpl) NULL_CAUSE_MESSAGE
                Resolved as new field (CtFieldImpl) NULL_CAUSE_MESSAGE
              Adding field (CtFieldImpl) SELF_SUPPRESSION_MESSAGE
                Resolved as new field (CtFieldImpl) SELF_SUPPRESSION_MESSAGE
              Adding field (CtFieldImpl) CAUSE_CAPTION
                Resolved as new field (CtFieldImpl) CAUSE_CAPTION
              Adding field (CtFieldImpl) SUPPRESSED_CAPTION
                Resolved as new field (CtFieldImpl) SUPPRESSED_CAPTION
              Adding field (CtFieldImpl) EMPTY_THROWABLE_ARRAY
                Resolved as new field (CtFieldImpl) EMPTY_THROWABLE_ARRAY
              Adding field $super
                Resolved as new field $super
              Resolved as new struct (CtClassImpl) ExecuteException @ src/main/java/org/apache/commons/exec/ExecuteException.java:28:14
            Resolved as new object decl (CtClassImpl) ExecuteException @ src/main/java/org/apache/commons/exec/ExecuteException.java:28:14
          Resolved as new field (CtFieldImpl) exception @ src/main/java/org/apache/commons/exec/DefaultExecuteResultHandler.java:39:39
        Resolved as new struct (CtClassImpl) DefaultExecuteResultHandler @ src/main/java/org/apache/commons/exec/DefaultExecuteResultHandler.java:27:14
      Resolved as new object decl (CtClassImpl) DefaultExecuteResultHandler @ src/main/java/org/apache/commons/exec/DefaultExecuteResultHandler.java:27:14
    Adding interface decl (CtInterfaceImpl) ExecuteResultHandler @ src/main/java/org/apache/commons/exec/ExecuteResultHandler.java:30:18
      Adding interface description (CtInterfaceImpl) ExecuteResultHandler @ src/main/java/org/apache/commons/exec/ExecuteResultHandler.java:30:18
        Adding abstract (CtMethodImpl) onProcessFailed @ src/main/java/org/apache/commons/exec/ExecuteResultHandler.java:44:10
          Adding signature (CtMethodImpl) onProcessFailed @ src/main/java/org/apache/commons/exec/ExecuteResultHandler.java:44:10
            Adding parameter (CtParameterImpl) e @ src/main/java/org/apache/commons/exec/ExecuteResultHandler.java:44:43
              Resolved as new parameter (CtParameterImpl) e @ src/main/java/org/apache/commons/exec/ExecuteResultHandler.java:44:43
            Resolved as new signature (CtMethodImpl) onProcessFailed @ src/main/java/org/apache/commons/exec/ExecuteResultHandler.java:44:10
          Resolved as new abstract (CtMethodImpl) onProcessFailed @ src/main/java/org/apache/commons/exec/ExecuteResultHandler.java:44:10
        Adding abstract (CtMethodImpl) onProcessComplete @ src/main/java/org/apache/commons/exec/ExecuteResultHandler.java:37:10
          Adding signature (CtMethodImpl) onProcessComplete @ src/main/java/org/apache/commons/exec/ExecuteResultHandler.java:37:10
            Adding parameter (CtParameterImpl) exitValue @ src/main/java/org/apache/commons/exec/ExecuteResultHandler.java:37:32
              Adding basic (CtTypeReferenceImpl) int @ src/main/java/org/apache/commons/exec/ExecuteResultHandler.java:37:28
                Resolved with match basic (CtTypeReferenceImpl) int @ src/main/java/org/apache/commons/exec/ExecuteResultHandler.java:37:28
              Resolved as new parameter (CtParameterImpl) exitValue @ src/main/java/org/apache/commons/exec/ExecuteResultHandler.java:37:32
            Resolved as new signature (CtMethodImpl) onProcessComplete @ src/main/java/org/apache/commons/exec/ExecuteResultHandler.java:37:10
          Resolved as new abstract (CtMethodImpl) onProcessComplete @ src/main/java/org/apache/commons/exec/ExecuteResultHandler.java:37:10
        Resolved as new interface description (CtInterfaceImpl) ExecuteResultHandler @ src/main/java/org/apache/commons/exec/ExecuteResultHandler.java:30:18
      Resolved as new interface decl (CtInterfaceImpl) ExecuteResultHandler @ src/main/java/org/apache/commons/exec/ExecuteResultHandler.java:30:18
    Adding interface decl (CtInterfaceImpl) Executor @ src/main/java/org/apache/commons/exec/Executor.java:49:18
      Adding interface description (CtInterfaceImpl) Executor @ src/main/java/org/apache/commons/exec/Executor.java:49:18
        Adding abstract (CtMethodImpl) setWatchdog @ src/main/java/org/apache/commons/exec/Executor.java:125:10
          Adding signature (CtMethodImpl) setWatchdog @ src/main/java/org/apache/commons/exec/Executor.java:125:10
            Adding parameter (CtParameterImpl) watchDog @ src/main/java/org/apache/commons/exec/Executor.java:125:38
              Resolved as new parameter (CtParameterImpl) watchDog @ src/main/java/org/apache/commons/exec/Executor.java:125:38
            Resolved as new signature (CtMethodImpl) setWatchdog @ src/main/java/org/apache/commons/exec/Executor.java:125:10
          Resolved as new abstract (CtMethodImpl) setWatchdog @ src/main/java/org/apache/commons/exec/Executor.java:125:10
        Adding abstract (CtMethodImpl) getWorkingDirectory @ src/main/java/org/apache/commons/exec/Executor.java:148:10
          Adding signature (CtMethodImpl) getWorkingDirectory @ src/main/java/org/apache/commons/exec/Executor.java:148:10
            Adding parameter <unnamed> java.io.File @ src/main/java/org/apache/commons/exec/Executor.java:148:5
              Resolved with match parameter <unnamed> java.io.File @ src/main/java/org/apache/commons/exec/Executor.java:148:5
            Resolved as new signature (CtMethodImpl) getWorkingDirectory @ src/main/java/org/apache/commons/exec/Executor.java:148:10
          Resolved as new abstract (CtMethodImpl) getWorkingDirectory @ src/main/java/org/apache/commons/exec/Executor.java:148:10
        Adding abstract (CtMethodImpl) setProcessDestroyer @ src/main/java/org/apache/commons/exec/Executor.java:141:10
          Adding signature (CtMethodImpl) setProcessDestroyer @ src/main/java/org/apache/commons/exec/Executor.java:141:10
            Adding parameter (CtParameterImpl) processDestroyer @ src/main/java/org/apache/commons/exec/Executor.java:141:47
              Resolved as new parameter (CtParameterImpl) processDestroyer @ src/main/java/org/apache/commons/exec/Executor.java:141:47
            Resolved as new signature (CtMethodImpl) setProcessDestroyer @ src/main/java/org/apache/commons/exec/Executor.java:141:10
          Resolved as new abstract (CtMethodImpl) setProcessDestroyer @ src/main/java/org/apache/commons/exec/Executor.java:141:10
        Adding abstract (CtMethodImpl) setExitValues @ src/main/java/org/apache/commons/exec/Executor.java:79:10
          Adding signature (CtMethodImpl) setExitValues @ src/main/java/org/apache/commons/exec/Executor.java:79:10
            Adding parameter (CtParameterImpl) values @ src/main/java/org/apache/commons/exec/Executor.java:79:36
              Adding basic (CtTypeReferenceImpl) int
                Resolved with match basic (CtTypeReferenceImpl) int
              Resolved as new parameter (CtParameterImpl) values @ src/main/java/org/apache/commons/exec/Executor.java:79:36
            Resolved as new signature (CtMethodImpl) setExitValues @ src/main/java/org/apache/commons/exec/Executor.java:79:10
          Resolved as new abstract (CtMethodImpl) setExitValues @ src/main/java/org/apache/commons/exec/Executor.java:79:10
        Adding abstract (CtMethodImpl) getStreamHandler @ src/main/java/org/apache/commons/exec/Executor.java:98:26
          Adding signature (CtMethodImpl) getStreamHandler @ src/main/java/org/apache/commons/exec/Executor.java:98:26
            Adding parameter <unnamed> org.apache.commons.exec.ExecuteStreamHandler @ src/main/java/org/apache/commons/exec/Executor.java:98:5
              Resolved as new parameter <unnamed> org.apache.commons.exec.ExecuteStreamHandler @ src/main/java/org/apache/commons/exec/Executor.java:98:5
            Resolved as new signature (CtMethodImpl) getStreamHandler @ src/main/java/org/apache/commons/exec/Executor.java:98:26
          Resolved as new abstract (CtMethodImpl) getStreamHandler @ src/main/java/org/apache/commons/exec/Executor.java:98:26
        Adding abstract (CtMethodImpl) setExitValue @ src/main/java/org/apache/commons/exec/Executor.java:62:10
          Adding signature (CtMethodImpl) setExitValue @ src/main/java/org/apache/commons/exec/Executor.java:62:10
            Adding parameter (CtParameterImpl) value @ src/main/java/org/apache/commons/exec/Executor.java:62:33
              Adding basic (CtTypeReferenceImpl) int @ src/main/java/org/apache/commons/exec/Executor.java:62:29
                Resolved with match basic (CtTypeReferenceImpl) int @ src/main/java/org/apache/commons/exec/Executor.java:62:29
              Resolved as new parameter (CtParameterImpl) value @ src/main/java/org/apache/commons/exec/Executor.java:62:33
            Resolved as new signature (CtMethodImpl) setExitValue @ src/main/java/org/apache/commons/exec/Executor.java:62:10
          Resolved as new abstract (CtMethodImpl) setExitValue @ src/main/java/org/apache/commons/exec/Executor.java:62:10
        Adding abstract (CtMethodImpl) isFailure @ src/main/java/org/apache/commons/exec/Executor.java:90:13
          Adding signature (CtMethodImpl) isFailure @ src/main/java/org/apache/commons/exec/Executor.java:90:13
            Adding parameter (CtParameterImpl) exitValue @ src/main/java/org/apache/commons/exec/Executor.java:90:33
              Adding basic (CtTypeReferenceImpl) int @ src/main/java/org/apache/commons/exec/Executor.java:90:29
                Resolved with match basic (CtTypeReferenceImpl) int @ src/main/java/org/apache/commons/exec/Executor.java:90:29
              Resolved as new parameter (CtParameterImpl) exitValue @ src/main/java/org/apache/commons/exec/Executor.java:90:33
            Adding parameter <unnamed> boolean @ src/main/java/org/apache/commons/exec/Executor.java:90:5
              Adding basic (CtTypeReferenceImpl) boolean @ src/main/java/org/apache/commons/exec/Executor.java:90:5
                Resolved with match basic (CtTypeReferenceImpl) boolean @ src/main/java/org/apache/commons/exec/Executor.java:90:5
              Resolved as new parameter <unnamed> boolean @ src/main/java/org/apache/commons/exec/Executor.java:90:5
            Resolved as new signature (CtMethodImpl) isFailure @ src/main/java/org/apache/commons/exec/Executor.java:90:13
          Resolved as new abstract (CtMethodImpl) isFailure @ src/main/java/org/apache/commons/exec/Executor.java:90:13
        Adding abstract (CtMethodImpl) getProcessDestroyer @ src/main/java/org/apache/commons/exec/Executor.java:133:22
          Adding signature (CtMethodImpl) getProcessDestroyer @ src/main/java/org/apache/commons/exec/Executor.java:133:22
            Adding parameter <unnamed> org.apache.commons.exec.ProcessDestroyer @ src/main/java/org/apache/commons/exec/Executor.java:133:5
              Resolved as new parameter <unnamed> org.apache.commons.exec.ProcessDestroyer @ src/main/java/org/apache/commons/exec/Executor.java:133:5
            Resolved as new signature (CtMethodImpl) getProcessDestroyer @ src/main/java/org/apache/commons/exec/Executor.java:133:22
          Resolved as new abstract (CtMethodImpl) getProcessDestroyer @ src/main/java/org/apache/commons/exec/Executor.java:133:22
        Adding abstract (CtMethodImpl) execute @ src/main/java/org/apache/commons/exec/Executor.java:168:9
          Adding signature (CtMethodImpl) execute @ src/main/java/org/apache/commons/exec/Executor.java:168:9
            Adding parameter (CtParameterImpl) command @ src/main/java/org/apache/commons/exec/Executor.java:168:29
              Resolved as new parameter (CtParameterImpl) command @ src/main/java/org/apache/commons/exec/Executor.java:168:29
            Adding parameter <unnamed> int @ src/main/java/org/apache/commons/exec/Executor.java:168:5
              Adding basic (CtTypeReferenceImpl) int @ src/main/java/org/apache/commons/exec/Executor.java:168:5
                Resolved with match basic (CtTypeReferenceImpl) int @ src/main/java/org/apache/commons/exec/Executor.java:168:5
              Resolved as new parameter <unnamed> int @ src/main/java/org/apache/commons/exec/Executor.java:168:5
            Resolved as new signature (CtMethodImpl) execute @ src/main/java/org/apache/commons/exec/Executor.java:168:9
          Resolved as new abstract (CtMethodImpl) execute @ src/main/java/org/apache/commons/exec/Executor.java:168:9
        Adding abstract (CtMethodImpl) execute @ src/main/java/org/apache/commons/exec/Executor.java:182:9
          Adding signature (CtMethodImpl) execute @ src/main/java/org/apache/commons/exec/Executor.java:182:9
            Adding parameter (CtParameterImpl) command @ src/main/java/org/apache/commons/exec/Executor.java:182:29
              Resolved with match parameter (CtParameterImpl) command @ src/main/java/org/apache/commons/exec/Executor.java:182:29
            Adding parameter (CtParameterImpl) environment @ src/main/java/org/apache/commons/exec/Executor.java:182:58
              Adding interface instantiation java.util.Map @ src/main/java/org/apache/commons/exec/Executor.java:182:38<java.lang.String @ src/main/java/org/apache/commons/exec/Executor.java:182:42, java.lang.String @ src/main/java/org/apache/commons/exec/Executor.java:182:50>
                Resolved with match interface instantiation java.util.Map @ src/main/java/org/apache/commons/exec/Executor.java:182:38<java.lang.String @ src/main/java/org/apache/commons/exec/Executor.java:182:42, java.lang.String @ src/main/java/org/apache/commons/exec/Executor.java:182:50>
              Resolved as new parameter (CtParameterImpl) environment @ src/main/java/org/apache/commons/exec/Executor.java:182:58
            Adding parameter <unnamed> int @ src/main/java/org/apache/commons/exec/Executor.java:182:5
              Adding basic (CtTypeReferenceImpl) int @ src/main/java/org/apache/commons/exec/Executor.java:182:5
                Resolved with match basic (CtTypeReferenceImpl) int @ src/main/java/org/apache/commons/exec/Executor.java:182:5
              Resolved as new parameter <unnamed> int @ src/main/java/org/apache/commons/exec/Executor.java:182:5
            Resolved as new signature (CtMethodImpl) execute @ src/main/java/org/apache/commons/exec/Executor.java:182:9
          Resolved as new abstract (CtMethodImpl) execute @ src/main/java/org/apache/commons/exec/Executor.java:182:9
        Adding abstract (CtMethodImpl) execute @ src/main/java/org/apache/commons/exec/Executor.java:194:10
          Adding signature (CtMethodImpl) execute @ src/main/java/org/apache/commons/exec/Executor.java:194:10
            Adding parameter (CtParameterImpl) command @ src/main/java/org/apache/commons/exec/Executor.java:194:30
              Resolved with match parameter (CtParameterImpl) command @ src/main/java/org/apache/commons/exec/Executor.java:194:30
            Adding parameter (CtParameterImpl) handler @ src/main/java/org/apache/commons/exec/Executor.java:194:60
              Resolved as new parameter (CtParameterImpl) handler @ src/main/java/org/apache/commons/exec/Executor.java:194:60
            Resolved as new signature (CtMethodImpl) execute @ src/main/java/org/apache/commons/exec/Executor.java:194:10
          Resolved as new abstract (CtMethodImpl) execute @ src/main/java/org/apache/commons/exec/Executor.java:194:10
        Adding abstract (CtMethodImpl) execute @ src/main/java/org/apache/commons/exec/Executor.java:208:10
          Adding signature (CtMethodImpl) execute @ src/main/java/org/apache/commons/exec/Executor.java:208:10
            Adding parameter (CtParameterImpl) command @ src/main/java/org/apache/commons/exec/Executor.java:208:30
              Resolved with match parameter (CtParameterImpl) command @ src/main/java/org/apache/commons/exec/Executor.java:208:30
            Adding parameter (CtParameterImpl) environment @ src/main/java/org/apache/commons/exec/Executor.java:208:59
              Adding interface instantiation java.util.Map @ src/main/java/org/apache/commons/exec/Executor.java:208:39<java.lang.String @ src/main/java/org/apache/commons/exec/Executor.java:208:43, java.lang.String @ src/main/java/org/apache/commons/exec/Executor.java:208:51>
                Resolved with match interface instantiation java.util.Map @ src/main/java/org/apache/commons/exec/Executor.java:208:39<java.lang.String @ src/main/java/org/apache/commons/exec/Executor.java:208:43, java.lang.String @ src/main/java/org/apache/commons/exec/Executor.java:208:51>
              Resolved as new parameter (CtParameterImpl) environment @ src/main/java/org/apache/commons/exec/Executor.java:208:59
            Adding parameter (CtParameterImpl) handler @ src/main/java/org/apache/commons/exec/Executor.java:208:93
              Resolved with match parameter (CtParameterImpl) handler @ src/main/java/org/apache/commons/exec/Executor.java:208:93
            Resolved as new signature (CtMethodImpl) execute @ src/main/java/org/apache/commons/exec/Executor.java:208:10
          Resolved as new abstract (CtMethodImpl) execute @ src/main/java/org/apache/commons/exec/Executor.java:208:10
        Adding abstract (CtMethodImpl) setWorkingDirectory @ src/main/java/org/apache/commons/exec/Executor.java:156:10
          Adding signature (CtMethodImpl) setWorkingDirectory @ src/main/java/org/apache/commons/exec/Executor.java:156:10
            Adding parameter (CtParameterImpl) dir @ src/main/java/org/apache/commons/exec/Executor.java:156:35
              Resolved as new parameter (CtParameterImpl) dir @ src/main/java/org/apache/commons/exec/Executor.java:156:35
            Resolved as new signature (CtMethodImpl) setWorkingDirectory @ src/main/java/org/apache/commons/exec/Executor.java:156:10
          Resolved as new abstract (CtMethodImpl) setWorkingDirectory @ src/main/java/org/apache/commons/exec/Executor.java:156:10
        Adding abstract (CtMethodImpl) getWatchdog @ src/main/java/org/apache/commons/exec/Executor.java:117:21
          Adding signature (CtMethodImpl) getWatchdog @ src/main/java/org/apache/commons/exec/Executor.java:117:21
            Adding parameter <unnamed> org.apache.commons.exec.ExecuteWatchdog @ src/main/java/org/apache/commons/exec/Executor.java:117:5
              Resolved as new parameter <unnamed> org.apache.commons.exec.ExecuteWatchdog @ src/main/java/org/apache/commons/exec/Executor.java:117:5
            Resolved as new signature (CtMethodImpl) getWatchdog @ src/main/java/org/apache/commons/exec/Executor.java:117:21
          Resolved as new abstract (CtMethodImpl) getWatchdog @ src/main/java/org/apache/commons/exec/Executor.java:117:21
        Adding abstract (CtMethodImpl) setStreamHandler @ src/main/java/org/apache/commons/exec/Executor.java:109:10
          Adding signature (CtMethodImpl) setStreamHandler @ src/main/java/org/apache/commons/exec/Executor.java:109:10
            Adding parameter (CtParameterImpl) streamHandler @ src/main/java/org/apache/commons/exec/Executor.java:109:48
              Resolved as new parameter (CtParameterImpl) streamHandler @ src/main/java/org/apache/commons/exec/Executor.java:109:48
            Resolved as new signature (CtMethodImpl) setStreamHandler @ src/main/java/org/apache/commons/exec/Executor.java:109:10
          Resolved as new abstract (CtMethodImpl) setStreamHandler @ src/main/java/org/apache/commons/exec/Executor.java:109:10
        Resolved as new interface description (CtInterfaceImpl) Executor @ src/main/java/org/apache/commons/exec/Executor.java:49:18
      Resolved as new interface decl (CtInterfaceImpl) Executor @ src/main/java/org/apache/commons/exec/Executor.java:49:18
    Adding object decl (CtClassImpl) InputStreamPumper @ src/main/java/org/apache/commons/exec/InputStreamPumper.java:31:14
      Adding struct (CtClassImpl) InputStreamPumper @ src/main/java/org/apache/commons/exec/InputStreamPumper.java:31:14
        Adding field (CtFieldImpl) SLEEPING_TIME @ src/main/java/org/apache/commons/exec/InputStreamPumper.java:33:29
          Adding basic (CtTypeReferenceImpl) int @ src/main/java/org/apache/commons/exec/InputStreamPumper.java:33:25
            Resolved with match basic (CtTypeReferenceImpl) int @ src/main/java/org/apache/commons/exec/InputStreamPumper.java:33:25
          Resolved as new field (CtFieldImpl) SLEEPING_TIME @ src/main/java/org/apache/commons/exec/InputStreamPumper.java:33:29
        Adding field (CtFieldImpl) is @ src/main/java/org/apache/commons/exec/InputStreamPumper.java:36:31
          Resolved as new field (CtFieldImpl) is @ src/main/java/org/apache/commons/exec/InputStreamPumper.java:36:31
        Adding field (CtFieldImpl) os @ src/main/java/org/apache/commons/exec/InputStreamPumper.java:39:32
          Resolved as new field (CtFieldImpl) os @ src/main/java/org/apache/commons/exec/InputStreamPumper.java:39:32
        Adding field (CtFieldImpl) stop @ src/main/java/org/apache/commons/exec/InputStreamPumper.java:42:30
          Adding basic (CtTypeReferenceImpl) boolean @ src/main/java/org/apache/commons/exec/InputStreamPumper.java:42:22
            Resolved with match basic (CtTypeReferenceImpl) boolean @ src/main/java/org/apache/commons/exec/InputStreamPumper.java:42:22
          Resolved as new field (CtFieldImpl) stop @ src/main/java/org/apache/commons/exec/InputStreamPumper.java:42:30
        Resolved as new struct (CtClassImpl) InputStreamPumper @ src/main/java/org/apache/commons/exec/InputStreamPumper.java:31:14
      Resolved as new object decl (CtClassImpl) InputStreamPumper @ src/main/java/org/apache/commons/exec/InputStreamPumper.java:31:14
    Adding object decl (CtClassImpl) LogOutputStream @ src/main/java/org/apache/commons/exec/LogOutputStream.java:33:23
      Adding struct (CtClassImpl) LogOutputStream @ src/main/java/org/apache/commons/exec/LogOutputStream.java:33:23
        Adding field (CtFieldImpl) INTIAL_SIZE @ src/main/java/org/apache/commons/exec/LogOutputStream.java:37:30
          Adding basic (CtTypeReferenceImpl) int @ src/main/java/org/apache/commons/exec/LogOutputStream.java:37:26
            Resolved with match basic (CtTypeReferenceImpl) int @ src/main/java/org/apache/commons/exec/LogOutputStream.java:37:26
          Resolved as new field (CtFieldImpl) INTIAL_SIZE @ src/main/java/org/apache/commons/exec/LogOutputStream.java:37:30
        Adding field (CtFieldImpl) CR @ src/main/java/org/apache/commons/exec/LogOutputStream.java:40:30
          Adding basic (CtTypeReferenceImpl) int @ src/main/java/org/apache/commons/exec/LogOutputStream.java:40:26
            Resolved with match basic (CtTypeReferenceImpl) int @ src/main/java/org/apache/commons/exec/LogOutputStream.java:40:26
          Resolved as new field (CtFieldImpl) CR @ src/main/java/org/apache/commons/exec/LogOutputStream.java:40:30
        Adding field (CtFieldImpl) LF @ src/main/java/org/apache/commons/exec/LogOutputStream.java:43:30
          Adding basic (CtTypeReferenceImpl) int @ src/main/java/org/apache/commons/exec/LogOutputStream.java:43:26
            Resolved with match basic (CtTypeReferenceImpl) int @ src/main/java/org/apache/commons/exec/LogOutputStream.java:43:26
          Resolved as new field (CtFieldImpl) LF @ src/main/java/org/apache/commons/exec/LogOutputStream.java:43:30
        Adding field (CtFieldImpl) buffer @ src/main/java/org/apache/commons/exec/LogOutputStream.java:46:41
          Resolved as new field (CtFieldImpl) buffer @ src/main/java/org/apache/commons/exec/LogOutputStream.java:46:41
        Adding field (CtFieldImpl) skip @ src/main/java/org/apache/commons/exec/LogOutputStream.java:49:21
          Adding basic (CtTypeReferenceImpl) boolean @ src/main/java/org/apache/commons/exec/LogOutputStream.java:49:13
            Resolved with match basic (CtTypeReferenceImpl) boolean @ src/main/java/org/apache/commons/exec/LogOutputStream.java:49:13
          Resolved as new field (CtFieldImpl) skip @ src/main/java/org/apache/commons/exec/LogOutputStream.java:49:21
        Adding field (CtFieldImpl) level @ src/main/java/org/apache/commons/exec/LogOutputStream.java:51:23
          Adding basic (CtTypeReferenceImpl) int @ src/main/java/org/apache/commons/exec/LogOutputStream.java:51:19
            Resolved with match basic (CtTypeReferenceImpl) int @ src/main/java/org/apache/commons/exec/LogOutputStream.java:51:19
          Resolved as new field (CtFieldImpl) level @ src/main/java/org/apache/commons/exec/LogOutputStream.java:51:23
        Adding field $super
          Resolved as new field $super
        Resolved as new struct (CtClassImpl) LogOutputStream @ src/main/java/org/apache/commons/exec/LogOutputStream.java:33:23
      Resolved as new object decl (CtClassImpl) LogOutputStream @ src/main/java/org/apache/commons/exec/LogOutputStream.java:33:23
    Adding object decl (CtClassImpl) PumpStreamHandler @ src/main/java/org/apache/commons/exec/PumpStreamHandler.java:35:14
      Adding struct (CtClassImpl) PumpStreamHandler @ src/main/java/org/apache/commons/exec/PumpStreamHandler.java:35:14
        Adding field (CtFieldImpl) STOP_TIMEOUT_ADDITION @ src/main/java/org/apache/commons/exec/PumpStreamHandler.java:37:31
          Adding basic (CtTypeReferenceImpl) long @ src/main/java/org/apache/commons/exec/PumpStreamHandler.java:37:26
            Resolved with match basic (CtTypeReferenceImpl) long @ src/main/java/org/apache/commons/exec/PumpStreamHandler.java:37:26
          Resolved as new field (CtFieldImpl) STOP_TIMEOUT_ADDITION @ src/main/java/org/apache/commons/exec/PumpStreamHandler.java:37:31
        Adding field (CtFieldImpl) outputThread @ src/main/java/org/apache/commons/exec/PumpStreamHandler.java:39:20
          Resolved as new field (CtFieldImpl) outputThread @ src/main/java/org/apache/commons/exec/PumpStreamHandler.java:39:20
        Adding field (CtFieldImpl) errorThread @ src/main/java/org/apache/commons/exec/PumpStreamHandler.java:41:20
          Resolved as new field (CtFieldImpl) errorThread @ src/main/java/org/apache/commons/exec/PumpStreamHandler.java:41:20
        Adding field (CtFieldImpl) inputThread @ src/main/java/org/apache/commons/exec/PumpStreamHandler.java:43:20
          Resolved as new field (CtFieldImpl) inputThread @ src/main/java/org/apache/commons/exec/PumpStreamHandler.java:43:20
        Adding field (CtFieldImpl) out @ src/main/java/org/apache/commons/exec/PumpStreamHandler.java:45:32
          Resolved as new field (CtFieldImpl) out @ src/main/java/org/apache/commons/exec/PumpStreamHandler.java:45:32
        Adding field (CtFieldImpl) err @ src/main/java/org/apache/commons/exec/PumpStreamHandler.java:47:32
          Resolved as new field (CtFieldImpl) err @ src/main/java/org/apache/commons/exec/PumpStreamHandler.java:47:32
        Adding field (CtFieldImpl) input @ src/main/java/org/apache/commons/exec/PumpStreamHandler.java:49:31
          Resolved as new field (CtFieldImpl) input @ src/main/java/org/apache/commons/exec/PumpStreamHandler.java:49:31
        Adding field (CtFieldImpl) inputStreamPumper @ src/main/java/org/apache/commons/exec/PumpStreamHandler.java:51:31
          Resolved as new field (CtFieldImpl) inputStreamPumper @ src/main/java/org/apache/commons/exec/PumpStreamHandler.java:51:31
        Adding field (CtFieldImpl) stopTimeout @ src/main/java/org/apache/commons/exec/PumpStreamHandler.java:54:18
          Adding basic (CtTypeReferenceImpl) long @ src/main/java/org/apache/commons/exec/PumpStreamHandler.java:54:13
            Resolved with match basic (CtTypeReferenceImpl) long @ src/main/java/org/apache/commons/exec/PumpStreamHandler.java:54:13
          Resolved as new field (CtFieldImpl) stopTimeout @ src/main/java/org/apache/commons/exec/PumpStreamHandler.java:54:18
        Adding field (CtFieldImpl) caught @ src/main/java/org/apache/commons/exec/PumpStreamHandler.java:57:25
          Resolved as new field (CtFieldImpl) caught @ src/main/java/org/apache/commons/exec/PumpStreamHandler.java:57:25
        Resolved as new struct (CtClassImpl) PumpStreamHandler @ src/main/java/org/apache/commons/exec/PumpStreamHandler.java:35:14
      Resolved as new object decl (CtClassImpl) PumpStreamHandler @ src/main/java/org/apache/commons/exec/PumpStreamHandler.java:35:14
    Adding object decl (CtClassImpl) ShutdownHookProcessDestroyer @ src/main/java/org/apache/commons/exec/ShutdownHookProcessDestroyer.java:29:14
      Adding struct (CtClassImpl) ShutdownHookProcessDestroyer @ src/main/java/org/apache/commons/exec/ShutdownHookProcessDestroyer.java:29:14
        Adding field (CtFieldImpl) processes @ src/main/java/org/apache/commons/exec/ShutdownHookProcessDestroyer.java:32:35
          Adding object instantiation java.util.Vector @ src/main/java/org/apache/commons/exec/ShutdownHookProcessDestroyer.java:32:19<java.lang.Process @ src/main/java/org/apache/commons/exec/ShutdownHookProcessDestroyer.java:32:26>
            Adding struct (CtClassImpl) Vector
              Resolved as new struct (CtClassImpl) Vector
            Adding interface description (CtInterfaceImpl) RandomAccess
              Resolved as new interface description (CtInterfaceImpl) RandomAccess
            Adding interface description (CtInterfaceImpl) List
              Resolved as new interface description (CtInterfaceImpl) List
            Adding interface description (CtInterfaceImpl) Serializable
              Resolved as new interface description (CtInterfaceImpl) Serializable
            Adding interface description (CtInterfaceImpl) Cloneable
              Resolved as new interface description (CtInterfaceImpl) Cloneable
            Resolved as new object instantiation java.util.Vector @ src/main/java/org/apache/commons/exec/ShutdownHookProcessDestroyer.java:32:19<java.lang.Process @ src/main/java/org/apache/commons/exec/ShutdownHookProcessDestroyer.java:32:26>
          Resolved as new field (CtFieldImpl) processes @ src/main/java/org/apache/commons/exec/ShutdownHookProcessDestroyer.java:32:35
        Adding field (CtFieldImpl) destroyProcessThread @ src/main/java/org/apache/commons/exec/ShutdownHookProcessDestroyer.java:35:34
          Adding object decl (CtClassImpl) ProcessDestroyerImpl @ src/main/java/org/apache/commons/exec/ShutdownHookProcessDestroyer.java:45:19
            Adding struct (CtClassImpl) ProcessDestroyerImpl @ src/main/java/org/apache/commons/exec/ShutdownHookProcessDestroyer.java:45:19
              Adding field (CtFieldImpl) shouldDestroy @ src/main/java/org/apache/commons/exec/ShutdownHookProcessDestroyer.java:47:25
                Adding basic (CtTypeReferenceImpl) boolean @ src/main/java/org/apache/commons/exec/ShutdownHookProcessDestroyer.java:47:17
                  Resolved with match basic (CtTypeReferenceImpl) boolean @ src/main/java/org/apache/commons/exec/ShutdownHookProcessDestroyer.java:47:17
                Resolved as new field (CtFieldImpl) shouldDestroy @ src/main/java/org/apache/commons/exec/ShutdownHookProcessDestroyer.java:47:25
              Adding field (CtFieldImpl) name
                Resolved as new field (CtFieldImpl) name
              Adding field (CtFieldImpl) priority
                Adding basic (CtTypeReferenceImpl) int
                  Resolved with match basic (CtTypeReferenceImpl) int
                Resolved as new field (CtFieldImpl) priority
              Adding field (CtFieldImpl) daemon
                Adding basic (CtTypeReferenceImpl) boolean
                  Resolved with match basic (CtTypeReferenceImpl) boolean
                Resolved as new field (CtFieldImpl) daemon
              Adding field (CtFieldImpl) interrupted
                Adding basic (CtTypeReferenceImpl) boolean
                  Resolved with match basic (CtTypeReferenceImpl) boolean
                Resolved as new field (CtFieldImpl) interrupted
              Adding field (CtFieldImpl) stillborn
                Adding basic (CtTypeReferenceImpl) boolean
                  Resolved with match basic (CtTypeReferenceImpl) boolean
                Resolved as new field (CtFieldImpl) stillborn
              Adding field (CtFieldImpl) eetop
                Adding basic (CtTypeReferenceImpl) long
                  Resolved with match basic (CtTypeReferenceImpl) long
                Resolved as new field (CtFieldImpl) eetop
              Adding field (CtFieldImpl) target
                Adding interface decl (CtInterfaceImpl) Runnable
                  Adding interface description (CtInterfaceImpl) Runnable
                    Resolved as new interface description (CtInterfaceImpl) Runnable
                  Resolved as new interface decl (CtInterfaceImpl) Runnable
                Resolved as new field (CtFieldImpl) target
              Adding field (CtFieldImpl) group
                Adding object decl (CtClassImpl) ThreadGroup
                  Adding struct (CtClassImpl) ThreadGroup
                    Resolved as new struct (CtClassImpl) ThreadGroup
                  Resolved as new object decl (CtClassImpl) ThreadGroup
                Resolved as new field (CtFieldImpl) group
              Adding field (CtFieldImpl) contextClassLoader
                Adding object decl (CtClassImpl) ClassLoader
                  Adding struct (CtClassImpl) ClassLoader
                    Resolved as new struct (CtClassImpl) ClassLoader
                  Resolved as new object decl (CtClassImpl) ClassLoader
                Resolved as new field (CtFieldImpl) contextClassLoader
              Adding field (CtFieldImpl) inheritedAccessControlContext
                Adding object decl (CtClassImpl) AccessControlContext
                  Pending package java.security
                  Adding struct (CtClassImpl) AccessControlContext
                    Resolved as new struct (CtClassImpl) AccessControlContext
                  Resolved as new object decl (CtClassImpl) AccessControlContext
                Resolved as new field (CtFieldImpl) inheritedAccessControlContext
              Adding field (CtFieldImpl) threadInitNumber
                Adding basic (CtTypeReferenceImpl) int
                  Resolved with match basic (CtTypeReferenceImpl) int
                Resolved as new field (CtFieldImpl) threadInitNumber
              Adding field (CtFieldImpl) threadLocals
                Adding object decl (CtClassImpl) ThreadLocalMap
                  Pending package java.lang
                  Adding struct (CtClassImpl) ThreadLocalMap
                    Resolved as new struct (CtClassImpl) ThreadLocalMap
                  Adding type params (CtTypeParameterImpl) T
                    Resolved with match type params (CtTypeParameterImpl) T
                  Resolved as new object decl (CtClassImpl) ThreadLocalMap
                Resolved as new field (CtFieldImpl) threadLocals
              Adding field (CtFieldImpl) inheritableThreadLocals
                Resolved as new field (CtFieldImpl) inheritableThreadLocals
              Adding field (CtFieldImpl) stackSize
                Adding basic (CtTypeReferenceImpl) long
                  Resolved with match basic (CtTypeReferenceImpl) long
                Resolved as new field (CtFieldImpl) stackSize
              Adding field (CtFieldImpl) tid
                Adding basic (CtTypeReferenceImpl) long
                  Resolved with match basic (CtTypeReferenceImpl) long
                Resolved as new field (CtFieldImpl) tid
              Adding field (CtFieldImpl) threadSeqNumber
                Adding basic (CtTypeReferenceImpl) long
                  Resolved with match basic (CtTypeReferenceImpl) long
                Resolved as new field (CtFieldImpl) threadSeqNumber
              Adding field (CtFieldImpl) threadStatus
                Adding basic (CtTypeReferenceImpl) int
                  Resolved with match basic (CtTypeReferenceImpl) int
                Resolved as new field (CtFieldImpl) threadStatus
              Adding field (CtFieldImpl) parkBlocker
                Resolved as new field (CtFieldImpl) parkBlocker
              Adding field (CtFieldImpl) blocker
                Adding interface decl (CtInterfaceImpl) Interruptible
                  Pending package sun.nio.ch
                  Adding interface description (CtInterfaceImpl) Interruptible
                    Resolved as new interface description (CtInterfaceImpl) Interruptible
                  Resolved as new interface decl (CtInterfaceImpl) Interruptible
                Resolved as new field (CtFieldImpl) blocker
              Adding field (CtFieldImpl) blockerLock
                Resolved as new field (CtFieldImpl) blockerLock
              Adding field (CtFieldImpl) MIN_PRIORITY
                Adding basic (CtTypeReferenceImpl) int
                  Resolved with match basic (CtTypeReferenceImpl) int
                Resolved as new field (CtFieldImpl) MIN_PRIORITY
              Adding field (CtFieldImpl) NORM_PRIORITY
                Adding basic (CtTypeReferenceImpl) int
                  Resolved with match basic (CtTypeReferenceImpl) int
                Resolved as new field (CtFieldImpl) NORM_PRIORITY
              Adding field (CtFieldImpl) MAX_PRIORITY
                Adding basic (CtTypeReferenceImpl) int
                  Resolved with match basic (CtTypeReferenceImpl) int
                Resolved as new field (CtFieldImpl) MAX_PRIORITY
              Adding field (CtFieldImpl) EMPTY_STACK_TRACE
                Resolved as new field (CtFieldImpl) EMPTY_STACK_TRACE
              Adding field (CtFieldImpl) uncaughtExceptionHandler
                Adding interface decl (CtInterfaceImpl) UncaughtExceptionHandler
                  Adding interface description (CtInterfaceImpl) UncaughtExceptionHandler
                    Resolved as new interface description (CtInterfaceImpl) UncaughtExceptionHandler
                  Resolved as new interface decl (CtInterfaceImpl) UncaughtExceptionHandler
                Resolved as new field (CtFieldImpl) uncaughtExceptionHandler
              Adding field (CtFieldImpl) defaultUncaughtExceptionHandler
                Resolved as new field (CtFieldImpl) defaultUncaughtExceptionHandler
              Adding field (CtFieldImpl) threadLocalRandomSeed
                Adding basic (CtTypeReferenceImpl) long
                  Resolved with match basic (CtTypeReferenceImpl) long
                Resolved as new field (CtFieldImpl) threadLocalRandomSeed
              Adding field (CtFieldImpl) threadLocalRandomProbe
                Adding basic (CtTypeReferenceImpl) int
                  Resolved with match basic (CtTypeReferenceImpl) int
                Resolved as new field (CtFieldImpl) threadLocalRandomProbe
              Adding field (CtFieldImpl) threadLocalRandomSecondarySeed
                Adding basic (CtTypeReferenceImpl) int
                  Resolved with match basic (CtTypeReferenceImpl) int
                Resolved as new field (CtFieldImpl) threadLocalRandomSecondarySeed
              Adding field $super
                Resolved as new field $super
              Adding field $nest
                Resolved as new field $nest
              Resolved as new struct (CtClassImpl) ProcessDestroyerImpl @ src/main/java/org/apache/commons/exec/ShutdownHookProcessDestroyer.java:45:19
            Resolved as new object decl (CtClassImpl) ProcessDestroyerImpl @ src/main/java/org/apache/commons/exec/ShutdownHookProcessDestroyer.java:45:19
          Resolved as new field (CtFieldImpl) destroyProcessThread @ src/main/java/org/apache/commons/exec/ShutdownHookProcessDestroyer.java:35:34
        Adding field (CtFieldImpl) added @ src/main/java/org/apache/commons/exec/ShutdownHookProcessDestroyer.java:38:21
          Adding basic (CtTypeReferenceImpl) boolean @ src/main/java/org/apache/commons/exec/ShutdownHookProcessDestroyer.java:38:13
            Resolved with match basic (CtTypeReferenceImpl) boolean @ src/main/java/org/apache/commons/exec/ShutdownHookProcessDestroyer.java:38:13
          Resolved as new field (CtFieldImpl) added @ src/main/java/org/apache/commons/exec/ShutdownHookProcessDestroyer.java:38:21
        Adding field (CtFieldImpl) running @ src/main/java/org/apache/commons/exec/ShutdownHookProcessDestroyer.java:43:30
          Adding basic (CtTypeReferenceImpl) boolean @ src/main/java/org/apache/commons/exec/ShutdownHookProcessDestroyer.java:43:22
            Resolved with match basic (CtTypeReferenceImpl) boolean @ src/main/java/org/apache/commons/exec/ShutdownHookProcessDestroyer.java:43:22
          Resolved as new field (CtFieldImpl) running @ src/main/java/org/apache/commons/exec/ShutdownHookProcessDestroyer.java:43:30
        Resolved as new struct (CtClassImpl) ShutdownHookProcessDestroyer @ src/main/java/org/apache/commons/exec/ShutdownHookProcessDestroyer.java:29:14
      Resolved as new object decl (CtClassImpl) ShutdownHookProcessDestroyer @ src/main/java/org/apache/commons/exec/ShutdownHookProcessDestroyer.java:29:14
    Adding object decl (CtClassImpl) StreamPumper @ src/main/java/org/apache/commons/exec/StreamPumper.java:32:14
      Adding struct (CtClassImpl) StreamPumper @ src/main/java/org/apache/commons/exec/StreamPumper.java:32:14
        Adding field (CtFieldImpl) DEFAULT_SIZE @ src/main/java/org/apache/commons/exec/StreamPumper.java:35:30
          Adding basic (CtTypeReferenceImpl) int @ src/main/java/org/apache/commons/exec/StreamPumper.java:35:26
            Resolved with match basic (CtTypeReferenceImpl) int @ src/main/java/org/apache/commons/exec/StreamPumper.java:35:26
          Resolved as new field (CtFieldImpl) DEFAULT_SIZE @ src/main/java/org/apache/commons/exec/StreamPumper.java:35:30
        Adding field (CtFieldImpl) is @ src/main/java/org/apache/commons/exec/StreamPumper.java:38:31
          Resolved with match field (CtFieldImpl) is @ src/main/java/org/apache/commons/exec/StreamPumper.java:38:31
        Adding field (CtFieldImpl) os @ src/main/java/org/apache/commons/exec/StreamPumper.java:41:32
          Resolved with match field (CtFieldImpl) os @ src/main/java/org/apache/commons/exec/StreamPumper.java:41:32
        Adding field (CtFieldImpl) size @ src/main/java/org/apache/commons/exec/StreamPumper.java:44:23
          Adding basic (CtTypeReferenceImpl) int @ src/main/java/org/apache/commons/exec/StreamPumper.java:44:19
            Resolved with match basic (CtTypeReferenceImpl) int @ src/main/java/org/apache/commons/exec/StreamPumper.java:44:19
          Resolved as new field (CtFieldImpl) size @ src/main/java/org/apache/commons/exec/StreamPumper.java:44:23
        Adding field (CtFieldImpl) finished @ src/main/java/org/apache/commons/exec/StreamPumper.java:47:21
          Adding basic (CtTypeReferenceImpl) boolean @ src/main/java/org/apache/commons/exec/StreamPumper.java:47:13
            Resolved with match basic (CtTypeReferenceImpl) boolean @ src/main/java/org/apache/commons/exec/StreamPumper.java:47:13
          Resolved as new field (CtFieldImpl) finished @ src/main/java/org/apache/commons/exec/StreamPumper.java:47:21
        Adding field (CtFieldImpl) closeWhenExhausted @ src/main/java/org/apache/commons/exec/StreamPumper.java:50:27
          Adding basic (CtTypeReferenceImpl) boolean @ src/main/java/org/apache/commons/exec/StreamPumper.java:50:19
            Resolved with match basic (CtTypeReferenceImpl) boolean @ src/main/java/org/apache/commons/exec/StreamPumper.java:50:19
          Resolved as new field (CtFieldImpl) closeWhenExhausted @ src/main/java/org/apache/commons/exec/StreamPumper.java:50:27
        Resolved as new struct (CtClassImpl) StreamPumper @ src/main/java/org/apache/commons/exec/StreamPumper.java:32:14
      Resolved as new object decl (CtClassImpl) StreamPumper @ src/main/java/org/apache/commons/exec/StreamPumper.java:32:14
  Finishing field (CtFieldImpl) streamHandler @ src/main/java/org/apache/commons/exec/DefaultExecutor.java:51:34
  Finishing field (CtFieldImpl) workingDirectory @ src/main/java/org/apache/commons/exec/DefaultExecutor.java:54:18
  Finishing field (CtFieldImpl) INFINITE_TIMEOUT @ src/main/java/org/apache/commons/exec/ExecuteWatchdog.java:54:30
  Finishing field (CtFieldImpl) process @ src/main/java/org/apache/commons/exec/ExecuteWatchdog.java:57:21
  Finishing field (CtFieldImpl) hasWatchdog @ src/main/java/org/apache/commons/exec/ExecuteWatchdog.java:60:27
  Finishing field (CtFieldImpl) watch @ src/main/java/org/apache/commons/exec/ExecuteWatchdog.java:63:21
  Finishing field (CtFieldImpl) caught @ src/main/java/org/apache/commons/exec/ExecuteWatchdog.java:66:23
  Finishing field (CtFieldImpl) killedProcess @ src/main/java/org/apache/commons/exec/ExecuteWatchdog.java:69:21
  Finishing field (CtFieldImpl) observers @ src/main/java/org/apache/commons/exec/Watchdog.java:33:43
  Finishing field (CtFieldImpl) timeout @ src/main/java/org/apache/commons/exec/Watchdog.java:35:24
  Finishing field (CtFieldImpl) stopped @ src/main/java/org/apache/commons/exec/Watchdog.java:37:21
  Finishing field (CtFieldImpl) watchdog @ src/main/java/org/apache/commons/exec/ExecuteWatchdog.java:72:28
  Finishing field (CtFieldImpl) processStarted @ src/main/java/org/apache/commons/exec/ExecuteWatchdog.java:75:30
  Finishing field (CtFieldImpl) watchdog @ src/main/java/org/apache/commons/exec/DefaultExecutor.java:57:29
  Finishing field (CtFieldImpl) exitValues @ src/main/java/org/apache/commons/exec/DefaultExecutor.java:60:19
  Finishing field (CtFieldImpl) launcher @ src/main/java/org/apache/commons/exec/DefaultExecutor.java:63:35
  Finishing field (CtFieldImpl) processDestroyer @ src/main/java/org/apache/commons/exec/DefaultExecutor.java:66:30
  Finishing field (CtFieldImpl) executorThread @ src/main/java/org/apache/commons/exec/DefaultExecutor.java:69:20
  Finishing field (CtFieldImpl) exceptionCaught @ src/main/java/org/apache/commons/exec/DefaultExecutor.java:72:25
  Finishing field (CtFieldImpl) INVALID_EXITVALUE @ src/main/java/org/apache/commons/exec/Executor.java:52:9
  Finishing field (CtFieldImpl) SLEEP_TIME_MS @ src/main/java/org/apache/commons/exec/DefaultExecuteResultHandler.java:30:30
  Finishing field (CtFieldImpl) hasResult @ src/main/java/org/apache/commons/exec/DefaultExecuteResultHandler.java:33:30
  Finishing field (CtFieldImpl) exitValue @ src/main/java/org/apache/commons/exec/DefaultExecuteResultHandler.java:36:26
  Finishing field (CtFieldImpl) serialVersionUID @ src/main/java/org/apache/commons/exec/ExecuteException.java:33:31
  Finishing field (CtFieldImpl) cause @ src/main/java/org/apache/commons/exec/ExecuteException.java:38:29
  Finishing field (CtFieldImpl) exitValue @ src/main/java/org/apache/commons/exec/ExecuteException.java:43:23
  Finishing field (CtFieldImpl) serialVersionUID
  Finishing field (CtFieldImpl) serialVersionUID
  Finishing field (CtFieldImpl) serialVersionUID
  Finishing field (CtFieldImpl) backtrace
  Finishing field (CtFieldImpl) detailMessage
  Finishing field (CtFieldImpl) UNASSIGNED_STACK
  Finishing field (CtFieldImpl) cause
  Finishing field (CtFieldImpl) stackTrace
  Finishing field (CtFieldImpl) depth
  Finishing field (CtFieldImpl) SUPPRESSED_SENTINEL
  Finishing field (CtFieldImpl) suppressedExceptions
  Finishing field (CtFieldImpl) NULL_CAUSE_MESSAGE
  Finishing field (CtFieldImpl) SELF_SUPPRESSION_MESSAGE
  Finishing field (CtFieldImpl) CAUSE_CAPTION
  Finishing field (CtFieldImpl) SUPPRESSED_CAPTION
  Finishing field (CtFieldImpl) EMPTY_THROWABLE_ARRAY
  Finishing field (CtFieldImpl) exception @ src/main/java/org/apache/commons/exec/DefaultExecuteResultHandler.java:39:39
  Finishing field (CtFieldImpl) SLEEPING_TIME @ src/main/java/org/apache/commons/exec/InputStreamPumper.java:33:29
  Finishing field (CtFieldImpl) is @ src/main/java/org/apache/commons/exec/InputStreamPumper.java:36:31
  Finishing field (CtFieldImpl) os @ src/main/java/org/apache/commons/exec/InputStreamPumper.java:39:32
  Finishing field (CtFieldImpl) stop @ src/main/java/org/apache/commons/exec/InputStreamPumper.java:42:30
  Finishing field (CtFieldImpl) INTIAL_SIZE @ src/main/java/org/apache/commons/exec/LogOutputStream.java:37:30
  Finishing field (CtFieldImpl) CR @ src/main/java/org/apache/commons/exec/LogOutputStream.java:40:30
  Finishing field (CtFieldImpl) LF @ src/main/java/org/apache/commons/exec/LogOutputStream.java:43:30
  Finishing field (CtFieldImpl) buffer @ src/main/java/org/apache/commons/exec/LogOutputStream.java:46:41
  Finishing field (CtFieldImpl) skip @ src/main/java/org/apache/commons/exec/LogOutputStream.java:49:21
  Finishing field (CtFieldImpl) level @ src/main/java/org/apache/commons/exec/LogOutputStream.java:51:23
  Finishing field (CtFieldImpl) STOP_TIMEOUT_ADDITION @ src/main/java/org/apache/commons/exec/PumpStreamHandler.java:37:31
  Finishing field (CtFieldImpl) outputThread @ src/main/java/org/apache/commons/exec/PumpStreamHandler.java:39:20
  Finishing field (CtFieldImpl) errorThread @ src/main/java/org/apache/commons/exec/PumpStreamHandler.java:41:20
  Finishing field (CtFieldImpl) inputThread @ src/main/java/org/apache/commons/exec/PumpStreamHandler.java:43:20
  Finishing field (CtFieldImpl) out @ src/main/java/org/apache/commons/exec/PumpStreamHandler.java:45:32
  Finishing field (CtFieldImpl) err @ src/main/java/org/apache/commons/exec/PumpStreamHandler.java:47:32
  Finishing field (CtFieldImpl) input @ src/main/java/org/apache/commons/exec/PumpStreamHandler.java:49:31
  Finishing field (CtFieldImpl) inputStreamPumper @ src/main/java/org/apache/commons/exec/PumpStreamHandler.java:51:31
  Finishing field (CtFieldImpl) stopTimeout @ src/main/java/org/apache/commons/exec/PumpStreamHandler.java:54:18
  Finishing field (CtFieldImpl) caught @ src/main/java/org/apache/commons/exec/PumpStreamHandler.java:57:25
  Finishing field (CtFieldImpl) processes @ src/main/java/org/apache/commons/exec/ShutdownHookProcessDestroyer.java:32:35
  Finishing field (CtFieldImpl) shouldDestroy @ src/main/java/org/apache/commons/exec/ShutdownHookProcessDestroyer.java:47:25
  Finishing field (CtFieldImpl) name
  Finishing field (CtFieldImpl) priority
  Finishing field (CtFieldImpl) daemon
  Finishing field (CtFieldImpl) interrupted
  Finishing field (CtFieldImpl) stillborn
  Finishing field (CtFieldImpl) eetop
  Finishing field (CtFieldImpl) target
  Finishing field (CtFieldImpl) group
  Finishing field (CtFieldImpl) contextClassLoader
  Finishing field (CtFieldImpl) inheritedAccessControlContext
  Finishing field (CtFieldImpl) threadInitNumber
  Finishing field (CtFieldImpl) threadLocals
  Finishing field (CtFieldImpl) inheritableThreadLocals
  Finishing field (CtFieldImpl) stackSize
  Finishing field (CtFieldImpl) tid
  Finishing field (CtFieldImpl) threadSeqNumber
  Finishing field (CtFieldImpl) threadStatus
  Finishing field (CtFieldImpl) parkBlocker
  Finishing field (CtFieldImpl) blocker
  Finishing field (CtFieldImpl) blockerLock
  Finishing field (CtFieldImpl) MIN_PRIORITY
  Finishing field (CtFieldImpl) NORM_PRIORITY
  Finishing field (CtFieldImpl) MAX_PRIORITY
  Finishing field (CtFieldImpl) EMPTY_STACK_TRACE
  Finishing field (CtFieldImpl) uncaughtExceptionHandler
  Finishing field (CtFieldImpl) defaultUncaughtExceptionHandler
  Finishing field (CtFieldImpl) threadLocalRandomSeed
  Finishing field (CtFieldImpl) threadLocalRandomProbe
  Finishing field (CtFieldImpl) threadLocalRandomSecondarySeed
  Finishing field (CtFieldImpl) destroyProcessThread @ src/main/java/org/apache/commons/exec/ShutdownHookProcessDestroyer.java:35:34
  Finishing field (CtFieldImpl) added @ src/main/java/org/apache/commons/exec/ShutdownHookProcessDestroyer.java:38:21
  Finishing field (CtFieldImpl) running @ src/main/java/org/apache/commons/exec/ShutdownHookProcessDestroyer.java:43:30
  Finishing field (CtFieldImpl) DEFAULT_SIZE @ src/main/java/org/apache/commons/exec/StreamPumper.java:35:30
  Finishing field (CtFieldImpl) is @ src/main/java/org/apache/commons/exec/StreamPumper.java:38:31
  Finishing field (CtFieldImpl) os @ src/main/java/org/apache/commons/exec/StreamPumper.java:41:32
  Finishing field (CtFieldImpl) size @ src/main/java/org/apache/commons/exec/StreamPumper.java:44:23
  Finishing field (CtFieldImpl) finished @ src/main/java/org/apache/commons/exec/StreamPumper.java:47:21
  Finishing field (CtFieldImpl) closeWhenExhausted @ src/main/java/org/apache/commons/exec/StreamPumper.java:50:27
  Finishing interface decl (CtInterfaceImpl) ExecuteStreamHandler @ src/main/java/org/apache/commons/exec/ExecuteStreamHandler.java:31:18
  Finishing interface decl (CtInterfaceImpl) TimeoutObserver @ src/main/java/org/apache/commons/exec/TimeoutObserver.java:28:18
  Finishing interface decl (CtInterfaceImpl) ProcessDestroyer @ src/main/java/org/apache/commons/exec/ProcessDestroyer.java:28:18
  Finishing interface decl (CtInterfaceImpl) ExecuteResultHandler @ src/main/java/org/apache/commons/exec/ExecuteResultHandler.java:30:18
  Finishing interface decl (CtInterfaceImpl) Executor @ src/main/java/org/apache/commons/exec/Executor.java:49:18
  Finishing interface decl (CtInterfaceImpl) Runnable
  Finishing interface decl (CtInterfaceImpl) Interruptible
  Finishing interface decl (CtInterfaceImpl) UncaughtExceptionHandler
    getting parent type for (CtInterfaceImpl) UncaughtExceptionHandler
  Finishing interface description (CtInterfaceImpl) ExecuteStreamHandler @ src/main/java/org/apache/commons/exec/ExecuteStreamHandler.java:31:18
  Finishing interface description (CtInterfaceImpl) TimeoutObserver @ src/main/java/org/apache/commons/exec/TimeoutObserver.java:28:18
  Finishing interface description (CtInterfaceImpl) RandomAccess
  Finishing interface description (CtInterfaceImpl) List
  Finishing interface description (CtInterfaceImpl) Serializable
  Finishing interface description (CtInterfaceImpl) Cloneable
  Finishing interface description (CtInterfaceImpl) ProcessDestroyer @ src/main/java/org/apache/commons/exec/ProcessDestroyer.java:28:18
  Finishing interface description (CtInterfaceImpl) List
  Finishing interface description (CtInterfaceImpl) ExecuteResultHandler @ src/main/java/org/apache/commons/exec/ExecuteResultHandler.java:30:18
  Finishing interface description (CtInterfaceImpl) Executor @ src/main/java/org/apache/commons/exec/Executor.java:49:18
  Finishing interface description (CtInterfaceImpl) RandomAccess
  Finishing interface description (CtInterfaceImpl) List
  Finishing interface description (CtInterfaceImpl) Serializable
  Finishing interface description (CtInterfaceImpl) Cloneable
  Finishing interface description (CtInterfaceImpl) Runnable
  Finishing interface description (CtInterfaceImpl) Interruptible
  Finishing interface description (CtInterfaceImpl) UncaughtExceptionHandler
  Finishing interface instantiation java.util.List<java.lang.Throwable>
  Finishing interface instantiation java.util.List<java.lang.Throwable>
  Finishing interface instantiation java.util.Map @ src/main/java/org/apache/commons/exec/Executor.java:182:38<java.lang.String @ src/main/java/org/apache/commons/exec/Executor.java:182:42, java.lang.String @ src/main/java/org/apache/commons/exec/Executor.java:182:50>
  Finishing interface instantiation java.util.Map @ src/main/java/org/apache/commons/exec/Executor.java:208:39<java.lang.String @ src/main/java/org/apache/commons/exec/Executor.java:208:43, java.lang.String @ src/main/java/org/apache/commons/exec/Executor.java:208:51>
  Finishing object decl (CtClassImpl) Exception
  Finishing object decl (CtClassImpl) Watchdog @ src/main/java/org/apache/commons/exec/Watchdog.java:31:14
    Adding constructor (CtConstructorImpl) <init> @ src/main/java/org/apache/commons/exec/Watchdog.java:39:12
      Adding constructor signature (CtConstructorImpl) <init> @ src/main/java/org/apache/commons/exec/Watchdog.java:39:12
        Adding parameter (CtParameterImpl) timeout @ src/main/java/org/apache/commons/exec/Watchdog.java:39:32
          Adding basic (CtTypeReferenceImpl) long @ src/main/java/org/apache/commons/exec/Watchdog.java:39:27
            Resolved with match basic (CtTypeReferenceImpl) long @ src/main/java/org/apache/commons/exec/Watchdog.java:39:27
          Resolved as new parameter (CtParameterImpl) timeout @ src/main/java/org/apache/commons/exec/Watchdog.java:39:32
        Adding parameter <unnamed> org.apache.commons.exec.Watchdog
          Resolved as new parameter <unnamed> org.apache.commons.exec.Watchdog
        Resolved as new constructor signature (CtConstructorImpl) <init> @ src/main/java/org/apache/commons/exec/Watchdog.java:39:12
      Resolved as new constructor (CtConstructorImpl) <init> @ src/main/java/org/apache/commons/exec/Watchdog.java:39:12
    Adding method (CtMethodImpl) fireTimeoutOccured @ src/main/java/org/apache/commons/exec/Watchdog.java:54:26
      Adding signature (CtMethodImpl) fireTimeoutOccured @ src/main/java/org/apache/commons/exec/Watchdog.java:54:26
        Resolved with match signature (CtMethodImpl) fireTimeoutOccured @ src/main/java/org/apache/commons/exec/Watchdog.java:54:26
      Resolved as new method (CtMethodImpl) fireTimeoutOccured @ src/main/java/org/apache/commons/exec/Watchdog.java:54:26
    Adding method (CtMethodImpl) removeTimeoutObserver @ src/main/java/org/apache/commons/exec/Watchdog.java:50:17
      Adding signature (CtMethodImpl) removeTimeoutObserver @ src/main/java/org/apache/commons/exec/Watchdog.java:50:17
        Adding parameter (CtParameterImpl) to @ src/main/java/org/apache/commons/exec/Watchdog.java:50:61
          Resolved as new parameter (CtParameterImpl) to @ src/main/java/org/apache/commons/exec/Watchdog.java:50:61
        Resolved as new signature (CtMethodImpl) removeTimeoutObserver @ src/main/java/org/apache/commons/exec/Watchdog.java:50:17
      Resolved as new method (CtMethodImpl) removeTimeoutObserver @ src/main/java/org/apache/commons/exec/Watchdog.java:50:17
    Adding method (CtMethodImpl) addTimeoutObserver @ src/main/java/org/apache/commons/exec/Watchdog.java:46:17
      Adding signature (CtMethodImpl) addTimeoutObserver @ src/main/java/org/apache/commons/exec/Watchdog.java:46:17
        Adding parameter (CtParameterImpl) to @ src/main/java/org/apache/commons/exec/Watchdog.java:46:58
          Resolved with match parameter (CtParameterImpl) to @ src/main/java/org/apache/commons/exec/Watchdog.java:46:58
        Resolved as new signature (CtMethodImpl) addTimeoutObserver @ src/main/java/org/apache/commons/exec/Watchdog.java:46:17
      Resolved as new method (CtMethodImpl) addTimeoutObserver @ src/main/java/org/apache/commons/exec/Watchdog.java:46:17
    Adding method (CtMethodImpl) start @ src/main/java/org/apache/commons/exec/Watchdog.java:61:30
      Adding signature (CtMethodImpl) start @ src/main/java/org/apache/commons/exec/Watchdog.java:61:30
        Resolved with match signature (CtMethodImpl) start @ src/main/java/org/apache/commons/exec/Watchdog.java:61:30
      Resolved as new method (CtMethodImpl) start @ src/main/java/org/apache/commons/exec/Watchdog.java:61:30
    Adding method (CtMethodImpl) run @ src/main/java/org/apache/commons/exec/Watchdog.java:73:17
      Adding signature (CtMethodImpl) run @ src/main/java/org/apache/commons/exec/Watchdog.java:73:17
        Resolved with match signature (CtMethodImpl) run @ src/main/java/org/apache/commons/exec/Watchdog.java:73:17
      Resolved as new method (CtMethodImpl) run @ src/main/java/org/apache/commons/exec/Watchdog.java:73:17
    Adding method (CtMethodImpl) stop @ src/main/java/org/apache/commons/exec/Watchdog.java:68:30
      Adding signature (CtMethodImpl) stop @ src/main/java/org/apache/commons/exec/Watchdog.java:68:30
        Resolved with match signature (CtMethodImpl) stop @ src/main/java/org/apache/commons/exec/Watchdog.java:68:30
      Resolved as new method (CtMethodImpl) stop @ src/main/java/org/apache/commons/exec/Watchdog.java:68:30
    Adding abstract (CtMethodImpl) fireTimeoutOccured @ src/main/java/org/apache/commons/exec/Watchdog.java:54:26
      Resolved as new abstract (CtMethodImpl) fireTimeoutOccured @ src/main/java/org/apache/commons/exec/Watchdog.java:54:26
    Adding abstract (CtMethodImpl) removeTimeoutObserver @ src/main/java/org/apache/commons/exec/Watchdog.java:50:17
      Resolved as new abstract (CtMethodImpl) removeTimeoutObserver @ src/main/java/org/apache/commons/exec/Watchdog.java:50:17
    Adding abstract (CtMethodImpl) addTimeoutObserver @ src/main/java/org/apache/commons/exec/Watchdog.java:46:17
      Resolved as new abstract (CtMethodImpl) addTimeoutObserver @ src/main/java/org/apache/commons/exec/Watchdog.java:46:17
    Adding abstract (CtMethodImpl) start @ src/main/java/org/apache/commons/exec/Watchdog.java:61:30
      Resolved as new abstract (CtMethodImpl) start @ src/main/java/org/apache/commons/exec/Watchdog.java:61:30
    Adding abstract (CtMethodImpl) run @ src/main/java/org/apache/commons/exec/Watchdog.java:73:17
      Resolved as new abstract (CtMethodImpl) run @ src/main/java/org/apache/commons/exec/Watchdog.java:73:17
    Adding abstract (CtMethodImpl) stop @ src/main/java/org/apache/commons/exec/Watchdog.java:68:30
      Resolved as new abstract (CtMethodImpl) stop @ src/main/java/org/apache/commons/exec/Watchdog.java:68:30
  Finishing object decl (CtClassImpl) ExecuteWatchdog @ src/main/java/org/apache/commons/exec/ExecuteWatchdog.java:51:14
    Adding constructor (CtConstructorImpl) <init> @ src/main/java/org/apache/commons/exec/ExecuteWatchdog.java:84:12
      Adding constructor signature (CtConstructorImpl) <init> @ src/main/java/org/apache/commons/exec/ExecuteWatchdog.java:84:12
        Adding parameter (CtParameterImpl) timeout @ src/main/java/org/apache/commons/exec/ExecuteWatchdog.java:84:39
          Adding basic (CtTypeReferenceImpl) long @ src/main/java/org/apache/commons/exec/ExecuteWatchdog.java:84:34
            Resolved with match basic (CtTypeReferenceImpl) long @ src/main/java/org/apache/commons/exec/ExecuteWatchdog.java:84:34
          Resolved as new parameter (CtParameterImpl) timeout @ src/main/java/org/apache/commons/exec/ExecuteWatchdog.java:84:39
        Adding parameter <unnamed> org.apache.commons.exec.ExecuteWatchdog
          Resolved with match parameter <unnamed> org.apache.commons.exec.ExecuteWatchdog
        Resolved as new constructor signature (CtConstructorImpl) <init> @ src/main/java/org/apache/commons/exec/ExecuteWatchdog.java:84:12
      Resolved as new constructor (CtConstructorImpl) <init> @ src/main/java/org/apache/commons/exec/ExecuteWatchdog.java:84:12
    Adding method (CtMethodImpl) destroyProcess @ src/main/java/org/apache/commons/exec/ExecuteWatchdog.java:152:30
      Adding signature (CtMethodImpl) destroyProcess @ src/main/java/org/apache/commons/exec/ExecuteWatchdog.java:152:30
        Resolved with match signature (CtMethodImpl) destroyProcess @ src/main/java/org/apache/commons/exec/ExecuteWatchdog.java:152:30
      Resolved as new method (CtMethodImpl) destroyProcess @ src/main/java/org/apache/commons/exec/ExecuteWatchdog.java:152:30
    Adding method (CtMethodImpl) killedProcess @ src/main/java/org/apache/commons/exec/ExecuteWatchdog.java:219:33
      Adding signature (CtMethodImpl) killedProcess @ src/main/java/org/apache/commons/exec/ExecuteWatchdog.java:219:33
        Adding parameter <unnamed> boolean @ src/main/java/org/apache/commons/exec/ExecuteWatchdog.java:219:25
          Adding basic (CtTypeReferenceImpl) boolean @ src/main/java/org/apache/commons/exec/ExecuteWatchdog.java:219:25
            Resolved with match basic (CtTypeReferenceImpl) boolean @ src/main/java/org/apache/commons/exec/ExecuteWatchdog.java:219:25
          Resolved as new parameter <unnamed> boolean @ src/main/java/org/apache/commons/exec/ExecuteWatchdog.java:219:25
        Resolved as new signature (CtMethodImpl) killedProcess @ src/main/java/org/apache/commons/exec/ExecuteWatchdog.java:219:33
      Resolved as new method (CtMethodImpl) killedProcess @ src/main/java/org/apache/commons/exec/ExecuteWatchdog.java:219:33
    Adding method (CtMethodImpl) timeoutOccured @ src/main/java/org/apache/commons/exec/ExecuteWatchdog.java:161:30
      Adding signature (CtMethodImpl) timeoutOccured @ src/main/java/org/apache/commons/exec/ExecuteWatchdog.java:161:30
        Adding parameter (CtParameterImpl) w @ src/main/java/org/apache/commons/exec/ExecuteWatchdog.java:161:60
          Resolved with match parameter (CtParameterImpl) w @ src/main/java/org/apache/commons/exec/ExecuteWatchdog.java:161:60
        Resolved as new signature (CtMethodImpl) timeoutOccured @ src/main/java/org/apache/commons/exec/ExecuteWatchdog.java:161:30
      Resolved as new method (CtMethodImpl) timeoutOccured @ src/main/java/org/apache/commons/exec/ExecuteWatchdog.java:161:30
    Adding method (CtMethodImpl) ensureStarted @ src/main/java/org/apache/commons/exec/ExecuteWatchdog.java:240:18
      Adding signature (CtMethodImpl) ensureStarted @ src/main/java/org/apache/commons/exec/ExecuteWatchdog.java:240:18
        Resolved with match signature (CtMethodImpl) ensureStarted @ src/main/java/org/apache/commons/exec/ExecuteWatchdog.java:240:18
      Resolved as new method (CtMethodImpl) ensureStarted @ src/main/java/org/apache/commons/exec/ExecuteWatchdog.java:240:18
    Adding method (CtMethodImpl) isWatching @ src/main/java/org/apache/commons/exec/ExecuteWatchdog.java:208:33
      Adding signature (CtMethodImpl) isWatching @ src/main/java/org/apache/commons/exec/ExecuteWatchdog.java:208:33
        Adding parameter <unnamed> boolean @ src/main/java/org/apache/commons/exec/ExecuteWatchdog.java:208:25
          Adding basic (CtTypeReferenceImpl) boolean @ src/main/java/org/apache/commons/exec/ExecuteWatchdog.java:208:25
            Resolved with match basic (CtTypeReferenceImpl) boolean @ src/main/java/org/apache/commons/exec/ExecuteWatchdog.java:208:25
          Resolved as new parameter <unnamed> boolean @ src/main/java/org/apache/commons/exec/ExecuteWatchdog.java:208:25
        Resolved as new signature (CtMethodImpl) isWatching @ src/main/java/org/apache/commons/exec/ExecuteWatchdog.java:208:33
      Resolved as new method (CtMethodImpl) isWatching @ src/main/java/org/apache/commons/exec/ExecuteWatchdog.java:208:33
    Adding method (CtMethodImpl) start @ src/main/java/org/apache/commons/exec/ExecuteWatchdog.java:107:30
      Adding signature (CtMethodImpl) start @ src/main/java/org/apache/commons/exec/ExecuteWatchdog.java:107:30
        Adding parameter (CtParameterImpl) processToMonitor @ src/main/java/org/apache/commons/exec/ExecuteWatchdog.java:107:50
          Resolved as new parameter (CtParameterImpl) processToMonitor @ src/main/java/org/apache/commons/exec/ExecuteWatchdog.java:107:50
        Resolved as new signature (CtMethodImpl) start @ src/main/java/org/apache/commons/exec/ExecuteWatchdog.java:107:30
      Resolved as new method (CtMethodImpl) start @ src/main/java/org/apache/commons/exec/ExecuteWatchdog.java:107:30
    Adding method (CtMethodImpl) setProcessNotStarted @ src/main/java/org/apache/commons/exec/ExecuteWatchdog.java:231:10
      Adding signature (CtMethodImpl) setProcessNotStarted @ src/main/java/org/apache/commons/exec/ExecuteWatchdog.java:231:10
        Resolved with match signature (CtMethodImpl) setProcessNotStarted @ src/main/java/org/apache/commons/exec/ExecuteWatchdog.java:231:10
      Resolved as new method (CtMethodImpl) setProcessNotStarted @ src/main/java/org/apache/commons/exec/ExecuteWatchdog.java:231:10
    Adding method (CtMethodImpl) checkException @ src/main/java/org/apache/commons/exec/ExecuteWatchdog.java:196:30
      Adding signature (CtMethodImpl) checkException @ src/main/java/org/apache/commons/exec/ExecuteWatchdog.java:196:30
        Resolved with match signature (CtMethodImpl) checkException @ src/main/java/org/apache/commons/exec/ExecuteWatchdog.java:196:30
      Resolved as new method (CtMethodImpl) checkException @ src/main/java/org/apache/commons/exec/ExecuteWatchdog.java:196:30
    Adding method (CtMethodImpl) failedToStart @ src/main/java/org/apache/commons/exec/ExecuteWatchdog.java:131:30
      Adding signature (CtMethodImpl) failedToStart @ src/main/java/org/apache/commons/exec/ExecuteWatchdog.java:131:30
        Adding parameter (CtParameterImpl) e @ src/main/java/org/apache/commons/exec/ExecuteWatchdog.java:131:54
          Resolved as new parameter (CtParameterImpl) e @ src/main/java/org/apache/commons/exec/ExecuteWatchdog.java:131:54
        Resolved as new signature (CtMethodImpl) failedToStart @ src/main/java/org/apache/commons/exec/ExecuteWatchdog.java:131:30
      Resolved as new method (CtMethodImpl) failedToStart @ src/main/java/org/apache/commons/exec/ExecuteWatchdog.java:131:30
    Adding method (CtMethodImpl) cleanUp @ src/main/java/org/apache/commons/exec/ExecuteWatchdog.java:226:33
      Adding signature (CtMethodImpl) cleanUp @ src/main/java/org/apache/commons/exec/ExecuteWatchdog.java:226:33
        Resolved with match signature (CtMethodImpl) cleanUp @ src/main/java/org/apache/commons/exec/ExecuteWatchdog.java:226:33
      Resolved as new method (CtMethodImpl) cleanUp @ src/main/java/org/apache/commons/exec/ExecuteWatchdog.java:226:33
    Adding method (CtMethodImpl) stop @ src/main/java/org/apache/commons/exec/ExecuteWatchdog.java:141:30
      Adding signature (CtMethodImpl) stop @ src/main/java/org/apache/commons/exec/ExecuteWatchdog.java:141:30
        Resolved with match signature (CtMethodImpl) stop @ src/main/java/org/apache/commons/exec/ExecuteWatchdog.java:141:30
      Resolved as new method (CtMethodImpl) stop @ src/main/java/org/apache/commons/exec/ExecuteWatchdog.java:141:30
    Adding abstract (CtMethodImpl) destroyProcess @ src/main/java/org/apache/commons/exec/ExecuteWatchdog.java:152:30
      Resolved as new abstract (CtMethodImpl) destroyProcess @ src/main/java/org/apache/commons/exec/ExecuteWatchdog.java:152:30
    Adding abstract (CtMethodImpl) killedProcess @ src/main/java/org/apache/commons/exec/ExecuteWatchdog.java:219:33
      Resolved as new abstract (CtMethodImpl) killedProcess @ src/main/java/org/apache/commons/exec/ExecuteWatchdog.java:219:33
    Adding abstract (CtMethodImpl) timeoutOccured @ src/main/java/org/apache/commons/exec/ExecuteWatchdog.java:161:30
      Resolved as new abstract (CtMethodImpl) timeoutOccured @ src/main/java/org/apache/commons/exec/ExecuteWatchdog.java:161:30
    Adding abstract (CtMethodImpl) ensureStarted @ src/main/java/org/apache/commons/exec/ExecuteWatchdog.java:240:18
      Resolved as new abstract (CtMethodImpl) ensureStarted @ src/main/java/org/apache/commons/exec/ExecuteWatchdog.java:240:18
    Adding abstract (CtMethodImpl) isWatching @ src/main/java/org/apache/commons/exec/ExecuteWatchdog.java:208:33
      Resolved as new abstract (CtMethodImpl) isWatching @ src/main/java/org/apache/commons/exec/ExecuteWatchdog.java:208:33
    Adding abstract (CtMethodImpl) start @ src/main/java/org/apache/commons/exec/ExecuteWatchdog.java:107:30
      Resolved as new abstract (CtMethodImpl) start @ src/main/java/org/apache/commons/exec/ExecuteWatchdog.java:107:30
    Adding abstract (CtMethodImpl) setProcessNotStarted @ src/main/java/org/apache/commons/exec/ExecuteWatchdog.java:231:10
      Resolved as new abstract (CtMethodImpl) setProcessNotStarted @ src/main/java/org/apache/commons/exec/ExecuteWatchdog.java:231:10
    Adding abstract (CtMethodImpl) checkException @ src/main/java/org/apache/commons/exec/ExecuteWatchdog.java:196:30
      Resolved as new abstract (CtMethodImpl) checkException @ src/main/java/org/apache/commons/exec/ExecuteWatchdog.java:196:30
    Adding abstract (CtMethodImpl) failedToStart @ src/main/java/org/apache/commons/exec/ExecuteWatchdog.java:131:30
      Resolved as new abstract (CtMethodImpl) failedToStart @ src/main/java/org/apache/commons/exec/ExecuteWatchdog.java:131:30
    Adding abstract (CtMethodImpl) cleanUp @ src/main/java/org/apache/commons/exec/ExecuteWatchdog.java:226:33
      Resolved as new abstract (CtMethodImpl) cleanUp @ src/main/java/org/apache/commons/exec/ExecuteWatchdog.java:226:33
    Adding abstract (CtMethodImpl) stop @ src/main/java/org/apache/commons/exec/ExecuteWatchdog.java:141:30
      Resolved as new abstract (CtMethodImpl) stop @ src/main/java/org/apache/commons/exec/ExecuteWatchdog.java:141:30
  Finishing object decl (CtClassImpl) Thread
  Finishing object decl (CtClassImpl) DefaultExecutor @ src/main/java/org/apache/commons/exec/DefaultExecutor.java:48:14
    Adding constructor (CtConstructorImpl) <init> @ src/main/java/org/apache/commons/exec/DefaultExecutor.java:84:12
      Adding constructor signature (CtConstructorImpl) <init> @ src/main/java/org/apache/commons/exec/DefaultExecutor.java:84:12
        Adding parameter <unnamed> org.apache.commons.exec.DefaultExecutor
          Resolved as new parameter <unnamed> org.apache.commons.exec.DefaultExecutor
        Resolved as new constructor signature (CtConstructorImpl) <init> @ src/main/java/org/apache/commons/exec/DefaultExecutor.java:84:12
      Resolved as new constructor (CtConstructorImpl) <init> @ src/main/java/org/apache/commons/exec/DefaultExecutor.java:84:12
    Adding method (CtMethodImpl) setWatchdog @ src/main/java/org/apache/commons/exec/DefaultExecutor.java:116:17
      Adding signature (CtMethodImpl) setWatchdog @ src/main/java/org/apache/commons/exec/DefaultExecutor.java:116:17
        Adding parameter (CtParameterImpl) watchDog @ src/main/java/org/apache/commons/exec/DefaultExecutor.java:116:51
          Resolved with match parameter (CtParameterImpl) watchDog @ src/main/java/org/apache/commons/exec/DefaultExecutor.java:116:51
        Resolved as new signature (CtMethodImpl) setWatchdog @ src/main/java/org/apache/commons/exec/DefaultExecutor.java:116:17
      Resolved as new method (CtMethodImpl) setWatchdog @ src/main/java/org/apache/commons/exec/DefaultExecutor.java:116:17
    Adding method (CtMethodImpl) executeInternal @ src/main/java/org/apache/commons/exec/DefaultExecutor.java:331:17
      Adding signature (CtMethodImpl) executeInternal @ src/main/java/org/apache/commons/exec/DefaultExecutor.java:331:17
        Adding parameter (CtParameterImpl) command @ src/main/java/org/apache/commons/exec/DefaultExecutor.java:331:51
          Resolved with match parameter (CtParameterImpl) command @ src/main/java/org/apache/commons/exec/DefaultExecutor.java:331:51
        Adding parameter (CtParameterImpl) environment @ src/main/java/org/apache/commons/exec/DefaultExecutor.java:331:86
          Adding interface instantiation java.util.Map @ src/main/java/org/apache/commons/exec/DefaultExecutor.java:331:66<java.lang.String @ src/main/java/org/apache/commons/exec/DefaultExecutor.java:331:70, java.lang.String @ src/main/java/org/apache/commons/exec/DefaultExecutor.java:331:78>
            Resolved with match interface instantiation java.util.Map @ src/main/java/org/apache/commons/exec/DefaultExecutor.java:331:66<java.lang.String @ src/main/java/org/apache/commons/exec/DefaultExecutor.java:331:70, java.lang.String @ src/main/java/org/apache/commons/exec/DefaultExecutor.java:331:78>
          Resolved as new parameter (CtParameterImpl) environment @ src/main/java/org/apache/commons/exec/DefaultExecutor.java:331:86
        Adding parameter (CtParameterImpl) dir @ src/main/java/org/apache/commons/exec/DefaultExecutor.java:332:24
          Resolved with match parameter (CtParameterImpl) dir @ src/main/java/org/apache/commons/exec/DefaultExecutor.java:332:24
        Adding parameter (CtParameterImpl) streams @ src/main/java/org/apache/commons/exec/DefaultExecutor.java:332:56
          Resolved as new parameter (CtParameterImpl) streams @ src/main/java/org/apache/commons/exec/DefaultExecutor.java:332:56
        Adding parameter <unnamed> int @ src/main/java/org/apache/commons/exec/DefaultExecutor.java:331:13
          Adding basic (CtTypeReferenceImpl) int @ src/main/java/org/apache/commons/exec/DefaultExecutor.java:331:13
            Resolved with match basic (CtTypeReferenceImpl) int @ src/main/java/org/apache/commons/exec/DefaultExecutor.java:331:13
          Resolved as new parameter <unnamed> int @ src/main/java/org/apache/commons/exec/DefaultExecutor.java:331:13
        Resolved as new signature (CtMethodImpl) executeInternal @ src/main/java/org/apache/commons/exec/DefaultExecutor.java:331:17
      Resolved as new method (CtMethodImpl) executeInternal @ src/main/java/org/apache/commons/exec/DefaultExecutor.java:331:17
    Adding method (CtMethodImpl) setExitValues @ src/main/java/org/apache/commons/exec/DefaultExecutor.java:221:17
      Adding signature (CtMethodImpl) setExitValues @ src/main/java/org/apache/commons/exec/DefaultExecutor.java:221:17
        Adding parameter (CtParameterImpl) values @ src/main/java/org/apache/commons/exec/DefaultExecutor.java:221:43
          Adding basic (CtTypeReferenceImpl) int
            Resolved with match basic (CtTypeReferenceImpl) int
          Resolved with match parameter (CtParameterImpl) values @ src/main/java/org/apache/commons/exec/DefaultExecutor.java:221:43
        Resolved as new signature (CtMethodImpl) setExitValues @ src/main/java/org/apache/commons/exec/DefaultExecutor.java:221:17
      Resolved as new method (CtMethodImpl) setExitValues @ src/main/java/org/apache/commons/exec/DefaultExecutor.java:221:17
    Adding method (CtMethodImpl) getProcessDestroyer @ src/main/java/org/apache/commons/exec/DefaultExecutor.java:123:29
      Adding signature (CtMethodImpl) getProcessDestroyer @ src/main/java/org/apache/commons/exec/DefaultExecutor.java:123:29
        Adding parameter <unnamed> org.apache.commons.exec.ProcessDestroyer @ src/main/java/org/apache/commons/exec/DefaultExecutor.java:123:12
          Resolved with match parameter <unnamed> org.apache.commons.exec.ProcessDestroyer @ src/main/java/org/apache/commons/exec/DefaultExecutor.java:123:12
        Resolved as new signature (CtMethodImpl) getProcessDestroyer @ src/main/java/org/apache/commons/exec/DefaultExecutor.java:123:29
      Resolved as new method (CtMethodImpl) getProcessDestroyer @ src/main/java/org/apache/commons/exec/DefaultExecutor.java:123:29
    Adding method (CtMethodImpl) getWatchdog @ src/main/java/org/apache/commons/exec/DefaultExecutor.java:109:28
      Adding signature (CtMethodImpl) getWatchdog @ src/main/java/org/apache/commons/exec/DefaultExecutor.java:109:28
        Adding parameter <unnamed> org.apache.commons.exec.ExecuteWatchdog @ src/main/java/org/apache/commons/exec/DefaultExecutor.java:109:12
          Resolved with match parameter <unnamed> org.apache.commons.exec.ExecuteWatchdog @ src/main/java/org/apache/commons/exec/DefaultExecutor.java:109:12
        Resolved as new signature (CtMethodImpl) getWatchdog @ src/main/java/org/apache/commons/exec/DefaultExecutor.java:109:28
      Resolved as new method (CtMethodImpl) getWatchdog @ src/main/java/org/apache/commons/exec/DefaultExecutor.java:109:28
    Adding method (CtMethodImpl) setStreamHandler @ src/main/java/org/apache/commons/exec/DefaultExecutor.java:102:17
      Adding signature (CtMethodImpl) setStreamHandler @ src/main/java/org/apache/commons/exec/DefaultExecutor.java:102:17
        Adding parameter (CtParameterImpl) streamHandler @ src/main/java/org/apache/commons/exec/DefaultExecutor.java:102:61
          Resolved with match parameter (CtParameterImpl) streamHandler @ src/main/java/org/apache/commons/exec/DefaultExecutor.java:102:61
        Resolved as new signature (CtMethodImpl) setStreamHandler @ src/main/java/org/apache/commons/exec/DefaultExecutor.java:102:17
      Resolved as new method (CtMethodImpl) setStreamHandler @ src/main/java/org/apache/commons/exec/DefaultExecutor.java:102:17
    Adding method (CtMethodImpl) getWorkingDirectory @ src/main/java/org/apache/commons/exec/DefaultExecutor.java:137:17
      Adding signature (CtMethodImpl) getWorkingDirectory @ src/main/java/org/apache/commons/exec/DefaultExecutor.java:137:17
        Adding parameter <unnamed> java.io.File @ src/main/java/org/apache/commons/exec/DefaultExecutor.java:137:12
          Resolved with match parameter <unnamed> java.io.File @ src/main/java/org/apache/commons/exec/DefaultExecutor.java:137:12
        Resolved as new signature (CtMethodImpl) getWorkingDirectory @ src/main/java/org/apache/commons/exec/DefaultExecutor.java:137:17
      Resolved as new method (CtMethodImpl) getWorkingDirectory @ src/main/java/org/apache/commons/exec/DefaultExecutor.java:137:17
    Adding method (CtMethodImpl) setProcessDestroyer @ src/main/java/org/apache/commons/exec/DefaultExecutor.java:130:17
      Adding signature (CtMethodImpl) setProcessDestroyer @ src/main/java/org/apache/commons/exec/DefaultExecutor.java:130:17
        Adding parameter (CtParameterImpl) processDestroyer @ src/main/java/org/apache/commons/exec/DefaultExecutor.java:130:60
          Resolved with match parameter (CtParameterImpl) processDestroyer @ src/main/java/org/apache/commons/exec/DefaultExecutor.java:130:60
        Resolved as new signature (CtMethodImpl) setProcessDestroyer @ src/main/java/org/apache/commons/exec/DefaultExecutor.java:130:17
      Resolved as new method (CtMethodImpl) setProcessDestroyer @ src/main/java/org/apache/commons/exec/DefaultExecutor.java:130:17
    Adding method (CtMethodImpl) closeProcessStreams @ src/main/java/org/apache/commons/exec/DefaultExecutor.java:296:18
      Adding signature (CtMethodImpl) closeProcessStreams @ src/main/java/org/apache/commons/exec/DefaultExecutor.java:296:18
        Adding parameter (CtParameterImpl) process @ src/main/java/org/apache/commons/exec/DefaultExecutor.java:296:52
          Resolved with match parameter (CtParameterImpl) process @ src/main/java/org/apache/commons/exec/DefaultExecutor.java:296:52
        Resolved as new signature (CtMethodImpl) closeProcessStreams @ src/main/java/org/apache/commons/exec/DefaultExecutor.java:296:18
      Resolved as new method (CtMethodImpl) closeProcessStreams @ src/main/java/org/apache/commons/exec/DefaultExecutor.java:296:18
    Adding method (CtMethodImpl) getStreamHandler @ src/main/java/org/apache/commons/exec/DefaultExecutor.java:95:33
      Adding signature (CtMethodImpl) getStreamHandler @ src/main/java/org/apache/commons/exec/DefaultExecutor.java:95:33
        Adding parameter <unnamed> org.apache.commons.exec.ExecuteStreamHandler @ src/main/java/org/apache/commons/exec/DefaultExecutor.java:95:12
          Resolved with match parameter <unnamed> org.apache.commons.exec.ExecuteStreamHandler @ src/main/java/org/apache/commons/exec/DefaultExecutor.java:95:12
        Resolved as new signature (CtMethodImpl) getStreamHandler @ src/main/java/org/apache/commons/exec/DefaultExecutor.java:95:33
      Resolved as new method (CtMethodImpl) getStreamHandler @ src/main/java/org/apache/commons/exec/DefaultExecutor.java:95:33
    Adding method (CtMethodImpl) setExitValue @ src/main/java/org/apache/commons/exec/DefaultExecutor.java:215:17
      Adding signature (CtMethodImpl) setExitValue @ src/main/java/org/apache/commons/exec/DefaultExecutor.java:215:17
        Adding parameter (CtParameterImpl) value @ src/main/java/org/apache/commons/exec/DefaultExecutor.java:215:40
          Adding basic (CtTypeReferenceImpl) int @ src/main/java/org/apache/commons/exec/DefaultExecutor.java:215:36
            Resolved with match basic (CtTypeReferenceImpl) int @ src/main/java/org/apache/commons/exec/DefaultExecutor.java:215:36
          Resolved as new parameter (CtParameterImpl) value @ src/main/java/org/apache/commons/exec/DefaultExecutor.java:215:40
        Resolved as new signature (CtMethodImpl) setExitValue @ src/main/java/org/apache/commons/exec/DefaultExecutor.java:215:17
      Resolved as new method (CtMethodImpl) setExitValue @ src/main/java/org/apache/commons/exec/DefaultExecutor.java:215:17
    Adding method (CtMethodImpl) isFailure @ src/main/java/org/apache/commons/exec/DefaultExecutor.java:226:20
      Adding signature (CtMethodImpl) isFailure @ src/main/java/org/apache/commons/exec/DefaultExecutor.java:226:20
        Adding parameter (CtParameterImpl) exitValue @ src/main/java/org/apache/commons/exec/DefaultExecutor.java:226:40
          Adding basic (CtTypeReferenceImpl) int @ src/main/java/org/apache/commons/exec/DefaultExecutor.java:226:36
            Resolved with match basic (CtTypeReferenceImpl) int @ src/main/java/org/apache/commons/exec/DefaultExecutor.java:226:36
          Resolved as new parameter (CtParameterImpl) exitValue @ src/main/java/org/apache/commons/exec/DefaultExecutor.java:226:40
        Adding parameter <unnamed> boolean @ src/main/java/org/apache/commons/exec/DefaultExecutor.java:226:12
          Adding basic (CtTypeReferenceImpl) boolean @ src/main/java/org/apache/commons/exec/DefaultExecutor.java:226:12
            Resolved with match basic (CtTypeReferenceImpl) boolean @ src/main/java/org/apache/commons/exec/DefaultExecutor.java:226:12
          Resolved as new parameter <unnamed> boolean @ src/main/java/org/apache/commons/exec/DefaultExecutor.java:226:12
        Resolved as new signature (CtMethodImpl) isFailure @ src/main/java/org/apache/commons/exec/DefaultExecutor.java:226:20
      Resolved as new method (CtMethodImpl) isFailure @ src/main/java/org/apache/commons/exec/DefaultExecutor.java:226:20
    Adding method (CtMethodImpl) launch @ src/main/java/org/apache/commons/exec/DefaultExecutor.java:269:23
      Adding signature (CtMethodImpl) launch @ src/main/java/org/apache/commons/exec/DefaultExecutor.java:269:23
        Adding parameter (CtParameterImpl) command @ src/main/java/org/apache/commons/exec/DefaultExecutor.java:269:48
          Resolved with match parameter (CtParameterImpl) command @ src/main/java/org/apache/commons/exec/DefaultExecutor.java:269:48
        Adding parameter (CtParameterImpl) env @ src/main/java/org/apache/commons/exec/DefaultExecutor.java:269:83
          Adding interface instantiation java.util.Map @ src/main/java/org/apache/commons/exec/DefaultExecutor.java:269:63<java.lang.String @ src/main/java/org/apache/commons/exec/DefaultExecutor.java:269:67, java.lang.String @ src/main/java/org/apache/commons/exec/DefaultExecutor.java:269:75>
            Resolved with match interface instantiation java.util.Map @ src/main/java/org/apache/commons/exec/DefaultExecutor.java:269:63<java.lang.String @ src/main/java/org/apache/commons/exec/DefaultExecutor.java:269:67, java.lang.String @ src/main/java/org/apache/commons/exec/DefaultExecutor.java:269:75>
          Resolved as new parameter (CtParameterImpl) env @ src/main/java/org/apache/commons/exec/DefaultExecutor.java:269:83
        Adding parameter (CtParameterImpl) dir @ src/main/java/org/apache/commons/exec/DefaultExecutor.java:270:24
          Resolved with match parameter (CtParameterImpl) dir @ src/main/java/org/apache/commons/exec/DefaultExecutor.java:270:24
        Adding parameter <unnamed> java.lang.Process @ src/main/java/org/apache/commons/exec/DefaultExecutor.java:269:15
          Resolved with match parameter <unnamed> java.lang.Process @ src/main/java/org/apache/commons/exec/DefaultExecutor.java:269:15
        Resolved as new signature (CtMethodImpl) launch @ src/main/java/org/apache/commons/exec/DefaultExecutor.java:269:23
      Resolved as new method (CtMethodImpl) launch @ src/main/java/org/apache/commons/exec/DefaultExecutor.java:269:23
    Adding method (CtMethodImpl) execute @ src/main/java/org/apache/commons/exec/DefaultExecutor.java:151:16
      Adding signature (CtMethodImpl) execute @ src/main/java/org/apache/commons/exec/DefaultExecutor.java:151:16
        Adding parameter (CtParameterImpl) command @ src/main/java/org/apache/commons/exec/DefaultExecutor.java:151:42
          Resolved with match parameter (CtParameterImpl) command @ src/main/java/org/apache/commons/exec/DefaultExecutor.java:151:42
        Adding parameter <unnamed> int @ src/main/java/org/apache/commons/exec/DefaultExecutor.java:151:12
          Adding basic (CtTypeReferenceImpl) int @ src/main/java/org/apache/commons/exec/DefaultExecutor.java:151:12
            Resolved with match basic (CtTypeReferenceImpl) int @ src/main/java/org/apache/commons/exec/DefaultExecutor.java:151:12
          Resolved as new parameter <unnamed> int @ src/main/java/org/apache/commons/exec/DefaultExecutor.java:151:12
        Resolved as new signature (CtMethodImpl) execute @ src/main/java/org/apache/commons/exec/DefaultExecutor.java:151:16
      Resolved as new method (CtMethodImpl) execute @ src/main/java/org/apache/commons/exec/DefaultExecutor.java:151:16
    Adding method (CtMethodImpl) execute @ src/main/java/org/apache/commons/exec/DefaultExecutor.java:159:16
      Adding signature (CtMethodImpl) execute @ src/main/java/org/apache/commons/exec/DefaultExecutor.java:159:16
        Adding parameter (CtParameterImpl) command @ src/main/java/org/apache/commons/exec/DefaultExecutor.java:159:42
          Resolved with match parameter (CtParameterImpl) command @ src/main/java/org/apache/commons/exec/DefaultExecutor.java:159:42
        Adding parameter (CtParameterImpl) environment @ src/main/java/org/apache/commons/exec/DefaultExecutor.java:159:77
          Adding interface instantiation java.util.Map @ src/main/java/org/apache/commons/exec/DefaultExecutor.java:159:57<java.lang.String @ src/main/java/org/apache/commons/exec/DefaultExecutor.java:159:61, java.lang.String @ src/main/java/org/apache/commons/exec/DefaultExecutor.java:159:69>
            Resolved with match interface instantiation java.util.Map @ src/main/java/org/apache/commons/exec/DefaultExecutor.java:159:57<java.lang.String @ src/main/java/org/apache/commons/exec/DefaultExecutor.java:159:61, java.lang.String @ src/main/java/org/apache/commons/exec/DefaultExecutor.java:159:69>
          Resolved as new parameter (CtParameterImpl) environment @ src/main/java/org/apache/commons/exec/DefaultExecutor.java:159:77
        Adding parameter <unnamed> int @ src/main/java/org/apache/commons/exec/DefaultExecutor.java:159:12
          Adding basic (CtTypeReferenceImpl) int @ src/main/java/org/apache/commons/exec/DefaultExecutor.java:159:12
            Resolved with match basic (CtTypeReferenceImpl) int @ src/main/java/org/apache/commons/exec/DefaultExecutor.java:159:12
          Resolved as new parameter <unnamed> int @ src/main/java/org/apache/commons/exec/DefaultExecutor.java:159:12
        Resolved as new signature (CtMethodImpl) execute @ src/main/java/org/apache/commons/exec/DefaultExecutor.java:159:16
      Resolved as new method (CtMethodImpl) execute @ src/main/java/org/apache/commons/exec/DefaultExecutor.java:159:16
    Adding method (CtMethodImpl) execute @ src/main/java/org/apache/commons/exec/DefaultExecutor.java:174:17
      Adding signature (CtMethodImpl) execute @ src/main/java/org/apache/commons/exec/DefaultExecutor.java:174:17
        Adding parameter (CtParameterImpl) command @ src/main/java/org/apache/commons/exec/DefaultExecutor.java:174:43
          Resolved with match parameter (CtParameterImpl) command @ src/main/java/org/apache/commons/exec/DefaultExecutor.java:174:43
        Adding parameter (CtParameterImpl) handler @ src/main/java/org/apache/commons/exec/DefaultExecutor.java:174:79
          Resolved with match parameter (CtParameterImpl) handler @ src/main/java/org/apache/commons/exec/DefaultExecutor.java:174:79
        Resolved as new signature (CtMethodImpl) execute @ src/main/java/org/apache/commons/exec/DefaultExecutor.java:174:17
      Resolved as new method (CtMethodImpl) execute @ src/main/java/org/apache/commons/exec/DefaultExecutor.java:174:17
    Adding method (CtMethodImpl) execute @ src/main/java/org/apache/commons/exec/DefaultExecutor.java:183:17
      Adding signature (CtMethodImpl) execute @ src/main/java/org/apache/commons/exec/DefaultExecutor.java:183:17
        Adding parameter (CtParameterImpl) command @ src/main/java/org/apache/commons/exec/DefaultExecutor.java:183:43
          Resolved with match parameter (CtParameterImpl) command @ src/main/java/org/apache/commons/exec/DefaultExecutor.java:183:43
        Adding parameter (CtParameterImpl) environment @ src/main/java/org/apache/commons/exec/DefaultExecutor.java:183:78
          Adding interface instantiation java.util.Map @ src/main/java/org/apache/commons/exec/DefaultExecutor.java:183:58<java.lang.String @ src/main/java/org/apache/commons/exec/DefaultExecutor.java:183:62, java.lang.String @ src/main/java/org/apache/commons/exec/DefaultExecutor.java:183:70>
            Resolved with match interface instantiation java.util.Map @ src/main/java/org/apache/commons/exec/DefaultExecutor.java:183:58<java.lang.String @ src/main/java/org/apache/commons/exec/DefaultExecutor.java:183:62, java.lang.String @ src/main/java/org/apache/commons/exec/DefaultExecutor.java:183:70>
          Resolved as new parameter (CtParameterImpl) environment @ src/main/java/org/apache/commons/exec/DefaultExecutor.java:183:78
        Adding parameter (CtParameterImpl) handler @ src/main/java/org/apache/commons/exec/DefaultExecutor.java:184:40
          Resolved with match parameter (CtParameterImpl) handler @ src/main/java/org/apache/commons/exec/DefaultExecutor.java:184:40
        Resolved as new signature (CtMethodImpl) execute @ src/main/java/org/apache/commons/exec/DefaultExecutor.java:183:17
      Resolved as new method (CtMethodImpl) execute @ src/main/java/org/apache/commons/exec/DefaultExecutor.java:183:17
    Adding method (CtMethodImpl) setExceptionCaught @ src/main/java/org/apache/commons/exec/DefaultExecutor.java:436:18
      Adding signature (CtMethodImpl) setExceptionCaught @ src/main/java/org/apache/commons/exec/DefaultExecutor.java:436:18
        Adding parameter (CtParameterImpl) e @ src/main/java/org/apache/commons/exec/DefaultExecutor.java:436:55
          Resolved as new parameter (CtParameterImpl) e @ src/main/java/org/apache/commons/exec/DefaultExecutor.java:436:55
        Resolved as new signature (CtMethodImpl) setExceptionCaught @ src/main/java/org/apache/commons/exec/DefaultExecutor.java:436:18
      Resolved as new method (CtMethodImpl) setExceptionCaught @ src/main/java/org/apache/commons/exec/DefaultExecutor.java:436:18
    Adding method (CtMethodImpl) setWorkingDirectory @ src/main/java/org/apache/commons/exec/DefaultExecutor.java:144:17
      Adding signature (CtMethodImpl) setWorkingDirectory @ src/main/java/org/apache/commons/exec/DefaultExecutor.java:144:17
        Adding parameter (CtParameterImpl) dir @ src/main/java/org/apache/commons/exec/DefaultExecutor.java:144:48
          Resolved with match parameter (CtParameterImpl) dir @ src/main/java/org/apache/commons/exec/DefaultExecutor.java:144:48
        Resolved as new signature (CtMethodImpl) setWorkingDirectory @ src/main/java/org/apache/commons/exec/DefaultExecutor.java:144:17
      Resolved as new method (CtMethodImpl) setWorkingDirectory @ src/main/java/org/apache/commons/exec/DefaultExecutor.java:144:17
    Adding method (CtMethodImpl) createThread @ src/main/java/org/apache/commons/exec/DefaultExecutor.java:252:22
      Adding signature (CtMethodImpl) createThread @ src/main/java/org/apache/commons/exec/DefaultExecutor.java:252:22
        Adding parameter (CtParameterImpl) runnable @ src/main/java/org/apache/commons/exec/DefaultExecutor.java:252:50
          Resolved as new parameter (CtParameterImpl) runnable @ src/main/java/org/apache/commons/exec/DefaultExecutor.java:252:50
        Adding parameter (CtParameterImpl) name @ src/main/java/org/apache/commons/exec/DefaultExecutor.java:252:73
          Resolved with match parameter (CtParameterImpl) name @ src/main/java/org/apache/commons/exec/DefaultExecutor.java:252:73
        Adding parameter <unnamed> java.lang.Thread @ src/main/java/org/apache/commons/exec/DefaultExecutor.java:252:15
          Resolved as new parameter <unnamed> java.lang.Thread @ src/main/java/org/apache/commons/exec/DefaultExecutor.java:252:15
        Resolved as new signature (CtMethodImpl) createThread @ src/main/java/org/apache/commons/exec/DefaultExecutor.java:252:22
      Resolved as new method (CtMethodImpl) createThread @ src/main/java/org/apache/commons/exec/DefaultExecutor.java:252:22
    Adding method (CtMethodImpl) getExceptionCaught @ src/main/java/org/apache/commons/exec/DefaultExecutor.java:447:25
      Adding signature (CtMethodImpl) getExceptionCaught @ src/main/java/org/apache/commons/exec/DefaultExecutor.java:447:25
        Adding parameter <unnamed> java.io.IOException @ src/main/java/org/apache/commons/exec/DefaultExecutor.java:447:13
          Resolved as new parameter <unnamed> java.io.IOException @ src/main/java/org/apache/commons/exec/DefaultExecutor.java:447:13
        Resolved as new signature (CtMethodImpl) getExceptionCaught @ src/main/java/org/apache/commons/exec/DefaultExecutor.java:447:25
      Resolved as new method (CtMethodImpl) getExceptionCaught @ src/main/java/org/apache/commons/exec/DefaultExecutor.java:447:25
    Adding method (CtMethodImpl) getExecutorThread @ src/main/java/org/apache/commons/exec/DefaultExecutor.java:287:22
      Adding signature (CtMethodImpl) getExecutorThread @ src/main/java/org/apache/commons/exec/DefaultExecutor.java:287:22
        Adding parameter <unnamed> java.lang.Thread @ src/main/java/org/apache/commons/exec/DefaultExecutor.java:287:15
          Resolved with match parameter <unnamed> java.lang.Thread @ src/main/java/org/apache/commons/exec/DefaultExecutor.java:287:15
        Resolved as new signature (CtMethodImpl) getExecutorThread @ src/main/java/org/apache/commons/exec/DefaultExecutor.java:287:22
      Resolved as new method (CtMethodImpl) getExecutorThread @ src/main/java/org/apache/commons/exec/DefaultExecutor.java:287:22
    Adding abstract (CtMethodImpl) setWatchdog @ src/main/java/org/apache/commons/exec/DefaultExecutor.java:116:17
      Resolved as new abstract (CtMethodImpl) setWatchdog @ src/main/java/org/apache/commons/exec/DefaultExecutor.java:116:17
    Adding abstract (CtMethodImpl) executeInternal @ src/main/java/org/apache/commons/exec/DefaultExecutor.java:331:17
      Resolved as new abstract (CtMethodImpl) executeInternal @ src/main/java/org/apache/commons/exec/DefaultExecutor.java:331:17
    Adding abstract (CtMethodImpl) setExitValues @ src/main/java/org/apache/commons/exec/DefaultExecutor.java:221:17
      Resolved as new abstract (CtMethodImpl) setExitValues @ src/main/java/org/apache/commons/exec/DefaultExecutor.java:221:17
    Adding abstract (CtMethodImpl) getProcessDestroyer @ src/main/java/org/apache/commons/exec/DefaultExecutor.java:123:29
      Resolved as new abstract (CtMethodImpl) getProcessDestroyer @ src/main/java/org/apache/commons/exec/DefaultExecutor.java:123:29
    Adding abstract (CtMethodImpl) getWatchdog @ src/main/java/org/apache/commons/exec/DefaultExecutor.java:109:28
      Resolved as new abstract (CtMethodImpl) getWatchdog @ src/main/java/org/apache/commons/exec/DefaultExecutor.java:109:28
    Adding abstract (CtMethodImpl) setStreamHandler @ src/main/java/org/apache/commons/exec/DefaultExecutor.java:102:17
      Resolved as new abstract (CtMethodImpl) setStreamHandler @ src/main/java/org/apache/commons/exec/DefaultExecutor.java:102:17
    Adding abstract (CtMethodImpl) getWorkingDirectory @ src/main/java/org/apache/commons/exec/DefaultExecutor.java:137:17
      Resolved as new abstract (CtMethodImpl) getWorkingDirectory @ src/main/java/org/apache/commons/exec/DefaultExecutor.java:137:17
    Adding abstract (CtMethodImpl) setProcessDestroyer @ src/main/java/org/apache/commons/exec/DefaultExecutor.java:130:17
      Resolved as new abstract (CtMethodImpl) setProcessDestroyer @ src/main/java/org/apache/commons/exec/DefaultExecutor.java:130:17
    Adding abstract (CtMethodImpl) closeProcessStreams @ src/main/java/org/apache/commons/exec/DefaultExecutor.java:296:18
      Resolved as new abstract (CtMethodImpl) closeProcessStreams @ src/main/java/org/apache/commons/exec/DefaultExecutor.java:296:18
    Adding abstract (CtMethodImpl) getStreamHandler @ src/main/java/org/apache/commons/exec/DefaultExecutor.java:95:33
      Resolved as new abstract (CtMethodImpl) getStreamHandler @ src/main/java/org/apache/commons/exec/DefaultExecutor.java:95:33
    Adding abstract (CtMethodImpl) setExitValue @ src/main/java/org/apache/commons/exec/DefaultExecutor.java:215:17
      Resolved as new abstract (CtMethodImpl) setExitValue @ src/main/java/org/apache/commons/exec/DefaultExecutor.java:215:17
    Adding abstract (CtMethodImpl) isFailure @ src/main/java/org/apache/commons/exec/DefaultExecutor.java:226:20
      Resolved as new abstract (CtMethodImpl) isFailure @ src/main/java/org/apache/commons/exec/DefaultExecutor.java:226:20
    Adding abstract (CtMethodImpl) launch @ src/main/java/org/apache/commons/exec/DefaultExecutor.java:269:23
      Resolved as new abstract (CtMethodImpl) launch @ src/main/java/org/apache/commons/exec/DefaultExecutor.java:269:23
    Adding abstract (CtMethodImpl) execute @ src/main/java/org/apache/commons/exec/DefaultExecutor.java:151:16
      Resolved as new abstract (CtMethodImpl) execute @ src/main/java/org/apache/commons/exec/DefaultExecutor.java:151:16
    Adding abstract (CtMethodImpl) execute @ src/main/java/org/apache/commons/exec/DefaultExecutor.java:159:16
      Resolved as new abstract (CtMethodImpl) execute @ src/main/java/org/apache/commons/exec/DefaultExecutor.java:159:16
    Adding abstract (CtMethodImpl) execute @ src/main/java/org/apache/commons/exec/DefaultExecutor.java:174:17
      Resolved as new abstract (CtMethodImpl) execute @ src/main/java/org/apache/commons/exec/DefaultExecutor.java:174:17
    Adding abstract (CtMethodImpl) execute @ src/main/java/org/apache/commons/exec/DefaultExecutor.java:183:17
      Resolved as new abstract (CtMethodImpl) execute @ src/main/java/org/apache/commons/exec/DefaultExecutor.java:183:17
    Adding abstract (CtMethodImpl) setExceptionCaught @ src/main/java/org/apache/commons/exec/DefaultExecutor.java:436:18
      Resolved as new abstract (CtMethodImpl) setExceptionCaught @ src/main/java/org/apache/commons/exec/DefaultExecutor.java:436:18
    Adding abstract (CtMethodImpl) setWorkingDirectory @ src/main/java/org/apache/commons/exec/DefaultExecutor.java:144:17
      Resolved as new abstract (CtMethodImpl) setWorkingDirectory @ src/main/java/org/apache/commons/exec/DefaultExecutor.java:144:17
    Adding abstract (CtMethodImpl) createThread @ src/main/java/org/apache/commons/exec/DefaultExecutor.java:252:22
      Resolved as new abstract (CtMethodImpl) createThread @ src/main/java/org/apache/commons/exec/DefaultExecutor.java:252:22
    Adding abstract (CtMethodImpl) getExceptionCaught @ src/main/java/org/apache/commons/exec/DefaultExecutor.java:447:25
      Resolved as new abstract (CtMethodImpl) getExceptionCaught @ src/main/java/org/apache/commons/exec/DefaultExecutor.java:447:25
    Adding abstract (CtMethodImpl) getExecutorThread @ src/main/java/org/apache/commons/exec/DefaultExecutor.java:287:22
      Resolved as new abstract (CtMethodImpl) getExecutorThread @ src/main/java/org/apache/commons/exec/DefaultExecutor.java:287:22
  Finishing object decl (CtClassImpl) DaemonExecutor @ src/main/java/org/apache/commons/exec/DaemonExecutor.java:25:14
    [34mskipping default constructor: org.apache.commons.exec.DaemonExecutor()[0m
    Adding method (CtMethodImpl) createThread @ src/main/java/org/apache/commons/exec/DaemonExecutor.java:37:22
      Adding signature (CtMethodImpl) createThread @ src/main/java/org/apache/commons/exec/DaemonExecutor.java:37:22
        Adding parameter (CtParameterImpl) runnable @ src/main/java/org/apache/commons/exec/DaemonExecutor.java:37:50
          Resolved with match parameter (CtParameterImpl) runnable @ src/main/java/org/apache/commons/exec/DaemonExecutor.java:37:50
        Adding parameter (CtParameterImpl) name @ src/main/java/org/apache/commons/exec/DaemonExecutor.java:37:73
          Resolved with match parameter (CtParameterImpl) name @ src/main/java/org/apache/commons/exec/DaemonExecutor.java:37:73
        Adding parameter <unnamed> java.lang.Thread @ src/main/java/org/apache/commons/exec/DaemonExecutor.java:37:15
          Resolved with match parameter <unnamed> java.lang.Thread @ src/main/java/org/apache/commons/exec/DaemonExecutor.java:37:15
        Resolved as new signature (CtMethodImpl) createThread @ src/main/java/org/apache/commons/exec/DaemonExecutor.java:37:22
      Resolved as new method (CtMethodImpl) createThread @ src/main/java/org/apache/commons/exec/DaemonExecutor.java:37:22
    Adding abstract (CtMethodImpl) createThread @ src/main/java/org/apache/commons/exec/DaemonExecutor.java:37:22
      Resolved as new abstract (CtMethodImpl) createThread @ src/main/java/org/apache/commons/exec/DaemonExecutor.java:37:22
  Finishing object decl (CtClassImpl) Throwable
  Finishing object decl (CtClassImpl) StackTraceElement
  Finishing object decl (CtClassImpl) ExecuteException @ src/main/java/org/apache/commons/exec/ExecuteException.java:28:14
    Adding constructor (CtConstructorImpl) <init> @ src/main/java/org/apache/commons/exec/ExecuteException.java:52:12
      Adding constructor signature (CtConstructorImpl) <init> @ src/main/java/org/apache/commons/exec/ExecuteException.java:52:12
        Adding parameter (CtParameterImpl) message @ src/main/java/org/apache/commons/exec/ExecuteException.java:52:42
          Resolved as new parameter (CtParameterImpl) message @ src/main/java/org/apache/commons/exec/ExecuteException.java:52:42
        Adding parameter (CtParameterImpl) exitValue @ src/main/java/org/apache/commons/exec/ExecuteException.java:52:61
          Adding basic (CtTypeReferenceImpl) int @ src/main/java/org/apache/commons/exec/ExecuteException.java:52:57
            Resolved with match basic (CtTypeReferenceImpl) int @ src/main/java/org/apache/commons/exec/ExecuteException.java:52:57
          Resolved as new parameter (CtParameterImpl) exitValue @ src/main/java/org/apache/commons/exec/ExecuteException.java:52:61
        Adding parameter <unnamed> org.apache.commons.exec.ExecuteException
          Resolved as new parameter <unnamed> org.apache.commons.exec.ExecuteException
        Resolved as new constructor signature (CtConstructorImpl) <init> @ src/main/java/org/apache/commons/exec/ExecuteException.java:52:12
      Resolved as new constructor (CtConstructorImpl) <init> @ src/main/java/org/apache/commons/exec/ExecuteException.java:52:12
    Adding constructor (CtConstructorImpl) <init> @ src/main/java/org/apache/commons/exec/ExecuteException.java:67:12
      Adding constructor signature (CtConstructorImpl) <init> @ src/main/java/org/apache/commons/exec/ExecuteException.java:67:12
        Adding parameter (CtParameterImpl) message @ src/main/java/org/apache/commons/exec/ExecuteException.java:67:42
          Resolved with match parameter (CtParameterImpl) message @ src/main/java/org/apache/commons/exec/ExecuteException.java:67:42
        Adding parameter (CtParameterImpl) exitValue @ src/main/java/org/apache/commons/exec/ExecuteException.java:67:61
          Adding basic (CtTypeReferenceImpl) int @ src/main/java/org/apache/commons/exec/ExecuteException.java:67:57
            Resolved with match basic (CtTypeReferenceImpl) int @ src/main/java/org/apache/commons/exec/ExecuteException.java:67:57
          Resolved as new parameter (CtParameterImpl) exitValue @ src/main/java/org/apache/commons/exec/ExecuteException.java:67:61
        Adding parameter (CtParameterImpl) cause @ src/main/java/org/apache/commons/exec/ExecuteException.java:67:88
          Resolved as new parameter (CtParameterImpl) cause @ src/main/java/org/apache/commons/exec/ExecuteException.java:67:88
        Resolved as new constructor signature (CtConstructorImpl) <init> @ src/main/java/org/apache/commons/exec/ExecuteException.java:67:12
      Resolved as new constructor (CtConstructorImpl) <init> @ src/main/java/org/apache/commons/exec/ExecuteException.java:67:12
    Adding method (CtMethodImpl) getCause @ src/main/java/org/apache/commons/exec/ExecuteException.java:77:22
      Adding signature (CtMethodImpl) getCause @ src/main/java/org/apache/commons/exec/ExecuteException.java:77:22
        Adding parameter <unnamed> java.lang.Throwable @ src/main/java/org/apache/commons/exec/ExecuteException.java:77:12
          Resolved with match parameter <unnamed> java.lang.Throwable @ src/main/java/org/apache/commons/exec/ExecuteException.java:77:12
        Resolved as new signature (CtMethodImpl) getCause @ src/main/java/org/apache/commons/exec/ExecuteException.java:77:22
      Resolved as new method (CtMethodImpl) getCause @ src/main/java/org/apache/commons/exec/ExecuteException.java:77:22
    Adding method (CtMethodImpl) getExitValue @ src/main/java/org/apache/commons/exec/ExecuteException.java:85:16
      Adding signature (CtMethodImpl) getExitValue @ src/main/java/org/apache/commons/exec/ExecuteException.java:85:16
        Adding parameter <unnamed> int @ src/main/java/org/apache/commons/exec/ExecuteException.java:85:12
          Adding basic (CtTypeReferenceImpl) int @ src/main/java/org/apache/commons/exec/ExecuteException.java:85:12
            Resolved with match basic (CtTypeReferenceImpl) int @ src/main/java/org/apache/commons/exec/ExecuteException.java:85:12
          Resolved as new parameter <unnamed> int @ src/main/java/org/apache/commons/exec/ExecuteException.java:85:12
        Resolved as new signature (CtMethodImpl) getExitValue @ src/main/java/org/apache/commons/exec/ExecuteException.java:85:16
      Resolved as new method (CtMethodImpl) getExitValue @ src/main/java/org/apache/commons/exec/ExecuteException.java:85:16
    Adding abstract (CtMethodImpl) getLocalizedMessage
      Adding signature (CtMethodImpl) getLocalizedMessage
        Adding parameter <unnamed> java.lang.String
          Resolved with match parameter <unnamed> java.lang.String
        Resolved as new signature (CtMethodImpl) getLocalizedMessage
      Resolved as new abstract (CtMethodImpl) getLocalizedMessage
    Adding abstract (CtMethodImpl) getOurStackTrace
      Adding signature (CtMethodImpl) getOurStackTrace
        Adding parameter <unnamed> java.lang.StackTraceElement[]
          Resolved as new parameter <unnamed> java.lang.StackTraceElement[]
        Resolved as new signature (CtMethodImpl) getOurStackTrace
      Resolved as new abstract (CtMethodImpl) getOurStackTrace
    Adding abstract (CtMethodImpl) getCause @ src/main/java/org/apache/commons/exec/ExecuteException.java:77:22
      Resolved as new abstract (CtMethodImpl) getCause @ src/main/java/org/apache/commons/exec/ExecuteException.java:77:22
    Adding abstract (CtMethodImpl) setStackTrace
      Adding signature (CtMethodImpl) setStackTrace
        Adding parameter (CtParameterImpl) arg0
          Resolved as new parameter (CtParameterImpl) arg0
        Resolved as new signature (CtMethodImpl) setStackTrace
      Resolved as new abstract (CtMethodImpl) setStackTrace
    Adding abstract (CtMethodImpl) getStackTrace
      Adding signature (CtMethodImpl) getStackTrace
        Adding parameter <unnamed> java.lang.StackTraceElement[]
          Resolved with match parameter <unnamed> java.lang.StackTraceElement[]
        Resolved as new signature (CtMethodImpl) getStackTrace
      Resolved as new abstract (CtMethodImpl) getStackTrace
    Adding abstract (CtMethodImpl) addSuppressed
      Adding signature (CtMethodImpl) addSuppressed
        Adding parameter (CtParameterImpl) arg0
          Resolved as new parameter (CtParameterImpl) arg0
        Resolved as new signature (CtMethodImpl) addSuppressed
      Resolved as new abstract (CtMethodImpl) addSuppressed
    Adding abstract (CtMethodImpl) getSuppressed
      Adding signature (CtMethodImpl) getSuppressed
        Adding parameter <unnamed> java.lang.Throwable[]
          Resolved as new parameter <unnamed> java.lang.Throwable[]
        Resolved as new signature (CtMethodImpl) getSuppressed
      Resolved as new abstract (CtMethodImpl) getSuppressed
    Adding abstract (CtMethodImpl) setCause
      Adding signature (CtMethodImpl) setCause
        Adding parameter (CtParameterImpl) arg0
          Resolved with match parameter (CtParameterImpl) arg0
        Resolved as new signature (CtMethodImpl) setCause
      Resolved as new abstract (CtMethodImpl) setCause
    Adding abstract (CtMethodImpl) printStackTrace
      Adding signature (CtMethodImpl) printStackTrace
        Resolved with match signature (CtMethodImpl) printStackTrace
      Resolved as new abstract (CtMethodImpl) printStackTrace
    Adding abstract (CtMethodImpl) printStackTrace
      Adding signature (CtMethodImpl) printStackTrace
        Adding parameter (CtParameterImpl) arg0
          Resolved as new parameter (CtParameterImpl) arg0
        Resolved as new signature (CtMethodImpl) printStackTrace
      Resolved as new abstract (CtMethodImpl) printStackTrace
    Adding abstract (CtMethodImpl) printStackTrace
      Adding signature (CtMethodImpl) printStackTrace
        Adding parameter (CtParameterImpl) arg0
          Adding object decl (CtClassImpl) PrintStream
            Adding struct (CtClassImpl) PrintStream
              Resolved as new struct (CtClassImpl) PrintStream
            Resolved as new object decl (CtClassImpl) PrintStream
          Resolved as new parameter (CtParameterImpl) arg0
        Resolved as new signature (CtMethodImpl) printStackTrace
      Resolved as new abstract (CtMethodImpl) printStackTrace
    Adding abstract (CtMethodImpl) printStackTrace
      Adding signature (CtMethodImpl) printStackTrace
        Adding parameter (CtParameterImpl) arg0
          Adding object decl (CtClassImpl) PrintStreamOrWriter
            Adding struct (CtClassImpl) PrintStreamOrWriter
              Resolved as new struct (CtClassImpl) PrintStreamOrWriter
            Resolved as new object decl (CtClassImpl) PrintStreamOrWriter
          Resolved as new parameter (CtParameterImpl) arg0
        Resolved as new signature (CtMethodImpl) printStackTrace
      Resolved as new abstract (CtMethodImpl) printStackTrace
    Adding abstract (CtMethodImpl) writeObject
      Adding signature (CtMethodImpl) writeObject
        Adding parameter (CtParameterImpl) arg0
          Adding object decl (CtClassImpl) ObjectOutputStream
            Adding struct (CtClassImpl) ObjectOutputStream
              Resolved as new struct (CtClassImpl) ObjectOutputStream
            Resolved as new object decl (CtClassImpl) ObjectOutputStream
          Resolved as new parameter (CtParameterImpl) arg0
        Resolved as new signature (CtMethodImpl) writeObject
      Resolved as new abstract (CtMethodImpl) writeObject
    Adding abstract (CtMethodImpl) getMessage
      Adding signature (CtMethodImpl) getMessage
        Adding parameter <unnamed> java.lang.String
          Resolved with match parameter <unnamed> java.lang.String
        Resolved as new signature (CtMethodImpl) getMessage
      Resolved as new abstract (CtMethodImpl) getMessage
    Adding abstract (CtMethodImpl) initCause
      Adding signature (CtMethodImpl) initCause
        Adding parameter (CtParameterImpl) arg0
          Resolved with match parameter (CtParameterImpl) arg0
        Adding parameter <unnamed> java.lang.Throwable
          Resolved with match parameter <unnamed> java.lang.Throwable
        Resolved as new signature (CtMethodImpl) initCause
      Resolved as new abstract (CtMethodImpl) initCause
    Adding abstract (CtMethodImpl) readObject
      Adding signature (CtMethodImpl) readObject
        Adding parameter (CtParameterImpl) arg0
          Adding object decl (CtClassImpl) ObjectInputStream
            Adding struct (CtClassImpl) ObjectInputStream
              Resolved as new struct (CtClassImpl) ObjectInputStream
            Resolved as new object decl (CtClassImpl) ObjectInputStream
          Resolved as new parameter (CtParameterImpl) arg0
        Resolved as new signature (CtMethodImpl) readObject
      Resolved as new abstract (CtMethodImpl) readObject
    Adding abstract (CtMethodImpl) printEnclosedStackTrace
      Adding signature (CtMethodImpl) printEnclosedStackTrace
        Adding parameter (CtParameterImpl) arg0
          Resolved with match parameter (CtParameterImpl) arg0
        Adding parameter (CtParameterImpl) arg1
          Resolved as new parameter (CtParameterImpl) arg1
        Adding parameter (CtParameterImpl) arg2
          Resolved as new parameter (CtParameterImpl) arg2
        Adding parameter (CtParameterImpl) arg3
          Resolved as new parameter (CtParameterImpl) arg3
        Adding parameter (CtParameterImpl) arg4
          Adding interface instantiation java.util.Set<java.lang.Throwable>
            Adding interface description (CtInterfaceImpl) Set
              Resolved as new interface description (CtInterfaceImpl) Set
            Resolved as new interface instantiation java.util.Set<java.lang.Throwable>
          Resolved as new parameter (CtParameterImpl) arg4
        Resolved as new signature (CtMethodImpl) printEnclosedStackTrace
      Resolved as new abstract (CtMethodImpl) printEnclosedStackTrace
    Adding abstract (CtMethodImpl) getExitValue @ src/main/java/org/apache/commons/exec/ExecuteException.java:85:16
      Resolved as new abstract (CtMethodImpl) getExitValue @ src/main/java/org/apache/commons/exec/ExecuteException.java:85:16
    Adding abstract (CtMethodImpl) toString
      Adding signature (CtMethodImpl) toString
        Adding parameter <unnamed> java.lang.String
          Resolved with match parameter <unnamed> java.lang.String
        Resolved as new signature (CtMethodImpl) toString
      Resolved as new abstract (CtMethodImpl) toString
    Adding abstract (CtMethodImpl) fillInStackTrace
      Adding signature (CtMethodImpl) fillInStackTrace
        Adding parameter <unnamed> java.lang.Throwable
          Resolved with match parameter <unnamed> java.lang.Throwable
        Resolved as new signature (CtMethodImpl) fillInStackTrace
      Resolved as new abstract (CtMethodImpl) fillInStackTrace
    Adding abstract (CtMethodImpl) fillInStackTrace
      Adding signature (CtMethodImpl) fillInStackTrace
        Adding parameter (CtParameterImpl) arg0
          Adding basic (CtTypeReferenceImpl) int
            Resolved with match basic (CtTypeReferenceImpl) int
          Resolved as new parameter (CtParameterImpl) arg0
        Adding parameter <unnamed> java.lang.Throwable
          Resolved with match parameter <unnamed> java.lang.Throwable
        Resolved as new signature (CtMethodImpl) fillInStackTrace
      Resolved as new abstract (CtMethodImpl) fillInStackTrace
    Adding abstract (CtMethodImpl) validateSuppressedExceptionsList
      Adding signature (CtMethodImpl) validateSuppressedExceptionsList
        Adding parameter (CtParameterImpl) arg0
          Adding interface instantiation java.util.List<java.lang.Throwable>
            Resolved with match interface instantiation java.util.List<java.lang.Throwable>
          Resolved as new parameter (CtParameterImpl) arg0
        Adding parameter <unnamed> int
          Adding basic (CtTypeReferenceImpl) int
            Resolved with match basic (CtTypeReferenceImpl) int
          Resolved as new parameter <unnamed> int
        Resolved as new signature (CtMethodImpl) validateSuppressedExceptionsList
      Resolved as new abstract (CtMethodImpl) validateSuppressedExceptionsList
  Finishing object decl (CtClassImpl) DefaultExecuteResultHandler @ src/main/java/org/apache/commons/exec/DefaultExecuteResultHandler.java:27:14
    Adding constructor (CtConstructorImpl) <init> @ src/main/java/org/apache/commons/exec/DefaultExecuteResultHandler.java:44:12
      Adding constructor signature (CtConstructorImpl) <init> @ src/main/java/org/apache/commons/exec/DefaultExecuteResultHandler.java:44:12
        Adding parameter <unnamed> org.apache.commons.exec.DefaultExecuteResultHandler
          Resolved as new parameter <unnamed> org.apache.commons.exec.DefaultExecuteResultHandler
        Resolved as new constructor signature (CtConstructorImpl) <init> @ src/main/java/org/apache/commons/exec/DefaultExecuteResultHandler.java:44:12
      Resolved as new constructor (CtConstructorImpl) <init> @ src/main/java/org/apache/commons/exec/DefaultExecuteResultHandler.java:44:12
    Adding method (CtMethodImpl) hasResult @ src/main/java/org/apache/commons/exec/DefaultExecuteResultHandler.java:102:20
      Adding signature (CtMethodImpl) hasResult @ src/main/java/org/apache/commons/exec/DefaultExecuteResultHandler.java:102:20
        Adding parameter <unnamed> boolean @ src/main/java/org/apache/commons/exec/DefaultExecuteResultHandler.java:102:12
          Adding basic (CtTypeReferenceImpl) boolean @ src/main/java/org/apache/commons/exec/DefaultExecuteResultHandler.java:102:12
            Resolved with match basic (CtTypeReferenceImpl) boolean @ src/main/java/org/apache/commons/exec/DefaultExecuteResultHandler.java:102:12
          Resolved as new parameter <unnamed> boolean @ src/main/java/org/apache/commons/exec/DefaultExecuteResultHandler.java:102:12
        Resolved as new signature (CtMethodImpl) hasResult @ src/main/java/org/apache/commons/exec/DefaultExecuteResultHandler.java:102:20
      Resolved as new method (CtMethodImpl) hasResult @ src/main/java/org/apache/commons/exec/DefaultExecuteResultHandler.java:102:20
    Adding method (CtMethodImpl) getException @ src/main/java/org/apache/commons/exec/DefaultExecuteResultHandler.java:73:29
      Adding signature (CtMethodImpl) getException @ src/main/java/org/apache/commons/exec/DefaultExecuteResultHandler.java:73:29
        Adding parameter <unnamed> org.apache.commons.exec.ExecuteException @ src/main/java/org/apache/commons/exec/DefaultExecuteResultHandler.java:73:12
          Resolved with match parameter <unnamed> org.apache.commons.exec.ExecuteException @ src/main/java/org/apache/commons/exec/DefaultExecuteResultHandler.java:73:12
        Resolved as new signature (CtMethodImpl) getException @ src/main/java/org/apache/commons/exec/DefaultExecuteResultHandler.java:73:29
      Resolved as new method (CtMethodImpl) getException @ src/main/java/org/apache/commons/exec/DefaultExecuteResultHandler.java:73:29
    Adding method (CtMethodImpl) onProcessComplete @ src/main/java/org/apache/commons/exec/DefaultExecuteResultHandler.java:52:17
      Adding signature (CtMethodImpl) onProcessComplete @ src/main/java/org/apache/commons/exec/DefaultExecuteResultHandler.java:52:17
        Adding parameter (CtParameterImpl) exitValue @ src/main/java/org/apache/commons/exec/DefaultExecuteResultHandler.java:52:45
          Adding basic (CtTypeReferenceImpl) int @ src/main/java/org/apache/commons/exec/DefaultExecuteResultHandler.java:52:41
            Resolved with match basic (CtTypeReferenceImpl) int @ src/main/java/org/apache/commons/exec/DefaultExecuteResultHandler.java:52:41
          Resolved as new parameter (CtParameterImpl) exitValue @ src/main/java/org/apache/commons/exec/DefaultExecuteResultHandler.java:52:45
        Resolved as new signature (CtMethodImpl) onProcessComplete @ src/main/java/org/apache/commons/exec/DefaultExecuteResultHandler.java:52:17
      Resolved as new method (CtMethodImpl) onProcessComplete @ src/main/java/org/apache/commons/exec/DefaultExecuteResultHandler.java:52:17
    Adding method (CtMethodImpl) onProcessFailed @ src/main/java/org/apache/commons/exec/DefaultExecuteResultHandler.java:61:17
      Adding signature (CtMethodImpl) onProcessFailed @ src/main/java/org/apache/commons/exec/DefaultExecuteResultHandler.java:61:17
        Adding parameter (CtParameterImpl) e @ src/main/java/org/apache/commons/exec/DefaultExecuteResultHandler.java:61:56
          Resolved with match parameter (CtParameterImpl) e @ src/main/java/org/apache/commons/exec/DefaultExecuteResultHandler.java:61:56
        Resolved as new signature (CtMethodImpl) onProcessFailed @ src/main/java/org/apache/commons/exec/DefaultExecuteResultHandler.java:61:17
      Resolved as new method (CtMethodImpl) onProcessFailed @ src/main/java/org/apache/commons/exec/DefaultExecuteResultHandler.java:61:17
    Adding method (CtMethodImpl) getExitValue @ src/main/java/org/apache/commons/exec/DefaultExecuteResultHandler.java:88:16
      Adding signature (CtMethodImpl) getExitValue @ src/main/java/org/apache/commons/exec/DefaultExecuteResultHandler.java:88:16
        Adding parameter <unnamed> int @ src/main/java/org/apache/commons/exec/DefaultExecuteResultHandler.java:88:12
          Adding basic (CtTypeReferenceImpl) int @ src/main/java/org/apache/commons/exec/DefaultExecuteResultHandler.java:88:12
            Resolved with match basic (CtTypeReferenceImpl) int @ src/main/java/org/apache/commons/exec/DefaultExecuteResultHandler.java:88:12
          Resolved as new parameter <unnamed> int @ src/main/java/org/apache/commons/exec/DefaultExecuteResultHandler.java:88:12
        Resolved as new signature (CtMethodImpl) getExitValue @ src/main/java/org/apache/commons/exec/DefaultExecuteResultHandler.java:88:16
      Resolved as new method (CtMethodImpl) getExitValue @ src/main/java/org/apache/commons/exec/DefaultExecuteResultHandler.java:88:16
    Adding method (CtMethodImpl) waitFor @ src/main/java/org/apache/commons/exec/DefaultExecuteResultHandler.java:118:17
      Adding signature (CtMethodImpl) waitFor @ src/main/java/org/apache/commons/exec/DefaultExecuteResultHandler.java:118:17
        Resolved with match signature (CtMethodImpl) waitFor @ src/main/java/org/apache/commons/exec/DefaultExecuteResultHandler.java:118:17
      Resolved as new method (CtMethodImpl) waitFor @ src/main/java/org/apache/commons/exec/DefaultExecuteResultHandler.java:118:17
    Adding method (CtMethodImpl) waitFor @ src/main/java/org/apache/commons/exec/DefaultExecuteResultHandler.java:138:17
      Adding signature (CtMethodImpl) waitFor @ src/main/java/org/apache/commons/exec/DefaultExecuteResultHandler.java:138:17
        Adding parameter (CtParameterImpl) timeout @ src/main/java/org/apache/commons/exec/DefaultExecuteResultHandler.java:138:36
          Adding basic (CtTypeReferenceImpl) long @ src/main/java/org/apache/commons/exec/DefaultExecuteResultHandler.java:138:31
            Resolved with match basic (CtTypeReferenceImpl) long @ src/main/java/org/apache/commons/exec/DefaultExecuteResultHandler.java:138:31
          Resolved as new parameter (CtParameterImpl) timeout @ src/main/java/org/apache/commons/exec/DefaultExecuteResultHandler.java:138:36
        Resolved as new signature (CtMethodImpl) waitFor @ src/main/java/org/apache/commons/exec/DefaultExecuteResultHandler.java:138:17
      Resolved as new method (CtMethodImpl) waitFor @ src/main/java/org/apache/commons/exec/DefaultExecuteResultHandler.java:138:17
    Adding abstract (CtMethodImpl) hasResult @ src/main/java/org/apache/commons/exec/DefaultExecuteResultHandler.java:102:20
      Resolved as new abstract (CtMethodImpl) hasResult @ src/main/java/org/apache/commons/exec/DefaultExecuteResultHandler.java:102:20
    Adding abstract (CtMethodImpl) getException @ src/main/java/org/apache/commons/exec/DefaultExecuteResultHandler.java:73:29
      Resolved as new abstract (CtMethodImpl) getException @ src/main/java/org/apache/commons/exec/DefaultExecuteResultHandler.java:73:29
    Adding abstract (CtMethodImpl) onProcessComplete @ src/main/java/org/apache/commons/exec/DefaultExecuteResultHandler.java:52:17
      Resolved as new abstract (CtMethodImpl) onProcessComplete @ src/main/java/org/apache/commons/exec/DefaultExecuteResultHandler.java:52:17
    Adding abstract (CtMethodImpl) onProcessFailed @ src/main/java/org/apache/commons/exec/DefaultExecuteResultHandler.java:61:17
      Resolved as new abstract (CtMethodImpl) onProcessFailed @ src/main/java/org/apache/commons/exec/DefaultExecuteResultHandler.java:61:17
    Adding abstract (CtMethodImpl) getExitValue @ src/main/java/org/apache/commons/exec/DefaultExecuteResultHandler.java:88:16
      Resolved as new abstract (CtMethodImpl) getExitValue @ src/main/java/org/apache/commons/exec/DefaultExecuteResultHandler.java:88:16
    Adding abstract (CtMethodImpl) waitFor @ src/main/java/org/apache/commons/exec/DefaultExecuteResultHandler.java:118:17
      Resolved as new abstract (CtMethodImpl) waitFor @ src/main/java/org/apache/commons/exec/DefaultExecuteResultHandler.java:118:17
    Adding abstract (CtMethodImpl) waitFor @ src/main/java/org/apache/commons/exec/DefaultExecuteResultHandler.java:138:17
      Resolved as new abstract (CtMethodImpl) waitFor @ src/main/java/org/apache/commons/exec/DefaultExecuteResultHandler.java:138:17
  Finishing object decl (CtClassImpl) InputStreamPumper @ src/main/java/org/apache/commons/exec/InputStreamPumper.java:31:14
    Adding constructor (CtConstructorImpl) <init> @ src/main/java/org/apache/commons/exec/InputStreamPumper.java:51:12
      Adding constructor signature (CtConstructorImpl) <init> @ src/main/java/org/apache/commons/exec/InputStreamPumper.java:51:12
        Adding parameter (CtParameterImpl) is @ src/main/java/org/apache/commons/exec/InputStreamPumper.java:51:48
          Resolved with match parameter (CtParameterImpl) is @ src/main/java/org/apache/commons/exec/InputStreamPumper.java:51:48
        Adding parameter (CtParameterImpl) os @ src/main/java/org/apache/commons/exec/InputStreamPumper.java:51:71
          Resolved with match parameter (CtParameterImpl) os @ src/main/java/org/apache/commons/exec/InputStreamPumper.java:51:71
        Adding parameter <unnamed> org.apache.commons.exec.InputStreamPumper
          Resolved as new parameter <unnamed> org.apache.commons.exec.InputStreamPumper
        Resolved as new constructor signature (CtConstructorImpl) <init> @ src/main/java/org/apache/commons/exec/InputStreamPumper.java:51:12
      Resolved as new constructor (CtConstructorImpl) <init> @ src/main/java/org/apache/commons/exec/InputStreamPumper.java:51:12
    Adding method (CtMethodImpl) stopProcessing @ src/main/java/org/apache/commons/exec/InputStreamPumper.java:79:17
      Adding signature (CtMethodImpl) stopProcessing @ src/main/java/org/apache/commons/exec/InputStreamPumper.java:79:17
        Resolved with match signature (CtMethodImpl) stopProcessing @ src/main/java/org/apache/commons/exec/InputStreamPumper.java:79:17
      Resolved as new method (CtMethodImpl) stopProcessing @ src/main/java/org/apache/commons/exec/InputStreamPumper.java:79:17
    Adding method (CtMethodImpl) run @ src/main/java/org/apache/commons/exec/InputStreamPumper.java:62:17
      Adding signature (CtMethodImpl) run @ src/main/java/org/apache/commons/exec/InputStreamPumper.java:62:17
        Resolved with match signature (CtMethodImpl) run @ src/main/java/org/apache/commons/exec/InputStreamPumper.java:62:17
      Resolved as new method (CtMethodImpl) run @ src/main/java/org/apache/commons/exec/InputStreamPumper.java:62:17
    Adding abstract (CtMethodImpl) stopProcessing @ src/main/java/org/apache/commons/exec/InputStreamPumper.java:79:17
      Resolved as new abstract (CtMethodImpl) stopProcessing @ src/main/java/org/apache/commons/exec/InputStreamPumper.java:79:17
    Adding abstract (CtMethodImpl) run @ src/main/java/org/apache/commons/exec/InputStreamPumper.java:62:17
      Resolved as new abstract (CtMethodImpl) run @ src/main/java/org/apache/commons/exec/InputStreamPumper.java:62:17
  Finishing object decl (CtClassImpl) LogOutputStream @ src/main/java/org/apache/commons/exec/LogOutputStream.java:33:23
    Adding constructor (CtConstructorImpl) <init> @ src/main/java/org/apache/commons/exec/LogOutputStream.java:57:12
      Adding constructor signature (CtConstructorImpl) <init> @ src/main/java/org/apache/commons/exec/LogOutputStream.java:57:12
        Adding parameter <unnamed> org.apache.commons.exec.LogOutputStream
          Resolved as new parameter <unnamed> org.apache.commons.exec.LogOutputStream
        Resolved as new constructor signature (CtConstructorImpl) <init> @ src/main/java/org/apache/commons/exec/LogOutputStream.java:57:12
      Resolved as new constructor (CtConstructorImpl) <init> @ src/main/java/org/apache/commons/exec/LogOutputStream.java:57:12
    Adding constructor (CtConstructorImpl) <init> @ src/main/java/org/apache/commons/exec/LogOutputStream.java:66:12
      Adding constructor signature (CtConstructorImpl) <init> @ src/main/java/org/apache/commons/exec/LogOutputStream.java:66:12
        Adding parameter (CtParameterImpl) level @ src/main/java/org/apache/commons/exec/LogOutputStream.java:66:38
          Adding basic (CtTypeReferenceImpl) int @ src/main/java/org/apache/commons/exec/LogOutputStream.java:66:34
            Resolved with match basic (CtTypeReferenceImpl) int @ src/main/java/org/apache/commons/exec/LogOutputStream.java:66:34
          Resolved as new parameter (CtParameterImpl) level @ src/main/java/org/apache/commons/exec/LogOutputStream.java:66:38
        Resolved as new constructor signature (CtConstructorImpl) <init> @ src/main/java/org/apache/commons/exec/LogOutputStream.java:66:12
      Resolved as new constructor (CtConstructorImpl) <init> @ src/main/java/org/apache/commons/exec/LogOutputStream.java:66:12
    Adding method (CtMethodImpl) write @ src/main/java/org/apache/commons/exec/LogOutputStream.java:78:17
      Adding signature (CtMethodImpl) write @ src/main/java/org/apache/commons/exec/LogOutputStream.java:78:17
        Adding parameter (CtParameterImpl) cc @ src/main/java/org/apache/commons/exec/LogOutputStream.java:78:33
          Adding basic (CtTypeReferenceImpl) int @ src/main/java/org/apache/commons/exec/LogOutputStream.java:78:29
            Resolved with match basic (CtTypeReferenceImpl) int @ src/main/java/org/apache/commons/exec/LogOutputStream.java:78:29
          Resolved as new parameter (CtParameterImpl) cc @ src/main/java/org/apache/commons/exec/LogOutputStream.java:78:33
        Resolved as new signature (CtMethodImpl) write @ src/main/java/org/apache/commons/exec/LogOutputStream.java:78:17
      Resolved as new method (CtMethodImpl) write @ src/main/java/org/apache/commons/exec/LogOutputStream.java:78:17
    Adding method (CtMethodImpl) write @ src/main/java/org/apache/commons/exec/LogOutputStream.java:132:17
      Adding signature (CtMethodImpl) write @ src/main/java/org/apache/commons/exec/LogOutputStream.java:132:17
        Adding parameter (CtParameterImpl) b @ src/main/java/org/apache/commons/exec/LogOutputStream.java:132:36
          Adding basic (CtTypeReferenceImpl) byte
            Resolved as new basic (CtTypeReferenceImpl) byte
          Resolved as new parameter (CtParameterImpl) b @ src/main/java/org/apache/commons/exec/LogOutputStream.java:132:36
        Adding parameter (CtParameterImpl) off @ src/main/java/org/apache/commons/exec/LogOutputStream.java:132:49
          Adding basic (CtTypeReferenceImpl) int @ src/main/java/org/apache/commons/exec/LogOutputStream.java:132:45
            Resolved with match basic (CtTypeReferenceImpl) int @ src/main/java/org/apache/commons/exec/LogOutputStream.java:132:45
          Resolved as new parameter (CtParameterImpl) off @ src/main/java/org/apache/commons/exec/LogOutputStream.java:132:49
        Adding parameter (CtParameterImpl) len @ src/main/java/org/apache/commons/exec/LogOutputStream.java:132:64
          Adding basic (CtTypeReferenceImpl) int @ src/main/java/org/apache/commons/exec/LogOutputStream.java:132:60
            Resolved with match basic (CtTypeReferenceImpl) int @ src/main/java/org/apache/commons/exec/LogOutputStream.java:132:60
          Resolved as new parameter (CtParameterImpl) len @ src/main/java/org/apache/commons/exec/LogOutputStream.java:132:64
        Resolved as new signature (CtMethodImpl) write @ src/main/java/org/apache/commons/exec/LogOutputStream.java:132:17
      Resolved as new method (CtMethodImpl) write @ src/main/java/org/apache/commons/exec/LogOutputStream.java:132:17
    Adding method (CtMethodImpl) processBuffer @ src/main/java/org/apache/commons/exec/LogOutputStream.java:160:20
      Adding signature (CtMethodImpl) processBuffer @ src/main/java/org/apache/commons/exec/LogOutputStream.java:160:20
        Resolved with match signature (CtMethodImpl) processBuffer @ src/main/java/org/apache/commons/exec/LogOutputStream.java:160:20
      Resolved as new method (CtMethodImpl) processBuffer @ src/main/java/org/apache/commons/exec/LogOutputStream.java:160:20
    Adding method (CtMethodImpl) processLine @ src/main/java/org/apache/commons/exec/LogOutputStream.java:171:20
      Adding signature (CtMethodImpl) processLine @ src/main/java/org/apache/commons/exec/LogOutputStream.java:171:20
        Adding parameter (CtParameterImpl) line @ src/main/java/org/apache/commons/exec/LogOutputStream.java:171:45
          Resolved with match parameter (CtParameterImpl) line @ src/main/java/org/apache/commons/exec/LogOutputStream.java:171:45
        Resolved as new signature (CtMethodImpl) processLine @ src/main/java/org/apache/commons/exec/LogOutputStream.java:171:20
      Resolved as new method (CtMethodImpl) processLine @ src/main/java/org/apache/commons/exec/LogOutputStream.java:171:20
    Adding method (CtMethodImpl) processLine @ src/main/java/org/apache/commons/exec/LogOutputStream.java:181:29
      Adding signature (CtMethodImpl) processLine @ src/main/java/org/apache/commons/exec/LogOutputStream.java:181:29
        Adding parameter (CtParameterImpl) line @ src/main/java/org/apache/commons/exec/LogOutputStream.java:181:54
          Resolved with match parameter (CtParameterImpl) line @ src/main/java/org/apache/commons/exec/LogOutputStream.java:181:54
        Adding parameter (CtParameterImpl) logLevel @ src/main/java/org/apache/commons/exec/LogOutputStream.java:181:70
          Adding basic (CtTypeReferenceImpl) int @ src/main/java/org/apache/commons/exec/LogOutputStream.java:181:66
            Resolved with match basic (CtTypeReferenceImpl) int @ src/main/java/org/apache/commons/exec/LogOutputStream.java:181:66
          Resolved as new parameter (CtParameterImpl) logLevel @ src/main/java/org/apache/commons/exec/LogOutputStream.java:181:70
        Resolved as new signature (CtMethodImpl) processLine @ src/main/java/org/apache/commons/exec/LogOutputStream.java:181:29
      Resolved as new method (CtMethodImpl) processLine @ src/main/java/org/apache/commons/exec/LogOutputStream.java:181:29
    Adding method (CtMethodImpl) getMessageLevel @ src/main/java/org/apache/commons/exec/LogOutputStream.java:118:16
      Adding signature (CtMethodImpl) getMessageLevel @ src/main/java/org/apache/commons/exec/LogOutputStream.java:118:16
        Adding parameter <unnamed> int @ src/main/java/org/apache/commons/exec/LogOutputStream.java:118:12
          Adding basic (CtTypeReferenceImpl) int @ src/main/java/org/apache/commons/exec/LogOutputStream.java:118:12
            Resolved with match basic (CtTypeReferenceImpl) int @ src/main/java/org/apache/commons/exec/LogOutputStream.java:118:12
          Resolved as new parameter <unnamed> int @ src/main/java/org/apache/commons/exec/LogOutputStream.java:118:12
        Resolved as new signature (CtMethodImpl) getMessageLevel @ src/main/java/org/apache/commons/exec/LogOutputStream.java:118:16
      Resolved as new method (CtMethodImpl) getMessageLevel @ src/main/java/org/apache/commons/exec/LogOutputStream.java:118:16
    Adding method (CtMethodImpl) flush @ src/main/java/org/apache/commons/exec/LogOutputStream.java:96:17
      Adding signature (CtMethodImpl) flush @ src/main/java/org/apache/commons/exec/LogOutputStream.java:96:17
        Resolved with match signature (CtMethodImpl) flush @ src/main/java/org/apache/commons/exec/LogOutputStream.java:96:17
      Resolved as new method (CtMethodImpl) flush @ src/main/java/org/apache/commons/exec/LogOutputStream.java:96:17
    Adding method (CtMethodImpl) close @ src/main/java/org/apache/commons/exec/LogOutputStream.java:108:17
      Adding signature (CtMethodImpl) close @ src/main/java/org/apache/commons/exec/LogOutputStream.java:108:17
        Resolved with match signature (CtMethodImpl) close @ src/main/java/org/apache/commons/exec/LogOutputStream.java:108:17
      Resolved as new method (CtMethodImpl) close @ src/main/java/org/apache/commons/exec/LogOutputStream.java:108:17
    Adding abstract (CtMethodImpl) write @ src/main/java/org/apache/commons/exec/LogOutputStream.java:78:17
      Resolved as new abstract (CtMethodImpl) write @ src/main/java/org/apache/commons/exec/LogOutputStream.java:78:17
    Adding abstract (CtMethodImpl) write @ src/main/java/org/apache/commons/exec/LogOutputStream.java:132:17
      Resolved as new abstract (CtMethodImpl) write @ src/main/java/org/apache/commons/exec/LogOutputStream.java:132:17
    Adding abstract (CtMethodImpl) processBuffer @ src/main/java/org/apache/commons/exec/LogOutputStream.java:160:20
      Resolved as new abstract (CtMethodImpl) processBuffer @ src/main/java/org/apache/commons/exec/LogOutputStream.java:160:20
    Adding abstract (CtMethodImpl) write
      Adding signature (CtMethodImpl) write
        Adding parameter (CtParameterImpl) arg0
          Adding basic (CtTypeReferenceImpl) byte
            Resolved with match basic (CtTypeReferenceImpl) byte
          Resolved as new parameter (CtParameterImpl) arg0
        Resolved as new signature (CtMethodImpl) write
      Resolved as new abstract (CtMethodImpl) write
    Adding abstract (CtMethodImpl) processLine @ src/main/java/org/apache/commons/exec/LogOutputStream.java:171:20
      Resolved as new abstract (CtMethodImpl) processLine @ src/main/java/org/apache/commons/exec/LogOutputStream.java:171:20
    Adding abstract (CtMethodImpl) processLine @ src/main/java/org/apache/commons/exec/LogOutputStream.java:181:29
      Resolved as new abstract (CtMethodImpl) processLine @ src/main/java/org/apache/commons/exec/LogOutputStream.java:181:29
    Adding abstract (CtMethodImpl) getMessageLevel @ src/main/java/org/apache/commons/exec/LogOutputStream.java:118:16
      Resolved as new abstract (CtMethodImpl) getMessageLevel @ src/main/java/org/apache/commons/exec/LogOutputStream.java:118:16
    Adding abstract (CtMethodImpl) flush @ src/main/java/org/apache/commons/exec/LogOutputStream.java:96:17
      Resolved as new abstract (CtMethodImpl) flush @ src/main/java/org/apache/commons/exec/LogOutputStream.java:96:17
    Adding abstract (CtMethodImpl) close @ src/main/java/org/apache/commons/exec/LogOutputStream.java:108:17
      Resolved as new abstract (CtMethodImpl) close @ src/main/java/org/apache/commons/exec/LogOutputStream.java:108:17
  Finishing object decl (CtClassImpl) PumpStreamHandler @ src/main/java/org/apache/commons/exec/PumpStreamHandler.java:35:14
    Adding constructor (CtConstructorImpl) <init> @ src/main/java/org/apache/commons/exec/PumpStreamHandler.java:62:12
      Adding constructor signature (CtConstructorImpl) <init> @ src/main/java/org/apache/commons/exec/PumpStreamHandler.java:62:12
        Adding parameter <unnamed> org.apache.commons.exec.PumpStreamHandler
          Resolved as new parameter <unnamed> org.apache.commons.exec.PumpStreamHandler
        Resolved as new constructor signature (CtConstructorImpl) <init> @ src/main/java/org/apache/commons/exec/PumpStreamHandler.java:62:12
      Resolved as new constructor (CtConstructorImpl) <init> @ src/main/java/org/apache/commons/exec/PumpStreamHandler.java:62:12
    Adding constructor (CtConstructorImpl) <init> @ src/main/java/org/apache/commons/exec/PumpStreamHandler.java:71:12
      Adding constructor signature (CtConstructorImpl) <init> @ src/main/java/org/apache/commons/exec/PumpStreamHandler.java:71:12
        Adding parameter (CtParameterImpl) outAndErr @ src/main/java/org/apache/commons/exec/PumpStreamHandler.java:71:49
          Resolved as new parameter (CtParameterImpl) outAndErr @ src/main/java/org/apache/commons/exec/PumpStreamHandler.java:71:49
        Resolved as new constructor signature (CtConstructorImpl) <init> @ src/main/java/org/apache/commons/exec/PumpStreamHandler.java:71:12
      Resolved as new constructor (CtConstructorImpl) <init> @ src/main/java/org/apache/commons/exec/PumpStreamHandler.java:71:12
    Adding constructor (CtConstructorImpl) <init> @ src/main/java/org/apache/commons/exec/PumpStreamHandler.java:81:12
      Adding constructor signature (CtConstructorImpl) <init> @ src/main/java/org/apache/commons/exec/PumpStreamHandler.java:81:12
        Adding parameter (CtParameterImpl) out @ src/main/java/org/apache/commons/exec/PumpStreamHandler.java:81:49
          Resolved as new parameter (CtParameterImpl) out @ src/main/java/org/apache/commons/exec/PumpStreamHandler.java:81:49
        Adding parameter (CtParameterImpl) err @ src/main/java/org/apache/commons/exec/PumpStreamHandler.java:81:73
          Resolved as new parameter (CtParameterImpl) err @ src/main/java/org/apache/commons/exec/PumpStreamHandler.java:81:73
        Resolved as new constructor signature (CtConstructorImpl) <init> @ src/main/java/org/apache/commons/exec/PumpStreamHandler.java:81:12
      Resolved as new constructor (CtConstructorImpl) <init> @ src/main/java/org/apache/commons/exec/PumpStreamHandler.java:81:12
    Adding constructor (CtConstructorImpl) <init> @ src/main/java/org/apache/commons/exec/PumpStreamHandler.java:92:12
      Adding constructor signature (CtConstructorImpl) <init> @ src/main/java/org/apache/commons/exec/PumpStreamHandler.java:92:12
        Adding parameter (CtParameterImpl) out @ src/main/java/org/apache/commons/exec/PumpStreamHandler.java:92:49
          Resolved with match parameter (CtParameterImpl) out @ src/main/java/org/apache/commons/exec/PumpStreamHandler.java:92:49
        Adding parameter (CtParameterImpl) err @ src/main/java/org/apache/commons/exec/PumpStreamHandler.java:92:73
          Resolved with match parameter (CtParameterImpl) err @ src/main/java/org/apache/commons/exec/PumpStreamHandler.java:92:73
        Adding parameter (CtParameterImpl) input @ src/main/java/org/apache/commons/exec/PumpStreamHandler.java:92:96
          Resolved as new parameter (CtParameterImpl) input @ src/main/java/org/apache/commons/exec/PumpStreamHandler.java:92:96
        Resolved as new constructor signature (CtConstructorImpl) <init> @ src/main/java/org/apache/commons/exec/PumpStreamHandler.java:92:12
      Resolved as new constructor (CtConstructorImpl) <init> @ src/main/java/org/apache/commons/exec/PumpStreamHandler.java:92:12
    Adding method (CtMethodImpl) createProcessOutputPump @ src/main/java/org/apache/commons/exec/PumpStreamHandler.java:231:20
      Adding signature (CtMethodImpl) createProcessOutputPump @ src/main/java/org/apache/commons/exec/PumpStreamHandler.java:231:20
        Adding parameter (CtParameterImpl) is @ src/main/java/org/apache/commons/exec/PumpStreamHandler.java:231:62
          Resolved with match parameter (CtParameterImpl) is @ src/main/java/org/apache/commons/exec/PumpStreamHandler.java:231:62
        Adding parameter (CtParameterImpl) os @ src/main/java/org/apache/commons/exec/PumpStreamHandler.java:231:85
          Resolved with match parameter (CtParameterImpl) os @ src/main/java/org/apache/commons/exec/PumpStreamHandler.java:231:85
        Resolved as new signature (CtMethodImpl) createProcessOutputPump @ src/main/java/org/apache/commons/exec/PumpStreamHandler.java:231:20
      Resolved as new method (CtMethodImpl) createProcessOutputPump @ src/main/java/org/apache/commons/exec/PumpStreamHandler.java:231:20
    Adding method (CtMethodImpl) setProcessErrorStream @ src/main/java/org/apache/commons/exec/PumpStreamHandler.java:126:17
      Adding signature (CtMethodImpl) setProcessErrorStream @ src/main/java/org/apache/commons/exec/PumpStreamHandler.java:126:17
        Adding parameter (CtParameterImpl) is @ src/main/java/org/apache/commons/exec/PumpStreamHandler.java:126:57
          Resolved with match parameter (CtParameterImpl) is @ src/main/java/org/apache/commons/exec/PumpStreamHandler.java:126:57
        Resolved as new signature (CtMethodImpl) setProcessErrorStream @ src/main/java/org/apache/commons/exec/PumpStreamHandler.java:126:17
      Resolved as new method (CtMethodImpl) setProcessErrorStream @ src/main/java/org/apache/commons/exec/PumpStreamHandler.java:126:17
    Adding method (CtMethodImpl) stopThread @ src/main/java/org/apache/commons/exec/PumpStreamHandler.java:283:20
      Adding signature (CtMethodImpl) stopThread @ src/main/java/org/apache/commons/exec/PumpStreamHandler.java:283:20
        Adding parameter (CtParameterImpl) thread @ src/main/java/org/apache/commons/exec/PumpStreamHandler.java:283:44
          Resolved as new parameter (CtParameterImpl) thread @ src/main/java/org/apache/commons/exec/PumpStreamHandler.java:283:44
        Adding parameter (CtParameterImpl) timeout @ src/main/java/org/apache/commons/exec/PumpStreamHandler.java:283:63
          Adding basic (CtTypeReferenceImpl) long @ src/main/java/org/apache/commons/exec/PumpStreamHandler.java:283:58
            Resolved with match basic (CtTypeReferenceImpl) long @ src/main/java/org/apache/commons/exec/PumpStreamHandler.java:283:58
          Resolved as new parameter (CtParameterImpl) timeout @ src/main/java/org/apache/commons/exec/PumpStreamHandler.java:283:63
        Resolved as new signature (CtMethodImpl) stopThread @ src/main/java/org/apache/commons/exec/PumpStreamHandler.java:283:20
      Resolved as new method (CtMethodImpl) stopThread @ src/main/java/org/apache/commons/exec/PumpStreamHandler.java:283:20
    Adding method (CtMethodImpl) setProcessInputStream @ src/main/java/org/apache/commons/exec/PumpStreamHandler.java:138:17
      Adding signature (CtMethodImpl) setProcessInputStream @ src/main/java/org/apache/commons/exec/PumpStreamHandler.java:138:17
        Adding parameter (CtParameterImpl) os @ src/main/java/org/apache/commons/exec/PumpStreamHandler.java:138:58
          Resolved with match parameter (CtParameterImpl) os @ src/main/java/org/apache/commons/exec/PumpStreamHandler.java:138:58
        Resolved as new signature (CtMethodImpl) setProcessInputStream @ src/main/java/org/apache/commons/exec/PumpStreamHandler.java:138:17
      Resolved as new method (CtMethodImpl) setProcessInputStream @ src/main/java/org/apache/commons/exec/PumpStreamHandler.java:138:17
    Adding method (CtMethodImpl) getOut @ src/main/java/org/apache/commons/exec/PumpStreamHandler.java:221:28
      Adding signature (CtMethodImpl) getOut @ src/main/java/org/apache/commons/exec/PumpStreamHandler.java:221:28
        Adding parameter <unnamed> java.io.OutputStream @ src/main/java/org/apache/commons/exec/PumpStreamHandler.java:221:15
          Resolved as new parameter <unnamed> java.io.OutputStream @ src/main/java/org/apache/commons/exec/PumpStreamHandler.java:221:15
        Resolved as new signature (CtMethodImpl) getOut @ src/main/java/org/apache/commons/exec/PumpStreamHandler.java:221:28
      Resolved as new method (CtMethodImpl) getOut @ src/main/java/org/apache/commons/exec/PumpStreamHandler.java:221:28
    Adding method (CtMethodImpl) createSystemInPump @ src/main/java/org/apache/commons/exec/PumpStreamHandler.java:312:20
      Adding signature (CtMethodImpl) createSystemInPump @ src/main/java/org/apache/commons/exec/PumpStreamHandler.java:312:20
        Adding parameter (CtParameterImpl) is @ src/main/java/org/apache/commons/exec/PumpStreamHandler.java:312:57
          Resolved with match parameter (CtParameterImpl) is @ src/main/java/org/apache/commons/exec/PumpStreamHandler.java:312:57
        Adding parameter (CtParameterImpl) os @ src/main/java/org/apache/commons/exec/PumpStreamHandler.java:312:80
          Resolved with match parameter (CtParameterImpl) os @ src/main/java/org/apache/commons/exec/PumpStreamHandler.java:312:80
        Adding parameter <unnamed> java.lang.Thread @ src/main/java/org/apache/commons/exec/PumpStreamHandler.java:312:13
          Resolved with match parameter <unnamed> java.lang.Thread @ src/main/java/org/apache/commons/exec/PumpStreamHandler.java:312:13
        Resolved as new signature (CtMethodImpl) createSystemInPump @ src/main/java/org/apache/commons/exec/PumpStreamHandler.java:312:20
      Resolved as new method (CtMethodImpl) createSystemInPump @ src/main/java/org/apache/commons/exec/PumpStreamHandler.java:312:20
    Adding method (CtMethodImpl) createProcessErrorPump @ src/main/java/org/apache/commons/exec/PumpStreamHandler.java:241:20
      Adding signature (CtMethodImpl) createProcessErrorPump @ src/main/java/org/apache/commons/exec/PumpStreamHandler.java:241:20
        Adding parameter (CtParameterImpl) is @ src/main/java/org/apache/commons/exec/PumpStreamHandler.java:241:61
          Resolved with match parameter (CtParameterImpl) is @ src/main/java/org/apache/commons/exec/PumpStreamHandler.java:241:61
        Adding parameter (CtParameterImpl) os @ src/main/java/org/apache/commons/exec/PumpStreamHandler.java:241:84
          Resolved with match parameter (CtParameterImpl) os @ src/main/java/org/apache/commons/exec/PumpStreamHandler.java:241:84
        Resolved as new signature (CtMethodImpl) createProcessErrorPump @ src/main/java/org/apache/commons/exec/PumpStreamHandler.java:241:20
      Resolved as new method (CtMethodImpl) createProcessErrorPump @ src/main/java/org/apache/commons/exec/PumpStreamHandler.java:241:20
    Adding method (CtMethodImpl) createPump @ src/main/java/org/apache/commons/exec/PumpStreamHandler.java:254:22
      Adding signature (CtMethodImpl) createPump @ src/main/java/org/apache/commons/exec/PumpStreamHandler.java:254:22
        Adding parameter (CtParameterImpl) is @ src/main/java/org/apache/commons/exec/PumpStreamHandler.java:254:51
          Resolved with match parameter (CtParameterImpl) is @ src/main/java/org/apache/commons/exec/PumpStreamHandler.java:254:51
        Adding parameter (CtParameterImpl) os @ src/main/java/org/apache/commons/exec/PumpStreamHandler.java:254:74
          Resolved with match parameter (CtParameterImpl) os @ src/main/java/org/apache/commons/exec/PumpStreamHandler.java:254:74
        Adding parameter <unnamed> java.lang.Thread @ src/main/java/org/apache/commons/exec/PumpStreamHandler.java:254:15
          Resolved with match parameter <unnamed> java.lang.Thread @ src/main/java/org/apache/commons/exec/PumpStreamHandler.java:254:15
        Resolved as new signature (CtMethodImpl) createPump @ src/main/java/org/apache/commons/exec/PumpStreamHandler.java:254:22
      Resolved as new method (CtMethodImpl) createPump @ src/main/java/org/apache/commons/exec/PumpStreamHandler.java:254:22
    Adding method (CtMethodImpl) createPump @ src/main/java/org/apache/commons/exec/PumpStreamHandler.java:268:22
      Adding signature (CtMethodImpl) createPump @ src/main/java/org/apache/commons/exec/PumpStreamHandler.java:268:22
        Adding parameter (CtParameterImpl) is @ src/main/java/org/apache/commons/exec/PumpStreamHandler.java:268:51
          Resolved with match parameter (CtParameterImpl) is @ src/main/java/org/apache/commons/exec/PumpStreamHandler.java:268:51
        Adding parameter (CtParameterImpl) os @ src/main/java/org/apache/commons/exec/PumpStreamHandler.java:268:74
          Resolved with match parameter (CtParameterImpl) os @ src/main/java/org/apache/commons/exec/PumpStreamHandler.java:268:74
        Adding parameter (CtParameterImpl) closeWhenExhausted @ src/main/java/org/apache/commons/exec/PumpStreamHandler.java:268:92
          Adding basic (CtTypeReferenceImpl) boolean @ src/main/java/org/apache/commons/exec/PumpStreamHandler.java:268:84
            Resolved with match basic (CtTypeReferenceImpl) boolean @ src/main/java/org/apache/commons/exec/PumpStreamHandler.java:268:84
          Resolved as new parameter (CtParameterImpl) closeWhenExhausted @ src/main/java/org/apache/commons/exec/PumpStreamHandler.java:268:92
        Adding parameter <unnamed> java.lang.Thread @ src/main/java/org/apache/commons/exec/PumpStreamHandler.java:268:15
          Resolved with match parameter <unnamed> java.lang.Thread @ src/main/java/org/apache/commons/exec/PumpStreamHandler.java:268:15
        Resolved as new signature (CtMethodImpl) createPump @ src/main/java/org/apache/commons/exec/PumpStreamHandler.java:268:22
      Resolved as new method (CtMethodImpl) createPump @ src/main/java/org/apache/commons/exec/PumpStreamHandler.java:268:22
    Adding method (CtMethodImpl) setStopTimeout @ src/main/java/org/apache/commons/exec/PumpStreamHandler.java:104:17
      Adding signature (CtMethodImpl) setStopTimeout @ src/main/java/org/apache/commons/exec/PumpStreamHandler.java:104:17
        Adding parameter (CtParameterImpl) timeout @ src/main/java/org/apache/commons/exec/PumpStreamHandler.java:104:43
          Adding basic (CtTypeReferenceImpl) long @ src/main/java/org/apache/commons/exec/PumpStreamHandler.java:104:38
            Resolved with match basic (CtTypeReferenceImpl) long @ src/main/java/org/apache/commons/exec/PumpStreamHandler.java:104:38
          Resolved as new parameter (CtParameterImpl) timeout @ src/main/java/org/apache/commons/exec/PumpStreamHandler.java:104:43
        Resolved as new signature (CtMethodImpl) setStopTimeout @ src/main/java/org/apache/commons/exec/PumpStreamHandler.java:104:17
      Resolved as new method (CtMethodImpl) setStopTimeout @ src/main/java/org/apache/commons/exec/PumpStreamHandler.java:104:17
    Adding method (CtMethodImpl) start @ src/main/java/org/apache/commons/exec/PumpStreamHandler.java:158:17
      Adding signature (CtMethodImpl) start @ src/main/java/org/apache/commons/exec/PumpStreamHandler.java:158:17
        Resolved with match signature (CtMethodImpl) start @ src/main/java/org/apache/commons/exec/PumpStreamHandler.java:158:17
      Resolved as new method (CtMethodImpl) start @ src/main/java/org/apache/commons/exec/PumpStreamHandler.java:158:17
    Adding method (CtMethodImpl) setProcessOutputStream @ src/main/java/org/apache/commons/exec/PumpStreamHandler.java:114:17
      Adding signature (CtMethodImpl) setProcessOutputStream @ src/main/java/org/apache/commons/exec/PumpStreamHandler.java:114:17
        Adding parameter (CtParameterImpl) is @ src/main/java/org/apache/commons/exec/PumpStreamHandler.java:114:58
          Resolved with match parameter (CtParameterImpl) is @ src/main/java/org/apache/commons/exec/PumpStreamHandler.java:114:58
        Resolved as new signature (CtMethodImpl) setProcessOutputStream @ src/main/java/org/apache/commons/exec/PumpStreamHandler.java:114:17
      Resolved as new method (CtMethodImpl) setProcessOutputStream @ src/main/java/org/apache/commons/exec/PumpStreamHandler.java:114:17
    Adding method (CtMethodImpl) stop @ src/main/java/org/apache/commons/exec/PumpStreamHandler.java:174:17
      Adding signature (CtMethodImpl) stop @ src/main/java/org/apache/commons/exec/PumpStreamHandler.java:174:17
        Resolved with match signature (CtMethodImpl) stop @ src/main/java/org/apache/commons/exec/PumpStreamHandler.java:174:17
      Resolved as new method (CtMethodImpl) stop @ src/main/java/org/apache/commons/exec/PumpStreamHandler.java:174:17
    Adding method (CtMethodImpl) getErr @ src/main/java/org/apache/commons/exec/PumpStreamHandler.java:212:28
      Adding signature (CtMethodImpl) getErr @ src/main/java/org/apache/commons/exec/PumpStreamHandler.java:212:28
        Adding parameter <unnamed> java.io.OutputStream @ src/main/java/org/apache/commons/exec/PumpStreamHandler.java:212:15
          Resolved with match parameter <unnamed> java.io.OutputStream @ src/main/java/org/apache/commons/exec/PumpStreamHandler.java:212:15
        Resolved as new signature (CtMethodImpl) getErr @ src/main/java/org/apache/commons/exec/PumpStreamHandler.java:212:28
      Resolved as new method (CtMethodImpl) getErr @ src/main/java/org/apache/commons/exec/PumpStreamHandler.java:212:28
    Adding abstract (CtMethodImpl) createProcessOutputPump @ src/main/java/org/apache/commons/exec/PumpStreamHandler.java:231:20
      Resolved as new abstract (CtMethodImpl) createProcessOutputPump @ src/main/java/org/apache/commons/exec/PumpStreamHandler.java:231:20
    Adding abstract (CtMethodImpl) setProcessErrorStream @ src/main/java/org/apache/commons/exec/PumpStreamHandler.java:126:17
      Resolved as new abstract (CtMethodImpl) setProcessErrorStream @ src/main/java/org/apache/commons/exec/PumpStreamHandler.java:126:17
    Adding abstract (CtMethodImpl) stopThread @ src/main/java/org/apache/commons/exec/PumpStreamHandler.java:283:20
      Resolved as new abstract (CtMethodImpl) stopThread @ src/main/java/org/apache/commons/exec/PumpStreamHandler.java:283:20
    Adding abstract (CtMethodImpl) setProcessInputStream @ src/main/java/org/apache/commons/exec/PumpStreamHandler.java:138:17
      Resolved as new abstract (CtMethodImpl) setProcessInputStream @ src/main/java/org/apache/commons/exec/PumpStreamHandler.java:138:17
    Adding abstract (CtMethodImpl) getOut @ src/main/java/org/apache/commons/exec/PumpStreamHandler.java:221:28
      Resolved as new abstract (CtMethodImpl) getOut @ src/main/java/org/apache/commons/exec/PumpStreamHandler.java:221:28
    Adding abstract (CtMethodImpl) createSystemInPump @ src/main/java/org/apache/commons/exec/PumpStreamHandler.java:312:20
      Resolved as new abstract (CtMethodImpl) createSystemInPump @ src/main/java/org/apache/commons/exec/PumpStreamHandler.java:312:20
    Adding abstract (CtMethodImpl) createProcessErrorPump @ src/main/java/org/apache/commons/exec/PumpStreamHandler.java:241:20
      Resolved as new abstract (CtMethodImpl) createProcessErrorPump @ src/main/java/org/apache/commons/exec/PumpStreamHandler.java:241:20
    Adding abstract (CtMethodImpl) createPump @ src/main/java/org/apache/commons/exec/PumpStreamHandler.java:254:22
      Resolved as new abstract (CtMethodImpl) createPump @ src/main/java/org/apache/commons/exec/PumpStreamHandler.java:254:22
    Adding abstract (CtMethodImpl) createPump @ src/main/java/org/apache/commons/exec/PumpStreamHandler.java:268:22
      Resolved as new abstract (CtMethodImpl) createPump @ src/main/java/org/apache/commons/exec/PumpStreamHandler.java:268:22
    Adding abstract (CtMethodImpl) setStopTimeout @ src/main/java/org/apache/commons/exec/PumpStreamHandler.java:104:17
      Resolved as new abstract (CtMethodImpl) setStopTimeout @ src/main/java/org/apache/commons/exec/PumpStreamHandler.java:104:17
    Adding abstract (CtMethodImpl) start @ src/main/java/org/apache/commons/exec/PumpStreamHandler.java:158:17
      Resolved as new abstract (CtMethodImpl) start @ src/main/java/org/apache/commons/exec/PumpStreamHandler.java:158:17
    Adding abstract (CtMethodImpl) setProcessOutputStream @ src/main/java/org/apache/commons/exec/PumpStreamHandler.java:114:17
      Resolved as new abstract (CtMethodImpl) setProcessOutputStream @ src/main/java/org/apache/commons/exec/PumpStreamHandler.java:114:17
    Adding abstract (CtMethodImpl) stop @ src/main/java/org/apache/commons/exec/PumpStreamHandler.java:174:17
      Resolved as new abstract (CtMethodImpl) stop @ src/main/java/org/apache/commons/exec/PumpStreamHandler.java:174:17
    Adding abstract (CtMethodImpl) getErr @ src/main/java/org/apache/commons/exec/PumpStreamHandler.java:212:28
      Resolved as new abstract (CtMethodImpl) getErr @ src/main/java/org/apache/commons/exec/PumpStreamHandler.java:212:28
  Finishing object decl (CtClassImpl) ThreadGroup
  Finishing object decl (CtClassImpl) ClassLoader
  Finishing object decl (CtClassImpl) AccessControlContext
  Finishing object decl (CtClassImpl) ThreadLocalMap
    getting parent type for (CtClassImpl) ThreadLocalMap
      Adding object decl (CtClassImpl) ThreadLocal
        Adding struct (CtClassImpl) ThreadLocal
          Resolved as new struct (CtClassImpl) ThreadLocal
        Resolved as new object decl (CtClassImpl) ThreadLocal
  Finishing object decl (CtClassImpl) ProcessDestroyerImpl @ src/main/java/org/apache/commons/exec/ShutdownHookProcessDestroyer.java:45:19
    getting parent type for (CtClassImpl) ProcessDestroyerImpl @ src/main/java/org/apache/commons/exec/ShutdownHookProcessDestroyer.java:45:19
    Adding constructor (CtConstructorImpl) <init> @ src/main/java/org/apache/commons/exec/ShutdownHookProcessDestroyer.java:49:16
      Adding constructor signature (CtConstructorImpl) <init> @ src/main/java/org/apache/commons/exec/ShutdownHookProcessDestroyer.java:49:16
        Adding parameter <unnamed> org.apache.commons.exec.ShutdownHookProcessDestroyer$ProcessDestroyerImpl
          Resolved as new parameter <unnamed> org.apache.commons.exec.ShutdownHookProcessDestroyer$ProcessDestroyerImpl
        Resolved as new constructor signature (CtConstructorImpl) <init> @ src/main/java/org/apache/commons/exec/ShutdownHookProcessDestroyer.java:49:16
      Resolved as new constructor (CtConstructorImpl) <init> @ src/main/java/org/apache/commons/exec/ShutdownHookProcessDestroyer.java:49:16
    Adding method (CtMethodImpl) run @ src/main/java/org/apache/commons/exec/ShutdownHookProcessDestroyer.java:54:21
      Adding signature (CtMethodImpl) run @ src/main/java/org/apache/commons/exec/ShutdownHookProcessDestroyer.java:54:21
        Resolved with match signature (CtMethodImpl) run @ src/main/java/org/apache/commons/exec/ShutdownHookProcessDestroyer.java:54:21
      Resolved as new method (CtMethodImpl) run @ src/main/java/org/apache/commons/exec/ShutdownHookProcessDestroyer.java:54:21
    Adding method (CtMethodImpl) setShouldDestroy @ src/main/java/org/apache/commons/exec/ShutdownHookProcessDestroyer.java:60:21
      Adding signature (CtMethodImpl) setShouldDestroy @ src/main/java/org/apache/commons/exec/ShutdownHookProcessDestroyer.java:60:21
        Adding parameter (CtParameterImpl) shouldDestroy @ src/main/java/org/apache/commons/exec/ShutdownHookProcessDestroyer.java:60:52
          Adding basic (CtTypeReferenceImpl) boolean @ src/main/java/org/apache/commons/exec/ShutdownHookProcessDestroyer.java:60:44
            Resolved with match basic (CtTypeReferenceImpl) boolean @ src/main/java/org/apache/commons/exec/ShutdownHookProcessDestroyer.java:60:44
          Resolved as new parameter (CtParameterImpl) shouldDestroy @ src/main/java/org/apache/commons/exec/ShutdownHookProcessDestroyer.java:60:52
        Resolved as new signature (CtMethodImpl) setShouldDestroy @ src/main/java/org/apache/commons/exec/ShutdownHookProcessDestroyer.java:60:21
      Resolved as new method (CtMethodImpl) setShouldDestroy @ src/main/java/org/apache/commons/exec/ShutdownHookProcessDestroyer.java:60:21
    Adding abstract (CtMethodImpl) getName
      Adding signature (CtMethodImpl) getName
        Adding parameter <unnamed> java.lang.String
          Resolved with match parameter <unnamed> java.lang.String
        Resolved as new signature (CtMethodImpl) getName
      Resolved as new abstract (CtMethodImpl) getName
    Adding abstract (CtMethodImpl) suspend0
      Adding signature (CtMethodImpl) suspend0
        Resolved with match signature (CtMethodImpl) suspend0
      Resolved as new abstract (CtMethodImpl) suspend0
    Adding abstract (CtMethodImpl) countStackFrames
      Adding signature (CtMethodImpl) countStackFrames
        Adding parameter <unnamed> int
          Adding basic (CtTypeReferenceImpl) int
            Resolved with match basic (CtTypeReferenceImpl) int
          Resolved as new parameter <unnamed> int
        Resolved as new signature (CtMethodImpl) countStackFrames
      Resolved as new abstract (CtMethodImpl) countStackFrames
    Adding abstract (CtMethodImpl) setPriority0
      Adding signature (CtMethodImpl) setPriority0
        Adding parameter (CtParameterImpl) arg0
          Adding basic (CtTypeReferenceImpl) int
            Resolved with match basic (CtTypeReferenceImpl) int
          Resolved as new parameter (CtParameterImpl) arg0
        Resolved as new signature (CtMethodImpl) setPriority0
      Resolved as new abstract (CtMethodImpl) setPriority0
    Adding abstract (CtMethodImpl) run @ src/main/java/org/apache/commons/exec/ShutdownHookProcessDestroyer.java:54:21
      Resolved as new abstract (CtMethodImpl) run @ src/main/java/org/apache/commons/exec/ShutdownHookProcessDestroyer.java:54:21
    Adding abstract (CtMethodImpl) setContextClassLoader
      Adding signature (CtMethodImpl) setContextClassLoader
        Adding parameter (CtParameterImpl) arg0
          Resolved as new parameter (CtParameterImpl) arg0
        Resolved as new signature (CtMethodImpl) setContextClassLoader
      Resolved as new abstract (CtMethodImpl) setContextClassLoader
    Adding abstract (CtMethodImpl) getStackTrace
      Adding signature (CtMethodImpl) getStackTrace
        Adding parameter <unnamed> java.lang.StackTraceElement[]
          Resolved with match parameter <unnamed> java.lang.StackTraceElement[]
        Resolved as new signature (CtMethodImpl) getStackTrace
      Resolved as new abstract (CtMethodImpl) getStackTrace
    Adding abstract (CtMethodImpl) isDaemon
      Adding signature (CtMethodImpl) isDaemon
        Adding parameter <unnamed> boolean
          Adding basic (CtTypeReferenceImpl) boolean
            Resolved with match basic (CtTypeReferenceImpl) boolean
          Resolved as new parameter <unnamed> boolean
        Resolved as new signature (CtMethodImpl) isDaemon
      Resolved as new abstract (CtMethodImpl) isDaemon
    Adding abstract (CtMethodImpl) join
      Adding signature (CtMethodImpl) join
        Adding parameter (CtParameterImpl) arg0
          Adding basic (CtTypeReferenceImpl) long
            Resolved with match basic (CtTypeReferenceImpl) long
          Resolved as new parameter (CtParameterImpl) arg0
        Resolved as new signature (CtMethodImpl) join
      Resolved as new abstract (CtMethodImpl) join
    Adding abstract (CtMethodImpl) join
      Adding signature (CtMethodImpl) join
        Resolved with match signature (CtMethodImpl) join
      Resolved as new abstract (CtMethodImpl) join
    Adding abstract (CtMethodImpl) join
      Adding signature (CtMethodImpl) join
        Adding parameter (CtParameterImpl) arg0
          Adding basic (CtTypeReferenceImpl) long
            Resolved with match basic (CtTypeReferenceImpl) long
          Resolved as new parameter (CtParameterImpl) arg0
        Adding parameter (CtParameterImpl) arg1
          Adding basic (CtTypeReferenceImpl) int
            Resolved with match basic (CtTypeReferenceImpl) int
          Resolved as new parameter (CtParameterImpl) arg1
        Resolved as new signature (CtMethodImpl) join
      Resolved as new abstract (CtMethodImpl) join
    Adding abstract (CtMethodImpl) interrupt
      Adding signature (CtMethodImpl) interrupt
        Resolved with match signature (CtMethodImpl) interrupt
      Resolved as new abstract (CtMethodImpl) interrupt
    Adding abstract (CtMethodImpl) dispatchUncaughtException
      Adding signature (CtMethodImpl) dispatchUncaughtException
        Adding parameter (CtParameterImpl) arg0
          Resolved with match parameter (CtParameterImpl) arg0
        Resolved as new signature (CtMethodImpl) dispatchUncaughtException
      Resolved as new abstract (CtMethodImpl) dispatchUncaughtException
    Adding abstract (CtMethodImpl) suspend
      Adding signature (CtMethodImpl) suspend
        Resolved with match signature (CtMethodImpl) suspend
      Resolved as new abstract (CtMethodImpl) suspend
    Adding abstract (CtMethodImpl) setUncaughtExceptionHandler
      Adding signature (CtMethodImpl) setUncaughtExceptionHandler
        Adding parameter (CtParameterImpl) arg0
          Resolved as new parameter (CtParameterImpl) arg0
        Resolved as new signature (CtMethodImpl) setUncaughtExceptionHandler
      Resolved as new abstract (CtMethodImpl) setUncaughtExceptionHandler
    Adding abstract (CtMethodImpl) setNativeName
      Adding signature (CtMethodImpl) setNativeName
        Adding parameter (CtParameterImpl) arg0
          Resolved with match parameter (CtParameterImpl) arg0
        Resolved as new signature (CtMethodImpl) setNativeName
      Resolved as new abstract (CtMethodImpl) setNativeName
    Adding abstract (CtMethodImpl) checkAccess
      Adding signature (CtMethodImpl) checkAccess
        Resolved with match signature (CtMethodImpl) checkAccess
      Resolved as new abstract (CtMethodImpl) checkAccess
    Adding abstract (CtMethodImpl) exit
      Adding signature (CtMethodImpl) exit
        Resolved with match signature (CtMethodImpl) exit
      Resolved as new abstract (CtMethodImpl) exit
    Adding abstract (CtMethodImpl) stop
      Adding signature (CtMethodImpl) stop
        Resolved with match signature (CtMethodImpl) stop
      Resolved as new abstract (CtMethodImpl) stop
    Adding abstract (CtMethodImpl) isAlive
      Adding signature (CtMethodImpl) isAlive
        Adding parameter <unnamed> boolean
          Adding basic (CtTypeReferenceImpl) boolean
            Resolved with match basic (CtTypeReferenceImpl) boolean
          Resolved as new parameter <unnamed> boolean
        Resolved as new signature (CtMethodImpl) isAlive
      Resolved as new abstract (CtMethodImpl) isAlive
    Adding abstract (CtMethodImpl) getContextClassLoader
      Adding signature (CtMethodImpl) getContextClassLoader
        Adding parameter <unnamed> java.lang.ClassLoader
          Resolved as new parameter <unnamed> java.lang.ClassLoader
        Resolved as new signature (CtMethodImpl) getContextClassLoader
      Resolved as new abstract (CtMethodImpl) getContextClassLoader
    Adding abstract (CtMethodImpl) setPriority
      Adding signature (CtMethodImpl) setPriority
        Adding parameter (CtParameterImpl) arg0
          Adding basic (CtTypeReferenceImpl) int
            Resolved with match basic (CtTypeReferenceImpl) int
          Resolved as new parameter (CtParameterImpl) arg0
        Resolved as new signature (CtMethodImpl) setPriority
      Resolved as new abstract (CtMethodImpl) setPriority
    Adding abstract (CtMethodImpl) start0
      Adding signature (CtMethodImpl) start0
        Resolved with match signature (CtMethodImpl) start0
      Resolved as new abstract (CtMethodImpl) start0
    Adding abstract (CtMethodImpl) setName
      Adding signature (CtMethodImpl) setName
        Adding parameter (CtParameterImpl) arg0
          Resolved with match parameter (CtParameterImpl) arg0
        Resolved as new signature (CtMethodImpl) setName
      Resolved as new abstract (CtMethodImpl) setName
    Adding abstract (CtMethodImpl) interrupt0
      Adding signature (CtMethodImpl) interrupt0
        Resolved with match signature (CtMethodImpl) interrupt0
      Resolved as new abstract (CtMethodImpl) interrupt0
    Adding abstract (CtMethodImpl) getId
      Adding signature (CtMethodImpl) getId
        Adding parameter <unnamed> long
          Adding basic (CtTypeReferenceImpl) long
            Resolved with match basic (CtTypeReferenceImpl) long
          Resolved as new parameter <unnamed> long
        Resolved as new signature (CtMethodImpl) getId
      Resolved as new abstract (CtMethodImpl) getId
    Adding abstract (CtMethodImpl) resume0
      Adding signature (CtMethodImpl) resume0
        Resolved with match signature (CtMethodImpl) resume0
      Resolved as new abstract (CtMethodImpl) resume0
    Adding abstract (CtMethodImpl) setShouldDestroy @ src/main/java/org/apache/commons/exec/ShutdownHookProcessDestroyer.java:60:21
      Resolved as new abstract (CtMethodImpl) setShouldDestroy @ src/main/java/org/apache/commons/exec/ShutdownHookProcessDestroyer.java:60:21
    Adding abstract (CtMethodImpl) resume
      Adding signature (CtMethodImpl) resume
        Resolved with match signature (CtMethodImpl) resume
      Resolved as new abstract (CtMethodImpl) resume
    Adding abstract (CtMethodImpl) isInterrupted
      Adding signature (CtMethodImpl) isInterrupted
        Adding parameter <unnamed> boolean
          Adding basic (CtTypeReferenceImpl) boolean
            Resolved with match basic (CtTypeReferenceImpl) boolean
          Resolved as new parameter <unnamed> boolean
        Resolved as new signature (CtMethodImpl) isInterrupted
      Resolved as new abstract (CtMethodImpl) isInterrupted
    Adding abstract (CtMethodImpl) stop0
      Adding signature (CtMethodImpl) stop0
        Adding parameter (CtParameterImpl) arg0
          Resolved with match parameter (CtParameterImpl) arg0
        Resolved as new signature (CtMethodImpl) stop0
      Resolved as new abstract (CtMethodImpl) stop0
    Adding abstract (CtMethodImpl) start
      Adding signature (CtMethodImpl) start
        Resolved with match signature (CtMethodImpl) start
      Resolved as new abstract (CtMethodImpl) start
    Adding abstract (CtMethodImpl) getUncaughtExceptionHandler
      Adding signature (CtMethodImpl) getUncaughtExceptionHandler
        Adding parameter <unnamed> java.lang.Thread$UncaughtExceptionHandler
          Resolved as new parameter <unnamed> java.lang.Thread$UncaughtExceptionHandler
        Resolved as new signature (CtMethodImpl) getUncaughtExceptionHandler
      Resolved as new abstract (CtMethodImpl) getUncaughtExceptionHandler
    Adding abstract (CtMethodImpl) setDaemon
      Adding signature (CtMethodImpl) setDaemon
        Adding parameter (CtParameterImpl) arg0
          Adding basic (CtTypeReferenceImpl) boolean
            Resolved with match basic (CtTypeReferenceImpl) boolean
          Resolved as new parameter (CtParameterImpl) arg0
        Resolved as new signature (CtMethodImpl) setDaemon
      Resolved as new abstract (CtMethodImpl) setDaemon
    Adding abstract (CtMethodImpl) getState
      Adding signature (CtMethodImpl) getState
        Adding parameter <unnamed> java.lang.Thread$State
          Adding enum (CtEnumImpl) State
            Adding enum struct (CtTypeReferenceImpl) java.lang.Enum
              Adding field $value
                Resolved as new field $value
              Resolved as new enum struct (CtTypeReferenceImpl) java.lang.Enum
            Resolved as new enum (CtEnumImpl) State
          Resolved as new parameter <unnamed> java.lang.Thread$State
        Resolved as new signature (CtMethodImpl) getState
      Resolved as new abstract (CtMethodImpl) getState
    Adding abstract (CtMethodImpl) getPriority
      Adding signature (CtMethodImpl) getPriority
        Adding parameter <unnamed> int
          Adding basic (CtTypeReferenceImpl) int
            Resolved with match basic (CtTypeReferenceImpl) int
          Resolved as new parameter <unnamed> int
        Resolved as new signature (CtMethodImpl) getPriority
      Resolved as new abstract (CtMethodImpl) getPriority
    Adding abstract (CtMethodImpl) toString
      Adding signature (CtMethodImpl) toString
        Adding parameter <unnamed> java.lang.String
          Resolved with match parameter <unnamed> java.lang.String
        Resolved as new signature (CtMethodImpl) toString
      Resolved as new abstract (CtMethodImpl) toString
    Adding abstract (CtMethodImpl) clone
      Adding signature (CtMethodImpl) clone
        Adding parameter <unnamed> java.lang.Object
          Resolved with match parameter <unnamed> java.lang.Object
        Resolved as new signature (CtMethodImpl) clone
      Resolved as new abstract (CtMethodImpl) clone
    Adding abstract (CtMethodImpl) getThreadGroup
      Adding signature (CtMethodImpl) getThreadGroup
        Adding parameter <unnamed> java.lang.ThreadGroup
          Resolved as new parameter <unnamed> java.lang.ThreadGroup
        Resolved as new signature (CtMethodImpl) getThreadGroup
      Resolved as new abstract (CtMethodImpl) getThreadGroup
  Finishing object decl (CtClassImpl) ShutdownHookProcessDestroyer @ src/main/java/org/apache/commons/exec/ShutdownHookProcessDestroyer.java:29:14
    Adding constructor (CtConstructorImpl) <init> @ src/main/java/org/apache/commons/exec/ShutdownHookProcessDestroyer.java:75:12
      Adding constructor signature (CtConstructorImpl) <init> @ src/main/java/org/apache/commons/exec/ShutdownHookProcessDestroyer.java:75:12
        Adding parameter <unnamed> org.apache.commons.exec.ShutdownHookProcessDestroyer
          Resolved as new parameter <unnamed> org.apache.commons.exec.ShutdownHookProcessDestroyer
        Resolved as new constructor signature (CtConstructorImpl) <init> @ src/main/java/org/apache/commons/exec/ShutdownHookProcessDestroyer.java:75:12
      Resolved as new constructor (CtConstructorImpl) <init> @ src/main/java/org/apache/commons/exec/ShutdownHookProcessDestroyer.java:75:12
    Adding method (CtMethodImpl) add @ src/main/java/org/apache/commons/exec/ShutdownHookProcessDestroyer.java:140:20
      Adding signature (CtMethodImpl) add @ src/main/java/org/apache/commons/exec/ShutdownHookProcessDestroyer.java:140:20
        Adding parameter (CtParameterImpl) process @ src/main/java/org/apache/commons/exec/ShutdownHookProcessDestroyer.java:140:38
          Resolved with match parameter (CtParameterImpl) process @ src/main/java/org/apache/commons/exec/ShutdownHookProcessDestroyer.java:140:38
        Adding parameter <unnamed> boolean @ src/main/java/org/apache/commons/exec/ShutdownHookProcessDestroyer.java:140:12
          Adding basic (CtTypeReferenceImpl) boolean @ src/main/java/org/apache/commons/exec/ShutdownHookProcessDestroyer.java:140:12
            Resolved with match basic (CtTypeReferenceImpl) boolean @ src/main/java/org/apache/commons/exec/ShutdownHookProcessDestroyer.java:140:12
          Resolved as new parameter <unnamed> boolean @ src/main/java/org/apache/commons/exec/ShutdownHookProcessDestroyer.java:140:12
        Resolved as new signature (CtMethodImpl) add @ src/main/java/org/apache/commons/exec/ShutdownHookProcessDestroyer.java:140:20
      Resolved as new method (CtMethodImpl) add @ src/main/java/org/apache/commons/exec/ShutdownHookProcessDestroyer.java:140:20
    Adding method (CtMethodImpl) addShutdownHook @ src/main/java/org/apache/commons/exec/ShutdownHookProcessDestroyer.java:82:18
      Adding signature (CtMethodImpl) addShutdownHook @ src/main/java/org/apache/commons/exec/ShutdownHookProcessDestroyer.java:82:18
        Resolved with match signature (CtMethodImpl) addShutdownHook @ src/main/java/org/apache/commons/exec/ShutdownHookProcessDestroyer.java:82:18
      Resolved as new method (CtMethodImpl) addShutdownHook @ src/main/java/org/apache/commons/exec/ShutdownHookProcessDestroyer.java:82:18
    Adding method (CtMethodImpl) run @ src/main/java/org/apache/commons/exec/ShutdownHookProcessDestroyer.java:182:15
      Adding signature (CtMethodImpl) run @ src/main/java/org/apache/commons/exec/ShutdownHookProcessDestroyer.java:182:15
        Resolved with match signature (CtMethodImpl) run @ src/main/java/org/apache/commons/exec/ShutdownHookProcessDestroyer.java:182:15
      Resolved as new method (CtMethodImpl) run @ src/main/java/org/apache/commons/exec/ShutdownHookProcessDestroyer.java:182:15
    Adding method (CtMethodImpl) remove @ src/main/java/org/apache/commons/exec/ShutdownHookProcessDestroyer.java:160:20
      Adding signature (CtMethodImpl) remove @ src/main/java/org/apache/commons/exec/ShutdownHookProcessDestroyer.java:160:20
        Adding parameter (CtParameterImpl) process @ src/main/java/org/apache/commons/exec/ShutdownHookProcessDestroyer.java:160:41
          Resolved with match parameter (CtParameterImpl) process @ src/main/java/org/apache/commons/exec/ShutdownHookProcessDestroyer.java:160:41
        Adding parameter <unnamed> boolean @ src/main/java/org/apache/commons/exec/ShutdownHookProcessDestroyer.java:160:12
          Adding basic (CtTypeReferenceImpl) boolean @ src/main/java/org/apache/commons/exec/ShutdownHookProcessDestroyer.java:160:12
            Resolved with match basic (CtTypeReferenceImpl) boolean @ src/main/java/org/apache/commons/exec/ShutdownHookProcessDestroyer.java:160:12
          Resolved as new parameter <unnamed> boolean @ src/main/java/org/apache/commons/exec/ShutdownHookProcessDestroyer.java:160:12
        Resolved as new signature (CtMethodImpl) remove @ src/main/java/org/apache/commons/exec/ShutdownHookProcessDestroyer.java:160:20
      Resolved as new method (CtMethodImpl) remove @ src/main/java/org/apache/commons/exec/ShutdownHookProcessDestroyer.java:160:20
    Adding method (CtMethodImpl) isAddedAsShutdownHook @ src/main/java/org/apache/commons/exec/ShutdownHookProcessDestroyer.java:127:20
      Adding signature (CtMethodImpl) isAddedAsShutdownHook @ src/main/java/org/apache/commons/exec/ShutdownHookProcessDestroyer.java:127:20
        Adding parameter <unnamed> boolean @ src/main/java/org/apache/commons/exec/ShutdownHookProcessDestroyer.java:127:12
          Adding basic (CtTypeReferenceImpl) boolean @ src/main/java/org/apache/commons/exec/ShutdownHookProcessDestroyer.java:127:12
            Resolved with match basic (CtTypeReferenceImpl) boolean @ src/main/java/org/apache/commons/exec/ShutdownHookProcessDestroyer.java:127:12
          Resolved as new parameter <unnamed> boolean @ src/main/java/org/apache/commons/exec/ShutdownHookProcessDestroyer.java:127:12
        Resolved as new signature (CtMethodImpl) isAddedAsShutdownHook @ src/main/java/org/apache/commons/exec/ShutdownHookProcessDestroyer.java:127:20
      Resolved as new method (CtMethodImpl) isAddedAsShutdownHook @ src/main/java/org/apache/commons/exec/ShutdownHookProcessDestroyer.java:127:20
    Adding method (CtMethodImpl) size @ src/main/java/org/apache/commons/exec/ShutdownHookProcessDestroyer.java:175:14
      Adding signature (CtMethodImpl) size @ src/main/java/org/apache/commons/exec/ShutdownHookProcessDestroyer.java:175:14
        Adding parameter <unnamed> int @ src/main/java/org/apache/commons/exec/ShutdownHookProcessDestroyer.java:175:10
          Adding basic (CtTypeReferenceImpl) int @ src/main/java/org/apache/commons/exec/ShutdownHookProcessDestroyer.java:175:10
            Resolved with match basic (CtTypeReferenceImpl) int @ src/main/java/org/apache/commons/exec/ShutdownHookProcessDestroyer.java:175:10
          Resolved as new parameter <unnamed> int @ src/main/java/org/apache/commons/exec/ShutdownHookProcessDestroyer.java:175:10
        Resolved as new signature (CtMethodImpl) size @ src/main/java/org/apache/commons/exec/ShutdownHookProcessDestroyer.java:175:14
      Resolved as new method (CtMethodImpl) size @ src/main/java/org/apache/commons/exec/ShutdownHookProcessDestroyer.java:175:14
    Adding method (CtMethodImpl) removeShutdownHook @ src/main/java/org/apache/commons/exec/ShutdownHookProcessDestroyer.java:94:18
      Adding signature (CtMethodImpl) removeShutdownHook @ src/main/java/org/apache/commons/exec/ShutdownHookProcessDestroyer.java:94:18
        Resolved with match signature (CtMethodImpl) removeShutdownHook @ src/main/java/org/apache/commons/exec/ShutdownHookProcessDestroyer.java:94:18
      Resolved as new method (CtMethodImpl) removeShutdownHook @ src/main/java/org/apache/commons/exec/ShutdownHookProcessDestroyer.java:94:18
    Adding abstract (CtMethodImpl) add @ src/main/java/org/apache/commons/exec/ShutdownHookProcessDestroyer.java:140:20
      Resolved as new abstract (CtMethodImpl) add @ src/main/java/org/apache/commons/exec/ShutdownHookProcessDestroyer.java:140:20
    Adding abstract (CtMethodImpl) addShutdownHook @ src/main/java/org/apache/commons/exec/ShutdownHookProcessDestroyer.java:82:18
      Resolved as new abstract (CtMethodImpl) addShutdownHook @ src/main/java/org/apache/commons/exec/ShutdownHookProcessDestroyer.java:82:18
    Adding abstract (CtMethodImpl) run @ src/main/java/org/apache/commons/exec/ShutdownHookProcessDestroyer.java:182:15
      Resolved as new abstract (CtMethodImpl) run @ src/main/java/org/apache/commons/exec/ShutdownHookProcessDestroyer.java:182:15
    Adding abstract (CtMethodImpl) remove @ src/main/java/org/apache/commons/exec/ShutdownHookProcessDestroyer.java:160:20
      Resolved as new abstract (CtMethodImpl) remove @ src/main/java/org/apache/commons/exec/ShutdownHookProcessDestroyer.java:160:20
    Adding abstract (CtMethodImpl) isAddedAsShutdownHook @ src/main/java/org/apache/commons/exec/ShutdownHookProcessDestroyer.java:127:20
      Resolved as new abstract (CtMethodImpl) isAddedAsShutdownHook @ src/main/java/org/apache/commons/exec/ShutdownHookProcessDestroyer.java:127:20
    Adding abstract (CtMethodImpl) size @ src/main/java/org/apache/commons/exec/ShutdownHookProcessDestroyer.java:175:14
      Resolved as new abstract (CtMethodImpl) size @ src/main/java/org/apache/commons/exec/ShutdownHookProcessDestroyer.java:175:14
    Adding abstract (CtMethodImpl) removeShutdownHook @ src/main/java/org/apache/commons/exec/ShutdownHookProcessDestroyer.java:94:18
      Resolved as new abstract (CtMethodImpl) removeShutdownHook @ src/main/java/org/apache/commons/exec/ShutdownHookProcessDestroyer.java:94:18
  Finishing object decl (CtClassImpl) StreamPumper @ src/main/java/org/apache/commons/exec/StreamPumper.java:32:14
    Adding constructor (CtConstructorImpl) <init> @ src/main/java/org/apache/commons/exec/StreamPumper.java:89:12
      Adding constructor signature (CtConstructorImpl) <init> @ src/main/java/org/apache/commons/exec/StreamPumper.java:89:12
        Adding parameter (CtParameterImpl) is @ src/main/java/org/apache/commons/exec/StreamPumper.java:89:43
          Resolved with match parameter (CtParameterImpl) is @ src/main/java/org/apache/commons/exec/StreamPumper.java:89:43
        Adding parameter (CtParameterImpl) os @ src/main/java/org/apache/commons/exec/StreamPumper.java:89:66
          Resolved with match parameter (CtParameterImpl) os @ src/main/java/org/apache/commons/exec/StreamPumper.java:89:66
        Adding parameter <unnamed> org.apache.commons.exec.StreamPumper
          Resolved as new parameter <unnamed> org.apache.commons.exec.StreamPumper
        Resolved as new constructor signature (CtConstructorImpl) <init> @ src/main/java/org/apache/commons/exec/StreamPumper.java:89:12
      Resolved as new constructor (CtConstructorImpl) <init> @ src/main/java/org/apache/commons/exec/StreamPumper.java:89:12
    Adding constructor (CtConstructorImpl) <init> @ src/main/java/org/apache/commons/exec/StreamPumper.java:59:12
      Adding constructor signature (CtConstructorImpl) <init> @ src/main/java/org/apache/commons/exec/StreamPumper.java:59:12
        Adding parameter (CtParameterImpl) is @ src/main/java/org/apache/commons/exec/StreamPumper.java:59:43
          Resolved with match parameter (CtParameterImpl) is @ src/main/java/org/apache/commons/exec/StreamPumper.java:59:43
        Adding parameter (CtParameterImpl) os @ src/main/java/org/apache/commons/exec/StreamPumper.java:59:66
          Resolved with match parameter (CtParameterImpl) os @ src/main/java/org/apache/commons/exec/StreamPumper.java:59:66
        Adding parameter (CtParameterImpl) closeWhenExhausted @ src/main/java/org/apache/commons/exec/StreamPumper.java:60:27
          Adding basic (CtTypeReferenceImpl) boolean @ src/main/java/org/apache/commons/exec/StreamPumper.java:60:19
            Resolved with match basic (CtTypeReferenceImpl) boolean @ src/main/java/org/apache/commons/exec/StreamPumper.java:60:19
          Resolved as new parameter (CtParameterImpl) closeWhenExhausted @ src/main/java/org/apache/commons/exec/StreamPumper.java:60:27
        Resolved as new constructor signature (CtConstructorImpl) <init> @ src/main/java/org/apache/commons/exec/StreamPumper.java:59:12
      Resolved as new constructor (CtConstructorImpl) <init> @ src/main/java/org/apache/commons/exec/StreamPumper.java:59:12
    Adding constructor (CtConstructorImpl) <init> @ src/main/java/org/apache/commons/exec/StreamPumper.java:75:12
      Adding constructor signature (CtConstructorImpl) <init> @ src/main/java/org/apache/commons/exec/StreamPumper.java:75:12
        Adding parameter (CtParameterImpl) is @ src/main/java/org/apache/commons/exec/StreamPumper.java:75:43
          Resolved with match parameter (CtParameterImpl) is @ src/main/java/org/apache/commons/exec/StreamPumper.java:75:43
        Adding parameter (CtParameterImpl) os @ src/main/java/org/apache/commons/exec/StreamPumper.java:75:66
          Resolved with match parameter (CtParameterImpl) os @ src/main/java/org/apache/commons/exec/StreamPumper.java:75:66
        Adding parameter (CtParameterImpl) closeWhenExhausted @ src/main/java/org/apache/commons/exec/StreamPumper.java:76:27
          Adding basic (CtTypeReferenceImpl) boolean @ src/main/java/org/apache/commons/exec/StreamPumper.java:76:19
            Resolved with match basic (CtTypeReferenceImpl) boolean @ src/main/java/org/apache/commons/exec/StreamPumper.java:76:19
          Resolved as new parameter (CtParameterImpl) closeWhenExhausted @ src/main/java/org/apache/commons/exec/StreamPumper.java:76:27
        Adding parameter (CtParameterImpl) size @ src/main/java/org/apache/commons/exec/StreamPumper.java:76:57
          Adding basic (CtTypeReferenceImpl) int @ src/main/java/org/apache/commons/exec/StreamPumper.java:76:53
            Resolved with match basic (CtTypeReferenceImpl) int @ src/main/java/org/apache/commons/exec/StreamPumper.java:76:53
          Resolved as new parameter (CtParameterImpl) size @ src/main/java/org/apache/commons/exec/StreamPumper.java:76:57
        Resolved as new constructor signature (CtConstructorImpl) <init> @ src/main/java/org/apache/commons/exec/StreamPumper.java:75:12
      Resolved as new constructor (CtConstructorImpl) <init> @ src/main/java/org/apache/commons/exec/StreamPumper.java:75:12
    Adding method (CtMethodImpl) run @ src/main/java/org/apache/commons/exec/StreamPumper.java:97:17
      Adding signature (CtMethodImpl) run @ src/main/java/org/apache/commons/exec/StreamPumper.java:97:17
        Resolved with match signature (CtMethodImpl) run @ src/main/java/org/apache/commons/exec/StreamPumper.java:97:17
      Resolved as new method (CtMethodImpl) run @ src/main/java/org/apache/commons/exec/StreamPumper.java:97:17
    Adding method (CtMethodImpl) isFinished @ src/main/java/org/apache/commons/exec/StreamPumper.java:133:33
      Adding signature (CtMethodImpl) isFinished @ src/main/java/org/apache/commons/exec/StreamPumper.java:133:33
        Adding parameter <unnamed> boolean @ src/main/java/org/apache/commons/exec/StreamPumper.java:133:25
          Adding basic (CtTypeReferenceImpl) boolean @ src/main/java/org/apache/commons/exec/StreamPumper.java:133:25
            Resolved with match basic (CtTypeReferenceImpl) boolean @ src/main/java/org/apache/commons/exec/StreamPumper.java:133:25
          Resolved as new parameter <unnamed> boolean @ src/main/java/org/apache/commons/exec/StreamPumper.java:133:25
        Resolved as new signature (CtMethodImpl) isFinished @ src/main/java/org/apache/commons/exec/StreamPumper.java:133:33
      Resolved as new method (CtMethodImpl) isFinished @ src/main/java/org/apache/commons/exec/StreamPumper.java:133:33
    Adding method (CtMethodImpl) waitFor @ src/main/java/org/apache/commons/exec/StreamPumper.java:145:30
      Adding signature (CtMethodImpl) waitFor @ src/main/java/org/apache/commons/exec/StreamPumper.java:145:30
        Resolved with match signature (CtMethodImpl) waitFor @ src/main/java/org/apache/commons/exec/StreamPumper.java:145:30
      Resolved as new method (CtMethodImpl) waitFor @ src/main/java/org/apache/commons/exec/StreamPumper.java:145:30
    Adding abstract (CtMethodImpl) run @ src/main/java/org/apache/commons/exec/StreamPumper.java:97:17
      Resolved as new abstract (CtMethodImpl) run @ src/main/java/org/apache/commons/exec/StreamPumper.java:97:17
    Adding abstract (CtMethodImpl) isFinished @ src/main/java/org/apache/commons/exec/StreamPumper.java:133:33
      Resolved as new abstract (CtMethodImpl) isFinished @ src/main/java/org/apache/commons/exec/StreamPumper.java:133:33
    Adding abstract (CtMethodImpl) waitFor @ src/main/java/org/apache/commons/exec/StreamPumper.java:145:30
      Resolved as new abstract (CtMethodImpl) waitFor @ src/main/java/org/apache/commons/exec/StreamPumper.java:145:30
  Finishing object instantiation java.util.Vector @ src/main/java/org/apache/commons/exec/Watchdog.java:33:19<org.apache.commons.exec.TimeoutObserver @ src/main/java/org/apache/commons/exec/Watchdog.java:33:26>
  Finishing object instantiation java.util.Vector @ src/main/java/org/apache/commons/exec/ShutdownHookProcessDestroyer.java:32:19<java.lang.Process @ src/main/java/org/apache/commons/exec/ShutdownHookProcessDestroyer.java:32:26>
  Finishing interface description (CtInterfaceImpl) Set
  Finishing interface instantiation java.util.Map @ src/main/java/org/apache/commons/exec/DefaultExecutor.java:331:66<java.lang.String @ src/main/java/org/apache/commons/exec/DefaultExecutor.java:331:70, java.lang.String @ src/main/java/org/apache/commons/exec/DefaultExecutor.java:331:78>
  Finishing interface instantiation java.util.Map @ src/main/java/org/apache/commons/exec/DefaultExecutor.java:269:63<java.lang.String @ src/main/java/org/apache/commons/exec/DefaultExecutor.java:269:67, java.lang.String @ src/main/java/org/apache/commons/exec/DefaultExecutor.java:269:75>
  Finishing interface instantiation java.util.Map @ src/main/java/org/apache/commons/exec/DefaultExecutor.java:159:57<java.lang.String @ src/main/java/org/apache/commons/exec/DefaultExecutor.java:159:61, java.lang.String @ src/main/java/org/apache/commons/exec/DefaultExecutor.java:159:69>
  Finishing interface instantiation java.util.Map @ src/main/java/org/apache/commons/exec/DefaultExecutor.java:183:58<java.lang.String @ src/main/java/org/apache/commons/exec/DefaultExecutor.java:183:62, java.lang.String @ src/main/java/org/apache/commons/exec/DefaultExecutor.java:183:70>
  Finishing interface instantiation java.util.Set<java.lang.Throwable>
  Finishing interface instantiation java.util.List<java.lang.Throwable>
  Finishing constructor (CtConstructorImpl) <init> @ src/main/java/org/apache/commons/exec/Watchdog.java:39:12
  Finishing method (CtMethodImpl) fireTimeoutOccured @ src/main/java/org/apache/commons/exec/Watchdog.java:54:26
  Finishing method (CtMethodImpl) removeTimeoutObserver @ src/main/java/org/apache/commons/exec/Watchdog.java:50:17
  Finishing method (CtMethodImpl) addTimeoutObserver @ src/main/java/org/apache/commons/exec/Watchdog.java:46:17
  Finishing method (CtMethodImpl) start @ src/main/java/org/apache/commons/exec/Watchdog.java:61:30
  Finishing method (CtMethodImpl) run @ src/main/java/org/apache/commons/exec/Watchdog.java:73:17
  Finishing method (CtMethodImpl) stop @ src/main/java/org/apache/commons/exec/Watchdog.java:68:30
  Finishing constructor (CtConstructorImpl) <init> @ src/main/java/org/apache/commons/exec/ExecuteWatchdog.java:84:12
  Finishing method (CtMethodImpl) destroyProcess @ src/main/java/org/apache/commons/exec/ExecuteWatchdog.java:152:30
  Finishing method (CtMethodImpl) killedProcess @ src/main/java/org/apache/commons/exec/ExecuteWatchdog.java:219:33
  Finishing method (CtMethodImpl) timeoutOccured @ src/main/java/org/apache/commons/exec/ExecuteWatchdog.java:161:30
  Finishing method (CtMethodImpl) ensureStarted @ src/main/java/org/apache/commons/exec/ExecuteWatchdog.java:240:18
  Finishing method (CtMethodImpl) isWatching @ src/main/java/org/apache/commons/exec/ExecuteWatchdog.java:208:33
  Finishing method (CtMethodImpl) start @ src/main/java/org/apache/commons/exec/ExecuteWatchdog.java:107:30
  Finishing method (CtMethodImpl) setProcessNotStarted @ src/main/java/org/apache/commons/exec/ExecuteWatchdog.java:231:10
  Finishing method (CtMethodImpl) checkException @ src/main/java/org/apache/commons/exec/ExecuteWatchdog.java:196:30
  Finishing method (CtMethodImpl) failedToStart @ src/main/java/org/apache/commons/exec/ExecuteWatchdog.java:131:30
  Finishing method (CtMethodImpl) cleanUp @ src/main/java/org/apache/commons/exec/ExecuteWatchdog.java:226:33
  Finishing method (CtMethodImpl) stop @ src/main/java/org/apache/commons/exec/ExecuteWatchdog.java:141:30
  Finishing constructor (CtConstructorImpl) <init> @ src/main/java/org/apache/commons/exec/DefaultExecutor.java:84:12
  Finishing method (CtMethodImpl) setWatchdog @ src/main/java/org/apache/commons/exec/DefaultExecutor.java:116:17
  Finishing method (CtMethodImpl) executeInternal @ src/main/java/org/apache/commons/exec/DefaultExecutor.java:331:17
  Finishing method (CtMethodImpl) setExitValues @ src/main/java/org/apache/commons/exec/DefaultExecutor.java:221:17
  Finishing method (CtMethodImpl) getProcessDestroyer @ src/main/java/org/apache/commons/exec/DefaultExecutor.java:123:29
  Finishing method (CtMethodImpl) getWatchdog @ src/main/java/org/apache/commons/exec/DefaultExecutor.java:109:28
  Finishing method (CtMethodImpl) setStreamHandler @ src/main/java/org/apache/commons/exec/DefaultExecutor.java:102:17
  Finishing method (CtMethodImpl) getWorkingDirectory @ src/main/java/org/apache/commons/exec/DefaultExecutor.java:137:17
  Finishing method (CtMethodImpl) setProcessDestroyer @ src/main/java/org/apache/commons/exec/DefaultExecutor.java:130:17
  Finishing method (CtMethodImpl) closeProcessStreams @ src/main/java/org/apache/commons/exec/DefaultExecutor.java:296:18
  Finishing method (CtMethodImpl) getStreamHandler @ src/main/java/org/apache/commons/exec/DefaultExecutor.java:95:33
  Finishing method (CtMethodImpl) setExitValue @ src/main/java/org/apache/commons/exec/DefaultExecutor.java:215:17
  Finishing method (CtMethodImpl) isFailure @ src/main/java/org/apache/commons/exec/DefaultExecutor.java:226:20
  Finishing method (CtMethodImpl) launch @ src/main/java/org/apache/commons/exec/DefaultExecutor.java:269:23
  Finishing method (CtMethodImpl) execute @ src/main/java/org/apache/commons/exec/DefaultExecutor.java:151:16
  Finishing method (CtMethodImpl) execute @ src/main/java/org/apache/commons/exec/DefaultExecutor.java:159:16
  Finishing method (CtMethodImpl) execute @ src/main/java/org/apache/commons/exec/DefaultExecutor.java:174:17
  Finishing method (CtMethodImpl) execute @ src/main/java/org/apache/commons/exec/DefaultExecutor.java:183:17
  Finishing method (CtMethodImpl) setExceptionCaught @ src/main/java/org/apache/commons/exec/DefaultExecutor.java:436:18
  Finishing method (CtMethodImpl) setWorkingDirectory @ src/main/java/org/apache/commons/exec/DefaultExecutor.java:144:17
  Finishing method (CtMethodImpl) createThread @ src/main/java/org/apache/commons/exec/DefaultExecutor.java:252:22
  Finishing method (CtMethodImpl) getExceptionCaught @ src/main/java/org/apache/commons/exec/DefaultExecutor.java:447:25
  Finishing method (CtMethodImpl) getExecutorThread @ src/main/java/org/apache/commons/exec/DefaultExecutor.java:287:22
  Finishing method (CtMethodImpl) createThread @ src/main/java/org/apache/commons/exec/DaemonExecutor.java:37:22
  Finishing constructor (CtConstructorImpl) <init> @ src/main/java/org/apache/commons/exec/ExecuteException.java:52:12
  Finishing constructor (CtConstructorImpl) <init> @ src/main/java/org/apache/commons/exec/ExecuteException.java:67:12
  Finishing method (CtMethodImpl) getCause @ src/main/java/org/apache/commons/exec/ExecuteException.java:77:22
  Finishing method (CtMethodImpl) getExitValue @ src/main/java/org/apache/commons/exec/ExecuteException.java:85:16
  Finishing constructor (CtConstructorImpl) <init> @ src/main/java/org/apache/commons/exec/DefaultExecuteResultHandler.java:44:12
  Finishing method (CtMethodImpl) hasResult @ src/main/java/org/apache/commons/exec/DefaultExecuteResultHandler.java:102:20
  Finishing method (CtMethodImpl) getException @ src/main/java/org/apache/commons/exec/DefaultExecuteResultHandler.java:73:29
  Finishing method (CtMethodImpl) onProcessComplete @ src/main/java/org/apache/commons/exec/DefaultExecuteResultHandler.java:52:17
  Finishing method (CtMethodImpl) onProcessFailed @ src/main/java/org/apache/commons/exec/DefaultExecuteResultHandler.java:61:17
  Finishing method (CtMethodImpl) getExitValue @ src/main/java/org/apache/commons/exec/DefaultExecuteResultHandler.java:88:16
  Finishing method (CtMethodImpl) waitFor @ src/main/java/org/apache/commons/exec/DefaultExecuteResultHandler.java:118:17
  Finishing method (CtMethodImpl) waitFor @ src/main/java/org/apache/commons/exec/DefaultExecuteResultHandler.java:138:17
  Finishing constructor (CtConstructorImpl) <init> @ src/main/java/org/apache/commons/exec/InputStreamPumper.java:51:12
  Finishing method (CtMethodImpl) stopProcessing @ src/main/java/org/apache/commons/exec/InputStreamPumper.java:79:17
  Finishing method (CtMethodImpl) run @ src/main/java/org/apache/commons/exec/InputStreamPumper.java:62:17
  Finishing constructor (CtConstructorImpl) <init> @ src/main/java/org/apache/commons/exec/LogOutputStream.java:57:12
  Finishing constructor (CtConstructorImpl) <init> @ src/main/java/org/apache/commons/exec/LogOutputStream.java:66:12
  Finishing method (CtMethodImpl) write @ src/main/java/org/apache/commons/exec/LogOutputStream.java:78:17
  Finishing method (CtMethodImpl) write @ src/main/java/org/apache/commons/exec/LogOutputStream.java:132:17
  Finishing method (CtMethodImpl) processBuffer @ src/main/java/org/apache/commons/exec/LogOutputStream.java:160:20
  Finishing method (CtMethodImpl) processLine @ src/main/java/org/apache/commons/exec/LogOutputStream.java:171:20
  Finishing method (CtMethodImpl) processLine @ src/main/java/org/apache/commons/exec/LogOutputStream.java:181:29
  Finishing method (CtMethodImpl) getMessageLevel @ src/main/java/org/apache/commons/exec/LogOutputStream.java:118:16
  Finishing method (CtMethodImpl) flush @ src/main/java/org/apache/commons/exec/LogOutputStream.java:96:17
  Finishing method (CtMethodImpl) close @ src/main/java/org/apache/commons/exec/LogOutputStream.java:108:17
  Finishing constructor (CtConstructorImpl) <init> @ src/main/java/org/apache/commons/exec/PumpStreamHandler.java:62:12
  Finishing constructor (CtConstructorImpl) <init> @ src/main/java/org/apache/commons/exec/PumpStreamHandler.java:71:12
  Finishing constructor (CtConstructorImpl) <init> @ src/main/java/org/apache/commons/exec/PumpStreamHandler.java:81:12
  Finishing constructor (CtConstructorImpl) <init> @ src/main/java/org/apache/commons/exec/PumpStreamHandler.java:92:12
  Finishing method (CtMethodImpl) createProcessOutputPump @ src/main/java/org/apache/commons/exec/PumpStreamHandler.java:231:20
  Finishing method (CtMethodImpl) setProcessErrorStream @ src/main/java/org/apache/commons/exec/PumpStreamHandler.java:126:17
  Finishing method (CtMethodImpl) stopThread @ src/main/java/org/apache/commons/exec/PumpStreamHandler.java:283:20
  Finishing method (CtMethodImpl) setProcessInputStream @ src/main/java/org/apache/commons/exec/PumpStreamHandler.java:138:17
  Finishing method (CtMethodImpl) getOut @ src/main/java/org/apache/commons/exec/PumpStreamHandler.java:221:28
  Finishing method (CtMethodImpl) createSystemInPump @ src/main/java/org/apache/commons/exec/PumpStreamHandler.java:312:20
  Finishing method (CtMethodImpl) createProcessErrorPump @ src/main/java/org/apache/commons/exec/PumpStreamHandler.java:241:20
  Finishing method (CtMethodImpl) createPump @ src/main/java/org/apache/commons/exec/PumpStreamHandler.java:254:22
  Finishing method (CtMethodImpl) createPump @ src/main/java/org/apache/commons/exec/PumpStreamHandler.java:268:22
  Finishing method (CtMethodImpl) setStopTimeout @ src/main/java/org/apache/commons/exec/PumpStreamHandler.java:104:17
  Finishing method (CtMethodImpl) start @ src/main/java/org/apache/commons/exec/PumpStreamHandler.java:158:17
  Finishing method (CtMethodImpl) setProcessOutputStream @ src/main/java/org/apache/commons/exec/PumpStreamHandler.java:114:17
  Finishing method (CtMethodImpl) stop @ src/main/java/org/apache/commons/exec/PumpStreamHandler.java:174:17
  Finishing method (CtMethodImpl) getErr @ src/main/java/org/apache/commons/exec/PumpStreamHandler.java:212:28
  Finishing constructor (CtConstructorImpl) <init> @ src/main/java/org/apache/commons/exec/ShutdownHookProcessDestroyer.java:49:16
  Finishing method (CtMethodImpl) run @ src/main/java/org/apache/commons/exec/ShutdownHookProcessDestroyer.java:54:21
  Finishing method (CtMethodImpl) setShouldDestroy @ src/main/java/org/apache/commons/exec/ShutdownHookProcessDestroyer.java:60:21
  Finishing constructor (CtConstructorImpl) <init> @ src/main/java/org/apache/commons/exec/ShutdownHookProcessDestroyer.java:75:12
  Finishing method (CtMethodImpl) add @ src/main/java/org/apache/commons/exec/ShutdownHookProcessDestroyer.java:140:20
  Finishing method (CtMethodImpl) addShutdownHook @ src/main/java/org/apache/commons/exec/ShutdownHookProcessDestroyer.java:82:18
  Finishing method (CtMethodImpl) run @ src/main/java/org/apache/commons/exec/ShutdownHookProcessDestroyer.java:182:15
  Finishing method (CtMethodImpl) remove @ src/main/java/org/apache/commons/exec/ShutdownHookProcessDestroyer.java:160:20
  Finishing method (CtMethodImpl) isAddedAsShutdownHook @ src/main/java/org/apache/commons/exec/ShutdownHookProcessDestroyer.java:127:20
  Finishing method (CtMethodImpl) size @ src/main/java/org/apache/commons/exec/ShutdownHookProcessDestroyer.java:175:14
  Finishing method (CtMethodImpl) removeShutdownHook @ src/main/java/org/apache/commons/exec/ShutdownHookProcessDestroyer.java:94:18
  Finishing constructor (CtConstructorImpl) <init> @ src/main/java/org/apache/commons/exec/StreamPumper.java:89:12
  Finishing constructor (CtConstructorImpl) <init> @ src/main/java/org/apache/commons/exec/StreamPumper.java:59:12
  Finishing constructor (CtConstructorImpl) <init> @ src/main/java/org/apache/commons/exec/StreamPumper.java:75:12
  Finishing method (CtMethodImpl) run @ src/main/java/org/apache/commons/exec/StreamPumper.java:97:17
  Finishing method (CtMethodImpl) isFinished @ src/main/java/org/apache/commons/exec/StreamPumper.java:133:33
  Finishing method (CtMethodImpl) waitFor @ src/main/java/org/apache/commons/exec/StreamPumper.java:145:30
  Finishing object decl (CtClassImpl) PrintStream
  Finishing object decl (CtClassImpl) PrintStreamOrWriter
    getting parent type for (CtClassImpl) PrintStreamOrWriter
  Finishing object decl (CtClassImpl) ObjectOutputStream
    Adding interface description (CtInterfaceImpl) ObjectOutput
      Resolved as new interface description (CtInterfaceImpl) ObjectOutput
    Adding interface description (CtInterfaceImpl) ObjectStreamConstants
      Resolved as new interface description (CtInterfaceImpl) ObjectStreamConstants
  Finishing object decl (CtClassImpl) ObjectInputStream
    Adding interface description (CtInterfaceImpl) ObjectInput
      Resolved as new interface description (CtInterfaceImpl) ObjectInput
  Finishing object decl (CtClassImpl) ThreadLocal
  Finishing enum (CtEnumImpl) State
    getting parent type for (CtEnumImpl) State
  Finishing interface description (CtInterfaceImpl) ObjectOutput
  Finishing interface description (CtInterfaceImpl) ObjectStreamConstants
  Finishing interface description (CtInterfaceImpl) ObjectInput
  Adding package sun.nio.ch
    Resolved as new package sun.nio.ch
  Adding metrics (CtMethodImpl) run @ src/main/java/org/apache/commons/exec/ShutdownHookProcessDestroyer.java:54:21
    Adding select field (CtFieldImpl) shouldDestroy @ src/main/java/org/apache/commons/exec/ShutdownHookProcessDestroyer.java:47:25
      Resolved as new select field (CtFieldImpl) shouldDestroy @ src/main/java/org/apache/commons/exec/ShutdownHookProcessDestroyer.java:47:25
    Adding basic (CtTypeReferenceImpl) boolean
      Resolved with match basic (CtTypeReferenceImpl) boolean
    Resolved as new metrics (CtMethodImpl) run @ src/main/java/org/apache/commons/exec/ShutdownHookProcessDestroyer.java:54:21
  Adding metrics (CtMethodImpl) isAddedAsShutdownHook @ src/main/java/org/apache/commons/exec/ShutdownHookProcessDestroyer.java:127:20
    Adding select field (CtFieldImpl) added @ src/main/java/org/apache/commons/exec/ShutdownHookProcessDestroyer.java:38:21
      Resolved as new select field (CtFieldImpl) added @ src/main/java/org/apache/commons/exec/ShutdownHookProcessDestroyer.java:38:21
    Adding basic (CtTypeReferenceImpl) boolean
      Resolved with match basic (CtTypeReferenceImpl) boolean
    Resolved as new metrics (CtMethodImpl) isAddedAsShutdownHook @ src/main/java/org/apache/commons/exec/ShutdownHookProcessDestroyer.java:127:20
  Adding metrics (CtConstructorImpl) <init> @ src/main/java/org/apache/commons/exec/StreamPumper.java:75:12
    [34mIgnoring implicit executable reference: (CtExecutableReferenceImpl) <init>[0m
    [34mIgnoring implicit executable reference: (CtExecutableReferenceImpl) <init>[0m
    Adding select field (CtFieldImpl) is @ src/main/java/org/apache/commons/exec/StreamPumper.java:38:31
      Resolved as new select field (CtFieldImpl) is @ src/main/java/org/apache/commons/exec/StreamPumper.java:38:31
    Adding select field (CtFieldImpl) os @ src/main/java/org/apache/commons/exec/StreamPumper.java:41:32
      Resolved as new select field (CtFieldImpl) os @ src/main/java/org/apache/commons/exec/StreamPumper.java:41:32
    Adding basic (CtTypeReferenceImpl) int
      Resolved with match basic (CtTypeReferenceImpl) int
    Adding select field (CtFieldImpl) size @ src/main/java/org/apache/commons/exec/StreamPumper.java:44:23
      Resolved as new select field (CtFieldImpl) size @ src/main/java/org/apache/commons/exec/StreamPumper.java:44:23
    Adding basic (CtTypeReferenceImpl) int
      Resolved with match basic (CtTypeReferenceImpl) int
    Adding basic (CtTypeReferenceImpl) int
      Resolved with match basic (CtTypeReferenceImpl) int
    Adding basic (CtTypeReferenceImpl) boolean
      Resolved with match basic (CtTypeReferenceImpl) boolean
    Adding basic (CtTypeReferenceImpl) int
      Resolved with match basic (CtTypeReferenceImpl) int
    Adding basic (CtTypeReferenceImpl) int
      Resolved with match basic (CtTypeReferenceImpl) int
    Adding basic (CtTypeReferenceImpl) int
      Resolved with match basic (CtTypeReferenceImpl) int
    Adding select field (CtFieldImpl) DEFAULT_SIZE @ src/main/java/org/apache/commons/exec/StreamPumper.java:35:30
      Resolved as new select field (CtFieldImpl) DEFAULT_SIZE @ src/main/java/org/apache/commons/exec/StreamPumper.java:35:30
    Adding basic (CtTypeReferenceImpl) int
      Resolved with match basic (CtTypeReferenceImpl) int
    Adding basic (CtTypeReferenceImpl) boolean
      Resolved with match basic (CtTypeReferenceImpl) boolean
    Adding select field (CtFieldImpl) closeWhenExhausted @ src/main/java/org/apache/commons/exec/StreamPumper.java:50:27
      Resolved as new select field (CtFieldImpl) closeWhenExhausted @ src/main/java/org/apache/commons/exec/StreamPumper.java:50:27
    Adding basic (CtTypeReferenceImpl) boolean
      Resolved with match basic (CtTypeReferenceImpl) boolean
    Adding basic (CtTypeReferenceImpl) boolean
      Resolved with match basic (CtTypeReferenceImpl) boolean
    Resolved as new metrics (CtConstructorImpl) <init> @ src/main/java/org/apache/commons/exec/StreamPumper.java:75:12
  Adding metrics (CtMethodImpl) createPump @ src/main/java/org/apache/commons/exec/PumpStreamHandler.java:254:22
    Adding basic (CtTypeReferenceImpl) boolean @ src/main/java/org/apache/commons/exec/PumpStreamHandler.java:255:15
      Resolved with match basic (CtTypeReferenceImpl) boolean @ src/main/java/org/apache/commons/exec/PumpStreamHandler.java:255:15
    Adding basic (CtTypeReferenceImpl) boolean
      Resolved with match basic (CtTypeReferenceImpl) boolean
    Adding basic (CtTypeReferenceImpl) boolean
      Resolved with match basic (CtTypeReferenceImpl) boolean
    Adding basic (CtTypeReferenceImpl) boolean
      Resolved with match basic (CtTypeReferenceImpl) boolean
    Adding basic (CtTypeReferenceImpl) boolean
      Resolved with match basic (CtTypeReferenceImpl) boolean
    Adding basic (CtTypeReferenceImpl) boolean
      Resolved with match basic (CtTypeReferenceImpl) boolean
    Adding basic (CtTypeReferenceImpl) boolean
      Resolved with match basic (CtTypeReferenceImpl) boolean
    Resolved as new metrics (CtMethodImpl) createPump @ src/main/java/org/apache/commons/exec/PumpStreamHandler.java:254:22
  Adding metrics (CtMethodImpl) launch @ src/main/java/org/apache/commons/exec/DefaultExecutor.java:269:23
    Adding basic (CtTypeReferenceImpl) boolean
      Resolved with match basic (CtTypeReferenceImpl) boolean
    Adding select field (CtFieldImpl) launcher @ src/main/java/org/apache/commons/exec/DefaultExecutor.java:63:35
      Resolved as new select field (CtFieldImpl) launcher @ src/main/java/org/apache/commons/exec/DefaultExecutor.java:63:35
    Adding object decl (CtClassImpl) IllegalStateException
      Adding struct (CtClassImpl) IllegalStateException
        Resolved as new struct (CtClassImpl) IllegalStateException
      Resolved as new object decl (CtClassImpl) IllegalStateException
    Adding constructor (CtConstructorImpl) <init>
      Adding constructor signature (CtConstructorImpl) <init>
        Adding parameter (CtParameterImpl) arg0
          Resolved with match parameter (CtParameterImpl) arg0
        Adding parameter <unnamed> java.lang.IllegalStateException
          Resolved as new parameter <unnamed> java.lang.IllegalStateException
        Resolved as new constructor signature (CtConstructorImpl) <init>
      Resolved as new constructor (CtConstructorImpl) <init>
    [34mIgnoring implicit executable reference: (CtExecutableReferenceImpl) <init>[0m
    Adding basic (CtTypeReferenceImpl) boolean
      Resolved with match basic (CtTypeReferenceImpl) boolean
    Adding basic (CtTypeReferenceImpl) boolean
      Resolved with match basic (CtTypeReferenceImpl) boolean
    Adding basic (CtTypeReferenceImpl) boolean
      Resolved with match basic (CtTypeReferenceImpl) boolean
    Adding method (CtMethodImpl) exists
      Adding signature (CtMethodImpl) exists
        Adding parameter <unnamed> boolean
          Adding basic (CtTypeReferenceImpl) boolean
            Resolved with match basic (CtTypeReferenceImpl) boolean
          Resolved as new parameter <unnamed> boolean
        Resolved as new signature (CtMethodImpl) exists
      Resolved as new method (CtMethodImpl) exists
    Adding basic (CtTypeReferenceImpl) boolean
      Resolved with match basic (CtTypeReferenceImpl) boolean
    Adding constructor (CtConstructorImpl) <init>
      Adding constructor signature (CtConstructorImpl) <init>
        Adding parameter (CtParameterImpl) arg0
          Resolved with match parameter (CtParameterImpl) arg0
        Adding parameter <unnamed> java.io.IOException
          Resolved with match parameter <unnamed> java.io.IOException
        Resolved as new constructor signature (CtConstructorImpl) <init>
      Resolved as new constructor (CtConstructorImpl) <init>
    [34mIgnoring implicit executable reference: (CtExecutableReferenceImpl) <init>[0m
    [34mUnused type args: [java.lang.String, java.lang.String][0m
    Adding interface instantiation java.util.Map<java.lang.String, java.lang.String>
      Resolved with match interface instantiation java.util.Map<java.lang.String, java.lang.String>
    Adding interface instantiation java.util.Map<java.lang.String, java.lang.String>
      Resolved with match interface instantiation java.util.Map<java.lang.String, java.lang.String>
    [34mUnused type args: [java.lang.String, java.lang.String][0m
    Resolved as new metrics (CtMethodImpl) launch @ src/main/java/org/apache/commons/exec/DefaultExecutor.java:269:23
  Adding metrics (CtConstructorImpl) <init> @ src/main/java/org/apache/commons/exec/ExecuteException.java:67:12
    [34mIgnoring implicit executable reference: (CtExecutableReferenceImpl) <init>[0m
    [34mIgnoring implicit executable reference: (CtExecutableReferenceImpl) <init>[0m
    Adding basic (CtTypeReferenceImpl) int
      Resolved with match basic (CtTypeReferenceImpl) int
    Adding select field (CtFieldImpl) cause @ src/main/java/org/apache/commons/exec/ExecuteException.java:38:29
      Resolved as new select field (CtFieldImpl) cause @ src/main/java/org/apache/commons/exec/ExecuteException.java:38:29
    Adding basic (CtTypeReferenceImpl) int
      Resolved with match basic (CtTypeReferenceImpl) int
    Adding select field (CtFieldImpl) exitValue @ src/main/java/org/apache/commons/exec/ExecuteException.java:43:23
      Resolved as new select field (CtFieldImpl) exitValue @ src/main/java/org/apache/commons/exec/ExecuteException.java:43:23
    Adding basic (CtTypeReferenceImpl) int
      Resolved with match basic (CtTypeReferenceImpl) int
    Adding basic (CtTypeReferenceImpl) int
      Resolved with match basic (CtTypeReferenceImpl) int
    Resolved as new metrics (CtConstructorImpl) <init> @ src/main/java/org/apache/commons/exec/ExecuteException.java:67:12
  Adding metrics (CtMethodImpl) write @ src/main/java/org/apache/commons/exec/LogOutputStream.java:132:17
    Adding basic (CtTypeReferenceImpl) int @ src/main/java/org/apache/commons/exec/LogOutputStream.java:135:9
      Resolved with match basic (CtTypeReferenceImpl) int @ src/main/java/org/apache/commons/exec/LogOutputStream.java:135:9
    Adding basic (CtTypeReferenceImpl) int
      Resolved with match basic (CtTypeReferenceImpl) int
    Adding basic (CtTypeReferenceImpl) int @ src/main/java/org/apache/commons/exec/LogOutputStream.java:136:9
      Resolved with match basic (CtTypeReferenceImpl) int @ src/main/java/org/apache/commons/exec/LogOutputStream.java:136:9
    Adding basic (CtTypeReferenceImpl) int
      Resolved with match basic (CtTypeReferenceImpl) int
    Adding basic (CtTypeReferenceImpl) int @ src/main/java/org/apache/commons/exec/LogOutputStream.java:137:9
      Resolved with match basic (CtTypeReferenceImpl) int @ src/main/java/org/apache/commons/exec/LogOutputStream.java:137:9
    Adding basic (CtTypeReferenceImpl) int
      Resolved with match basic (CtTypeReferenceImpl) int
    Adding basic (CtTypeReferenceImpl) boolean
      Resolved with match basic (CtTypeReferenceImpl) boolean
    Adding basic (CtTypeReferenceImpl) int
      Resolved with match basic (CtTypeReferenceImpl) int
    Adding basic (CtTypeReferenceImpl) int
      Resolved with match basic (CtTypeReferenceImpl) int
    Adding basic (CtTypeReferenceImpl) boolean
      Resolved with match basic (CtTypeReferenceImpl) boolean
    Adding basic (CtTypeReferenceImpl) boolean
      Resolved with match basic (CtTypeReferenceImpl) boolean
    Adding basic (CtTypeReferenceImpl) boolean
      Resolved with match basic (CtTypeReferenceImpl) boolean
    Adding basic (CtTypeReferenceImpl) int
      Resolved with match basic (CtTypeReferenceImpl) int
    Adding basic (CtTypeReferenceImpl) int
      Resolved with match basic (CtTypeReferenceImpl) int
    Adding basic (CtTypeReferenceImpl) boolean
      Resolved with match basic (CtTypeReferenceImpl) boolean
    Adding basic (CtTypeReferenceImpl) byte
      Resolved with match basic (CtTypeReferenceImpl) byte
    Adding basic (CtTypeReferenceImpl) byte
      Resolved with match basic (CtTypeReferenceImpl) byte
    Adding basic (CtTypeReferenceImpl) int
      Resolved with match basic (CtTypeReferenceImpl) int
    Adding select field (CtFieldImpl) LF @ src/main/java/org/apache/commons/exec/LogOutputStream.java:43:30
      Resolved as new select field (CtFieldImpl) LF @ src/main/java/org/apache/commons/exec/LogOutputStream.java:43:30
    Adding basic (CtTypeReferenceImpl) int
      Resolved with match basic (CtTypeReferenceImpl) int
    Adding basic (CtTypeReferenceImpl) boolean
      Resolved with match basic (CtTypeReferenceImpl) boolean
    Adding basic (CtTypeReferenceImpl) byte
      Resolved with match basic (CtTypeReferenceImpl) byte
    Adding basic (CtTypeReferenceImpl) byte
      Resolved with match basic (CtTypeReferenceImpl) byte
    Adding basic (CtTypeReferenceImpl) int
      Resolved with match basic (CtTypeReferenceImpl) int
    Adding select field (CtFieldImpl) CR @ src/main/java/org/apache/commons/exec/LogOutputStream.java:40:30
      Resolved as new select field (CtFieldImpl) CR @ src/main/java/org/apache/commons/exec/LogOutputStream.java:40:30
    Adding basic (CtTypeReferenceImpl) int
      Resolved with match basic (CtTypeReferenceImpl) int
    Adding basic (CtTypeReferenceImpl) int
      Resolved with match basic (CtTypeReferenceImpl) int
    Adding basic (CtTypeReferenceImpl) int
      Resolved with match basic (CtTypeReferenceImpl) int
    Adding basic (CtTypeReferenceImpl) int
      Resolved with match basic (CtTypeReferenceImpl) int
    Adding basic (CtTypeReferenceImpl) int
      Resolved with match basic (CtTypeReferenceImpl) int
    Adding basic (CtTypeReferenceImpl) int @ src/main/java/org/apache/commons/exec/LogOutputStream.java:144:19
      Resolved with match basic (CtTypeReferenceImpl) int @ src/main/java/org/apache/commons/exec/LogOutputStream.java:144:19
    Adding basic (CtTypeReferenceImpl) int
      Resolved with match basic (CtTypeReferenceImpl) int
    Adding basic (CtTypeReferenceImpl) int
      Resolved with match basic (CtTypeReferenceImpl) int
    Adding basic (CtTypeReferenceImpl) int
      Resolved with match basic (CtTypeReferenceImpl) int
    Adding basic (CtTypeReferenceImpl) boolean
      Resolved with match basic (CtTypeReferenceImpl) boolean
    Adding basic (CtTypeReferenceImpl) int
      Resolved with match basic (CtTypeReferenceImpl) int
    Adding basic (CtTypeReferenceImpl) int
      Resolved with match basic (CtTypeReferenceImpl) int
    Adding method (CtMethodImpl) write
      Adding signature (CtMethodImpl) write
        Adding parameter (CtParameterImpl) arg0
          Adding basic (CtTypeReferenceImpl) byte
            Resolved with match basic (CtTypeReferenceImpl) byte
          Resolved with match parameter (CtParameterImpl) arg0
        Adding parameter (CtParameterImpl) arg1
          Adding basic (CtTypeReferenceImpl) int
            Resolved with match basic (CtTypeReferenceImpl) int
          Resolved as new parameter (CtParameterImpl) arg1
        Adding parameter (CtParameterImpl) arg2
          Adding basic (CtTypeReferenceImpl) int
            Resolved with match basic (CtTypeReferenceImpl) int
          Resolved as new parameter (CtParameterImpl) arg2
        Resolved as new signature (CtMethodImpl) write
      Resolved as new method (CtMethodImpl) write
    Adding select field (CtFieldImpl) buffer @ src/main/java/org/apache/commons/exec/LogOutputStream.java:46:41
      Resolved as new select field (CtFieldImpl) buffer @ src/main/java/org/apache/commons/exec/LogOutputStream.java:46:41
    Adding basic (CtTypeReferenceImpl) byte
      Resolved with match basic (CtTypeReferenceImpl) byte
    Adding basic (CtTypeReferenceImpl) int
      Resolved with match basic (CtTypeReferenceImpl) int
    Adding basic (CtTypeReferenceImpl) int
      Resolved with match basic (CtTypeReferenceImpl) int
    Adding basic (CtTypeReferenceImpl) byte
      Resolved with match basic (CtTypeReferenceImpl) byte
    Adding basic (CtTypeReferenceImpl) int
      Resolved with match basic (CtTypeReferenceImpl) int
    Adding basic (CtTypeReferenceImpl) int
      Resolved with match basic (CtTypeReferenceImpl) int
    Adding basic (CtTypeReferenceImpl) boolean
      Resolved with match basic (CtTypeReferenceImpl) boolean
    Adding basic (CtTypeReferenceImpl) boolean
      Resolved with match basic (CtTypeReferenceImpl) boolean
    Adding basic (CtTypeReferenceImpl) int
      Resolved with match basic (CtTypeReferenceImpl) int
    Adding basic (CtTypeReferenceImpl) int
      Resolved with match basic (CtTypeReferenceImpl) int
    Adding basic (CtTypeReferenceImpl) boolean
      Resolved with match basic (CtTypeReferenceImpl) boolean
    Adding basic (CtTypeReferenceImpl) boolean
      Resolved with match basic (CtTypeReferenceImpl) boolean
    Adding basic (CtTypeReferenceImpl) byte
      Resolved with match basic (CtTypeReferenceImpl) byte
    Adding basic (CtTypeReferenceImpl) byte
      Resolved with match basic (CtTypeReferenceImpl) byte
    Adding basic (CtTypeReferenceImpl) int
      Resolved with match basic (CtTypeReferenceImpl) int
    Adding basic (CtTypeReferenceImpl) int
      Resolved with match basic (CtTypeReferenceImpl) int
    Adding basic (CtTypeReferenceImpl) boolean
      Resolved with match basic (CtTypeReferenceImpl) boolean
    Adding basic (CtTypeReferenceImpl) byte
      Resolved with match basic (CtTypeReferenceImpl) byte
    Adding basic (CtTypeReferenceImpl) byte
      Resolved with match basic (CtTypeReferenceImpl) byte
    Adding basic (CtTypeReferenceImpl) int
      Resolved with match basic (CtTypeReferenceImpl) int
    Adding basic (CtTypeReferenceImpl) int
      Resolved with match basic (CtTypeReferenceImpl) int
    Adding basic (CtTypeReferenceImpl) int
      Resolved with match basic (CtTypeReferenceImpl) int
    Adding basic (CtTypeReferenceImpl) byte
      Resolved with match basic (CtTypeReferenceImpl) byte
    Adding basic (CtTypeReferenceImpl) byte
      Resolved with match basic (CtTypeReferenceImpl) byte
    Adding basic (CtTypeReferenceImpl) int
      Resolved with match basic (CtTypeReferenceImpl) int
    Adding basic (CtTypeReferenceImpl) int
      Resolved with match basic (CtTypeReferenceImpl) int
    Adding basic (CtTypeReferenceImpl) int
      Resolved with match basic (CtTypeReferenceImpl) int
    Adding basic (CtTypeReferenceImpl) int
      Resolved with match basic (CtTypeReferenceImpl) int
    Adding basic (CtTypeReferenceImpl) int
      Resolved with match basic (CtTypeReferenceImpl) int
    Adding basic (CtTypeReferenceImpl) int
      Resolved with match basic (CtTypeReferenceImpl) int
    Adding basic (CtTypeReferenceImpl) int
      Resolved with match basic (CtTypeReferenceImpl) int
    Adding basic (CtTypeReferenceImpl) int
      Resolved with match basic (CtTypeReferenceImpl) int
    Resolved as new metrics (CtMethodImpl) write @ src/main/java/org/apache/commons/exec/LogOutputStream.java:132:17
  Adding metrics (CtMethodImpl) start @ src/main/java/org/apache/commons/exec/PumpStreamHandler.java:158:17
    Adding basic (CtTypeReferenceImpl) boolean
      Resolved with match basic (CtTypeReferenceImpl) boolean
    Adding select field (CtFieldImpl) outputThread @ src/main/java/org/apache/commons/exec/PumpStreamHandler.java:39:20
      Resolved as new select field (CtFieldImpl) outputThread @ src/main/java/org/apache/commons/exec/PumpStreamHandler.java:39:20
    Adding method (CtMethodImpl) start
      Resolved as new method (CtMethodImpl) start
    Adding basic (CtTypeReferenceImpl) boolean
      Resolved with match basic (CtTypeReferenceImpl) boolean
    Adding select field (CtFieldImpl) errorThread @ src/main/java/org/apache/commons/exec/PumpStreamHandler.java:41:20
      Resolved as new select field (CtFieldImpl) errorThread @ src/main/java/org/apache/commons/exec/PumpStreamHandler.java:41:20
    Adding basic (CtTypeReferenceImpl) boolean
      Resolved with match basic (CtTypeReferenceImpl) boolean
    Adding select field (CtFieldImpl) inputThread @ src/main/java/org/apache/commons/exec/PumpStreamHandler.java:43:20
      Resolved as new select field (CtFieldImpl) inputThread @ src/main/java/org/apache/commons/exec/PumpStreamHandler.java:43:20
    Resolved as new metrics (CtMethodImpl) start @ src/main/java/org/apache/commons/exec/PumpStreamHandler.java:158:17
  Adding metrics (CtMethodImpl) start @ src/main/java/org/apache/commons/exec/Watchdog.java:61:30
    Adding basic (CtTypeReferenceImpl) boolean
      Resolved with match basic (CtTypeReferenceImpl) boolean
    Adding select field (CtFieldImpl) stopped @ src/main/java/org/apache/commons/exec/Watchdog.java:37:21
      Resolved as new select field (CtFieldImpl) stopped @ src/main/java/org/apache/commons/exec/Watchdog.java:37:21
    Adding basic (CtTypeReferenceImpl) boolean
      Resolved with match basic (CtTypeReferenceImpl) boolean
    Adding basic (CtTypeReferenceImpl) boolean
      Resolved with match basic (CtTypeReferenceImpl) boolean
    Adding constructor (CtConstructorImpl) <init>
      Adding constructor signature (CtConstructorImpl) <init>
        Adding parameter (CtParameterImpl) arg0
          Resolved as new parameter (CtParameterImpl) arg0
        Adding parameter (CtParameterImpl) arg1
          Resolved with match parameter (CtParameterImpl) arg1
        Adding parameter <unnamed> java.lang.Thread
          Resolved with match parameter <unnamed> java.lang.Thread
        Resolved as new constructor signature (CtConstructorImpl) <init>
      Resolved as new constructor (CtConstructorImpl) <init>
    [34mIgnoring implicit executable reference: (CtExecutableReferenceImpl) <init>[0m
    Adding method (CtMethodImpl) setDaemon
      Resolved as new method (CtMethodImpl) setDaemon
    Adding basic (CtTypeReferenceImpl) boolean
      Resolved with match basic (CtTypeReferenceImpl) boolean
    Adding basic (CtTypeReferenceImpl) boolean
      Resolved with match basic (CtTypeReferenceImpl) boolean
    Resolved as new metrics (CtMethodImpl) start @ src/main/java/org/apache/commons/exec/Watchdog.java:61:30
  Adding metrics (CtMethodImpl) getCause @ src/main/java/org/apache/commons/exec/ExecuteException.java:77:22
    Resolved as new metrics (CtMethodImpl) getCause @ src/main/java/org/apache/commons/exec/ExecuteException.java:77:22
  Adding metrics (CtMethodImpl) getMessageLevel @ src/main/java/org/apache/commons/exec/LogOutputStream.java:118:16
    Adding select field (CtFieldImpl) level @ src/main/java/org/apache/commons/exec/LogOutputStream.java:51:23
      Resolved as new select field (CtFieldImpl) level @ src/main/java/org/apache/commons/exec/LogOutputStream.java:51:23
    Adding basic (CtTypeReferenceImpl) int
      Resolved with match basic (CtTypeReferenceImpl) int
    Resolved as new metrics (CtMethodImpl) getMessageLevel @ src/main/java/org/apache/commons/exec/LogOutputStream.java:118:16
  Adding metrics (CtMethodImpl) size @ src/main/java/org/apache/commons/exec/ShutdownHookProcessDestroyer.java:175:14
    Adding object instantiation java.util.Vector<java.lang.Process>
      Resolved with match object instantiation java.util.Vector<java.lang.Process>
    Adding method for call site (CtMethodImpl) size
      Adding signature (CtMethodImpl) size
        Adding parameter <unnamed> int
          Resolved with match parameter <unnamed> int
        Resolved as new signature (CtMethodImpl) size
      Resolved as new method for call site (CtMethodImpl) size
    Adding select field (CtFieldImpl) processes @ src/main/java/org/apache/commons/exec/ShutdownHookProcessDestroyer.java:32:35
      Resolved as new select field (CtFieldImpl) processes @ src/main/java/org/apache/commons/exec/ShutdownHookProcessDestroyer.java:32:35
    [34mUnused type args: [java.lang.Process][0m
    Adding basic (CtTypeReferenceImpl) int
      Resolved with match basic (CtTypeReferenceImpl) int
    Resolved as new metrics (CtMethodImpl) size @ src/main/java/org/apache/commons/exec/ShutdownHookProcessDestroyer.java:175:14
  Adding metrics (CtMethodImpl) waitFor @ src/main/java/org/apache/commons/exec/StreamPumper.java:145:30
    Adding basic (CtTypeReferenceImpl) boolean
      Resolved with match basic (CtTypeReferenceImpl) boolean
    Adding basic (CtTypeReferenceImpl) boolean
      Resolved with match basic (CtTypeReferenceImpl) boolean
    Resolved as new metrics (CtMethodImpl) waitFor @ src/main/java/org/apache/commons/exec/StreamPumper.java:145:30
  Adding metrics (CtMethodImpl) addTimeoutObserver @ src/main/java/org/apache/commons/exec/Watchdog.java:46:17
    Adding object instantiation java.util.Vector<org.apache.commons.exec.TimeoutObserver>
      Resolved with match object instantiation java.util.Vector<org.apache.commons.exec.TimeoutObserver>
    Adding method for call site (CtMethodImpl) addElement
      Adding method (CtMethodImpl) addElement
        Adding signature (CtMethodImpl) addElement
          Adding parameter (CtParameterImpl) arg0
            Resolved with match parameter (CtParameterImpl) arg0
          Resolved as new signature (CtMethodImpl) addElement
        Resolved as new method (CtMethodImpl) addElement
      Adding signature (CtMethodImpl) addElement
        Adding parameter (CtParameterImpl) arg0
          Resolved as new parameter (CtParameterImpl) arg0
        Resolved as new signature (CtMethodImpl) addElement
      Resolved as new method for call site (CtMethodImpl) addElement
    Adding select field (CtFieldImpl) observers @ src/main/java/org/apache/commons/exec/Watchdog.java:33:43
      Resolved as new select field (CtFieldImpl) observers @ src/main/java/org/apache/commons/exec/Watchdog.java:33:43
    [34mUnused type args: [org.apache.commons.exec.TimeoutObserver][0m
    Resolved as new metrics (CtMethodImpl) addTimeoutObserver @ src/main/java/org/apache/commons/exec/Watchdog.java:46:17
  Adding metrics (CtMethodImpl) run @ src/main/java/org/apache/commons/exec/StreamPumper.java:97:17
    Adding basic (CtTypeReferenceImpl) boolean
      Resolved with match basic (CtTypeReferenceImpl) boolean
    Adding select field (CtFieldImpl) finished @ src/main/java/org/apache/commons/exec/StreamPumper.java:47:21
      Resolved as new select field (CtFieldImpl) finished @ src/main/java/org/apache/commons/exec/StreamPumper.java:47:21
    Adding basic (CtTypeReferenceImpl) boolean
      Resolved with match basic (CtTypeReferenceImpl) boolean
    Adding basic (CtTypeReferenceImpl) boolean
      Resolved with match basic (CtTypeReferenceImpl) boolean
    Adding basic (CtTypeReferenceImpl) byte
      Resolved with match basic (CtTypeReferenceImpl) byte
    Adding basic (CtTypeReferenceImpl) byte @ src/main/java/org/apache/commons/exec/StreamPumper.java:103:32
      Resolved with match basic (CtTypeReferenceImpl) byte @ src/main/java/org/apache/commons/exec/StreamPumper.java:103:32
    Adding basic (CtTypeReferenceImpl) int
      Resolved with match basic (CtTypeReferenceImpl) int
    Adding basic (CtTypeReferenceImpl) int @ src/main/java/org/apache/commons/exec/StreamPumper.java:105:9
      Resolved with match basic (CtTypeReferenceImpl) int @ src/main/java/org/apache/commons/exec/StreamPumper.java:105:9
    Adding basic (CtTypeReferenceImpl) boolean
      Resolved with match basic (CtTypeReferenceImpl) boolean
    Adding basic (CtTypeReferenceImpl) int
      Resolved with match basic (CtTypeReferenceImpl) int
    Adding basic (CtTypeReferenceImpl) int
      Resolved with match basic (CtTypeReferenceImpl) int
    Adding method (CtMethodImpl) read
      Adding signature (CtMethodImpl) read
        Adding parameter (CtParameterImpl) arg0
          Adding basic (CtTypeReferenceImpl) byte
            Resolved with match basic (CtTypeReferenceImpl) byte
          Resolved with match parameter (CtParameterImpl) arg0
        Adding parameter <unnamed> int
          Adding basic (CtTypeReferenceImpl) int
            Resolved with match basic (CtTypeReferenceImpl) int
          Resolved as new parameter <unnamed> int
        Resolved as new signature (CtMethodImpl) read
      Resolved as new method (CtMethodImpl) read
    Adding basic (CtTypeReferenceImpl) int
      Resolved with match basic (CtTypeReferenceImpl) int
    Adding basic (CtTypeReferenceImpl) byte
      Resolved with match basic (CtTypeReferenceImpl) byte
    Adding basic (CtTypeReferenceImpl) byte
      Resolved with match basic (CtTypeReferenceImpl) byte
    Adding basic (CtTypeReferenceImpl) int
      Resolved with match basic (CtTypeReferenceImpl) int
    Adding method (CtMethodImpl) write
      Adding signature (CtMethodImpl) write
        Adding parameter (CtParameterImpl) arg0
          Adding basic (CtTypeReferenceImpl) byte
            Resolved with match basic (CtTypeReferenceImpl) byte
          Resolved with match parameter (CtParameterImpl) arg0
        Adding parameter (CtParameterImpl) arg1
          Adding basic (CtTypeReferenceImpl) int
            Resolved with match basic (CtTypeReferenceImpl) int
          Resolved as new parameter (CtParameterImpl) arg1
        Adding parameter (CtParameterImpl) arg2
          Adding basic (CtTypeReferenceImpl) int
            Resolved with match basic (CtTypeReferenceImpl) int
          Resolved as new parameter (CtParameterImpl) arg2
        Resolved as new signature (CtMethodImpl) write
      Resolved as new method (CtMethodImpl) write
    Adding basic (CtTypeReferenceImpl) byte
      Resolved with match basic (CtTypeReferenceImpl) byte
    Adding basic (CtTypeReferenceImpl) int
      Resolved with match basic (CtTypeReferenceImpl) int
    Adding basic (CtTypeReferenceImpl) int
      Resolved with match basic (CtTypeReferenceImpl) int
    Adding basic (CtTypeReferenceImpl) byte
      Resolved with match basic (CtTypeReferenceImpl) byte
    Adding basic (CtTypeReferenceImpl) int
      Resolved with match basic (CtTypeReferenceImpl) int
    Adding basic (CtTypeReferenceImpl) int
      Resolved with match basic (CtTypeReferenceImpl) int
    Adding basic (CtTypeReferenceImpl) boolean
      Resolved with match basic (CtTypeReferenceImpl) boolean
    Adding method (CtMethodImpl) close
      Adding signature (CtMethodImpl) close
        Resolved with match signature (CtMethodImpl) close
      Resolved as new method (CtMethodImpl) close
    Adding object decl (CtClassImpl) DebugUtils @ src/main/java/org/apache/commons/exec/util/DebugUtils.java:26:14
      Adding struct (CtClassImpl) DebugUtils @ src/main/java/org/apache/commons/exec/util/DebugUtils.java:26:14
        Adding field (CtFieldImpl) COMMONS_EXEC_LENIENT @ src/main/java/org/apache/commons/exec/util/DebugUtils.java:34:32
          Resolved as new field (CtFieldImpl) COMMONS_EXEC_LENIENT @ src/main/java/org/apache/commons/exec/util/DebugUtils.java:34:32
        Adding field (CtFieldImpl) COMMONS_EXEC_DEBUG @ src/main/java/org/apache/commons/exec/util/DebugUtils.java:41:32
          Resolved as new field (CtFieldImpl) COMMONS_EXEC_DEBUG @ src/main/java/org/apache/commons/exec/util/DebugUtils.java:41:32
        Resolved as new struct (CtClassImpl) DebugUtils @ src/main/java/org/apache/commons/exec/util/DebugUtils.java:26:14
      Resolved as new object decl (CtClassImpl) DebugUtils @ src/main/java/org/apache/commons/exec/util/DebugUtils.java:26:14
    Adding method (CtMethodImpl) handleException @ src/main/java/org/apache/commons/exec/util/DebugUtils.java:49:24
      Adding signature (CtMethodImpl) handleException @ src/main/java/org/apache/commons/exec/util/DebugUtils.java:49:24
        Adding parameter (CtParameterImpl) msg @ src/main/java/org/apache/commons/exec/util/DebugUtils.java:49:53
          Resolved as new parameter (CtParameterImpl) msg @ src/main/java/org/apache/commons/exec/util/DebugUtils.java:49:53
        Adding parameter (CtParameterImpl) e @ src/main/java/org/apache/commons/exec/util/DebugUtils.java:49:74
          Resolved with match parameter (CtParameterImpl) e @ src/main/java/org/apache/commons/exec/util/DebugUtils.java:49:74
        Resolved as new signature (CtMethodImpl) handleException @ src/main/java/org/apache/commons/exec/util/DebugUtils.java:49:24
      Resolved as new method (CtMethodImpl) handleException @ src/main/java/org/apache/commons/exec/util/DebugUtils.java:49:24
    Adding basic (CtTypeReferenceImpl) boolean
      Resolved with match basic (CtTypeReferenceImpl) boolean
    Adding basic (CtTypeReferenceImpl) boolean
      Resolved with match basic (CtTypeReferenceImpl) boolean
    Adding basic (CtTypeReferenceImpl) boolean
      Resolved with match basic (CtTypeReferenceImpl) boolean
    Resolved as new metrics (CtMethodImpl) run @ src/main/java/org/apache/commons/exec/StreamPumper.java:97:17
  Adding metrics (CtConstructorImpl) <init> @ src/main/java/org/apache/commons/exec/PumpStreamHandler.java:81:12
    [34mIgnoring implicit executable reference: (CtExecutableReferenceImpl) <init>[0m
    [34mIgnoring implicit executable reference: (CtExecutableReferenceImpl) <init>[0m
    Resolved as new metrics (CtConstructorImpl) <init> @ src/main/java/org/apache/commons/exec/PumpStreamHandler.java:81:12
  Adding metrics (CtMethodImpl) setStreamHandler @ src/main/java/org/apache/commons/exec/DefaultExecutor.java:102:17
    Adding select field (CtFieldImpl) streamHandler @ src/main/java/org/apache/commons/exec/DefaultExecutor.java:51:34
      Resolved as new select field (CtFieldImpl) streamHandler @ src/main/java/org/apache/commons/exec/DefaultExecutor.java:51:34
    Resolved as new metrics (CtMethodImpl) setStreamHandler @ src/main/java/org/apache/commons/exec/DefaultExecutor.java:102:17
  Adding metrics (CtMethodImpl) checkException @ src/main/java/org/apache/commons/exec/ExecuteWatchdog.java:196:30
    Adding basic (CtTypeReferenceImpl) boolean
      Resolved with match basic (CtTypeReferenceImpl) boolean
    Adding select field (CtFieldImpl) caught @ src/main/java/org/apache/commons/exec/ExecuteWatchdog.java:66:23
      Resolved as new select field (CtFieldImpl) caught @ src/main/java/org/apache/commons/exec/ExecuteWatchdog.java:66:23
    Resolved as new metrics (CtMethodImpl) checkException @ src/main/java/org/apache/commons/exec/ExecuteWatchdog.java:196:30
  Adding metrics (CtConstructorImpl) <init> @ src/main/java/org/apache/commons/exec/ShutdownHookProcessDestroyer.java:49:16
    [34mIgnoring implicit executable reference: (CtExecutableReferenceImpl) <init>[0m
    [34mIgnoring implicit executable reference: (CtExecutableReferenceImpl) <init>[0m
    Resolved as new metrics (CtConstructorImpl) <init> @ src/main/java/org/apache/commons/exec/ShutdownHookProcessDestroyer.java:49:16
  Adding metrics (CtConstructorImpl) <init> @ src/main/java/org/apache/commons/exec/ExecuteWatchdog.java:84:12
    [34mIgnoring implicit executable reference: (CtExecutableReferenceImpl) <init>[0m
    [34mIgnoring implicit executable reference: (CtExecutableReferenceImpl) <init>[0m
    Adding basic (CtTypeReferenceImpl) boolean
      Resolved with match basic (CtTypeReferenceImpl) boolean
    Adding select field (CtFieldImpl) killedProcess @ src/main/java/org/apache/commons/exec/ExecuteWatchdog.java:69:21
      Resolved as new select field (CtFieldImpl) killedProcess @ src/main/java/org/apache/commons/exec/ExecuteWatchdog.java:69:21
    Adding basic (CtTypeReferenceImpl) boolean
      Resolved with match basic (CtTypeReferenceImpl) boolean
    Adding basic (CtTypeReferenceImpl) boolean
      Resolved with match basic (CtTypeReferenceImpl) boolean
    Adding basic (CtTypeReferenceImpl) boolean
      Resolved with match basic (CtTypeReferenceImpl) boolean
    Adding select field (CtFieldImpl) watch @ src/main/java/org/apache/commons/exec/ExecuteWatchdog.java:63:21
      Resolved as new select field (CtFieldImpl) watch @ src/main/java/org/apache/commons/exec/ExecuteWatchdog.java:63:21
    Adding basic (CtTypeReferenceImpl) boolean
      Resolved with match basic (CtTypeReferenceImpl) boolean
    Adding basic (CtTypeReferenceImpl) boolean
      Resolved with match basic (CtTypeReferenceImpl) boolean
    Adding basic (CtTypeReferenceImpl) boolean
      Resolved with match basic (CtTypeReferenceImpl) boolean
    Adding select field (CtFieldImpl) hasWatchdog @ src/main/java/org/apache/commons/exec/ExecuteWatchdog.java:60:27
      Resolved as new select field (CtFieldImpl) hasWatchdog @ src/main/java/org/apache/commons/exec/ExecuteWatchdog.java:60:27
    Adding basic (CtTypeReferenceImpl) boolean
      Resolved with match basic (CtTypeReferenceImpl) boolean
    Adding basic (CtTypeReferenceImpl) boolean
      Resolved with match basic (CtTypeReferenceImpl) boolean
    Adding basic (CtTypeReferenceImpl) long
      Resolved with match basic (CtTypeReferenceImpl) long
    Adding select field (CtFieldImpl) INFINITE_TIMEOUT @ src/main/java/org/apache/commons/exec/ExecuteWatchdog.java:54:30
      Resolved as new select field (CtFieldImpl) INFINITE_TIMEOUT @ src/main/java/org/apache/commons/exec/ExecuteWatchdog.java:54:30
    Adding basic (CtTypeReferenceImpl) long
      Resolved with match basic (CtTypeReferenceImpl) long
    Adding basic (CtTypeReferenceImpl) boolean
      Resolved with match basic (CtTypeReferenceImpl) boolean
    Adding select field (CtFieldImpl) processStarted @ src/main/java/org/apache/commons/exec/ExecuteWatchdog.java:75:30
      Resolved as new select field (CtFieldImpl) processStarted @ src/main/java/org/apache/commons/exec/ExecuteWatchdog.java:75:30
    Adding basic (CtTypeReferenceImpl) boolean
      Resolved with match basic (CtTypeReferenceImpl) boolean
    Adding basic (CtTypeReferenceImpl) boolean
      Resolved with match basic (CtTypeReferenceImpl) boolean
    Adding basic (CtTypeReferenceImpl) boolean
      Resolved with match basic (CtTypeReferenceImpl) boolean
    Adding select field (CtFieldImpl) watchdog @ src/main/java/org/apache/commons/exec/ExecuteWatchdog.java:72:28
      Resolved as new select field (CtFieldImpl) watchdog @ src/main/java/org/apache/commons/exec/ExecuteWatchdog.java:72:28
    [34mIgnoring implicit executable reference: (CtExecutableReferenceImpl) <init>[0m
    Adding basic (CtTypeReferenceImpl) long
      Resolved with match basic (CtTypeReferenceImpl) long
    Adding basic (CtTypeReferenceImpl) long
      Resolved with match basic (CtTypeReferenceImpl) long
    Resolved as new metrics (CtConstructorImpl) <init> @ src/main/java/org/apache/commons/exec/ExecuteWatchdog.java:84:12
  Adding metrics (CtMethodImpl) execute @ src/main/java/org/apache/commons/exec/DefaultExecutor.java:174:17
    [34mUnused type args: [java.lang.String, java.lang.String][0m
    Adding interface instantiation java.util.Map<java.lang.String, java.lang.String>
      Resolved with match interface instantiation java.util.Map<java.lang.String, java.lang.String>
    Resolved as new metrics (CtMethodImpl) execute @ src/main/java/org/apache/commons/exec/DefaultExecutor.java:174:17
  Adding metrics (CtMethodImpl) setStopTimeout @ src/main/java/org/apache/commons/exec/PumpStreamHandler.java:104:17
    Adding basic (CtTypeReferenceImpl) long
      Resolved with match basic (CtTypeReferenceImpl) long
    Adding select field (CtFieldImpl) stopTimeout @ src/main/java/org/apache/commons/exec/PumpStreamHandler.java:54:18
      Resolved as new select field (CtFieldImpl) stopTimeout @ src/main/java/org/apache/commons/exec/PumpStreamHandler.java:54:18
    Adding basic (CtTypeReferenceImpl) long
      Resolved with match basic (CtTypeReferenceImpl) long
    Adding basic (CtTypeReferenceImpl) long
      Resolved with match basic (CtTypeReferenceImpl) long
    Resolved as new metrics (CtMethodImpl) setStopTimeout @ src/main/java/org/apache/commons/exec/PumpStreamHandler.java:104:17
  Adding metrics (CtMethodImpl) getExitValue @ src/main/java/org/apache/commons/exec/ExecuteException.java:85:16
    Adding basic (CtTypeReferenceImpl) int
      Resolved with match basic (CtTypeReferenceImpl) int
    Resolved as new metrics (CtMethodImpl) getExitValue @ src/main/java/org/apache/commons/exec/ExecuteException.java:85:16
  Adding metrics (CtConstructorImpl) <init> @ src/main/java/org/apache/commons/exec/ShutdownHookProcessDestroyer.java:75:12
    [34mIgnoring implicit executable reference: (CtExecutableReferenceImpl) <init>[0m
    [34mIgnoring implicit executable reference: (CtExecutableReferenceImpl) <init>[0m
    Resolved as new metrics (CtConstructorImpl) <init> @ src/main/java/org/apache/commons/exec/ShutdownHookProcessDestroyer.java:75:12
  Adding metrics (CtMethodImpl) removeTimeoutObserver @ src/main/java/org/apache/commons/exec/Watchdog.java:50:17
    Adding object instantiation java.util.Vector<org.apache.commons.exec.TimeoutObserver>
      Resolved with match object instantiation java.util.Vector<org.apache.commons.exec.TimeoutObserver>
    Adding method for call site (CtMethodImpl) removeElement
      Adding method (CtMethodImpl) removeElement
        Adding signature (CtMethodImpl) removeElement
          Adding parameter (CtParameterImpl) arg0
            Resolved with match parameter (CtParameterImpl) arg0
          Adding parameter <unnamed> boolean
            Adding basic (CtTypeReferenceImpl) boolean
              Resolved with match basic (CtTypeReferenceImpl) boolean
            Resolved as new parameter <unnamed> boolean
          Resolved as new signature (CtMethodImpl) removeElement
        Resolved as new method (CtMethodImpl) removeElement
      Adding signature (CtMethodImpl) removeElement
        Adding parameter (CtParameterImpl) arg0
          Resolved with match parameter (CtParameterImpl) arg0
        Adding parameter <unnamed> boolean
          Resolved with match parameter <unnamed> boolean
        Resolved as new signature (CtMethodImpl) removeElement
      Resolved as new method for call site (CtMethodImpl) removeElement
    [34mUnused type args: [org.apache.commons.exec.TimeoutObserver][0m
    Adding basic (CtTypeReferenceImpl) boolean
      Resolved with match basic (CtTypeReferenceImpl) boolean
    Resolved as new metrics (CtMethodImpl) removeTimeoutObserver @ src/main/java/org/apache/commons/exec/Watchdog.java:50:17
  Adding metrics (CtMethodImpl) cleanUp @ src/main/java/org/apache/commons/exec/ExecuteWatchdog.java:226:33
    Adding basic (CtTypeReferenceImpl) boolean
      Resolved with match basic (CtTypeReferenceImpl) boolean
    Adding basic (CtTypeReferenceImpl) boolean
      Resolved with match basic (CtTypeReferenceImpl) boolean
    Adding basic (CtTypeReferenceImpl) boolean
      Resolved with match basic (CtTypeReferenceImpl) boolean
    Adding select field (CtFieldImpl) process @ src/main/java/org/apache/commons/exec/ExecuteWatchdog.java:57:21
      Resolved as new select field (CtFieldImpl) process @ src/main/java/org/apache/commons/exec/ExecuteWatchdog.java:57:21
    Resolved as new metrics (CtMethodImpl) cleanUp @ src/main/java/org/apache/commons/exec/ExecuteWatchdog.java:226:33
  Adding metrics (CtMethodImpl) close @ src/main/java/org/apache/commons/exec/LogOutputStream.java:108:17
    Adding basic (CtTypeReferenceImpl) boolean
      Resolved with match basic (CtTypeReferenceImpl) boolean
    Adding method (CtMethodImpl) size
      Adding signature (CtMethodImpl) size
        Adding parameter <unnamed> int
          Adding basic (CtTypeReferenceImpl) int
            Resolved with match basic (CtTypeReferenceImpl) int
          Resolved as new parameter <unnamed> int
        Resolved as new signature (CtMethodImpl) size
      Resolved as new method (CtMethodImpl) size
    Adding basic (CtTypeReferenceImpl) int
      Resolved with match basic (CtTypeReferenceImpl) int
    Adding basic (CtTypeReferenceImpl) int
      Resolved with match basic (CtTypeReferenceImpl) int
    Resolved as new metrics (CtMethodImpl) close @ src/main/java/org/apache/commons/exec/LogOutputStream.java:108:17
  Adding metrics (CtMethodImpl) addShutdownHook @ src/main/java/org/apache/commons/exec/ShutdownHookProcessDestroyer.java:82:18
    Adding basic (CtTypeReferenceImpl) boolean
      Resolved with match basic (CtTypeReferenceImpl) boolean
    Adding select field (CtFieldImpl) running @ src/main/java/org/apache/commons/exec/ShutdownHookProcessDestroyer.java:43:30
      Resolved as new select field (CtFieldImpl) running @ src/main/java/org/apache/commons/exec/ShutdownHookProcessDestroyer.java:43:30
    Adding basic (CtTypeReferenceImpl) boolean
      Resolved with match basic (CtTypeReferenceImpl) boolean
    Adding select field (CtFieldImpl) destroyProcessThread @ src/main/java/org/apache/commons/exec/ShutdownHookProcessDestroyer.java:35:34
      Resolved as new select field (CtFieldImpl) destroyProcessThread @ src/main/java/org/apache/commons/exec/ShutdownHookProcessDestroyer.java:35:34
    [34mIgnoring implicit executable reference: (CtExecutableReferenceImpl) <init>[0m
    Adding method (CtMethodImpl) addShutdownHook
      Adding signature (CtMethodImpl) addShutdownHook
        Adding parameter (CtParameterImpl) arg0
          Resolved as new parameter (CtParameterImpl) arg0
        Resolved as new signature (CtMethodImpl) addShutdownHook
      Resolved as new method (CtMethodImpl) addShutdownHook
    Adding basic (CtTypeReferenceImpl) boolean
      Resolved with match basic (CtTypeReferenceImpl) boolean
    Adding basic (CtTypeReferenceImpl) boolean
      Resolved with match basic (CtTypeReferenceImpl) boolean
    Adding basic (CtTypeReferenceImpl) boolean
      Resolved with match basic (CtTypeReferenceImpl) boolean
    Resolved as new metrics (CtMethodImpl) addShutdownHook @ src/main/java/org/apache/commons/exec/ShutdownHookProcessDestroyer.java:82:18
  Adding metrics (CtMethodImpl) setExitValues @ src/main/java/org/apache/commons/exec/DefaultExecutor.java:221:17
    Adding basic (CtTypeReferenceImpl) int
      Resolved with match basic (CtTypeReferenceImpl) int
    Adding select field (CtFieldImpl) exitValues @ src/main/java/org/apache/commons/exec/DefaultExecutor.java:60:19
      Resolved as new select field (CtFieldImpl) exitValues @ src/main/java/org/apache/commons/exec/DefaultExecutor.java:60:19
    Adding basic (CtTypeReferenceImpl) int
      Resolved with match basic (CtTypeReferenceImpl) int
    Adding basic (CtTypeReferenceImpl) int
      Resolved with match basic (CtTypeReferenceImpl) int
    Adding basic (CtTypeReferenceImpl) boolean
      Resolved with match basic (CtTypeReferenceImpl) boolean
    Adding basic (CtTypeReferenceImpl) int
      Resolved with match basic (CtTypeReferenceImpl) int
    Adding basic (CtTypeReferenceImpl) int
      Resolved with match basic (CtTypeReferenceImpl) int
    Adding basic (CtTypeReferenceImpl) int
      Resolved with match basic (CtTypeReferenceImpl) int
    Adding basic (CtTypeReferenceImpl) int
      Resolved with match basic (CtTypeReferenceImpl) int
    Resolved as new metrics (CtMethodImpl) setExitValues @ src/main/java/org/apache/commons/exec/DefaultExecutor.java:221:17
  Adding metrics (CtMethodImpl) setProcessNotStarted @ src/main/java/org/apache/commons/exec/ExecuteWatchdog.java:231:10
    Adding basic (CtTypeReferenceImpl) boolean
      Resolved with match basic (CtTypeReferenceImpl) boolean
    Adding basic (CtTypeReferenceImpl) boolean
      Resolved with match basic (CtTypeReferenceImpl) boolean
    Adding basic (CtTypeReferenceImpl) boolean
      Resolved with match basic (CtTypeReferenceImpl) boolean
    Resolved as new metrics (CtMethodImpl) setProcessNotStarted @ src/main/java/org/apache/commons/exec/ExecuteWatchdog.java:231:10
  Adding metrics (CtMethodImpl) isWatching @ src/main/java/org/apache/commons/exec/ExecuteWatchdog.java:208:33
    Adding basic (CtTypeReferenceImpl) boolean
      Resolved with match basic (CtTypeReferenceImpl) boolean
    Resolved as new metrics (CtMethodImpl) isWatching @ src/main/java/org/apache/commons/exec/ExecuteWatchdog.java:208:33
  Adding metrics (CtConstructorImpl) <init> @ src/main/java/org/apache/commons/exec/Watchdog.java:39:12
    [34mIgnoring implicit executable reference: (CtExecutableReferenceImpl) <init>[0m
    [34mIgnoring implicit executable reference: (CtExecutableReferenceImpl) <init>[0m
    Adding basic (CtTypeReferenceImpl) boolean
      Resolved with match basic (CtTypeReferenceImpl) boolean
    Adding basic (CtTypeReferenceImpl) long
      Resolved with match basic (CtTypeReferenceImpl) long
    Adding basic (CtTypeReferenceImpl) int
      Resolved with match basic (CtTypeReferenceImpl) int
    [34mIgnoring implicit executable reference: (CtExecutableReferenceImpl) <init>[0m
    Adding basic (CtTypeReferenceImpl) long
      Resolved with match basic (CtTypeReferenceImpl) long
    Adding select field (CtFieldImpl) timeout @ src/main/java/org/apache/commons/exec/Watchdog.java:35:24
      Resolved as new select field (CtFieldImpl) timeout @ src/main/java/org/apache/commons/exec/Watchdog.java:35:24
    Adding basic (CtTypeReferenceImpl) long
      Resolved with match basic (CtTypeReferenceImpl) long
    Adding basic (CtTypeReferenceImpl) long
      Resolved with match basic (CtTypeReferenceImpl) long
    Resolved as new metrics (CtConstructorImpl) <init> @ src/main/java/org/apache/commons/exec/Watchdog.java:39:12
  Adding metrics (CtMethodImpl) stop @ src/main/java/org/apache/commons/exec/PumpStreamHandler.java:174:17
    Adding basic (CtTypeReferenceImpl) boolean
      Resolved with match basic (CtTypeReferenceImpl) boolean
    Adding select field (CtFieldImpl) inputStreamPumper @ src/main/java/org/apache/commons/exec/PumpStreamHandler.java:51:31
      Resolved as new select field (CtFieldImpl) inputStreamPumper @ src/main/java/org/apache/commons/exec/PumpStreamHandler.java:51:31
    Adding basic (CtTypeReferenceImpl) long
      Resolved with match basic (CtTypeReferenceImpl) long
    Adding basic (CtTypeReferenceImpl) long
      Resolved with match basic (CtTypeReferenceImpl) long
    Adding basic (CtTypeReferenceImpl) long
      Resolved with match basic (CtTypeReferenceImpl) long
    Adding basic (CtTypeReferenceImpl) long
      Resolved with match basic (CtTypeReferenceImpl) long
    Adding basic (CtTypeReferenceImpl) long
      Resolved with match basic (CtTypeReferenceImpl) long
    Adding basic (CtTypeReferenceImpl) long
      Resolved with match basic (CtTypeReferenceImpl) long
    Adding basic (CtTypeReferenceImpl) boolean
      Resolved with match basic (CtTypeReferenceImpl) boolean
    Adding basic (CtTypeReferenceImpl) boolean
      Resolved with match basic (CtTypeReferenceImpl) boolean
    Adding select field (CtFieldImpl) err @ src/main/java/org/apache/commons/exec/PumpStreamHandler.java:47:32
      Resolved as new select field (CtFieldImpl) err @ src/main/java/org/apache/commons/exec/PumpStreamHandler.java:47:32
    Adding basic (CtTypeReferenceImpl) boolean
      Resolved with match basic (CtTypeReferenceImpl) boolean
    Adding select field (CtFieldImpl) out @ src/main/java/org/apache/commons/exec/PumpStreamHandler.java:45:32
      Resolved as new select field (CtFieldImpl) out @ src/main/java/org/apache/commons/exec/PumpStreamHandler.java:45:32
    Adding method (CtMethodImpl) flush
      Adding signature (CtMethodImpl) flush
        Resolved with match signature (CtMethodImpl) flush
      Resolved as new method (CtMethodImpl) flush
    Adding method (CtMethodImpl) getMessage
      Resolved as new method (CtMethodImpl) getMessage
    Adding basic (CtTypeReferenceImpl) boolean
      Resolved with match basic (CtTypeReferenceImpl) boolean
    Adding basic (CtTypeReferenceImpl) boolean
      Resolved with match basic (CtTypeReferenceImpl) boolean
    Adding select field (CtFieldImpl) caught @ src/main/java/org/apache/commons/exec/PumpStreamHandler.java:57:25
      Resolved as new select field (CtFieldImpl) caught @ src/main/java/org/apache/commons/exec/PumpStreamHandler.java:57:25
    Resolved as new metrics (CtMethodImpl) stop @ src/main/java/org/apache/commons/exec/PumpStreamHandler.java:174:17
  Adding metrics (CtMethodImpl) remove @ src/main/java/org/apache/commons/exec/ShutdownHookProcessDestroyer.java:160:20
    [34mUnused type args: [java.lang.Process][0m
    Adding object instantiation java.util.Vector<java.lang.Process>
      Resolved with match object instantiation java.util.Vector<java.lang.Process>
    Adding basic (CtTypeReferenceImpl) boolean @ src/main/java/org/apache/commons/exec/ShutdownHookProcessDestroyer.java:162:19
      Resolved with match basic (CtTypeReferenceImpl) boolean @ src/main/java/org/apache/commons/exec/ShutdownHookProcessDestroyer.java:162:19
    Adding object instantiation java.util.Vector<java.lang.Process>
      Resolved with match object instantiation java.util.Vector<java.lang.Process>
    Adding method for call site (CtMethodImpl) removeElement
      Adding signature (CtMethodImpl) removeElement
        Adding parameter (CtParameterImpl) arg0
          Resolved with match parameter (CtParameterImpl) arg0
        Adding parameter <unnamed> boolean
          Resolved with match parameter <unnamed> boolean
        Resolved as new signature (CtMethodImpl) removeElement
      Resolved as new method for call site (CtMethodImpl) removeElement
    [34mUnused type args: [java.lang.Process][0m
    Adding basic (CtTypeReferenceImpl) boolean
      Resolved with match basic (CtTypeReferenceImpl) boolean
    Adding basic (CtTypeReferenceImpl) boolean
      Resolved with match basic (CtTypeReferenceImpl) boolean
    Adding basic (CtTypeReferenceImpl) boolean
      Resolved with match basic (CtTypeReferenceImpl) boolean
    Adding basic (CtTypeReferenceImpl) boolean
      Resolved with match basic (CtTypeReferenceImpl) boolean
    Adding object instantiation java.util.Vector<java.lang.Process>
      Resolved with match object instantiation java.util.Vector<java.lang.Process>
    [34mUnused type args: [java.lang.Process][0m
    Adding basic (CtTypeReferenceImpl) int
      Resolved with match basic (CtTypeReferenceImpl) int
    Adding basic (CtTypeReferenceImpl) int
      Resolved with match basic (CtTypeReferenceImpl) int
    Adding basic (CtTypeReferenceImpl) boolean
      Resolved with match basic (CtTypeReferenceImpl) boolean
    Resolved as new metrics (CtMethodImpl) remove @ src/main/java/org/apache/commons/exec/ShutdownHookProcessDestroyer.java:160:20
  Adding metrics (CtMethodImpl) isFailure @ src/main/java/org/apache/commons/exec/DefaultExecutor.java:226:20
    Adding basic (CtTypeReferenceImpl) boolean
      Resolved with match basic (CtTypeReferenceImpl) boolean
    Adding basic (CtTypeReferenceImpl) int
      Resolved with match basic (CtTypeReferenceImpl) int
    Adding basic (CtTypeReferenceImpl) boolean
      Resolved with match basic (CtTypeReferenceImpl) boolean
    Adding basic (CtTypeReferenceImpl) boolean
      Resolved with match basic (CtTypeReferenceImpl) boolean
    Adding basic (CtTypeReferenceImpl) int
      Resolved with match basic (CtTypeReferenceImpl) int
    Adding basic (CtTypeReferenceImpl) int
      Resolved with match basic (CtTypeReferenceImpl) int
    Adding basic (CtTypeReferenceImpl) int
      Resolved with match basic (CtTypeReferenceImpl) int
    Adding basic (CtTypeReferenceImpl) int
      Resolved with match basic (CtTypeReferenceImpl) int
    Adding basic (CtTypeReferenceImpl) boolean
      Resolved with match basic (CtTypeReferenceImpl) boolean
    Adding basic (CtTypeReferenceImpl) int
      Resolved with match basic (CtTypeReferenceImpl) int
    Adding basic (CtTypeReferenceImpl) int
      Resolved with match basic (CtTypeReferenceImpl) int
    Adding basic (CtTypeReferenceImpl) int @ src/main/java/org/apache/commons/exec/DefaultExecutor.java:235:24
      Resolved with match basic (CtTypeReferenceImpl) int @ src/main/java/org/apache/commons/exec/DefaultExecutor.java:235:24
    Adding basic (CtTypeReferenceImpl) int
      Resolved with match basic (CtTypeReferenceImpl) int
    Adding basic (CtTypeReferenceImpl) boolean
      Resolved with match basic (CtTypeReferenceImpl) boolean
    Adding basic (CtTypeReferenceImpl) int
      Resolved with match basic (CtTypeReferenceImpl) int
    Adding basic (CtTypeReferenceImpl) int
      Resolved with match basic (CtTypeReferenceImpl) int
    Adding basic (CtTypeReferenceImpl) boolean
      Resolved with match basic (CtTypeReferenceImpl) boolean
    Adding basic (CtTypeReferenceImpl) boolean
      Resolved with match basic (CtTypeReferenceImpl) boolean
    Resolved as new metrics (CtMethodImpl) isFailure @ src/main/java/org/apache/commons/exec/DefaultExecutor.java:226:20
  Adding metrics (CtMethodImpl) timeoutOccured @ src/main/java/org/apache/commons/exec/ExecuteWatchdog.java:161:30
    Adding basic (CtTypeReferenceImpl) boolean
      Resolved with match basic (CtTypeReferenceImpl) boolean
    Adding method (CtMethodImpl) exitValue
      Adding signature (CtMethodImpl) exitValue
        Adding parameter <unnamed> int
          Adding basic (CtTypeReferenceImpl) int
            Resolved with match basic (CtTypeReferenceImpl) int
          Resolved as new parameter <unnamed> int
        Resolved as new signature (CtMethodImpl) exitValue
      Resolved as new method (CtMethodImpl) exitValue
    Adding basic (CtTypeReferenceImpl) int
      Resolved with match basic (CtTypeReferenceImpl) int
    Adding object decl (CtClassImpl) IllegalThreadStateException
      Adding struct (CtClassImpl) IllegalThreadStateException
        Resolved as new struct (CtClassImpl) IllegalThreadStateException
      Resolved as new object decl (CtClassImpl) IllegalThreadStateException
    Adding basic (CtTypeReferenceImpl) boolean
      Resolved with match basic (CtTypeReferenceImpl) boolean
    Adding basic (CtTypeReferenceImpl) boolean
      Resolved with match basic (CtTypeReferenceImpl) boolean
    Adding basic (CtTypeReferenceImpl) boolean
      Resolved with match basic (CtTypeReferenceImpl) boolean
    Adding basic (CtTypeReferenceImpl) boolean
      Resolved with match basic (CtTypeReferenceImpl) boolean
    Adding method (CtMethodImpl) destroy
      Adding signature (CtMethodImpl) destroy
        Resolved with match signature (CtMethodImpl) destroy
      Resolved as new method (CtMethodImpl) destroy
    Resolved as new metrics (CtMethodImpl) timeoutOccured @ src/main/java/org/apache/commons/exec/ExecuteWatchdog.java:161:30
  Adding metrics (CtMethodImpl) run @ src/main/java/org/apache/commons/exec/Watchdog.java:73:17
    Adding basic (CtTypeReferenceImpl) long @ src/main/java/org/apache/commons/exec/Watchdog.java:74:15
      Resolved with match basic (CtTypeReferenceImpl) long @ src/main/java/org/apache/commons/exec/Watchdog.java:74:15
    Adding method (CtMethodImpl) currentTimeMillis
      Adding signature (CtMethodImpl) currentTimeMillis
        Adding parameter <unnamed> long
          Adding basic (CtTypeReferenceImpl) long
            Resolved with match basic (CtTypeReferenceImpl) long
          Resolved as new parameter <unnamed> long
        Resolved as new signature (CtMethodImpl) currentTimeMillis
      Resolved as new method (CtMethodImpl) currentTimeMillis
    Adding basic (CtTypeReferenceImpl) long
      Resolved with match basic (CtTypeReferenceImpl) long
    Adding basic (CtTypeReferenceImpl) boolean @ src/main/java/org/apache/commons/exec/Watchdog.java:75:9
      Resolved with match basic (CtTypeReferenceImpl) boolean @ src/main/java/org/apache/commons/exec/Watchdog.java:75:9
    Adding basic (CtTypeReferenceImpl) long @ src/main/java/org/apache/commons/exec/Watchdog.java:77:13
      Resolved with match basic (CtTypeReferenceImpl) long @ src/main/java/org/apache/commons/exec/Watchdog.java:77:13
    Adding basic (CtTypeReferenceImpl) long
      Resolved with match basic (CtTypeReferenceImpl) long
    Adding basic (CtTypeReferenceImpl) long
      Resolved with match basic (CtTypeReferenceImpl) long
    Adding basic (CtTypeReferenceImpl) long
      Resolved with match basic (CtTypeReferenceImpl) long
    Adding basic (CtTypeReferenceImpl) long
      Resolved with match basic (CtTypeReferenceImpl) long
    Adding basic (CtTypeReferenceImpl) long
      Resolved with match basic (CtTypeReferenceImpl) long
    Adding basic (CtTypeReferenceImpl) boolean
      Resolved with match basic (CtTypeReferenceImpl) boolean
    Adding basic (CtTypeReferenceImpl) boolean
      Resolved with match basic (CtTypeReferenceImpl) boolean
    Adding basic (CtTypeReferenceImpl) boolean
      Resolved with match basic (CtTypeReferenceImpl) boolean
    Adding basic (CtTypeReferenceImpl) long
      Resolved with match basic (CtTypeReferenceImpl) long
    Adding basic (CtTypeReferenceImpl) int
      Resolved with match basic (CtTypeReferenceImpl) int
    Adding basic (CtTypeReferenceImpl) boolean
      Resolved with match basic (CtTypeReferenceImpl) boolean
    Adding basic (CtTypeReferenceImpl) boolean
      Resolved with match basic (CtTypeReferenceImpl) boolean
    Adding basic (CtTypeReferenceImpl) boolean
      Resolved with match basic (CtTypeReferenceImpl) boolean
    Adding basic (CtTypeReferenceImpl) boolean
      Resolved with match basic (CtTypeReferenceImpl) boolean
    Adding basic (CtTypeReferenceImpl) long
      Resolved with match basic (CtTypeReferenceImpl) long
    Adding basic (CtTypeReferenceImpl) long
      Resolved with match basic (CtTypeReferenceImpl) long
    Adding object decl (CtClassImpl) InterruptedException
      Adding struct (CtClassImpl) InterruptedException
        Resolved as new struct (CtClassImpl) InterruptedException
      Resolved as new object decl (CtClassImpl) InterruptedException
    Adding basic (CtTypeReferenceImpl) long
      Resolved with match basic (CtTypeReferenceImpl) long
    Adding basic (CtTypeReferenceImpl) long
      Resolved with match basic (CtTypeReferenceImpl) long
    Adding basic (CtTypeReferenceImpl) long
      Resolved with match basic (CtTypeReferenceImpl) long
    Adding basic (CtTypeReferenceImpl) long
      Resolved with match basic (CtTypeReferenceImpl) long
    Adding basic (CtTypeReferenceImpl) long
      Resolved with match basic (CtTypeReferenceImpl) long
    Adding basic (CtTypeReferenceImpl) long
      Resolved with match basic (CtTypeReferenceImpl) long
    Adding basic (CtTypeReferenceImpl) long
      Resolved with match basic (CtTypeReferenceImpl) long
    Adding basic (CtTypeReferenceImpl) boolean
      Resolved with match basic (CtTypeReferenceImpl) boolean
    Adding basic (CtTypeReferenceImpl) boolean
      Resolved with match basic (CtTypeReferenceImpl) boolean
    Adding basic (CtTypeReferenceImpl) boolean
      Resolved with match basic (CtTypeReferenceImpl) boolean
    Adding basic (CtTypeReferenceImpl) long
      Resolved with match basic (CtTypeReferenceImpl) long
    Adding basic (CtTypeReferenceImpl) int
      Resolved with match basic (CtTypeReferenceImpl) int
    Adding basic (CtTypeReferenceImpl) boolean
      Resolved with match basic (CtTypeReferenceImpl) boolean
    Adding basic (CtTypeReferenceImpl) boolean
      Resolved with match basic (CtTypeReferenceImpl) boolean
    Resolved as new metrics (CtMethodImpl) run @ src/main/java/org/apache/commons/exec/Watchdog.java:73:17
  Adding metrics (CtMethodImpl) setProcessDestroyer @ src/main/java/org/apache/commons/exec/DefaultExecutor.java:130:17
    Adding select field (CtFieldImpl) processDestroyer @ src/main/java/org/apache/commons/exec/DefaultExecutor.java:66:30
      Resolved as new select field (CtFieldImpl) processDestroyer @ src/main/java/org/apache/commons/exec/DefaultExecutor.java:66:30
    Resolved as new metrics (CtMethodImpl) setProcessDestroyer @ src/main/java/org/apache/commons/exec/DefaultExecutor.java:130:17
  Adding metrics (CtMethodImpl) stopProcessing @ src/main/java/org/apache/commons/exec/InputStreamPumper.java:79:17
    Adding basic (CtTypeReferenceImpl) boolean
      Resolved with match basic (CtTypeReferenceImpl) boolean
    Adding select field (CtFieldImpl) stop @ src/main/java/org/apache/commons/exec/InputStreamPumper.java:42:30
      Resolved as new select field (CtFieldImpl) stop @ src/main/java/org/apache/commons/exec/InputStreamPumper.java:42:30
    Adding basic (CtTypeReferenceImpl) boolean
      Resolved with match basic (CtTypeReferenceImpl) boolean
    Adding basic (CtTypeReferenceImpl) boolean
      Resolved with match basic (CtTypeReferenceImpl) boolean
    Resolved as new metrics (CtMethodImpl) stopProcessing @ src/main/java/org/apache/commons/exec/InputStreamPumper.java:79:17
  Adding metrics (CtMethodImpl) processBuffer @ src/main/java/org/apache/commons/exec/LogOutputStream.java:160:20
    Adding method (CtMethodImpl) toString
      Adding signature (CtMethodImpl) toString
        Adding parameter <unnamed> java.lang.String
          Resolved with match parameter <unnamed> java.lang.String
        Resolved as new signature (CtMethodImpl) toString
      Resolved as new method (CtMethodImpl) toString
    Adding method (CtMethodImpl) reset
      Adding signature (CtMethodImpl) reset
        Resolved with match signature (CtMethodImpl) reset
      Resolved as new method (CtMethodImpl) reset
    Resolved as new metrics (CtMethodImpl) processBuffer @ src/main/java/org/apache/commons/exec/LogOutputStream.java:160:20
  Adding metrics (CtMethodImpl) stop @ src/main/java/org/apache/commons/exec/ExecuteWatchdog.java:141:30
    Adding basic (CtTypeReferenceImpl) boolean
      Resolved with match basic (CtTypeReferenceImpl) boolean
    Adding basic (CtTypeReferenceImpl) boolean
      Resolved with match basic (CtTypeReferenceImpl) boolean
    Adding basic (CtTypeReferenceImpl) boolean
      Resolved with match basic (CtTypeReferenceImpl) boolean
    Adding basic (CtTypeReferenceImpl) boolean
      Resolved with match basic (CtTypeReferenceImpl) boolean
    Resolved as new metrics (CtMethodImpl) stop @ src/main/java/org/apache/commons/exec/ExecuteWatchdog.java:141:30
  Adding metrics (CtMethodImpl) run @ src/main/java/org/apache/commons/exec/ShutdownHookProcessDestroyer.java:182:15
    [34mUnused type args: [java.lang.Process][0m
    Adding object instantiation java.util.Vector<java.lang.Process>
      Resolved with match object instantiation java.util.Vector<java.lang.Process>
    Adding basic (CtTypeReferenceImpl) boolean
      Resolved with match basic (CtTypeReferenceImpl) boolean
    Adding basic (CtTypeReferenceImpl) boolean
      Resolved with match basic (CtTypeReferenceImpl) boolean
    Adding basic (CtTypeReferenceImpl) boolean
      Resolved with match basic (CtTypeReferenceImpl) boolean
    Adding interface instantiation java.util.Enumeration @ src/main/java/org/apache/commons/exec/ShutdownHookProcessDestroyer.java:185:17<java.lang.Process @ src/main/java/org/apache/commons/exec/ShutdownHookProcessDestroyer.java:185:29>
      Adding interface description (CtInterfaceImpl) Enumeration
        Resolved as new interface description (CtInterfaceImpl) Enumeration
      Resolved as new interface instantiation java.util.Enumeration @ src/main/java/org/apache/commons/exec/ShutdownHookProcessDestroyer.java:185:17<java.lang.Process @ src/main/java/org/apache/commons/exec/ShutdownHookProcessDestroyer.java:185:29>
    [34mUnused type args: [java.lang.Process @ src/main/java/org/apache/commons/exec/ShutdownHookProcessDestroyer.java:185:29][0m
    Adding object instantiation java.util.Vector<java.lang.Process>
      Resolved with match object instantiation java.util.Vector<java.lang.Process>
    Adding method for call site (CtMethodImpl) elements
      Adding method (CtMethodImpl) elements
        Adding signature (CtMethodImpl) elements
          Adding parameter <unnamed> java.util.Enumeration<E>
            Resolved as new parameter <unnamed> java.util.Enumeration<E>
          Resolved as new signature (CtMethodImpl) elements
        Resolved as new method (CtMethodImpl) elements
      Adding signature (CtMethodImpl) elements
        Adding parameter <unnamed> java.util.Enumeration<E>
          Adding interface instantiation java.util.Enumeration<E>
            Resolved with match interface instantiation java.util.Enumeration<E>
          Resolved as new parameter <unnamed> java.util.Enumeration<E>
        Resolved as new signature (CtMethodImpl) elements
      Resolved as new method for call site (CtMethodImpl) elements
    [34mUnused type args: [java.lang.Process][0m
    [34mUnused type args: [java.lang.Process][0m
    Adding interface instantiation java.util.Enumeration<java.lang.Process>
      Resolved with match interface instantiation java.util.Enumeration<java.lang.Process>
    Adding abstract (CtMethodImpl) hasMoreElements
      Adding signature (CtMethodImpl) hasMoreElements
        Adding parameter <unnamed> boolean
          Adding basic (CtTypeReferenceImpl) boolean
            Resolved with match basic (CtTypeReferenceImpl) boolean
          Resolved as new parameter <unnamed> boolean
        Resolved as new signature (CtMethodImpl) hasMoreElements
      Resolved as new abstract (CtMethodImpl) hasMoreElements
    Adding interface instantiation java.util.Enumeration<java.lang.Process>
      Resolved with match interface instantiation java.util.Enumeration<java.lang.Process>
    [34mUnused type args: [java.lang.Process][0m
    Adding basic (CtTypeReferenceImpl) boolean
      Resolved with match basic (CtTypeReferenceImpl) boolean
    Adding abstract (CtMethodImpl) nextElement
      Adding signature (CtMethodImpl) nextElement
        Adding parameter <unnamed> E
          Resolved as new parameter <unnamed> E
        Resolved as new signature (CtMethodImpl) nextElement
      Resolved as new abstract (CtMethodImpl) nextElement
    Adding interface instantiation java.util.Enumeration<java.lang.Process>
      Resolved with match interface instantiation java.util.Enumeration<java.lang.Process>
    [34mUnused type args: [java.lang.Process][0m
    Adding object decl (CtClassImpl) PrintStream
      Adding struct (CtClassImpl) PrintStream
        Resolved as new struct (CtClassImpl) PrintStream
      Resolved as new object decl (CtClassImpl) PrintStream
    Adding method (CtMethodImpl) println
      Adding signature (CtMethodImpl) println
        Adding parameter (CtParameterImpl) arg0
          Resolved with match parameter (CtParameterImpl) arg0
        Resolved as new signature (CtMethodImpl) println
      Resolved as new method (CtMethodImpl) println
    Adding select field (CtFieldImpl) err
      Resolved as new select field (CtFieldImpl) err
    Adding field (CtFieldImpl) err
      Resolved as new field (CtFieldImpl) err
    Resolved as new metrics (CtMethodImpl) run @ src/main/java/org/apache/commons/exec/ShutdownHookProcessDestroyer.java:182:15
  Adding metrics (CtMethodImpl) setProcessErrorStream @ src/main/java/org/apache/commons/exec/PumpStreamHandler.java:126:17
    Adding basic (CtTypeReferenceImpl) boolean
      Resolved with match basic (CtTypeReferenceImpl) boolean
    Resolved as new metrics (CtMethodImpl) setProcessErrorStream @ src/main/java/org/apache/commons/exec/PumpStreamHandler.java:126:17
  Adding metrics (CtMethodImpl) createSystemInPump @ src/main/java/org/apache/commons/exec/PumpStreamHandler.java:312:20
    [34mIgnoring implicit executable reference: (CtExecutableReferenceImpl) <init>[0m
    [34mIgnoring implicit executable reference: (CtExecutableReferenceImpl) <init>[0m
    Adding basic (CtTypeReferenceImpl) boolean
      Resolved with match basic (CtTypeReferenceImpl) boolean
    Adding basic (CtTypeReferenceImpl) boolean
      Resolved with match basic (CtTypeReferenceImpl) boolean
    Resolved as new metrics (CtMethodImpl) createSystemInPump @ src/main/java/org/apache/commons/exec/PumpStreamHandler.java:312:20
  Adding metrics (CtConstructorImpl) <init> @ src/main/java/org/apache/commons/exec/StreamPumper.java:59:12
    [34mIgnoring implicit executable reference: (CtExecutableReferenceImpl) <init>[0m
    [34mIgnoring implicit executable reference: (CtExecutableReferenceImpl) <init>[0m
    Adding basic (CtTypeReferenceImpl) int
      Resolved with match basic (CtTypeReferenceImpl) int
    Adding basic (CtTypeReferenceImpl) int
      Resolved with match basic (CtTypeReferenceImpl) int
    Adding basic (CtTypeReferenceImpl) int
      Resolved with match basic (CtTypeReferenceImpl) int
    Adding basic (CtTypeReferenceImpl) boolean
      Resolved with match basic (CtTypeReferenceImpl) boolean
    Adding basic (CtTypeReferenceImpl) boolean
      Resolved with match basic (CtTypeReferenceImpl) boolean
    Adding basic (CtTypeReferenceImpl) boolean
      Resolved with match basic (CtTypeReferenceImpl) boolean
    Resolved as new metrics (CtConstructorImpl) <init> @ src/main/java/org/apache/commons/exec/StreamPumper.java:59:12
  Adding metrics (CtMethodImpl) getExecutorThread @ src/main/java/org/apache/commons/exec/DefaultExecutor.java:287:22
    Adding select field (CtFieldImpl) executorThread @ src/main/java/org/apache/commons/exec/DefaultExecutor.java:69:20
      Resolved as new select field (CtFieldImpl) executorThread @ src/main/java/org/apache/commons/exec/DefaultExecutor.java:69:20
    Resolved as new metrics (CtMethodImpl) getExecutorThread @ src/main/java/org/apache/commons/exec/DefaultExecutor.java:287:22
  Adding metrics (CtConstructorImpl) <init> @ src/main/java/org/apache/commons/exec/DefaultExecuteResultHandler.java:44:12
    [34mIgnoring implicit executable reference: (CtExecutableReferenceImpl) <init>[0m
    [34mIgnoring implicit executable reference: (CtExecutableReferenceImpl) <init>[0m
    Adding basic (CtTypeReferenceImpl) boolean
      Resolved with match basic (CtTypeReferenceImpl) boolean
    Adding select field (CtFieldImpl) hasResult @ src/main/java/org/apache/commons/exec/DefaultExecuteResultHandler.java:33:30
      Resolved as new select field (CtFieldImpl) hasResult @ src/main/java/org/apache/commons/exec/DefaultExecuteResultHandler.java:33:30
    Adding basic (CtTypeReferenceImpl) boolean
      Resolved with match basic (CtTypeReferenceImpl) boolean
    Adding basic (CtTypeReferenceImpl) boolean
      Resolved with match basic (CtTypeReferenceImpl) boolean
    Adding basic (CtTypeReferenceImpl) int
      Resolved with match basic (CtTypeReferenceImpl) int
    Adding select field (CtFieldImpl) exitValue @ src/main/java/org/apache/commons/exec/DefaultExecuteResultHandler.java:36:26
      Resolved as new select field (CtFieldImpl) exitValue @ src/main/java/org/apache/commons/exec/DefaultExecuteResultHandler.java:36:26
    Adding basic (CtTypeReferenceImpl) int
      Resolved with match basic (CtTypeReferenceImpl) int
    Adding select field (CtFieldImpl) INVALID_EXITVALUE @ src/main/java/org/apache/commons/exec/Executor.java:52:9
      Resolved as new select field (CtFieldImpl) INVALID_EXITVALUE @ src/main/java/org/apache/commons/exec/Executor.java:52:9
    Adding basic (CtTypeReferenceImpl) int
      Resolved with match basic (CtTypeReferenceImpl) int
    Resolved as new metrics (CtConstructorImpl) <init> @ src/main/java/org/apache/commons/exec/DefaultExecuteResultHandler.java:44:12
  Adding metrics (CtMethodImpl) createThread @ src/main/java/org/apache/commons/exec/DaemonExecutor.java:37:22
    Adding basic (CtTypeReferenceImpl) boolean
      Resolved with match basic (CtTypeReferenceImpl) boolean
    Adding basic (CtTypeReferenceImpl) boolean
      Resolved with match basic (CtTypeReferenceImpl) boolean
    Resolved as new metrics (CtMethodImpl) createThread @ src/main/java/org/apache/commons/exec/DaemonExecutor.java:37:22
  Adding metrics (CtMethodImpl) setProcessOutputStream @ src/main/java/org/apache/commons/exec/PumpStreamHandler.java:114:17
    Adding basic (CtTypeReferenceImpl) boolean
      Resolved with match basic (CtTypeReferenceImpl) boolean
    Resolved as new metrics (CtMethodImpl) setProcessOutputStream @ src/main/java/org/apache/commons/exec/PumpStreamHandler.java:114:17
  Adding metrics (CtMethodImpl) run @ src/main/java/org/apache/commons/exec/InputStreamPumper.java:62:17
    Adding basic (CtTypeReferenceImpl) boolean
      Resolved with match basic (CtTypeReferenceImpl) boolean
    Adding basic (CtTypeReferenceImpl) boolean
      Resolved with match basic (CtTypeReferenceImpl) boolean
    Adding basic (CtTypeReferenceImpl) boolean
      Resolved with match basic (CtTypeReferenceImpl) boolean
    Adding basic (CtTypeReferenceImpl) boolean
      Resolved with match basic (CtTypeReferenceImpl) boolean
    Adding method (CtMethodImpl) available
      Adding signature (CtMethodImpl) available
        Adding parameter <unnamed> int
          Adding basic (CtTypeReferenceImpl) int
            Resolved with match basic (CtTypeReferenceImpl) int
          Resolved as new parameter <unnamed> int
        Resolved as new signature (CtMethodImpl) available
      Resolved as new method (CtMethodImpl) available
    Adding select field (CtFieldImpl) is @ src/main/java/org/apache/commons/exec/InputStreamPumper.java:36:31
      Resolved as new select field (CtFieldImpl) is @ src/main/java/org/apache/commons/exec/InputStreamPumper.java:36:31
    Adding basic (CtTypeReferenceImpl) int
      Resolved with match basic (CtTypeReferenceImpl) int
    Adding basic (CtTypeReferenceImpl) int
      Resolved with match basic (CtTypeReferenceImpl) int
    Adding basic (CtTypeReferenceImpl) boolean
      Resolved with match basic (CtTypeReferenceImpl) boolean
    Adding basic (CtTypeReferenceImpl) boolean
      Resolved with match basic (CtTypeReferenceImpl) boolean
    Adding method (CtMethodImpl) write
      Adding signature (CtMethodImpl) write
        Adding parameter (CtParameterImpl) arg0
          Adding basic (CtTypeReferenceImpl) int
            Resolved with match basic (CtTypeReferenceImpl) int
          Resolved as new parameter (CtParameterImpl) arg0
        Resolved as new signature (CtMethodImpl) write
      Resolved as new method (CtMethodImpl) write
    Adding select field (CtFieldImpl) os @ src/main/java/org/apache/commons/exec/InputStreamPumper.java:39:32
      Resolved as new select field (CtFieldImpl) os @ src/main/java/org/apache/commons/exec/InputStreamPumper.java:39:32
    Adding basic (CtTypeReferenceImpl) int
      Resolved with match basic (CtTypeReferenceImpl) int
    Adding method (CtMethodImpl) read
      Adding signature (CtMethodImpl) read
        Adding parameter <unnamed> int
          Adding basic (CtTypeReferenceImpl) int
            Resolved with match basic (CtTypeReferenceImpl) int
          Resolved as new parameter <unnamed> int
        Resolved as new signature (CtMethodImpl) read
      Resolved as new method (CtMethodImpl) read
    Adding basic (CtTypeReferenceImpl) int
      Resolved with match basic (CtTypeReferenceImpl) int
    Adding method (CtMethodImpl) sleep
      Adding signature (CtMethodImpl) sleep
        Adding parameter (CtParameterImpl) arg0
          Adding basic (CtTypeReferenceImpl) long
            Resolved with match basic (CtTypeReferenceImpl) long
          Resolved as new parameter (CtParameterImpl) arg0
        Resolved as new signature (CtMethodImpl) sleep
      Resolved as new method (CtMethodImpl) sleep
    Adding basic (CtTypeReferenceImpl) long
      Resolved with match basic (CtTypeReferenceImpl) long
    Adding select field (CtFieldImpl) SLEEPING_TIME @ src/main/java/org/apache/commons/exec/InputStreamPumper.java:33:29
      Resolved as new select field (CtFieldImpl) SLEEPING_TIME @ src/main/java/org/apache/commons/exec/InputStreamPumper.java:33:29
    Adding basic (CtTypeReferenceImpl) int
      Resolved with match basic (CtTypeReferenceImpl) int
    Resolved as new metrics (CtMethodImpl) run @ src/main/java/org/apache/commons/exec/InputStreamPumper.java:62:17
  Adding metrics (CtConstructorImpl) <init> @ src/main/java/org/apache/commons/exec/PumpStreamHandler.java:62:12
    [34mIgnoring implicit executable reference: (CtExecutableReferenceImpl) <init>[0m
    [34mIgnoring implicit executable reference: (CtExecutableReferenceImpl) <init>[0m
    Adding select field (CtFieldImpl) out
      Resolved as new select field (CtFieldImpl) out
    Adding field (CtFieldImpl) out
      Resolved as new field (CtFieldImpl) out
    Resolved as new metrics (CtConstructorImpl) <init> @ src/main/java/org/apache/commons/exec/PumpStreamHandler.java:62:12
  Adding metrics (CtConstructorImpl) <init> @ src/main/java/org/apache/commons/exec/ExecuteException.java:52:12
    [34mIgnoring implicit executable reference: (CtExecutableReferenceImpl) <init>[0m
    [34mIgnoring implicit executable reference: (CtExecutableReferenceImpl) <init>[0m
    Adding basic (CtTypeReferenceImpl) int
      Resolved with match basic (CtTypeReferenceImpl) int
    Adding basic (CtTypeReferenceImpl) int
      Resolved with match basic (CtTypeReferenceImpl) int
    Adding basic (CtTypeReferenceImpl) int
      Resolved with match basic (CtTypeReferenceImpl) int
    Adding basic (CtTypeReferenceImpl) int
      Resolved with match basic (CtTypeReferenceImpl) int
    Resolved as new metrics (CtConstructorImpl) <init> @ src/main/java/org/apache/commons/exec/ExecuteException.java:52:12
  Adding metrics (CtMethodImpl) setProcessInputStream @ src/main/java/org/apache/commons/exec/PumpStreamHandler.java:138:17
    Adding basic (CtTypeReferenceImpl) boolean
      Resolved with match basic (CtTypeReferenceImpl) boolean
    Adding select field (CtFieldImpl) input @ src/main/java/org/apache/commons/exec/PumpStreamHandler.java:49:31
      Resolved as new select field (CtFieldImpl) input @ src/main/java/org/apache/commons/exec/PumpStreamHandler.java:49:31
    Adding basic (CtTypeReferenceImpl) boolean
      Resolved with match basic (CtTypeReferenceImpl) boolean
    Adding select field (CtFieldImpl) in
      Resolved as new select field (CtFieldImpl) in
    Adding field (CtFieldImpl) in
      Resolved as new field (CtFieldImpl) in
    Adding basic (CtTypeReferenceImpl) boolean
      Resolved with match basic (CtTypeReferenceImpl) boolean
    Adding basic (CtTypeReferenceImpl) boolean
      Resolved with match basic (CtTypeReferenceImpl) boolean
    Resolved as new metrics (CtMethodImpl) setProcessInputStream @ src/main/java/org/apache/commons/exec/PumpStreamHandler.java:138:17
  Adding metrics (CtMethodImpl) destroyProcess @ src/main/java/org/apache/commons/exec/ExecuteWatchdog.java:152:30
    Resolved as new metrics (CtMethodImpl) destroyProcess @ src/main/java/org/apache/commons/exec/ExecuteWatchdog.java:152:30
  Adding metrics (CtMethodImpl) killedProcess @ src/main/java/org/apache/commons/exec/ExecuteWatchdog.java:219:33
    Adding basic (CtTypeReferenceImpl) boolean
      Resolved with match basic (CtTypeReferenceImpl) boolean
    Resolved as new metrics (CtMethodImpl) killedProcess @ src/main/java/org/apache/commons/exec/ExecuteWatchdog.java:219:33
  Adding metrics (CtMethodImpl) getErr @ src/main/java/org/apache/commons/exec/PumpStreamHandler.java:212:28
    Resolved as new metrics (CtMethodImpl) getErr @ src/main/java/org/apache/commons/exec/PumpStreamHandler.java:212:28
  Adding metrics (CtConstructorImpl) <init> @ src/main/java/org/apache/commons/exec/LogOutputStream.java:57:12
    [34mIgnoring implicit executable reference: (CtExecutableReferenceImpl) <init>[0m
    [34mIgnoring implicit executable reference: (CtExecutableReferenceImpl) <init>[0m
    Adding basic (CtTypeReferenceImpl) int
      Resolved with match basic (CtTypeReferenceImpl) int
    Adding basic (CtTypeReferenceImpl) int
      Resolved with match basic (CtTypeReferenceImpl) int
    Resolved as new metrics (CtConstructorImpl) <init> @ src/main/java/org/apache/commons/exec/LogOutputStream.java:57:12
  Adding metrics (CtMethodImpl) executeInternal @ src/main/java/org/apache/commons/exec/DefaultExecutor.java:331:17
    Adding select field (CtFieldImpl) exceptionCaught @ src/main/java/org/apache/commons/exec/DefaultExecutor.java:72:25
      Resolved as new select field (CtFieldImpl) exceptionCaught @ src/main/java/org/apache/commons/exec/DefaultExecutor.java:72:25
    [34mUnused type args: [java.lang.String, java.lang.String][0m
    Adding interface instantiation java.util.Map<java.lang.String, java.lang.String>
      Resolved with match interface instantiation java.util.Map<java.lang.String, java.lang.String>
    Adding interface instantiation java.util.Map<java.lang.String, java.lang.String>
      Resolved with match interface instantiation java.util.Map<java.lang.String, java.lang.String>
    [34mUnused type args: [java.lang.String, java.lang.String][0m
    Adding basic (CtTypeReferenceImpl) boolean
      Resolved with match basic (CtTypeReferenceImpl) boolean
    Adding select field (CtFieldImpl) watchdog @ src/main/java/org/apache/commons/exec/DefaultExecutor.java:57:29
      Resolved as new select field (CtFieldImpl) watchdog @ src/main/java/org/apache/commons/exec/DefaultExecutor.java:57:29
    Adding method (CtMethodImpl) getOutputStream
      Adding signature (CtMethodImpl) getOutputStream
        Adding parameter <unnamed> java.io.OutputStream
          Resolved with match parameter <unnamed> java.io.OutputStream
        Resolved as new signature (CtMethodImpl) getOutputStream
      Resolved as new method (CtMethodImpl) getOutputStream
    Adding method (CtMethodImpl) getInputStream
      Adding signature (CtMethodImpl) getInputStream
        Adding parameter <unnamed> java.io.InputStream
          Resolved as new parameter <unnamed> java.io.InputStream
        Resolved as new signature (CtMethodImpl) getInputStream
      Resolved as new method (CtMethodImpl) getInputStream
    Adding method (CtMethodImpl) getErrorStream
      Adding signature (CtMethodImpl) getErrorStream
        Adding parameter <unnamed> java.io.InputStream
          Resolved with match parameter <unnamed> java.io.InputStream
        Resolved as new signature (CtMethodImpl) getErrorStream
      Resolved as new method (CtMethodImpl) getErrorStream
    Adding basic (CtTypeReferenceImpl) boolean
      Resolved with match basic (CtTypeReferenceImpl) boolean
    Adding basic (CtTypeReferenceImpl) boolean
      Resolved with match basic (CtTypeReferenceImpl) boolean
    Adding basic (CtTypeReferenceImpl) boolean
      Resolved with match basic (CtTypeReferenceImpl) boolean
    Adding basic (CtTypeReferenceImpl) boolean
      Resolved with match basic (CtTypeReferenceImpl) boolean
    Adding basic (CtTypeReferenceImpl) int @ src/main/java/org/apache/commons/exec/DefaultExecutor.java:373:13
      Resolved with match basic (CtTypeReferenceImpl) int @ src/main/java/org/apache/commons/exec/DefaultExecutor.java:373:13
    Adding basic (CtTypeReferenceImpl) int
      Resolved with match basic (CtTypeReferenceImpl) int
    Adding basic (CtTypeReferenceImpl) int
      Resolved with match basic (CtTypeReferenceImpl) int
    Adding basic (CtTypeReferenceImpl) int
      Resolved with match basic (CtTypeReferenceImpl) int
    Adding method (CtMethodImpl) waitFor
      Adding signature (CtMethodImpl) waitFor
        Adding parameter <unnamed> int
          Adding basic (CtTypeReferenceImpl) int
            Resolved with match basic (CtTypeReferenceImpl) int
          Resolved as new parameter <unnamed> int
        Resolved as new signature (CtMethodImpl) waitFor
      Resolved as new method (CtMethodImpl) waitFor
    Adding basic (CtTypeReferenceImpl) int
      Resolved with match basic (CtTypeReferenceImpl) int
    Adding method (CtMethodImpl) interrupted
      Adding signature (CtMethodImpl) interrupted
        Adding parameter <unnamed> boolean
          Adding basic (CtTypeReferenceImpl) boolean
            Resolved with match basic (CtTypeReferenceImpl) boolean
          Resolved as new parameter <unnamed> boolean
        Resolved as new signature (CtMethodImpl) interrupted
      Resolved as new method (CtMethodImpl) interrupted
    Adding basic (CtTypeReferenceImpl) boolean
      Resolved with match basic (CtTypeReferenceImpl) boolean
    Adding basic (CtTypeReferenceImpl) boolean
      Resolved with match basic (CtTypeReferenceImpl) boolean
    Adding basic (CtTypeReferenceImpl) boolean
      Resolved with match basic (CtTypeReferenceImpl) boolean
    Adding basic (CtTypeReferenceImpl) boolean
      Resolved with match basic (CtTypeReferenceImpl) boolean
    [34mIgnoring implicit executable reference: (CtExecutableReferenceImpl) <init>[0m
    Adding method (CtMethodImpl) initCause
      Resolved as new method (CtMethodImpl) initCause
    Adding basic (CtTypeReferenceImpl) boolean
      Resolved with match basic (CtTypeReferenceImpl) boolean
    Adding basic (CtTypeReferenceImpl) int
      Resolved with match basic (CtTypeReferenceImpl) int
    Adding basic (CtTypeReferenceImpl) int
      Resolved with match basic (CtTypeReferenceImpl) int
    [34mIgnoring implicit executable reference: (CtExecutableReferenceImpl) <init>[0m
    Adding basic (CtTypeReferenceImpl) int
      Resolved with match basic (CtTypeReferenceImpl) int
    Adding basic (CtTypeReferenceImpl) int
      Resolved with match basic (CtTypeReferenceImpl) int
    Adding basic (CtTypeReferenceImpl) int
      Resolved with match basic (CtTypeReferenceImpl) int
    Adding basic (CtTypeReferenceImpl) int
      Resolved with match basic (CtTypeReferenceImpl) int
    Adding basic (CtTypeReferenceImpl) boolean
      Resolved with match basic (CtTypeReferenceImpl) boolean
    Adding basic (CtTypeReferenceImpl) boolean
      Resolved with match basic (CtTypeReferenceImpl) boolean
    Resolved as new metrics (CtMethodImpl) executeInternal @ src/main/java/org/apache/commons/exec/DefaultExecutor.java:331:17
  Adding metrics (CtMethodImpl) createThread @ src/main/java/org/apache/commons/exec/DefaultExecutor.java:252:22
    [34mIgnoring implicit executable reference: (CtExecutableReferenceImpl) <init>[0m
    Resolved as new metrics (CtMethodImpl) createThread @ src/main/java/org/apache/commons/exec/DefaultExecutor.java:252:22
  Adding metrics (CtConstructorImpl) <init> @ src/main/java/org/apache/commons/exec/StreamPumper.java:89:12
    [34mIgnoring implicit executable reference: (CtExecutableReferenceImpl) <init>[0m
    [34mIgnoring implicit executable reference: (CtExecutableReferenceImpl) <init>[0m
    Adding basic (CtTypeReferenceImpl) boolean
      Resolved with match basic (CtTypeReferenceImpl) boolean
    Adding basic (CtTypeReferenceImpl) boolean
      Resolved with match basic (CtTypeReferenceImpl) boolean
    Resolved as new metrics (CtConstructorImpl) <init> @ src/main/java/org/apache/commons/exec/StreamPumper.java:89:12
  Adding metrics (CtMethodImpl) waitFor @ src/main/java/org/apache/commons/exec/DefaultExecuteResultHandler.java:118:17
    Adding basic (CtTypeReferenceImpl) boolean
      Resolved with match basic (CtTypeReferenceImpl) boolean
    Adding basic (CtTypeReferenceImpl) boolean
      Resolved with match basic (CtTypeReferenceImpl) boolean
    Adding basic (CtTypeReferenceImpl) long
      Resolved with match basic (CtTypeReferenceImpl) long
    Adding select field (CtFieldImpl) SLEEP_TIME_MS @ src/main/java/org/apache/commons/exec/DefaultExecuteResultHandler.java:30:30
      Resolved as new select field (CtFieldImpl) SLEEP_TIME_MS @ src/main/java/org/apache/commons/exec/DefaultExecuteResultHandler.java:30:30
    Adding basic (CtTypeReferenceImpl) int
      Resolved with match basic (CtTypeReferenceImpl) int
    Resolved as new metrics (CtMethodImpl) waitFor @ src/main/java/org/apache/commons/exec/DefaultExecuteResultHandler.java:118:17
  Adding metrics (CtMethodImpl) onProcessFailed @ src/main/java/org/apache/commons/exec/DefaultExecuteResultHandler.java:61:17
    Adding basic (CtTypeReferenceImpl) int
      Resolved with match basic (CtTypeReferenceImpl) int
    Adding basic (CtTypeReferenceImpl) int
      Resolved with match basic (CtTypeReferenceImpl) int
    Adding basic (CtTypeReferenceImpl) int
      Resolved with match basic (CtTypeReferenceImpl) int
    Adding select field (CtFieldImpl) exception @ src/main/java/org/apache/commons/exec/DefaultExecuteResultHandler.java:39:39
      Resolved as new select field (CtFieldImpl) exception @ src/main/java/org/apache/commons/exec/DefaultExecuteResultHandler.java:39:39
    Adding basic (CtTypeReferenceImpl) boolean
      Resolved with match basic (CtTypeReferenceImpl) boolean
    Adding basic (CtTypeReferenceImpl) boolean
      Resolved with match basic (CtTypeReferenceImpl) boolean
    Adding basic (CtTypeReferenceImpl) boolean
      Resolved with match basic (CtTypeReferenceImpl) boolean
    Resolved as new metrics (CtMethodImpl) onProcessFailed @ src/main/java/org/apache/commons/exec/DefaultExecuteResultHandler.java:61:17
  Adding metrics (CtMethodImpl) onProcessComplete @ src/main/java/org/apache/commons/exec/DefaultExecuteResultHandler.java:52:17
    Adding basic (CtTypeReferenceImpl) int
      Resolved with match basic (CtTypeReferenceImpl) int
    Adding basic (CtTypeReferenceImpl) int
      Resolved with match basic (CtTypeReferenceImpl) int
    Adding basic (CtTypeReferenceImpl) int
      Resolved with match basic (CtTypeReferenceImpl) int
    Adding basic (CtTypeReferenceImpl) boolean
      Resolved with match basic (CtTypeReferenceImpl) boolean
    Adding basic (CtTypeReferenceImpl) boolean
      Resolved with match basic (CtTypeReferenceImpl) boolean
    Adding basic (CtTypeReferenceImpl) boolean
      Resolved with match basic (CtTypeReferenceImpl) boolean
    Resolved as new metrics (CtMethodImpl) onProcessComplete @ src/main/java/org/apache/commons/exec/DefaultExecuteResultHandler.java:52:17
  Adding metrics (CtMethodImpl) getOut @ src/main/java/org/apache/commons/exec/PumpStreamHandler.java:221:28
    Resolved as new metrics (CtMethodImpl) getOut @ src/main/java/org/apache/commons/exec/PumpStreamHandler.java:221:28
  Adding metrics (CtMethodImpl) isFinished @ src/main/java/org/apache/commons/exec/StreamPumper.java:133:33
    Adding basic (CtTypeReferenceImpl) boolean
      Resolved with match basic (CtTypeReferenceImpl) boolean
    Resolved as new metrics (CtMethodImpl) isFinished @ src/main/java/org/apache/commons/exec/StreamPumper.java:133:33
  Adding metrics (CtMethodImpl) write @ src/main/java/org/apache/commons/exec/LogOutputStream.java:78:17
    Adding basic (CtTypeReferenceImpl) byte @ src/main/java/org/apache/commons/exec/LogOutputStream.java:79:15
      Resolved with match basic (CtTypeReferenceImpl) byte @ src/main/java/org/apache/commons/exec/LogOutputStream.java:79:15
    Adding basic (CtTypeReferenceImpl) int
      Resolved with match basic (CtTypeReferenceImpl) int
    Adding basic (CtTypeReferenceImpl) byte @ src/main/java/org/apache/commons/exec/LogOutputStream.java:79:25
      Resolved with match basic (CtTypeReferenceImpl) byte @ src/main/java/org/apache/commons/exec/LogOutputStream.java:79:25
    Adding basic (CtTypeReferenceImpl) boolean
      Resolved with match basic (CtTypeReferenceImpl) boolean
    Adding basic (CtTypeReferenceImpl) boolean
      Resolved with match basic (CtTypeReferenceImpl) boolean
    Adding basic (CtTypeReferenceImpl) byte
      Resolved with match basic (CtTypeReferenceImpl) byte
    Adding basic (CtTypeReferenceImpl) char
      Resolved with match basic (CtTypeReferenceImpl) char
    Adding basic (CtTypeReferenceImpl) boolean
      Resolved with match basic (CtTypeReferenceImpl) boolean
    Adding basic (CtTypeReferenceImpl) byte
      Resolved with match basic (CtTypeReferenceImpl) byte
    Adding basic (CtTypeReferenceImpl) char
      Resolved with match basic (CtTypeReferenceImpl) char
    Adding basic (CtTypeReferenceImpl) boolean
      Resolved with match basic (CtTypeReferenceImpl) boolean
    Adding select field (CtFieldImpl) skip @ src/main/java/org/apache/commons/exec/LogOutputStream.java:49:21
      Resolved as new select field (CtFieldImpl) skip @ src/main/java/org/apache/commons/exec/LogOutputStream.java:49:21
    Adding basic (CtTypeReferenceImpl) boolean
      Resolved with match basic (CtTypeReferenceImpl) boolean
    Adding method (CtMethodImpl) write
      Adding signature (CtMethodImpl) write
        Adding parameter (CtParameterImpl) arg0
          Adding basic (CtTypeReferenceImpl) int
            Resolved with match basic (CtTypeReferenceImpl) int
          Resolved as new parameter (CtParameterImpl) arg0
        Resolved as new signature (CtMethodImpl) write
      Resolved as new method (CtMethodImpl) write
    Adding basic (CtTypeReferenceImpl) int
      Resolved with match basic (CtTypeReferenceImpl) int
    Adding basic (CtTypeReferenceImpl) int
      Resolved with match basic (CtTypeReferenceImpl) int
    Adding basic (CtTypeReferenceImpl) boolean
      Resolved with match basic (CtTypeReferenceImpl) boolean
    Adding basic (CtTypeReferenceImpl) boolean
      Resolved with match basic (CtTypeReferenceImpl) boolean
    Adding basic (CtTypeReferenceImpl) boolean
      Resolved with match basic (CtTypeReferenceImpl) boolean
    Adding basic (CtTypeReferenceImpl) byte
      Resolved with match basic (CtTypeReferenceImpl) byte
    Adding basic (CtTypeReferenceImpl) char
      Resolved with match basic (CtTypeReferenceImpl) char
    Resolved as new metrics (CtMethodImpl) write @ src/main/java/org/apache/commons/exec/LogOutputStream.java:78:17
  Adding metrics (CtMethodImpl) stop @ src/main/java/org/apache/commons/exec/Watchdog.java:68:30
    Adding basic (CtTypeReferenceImpl) boolean
      Resolved with match basic (CtTypeReferenceImpl) boolean
    Adding basic (CtTypeReferenceImpl) boolean
      Resolved with match basic (CtTypeReferenceImpl) boolean
    Adding basic (CtTypeReferenceImpl) boolean
      Resolved with match basic (CtTypeReferenceImpl) boolean
    Resolved as new metrics (CtMethodImpl) stop @ src/main/java/org/apache/commons/exec/Watchdog.java:68:30
  Adding metrics (CtMethodImpl) processLine @ src/main/java/org/apache/commons/exec/LogOutputStream.java:171:20
    Adding basic (CtTypeReferenceImpl) int
      Resolved with match basic (CtTypeReferenceImpl) int
    Adding basic (CtTypeReferenceImpl) int
      Resolved with match basic (CtTypeReferenceImpl) int
    Resolved as new metrics (CtMethodImpl) processLine @ src/main/java/org/apache/commons/exec/LogOutputStream.java:171:20
  Adding metrics (CtMethodImpl) add @ src/main/java/org/apache/commons/exec/ShutdownHookProcessDestroyer.java:140:20
    [34mUnused type args: [java.lang.Process][0m
    Adding object instantiation java.util.Vector<java.lang.Process>
      Resolved with match object instantiation java.util.Vector<java.lang.Process>
    Adding basic (CtTypeReferenceImpl) boolean
      Resolved with match basic (CtTypeReferenceImpl) boolean
    Adding object instantiation java.util.Vector<java.lang.Process>
      Resolved with match object instantiation java.util.Vector<java.lang.Process>
    [34mUnused type args: [java.lang.Process][0m
    Adding basic (CtTypeReferenceImpl) int
      Resolved with match basic (CtTypeReferenceImpl) int
    Adding basic (CtTypeReferenceImpl) int
      Resolved with match basic (CtTypeReferenceImpl) int
    Adding object instantiation java.util.Vector<java.lang.Process>
      Resolved with match object instantiation java.util.Vector<java.lang.Process>
    Adding method for call site (CtMethodImpl) addElement
      Adding signature (CtMethodImpl) addElement
        Adding parameter (CtParameterImpl) arg0
          Resolved as new parameter (CtParameterImpl) arg0
        Resolved as new signature (CtMethodImpl) addElement
      Resolved as new method for call site (CtMethodImpl) addElement
    [34mUnused type args: [java.lang.Process][0m
    Adding object instantiation java.util.Vector<java.lang.Process>
      Resolved with match object instantiation java.util.Vector<java.lang.Process>
    Adding method for call site (CtMethodImpl) contains
      Adding method (CtMethodImpl) contains
        Adding signature (CtMethodImpl) contains
          Adding parameter (CtParameterImpl) arg0
            Resolved with match parameter (CtParameterImpl) arg0
          Adding parameter <unnamed> boolean
            Adding basic (CtTypeReferenceImpl) boolean
              Resolved with match basic (CtTypeReferenceImpl) boolean
            Resolved as new parameter <unnamed> boolean
          Resolved as new signature (CtMethodImpl) contains
        Resolved as new method (CtMethodImpl) contains
      Adding signature (CtMethodImpl) contains
        Adding parameter (CtParameterImpl) arg0
          Resolved with match parameter (CtParameterImpl) arg0
        Adding parameter <unnamed> boolean
          Resolved with match parameter <unnamed> boolean
        Resolved as new signature (CtMethodImpl) contains
      Resolved as new method for call site (CtMethodImpl) contains
    [34mUnused type args: [java.lang.Process][0m
    Adding basic (CtTypeReferenceImpl) boolean
      Resolved with match basic (CtTypeReferenceImpl) boolean
    Resolved as new metrics (CtMethodImpl) add @ src/main/java/org/apache/commons/exec/ShutdownHookProcessDestroyer.java:140:20
  Adding metrics (CtMethodImpl) start @ src/main/java/org/apache/commons/exec/ExecuteWatchdog.java:107:30
    Adding basic (CtTypeReferenceImpl) boolean
      Resolved with match basic (CtTypeReferenceImpl) boolean
    Adding object decl (CtClassImpl) NullPointerException
      Adding struct (CtClassImpl) NullPointerException
        Resolved as new struct (CtClassImpl) NullPointerException
      Resolved as new object decl (CtClassImpl) NullPointerException
    Adding constructor (CtConstructorImpl) <init>
      Adding constructor signature (CtConstructorImpl) <init>
        Adding parameter (CtParameterImpl) arg0
          Resolved with match parameter (CtParameterImpl) arg0
        Adding parameter <unnamed> java.lang.NullPointerException
          Resolved as new parameter <unnamed> java.lang.NullPointerException
        Resolved as new constructor signature (CtConstructorImpl) <init>
      Resolved as new constructor (CtConstructorImpl) <init>
    [34mIgnoring implicit executable reference: (CtExecutableReferenceImpl) <init>[0m
    Adding basic (CtTypeReferenceImpl) boolean
      Resolved with match basic (CtTypeReferenceImpl) boolean
    [34mIgnoring implicit executable reference: (CtExecutableReferenceImpl) <init>[0m
    Adding basic (CtTypeReferenceImpl) boolean
      Resolved with match basic (CtTypeReferenceImpl) boolean
    Adding basic (CtTypeReferenceImpl) boolean
      Resolved with match basic (CtTypeReferenceImpl) boolean
    Adding basic (CtTypeReferenceImpl) boolean
      Resolved with match basic (CtTypeReferenceImpl) boolean
    Adding basic (CtTypeReferenceImpl) boolean
      Resolved with match basic (CtTypeReferenceImpl) boolean
    Adding basic (CtTypeReferenceImpl) boolean
      Resolved with match basic (CtTypeReferenceImpl) boolean
    Adding basic (CtTypeReferenceImpl) boolean
      Resolved with match basic (CtTypeReferenceImpl) boolean
    Adding basic (CtTypeReferenceImpl) boolean
      Resolved with match basic (CtTypeReferenceImpl) boolean
    Adding basic (CtTypeReferenceImpl) boolean
      Resolved with match basic (CtTypeReferenceImpl) boolean
    Adding basic (CtTypeReferenceImpl) boolean
      Resolved with match basic (CtTypeReferenceImpl) boolean
    Adding basic (CtTypeReferenceImpl) boolean
      Resolved with match basic (CtTypeReferenceImpl) boolean
    Resolved as new metrics (CtMethodImpl) start @ src/main/java/org/apache/commons/exec/ExecuteWatchdog.java:107:30
  Adding metrics (CtMethodImpl) stopThread @ src/main/java/org/apache/commons/exec/PumpStreamHandler.java:283:20
    Adding basic (CtTypeReferenceImpl) boolean
      Resolved with match basic (CtTypeReferenceImpl) boolean
    Adding basic (CtTypeReferenceImpl) boolean
      Resolved with match basic (CtTypeReferenceImpl) boolean
    Adding basic (CtTypeReferenceImpl) long
      Resolved with match basic (CtTypeReferenceImpl) long
    Adding basic (CtTypeReferenceImpl) int
      Resolved with match basic (CtTypeReferenceImpl) int
    Adding method (CtMethodImpl) join
      Resolved as new method (CtMethodImpl) join
    Adding basic (CtTypeReferenceImpl) long @ src/main/java/org/apache/commons/exec/PumpStreamHandler.java:290:27
      Resolved with match basic (CtTypeReferenceImpl) long @ src/main/java/org/apache/commons/exec/PumpStreamHandler.java:290:27
    Adding basic (CtTypeReferenceImpl) long
      Resolved with match basic (CtTypeReferenceImpl) long
    Adding basic (CtTypeReferenceImpl) long
      Resolved with match basic (CtTypeReferenceImpl) long
    Adding select field (CtFieldImpl) STOP_TIMEOUT_ADDITION @ src/main/java/org/apache/commons/exec/PumpStreamHandler.java:37:31
      Resolved as new select field (CtFieldImpl) STOP_TIMEOUT_ADDITION @ src/main/java/org/apache/commons/exec/PumpStreamHandler.java:37:31
    Adding basic (CtTypeReferenceImpl) long
      Resolved with match basic (CtTypeReferenceImpl) long
    Adding basic (CtTypeReferenceImpl) long @ src/main/java/org/apache/commons/exec/PumpStreamHandler.java:291:27
      Resolved with match basic (CtTypeReferenceImpl) long @ src/main/java/org/apache/commons/exec/PumpStreamHandler.java:291:27
    Adding basic (CtTypeReferenceImpl) long
      Resolved with match basic (CtTypeReferenceImpl) long
    Adding method (CtMethodImpl) join
      Resolved as new method (CtMethodImpl) join
    Adding basic (CtTypeReferenceImpl) long
      Resolved with match basic (CtTypeReferenceImpl) long
    Adding basic (CtTypeReferenceImpl) long
      Resolved with match basic (CtTypeReferenceImpl) long
    Adding basic (CtTypeReferenceImpl) boolean
      Resolved with match basic (CtTypeReferenceImpl) boolean
    Adding basic (CtTypeReferenceImpl) long
      Resolved with match basic (CtTypeReferenceImpl) long
    Adding basic (CtTypeReferenceImpl) long
      Resolved with match basic (CtTypeReferenceImpl) long
    Adding basic (CtTypeReferenceImpl) long
      Resolved with match basic (CtTypeReferenceImpl) long
    Adding basic (CtTypeReferenceImpl) long
      Resolved with match basic (CtTypeReferenceImpl) long
    Adding basic (CtTypeReferenceImpl) long
      Resolved with match basic (CtTypeReferenceImpl) long
    [34mIgnoring implicit executable reference: (CtExecutableReferenceImpl) <init>[0m
    Adding basic (CtTypeReferenceImpl) int
      Resolved with match basic (CtTypeReferenceImpl) int
    Adding basic (CtTypeReferenceImpl) int
      Resolved with match basic (CtTypeReferenceImpl) int
    Adding method (CtMethodImpl) interrupt
      Resolved as new method (CtMethodImpl) interrupt
    Resolved as new metrics (CtMethodImpl) stopThread @ src/main/java/org/apache/commons/exec/PumpStreamHandler.java:283:20
  Adding metrics (CtMethodImpl) createPump @ src/main/java/org/apache/commons/exec/PumpStreamHandler.java:268:22
    [34mIgnoring implicit executable reference: (CtExecutableReferenceImpl) <init>[0m
    [34mIgnoring implicit executable reference: (CtExecutableReferenceImpl) <init>[0m
    Adding basic (CtTypeReferenceImpl) boolean
      Resolved with match basic (CtTypeReferenceImpl) boolean
    Adding basic (CtTypeReferenceImpl) boolean
      Resolved with match basic (CtTypeReferenceImpl) boolean
    Adding basic (CtTypeReferenceImpl) boolean
      Resolved with match basic (CtTypeReferenceImpl) boolean
    Adding basic (CtTypeReferenceImpl) boolean
      Resolved with match basic (CtTypeReferenceImpl) boolean
    Resolved as new metrics (CtMethodImpl) createPump @ src/main/java/org/apache/commons/exec/PumpStreamHandler.java:268:22
  Adding metrics (CtConstructorImpl) <init> @ src/main/java/org/apache/commons/exec/PumpStreamHandler.java:71:12
    [34mIgnoring implicit executable reference: (CtExecutableReferenceImpl) <init>[0m
    [34mIgnoring implicit executable reference: (CtExecutableReferenceImpl) <init>[0m
    Resolved as new metrics (CtConstructorImpl) <init> @ src/main/java/org/apache/commons/exec/PumpStreamHandler.java:71:12
  Adding metrics (CtConstructorImpl) <init> @ src/main/java/org/apache/commons/exec/LogOutputStream.java:66:12
    [34mIgnoring implicit executable reference: (CtExecutableReferenceImpl) <init>[0m
    [34mIgnoring implicit executable reference: (CtExecutableReferenceImpl) <init>[0m
    Adding basic (CtTypeReferenceImpl) int
      Resolved with match basic (CtTypeReferenceImpl) int
    Adding basic (CtTypeReferenceImpl) int
      Resolved with match basic (CtTypeReferenceImpl) int
    Adding basic (CtTypeReferenceImpl) int
      Resolved with match basic (CtTypeReferenceImpl) int
    Resolved as new metrics (CtConstructorImpl) <init> @ src/main/java/org/apache/commons/exec/LogOutputStream.java:66:12
  Adding metrics (CtMethodImpl) closeProcessStreams @ src/main/java/org/apache/commons/exec/DefaultExecutor.java:296:18
    Adding method (CtMethodImpl) close
      Adding signature (CtMethodImpl) close
        Resolved with match signature (CtMethodImpl) close
      Resolved as new method (CtMethodImpl) close
    Resolved as new metrics (CtMethodImpl) closeProcessStreams @ src/main/java/org/apache/commons/exec/DefaultExecutor.java:296:18
  Adding metrics (CtMethodImpl) createProcessOutputPump @ src/main/java/org/apache/commons/exec/PumpStreamHandler.java:231:20
    Resolved as new metrics (CtMethodImpl) createProcessOutputPump @ src/main/java/org/apache/commons/exec/PumpStreamHandler.java:231:20
  Adding metrics (CtMethodImpl) setWatchdog @ src/main/java/org/apache/commons/exec/DefaultExecutor.java:116:17
    Resolved as new metrics (CtMethodImpl) setWatchdog @ src/main/java/org/apache/commons/exec/DefaultExecutor.java:116:17
  Adding metrics (CtMethodImpl) getException @ src/main/java/org/apache/commons/exec/DefaultExecuteResultHandler.java:73:29
    Adding basic (CtTypeReferenceImpl) boolean
      Resolved with match basic (CtTypeReferenceImpl) boolean
    Adding basic (CtTypeReferenceImpl) boolean
      Resolved with match basic (CtTypeReferenceImpl) boolean
    [34mIgnoring implicit executable reference: (CtExecutableReferenceImpl) <init>[0m
    Resolved as new metrics (CtMethodImpl) getException @ src/main/java/org/apache/commons/exec/DefaultExecuteResultHandler.java:73:29
  Adding metrics (CtMethodImpl) createProcessErrorPump @ src/main/java/org/apache/commons/exec/PumpStreamHandler.java:241:20
    Resolved as new metrics (CtMethodImpl) createProcessErrorPump @ src/main/java/org/apache/commons/exec/PumpStreamHandler.java:241:20
  Adding metrics (CtMethodImpl) setExceptionCaught @ src/main/java/org/apache/commons/exec/DefaultExecutor.java:436:18
    Adding basic (CtTypeReferenceImpl) boolean
      Resolved with match basic (CtTypeReferenceImpl) boolean
    Resolved as new metrics (CtMethodImpl) setExceptionCaught @ src/main/java/org/apache/commons/exec/DefaultExecutor.java:436:18
  Adding metrics (CtMethodImpl) ensureStarted @ src/main/java/org/apache/commons/exec/ExecuteWatchdog.java:240:18
    Adding basic (CtTypeReferenceImpl) boolean
      Resolved with match basic (CtTypeReferenceImpl) boolean
    Adding basic (CtTypeReferenceImpl) boolean
      Resolved with match basic (CtTypeReferenceImpl) boolean
    Adding basic (CtTypeReferenceImpl) boolean
      Resolved with match basic (CtTypeReferenceImpl) boolean
    Adding basic (CtTypeReferenceImpl) boolean
      Resolved with match basic (CtTypeReferenceImpl) boolean
    [34mIgnoring implicit executable reference: (CtExecutableReferenceImpl) <init>[0m
    Resolved as new metrics (CtMethodImpl) ensureStarted @ src/main/java/org/apache/commons/exec/ExecuteWatchdog.java:240:18
  Adding metrics (CtConstructorImpl) <init> @ src/main/java/org/apache/commons/exec/DefaultExecutor.java:84:12
    [34mIgnoring implicit executable reference: (CtExecutableReferenceImpl) <init>[0m
    [34mIgnoring implicit executable reference: (CtExecutableReferenceImpl) <init>[0m
    [34mIgnoring implicit executable reference: (CtExecutableReferenceImpl) <init>[0m
    Adding basic (CtTypeReferenceImpl) int
      Resolved with match basic (CtTypeReferenceImpl) int
    Adding basic (CtTypeReferenceImpl) int
      Resolved with match basic (CtTypeReferenceImpl) int
    Adding basic (CtTypeReferenceImpl) int @ src/main/java/org/apache/commons/exec/DefaultExecutor.java:87:31
      Resolved with match basic (CtTypeReferenceImpl) int @ src/main/java/org/apache/commons/exec/DefaultExecutor.java:87:31
    Adding basic (CtTypeReferenceImpl) int
      Resolved with match basic (CtTypeReferenceImpl) int
    Adding select field (CtFieldImpl) workingDirectory @ src/main/java/org/apache/commons/exec/DefaultExecutor.java:54:18
      Resolved as new select field (CtFieldImpl) workingDirectory @ src/main/java/org/apache/commons/exec/DefaultExecutor.java:54:18
    Adding constructor (CtConstructorImpl) <init>
      Adding constructor signature (CtConstructorImpl) <init>
        Adding parameter (CtParameterImpl) arg0
          Resolved with match parameter (CtParameterImpl) arg0
        Adding parameter <unnamed> java.io.File
          Resolved with match parameter <unnamed> java.io.File
        Resolved as new constructor signature (CtConstructorImpl) <init>
      Resolved as new constructor (CtConstructorImpl) <init>
    [34mIgnoring implicit executable reference: (CtExecutableReferenceImpl) <init>[0m
    Resolved as new metrics (CtConstructorImpl) <init> @ src/main/java/org/apache/commons/exec/DefaultExecutor.java:84:12
  Adding metrics (CtMethodImpl) getProcessDestroyer @ src/main/java/org/apache/commons/exec/DefaultExecutor.java:123:29
    Resolved as new metrics (CtMethodImpl) getProcessDestroyer @ src/main/java/org/apache/commons/exec/DefaultExecutor.java:123:29
  Adding metrics (CtConstructorImpl) <init> @ src/main/java/org/apache/commons/exec/InputStreamPumper.java:51:12
    [34mIgnoring implicit executable reference: (CtExecutableReferenceImpl) <init>[0m
    [34mIgnoring implicit executable reference: (CtExecutableReferenceImpl) <init>[0m
    Adding basic (CtTypeReferenceImpl) boolean
      Resolved with match basic (CtTypeReferenceImpl) boolean
    Adding basic (CtTypeReferenceImpl) boolean
      Resolved with match basic (CtTypeReferenceImpl) boolean
    Adding basic (CtTypeReferenceImpl) boolean
      Resolved with match basic (CtTypeReferenceImpl) boolean
    Resolved as new metrics (CtConstructorImpl) <init> @ src/main/java/org/apache/commons/exec/InputStreamPumper.java:51:12
  Adding metrics (CtMethodImpl) setShouldDestroy @ src/main/java/org/apache/commons/exec/ShutdownHookProcessDestroyer.java:60:21
    Adding basic (CtTypeReferenceImpl) boolean
      Resolved with match basic (CtTypeReferenceImpl) boolean
    Adding basic (CtTypeReferenceImpl) boolean
      Resolved with match basic (CtTypeReferenceImpl) boolean
    Adding basic (CtTypeReferenceImpl) boolean
      Resolved with match basic (CtTypeReferenceImpl) boolean
    Resolved as new metrics (CtMethodImpl) setShouldDestroy @ src/main/java/org/apache/commons/exec/ShutdownHookProcessDestroyer.java:60:21
  Adding metrics (CtMethodImpl) getWorkingDirectory @ src/main/java/org/apache/commons/exec/DefaultExecutor.java:137:17
    Resolved as new metrics (CtMethodImpl) getWorkingDirectory @ src/main/java/org/apache/commons/exec/DefaultExecutor.java:137:17
  Adding metrics (CtMethodImpl) getWatchdog @ src/main/java/org/apache/commons/exec/DefaultExecutor.java:109:28
    Resolved as new metrics (CtMethodImpl) getWatchdog @ src/main/java/org/apache/commons/exec/DefaultExecutor.java:109:28
  Adding metrics (CtMethodImpl) execute @ src/main/java/org/apache/commons/exec/DefaultExecutor.java:151:16
    Adding basic (CtTypeReferenceImpl) int
      Resolved with match basic (CtTypeReferenceImpl) int
    [34mUnused type args: [java.lang.String, java.lang.String][0m
    Adding interface instantiation java.util.Map<java.lang.String, java.lang.String>
      Resolved with match interface instantiation java.util.Map<java.lang.String, java.lang.String>
    [34mUnused type args: [java.lang.String @ src/main/java/org/apache/commons/exec/DefaultExecutor.java:153:38, java.lang.String @ src/main/java/org/apache/commons/exec/DefaultExecutor.java:153:46][0m
    Adding interface instantiation java.util.Map @ src/main/java/org/apache/commons/exec/DefaultExecutor.java:153:34<java.lang.String @ src/main/java/org/apache/commons/exec/DefaultExecutor.java:153:38, java.lang.String @ src/main/java/org/apache/commons/exec/DefaultExecutor.java:153:46>
      Resolved with match interface instantiation java.util.Map @ src/main/java/org/apache/commons/exec/DefaultExecutor.java:153:34<java.lang.String @ src/main/java/org/apache/commons/exec/DefaultExecutor.java:153:38, java.lang.String @ src/main/java/org/apache/commons/exec/DefaultExecutor.java:153:46>
    Resolved as new metrics (CtMethodImpl) execute @ src/main/java/org/apache/commons/exec/DefaultExecutor.java:151:16
  Adding metrics (CtMethodImpl) failedToStart @ src/main/java/org/apache/commons/exec/ExecuteWatchdog.java:131:30
    Adding basic (CtTypeReferenceImpl) boolean
      Resolved with match basic (CtTypeReferenceImpl) boolean
    Adding basic (CtTypeReferenceImpl) boolean
      Resolved with match basic (CtTypeReferenceImpl) boolean
    Adding basic (CtTypeReferenceImpl) boolean
      Resolved with match basic (CtTypeReferenceImpl) boolean
    Resolved as new metrics (CtMethodImpl) failedToStart @ src/main/java/org/apache/commons/exec/ExecuteWatchdog.java:131:30
  Adding metrics (CtMethodImpl) hasResult @ src/main/java/org/apache/commons/exec/DefaultExecuteResultHandler.java:102:20
    Adding basic (CtTypeReferenceImpl) boolean
      Resolved with match basic (CtTypeReferenceImpl) boolean
    Resolved as new metrics (CtMethodImpl) hasResult @ src/main/java/org/apache/commons/exec/DefaultExecuteResultHandler.java:102:20
  Adding metrics (CtMethodImpl) flush @ src/main/java/org/apache/commons/exec/LogOutputStream.java:96:17
    Adding basic (CtTypeReferenceImpl) boolean
      Resolved with match basic (CtTypeReferenceImpl) boolean
    Adding basic (CtTypeReferenceImpl) int
      Resolved with match basic (CtTypeReferenceImpl) int
    Adding basic (CtTypeReferenceImpl) int
      Resolved with match basic (CtTypeReferenceImpl) int
    Resolved as new metrics (CtMethodImpl) flush @ src/main/java/org/apache/commons/exec/LogOutputStream.java:96:17
  Adding metrics (CtMethodImpl) fireTimeoutOccured @ src/main/java/org/apache/commons/exec/Watchdog.java:54:26
    Adding interface instantiation java.util.Enumeration @ src/main/java/org/apache/commons/exec/Watchdog.java:55:15<org.apache.commons.exec.TimeoutObserver @ src/main/java/org/apache/commons/exec/Watchdog.java:55:27>
      Adding interface description (CtInterfaceImpl) Enumeration
        Resolved as new interface description (CtInterfaceImpl) Enumeration
      Resolved as new interface instantiation java.util.Enumeration @ src/main/java/org/apache/commons/exec/Watchdog.java:55:15<org.apache.commons.exec.TimeoutObserver @ src/main/java/org/apache/commons/exec/Watchdog.java:55:27>
    [34mUnused type args: [org.apache.commons.exec.TimeoutObserver @ src/main/java/org/apache/commons/exec/Watchdog.java:55:27][0m
    Adding object instantiation java.util.Vector<org.apache.commons.exec.TimeoutObserver>
      Resolved with match object instantiation java.util.Vector<org.apache.commons.exec.TimeoutObserver>
    Adding method for call site (CtMethodImpl) elements
      Adding signature (CtMethodImpl) elements
        Adding parameter <unnamed> java.util.Enumeration<E>
          Adding interface instantiation java.util.Enumeration<E>
            Resolved with match interface instantiation java.util.Enumeration<E>
          Resolved as new parameter <unnamed> java.util.Enumeration<E>
        Resolved as new signature (CtMethodImpl) elements
      Resolved as new method for call site (CtMethodImpl) elements
    [34mUnused type args: [org.apache.commons.exec.TimeoutObserver][0m
    [34mUnused type args: [org.apache.commons.exec.TimeoutObserver][0m
    Adding interface instantiation java.util.Enumeration<org.apache.commons.exec.TimeoutObserver>
      Resolved with match interface instantiation java.util.Enumeration<org.apache.commons.exec.TimeoutObserver>
    Adding interface instantiation java.util.Enumeration<org.apache.commons.exec.TimeoutObserver>
      Resolved with match interface instantiation java.util.Enumeration<org.apache.commons.exec.TimeoutObserver>
    [34mUnused type args: [org.apache.commons.exec.TimeoutObserver][0m
    Adding basic (CtTypeReferenceImpl) boolean
      Resolved with match basic (CtTypeReferenceImpl) boolean
    Adding interface instantiation java.util.Enumeration<org.apache.commons.exec.TimeoutObserver>
      Resolved with match interface instantiation java.util.Enumeration<org.apache.commons.exec.TimeoutObserver>
    [34mUnused type args: [org.apache.commons.exec.TimeoutObserver][0m
    Resolved as new metrics (CtMethodImpl) fireTimeoutOccured @ src/main/java/org/apache/commons/exec/Watchdog.java:54:26
  Adding metrics (CtMethodImpl) execute @ src/main/java/org/apache/commons/exec/DefaultExecutor.java:183:17
    Adding basic (CtTypeReferenceImpl) boolean
      Resolved with match basic (CtTypeReferenceImpl) boolean
    Adding basic (CtTypeReferenceImpl) boolean
      Resolved with match basic (CtTypeReferenceImpl) boolean
    Adding basic (CtTypeReferenceImpl) boolean
      Resolved with match basic (CtTypeReferenceImpl) boolean
    Adding basic (CtTypeReferenceImpl) boolean
      Resolved with match basic (CtTypeReferenceImpl) boolean
    [34mIgnoring implicit executable reference: (CtExecutableReferenceImpl) <init>[0m
    Adding basic (CtTypeReferenceImpl) boolean
      Resolved with match basic (CtTypeReferenceImpl) boolean
    [34mIgnoring anonymous type: (CtTypeReferenceImpl) org.apache.commons.exec.DefaultExecutor$1[0m
    [34mIgnoring implicit executable reference: (CtExecutableReferenceImpl) <init>[0m
    [34mIgnoring anonymous type: (CtTypeReferenceImpl) org.apache.commons.exec.DefaultExecutor$1[0m
    [34mIgnoring anonymous object declaration: (CtClassImpl) 1 @ src/main/java/org/apache/commons/exec/DefaultExecutor.java:195:9[0m
    [34mIgnoring implicit executable reference: (CtExecutableReferenceImpl) <init>[0m
    [34mIgnoring implicit executable reference: (CtExecutableReferenceImpl) <init>[0m
    [34mIgnoring method of an anonymous declaring type: (CtMethodImpl) run @ src/main/java/org/apache/commons/exec/DefaultExecutor.java:196:25 in (CtClassImpl) 1 @ src/main/java/org/apache/commons/exec/DefaultExecutor.java:195:9[0m
    Adding basic (CtTypeReferenceImpl) int @ src/main/java/org/apache/commons/exec/DefaultExecutor.java:198:17
      Resolved with match basic (CtTypeReferenceImpl) int @ src/main/java/org/apache/commons/exec/DefaultExecutor.java:198:17
    Adding basic (CtTypeReferenceImpl) int
      Resolved with match basic (CtTypeReferenceImpl) int
    Adding basic (CtTypeReferenceImpl) int
      Resolved with match basic (CtTypeReferenceImpl) int
    Adding basic (CtTypeReferenceImpl) int
      Resolved with match basic (CtTypeReferenceImpl) int
    Adding basic (CtTypeReferenceImpl) int
      Resolved with match basic (CtTypeReferenceImpl) int
    [34mUnused type args: [java.lang.String, java.lang.String][0m
    Adding interface instantiation java.util.Map<java.lang.String, java.lang.String>
      Resolved with match interface instantiation java.util.Map<java.lang.String, java.lang.String>
    Adding interface instantiation java.util.Map<java.lang.String, java.lang.String>
      Resolved with match interface instantiation java.util.Map<java.lang.String, java.lang.String>
    [34mUnused type args: [java.lang.String, java.lang.String][0m
    Adding basic (CtTypeReferenceImpl) int
      Resolved with match basic (CtTypeReferenceImpl) int
    Adding basic (CtTypeReferenceImpl) int
      Resolved with match basic (CtTypeReferenceImpl) int
    [34mIgnoring implicit executable reference: (CtExecutableReferenceImpl) <init>[0m
    Adding basic (CtTypeReferenceImpl) int
      Resolved with match basic (CtTypeReferenceImpl) int
    Adding basic (CtTypeReferenceImpl) int
      Resolved with match basic (CtTypeReferenceImpl) int
    Resolved as new metrics (CtMethodImpl) execute @ src/main/java/org/apache/commons/exec/DefaultExecutor.java:183:17
  Adding metrics (CtMethodImpl) setWorkingDirectory @ src/main/java/org/apache/commons/exec/DefaultExecutor.java:144:17
    Resolved as new metrics (CtMethodImpl) setWorkingDirectory @ src/main/java/org/apache/commons/exec/DefaultExecutor.java:144:17
  Adding metrics (CtConstructorImpl) <init> @ src/main/java/org/apache/commons/exec/PumpStreamHandler.java:92:12
    [34mIgnoring implicit executable reference: (CtExecutableReferenceImpl) <init>[0m
    [34mIgnoring implicit executable reference: (CtExecutableReferenceImpl) <init>[0m
    Resolved as new metrics (CtConstructorImpl) <init> @ src/main/java/org/apache/commons/exec/PumpStreamHandler.java:92:12
  Adding metrics (CtMethodImpl) getExitValue @ src/main/java/org/apache/commons/exec/DefaultExecuteResultHandler.java:88:16
    Adding basic (CtTypeReferenceImpl) boolean
      Resolved with match basic (CtTypeReferenceImpl) boolean
    Adding basic (CtTypeReferenceImpl) boolean
      Resolved with match basic (CtTypeReferenceImpl) boolean
    [34mIgnoring implicit executable reference: (CtExecutableReferenceImpl) <init>[0m
    Adding basic (CtTypeReferenceImpl) int
      Resolved with match basic (CtTypeReferenceImpl) int
    Resolved as new metrics (CtMethodImpl) getExitValue @ src/main/java/org/apache/commons/exec/DefaultExecuteResultHandler.java:88:16
  Adding metrics (CtMethodImpl) removeShutdownHook @ src/main/java/org/apache/commons/exec/ShutdownHookProcessDestroyer.java:94:18
    Adding basic (CtTypeReferenceImpl) boolean
      Resolved with match basic (CtTypeReferenceImpl) boolean
    Adding basic (CtTypeReferenceImpl) boolean
      Resolved with match basic (CtTypeReferenceImpl) boolean
    Adding basic (CtTypeReferenceImpl) boolean
      Resolved with match basic (CtTypeReferenceImpl) boolean
    Adding basic (CtTypeReferenceImpl) boolean
      Resolved with match basic (CtTypeReferenceImpl) boolean
    Adding basic (CtTypeReferenceImpl) boolean @ src/main/java/org/apache/commons/exec/ShutdownHookProcessDestroyer.java:96:19
      Resolved with match basic (CtTypeReferenceImpl) boolean @ src/main/java/org/apache/commons/exec/ShutdownHookProcessDestroyer.java:96:19
    Adding method (CtMethodImpl) removeShutdownHook
      Adding signature (CtMethodImpl) removeShutdownHook
        Adding parameter (CtParameterImpl) arg0
          Resolved with match parameter (CtParameterImpl) arg0
        Adding parameter <unnamed> boolean
          Adding basic (CtTypeReferenceImpl) boolean
            Resolved with match basic (CtTypeReferenceImpl) boolean
          Resolved as new parameter <unnamed> boolean
        Resolved as new signature (CtMethodImpl) removeShutdownHook
      Resolved as new method (CtMethodImpl) removeShutdownHook
    Adding basic (CtTypeReferenceImpl) boolean
      Resolved with match basic (CtTypeReferenceImpl) boolean
    Adding basic (CtTypeReferenceImpl) boolean
      Resolved with match basic (CtTypeReferenceImpl) boolean
    Adding basic (CtTypeReferenceImpl) boolean
      Resolved with match basic (CtTypeReferenceImpl) boolean
    Adding basic (CtTypeReferenceImpl) boolean
      Resolved with match basic (CtTypeReferenceImpl) boolean
    Adding basic (CtTypeReferenceImpl) boolean
      Resolved with match basic (CtTypeReferenceImpl) boolean
    Adding basic (CtTypeReferenceImpl) long
      Resolved with match basic (CtTypeReferenceImpl) long
    Adding basic (CtTypeReferenceImpl) int
      Resolved with match basic (CtTypeReferenceImpl) int
    Adding basic (CtTypeReferenceImpl) boolean
      Resolved with match basic (CtTypeReferenceImpl) boolean
    Adding basic (CtTypeReferenceImpl) boolean
      Resolved with match basic (CtTypeReferenceImpl) boolean
    Adding basic (CtTypeReferenceImpl) boolean
      Resolved with match basic (CtTypeReferenceImpl) boolean
    Resolved as new metrics (CtMethodImpl) removeShutdownHook @ src/main/java/org/apache/commons/exec/ShutdownHookProcessDestroyer.java:94:18
  Adding metrics (CtMethodImpl) setExitValue @ src/main/java/org/apache/commons/exec/DefaultExecutor.java:215:17
    Adding basic (CtTypeReferenceImpl) int
      Resolved with match basic (CtTypeReferenceImpl) int
    Adding basic (CtTypeReferenceImpl) int @ src/main/java/org/apache/commons/exec/DefaultExecutor.java:216:32
      Resolved with match basic (CtTypeReferenceImpl) int @ src/main/java/org/apache/commons/exec/DefaultExecutor.java:216:32
    Adding basic (CtTypeReferenceImpl) int
      Resolved with match basic (CtTypeReferenceImpl) int
    Resolved as new metrics (CtMethodImpl) setExitValue @ src/main/java/org/apache/commons/exec/DefaultExecutor.java:215:17
  Adding metrics (CtMethodImpl) getStreamHandler @ src/main/java/org/apache/commons/exec/DefaultExecutor.java:95:33
    Resolved as new metrics (CtMethodImpl) getStreamHandler @ src/main/java/org/apache/commons/exec/DefaultExecutor.java:95:33
  Adding metrics (CtMethodImpl) execute @ src/main/java/org/apache/commons/exec/DefaultExecutor.java:159:16
    Adding basic (CtTypeReferenceImpl) boolean
      Resolved with match basic (CtTypeReferenceImpl) boolean
    Adding basic (CtTypeReferenceImpl) boolean
      Resolved with match basic (CtTypeReferenceImpl) boolean
    Adding basic (CtTypeReferenceImpl) boolean
      Resolved with match basic (CtTypeReferenceImpl) boolean
    Adding basic (CtTypeReferenceImpl) boolean
      Resolved with match basic (CtTypeReferenceImpl) boolean
    [34mIgnoring implicit executable reference: (CtExecutableReferenceImpl) <init>[0m
    Adding basic (CtTypeReferenceImpl) int
      Resolved with match basic (CtTypeReferenceImpl) int
    [34mUnused type args: [java.lang.String, java.lang.String][0m
    Adding interface instantiation java.util.Map<java.lang.String, java.lang.String>
      Resolved with match interface instantiation java.util.Map<java.lang.String, java.lang.String>
    Adding interface instantiation java.util.Map<java.lang.String, java.lang.String>
      Resolved with match interface instantiation java.util.Map<java.lang.String, java.lang.String>
    [34mUnused type args: [java.lang.String, java.lang.String][0m
    Resolved as new metrics (CtMethodImpl) execute @ src/main/java/org/apache/commons/exec/DefaultExecutor.java:159:16
  Adding metrics (CtMethodImpl) getExceptionCaught @ src/main/java/org/apache/commons/exec/DefaultExecutor.java:447:25
    Resolved as new metrics (CtMethodImpl) getExceptionCaught @ src/main/java/org/apache/commons/exec/DefaultExecutor.java:447:25
  Adding metrics (CtMethodImpl) waitFor @ src/main/java/org/apache/commons/exec/DefaultExecuteResultHandler.java:138:17
    Adding basic (CtTypeReferenceImpl) long @ src/main/java/org/apache/commons/exec/DefaultExecuteResultHandler.java:140:15
      Resolved with match basic (CtTypeReferenceImpl) long @ src/main/java/org/apache/commons/exec/DefaultExecuteResultHandler.java:140:15
    Adding basic (CtTypeReferenceImpl) long
      Resolved with match basic (CtTypeReferenceImpl) long
    Adding basic (CtTypeReferenceImpl) long
      Resolved with match basic (CtTypeReferenceImpl) long
    Adding basic (CtTypeReferenceImpl) long
      Resolved with match basic (CtTypeReferenceImpl) long
    Adding basic (CtTypeReferenceImpl) boolean
      Resolved with match basic (CtTypeReferenceImpl) boolean
    Adding basic (CtTypeReferenceImpl) boolean
      Resolved with match basic (CtTypeReferenceImpl) boolean
    Adding basic (CtTypeReferenceImpl) boolean
      Resolved with match basic (CtTypeReferenceImpl) boolean
    Adding basic (CtTypeReferenceImpl) boolean
      Resolved with match basic (CtTypeReferenceImpl) boolean
    Adding basic (CtTypeReferenceImpl) long
      Resolved with match basic (CtTypeReferenceImpl) long
    Adding basic (CtTypeReferenceImpl) long
      Resolved with match basic (CtTypeReferenceImpl) long
    Adding basic (CtTypeReferenceImpl) long
      Resolved with match basic (CtTypeReferenceImpl) long
    Adding basic (CtTypeReferenceImpl) int
      Resolved with match basic (CtTypeReferenceImpl) int
    Resolved as new metrics (CtMethodImpl) waitFor @ src/main/java/org/apache/commons/exec/DefaultExecuteResultHandler.java:138:17
  Finishing field (CtFieldImpl) COMMONS_EXEC_LENIENT @ src/main/java/org/apache/commons/exec/util/DebugUtils.java:34:32
  Finishing field (CtFieldImpl) COMMONS_EXEC_DEBUG @ src/main/java/org/apache/commons/exec/util/DebugUtils.java:41:32
  Finishing field (CtFieldImpl) err
  Finishing field (CtFieldImpl) out
  Finishing field (CtFieldImpl) in
  Finishing interface description (CtInterfaceImpl) Enumeration
  Finishing interface description (CtInterfaceImpl) Enumeration
  Finishing interface instantiation java.util.Map<java.lang.String, java.lang.String>
  Finishing interface instantiation java.util.Map<java.lang.String, java.lang.String>
  Finishing interface instantiation java.util.Map<java.lang.String, java.lang.String>
  Finishing interface instantiation java.util.Enumeration @ src/main/java/org/apache/commons/exec/ShutdownHookProcessDestroyer.java:185:17<java.lang.Process @ src/main/java/org/apache/commons/exec/ShutdownHookProcessDestroyer.java:185:29>
  Finishing interface instantiation java.util.Enumeration<E>
  Finishing interface instantiation java.util.Enumeration<java.lang.Process>
  Finishing interface instantiation java.util.Enumeration<java.lang.Process>
  Finishing interface instantiation java.util.Enumeration<java.lang.Process>
  Finishing interface instantiation java.util.Map<java.lang.String, java.lang.String>
  Finishing interface instantiation java.util.Map<java.lang.String, java.lang.String>
  Finishing interface instantiation java.util.Map<java.lang.String, java.lang.String>
  Finishing interface instantiation java.util.Map @ src/main/java/org/apache/commons/exec/DefaultExecutor.java:153:34<java.lang.String @ src/main/java/org/apache/commons/exec/DefaultExecutor.java:153:38, java.lang.String @ src/main/java/org/apache/commons/exec/DefaultExecutor.java:153:46>
  Finishing interface instantiation java.util.Enumeration @ src/main/java/org/apache/commons/exec/Watchdog.java:55:15<org.apache.commons.exec.TimeoutObserver @ src/main/java/org/apache/commons/exec/Watchdog.java:55:27>
  Finishing interface instantiation java.util.Enumeration<E>
  Finishing interface instantiation java.util.Enumeration<org.apache.commons.exec.TimeoutObserver>
  Finishing interface instantiation java.util.Enumeration<org.apache.commons.exec.TimeoutObserver>
  Finishing interface instantiation java.util.Enumeration<org.apache.commons.exec.TimeoutObserver>
  Finishing interface instantiation java.util.Map<java.lang.String, java.lang.String>
  Finishing interface instantiation java.util.Map<java.lang.String, java.lang.String>
  Finishing interface instantiation java.util.Map<java.lang.String, java.lang.String>
  Finishing interface instantiation java.util.Map<java.lang.String, java.lang.String>
  Finishing constructor (CtConstructorImpl) <init>
  Finishing method (CtMethodImpl) exists
  Finishing constructor (CtConstructorImpl) <init>
  Finishing method (CtMethodImpl) write
  Finishing method (CtMethodImpl) start
  Finishing constructor (CtConstructorImpl) <init>
  Finishing method (CtMethodImpl) setDaemon
  Finishing method (CtMethodImpl) addElement
  Finishing method (CtMethodImpl) read
  Finishing method (CtMethodImpl) write
  Finishing method (CtMethodImpl) close
  Finishing method (CtMethodImpl) handleException @ src/main/java/org/apache/commons/exec/util/DebugUtils.java:49:24
  Finishing method (CtMethodImpl) removeElement
  Finishing method (CtMethodImpl) size
  Finishing method (CtMethodImpl) addShutdownHook
  Finishing method (CtMethodImpl) flush
  Finishing method (CtMethodImpl) getMessage
  Finishing method (CtMethodImpl) exitValue
  Finishing method (CtMethodImpl) destroy
  Finishing method (CtMethodImpl) currentTimeMillis
  Finishing method (CtMethodImpl) toString
  Finishing method (CtMethodImpl) reset
  Finishing method (CtMethodImpl) elements
  Finishing method (CtMethodImpl) println
  Finishing method (CtMethodImpl) available
  Finishing method (CtMethodImpl) write
  Finishing method (CtMethodImpl) read
  Finishing method (CtMethodImpl) sleep
  Finishing method (CtMethodImpl) getOutputStream
  Finishing method (CtMethodImpl) getInputStream
  Finishing method (CtMethodImpl) getErrorStream
  Finishing method (CtMethodImpl) waitFor
  Finishing method (CtMethodImpl) interrupted
  Finishing method (CtMethodImpl) initCause
  Finishing method (CtMethodImpl) write
  Finishing method (CtMethodImpl) contains
  Finishing constructor (CtConstructorImpl) <init>
  Finishing method (CtMethodImpl) join
  Finishing method (CtMethodImpl) join
  Finishing method (CtMethodImpl) interrupt
  Finishing method (CtMethodImpl) close
  Finishing constructor (CtConstructorImpl) <init>
  Finishing method (CtMethodImpl) removeShutdownHook
  Finishing method for call site (CtMethodImpl) size
  Finishing method for call site (CtMethodImpl) addElement
  Finishing method for call site (CtMethodImpl) removeElement
  Finishing method for call site (CtMethodImpl) removeElement
  Finishing method for call site (CtMethodImpl) elements
  Finishing method for call site (CtMethodImpl) addElement
  Finishing method for call site (CtMethodImpl) contains
  Finishing method for call site (CtMethodImpl) elements
  Finishing object decl (CtClassImpl) IllegalStateException
  Finishing object decl (CtClassImpl) DebugUtils @ src/main/java/org/apache/commons/exec/util/DebugUtils.java:26:14
    [34mskipping default constructor: org.apache.commons.exec.util.DebugUtils()[0m
    Adding method (CtMethodImpl) isLenientEnabled @ src/main/java/org/apache/commons/exec/util/DebugUtils.java:81:27
      Adding signature (CtMethodImpl) isLenientEnabled @ src/main/java/org/apache/commons/exec/util/DebugUtils.java:81:27
        Adding parameter <unnamed> boolean @ src/main/java/org/apache/commons/exec/util/DebugUtils.java:81:19
          Adding basic (CtTypeReferenceImpl) boolean @ src/main/java/org/apache/commons/exec/util/DebugUtils.java:81:19
            Resolved with match basic (CtTypeReferenceImpl) boolean @ src/main/java/org/apache/commons/exec/util/DebugUtils.java:81:19
          Resolved as new parameter <unnamed> boolean @ src/main/java/org/apache/commons/exec/util/DebugUtils.java:81:19
        Resolved as new signature (CtMethodImpl) isLenientEnabled @ src/main/java/org/apache/commons/exec/util/DebugUtils.java:81:27
      Resolved as new method (CtMethodImpl) isLenientEnabled @ src/main/java/org/apache/commons/exec/util/DebugUtils.java:81:27
    Adding method (CtMethodImpl) isDebugEnabled @ src/main/java/org/apache/commons/exec/util/DebugUtils.java:71:27
      Adding signature (CtMethodImpl) isDebugEnabled @ src/main/java/org/apache/commons/exec/util/DebugUtils.java:71:27
        Adding parameter <unnamed> boolean @ src/main/java/org/apache/commons/exec/util/DebugUtils.java:71:19
          Adding basic (CtTypeReferenceImpl) boolean @ src/main/java/org/apache/commons/exec/util/DebugUtils.java:71:19
            Resolved with match basic (CtTypeReferenceImpl) boolean @ src/main/java/org/apache/commons/exec/util/DebugUtils.java:71:19
          Resolved as new parameter <unnamed> boolean @ src/main/java/org/apache/commons/exec/util/DebugUtils.java:71:19
        Resolved as new signature (CtMethodImpl) isDebugEnabled @ src/main/java/org/apache/commons/exec/util/DebugUtils.java:71:27
      Resolved as new method (CtMethodImpl) isDebugEnabled @ src/main/java/org/apache/commons/exec/util/DebugUtils.java:71:27
  Finishing object decl (CtClassImpl) IllegalThreadStateException
  Finishing object decl (CtClassImpl) InterruptedException
  Finishing object decl (CtClassImpl) PrintStream
  Finishing object decl (CtClassImpl) NullPointerException
  Finishing object instantiation java.util.Vector<java.lang.Process>
  Finishing object instantiation java.util.Vector<org.apache.commons.exec.TimeoutObserver>
  Finishing object instantiation java.util.Vector<org.apache.commons.exec.TimeoutObserver>
  Finishing object instantiation java.util.Vector<java.lang.Process>
  Finishing object instantiation java.util.Vector<java.lang.Process>
  Finishing object instantiation java.util.Vector<java.lang.Process>
  Finishing object instantiation java.util.Vector<java.lang.Process>
  Finishing object instantiation java.util.Vector<java.lang.Process>
  Finishing object instantiation java.util.Vector<java.lang.Process>
  Finishing object instantiation java.util.Vector<java.lang.Process>
  Finishing object instantiation java.util.Vector<java.lang.Process>
  Finishing object instantiation java.util.Vector<java.lang.Process>
  Finishing object instantiation java.util.Vector<org.apache.commons.exec.TimeoutObserver>
  Finishing package sun.nio.ch
  Finishing method (CtMethodImpl) isLenientEnabled @ src/main/java/org/apache/commons/exec/util/DebugUtils.java:81:27
  Finishing method (CtMethodImpl) isDebugEnabled @ src/main/java/org/apache/commons/exec/util/DebugUtils.java:71:27
  Adding package java.lang
    Resolved with match package java.lang
  Adding metrics (CtMethodImpl) isDebugEnabled @ src/main/java/org/apache/commons/exec/util/DebugUtils.java:71:27
    Adding method (CtMethodImpl) getProperty
      Adding signature (CtMethodImpl) getProperty
        Adding parameter (CtParameterImpl) arg0
          Resolved with match parameter (CtParameterImpl) arg0
        Adding parameter (CtParameterImpl) arg1
          Resolved with match parameter (CtParameterImpl) arg1
        Adding parameter <unnamed> java.lang.String
          Resolved with match parameter <unnamed> java.lang.String
        Resolved as new signature (CtMethodImpl) getProperty
      Resolved as new method (CtMethodImpl) getProperty
    Adding select field (CtFieldImpl) COMMONS_EXEC_DEBUG @ src/main/java/org/apache/commons/exec/util/DebugUtils.java:41:32
      Resolved as new select field (CtFieldImpl) COMMONS_EXEC_DEBUG @ src/main/java/org/apache/commons/exec/util/DebugUtils.java:41:32
    Adding object decl (CtClassImpl) Boolean
      Adding struct (CtClassImpl) Boolean
        Resolved as new struct (CtClassImpl) Boolean
      Resolved as new object decl (CtClassImpl) Boolean
    Adding method (CtMethodImpl) toString
      Adding signature (CtMethodImpl) toString
        Adding parameter <unnamed> java.lang.String
          Resolved with match parameter <unnamed> java.lang.String
        Resolved as new signature (CtMethodImpl) toString
      Resolved as new method (CtMethodImpl) toString
    Adding select field (CtFieldImpl) FALSE
      Resolved as new select field (CtFieldImpl) FALSE
    Adding method (CtMethodImpl) equalsIgnoreCase
      Adding signature (CtMethodImpl) equalsIgnoreCase
        Adding parameter (CtParameterImpl) arg0
          Resolved with match parameter (CtParameterImpl) arg0
        Adding parameter <unnamed> boolean
          Adding basic (CtTypeReferenceImpl) boolean
            Resolved with match basic (CtTypeReferenceImpl) boolean
          Resolved as new parameter <unnamed> boolean
        Resolved as new signature (CtMethodImpl) equalsIgnoreCase
      Resolved as new method (CtMethodImpl) equalsIgnoreCase
    Adding select field (CtFieldImpl) TRUE
      Resolved as new select field (CtFieldImpl) TRUE
    Adding basic (CtTypeReferenceImpl) boolean
      Resolved with match basic (CtTypeReferenceImpl) boolean
    Resolved as new metrics (CtMethodImpl) isDebugEnabled @ src/main/java/org/apache/commons/exec/util/DebugUtils.java:71:27
  Adding metrics (CtMethodImpl) isLenientEnabled @ src/main/java/org/apache/commons/exec/util/DebugUtils.java:81:27
    Adding select field (CtFieldImpl) COMMONS_EXEC_LENIENT @ src/main/java/org/apache/commons/exec/util/DebugUtils.java:34:32
      Resolved as new select field (CtFieldImpl) COMMONS_EXEC_LENIENT @ src/main/java/org/apache/commons/exec/util/DebugUtils.java:34:32
    Adding basic (CtTypeReferenceImpl) boolean
      Resolved with match basic (CtTypeReferenceImpl) boolean
    Resolved as new metrics (CtMethodImpl) isLenientEnabled @ src/main/java/org/apache/commons/exec/util/DebugUtils.java:81:27
  Adding metrics (CtMethodImpl) handleException @ src/main/java/org/apache/commons/exec/util/DebugUtils.java:49:24
    Adding basic (CtTypeReferenceImpl) boolean
      Resolved with match basic (CtTypeReferenceImpl) boolean
    Adding method (CtMethodImpl) printStackTrace
      Resolved as new method (CtMethodImpl) printStackTrace
    Adding basic (CtTypeReferenceImpl) boolean
      Resolved with match basic (CtTypeReferenceImpl) boolean
    Adding basic (CtTypeReferenceImpl) boolean
      Resolved with match basic (CtTypeReferenceImpl) boolean
    Adding basic (CtTypeReferenceImpl) boolean
      Resolved with match basic (CtTypeReferenceImpl) boolean
    [34mIgnoring implicit executable reference: (CtExecutableReferenceImpl) <init>[0m
    Resolved as new metrics (CtMethodImpl) handleException @ src/main/java/org/apache/commons/exec/util/DebugUtils.java:49:24
  Finishing method (CtMethodImpl) getProperty
  Finishing method (CtMethodImpl) toString
  Finishing method (CtMethodImpl) equalsIgnoreCase
  Finishing method (CtMethodImpl) printStackTrace
  Finishing object decl (CtClassImpl) Boolean
  Finishing package java.lang
  Adding package java.security
    Resolved as new package java.security
  Finishing package java.security
  Adding package org.apache.commons.exec.util
    Resolved as new package org.apache.commons.exec.util
  Finishing package org.apache.commons.exec.util
    Adding object decl (CtClassImpl) MapUtils @ src/main/java/org/apache/commons/exec/util/MapUtils.java:30:14
      Adding struct (CtClassImpl) MapUtils @ src/main/java/org/apache/commons/exec/util/MapUtils.java:30:14
        Resolved with match struct (CtClassImpl) MapUtils @ src/main/java/org/apache/commons/exec/util/MapUtils.java:30:14
      Resolved as new object decl (CtClassImpl) MapUtils @ src/main/java/org/apache/commons/exec/util/MapUtils.java:30:14
  Finishing object decl (CtClassImpl) MapUtils @ src/main/java/org/apache/commons/exec/util/MapUtils.java:30:14
    [34mskipping default constructor: org.apache.commons.exec.util.MapUtils()[0m
    Adding method (CtMethodImpl) prefix @ src/main/java/org/apache/commons/exec/util/MapUtils.java:68:41
      Adding signature (CtMethodImpl) prefix @ src/main/java/org/apache/commons/exec/util/MapUtils.java:68:41
        Adding parameter (CtParameterImpl) source @ src/main/java/org/apache/commons/exec/util/MapUtils.java:68:64
          Adding type params reference (CtTypeParameterReferenceImpl) K @ src/main/java/org/apache/commons/exec/util/MapUtils.java:68:58
            Resolved with match type params reference (CtTypeParameterReferenceImpl) K @ src/main/java/org/apache/commons/exec/util/MapUtils.java:68:58
          Adding type params reference (CtTypeParameterReferenceImpl) V @ src/main/java/org/apache/commons/exec/util/MapUtils.java:68:61
            Resolved with match type params reference (CtTypeParameterReferenceImpl) V @ src/main/java/org/apache/commons/exec/util/MapUtils.java:68:61
          Resolved as new parameter (CtParameterImpl) source @ src/main/java/org/apache/commons/exec/util/MapUtils.java:68:64
        Adding parameter (CtParameterImpl) prefix @ src/main/java/org/apache/commons/exec/util/MapUtils.java:68:85
          Resolved as new parameter (CtParameterImpl) prefix @ src/main/java/org/apache/commons/exec/util/MapUtils.java:68:85
        Adding parameter <unnamed> java.util.Map @ src/main/java/org/apache/commons/exec/util/MapUtils.java:68:26<java.lang.String @ src/main/java/org/apache/commons/exec/util/MapUtils.java:68:30, V @ src/main/java/org/apache/commons/exec/util/MapUtils.java:68:38>
          Adding interface instantiation java.util.Map @ src/main/java/org/apache/commons/exec/util/MapUtils.java:68:26<java.lang.String @ src/main/java/org/apache/commons/exec/util/MapUtils.java:68:30, V @ src/main/java/org/apache/commons/exec/util/MapUtils.java:68:38>
            Adding interface description (CtInterfaceImpl) Map
              Resolved as new interface description (CtInterfaceImpl) Map
            Resolved as new interface instantiation java.util.Map @ src/main/java/org/apache/commons/exec/util/MapUtils.java:68:26<java.lang.String @ src/main/java/org/apache/commons/exec/util/MapUtils.java:68:30, V @ src/main/java/org/apache/commons/exec/util/MapUtils.java:68:38>
          Resolved as new parameter <unnamed> java.util.Map @ src/main/java/org/apache/commons/exec/util/MapUtils.java:68:26<java.lang.String @ src/main/java/org/apache/commons/exec/util/MapUtils.java:68:30, V @ src/main/java/org/apache/commons/exec/util/MapUtils.java:68:38>
        Resolved as new signature (CtMethodImpl) prefix @ src/main/java/org/apache/commons/exec/util/MapUtils.java:68:41
      Resolved as new method (CtMethodImpl) prefix @ src/main/java/org/apache/commons/exec/util/MapUtils.java:68:41
    Adding method (CtMethodImpl) merge @ src/main/java/org/apache/commons/exec/util/MapUtils.java:98:36
      Adding signature (CtMethodImpl) merge @ src/main/java/org/apache/commons/exec/util/MapUtils.java:98:36
        Adding parameter (CtParameterImpl) lhs @ src/main/java/org/apache/commons/exec/util/MapUtils.java:98:58
          Adding type params reference (CtTypeParameterReferenceImpl) K @ src/main/java/org/apache/commons/exec/util/MapUtils.java:98:52
            Resolved with match type params reference (CtTypeParameterReferenceImpl) K @ src/main/java/org/apache/commons/exec/util/MapUtils.java:98:52
          Adding type params reference (CtTypeParameterReferenceImpl) V @ src/main/java/org/apache/commons/exec/util/MapUtils.java:98:55
            Resolved with match type params reference (CtTypeParameterReferenceImpl) V @ src/main/java/org/apache/commons/exec/util/MapUtils.java:98:55
          Resolved as new parameter (CtParameterImpl) lhs @ src/main/java/org/apache/commons/exec/util/MapUtils.java:98:58
        Adding parameter (CtParameterImpl) rhs @ src/main/java/org/apache/commons/exec/util/MapUtils.java:98:79
          Resolved as new parameter (CtParameterImpl) rhs @ src/main/java/org/apache/commons/exec/util/MapUtils.java:98:79
        Adding parameter <unnamed> java.util.Map @ src/main/java/org/apache/commons/exec/util/MapUtils.java:98:26<K @ src/main/java/org/apache/commons/exec/util/MapUtils.java:98:30, V @ src/main/java/org/apache/commons/exec/util/MapUtils.java:98:33>
          Resolved as new parameter <unnamed> java.util.Map @ src/main/java/org/apache/commons/exec/util/MapUtils.java:98:26<K @ src/main/java/org/apache/commons/exec/util/MapUtils.java:98:30, V @ src/main/java/org/apache/commons/exec/util/MapUtils.java:98:33>
        Resolved as new signature (CtMethodImpl) merge @ src/main/java/org/apache/commons/exec/util/MapUtils.java:98:36
      Resolved as new method (CtMethodImpl) merge @ src/main/java/org/apache/commons/exec/util/MapUtils.java:98:36
    Adding method (CtMethodImpl) copy @ src/main/java/org/apache/commons/exec/util/MapUtils.java:43:35
      Adding signature (CtMethodImpl) copy @ src/main/java/org/apache/commons/exec/util/MapUtils.java:43:35
        Adding parameter (CtParameterImpl) source @ src/main/java/org/apache/commons/exec/util/MapUtils.java:43:56
          Adding type params reference (CtTypeParameterReferenceImpl) K @ src/main/java/org/apache/commons/exec/util/MapUtils.java:43:50
            Resolved with match type params reference (CtTypeParameterReferenceImpl) K @ src/main/java/org/apache/commons/exec/util/MapUtils.java:43:50
          Adding type params reference (CtTypeParameterReferenceImpl) V @ src/main/java/org/apache/commons/exec/util/MapUtils.java:43:53
            Resolved with match type params reference (CtTypeParameterReferenceImpl) V @ src/main/java/org/apache/commons/exec/util/MapUtils.java:43:53
          Resolved with match parameter (CtParameterImpl) source @ src/main/java/org/apache/commons/exec/util/MapUtils.java:43:56
        Adding parameter <unnamed> java.util.Map @ src/main/java/org/apache/commons/exec/util/MapUtils.java:43:25<K @ src/main/java/org/apache/commons/exec/util/MapUtils.java:43:29, V @ src/main/java/org/apache/commons/exec/util/MapUtils.java:43:32>
          Resolved with match parameter <unnamed> java.util.Map @ src/main/java/org/apache/commons/exec/util/MapUtils.java:43:25<K @ src/main/java/org/apache/commons/exec/util/MapUtils.java:43:29, V @ src/main/java/org/apache/commons/exec/util/MapUtils.java:43:32>
        Resolved as new signature (CtMethodImpl) copy @ src/main/java/org/apache/commons/exec/util/MapUtils.java:43:35
      Resolved as new method (CtMethodImpl) copy @ src/main/java/org/apache/commons/exec/util/MapUtils.java:43:35
  Finishing interface description (CtInterfaceImpl) Map
  Finishing interface instantiation java.util.Map @ src/main/java/org/apache/commons/exec/util/MapUtils.java:68:26<java.lang.String @ src/main/java/org/apache/commons/exec/util/MapUtils.java:68:30, V @ src/main/java/org/apache/commons/exec/util/MapUtils.java:68:38>
  Finishing method (CtMethodImpl) prefix @ src/main/java/org/apache/commons/exec/util/MapUtils.java:68:41
  Finishing method (CtMethodImpl) merge @ src/main/java/org/apache/commons/exec/util/MapUtils.java:98:36
  Finishing method (CtMethodImpl) copy @ src/main/java/org/apache/commons/exec/util/MapUtils.java:43:35
  Adding package java.lang
    Resolved with match package java.lang
  Adding metrics (CtMethodImpl) copy @ src/main/java/org/apache/commons/exec/util/MapUtils.java:43:35
    Adding basic (CtTypeReferenceImpl) boolean
      Resolved with match basic (CtTypeReferenceImpl) boolean
    [34mUnused type args: [K, V][0m
    [34mUnused type args: [K @ src/main/java/org/apache/commons/exec/util/MapUtils.java:49:19, V @ src/main/java/org/apache/commons/exec/util/MapUtils.java:49:22][0m
    [34mIgnoring implicit executable reference: (CtExecutableReferenceImpl) <init>[0m
    [34mUnused type args: [K @ src/main/java/org/apache/commons/exec/util/MapUtils.java:49:46, V @ src/main/java/org/apache/commons/exec/util/MapUtils.java:49:49][0m
    [34mUnused type args: [K, V][0m
    [34mUnused type args: [?, ?][0m
    [34mUnused type args: [K, V][0m
    [34mUnused type args: [K, V][0m
    Resolved as new metrics (CtMethodImpl) copy @ src/main/java/org/apache/commons/exec/util/MapUtils.java:43:35
  Adding metrics (CtMethodImpl) merge @ src/main/java/org/apache/commons/exec/util/MapUtils.java:98:36
    [34mUnused type args: [K @ src/main/java/org/apache/commons/exec/util/MapUtils.java:100:13, V @ src/main/java/org/apache/commons/exec/util/MapUtils.java:100:16][0m
    Adding basic (CtTypeReferenceImpl) boolean
      Resolved with match basic (CtTypeReferenceImpl) boolean
    Adding basic (CtTypeReferenceImpl) boolean
      Resolved with match basic (CtTypeReferenceImpl) boolean
    [34mUnused type args: [K, V][0m
    Adding basic (CtTypeReferenceImpl) boolean
      Resolved with match basic (CtTypeReferenceImpl) boolean
    [34mUnused type args: [K, V][0m
    Adding basic (CtTypeReferenceImpl) int
      Resolved with match basic (CtTypeReferenceImpl) int
    Adding basic (CtTypeReferenceImpl) int
      Resolved with match basic (CtTypeReferenceImpl) int
    [34mUnused type args: [K, V][0m
    [34mUnused type args: [K, V][0m
    [34mUnused type args: [K, V][0m
    [34mUnused type args: [K, V][0m
    [34mUnused type args: [K, V][0m
    [34mUnused type args: [K, V][0m
    Adding basic (CtTypeReferenceImpl) boolean
      Resolved with match basic (CtTypeReferenceImpl) boolean
    Adding basic (CtTypeReferenceImpl) boolean
      Resolved with match basic (CtTypeReferenceImpl) boolean
    [34mUnused type args: [K, V][0m
    Adding basic (CtTypeReferenceImpl) boolean
      Resolved with match basic (CtTypeReferenceImpl) boolean
    [34mUnused type args: [K, V][0m
    Adding basic (CtTypeReferenceImpl) int
      Resolved with match basic (CtTypeReferenceImpl) int
    Adding basic (CtTypeReferenceImpl) int
      Resolved with match basic (CtTypeReferenceImpl) int
    [34mUnused type args: [K, V][0m
    [34mUnused type args: [K, V][0m
    [34mUnused type args: [K, V][0m
    [34mUnused type args: [K, V][0m
    [34mUnused type args: [K, V][0m
    [34mUnused type args: [K, V][0m
    [34mUnused type args: [K, V][0m
    [34mUnused type args: [K, V][0m
    [34mUnused type args: [K, V][0m
    [34mUnused type args: [K, V][0m
    [34mUnused type args: [K, V][0m
    [34mUnused type args: [K, V][0m
    [34mUnused type args: [K, V][0m
    [34mUnused type args: [?, ?][0m
    [34mUnused type args: [K, V][0m
    [34mUnused type args: [K, V][0m
    Resolved as new metrics (CtMethodImpl) merge @ src/main/java/org/apache/commons/exec/util/MapUtils.java:98:36
  Adding metrics (CtMethodImpl) prefix @ src/main/java/org/apache/commons/exec/util/MapUtils.java:68:41
    Adding basic (CtTypeReferenceImpl) boolean
      Resolved with match basic (CtTypeReferenceImpl) boolean
    [34mUnused type args: [K, V][0m
    Adding interface instantiation java.util.Map @ src/main/java/org/apache/commons/exec/util/MapUtils.java:74:15<java.lang.String @ src/main/java/org/apache/commons/exec/util/MapUtils.java:74:19, V @ src/main/java/org/apache/commons/exec/util/MapUtils.java:74:27>
      Resolved with match interface instantiation java.util.Map @ src/main/java/org/apache/commons/exec/util/MapUtils.java:74:15<java.lang.String @ src/main/java/org/apache/commons/exec/util/MapUtils.java:74:19, V @ src/main/java/org/apache/commons/exec/util/MapUtils.java:74:27>
    [34mUnused type args: [java.lang.String @ src/main/java/org/apache/commons/exec/util/MapUtils.java:74:19, V @ src/main/java/org/apache/commons/exec/util/MapUtils.java:74:27][0m
    [34mIgnoring implicit executable reference: (CtExecutableReferenceImpl) <init>[0m
    [34mUnused type args: [java.lang.String @ src/main/java/org/apache/commons/exec/util/MapUtils.java:74:51, V @ src/main/java/org/apache/commons/exec/util/MapUtils.java:74:59][0m
    Adding object instantiation java.util.HashMap @ src/main/java/org/apache/commons/exec/util/MapUtils.java:74:43<java.lang.String @ src/main/java/org/apache/commons/exec/util/MapUtils.java:74:51, V @ src/main/java/org/apache/commons/exec/util/MapUtils.java:74:59>
      Adding struct (CtClassImpl) HashMap
        Resolved as new struct (CtClassImpl) HashMap
      Adding interface description (CtInterfaceImpl) Serializable
        Resolved as new interface description (CtInterfaceImpl) Serializable
      Adding interface description (CtInterfaceImpl) Cloneable
        Resolved as new interface description (CtInterfaceImpl) Cloneable
      Resolved as new object instantiation java.util.HashMap @ src/main/java/org/apache/commons/exec/util/MapUtils.java:74:43<java.lang.String @ src/main/java/org/apache/commons/exec/util/MapUtils.java:74:51, V @ src/main/java/org/apache/commons/exec/util/MapUtils.java:74:59>
    [34mUnused type args: [K @ src/main/java/org/apache/commons/exec/util/MapUtils.java:76:30, V @ src/main/java/org/apache/commons/exec/util/MapUtils.java:76:33][0m
    [34mUnused type args: [K, V][0m
    [34mUnused type args: [java.util.Map$Entry][0m
    Adding interface instantiation java.util.Set<java.util.Map$Entry>
      Resolved with match interface instantiation java.util.Set<java.util.Map$Entry>
    [34mUnused type args: [K, V][0m
    [34mUnused type args: [K, V][0m
    [34mUnused type args: [K, V][0m
    Adding interface instantiation java.util.Map<java.lang.String, V>
      Resolved with match interface instantiation java.util.Map<java.lang.String, V>
    [34mUnused type args: [java.lang.String, V][0m
    Adding basic (CtTypeReferenceImpl) char
      Resolved with match basic (CtTypeReferenceImpl) char
    Adding interface instantiation java.util.Map<java.lang.String, V>
      Resolved with match interface instantiation java.util.Map<java.lang.String, V>
    [34mUnused type args: [java.lang.String, V][0m
    Resolved as new metrics (CtMethodImpl) prefix @ src/main/java/org/apache/commons/exec/util/MapUtils.java:68:41
  Finishing interface description (CtInterfaceImpl) Serializable
  Finishing interface description (CtInterfaceImpl) Cloneable
  Finishing interface instantiation java.util.Map @ src/main/java/org/apache/commons/exec/util/MapUtils.java:74:15<java.lang.String @ src/main/java/org/apache/commons/exec/util/MapUtils.java:74:19, V @ src/main/java/org/apache/commons/exec/util/MapUtils.java:74:27>
  Finishing interface instantiation java.util.Set<java.util.Map$Entry>
  Finishing interface instantiation java.util.Map<java.lang.String, V>
  Finishing interface instantiation java.util.Map<java.lang.String, V>
  Finishing object instantiation java.util.HashMap @ src/main/java/org/apache/commons/exec/util/MapUtils.java:74:43<java.lang.String @ src/main/java/org/apache/commons/exec/util/MapUtils.java:74:51, V @ src/main/java/org/apache/commons/exec/util/MapUtils.java:74:59>
  Finishing package java.lang
  Adding package java.io
    Resolved with match package java.io
  Finishing package java.io
    Adding interface decl (CtInterfaceImpl) Flushable
      Resolved as new interface decl (CtInterfaceImpl) Flushable
    Adding interface decl (CtInterfaceImpl) Closeable
      Resolved as new interface decl (CtInterfaceImpl) Closeable
    Adding interface decl (CtInterfaceImpl) ObjectOutput
      Resolved as new interface decl (CtInterfaceImpl) ObjectOutput
    Adding interface decl (CtInterfaceImpl) ObjectStreamConstants
      Resolved as new interface decl (CtInterfaceImpl) ObjectStreamConstants
    Adding interface decl (CtInterfaceImpl) ObjectInput
      Resolved as new interface decl (CtInterfaceImpl) ObjectInput
  Finishing interface decl (CtInterfaceImpl) Flushable
  Finishing interface decl (CtInterfaceImpl) Closeable
  Finishing interface decl (CtInterfaceImpl) ObjectOutput
  Finishing interface decl (CtInterfaceImpl) ObjectStreamConstants
  Finishing interface decl (CtInterfaceImpl) ObjectInput
  Adding package org
    Resolved as new package org
  Finishing package org
[34mFinished process pending packages (2.789477s)[0m
[34mStarting short validation...[0m
  [34mStarting performShortValidation...[0m
  [34mFinished performShortValidation (0.008109s)[0m
[34mFinished short validation (0.009336s)[0m
[34mStarting consolidate constructs...[0m
  Consolidating all constructs
    Removed 565 collisions
    Removed 0 collisions
[34mFinished consolidate constructs (0.060499s)[0m
[34mStarting connect nests...[0m
[34mFinished connect nests (0.003265s)[0m
[34mStarting collect package declarations...[0m
[34mFinished collect package declarations (0.191878s)[0m
[34mStarting addImports from usage...[0m
[34mFinished addImports from usage (0.001044s)[0m
[34mStarting remove empty packages...[0m
  Removing { kind: package, name: "<unnamed>" }
  Removing { kind: package, name: org }
  Removing { kind: package, name: org.apache }
  Removing { kind: package, name: org.apache.commons }
[34mFinished remove empty packages (0.006622s)[0m
[34mStarting performValidation...[0m
[34mFinished performValidation (0.484715s)[0m
[34mFinished Abstraction (11.990589s)[0m
Success
