# cmd: java -jar /Users/grantnelson/go/src/github.com/MSUSEL/msusel-tdmetrics-go/javaAbstractor/target/abstractor-0.1-jar-with-dependencies.jar -i /Users/grantnelson/go/src/github.com/apache/commons-daemon/ -o /Users/grantnelson/go/src/github.com/MSUSEL/msusel-tdmetrics-go/tdd/abstractions/commons-daemon.json -v
# cwd: /Users/grantnelson/go/src/github.com/MSUSEL/msusel-tdmetrics-go/tdd
# repo: /Users/grantnelson/go/src/github.com/apache/commons-daemon @ 1ffa799cb3ddf5a4a918e59e46cd9868ee766b19
# started: 2026-08-31T17:21:08.574174+00:00
# timeout_min: 10
# ---
Reading /Users/grantnelson/go/src/github.com/apache/commons-daemon/
SLF4J(W): No SLF4J providers were found.
SLF4J(W): Defaulting to no-operation (NOP) logger implementation
SLF4J(W): See https://www.slf4j.org/codes.html#noProviders for further details.
Init pending package <unnamed>
Init pending package org
Init pending package org.apache
Init pending package org.apache.commons
Init pending package org.apache.commons.daemon
Init pending package org.apache.commons.daemon.support
[34mStarting process pending packages...[0m
  Adding package org.apache.commons.daemon.support
    Resolved as new package org.apache.commons.daemon.support
  Finishing package org.apache.commons.daemon.support
    Adding object decl (CtClassImpl) DaemonConfiguration @ src/main/java/org/apache/commons/daemon/support/DaemonConfiguration.java:49:20
      Adding struct (CtClassImpl) DaemonConfiguration @ src/main/java/org/apache/commons/daemon/support/DaemonConfiguration.java:49:20
        Adding field (CtFieldImpl) DEFAULT_CONFIG @ src/main/java/org/apache/commons/daemon/support/DaemonConfiguration.java:54:35
          Resolved as new field (CtFieldImpl) DEFAULT_CONFIG @ src/main/java/org/apache/commons/daemon/support/DaemonConfiguration.java:54:35
        Adding field (CtFieldImpl) PREFIX @ src/main/java/org/apache/commons/daemon/support/DaemonConfiguration.java:58:35
          Resolved as new field (CtFieldImpl) PREFIX @ src/main/java/org/apache/commons/daemon/support/DaemonConfiguration.java:58:35
        Adding field (CtFieldImpl) BTOKEN @ src/main/java/org/apache/commons/daemon/support/DaemonConfiguration.java:59:35
          Resolved as new field (CtFieldImpl) BTOKEN @ src/main/java/org/apache/commons/daemon/support/DaemonConfiguration.java:59:35
        Adding field (CtFieldImpl) ETOKEN @ src/main/java/org/apache/commons/daemon/support/DaemonConfiguration.java:60:35
          Resolved as new field (CtFieldImpl) ETOKEN @ src/main/java/org/apache/commons/daemon/support/DaemonConfiguration.java:60:35
        Adding field (CtFieldImpl) configurationProperties @ src/main/java/org/apache/commons/daemon/support/DaemonConfiguration.java:63:30
          Adding object decl (CtClassImpl) Properties
            Pending package java.util
            Adding struct (CtClassImpl) Properties
              Resolved as new struct (CtClassImpl) Properties
            Resolved as new object decl (CtClassImpl) Properties
          Resolved as new field (CtFieldImpl) configurationProperties @ src/main/java/org/apache/commons/daemon/support/DaemonConfiguration.java:63:30
        Adding field (CtFieldImpl) systemProperties @ src/main/java/org/apache/commons/daemon/support/DaemonConfiguration.java:64:30
          Resolved as new field (CtFieldImpl) systemProperties @ src/main/java/org/apache/commons/daemon/support/DaemonConfiguration.java:64:30
        Resolved as new struct (CtClassImpl) DaemonConfiguration @ src/main/java/org/apache/commons/daemon/support/DaemonConfiguration.java:49:20
      Resolved as new object decl (CtClassImpl) DaemonConfiguration @ src/main/java/org/apache/commons/daemon/support/DaemonConfiguration.java:49:20
    Adding object decl (CtClassImpl) DaemonLoader @ src/main/java/org/apache/commons/daemon/support/DaemonLoader.java:30:20
      Adding struct (CtClassImpl) DaemonLoader @ src/main/java/org/apache/commons/daemon/support/DaemonLoader.java:30:20
        Adding field (CtFieldImpl) controller @ src/main/java/org/apache/commons/daemon/support/DaemonLoader.java:34:31
          Adding object decl (CtClassImpl) Controller @ src/main/java/org/apache/commons/daemon/support/DaemonLoader.java:302:25
            Adding struct (CtClassImpl) Controller @ src/main/java/org/apache/commons/daemon/support/DaemonLoader.java:302:25
              Adding field (CtFieldImpl) available @ src/main/java/org/apache/commons/daemon/support/DaemonLoader.java:306:25
                Adding basic (CtTypeReferenceImpl) boolean @ src/main/java/org/apache/commons/daemon/support/DaemonLoader.java:306:17
                  Resolved as new basic (CtTypeReferenceImpl) boolean @ src/main/java/org/apache/commons/daemon/support/DaemonLoader.java:306:17
                Resolved as new field (CtFieldImpl) available @ src/main/java/org/apache/commons/daemon/support/DaemonLoader.java:306:25
              Adding field $nest
                Resolved as new field $nest
              Resolved as new struct (CtClassImpl) Controller @ src/main/java/org/apache/commons/daemon/support/DaemonLoader.java:302:25
            Resolved as new object decl (CtClassImpl) Controller @ src/main/java/org/apache/commons/daemon/support/DaemonLoader.java:302:25
          Resolved as new field (CtFieldImpl) controller @ src/main/java/org/apache/commons/daemon/support/DaemonLoader.java:34:31
        Adding field (CtFieldImpl) daemon @ src/main/java/org/apache/commons/daemon/support/DaemonLoader.java:35:27
          Resolved as new field (CtFieldImpl) daemon @ src/main/java/org/apache/commons/daemon/support/DaemonLoader.java:35:27
        Adding field (CtFieldImpl) init @ src/main/java/org/apache/commons/daemon/support/DaemonLoader.java:37:27
          Adding object decl (CtClassImpl) Method
            Pending package java.lang.reflect
            Adding struct (CtClassImpl) Method
              Resolved as new struct (CtClassImpl) Method
            Resolved as new object decl (CtClassImpl) Method
          Resolved as new field (CtFieldImpl) init @ src/main/java/org/apache/commons/daemon/support/DaemonLoader.java:37:27
        Adding field (CtFieldImpl) start @ src/main/java/org/apache/commons/daemon/support/DaemonLoader.java:38:27
          Resolved as new field (CtFieldImpl) start @ src/main/java/org/apache/commons/daemon/support/DaemonLoader.java:38:27
        Adding field (CtFieldImpl) stop @ src/main/java/org/apache/commons/daemon/support/DaemonLoader.java:39:27
          Resolved as new field (CtFieldImpl) stop @ src/main/java/org/apache/commons/daemon/support/DaemonLoader.java:39:27
        Adding field (CtFieldImpl) destroy @ src/main/java/org/apache/commons/daemon/support/DaemonLoader.java:40:27
          Resolved as new field (CtFieldImpl) destroy @ src/main/java/org/apache/commons/daemon/support/DaemonLoader.java:40:27
        Adding field (CtFieldImpl) signal @ src/main/java/org/apache/commons/daemon/support/DaemonLoader.java:41:27
          Resolved as new field (CtFieldImpl) signal @ src/main/java/org/apache/commons/daemon/support/DaemonLoader.java:41:27
        Resolved as new struct (CtClassImpl) DaemonLoader @ src/main/java/org/apache/commons/daemon/support/DaemonLoader.java:30:20
      Resolved as new object decl (CtClassImpl) DaemonLoader @ src/main/java/org/apache/commons/daemon/support/DaemonLoader.java:30:20
    Adding object decl (CtClassImpl) DaemonWrapper @ src/main/java/org/apache/commons/daemon/support/DaemonWrapper.java:34:14
      Adding struct (CtClassImpl) DaemonWrapper @ src/main/java/org/apache/commons/daemon/support/DaemonWrapper.java:34:14
        Adding field (CtFieldImpl) ARGS @ src/main/java/org/apache/commons/daemon/support/DaemonWrapper.java:37:33
          Resolved as new field (CtFieldImpl) ARGS @ src/main/java/org/apache/commons/daemon/support/DaemonWrapper.java:37:33
        Adding field (CtFieldImpl) START_CLASS @ src/main/java/org/apache/commons/daemon/support/DaemonWrapper.java:38:33
          Resolved as new field (CtFieldImpl) START_CLASS @ src/main/java/org/apache/commons/daemon/support/DaemonWrapper.java:38:33
        Adding field (CtFieldImpl) START_METHOD @ src/main/java/org/apache/commons/daemon/support/DaemonWrapper.java:39:33
          Resolved as new field (CtFieldImpl) START_METHOD @ src/main/java/org/apache/commons/daemon/support/DaemonWrapper.java:39:33
        Adding field (CtFieldImpl) STOP_CLASS @ src/main/java/org/apache/commons/daemon/support/DaemonWrapper.java:40:33
          Resolved as new field (CtFieldImpl) STOP_CLASS @ src/main/java/org/apache/commons/daemon/support/DaemonWrapper.java:40:33
        Adding field (CtFieldImpl) STOP_METHOD @ src/main/java/org/apache/commons/daemon/support/DaemonWrapper.java:41:33
          Resolved as new field (CtFieldImpl) STOP_METHOD @ src/main/java/org/apache/commons/daemon/support/DaemonWrapper.java:41:33
        Adding field (CtFieldImpl) STOP_ARGS @ src/main/java/org/apache/commons/daemon/support/DaemonWrapper.java:42:33
          Resolved as new field (CtFieldImpl) STOP_ARGS @ src/main/java/org/apache/commons/daemon/support/DaemonWrapper.java:42:33
        Adding field (CtFieldImpl) configFileName @ src/main/java/org/apache/commons/daemon/support/DaemonWrapper.java:43:33
          Resolved as new field (CtFieldImpl) configFileName @ src/main/java/org/apache/commons/daemon/support/DaemonWrapper.java:43:33
        Adding field (CtFieldImpl) config @ src/main/java/org/apache/commons/daemon/support/DaemonWrapper.java:44:39
          Resolved as new field (CtFieldImpl) config @ src/main/java/org/apache/commons/daemon/support/DaemonWrapper.java:44:39
        Adding field (CtFieldImpl) startup @ src/main/java/org/apache/commons/daemon/support/DaemonWrapper.java:46:39
          Adding object decl (CtClassImpl) Invoker @ src/main/java/org/apache/commons/daemon/support/DaemonWrapper.java:193:11
            Adding struct (CtClassImpl) Invoker @ src/main/java/org/apache/commons/daemon/support/DaemonWrapper.java:193:11
              Adding field (CtFieldImpl) name @ src/main/java/org/apache/commons/daemon/support/DaemonWrapper.java:195:29
                Resolved as new field (CtFieldImpl) name @ src/main/java/org/apache/commons/daemon/support/DaemonWrapper.java:195:29
              Adding field (CtFieldImpl) call @ src/main/java/org/apache/commons/daemon/support/DaemonWrapper.java:196:29
                Resolved as new field (CtFieldImpl) call @ src/main/java/org/apache/commons/daemon/support/DaemonWrapper.java:196:29
              Adding field (CtFieldImpl) args @ src/main/java/org/apache/commons/daemon/support/DaemonWrapper.java:197:29
                Resolved as new field (CtFieldImpl) args @ src/main/java/org/apache/commons/daemon/support/DaemonWrapper.java:197:29
              Adding field (CtFieldImpl) inst @ src/main/java/org/apache/commons/daemon/support/DaemonWrapper.java:198:29
                Resolved as new field (CtFieldImpl) inst @ src/main/java/org/apache/commons/daemon/support/DaemonWrapper.java:198:29
              Adding field (CtFieldImpl) main @ src/main/java/org/apache/commons/daemon/support/DaemonWrapper.java:199:29
                Adding object decl (CtClassImpl) Class
                  Pending package java.lang
                  Adding struct (CtClassImpl) Class
                    Resolved as new struct (CtClassImpl) Class
                  Adding type params (CtTypeParameterImpl) T
                    Resolved with match type params (CtTypeParameterImpl) T
                  Resolved as new object decl (CtClassImpl) Class
                Adding object instantiation java.lang.Class @ src/main/java/org/apache/commons/daemon/support/DaemonWrapper.java:199:17<? @ src/main/java/org/apache/commons/daemon/support/DaemonWrapper.java:199:23>
                  Adding struct (CtClassImpl) Class
                    Resolved as new struct (CtClassImpl) Class
                  Adding interface description (CtInterfaceImpl) Type
                    Resolved as new interface description (CtInterfaceImpl) Type
                  Adding interface description (CtInterfaceImpl) GenericDeclaration
                    Resolved as new interface description (CtInterfaceImpl) GenericDeclaration
                  Adding interface description (CtInterfaceImpl) OfField
                    Adding interface decl (CtInterfaceImpl) TypeDescriptor
                      Pending package java.lang.invoke
                      Adding interface description (CtInterfaceImpl) TypeDescriptor
                        Resolved as new interface description (CtInterfaceImpl) TypeDescriptor
                      Resolved as new interface decl (CtInterfaceImpl) TypeDescriptor
                    Resolved as new interface description (CtInterfaceImpl) OfField
                  Adding interface description (CtInterfaceImpl) AnnotatedElement
                    Resolved as new interface description (CtInterfaceImpl) AnnotatedElement
                  Adding interface description (CtInterfaceImpl) Serializable
                    Resolved as new interface description (CtInterfaceImpl) Serializable
                  Adding interface description (CtInterfaceImpl) Constable
                    Resolved as new interface description (CtInterfaceImpl) Constable
                  Resolved as new object instantiation java.lang.Class @ src/main/java/org/apache/commons/daemon/support/DaemonWrapper.java:199:17<? @ src/main/java/org/apache/commons/daemon/support/DaemonWrapper.java:199:23>
                Resolved as new field (CtFieldImpl) main @ src/main/java/org/apache/commons/daemon/support/DaemonWrapper.java:199:29
              Adding field $nest
                Resolved as new field $nest
              Resolved as new struct (CtClassImpl) Invoker @ src/main/java/org/apache/commons/daemon/support/DaemonWrapper.java:193:11
            Resolved as new object decl (CtClassImpl) Invoker @ src/main/java/org/apache/commons/daemon/support/DaemonWrapper.java:193:11
          Resolved as new field (CtFieldImpl) startup @ src/main/java/org/apache/commons/daemon/support/DaemonWrapper.java:46:39
        Adding field (CtFieldImpl) shutdown @ src/main/java/org/apache/commons/daemon/support/DaemonWrapper.java:47:39
          Resolved as new field (CtFieldImpl) shutdown @ src/main/java/org/apache/commons/daemon/support/DaemonWrapper.java:47:39
        Resolved as new struct (CtClassImpl) DaemonWrapper @ src/main/java/org/apache/commons/daemon/support/DaemonWrapper.java:34:14
      Resolved as new object decl (CtClassImpl) DaemonWrapper @ src/main/java/org/apache/commons/daemon/support/DaemonWrapper.java:34:14
  Finishing field (CtFieldImpl) DEFAULT_CONFIG @ src/main/java/org/apache/commons/daemon/support/DaemonConfiguration.java:54:35
  Finishing field (CtFieldImpl) PREFIX @ src/main/java/org/apache/commons/daemon/support/DaemonConfiguration.java:58:35
  Finishing field (CtFieldImpl) BTOKEN @ src/main/java/org/apache/commons/daemon/support/DaemonConfiguration.java:59:35
  Finishing field (CtFieldImpl) ETOKEN @ src/main/java/org/apache/commons/daemon/support/DaemonConfiguration.java:60:35
  Finishing field (CtFieldImpl) configurationProperties @ src/main/java/org/apache/commons/daemon/support/DaemonConfiguration.java:63:30
  Finishing field (CtFieldImpl) systemProperties @ src/main/java/org/apache/commons/daemon/support/DaemonConfiguration.java:64:30
  Finishing field (CtFieldImpl) available @ src/main/java/org/apache/commons/daemon/support/DaemonLoader.java:306:25
  Finishing field (CtFieldImpl) controller @ src/main/java/org/apache/commons/daemon/support/DaemonLoader.java:34:31
  Finishing field (CtFieldImpl) daemon @ src/main/java/org/apache/commons/daemon/support/DaemonLoader.java:35:27
  Finishing field (CtFieldImpl) init @ src/main/java/org/apache/commons/daemon/support/DaemonLoader.java:37:27
  Finishing field (CtFieldImpl) start @ src/main/java/org/apache/commons/daemon/support/DaemonLoader.java:38:27
  Finishing field (CtFieldImpl) stop @ src/main/java/org/apache/commons/daemon/support/DaemonLoader.java:39:27
  Finishing field (CtFieldImpl) destroy @ src/main/java/org/apache/commons/daemon/support/DaemonLoader.java:40:27
  Finishing field (CtFieldImpl) signal @ src/main/java/org/apache/commons/daemon/support/DaemonLoader.java:41:27
  Finishing field (CtFieldImpl) ARGS @ src/main/java/org/apache/commons/daemon/support/DaemonWrapper.java:37:33
  Finishing field (CtFieldImpl) START_CLASS @ src/main/java/org/apache/commons/daemon/support/DaemonWrapper.java:38:33
  Finishing field (CtFieldImpl) START_METHOD @ src/main/java/org/apache/commons/daemon/support/DaemonWrapper.java:39:33
  Finishing field (CtFieldImpl) STOP_CLASS @ src/main/java/org/apache/commons/daemon/support/DaemonWrapper.java:40:33
  Finishing field (CtFieldImpl) STOP_METHOD @ src/main/java/org/apache/commons/daemon/support/DaemonWrapper.java:41:33
  Finishing field (CtFieldImpl) STOP_ARGS @ src/main/java/org/apache/commons/daemon/support/DaemonWrapper.java:42:33
  Finishing field (CtFieldImpl) configFileName @ src/main/java/org/apache/commons/daemon/support/DaemonWrapper.java:43:33
  Finishing field (CtFieldImpl) config @ src/main/java/org/apache/commons/daemon/support/DaemonWrapper.java:44:39
  Finishing field (CtFieldImpl) name @ src/main/java/org/apache/commons/daemon/support/DaemonWrapper.java:195:29
  Finishing field (CtFieldImpl) call @ src/main/java/org/apache/commons/daemon/support/DaemonWrapper.java:196:29
  Finishing field (CtFieldImpl) args @ src/main/java/org/apache/commons/daemon/support/DaemonWrapper.java:197:29
  Finishing field (CtFieldImpl) inst @ src/main/java/org/apache/commons/daemon/support/DaemonWrapper.java:198:29
  Finishing field (CtFieldImpl) main @ src/main/java/org/apache/commons/daemon/support/DaemonWrapper.java:199:29
  Finishing field (CtFieldImpl) startup @ src/main/java/org/apache/commons/daemon/support/DaemonWrapper.java:46:39
  Finishing field (CtFieldImpl) shutdown @ src/main/java/org/apache/commons/daemon/support/DaemonWrapper.java:47:39
  Finishing interface decl (CtInterfaceImpl) TypeDescriptor
  Finishing interface description (CtInterfaceImpl) Type
  Finishing interface description (CtInterfaceImpl) GenericDeclaration
  Finishing interface description (CtInterfaceImpl) TypeDescriptor
  Finishing interface description (CtInterfaceImpl) OfField
  Finishing interface description (CtInterfaceImpl) AnnotatedElement
  Finishing interface description (CtInterfaceImpl) Serializable
  Finishing interface description (CtInterfaceImpl) Constable
  Finishing object decl (CtClassImpl) Properties
  Finishing object decl (CtClassImpl) DaemonConfiguration @ src/main/java/org/apache/commons/daemon/support/DaemonConfiguration.java:49:20
    Adding constructor (CtConstructorImpl) <init> @ src/main/java/org/apache/commons/daemon/support/DaemonConfiguration.java:69:12
      Adding constructor signature (CtConstructorImpl) <init> @ src/main/java/org/apache/commons/daemon/support/DaemonConfiguration.java:69:12
        Adding parameter <unnamed> org.apache.commons.daemon.support.DaemonConfiguration
          Resolved as new parameter <unnamed> org.apache.commons.daemon.support.DaemonConfiguration
        Resolved as new constructor signature (CtConstructorImpl) <init> @ src/main/java/org/apache/commons/daemon/support/DaemonConfiguration.java:69:12
      Resolved as new constructor (CtConstructorImpl) <init> @ src/main/java/org/apache/commons/daemon/support/DaemonConfiguration.java:69:12
    Adding method (CtMethodImpl) getProperty @ src/main/java/org/apache/commons/daemon/support/DaemonConfiguration.java:167:19
      Adding signature (CtMethodImpl) getProperty @ src/main/java/org/apache/commons/daemon/support/DaemonConfiguration.java:167:19
        Adding parameter (CtParameterImpl) name @ src/main/java/org/apache/commons/daemon/support/DaemonConfiguration.java:167:44
          Resolved as new parameter (CtParameterImpl) name @ src/main/java/org/apache/commons/daemon/support/DaemonConfiguration.java:167:44
        Adding parameter <unnamed> java.lang.String @ src/main/java/org/apache/commons/daemon/support/DaemonConfiguration.java:167:12
          Resolved with match parameter <unnamed> java.lang.String @ src/main/java/org/apache/commons/daemon/support/DaemonConfiguration.java:167:12
        Resolved as new signature (CtMethodImpl) getProperty @ src/main/java/org/apache/commons/daemon/support/DaemonConfiguration.java:167:19
      Resolved as new method (CtMethodImpl) getProperty @ src/main/java/org/apache/commons/daemon/support/DaemonConfiguration.java:167:19
    Adding method (CtMethodImpl) expandProperty @ src/main/java/org/apache/commons/daemon/support/DaemonConfiguration.java:110:20
      Adding signature (CtMethodImpl) expandProperty @ src/main/java/org/apache/commons/daemon/support/DaemonConfiguration.java:110:20
        Adding parameter (CtParameterImpl) propValue @ src/main/java/org/apache/commons/daemon/support/DaemonConfiguration.java:110:48
          Resolved as new parameter (CtParameterImpl) propValue @ src/main/java/org/apache/commons/daemon/support/DaemonConfiguration.java:110:48
        Adding parameter <unnamed> java.lang.String @ src/main/java/org/apache/commons/daemon/support/DaemonConfiguration.java:110:13
          Resolved with match parameter <unnamed> java.lang.String @ src/main/java/org/apache/commons/daemon/support/DaemonConfiguration.java:110:13
        Resolved as new signature (CtMethodImpl) expandProperty @ src/main/java/org/apache/commons/daemon/support/DaemonConfiguration.java:110:20
      Resolved as new method (CtMethodImpl) expandProperty @ src/main/java/org/apache/commons/daemon/support/DaemonConfiguration.java:110:20
    Adding method (CtMethodImpl) load @ src/main/java/org/apache/commons/daemon/support/DaemonConfiguration.java:81:20
      Adding signature (CtMethodImpl) load @ src/main/java/org/apache/commons/daemon/support/DaemonConfiguration.java:81:20
        Adding parameter (CtParameterImpl) fileName @ src/main/java/org/apache/commons/daemon/support/DaemonConfiguration.java:81:32
          Resolved as new parameter (CtParameterImpl) fileName @ src/main/java/org/apache/commons/daemon/support/DaemonConfiguration.java:81:32
        Adding parameter <unnamed> boolean @ src/main/java/org/apache/commons/daemon/support/DaemonConfiguration.java:81:12
          Adding basic (CtTypeReferenceImpl) boolean @ src/main/java/org/apache/commons/daemon/support/DaemonConfiguration.java:81:12
            Resolved with match basic (CtTypeReferenceImpl) boolean @ src/main/java/org/apache/commons/daemon/support/DaemonConfiguration.java:81:12
          Resolved as new parameter <unnamed> boolean @ src/main/java/org/apache/commons/daemon/support/DaemonConfiguration.java:81:12
        Resolved as new signature (CtMethodImpl) load @ src/main/java/org/apache/commons/daemon/support/DaemonConfiguration.java:81:20
      Resolved as new method (CtMethodImpl) load @ src/main/java/org/apache/commons/daemon/support/DaemonConfiguration.java:81:20
    Adding method (CtMethodImpl) getPropertyArray @ src/main/java/org/apache/commons/daemon/support/DaemonConfiguration.java:193:21
      Adding signature (CtMethodImpl) getPropertyArray @ src/main/java/org/apache/commons/daemon/support/DaemonConfiguration.java:193:21
        Adding parameter (CtParameterImpl) name @ src/main/java/org/apache/commons/daemon/support/DaemonConfiguration.java:193:51
          Resolved with match parameter (CtParameterImpl) name @ src/main/java/org/apache/commons/daemon/support/DaemonConfiguration.java:193:51
        Adding parameter <unnamed> java.lang.String[] @ src/main/java/org/apache/commons/daemon/support/DaemonConfiguration.java:193:12
          Resolved as new parameter <unnamed> java.lang.String[] @ src/main/java/org/apache/commons/daemon/support/DaemonConfiguration.java:193:12
        Resolved as new signature (CtMethodImpl) getPropertyArray @ src/main/java/org/apache/commons/daemon/support/DaemonConfiguration.java:193:21
      Resolved as new method (CtMethodImpl) getPropertyArray @ src/main/java/org/apache/commons/daemon/support/DaemonConfiguration.java:193:21
    Adding abstract (CtMethodImpl) getProperty @ src/main/java/org/apache/commons/daemon/support/DaemonConfiguration.java:167:19
      Resolved as new abstract (CtMethodImpl) getProperty @ src/main/java/org/apache/commons/daemon/support/DaemonConfiguration.java:167:19
    Adding abstract (CtMethodImpl) expandProperty @ src/main/java/org/apache/commons/daemon/support/DaemonConfiguration.java:110:20
      Resolved as new abstract (CtMethodImpl) expandProperty @ src/main/java/org/apache/commons/daemon/support/DaemonConfiguration.java:110:20
    Adding abstract (CtMethodImpl) load @ src/main/java/org/apache/commons/daemon/support/DaemonConfiguration.java:81:20
      Resolved as new abstract (CtMethodImpl) load @ src/main/java/org/apache/commons/daemon/support/DaemonConfiguration.java:81:20
    Adding abstract (CtMethodImpl) getPropertyArray @ src/main/java/org/apache/commons/daemon/support/DaemonConfiguration.java:193:21
      Resolved as new abstract (CtMethodImpl) getPropertyArray @ src/main/java/org/apache/commons/daemon/support/DaemonConfiguration.java:193:21
  Finishing object decl (CtClassImpl) Controller @ src/main/java/org/apache/commons/daemon/support/DaemonLoader.java:302:25
    getting parent type for (CtClassImpl) Controller @ src/main/java/org/apache/commons/daemon/support/DaemonLoader.java:302:25
    Adding constructor (CtConstructorImpl) <init> @ src/main/java/org/apache/commons/daemon/support/DaemonLoader.java:308:17
      Adding constructor signature (CtConstructorImpl) <init> @ src/main/java/org/apache/commons/daemon/support/DaemonLoader.java:308:17
        Adding parameter <unnamed> org.apache.commons.daemon.support.DaemonLoader$Controller
          Resolved as new parameter <unnamed> org.apache.commons.daemon.support.DaemonLoader$Controller
        Resolved as new constructor signature (CtConstructorImpl) <init> @ src/main/java/org/apache/commons/daemon/support/DaemonLoader.java:308:17
      Resolved as new constructor (CtConstructorImpl) <init> @ src/main/java/org/apache/commons/daemon/support/DaemonLoader.java:308:17
    Adding method (CtMethodImpl) setAvailable @ src/main/java/org/apache/commons/daemon/support/DaemonLoader.java:321:22
      Adding signature (CtMethodImpl) setAvailable @ src/main/java/org/apache/commons/daemon/support/DaemonLoader.java:321:22
        Adding parameter (CtParameterImpl) available @ src/main/java/org/apache/commons/daemon/support/DaemonLoader.java:321:49
          Adding basic (CtTypeReferenceImpl) boolean @ src/main/java/org/apache/commons/daemon/support/DaemonLoader.java:321:41
            Resolved with match basic (CtTypeReferenceImpl) boolean @ src/main/java/org/apache/commons/daemon/support/DaemonLoader.java:321:41
          Resolved as new parameter (CtParameterImpl) available @ src/main/java/org/apache/commons/daemon/support/DaemonLoader.java:321:49
        Resolved as new signature (CtMethodImpl) setAvailable @ src/main/java/org/apache/commons/daemon/support/DaemonLoader.java:321:22
      Resolved as new method (CtMethodImpl) setAvailable @ src/main/java/org/apache/commons/daemon/support/DaemonLoader.java:321:22
    Adding method (CtMethodImpl) reload @ src/main/java/org/apache/commons/daemon/support/DaemonLoader.java:342:21
      Adding signature (CtMethodImpl) reload @ src/main/java/org/apache/commons/daemon/support/DaemonLoader.java:342:21
        Resolved as new signature (CtMethodImpl) reload @ src/main/java/org/apache/commons/daemon/support/DaemonLoader.java:342:21
      Resolved as new method (CtMethodImpl) reload @ src/main/java/org/apache/commons/daemon/support/DaemonLoader.java:342:21
    Adding method (CtMethodImpl) fail @ src/main/java/org/apache/commons/daemon/support/DaemonLoader.java:355:21
      Adding signature (CtMethodImpl) fail @ src/main/java/org/apache/commons/daemon/support/DaemonLoader.java:355:21
        Resolved with match signature (CtMethodImpl) fail @ src/main/java/org/apache/commons/daemon/support/DaemonLoader.java:355:21
      Resolved as new method (CtMethodImpl) fail @ src/main/java/org/apache/commons/daemon/support/DaemonLoader.java:355:21
    Adding method (CtMethodImpl) fail @ src/main/java/org/apache/commons/daemon/support/DaemonLoader.java:361:21
      Adding signature (CtMethodImpl) fail @ src/main/java/org/apache/commons/daemon/support/DaemonLoader.java:361:21
        Adding parameter (CtParameterImpl) message @ src/main/java/org/apache/commons/daemon/support/DaemonLoader.java:361:39
          Resolved as new parameter (CtParameterImpl) message @ src/main/java/org/apache/commons/daemon/support/DaemonLoader.java:361:39
        Resolved as new signature (CtMethodImpl) fail @ src/main/java/org/apache/commons/daemon/support/DaemonLoader.java:361:21
      Resolved as new method (CtMethodImpl) fail @ src/main/java/org/apache/commons/daemon/support/DaemonLoader.java:361:21
    Adding method (CtMethodImpl) fail @ src/main/java/org/apache/commons/daemon/support/DaemonLoader.java:367:21
      Adding signature (CtMethodImpl) fail @ src/main/java/org/apache/commons/daemon/support/DaemonLoader.java:367:21
        Adding parameter (CtParameterImpl) exception @ src/main/java/org/apache/commons/daemon/support/DaemonLoader.java:367:42
          Adding object decl (CtClassImpl) Exception
            Adding struct (CtClassImpl) Exception
              Resolved as new struct (CtClassImpl) Exception
            Resolved as new object decl (CtClassImpl) Exception
          Resolved as new parameter (CtParameterImpl) exception @ src/main/java/org/apache/commons/daemon/support/DaemonLoader.java:367:42
        Resolved as new signature (CtMethodImpl) fail @ src/main/java/org/apache/commons/daemon/support/DaemonLoader.java:367:21
      Resolved as new method (CtMethodImpl) fail @ src/main/java/org/apache/commons/daemon/support/DaemonLoader.java:367:21
    Adding method (CtMethodImpl) fail @ src/main/java/org/apache/commons/daemon/support/DaemonLoader.java:373:21
      Adding signature (CtMethodImpl) fail @ src/main/java/org/apache/commons/daemon/support/DaemonLoader.java:373:21
        Adding parameter (CtParameterImpl) message @ src/main/java/org/apache/commons/daemon/support/DaemonLoader.java:373:39
          Resolved with match parameter (CtParameterImpl) message @ src/main/java/org/apache/commons/daemon/support/DaemonLoader.java:373:39
        Adding parameter (CtParameterImpl) exception @ src/main/java/org/apache/commons/daemon/support/DaemonLoader.java:373:64
          Resolved with match parameter (CtParameterImpl) exception @ src/main/java/org/apache/commons/daemon/support/DaemonLoader.java:373:64
        Resolved as new signature (CtMethodImpl) fail @ src/main/java/org/apache/commons/daemon/support/DaemonLoader.java:373:21
      Resolved as new method (CtMethodImpl) fail @ src/main/java/org/apache/commons/daemon/support/DaemonLoader.java:373:21
    Adding method (CtMethodImpl) isAvailable @ src/main/java/org/apache/commons/daemon/support/DaemonLoader.java:314:25
      Adding signature (CtMethodImpl) isAvailable @ src/main/java/org/apache/commons/daemon/support/DaemonLoader.java:314:25
        Adding parameter <unnamed> boolean @ src/main/java/org/apache/commons/daemon/support/DaemonLoader.java:314:17
          Adding basic (CtTypeReferenceImpl) boolean @ src/main/java/org/apache/commons/daemon/support/DaemonLoader.java:314:17
            Resolved with match basic (CtTypeReferenceImpl) boolean @ src/main/java/org/apache/commons/daemon/support/DaemonLoader.java:314:17
          Resolved as new parameter <unnamed> boolean @ src/main/java/org/apache/commons/daemon/support/DaemonLoader.java:314:17
        Resolved as new signature (CtMethodImpl) isAvailable @ src/main/java/org/apache/commons/daemon/support/DaemonLoader.java:314:25
      Resolved as new method (CtMethodImpl) isAvailable @ src/main/java/org/apache/commons/daemon/support/DaemonLoader.java:314:25
    Adding method (CtMethodImpl) shutdown @ src/main/java/org/apache/commons/daemon/support/DaemonLoader.java:329:21
      Adding signature (CtMethodImpl) shutdown @ src/main/java/org/apache/commons/daemon/support/DaemonLoader.java:329:21
        Resolved with match signature (CtMethodImpl) shutdown @ src/main/java/org/apache/commons/daemon/support/DaemonLoader.java:329:21
      Resolved as new method (CtMethodImpl) shutdown @ src/main/java/org/apache/commons/daemon/support/DaemonLoader.java:329:21
    Adding abstract (CtMethodImpl) setAvailable @ src/main/java/org/apache/commons/daemon/support/DaemonLoader.java:321:22
      Resolved as new abstract (CtMethodImpl) setAvailable @ src/main/java/org/apache/commons/daemon/support/DaemonLoader.java:321:22
    Adding abstract (CtMethodImpl) reload @ src/main/java/org/apache/commons/daemon/support/DaemonLoader.java:342:21
      Resolved as new abstract (CtMethodImpl) reload @ src/main/java/org/apache/commons/daemon/support/DaemonLoader.java:342:21
    Adding abstract (CtMethodImpl) fail @ src/main/java/org/apache/commons/daemon/support/DaemonLoader.java:355:21
      Resolved as new abstract (CtMethodImpl) fail @ src/main/java/org/apache/commons/daemon/support/DaemonLoader.java:355:21
    Adding abstract (CtMethodImpl) fail @ src/main/java/org/apache/commons/daemon/support/DaemonLoader.java:361:21
      Resolved as new abstract (CtMethodImpl) fail @ src/main/java/org/apache/commons/daemon/support/DaemonLoader.java:361:21
    Adding abstract (CtMethodImpl) fail @ src/main/java/org/apache/commons/daemon/support/DaemonLoader.java:367:21
      Resolved as new abstract (CtMethodImpl) fail @ src/main/java/org/apache/commons/daemon/support/DaemonLoader.java:367:21
    Adding abstract (CtMethodImpl) fail @ src/main/java/org/apache/commons/daemon/support/DaemonLoader.java:373:21
      Resolved as new abstract (CtMethodImpl) fail @ src/main/java/org/apache/commons/daemon/support/DaemonLoader.java:373:21
    Adding abstract (CtMethodImpl) isAvailable @ src/main/java/org/apache/commons/daemon/support/DaemonLoader.java:314:25
      Resolved as new abstract (CtMethodImpl) isAvailable @ src/main/java/org/apache/commons/daemon/support/DaemonLoader.java:314:25
    Adding abstract (CtMethodImpl) shutdown @ src/main/java/org/apache/commons/daemon/support/DaemonLoader.java:329:21
      Resolved as new abstract (CtMethodImpl) shutdown @ src/main/java/org/apache/commons/daemon/support/DaemonLoader.java:329:21
    Adding interface description (CtInterfaceImpl) DaemonController @ src/main/java/org/apache/commons/daemon/DaemonController.java:24:18
      Adding abstract (CtMethodImpl) reload @ src/main/java/org/apache/commons/daemon/DaemonController.java:42:17
        Adding signature (CtMethodImpl) reload @ src/main/java/org/apache/commons/daemon/DaemonController.java:42:17
          Resolved with match signature (CtMethodImpl) reload @ src/main/java/org/apache/commons/daemon/DaemonController.java:42:17
        Resolved as new abstract (CtMethodImpl) reload @ src/main/java/org/apache/commons/daemon/DaemonController.java:42:17
      Adding abstract (CtMethodImpl) fail @ src/main/java/org/apache/commons/daemon/DaemonController.java:51:17
        Adding signature (CtMethodImpl) fail @ src/main/java/org/apache/commons/daemon/DaemonController.java:51:17
          Resolved with match signature (CtMethodImpl) fail @ src/main/java/org/apache/commons/daemon/DaemonController.java:51:17
        Resolved as new abstract (CtMethodImpl) fail @ src/main/java/org/apache/commons/daemon/DaemonController.java:51:17
      Adding abstract (CtMethodImpl) fail @ src/main/java/org/apache/commons/daemon/DaemonController.java:62:17
        Adding signature (CtMethodImpl) fail @ src/main/java/org/apache/commons/daemon/DaemonController.java:62:17
          Adding parameter (CtParameterImpl) message @ src/main/java/org/apache/commons/daemon/DaemonController.java:62:29
            Resolved with match parameter (CtParameterImpl) message @ src/main/java/org/apache/commons/daemon/DaemonController.java:62:29
          Resolved as new signature (CtMethodImpl) fail @ src/main/java/org/apache/commons/daemon/DaemonController.java:62:17
        Resolved as new abstract (CtMethodImpl) fail @ src/main/java/org/apache/commons/daemon/DaemonController.java:62:17
      Adding abstract (CtMethodImpl) fail @ src/main/java/org/apache/commons/daemon/DaemonController.java:73:17
        Adding signature (CtMethodImpl) fail @ src/main/java/org/apache/commons/daemon/DaemonController.java:73:17
          Adding parameter (CtParameterImpl) exception @ src/main/java/org/apache/commons/daemon/DaemonController.java:73:32
            Resolved with match parameter (CtParameterImpl) exception @ src/main/java/org/apache/commons/daemon/DaemonController.java:73:32
          Resolved as new signature (CtMethodImpl) fail @ src/main/java/org/apache/commons/daemon/DaemonController.java:73:17
        Resolved as new abstract (CtMethodImpl) fail @ src/main/java/org/apache/commons/daemon/DaemonController.java:73:17
      Adding abstract (CtMethodImpl) fail @ src/main/java/org/apache/commons/daemon/DaemonController.java:85:17
        Adding signature (CtMethodImpl) fail @ src/main/java/org/apache/commons/daemon/DaemonController.java:85:17
          Adding parameter (CtParameterImpl) message @ src/main/java/org/apache/commons/daemon/DaemonController.java:85:29
            Resolved with match parameter (CtParameterImpl) message @ src/main/java/org/apache/commons/daemon/DaemonController.java:85:29
          Adding parameter (CtParameterImpl) exception @ src/main/java/org/apache/commons/daemon/DaemonController.java:85:48
            Resolved with match parameter (CtParameterImpl) exception @ src/main/java/org/apache/commons/daemon/DaemonController.java:85:48
          Resolved as new signature (CtMethodImpl) fail @ src/main/java/org/apache/commons/daemon/DaemonController.java:85:17
        Resolved as new abstract (CtMethodImpl) fail @ src/main/java/org/apache/commons/daemon/DaemonController.java:85:17
      Adding abstract (CtMethodImpl) shutdown @ src/main/java/org/apache/commons/daemon/DaemonController.java:33:17
        Adding signature (CtMethodImpl) shutdown @ src/main/java/org/apache/commons/daemon/DaemonController.java:33:17
          Resolved with match signature (CtMethodImpl) shutdown @ src/main/java/org/apache/commons/daemon/DaemonController.java:33:17
        Resolved as new abstract (CtMethodImpl) shutdown @ src/main/java/org/apache/commons/daemon/DaemonController.java:33:17
      Resolved as new interface description (CtInterfaceImpl) DaemonController @ src/main/java/org/apache/commons/daemon/DaemonController.java:24:18
  Finishing object decl (CtClassImpl) Method
  Finishing object decl (CtClassImpl) DaemonLoader @ src/main/java/org/apache/commons/daemon/support/DaemonLoader.java:30:20
    Adding object decl (CtClassImpl) Context @ src/main/java/org/apache/commons/daemon/support/DaemonLoader.java:392:25
      Adding struct (CtClassImpl) Context @ src/main/java/org/apache/commons/daemon/support/DaemonLoader.java:392:25
        Adding field (CtFieldImpl) daemonController @ src/main/java/org/apache/commons/daemon/support/DaemonLoader.java:396:34
          Adding interface decl (CtInterfaceImpl) DaemonController @ src/main/java/org/apache/commons/daemon/DaemonController.java:24:18
            Pending package org.apache.commons.daemon
            Resolved as new interface decl (CtInterfaceImpl) DaemonController @ src/main/java/org/apache/commons/daemon/DaemonController.java:24:18
          Resolved as new field (CtFieldImpl) daemonController @ src/main/java/org/apache/commons/daemon/support/DaemonLoader.java:396:34
        Adding field (CtFieldImpl) args @ src/main/java/org/apache/commons/daemon/support/DaemonLoader.java:398:26
          Resolved with match field (CtFieldImpl) args @ src/main/java/org/apache/commons/daemon/support/DaemonLoader.java:398:26
        Adding field $nest
          Resolved with match field $nest
        Resolved as new struct (CtClassImpl) Context @ src/main/java/org/apache/commons/daemon/support/DaemonLoader.java:392:25
      Resolved as new object decl (CtClassImpl) Context @ src/main/java/org/apache/commons/daemon/support/DaemonLoader.java:392:25
    [34mskipping default constructor: org.apache.commons.daemon.support.DaemonLoader()[0m
    Adding method (CtMethodImpl) destroy @ src/main/java/org/apache/commons/daemon/support/DaemonLoader.java:280:27
      Adding signature (CtMethodImpl) destroy @ src/main/java/org/apache/commons/daemon/support/DaemonLoader.java:280:27
        Adding parameter <unnamed> boolean @ src/main/java/org/apache/commons/daemon/support/DaemonLoader.java:280:19
          Adding basic (CtTypeReferenceImpl) boolean @ src/main/java/org/apache/commons/daemon/support/DaemonLoader.java:280:19
            Resolved with match basic (CtTypeReferenceImpl) boolean @ src/main/java/org/apache/commons/daemon/support/DaemonLoader.java:280:19
          Resolved as new parameter <unnamed> boolean @ src/main/java/org/apache/commons/daemon/support/DaemonLoader.java:280:19
        Resolved as new signature (CtMethodImpl) destroy @ src/main/java/org/apache/commons/daemon/support/DaemonLoader.java:280:27
      Resolved as new method (CtMethodImpl) destroy @ src/main/java/org/apache/commons/daemon/support/DaemonLoader.java:280:27
    Adding method (CtMethodImpl) failed @ src/main/java/org/apache/commons/daemon/support/DaemonLoader.java:300:32
      Adding signature (CtMethodImpl) failed @ src/main/java/org/apache/commons/daemon/support/DaemonLoader.java:300:32
        Adding parameter (CtParameterImpl) message @ src/main/java/org/apache/commons/daemon/support/DaemonLoader.java:300:46
          Resolved with match parameter (CtParameterImpl) message @ src/main/java/org/apache/commons/daemon/support/DaemonLoader.java:300:46
        Resolved as new signature (CtMethodImpl) failed @ src/main/java/org/apache/commons/daemon/support/DaemonLoader.java:300:32
      Resolved as new method (CtMethodImpl) failed @ src/main/java/org/apache/commons/daemon/support/DaemonLoader.java:300:32
    Adding method (CtMethodImpl) start @ src/main/java/org/apache/commons/daemon/support/DaemonLoader.java:236:27
      Adding signature (CtMethodImpl) start @ src/main/java/org/apache/commons/daemon/support/DaemonLoader.java:236:27
        Adding parameter <unnamed> boolean @ src/main/java/org/apache/commons/daemon/support/DaemonLoader.java:236:19
          Adding basic (CtTypeReferenceImpl) boolean @ src/main/java/org/apache/commons/daemon/support/DaemonLoader.java:236:19
            Resolved with match basic (CtTypeReferenceImpl) boolean @ src/main/java/org/apache/commons/daemon/support/DaemonLoader.java:236:19
          Resolved as new parameter <unnamed> boolean @ src/main/java/org/apache/commons/daemon/support/DaemonLoader.java:236:19
        Resolved as new signature (CtMethodImpl) start @ src/main/java/org/apache/commons/daemon/support/DaemonLoader.java:236:27
      Resolved as new method (CtMethodImpl) start @ src/main/java/org/apache/commons/daemon/support/DaemonLoader.java:236:27
    Adding method (CtMethodImpl) check @ src/main/java/org/apache/commons/daemon/support/DaemonLoader.java:62:27
      Adding signature (CtMethodImpl) check @ src/main/java/org/apache/commons/daemon/support/DaemonLoader.java:62:27
        Adding parameter (CtParameterImpl) cn @ src/main/java/org/apache/commons/daemon/support/DaemonLoader.java:62:46
          Resolved as new parameter (CtParameterImpl) cn @ src/main/java/org/apache/commons/daemon/support/DaemonLoader.java:62:46
        Adding parameter <unnamed> boolean @ src/main/java/org/apache/commons/daemon/support/DaemonLoader.java:62:19
          Adding basic (CtTypeReferenceImpl) boolean @ src/main/java/org/apache/commons/daemon/support/DaemonLoader.java:62:19
            Resolved with match basic (CtTypeReferenceImpl) boolean @ src/main/java/org/apache/commons/daemon/support/DaemonLoader.java:62:19
          Resolved as new parameter <unnamed> boolean @ src/main/java/org/apache/commons/daemon/support/DaemonLoader.java:62:19
        Resolved as new signature (CtMethodImpl) check @ src/main/java/org/apache/commons/daemon/support/DaemonLoader.java:62:27
      Resolved as new method (CtMethodImpl) check @ src/main/java/org/apache/commons/daemon/support/DaemonLoader.java:62:27
    Adding method (CtMethodImpl) version @ src/main/java/org/apache/commons/daemon/support/DaemonLoader.java:43:24
      Adding signature (CtMethodImpl) version @ src/main/java/org/apache/commons/daemon/support/DaemonLoader.java:43:24
        Resolved with match signature (CtMethodImpl) version @ src/main/java/org/apache/commons/daemon/support/DaemonLoader.java:43:24
      Resolved as new method (CtMethodImpl) version @ src/main/java/org/apache/commons/daemon/support/DaemonLoader.java:43:24
    Adding method (CtMethodImpl) load @ src/main/java/org/apache/commons/daemon/support/DaemonLoader.java:115:27
      Adding signature (CtMethodImpl) load @ src/main/java/org/apache/commons/daemon/support/DaemonLoader.java:115:27
        Adding parameter (CtParameterImpl) className @ src/main/java/org/apache/commons/daemon/support/DaemonLoader.java:115:45
          Resolved as new parameter (CtParameterImpl) className @ src/main/java/org/apache/commons/daemon/support/DaemonLoader.java:115:45
        Adding parameter (CtParameterImpl) args @ src/main/java/org/apache/commons/daemon/support/DaemonLoader.java:115:63
          Resolved as new parameter (CtParameterImpl) args @ src/main/java/org/apache/commons/daemon/support/DaemonLoader.java:115:63
        Adding parameter <unnamed> boolean @ src/main/java/org/apache/commons/daemon/support/DaemonLoader.java:115:19
          Adding basic (CtTypeReferenceImpl) boolean @ src/main/java/org/apache/commons/daemon/support/DaemonLoader.java:115:19
            Resolved with match basic (CtTypeReferenceImpl) boolean @ src/main/java/org/apache/commons/daemon/support/DaemonLoader.java:115:19
          Resolved as new parameter <unnamed> boolean @ src/main/java/org/apache/commons/daemon/support/DaemonLoader.java:115:19
        Resolved as new signature (CtMethodImpl) load @ src/main/java/org/apache/commons/daemon/support/DaemonLoader.java:115:27
      Resolved as new method (CtMethodImpl) load @ src/main/java/org/apache/commons/daemon/support/DaemonLoader.java:115:27
    Adding method (CtMethodImpl) stop @ src/main/java/org/apache/commons/daemon/support/DaemonLoader.java:258:27
      Adding signature (CtMethodImpl) stop @ src/main/java/org/apache/commons/daemon/support/DaemonLoader.java:258:27
        Adding parameter <unnamed> boolean @ src/main/java/org/apache/commons/daemon/support/DaemonLoader.java:258:19
          Adding basic (CtTypeReferenceImpl) boolean @ src/main/java/org/apache/commons/daemon/support/DaemonLoader.java:258:19
            Resolved with match basic (CtTypeReferenceImpl) boolean @ src/main/java/org/apache/commons/daemon/support/DaemonLoader.java:258:19
          Resolved as new parameter <unnamed> boolean @ src/main/java/org/apache/commons/daemon/support/DaemonLoader.java:258:19
        Resolved as new signature (CtMethodImpl) stop @ src/main/java/org/apache/commons/daemon/support/DaemonLoader.java:258:27
      Resolved as new method (CtMethodImpl) stop @ src/main/java/org/apache/commons/daemon/support/DaemonLoader.java:258:27
    Adding method (CtMethodImpl) signal @ src/main/java/org/apache/commons/daemon/support/DaemonLoader.java:100:27
      Adding signature (CtMethodImpl) signal @ src/main/java/org/apache/commons/daemon/support/DaemonLoader.java:100:27
        Adding parameter <unnamed> boolean @ src/main/java/org/apache/commons/daemon/support/DaemonLoader.java:100:19
          Adding basic (CtTypeReferenceImpl) boolean @ src/main/java/org/apache/commons/daemon/support/DaemonLoader.java:100:19
            Resolved with match basic (CtTypeReferenceImpl) boolean @ src/main/java/org/apache/commons/daemon/support/DaemonLoader.java:100:19
          Resolved as new parameter <unnamed> boolean @ src/main/java/org/apache/commons/daemon/support/DaemonLoader.java:100:19
        Resolved as new signature (CtMethodImpl) signal @ src/main/java/org/apache/commons/daemon/support/DaemonLoader.java:100:27
      Resolved as new method (CtMethodImpl) signal @ src/main/java/org/apache/commons/daemon/support/DaemonLoader.java:100:27
    Adding method (CtMethodImpl) shutdown @ src/main/java/org/apache/commons/daemon/support/DaemonLoader.java:299:32
      Adding signature (CtMethodImpl) shutdown @ src/main/java/org/apache/commons/daemon/support/DaemonLoader.java:299:32
        Adding parameter (CtParameterImpl) reload @ src/main/java/org/apache/commons/daemon/support/DaemonLoader.java:299:49
          Adding basic (CtTypeReferenceImpl) boolean @ src/main/java/org/apache/commons/daemon/support/DaemonLoader.java:299:41
            Resolved with match basic (CtTypeReferenceImpl) boolean @ src/main/java/org/apache/commons/daemon/support/DaemonLoader.java:299:41
          Resolved as new parameter (CtParameterImpl) reload @ src/main/java/org/apache/commons/daemon/support/DaemonLoader.java:299:49
        Resolved as new signature (CtMethodImpl) shutdown @ src/main/java/org/apache/commons/daemon/support/DaemonLoader.java:299:32
      Resolved as new method (CtMethodImpl) shutdown @ src/main/java/org/apache/commons/daemon/support/DaemonLoader.java:299:32
  Finishing object decl (CtClassImpl) Class
    Adding interface description (CtInterfaceImpl) Type
      Resolved as new interface description (CtInterfaceImpl) Type
    Adding interface description (CtInterfaceImpl) GenericDeclaration
      Resolved as new interface description (CtInterfaceImpl) GenericDeclaration
    Adding interface description (CtInterfaceImpl) OfField
      Resolved with match interface description (CtInterfaceImpl) OfField
    Adding interface description (CtInterfaceImpl) AnnotatedElement
      Resolved as new interface description (CtInterfaceImpl) AnnotatedElement
    Adding interface description (CtInterfaceImpl) Serializable
      Resolved as new interface description (CtInterfaceImpl) Serializable
    Adding interface description (CtInterfaceImpl) Constable
      Resolved as new interface description (CtInterfaceImpl) Constable
  Finishing object decl (CtClassImpl) Invoker @ src/main/java/org/apache/commons/daemon/support/DaemonWrapper.java:193:11
    getting parent type for (CtClassImpl) Invoker @ src/main/java/org/apache/commons/daemon/support/DaemonWrapper.java:193:11
    Adding constructor (CtConstructorImpl) <init> @ src/main/java/org/apache/commons/daemon/support/DaemonWrapper.java:201:19
      Adding constructor signature (CtConstructorImpl) <init> @ src/main/java/org/apache/commons/daemon/support/DaemonWrapper.java:201:19
        Adding parameter <unnamed> org.apache.commons.daemon.support.DaemonWrapper$Invoker
          Resolved as new parameter <unnamed> org.apache.commons.daemon.support.DaemonWrapper$Invoker
        Resolved as new constructor signature (CtConstructorImpl) <init> @ src/main/java/org/apache/commons/daemon/support/DaemonWrapper.java:201:19
      Resolved as new constructor (CtConstructorImpl) <init> @ src/main/java/org/apache/commons/daemon/support/DaemonWrapper.java:201:19
    Adding method (CtMethodImpl) addArguments @ src/main/java/org/apache/commons/daemon/support/DaemonWrapper.java:217:24
      Adding signature (CtMethodImpl) addArguments @ src/main/java/org/apache/commons/daemon/support/DaemonWrapper.java:217:24
        Adding parameter (CtParameterImpl) args @ src/main/java/org/apache/commons/daemon/support/DaemonWrapper.java:217:52
          Resolved with match parameter (CtParameterImpl) args @ src/main/java/org/apache/commons/daemon/support/DaemonWrapper.java:217:52
        Resolved as new signature (CtMethodImpl) addArguments @ src/main/java/org/apache/commons/daemon/support/DaemonWrapper.java:217:24
      Resolved as new method (CtMethodImpl) addArguments @ src/main/java/org/apache/commons/daemon/support/DaemonWrapper.java:217:24
    Adding method (CtMethodImpl) setMethodName @ src/main/java/org/apache/commons/daemon/support/DaemonWrapper.java:211:24
      Adding signature (CtMethodImpl) setMethodName @ src/main/java/org/apache/commons/daemon/support/DaemonWrapper.java:211:24
        Adding parameter (CtParameterImpl) name @ src/main/java/org/apache/commons/daemon/support/DaemonWrapper.java:211:51
          Resolved with match parameter (CtParameterImpl) name @ src/main/java/org/apache/commons/daemon/support/DaemonWrapper.java:211:51
        Resolved as new signature (CtMethodImpl) setMethodName @ src/main/java/org/apache/commons/daemon/support/DaemonWrapper.java:211:24
      Resolved as new method (CtMethodImpl) setMethodName @ src/main/java/org/apache/commons/daemon/support/DaemonWrapper.java:211:24
    Adding method (CtMethodImpl) setClassName @ src/main/java/org/apache/commons/daemon/support/DaemonWrapper.java:205:24
      Adding signature (CtMethodImpl) setClassName @ src/main/java/org/apache/commons/daemon/support/DaemonWrapper.java:205:24
        Adding parameter (CtParameterImpl) name @ src/main/java/org/apache/commons/daemon/support/DaemonWrapper.java:205:50
          Resolved with match parameter (CtParameterImpl) name @ src/main/java/org/apache/commons/daemon/support/DaemonWrapper.java:205:50
        Resolved as new signature (CtMethodImpl) setClassName @ src/main/java/org/apache/commons/daemon/support/DaemonWrapper.java:205:24
      Resolved as new method (CtMethodImpl) setClassName @ src/main/java/org/apache/commons/daemon/support/DaemonWrapper.java:205:24
    Adding method (CtMethodImpl) invoke @ src/main/java/org/apache/commons/daemon/support/DaemonWrapper.java:229:24
      Adding signature (CtMethodImpl) invoke @ src/main/java/org/apache/commons/daemon/support/DaemonWrapper.java:229:24
        Resolved with match signature (CtMethodImpl) invoke @ src/main/java/org/apache/commons/daemon/support/DaemonWrapper.java:229:24
      Resolved as new method (CtMethodImpl) invoke @ src/main/java/org/apache/commons/daemon/support/DaemonWrapper.java:229:24
    Adding method (CtMethodImpl) validate @ src/main/java/org/apache/commons/daemon/support/DaemonWrapper.java:251:24
      Adding signature (CtMethodImpl) validate @ src/main/java/org/apache/commons/daemon/support/DaemonWrapper.java:251:24
        Resolved with match signature (CtMethodImpl) validate @ src/main/java/org/apache/commons/daemon/support/DaemonWrapper.java:251:24
      Resolved as new method (CtMethodImpl) validate @ src/main/java/org/apache/commons/daemon/support/DaemonWrapper.java:251:24
    Adding abstract (CtMethodImpl) addArguments @ src/main/java/org/apache/commons/daemon/support/DaemonWrapper.java:217:24
      Resolved as new abstract (CtMethodImpl) addArguments @ src/main/java/org/apache/commons/daemon/support/DaemonWrapper.java:217:24
    Adding abstract (CtMethodImpl) setMethodName @ src/main/java/org/apache/commons/daemon/support/DaemonWrapper.java:211:24
      Resolved as new abstract (CtMethodImpl) setMethodName @ src/main/java/org/apache/commons/daemon/support/DaemonWrapper.java:211:24
    Adding abstract (CtMethodImpl) setClassName @ src/main/java/org/apache/commons/daemon/support/DaemonWrapper.java:205:24
      Resolved as new abstract (CtMethodImpl) setClassName @ src/main/java/org/apache/commons/daemon/support/DaemonWrapper.java:205:24
    Adding abstract (CtMethodImpl) invoke @ src/main/java/org/apache/commons/daemon/support/DaemonWrapper.java:229:24
      Resolved as new abstract (CtMethodImpl) invoke @ src/main/java/org/apache/commons/daemon/support/DaemonWrapper.java:229:24
    Adding abstract (CtMethodImpl) validate @ src/main/java/org/apache/commons/daemon/support/DaemonWrapper.java:251:24
      Resolved as new abstract (CtMethodImpl) validate @ src/main/java/org/apache/commons/daemon/support/DaemonWrapper.java:251:24
  Finishing object decl (CtClassImpl) DaemonWrapper @ src/main/java/org/apache/commons/daemon/support/DaemonWrapper.java:34:14
    Adding constructor (CtConstructorImpl) <init> @ src/main/java/org/apache/commons/daemon/support/DaemonWrapper.java:49:12
      Adding constructor signature (CtConstructorImpl) <init> @ src/main/java/org/apache/commons/daemon/support/DaemonWrapper.java:49:12
        Adding parameter <unnamed> org.apache.commons.daemon.support.DaemonWrapper
          Resolved as new parameter <unnamed> org.apache.commons.daemon.support.DaemonWrapper
        Resolved as new constructor signature (CtConstructorImpl) <init> @ src/main/java/org/apache/commons/daemon/support/DaemonWrapper.java:49:12
      Resolved as new constructor (CtConstructorImpl) <init> @ src/main/java/org/apache/commons/daemon/support/DaemonWrapper.java:49:12
    Adding method (CtMethodImpl) init @ src/main/java/org/apache/commons/daemon/support/DaemonWrapper.java:85:17
      Adding signature (CtMethodImpl) init @ src/main/java/org/apache/commons/daemon/support/DaemonWrapper.java:85:17
        Adding parameter (CtParameterImpl) context @ src/main/java/org/apache/commons/daemon/support/DaemonWrapper.java:85:42
          Adding interface decl (CtInterfaceImpl) DaemonContext @ src/main/java/org/apache/commons/daemon/DaemonContext.java:25:18
            Adding interface description (CtInterfaceImpl) DaemonContext @ src/main/java/org/apache/commons/daemon/DaemonContext.java:25:18
              Adding abstract (CtMethodImpl) getArguments @ src/main/java/org/apache/commons/daemon/DaemonContext.java:41:21
                Adding signature (CtMethodImpl) getArguments @ src/main/java/org/apache/commons/daemon/DaemonContext.java:41:21
                  Adding parameter <unnamed> java.lang.String[] @ src/main/java/org/apache/commons/daemon/DaemonContext.java:41:12
                    Resolved with match parameter <unnamed> java.lang.String[] @ src/main/java/org/apache/commons/daemon/DaemonContext.java:41:12
                  Resolved as new signature (CtMethodImpl) getArguments @ src/main/java/org/apache/commons/daemon/DaemonContext.java:41:21
                Resolved as new abstract (CtMethodImpl) getArguments @ src/main/java/org/apache/commons/daemon/DaemonContext.java:41:21
              Adding abstract (CtMethodImpl) getController @ src/main/java/org/apache/commons/daemon/DaemonContext.java:33:29
                Adding signature (CtMethodImpl) getController @ src/main/java/org/apache/commons/daemon/DaemonContext.java:33:29
                  Adding parameter <unnamed> org.apache.commons.daemon.DaemonController @ src/main/java/org/apache/commons/daemon/DaemonContext.java:33:12
                    Resolved as new parameter <unnamed> org.apache.commons.daemon.DaemonController @ src/main/java/org/apache/commons/daemon/DaemonContext.java:33:12
                  Resolved as new signature (CtMethodImpl) getController @ src/main/java/org/apache/commons/daemon/DaemonContext.java:33:29
                Resolved as new abstract (CtMethodImpl) getController @ src/main/java/org/apache/commons/daemon/DaemonContext.java:33:29
              Resolved as new interface description (CtInterfaceImpl) DaemonContext @ src/main/java/org/apache/commons/daemon/DaemonContext.java:25:18
            Resolved as new interface decl (CtInterfaceImpl) DaemonContext @ src/main/java/org/apache/commons/daemon/DaemonContext.java:25:18
          Resolved as new parameter (CtParameterImpl) context @ src/main/java/org/apache/commons/daemon/support/DaemonWrapper.java:85:42
        Resolved as new signature (CtMethodImpl) init @ src/main/java/org/apache/commons/daemon/support/DaemonWrapper.java:85:17
      Resolved as new method (CtMethodImpl) init @ src/main/java/org/apache/commons/daemon/support/DaemonWrapper.java:85:17
    Adding method (CtMethodImpl) destroy @ src/main/java/org/apache/commons/daemon/support/DaemonWrapper.java:186:17
      Adding signature (CtMethodImpl) destroy @ src/main/java/org/apache/commons/daemon/support/DaemonWrapper.java:186:17
        Resolved with match signature (CtMethodImpl) destroy @ src/main/java/org/apache/commons/daemon/support/DaemonWrapper.java:186:17
      Resolved as new method (CtMethodImpl) destroy @ src/main/java/org/apache/commons/daemon/support/DaemonWrapper.java:186:17
    Adding method (CtMethodImpl) start @ src/main/java/org/apache/commons/daemon/support/DaemonWrapper.java:168:17
      Adding signature (CtMethodImpl) start @ src/main/java/org/apache/commons/daemon/support/DaemonWrapper.java:168:17
        Resolved with match signature (CtMethodImpl) start @ src/main/java/org/apache/commons/daemon/support/DaemonWrapper.java:168:17
      Resolved as new method (CtMethodImpl) start @ src/main/java/org/apache/commons/daemon/support/DaemonWrapper.java:168:17
    Adding method (CtMethodImpl) stop @ src/main/java/org/apache/commons/daemon/support/DaemonWrapper.java:177:17
      Adding signature (CtMethodImpl) stop @ src/main/java/org/apache/commons/daemon/support/DaemonWrapper.java:177:17
        Resolved with match signature (CtMethodImpl) stop @ src/main/java/org/apache/commons/daemon/support/DaemonWrapper.java:177:17
      Resolved as new method (CtMethodImpl) stop @ src/main/java/org/apache/commons/daemon/support/DaemonWrapper.java:177:17
    Adding abstract (CtMethodImpl) init @ src/main/java/org/apache/commons/daemon/support/DaemonWrapper.java:85:17
      Resolved as new abstract (CtMethodImpl) init @ src/main/java/org/apache/commons/daemon/support/DaemonWrapper.java:85:17
    Adding abstract (CtMethodImpl) destroy @ src/main/java/org/apache/commons/daemon/support/DaemonWrapper.java:186:17
      Resolved as new abstract (CtMethodImpl) destroy @ src/main/java/org/apache/commons/daemon/support/DaemonWrapper.java:186:17
    Adding abstract (CtMethodImpl) start @ src/main/java/org/apache/commons/daemon/support/DaemonWrapper.java:168:17
      Resolved as new abstract (CtMethodImpl) start @ src/main/java/org/apache/commons/daemon/support/DaemonWrapper.java:168:17
    Adding abstract (CtMethodImpl) stop @ src/main/java/org/apache/commons/daemon/support/DaemonWrapper.java:177:17
      Resolved as new abstract (CtMethodImpl) stop @ src/main/java/org/apache/commons/daemon/support/DaemonWrapper.java:177:17
    Adding interface description (CtInterfaceImpl) Daemon @ src/main/java/org/apache/commons/daemon/Daemon.java:32:18
      Adding abstract (CtMethodImpl) init @ src/main/java/org/apache/commons/daemon/Daemon.java:70:17
        Adding signature (CtMethodImpl) init @ src/main/java/org/apache/commons/daemon/Daemon.java:70:17
          Adding parameter (CtParameterImpl) context @ src/main/java/org/apache/commons/daemon/Daemon.java:70:36
            Resolved with match parameter (CtParameterImpl) context @ src/main/java/org/apache/commons/daemon/Daemon.java:70:36
          Resolved as new signature (CtMethodImpl) init @ src/main/java/org/apache/commons/daemon/Daemon.java:70:17
        Resolved as new abstract (CtMethodImpl) init @ src/main/java/org/apache/commons/daemon/Daemon.java:70:17
      Adding abstract (CtMethodImpl) stop @ src/main/java/org/apache/commons/daemon/Daemon.java:96:17
        Adding signature (CtMethodImpl) stop @ src/main/java/org/apache/commons/daemon/Daemon.java:96:17
          Resolved with match signature (CtMethodImpl) stop @ src/main/java/org/apache/commons/daemon/Daemon.java:96:17
        Resolved as new abstract (CtMethodImpl) stop @ src/main/java/org/apache/commons/daemon/Daemon.java:96:17
      Adding abstract (CtMethodImpl) destroy @ src/main/java/org/apache/commons/daemon/Daemon.java:106:17
        Adding signature (CtMethodImpl) destroy @ src/main/java/org/apache/commons/daemon/Daemon.java:106:17
          Resolved with match signature (CtMethodImpl) destroy @ src/main/java/org/apache/commons/daemon/Daemon.java:106:17
        Resolved as new abstract (CtMethodImpl) destroy @ src/main/java/org/apache/commons/daemon/Daemon.java:106:17
      Adding abstract (CtMethodImpl) start @ src/main/java/org/apache/commons/daemon/Daemon.java:84:17
        Adding signature (CtMethodImpl) start @ src/main/java/org/apache/commons/daemon/Daemon.java:84:17
          Resolved with match signature (CtMethodImpl) start @ src/main/java/org/apache/commons/daemon/Daemon.java:84:17
        Resolved as new abstract (CtMethodImpl) start @ src/main/java/org/apache/commons/daemon/Daemon.java:84:17
      Resolved as new interface description (CtInterfaceImpl) Daemon @ src/main/java/org/apache/commons/daemon/Daemon.java:32:18
  Finishing object instantiation java.lang.Class @ src/main/java/org/apache/commons/daemon/support/DaemonWrapper.java:199:17<? @ src/main/java/org/apache/commons/daemon/support/DaemonWrapper.java:199:23>
  Finishing field (CtFieldImpl) daemonController @ src/main/java/org/apache/commons/daemon/support/DaemonLoader.java:396:34
  Finishing field (CtFieldImpl) args @ src/main/java/org/apache/commons/daemon/support/DaemonLoader.java:398:26
  Finishing interface decl (CtInterfaceImpl) DaemonController @ src/main/java/org/apache/commons/daemon/DaemonController.java:24:18
  Finishing interface decl (CtInterfaceImpl) DaemonContext @ src/main/java/org/apache/commons/daemon/DaemonContext.java:25:18
  Finishing interface description (CtInterfaceImpl) DaemonController @ src/main/java/org/apache/commons/daemon/DaemonController.java:24:18
  Finishing interface description (CtInterfaceImpl) Type
  Finishing interface description (CtInterfaceImpl) GenericDeclaration
  Finishing interface description (CtInterfaceImpl) OfField
  Finishing interface description (CtInterfaceImpl) AnnotatedElement
  Finishing interface description (CtInterfaceImpl) Serializable
  Finishing interface description (CtInterfaceImpl) Constable
  Finishing interface description (CtInterfaceImpl) DaemonContext @ src/main/java/org/apache/commons/daemon/DaemonContext.java:25:18
  Finishing interface description (CtInterfaceImpl) Daemon @ src/main/java/org/apache/commons/daemon/Daemon.java:32:18
  Finishing constructor (CtConstructorImpl) <init> @ src/main/java/org/apache/commons/daemon/support/DaemonConfiguration.java:69:12
  Finishing method (CtMethodImpl) getProperty @ src/main/java/org/apache/commons/daemon/support/DaemonConfiguration.java:167:19
  Finishing method (CtMethodImpl) expandProperty @ src/main/java/org/apache/commons/daemon/support/DaemonConfiguration.java:110:20
  Finishing method (CtMethodImpl) load @ src/main/java/org/apache/commons/daemon/support/DaemonConfiguration.java:81:20
  Finishing method (CtMethodImpl) getPropertyArray @ src/main/java/org/apache/commons/daemon/support/DaemonConfiguration.java:193:21
  Finishing constructor (CtConstructorImpl) <init> @ src/main/java/org/apache/commons/daemon/support/DaemonLoader.java:308:17
  Finishing method (CtMethodImpl) setAvailable @ src/main/java/org/apache/commons/daemon/support/DaemonLoader.java:321:22
  Finishing method (CtMethodImpl) reload @ src/main/java/org/apache/commons/daemon/support/DaemonLoader.java:342:21
  Finishing method (CtMethodImpl) fail @ src/main/java/org/apache/commons/daemon/support/DaemonLoader.java:355:21
  Finishing method (CtMethodImpl) fail @ src/main/java/org/apache/commons/daemon/support/DaemonLoader.java:361:21
  Finishing method (CtMethodImpl) fail @ src/main/java/org/apache/commons/daemon/support/DaemonLoader.java:367:21
  Finishing method (CtMethodImpl) fail @ src/main/java/org/apache/commons/daemon/support/DaemonLoader.java:373:21
  Finishing method (CtMethodImpl) isAvailable @ src/main/java/org/apache/commons/daemon/support/DaemonLoader.java:314:25
  Finishing method (CtMethodImpl) shutdown @ src/main/java/org/apache/commons/daemon/support/DaemonLoader.java:329:21
  Finishing method (CtMethodImpl) destroy @ src/main/java/org/apache/commons/daemon/support/DaemonLoader.java:280:27
  Finishing method (CtMethodImpl) failed @ src/main/java/org/apache/commons/daemon/support/DaemonLoader.java:300:32
  Finishing method (CtMethodImpl) start @ src/main/java/org/apache/commons/daemon/support/DaemonLoader.java:236:27
  Finishing method (CtMethodImpl) check @ src/main/java/org/apache/commons/daemon/support/DaemonLoader.java:62:27
  Finishing method (CtMethodImpl) version @ src/main/java/org/apache/commons/daemon/support/DaemonLoader.java:43:24
  Finishing method (CtMethodImpl) load @ src/main/java/org/apache/commons/daemon/support/DaemonLoader.java:115:27
  Finishing method (CtMethodImpl) stop @ src/main/java/org/apache/commons/daemon/support/DaemonLoader.java:258:27
  Finishing method (CtMethodImpl) signal @ src/main/java/org/apache/commons/daemon/support/DaemonLoader.java:100:27
  Finishing method (CtMethodImpl) shutdown @ src/main/java/org/apache/commons/daemon/support/DaemonLoader.java:299:32
  Finishing constructor (CtConstructorImpl) <init> @ src/main/java/org/apache/commons/daemon/support/DaemonWrapper.java:201:19
  Finishing method (CtMethodImpl) addArguments @ src/main/java/org/apache/commons/daemon/support/DaemonWrapper.java:217:24
  Finishing method (CtMethodImpl) setMethodName @ src/main/java/org/apache/commons/daemon/support/DaemonWrapper.java:211:24
  Finishing method (CtMethodImpl) setClassName @ src/main/java/org/apache/commons/daemon/support/DaemonWrapper.java:205:24
  Finishing method (CtMethodImpl) invoke @ src/main/java/org/apache/commons/daemon/support/DaemonWrapper.java:229:24
  Finishing method (CtMethodImpl) validate @ src/main/java/org/apache/commons/daemon/support/DaemonWrapper.java:251:24
  Finishing constructor (CtConstructorImpl) <init> @ src/main/java/org/apache/commons/daemon/support/DaemonWrapper.java:49:12
  Finishing method (CtMethodImpl) init @ src/main/java/org/apache/commons/daemon/support/DaemonWrapper.java:85:17
  Finishing method (CtMethodImpl) destroy @ src/main/java/org/apache/commons/daemon/support/DaemonWrapper.java:186:17
  Finishing method (CtMethodImpl) start @ src/main/java/org/apache/commons/daemon/support/DaemonWrapper.java:168:17
  Finishing method (CtMethodImpl) stop @ src/main/java/org/apache/commons/daemon/support/DaemonWrapper.java:177:17
  Finishing object decl (CtClassImpl) Exception
  Finishing object decl (CtClassImpl) Context @ src/main/java/org/apache/commons/daemon/support/DaemonLoader.java:392:25
    getting parent type for (CtClassImpl) Context @ src/main/java/org/apache/commons/daemon/support/DaemonLoader.java:392:25
    [34mskipping default constructor: org.apache.commons.daemon.support.DaemonLoader$Context()[0m
    Adding method (CtMethodImpl) getController @ src/main/java/org/apache/commons/daemon/support/DaemonLoader.java:401:33
      Adding signature (CtMethodImpl) getController @ src/main/java/org/apache/commons/daemon/support/DaemonLoader.java:401:33
        Adding parameter <unnamed> org.apache.commons.daemon.DaemonController @ src/main/java/org/apache/commons/daemon/support/DaemonLoader.java:401:16
          Resolved with match parameter <unnamed> org.apache.commons.daemon.DaemonController @ src/main/java/org/apache/commons/daemon/support/DaemonLoader.java:401:16
        Resolved as new signature (CtMethodImpl) getController @ src/main/java/org/apache/commons/daemon/support/DaemonLoader.java:401:33
      Resolved as new method (CtMethodImpl) getController @ src/main/java/org/apache/commons/daemon/support/DaemonLoader.java:401:33
    Adding method (CtMethodImpl) getArguments @ src/main/java/org/apache/commons/daemon/support/DaemonLoader.java:412:25
      Adding signature (CtMethodImpl) getArguments @ src/main/java/org/apache/commons/daemon/support/DaemonLoader.java:412:25
        Adding parameter <unnamed> java.lang.String[] @ src/main/java/org/apache/commons/daemon/support/DaemonLoader.java:412:16
          Resolved with match parameter <unnamed> java.lang.String[] @ src/main/java/org/apache/commons/daemon/support/DaemonLoader.java:412:16
        Resolved as new signature (CtMethodImpl) getArguments @ src/main/java/org/apache/commons/daemon/support/DaemonLoader.java:412:25
      Resolved as new method (CtMethodImpl) getArguments @ src/main/java/org/apache/commons/daemon/support/DaemonLoader.java:412:25
    Adding method (CtMethodImpl) setArguments @ src/main/java/org/apache/commons/daemon/support/DaemonLoader.java:417:21
      Adding signature (CtMethodImpl) setArguments @ src/main/java/org/apache/commons/daemon/support/DaemonLoader.java:417:21
        Adding parameter (CtParameterImpl) args @ src/main/java/org/apache/commons/daemon/support/DaemonLoader.java:417:48
          Resolved with match parameter (CtParameterImpl) args @ src/main/java/org/apache/commons/daemon/support/DaemonLoader.java:417:48
        Resolved as new signature (CtMethodImpl) setArguments @ src/main/java/org/apache/commons/daemon/support/DaemonLoader.java:417:21
      Resolved as new method (CtMethodImpl) setArguments @ src/main/java/org/apache/commons/daemon/support/DaemonLoader.java:417:21
    Adding method (CtMethodImpl) setController @ src/main/java/org/apache/commons/daemon/support/DaemonLoader.java:406:21
      Adding signature (CtMethodImpl) setController @ src/main/java/org/apache/commons/daemon/support/DaemonLoader.java:406:21
        Adding parameter (CtParameterImpl) controller @ src/main/java/org/apache/commons/daemon/support/DaemonLoader.java:406:58
          Resolved as new parameter (CtParameterImpl) controller @ src/main/java/org/apache/commons/daemon/support/DaemonLoader.java:406:58
        Resolved as new signature (CtMethodImpl) setController @ src/main/java/org/apache/commons/daemon/support/DaemonLoader.java:406:21
      Resolved as new method (CtMethodImpl) setController @ src/main/java/org/apache/commons/daemon/support/DaemonLoader.java:406:21
    Adding abstract (CtMethodImpl) getController @ src/main/java/org/apache/commons/daemon/support/DaemonLoader.java:401:33
      Resolved as new abstract (CtMethodImpl) getController @ src/main/java/org/apache/commons/daemon/support/DaemonLoader.java:401:33
    Adding abstract (CtMethodImpl) getArguments @ src/main/java/org/apache/commons/daemon/support/DaemonLoader.java:412:25
      Resolved as new abstract (CtMethodImpl) getArguments @ src/main/java/org/apache/commons/daemon/support/DaemonLoader.java:412:25
    Adding abstract (CtMethodImpl) setArguments @ src/main/java/org/apache/commons/daemon/support/DaemonLoader.java:417:21
      Resolved as new abstract (CtMethodImpl) setArguments @ src/main/java/org/apache/commons/daemon/support/DaemonLoader.java:417:21
    Adding abstract (CtMethodImpl) setController @ src/main/java/org/apache/commons/daemon/support/DaemonLoader.java:406:21
      Resolved as new abstract (CtMethodImpl) setController @ src/main/java/org/apache/commons/daemon/support/DaemonLoader.java:406:21
  Finishing method (CtMethodImpl) getController @ src/main/java/org/apache/commons/daemon/support/DaemonLoader.java:401:33
  Finishing method (CtMethodImpl) getArguments @ src/main/java/org/apache/commons/daemon/support/DaemonLoader.java:412:25
  Finishing method (CtMethodImpl) setArguments @ src/main/java/org/apache/commons/daemon/support/DaemonLoader.java:417:21
  Finishing method (CtMethodImpl) setController @ src/main/java/org/apache/commons/daemon/support/DaemonLoader.java:406:21
  Adding metrics (CtMethodImpl) version @ src/main/java/org/apache/commons/daemon/support/DaemonLoader.java:43:24
    Adding object decl (CtClassImpl) PrintStream
      Pending package java.io
      Adding struct (CtClassImpl) PrintStream
        Resolved as new struct (CtClassImpl) PrintStream
      Resolved as new object decl (CtClassImpl) PrintStream
    Adding method (CtMethodImpl) println
      Adding signature (CtMethodImpl) println
        Adding parameter (CtParameterImpl) arg0
          Resolved as new parameter (CtParameterImpl) arg0
        Resolved as new signature (CtMethodImpl) println
      Resolved as new method (CtMethodImpl) println
    Adding object decl (CtClassImpl) System
      Adding struct (CtClassImpl) System
        Resolved as new struct (CtClassImpl) System
      Resolved as new object decl (CtClassImpl) System
    Adding select field (CtFieldImpl) err
      Resolved as new select field (CtFieldImpl) err
    Adding method (CtMethodImpl) getProperty
      Adding signature (CtMethodImpl) getProperty
        Adding parameter (CtParameterImpl) arg0
          Resolved with match parameter (CtParameterImpl) arg0
        Adding parameter <unnamed> java.lang.String
          Resolved with match parameter <unnamed> java.lang.String
        Resolved as new signature (CtMethodImpl) getProperty
      Resolved as new method (CtMethodImpl) getProperty
    Resolved as new metrics (CtMethodImpl) version @ src/main/java/org/apache/commons/daemon/support/DaemonLoader.java:43:24
  Adding metrics (CtMethodImpl) check @ src/main/java/org/apache/commons/daemon/support/DaemonLoader.java:62:27
    Adding basic (CtTypeReferenceImpl) boolean
      Resolved with match basic (CtTypeReferenceImpl) boolean
    Adding object decl (CtClassImpl) NullPointerException
      Adding struct (CtClassImpl) NullPointerException
        Resolved as new struct (CtClassImpl) NullPointerException
      Resolved as new object decl (CtClassImpl) NullPointerException
    Adding constructor (CtConstructorImpl) <init>
      Adding constructor signature (CtConstructorImpl) <init>
        Adding parameter (CtParameterImpl) arg0
          Resolved with match parameter (CtParameterImpl) arg0
        Adding parameter <unnamed> java.lang.NullPointerException
          Resolved as new parameter <unnamed> java.lang.NullPointerException
        Resolved as new constructor signature (CtConstructorImpl) <init>
      Resolved as new constructor (CtConstructorImpl) <init>
    [34mIgnoring implicit executable reference: (CtExecutableReferenceImpl) <init>[0m
    Adding object decl (CtClassImpl) ClassLoader
      Adding struct (CtClassImpl) ClassLoader
        Resolved as new struct (CtClassImpl) ClassLoader
      Resolved as new object decl (CtClassImpl) ClassLoader
    Adding method (CtMethodImpl) getClassLoader
      Adding signature (CtMethodImpl) getClassLoader
        Adding parameter <unnamed> java.lang.ClassLoader
          Resolved as new parameter <unnamed> java.lang.ClassLoader
        Resolved as new signature (CtMethodImpl) getClassLoader
      Resolved as new method (CtMethodImpl) getClassLoader
    [34mSkipping selection with no field declaration: (CtFieldReferenceImpl) class[0m
    [34mSkipping selection with no field declaration: (CtFieldReferenceImpl) class[0m
    Adding basic (CtTypeReferenceImpl) boolean
      Resolved with match basic (CtTypeReferenceImpl) boolean
    Adding basic (CtTypeReferenceImpl) boolean
      Resolved with match basic (CtTypeReferenceImpl) boolean
    Adding object instantiation java.lang.Class @ src/main/java/org/apache/commons/daemon/support/DaemonLoader.java:78:19<? @ src/main/java/org/apache/commons/daemon/support/DaemonLoader.java:78:25>
      Resolved with match object instantiation java.lang.Class @ src/main/java/org/apache/commons/daemon/support/DaemonLoader.java:78:19<? @ src/main/java/org/apache/commons/daemon/support/DaemonLoader.java:78:25>
    [34mUnused type args: [? @ src/main/java/org/apache/commons/daemon/support/DaemonLoader.java:78:25][0m
    Adding method (CtMethodImpl) loadClass
      Adding signature (CtMethodImpl) loadClass
        Adding parameter (CtParameterImpl) arg0
          Resolved with match parameter (CtParameterImpl) arg0
        Adding parameter <unnamed> java.lang.Class<?>
          Adding object instantiation java.lang.Class<?>
            Resolved with match object instantiation java.lang.Class<?>
          Resolved as new parameter <unnamed> java.lang.Class<?>
        Resolved as new signature (CtMethodImpl) loadClass
      Resolved as new method (CtMethodImpl) loadClass
    [34mUnused type args: [?][0m
    Adding object instantiation java.lang.Class<?>
      Resolved with match object instantiation java.lang.Class<?>
    Adding basic (CtTypeReferenceImpl) boolean
      Resolved with match basic (CtTypeReferenceImpl) boolean
    Adding object instantiation java.lang.Class<?>
      Resolved with match object instantiation java.lang.Class<?>
    [34mUnused type args: [?][0m
    Adding object decl (CtClassImpl) ClassNotFoundException
      Adding struct (CtClassImpl) ClassNotFoundException
        Resolved as new struct (CtClassImpl) ClassNotFoundException
      Resolved as new object decl (CtClassImpl) ClassNotFoundException
    Adding constructor (CtConstructorImpl) <init>
      Adding constructor signature (CtConstructorImpl) <init>
        Adding parameter (CtParameterImpl) arg0
          Resolved with match parameter (CtParameterImpl) arg0
        Adding parameter <unnamed> java.lang.ClassNotFoundException
          Resolved as new parameter <unnamed> java.lang.ClassNotFoundException
        Resolved as new constructor signature (CtConstructorImpl) <init>
      Resolved as new constructor (CtConstructorImpl) <init>
    [34mIgnoring implicit executable reference: (CtExecutableReferenceImpl) <init>[0m
    Adding object instantiation java.lang.Class<?>
      Resolved with match object instantiation java.lang.Class<?>
    Adding method for call site (CtMethodImpl) newInstance
      Adding method (CtMethodImpl) newInstance
        Adding signature (CtMethodImpl) newInstance
          Adding parameter <unnamed> T
            Resolved as new parameter <unnamed> T
          Resolved as new signature (CtMethodImpl) newInstance
        Resolved as new method (CtMethodImpl) newInstance
      Adding signature (CtMethodImpl) newInstance
        Adding parameter <unnamed> T
          Resolved as new parameter <unnamed> T
        Resolved as new signature (CtMethodImpl) newInstance
      Resolved as new method for call site (CtMethodImpl) newInstance
    [34mUnused type args: [?][0m
    Adding object decl (CtClassImpl) Throwable
      Adding struct (CtClassImpl) Throwable
        Resolved as new struct (CtClassImpl) Throwable
      Resolved as new object decl (CtClassImpl) Throwable
    Adding method (CtMethodImpl) printStackTrace
      Adding signature (CtMethodImpl) printStackTrace
        Adding parameter (CtParameterImpl) arg0
          Resolved as new parameter (CtParameterImpl) arg0
        Resolved as new signature (CtMethodImpl) printStackTrace
      Resolved as new method (CtMethodImpl) printStackTrace
    Adding basic (CtTypeReferenceImpl) boolean
      Resolved with match basic (CtTypeReferenceImpl) boolean
    Adding basic (CtTypeReferenceImpl) boolean
      Resolved with match basic (CtTypeReferenceImpl) boolean
    Resolved as new metrics (CtMethodImpl) check @ src/main/java/org/apache/commons/daemon/support/DaemonLoader.java:62:27
  Adding metrics (CtMethodImpl) fail @ src/main/java/org/apache/commons/daemon/support/DaemonLoader.java:367:21
    Resolved as new metrics (CtMethodImpl) fail @ src/main/java/org/apache/commons/daemon/support/DaemonLoader.java:367:21
  Adding metrics (CtMethodImpl) load @ src/main/java/org/apache/commons/daemon/support/DaemonConfiguration.java:81:20
    Adding basic (CtTypeReferenceImpl) boolean @ src/main/java/org/apache/commons/daemon/support/DaemonConfiguration.java:83:9
      Resolved with match basic (CtTypeReferenceImpl) boolean @ src/main/java/org/apache/commons/daemon/support/DaemonConfiguration.java:83:9
    Adding basic (CtTypeReferenceImpl) boolean
      Resolved with match basic (CtTypeReferenceImpl) boolean
    Adding object decl (CtClassImpl) FileInputStream
      Adding struct (CtClassImpl) FileInputStream
        Resolved as new struct (CtClassImpl) FileInputStream
      Resolved as new object decl (CtClassImpl) FileInputStream
    Adding basic (CtTypeReferenceImpl) boolean
      Resolved with match basic (CtTypeReferenceImpl) boolean
    Adding select field (CtFieldImpl) DEFAULT_CONFIG @ src/main/java/org/apache/commons/daemon/support/DaemonConfiguration.java:54:35
      Resolved as new select field (CtFieldImpl) DEFAULT_CONFIG @ src/main/java/org/apache/commons/daemon/support/DaemonConfiguration.java:54:35
    Adding constructor (CtConstructorImpl) <init>
      Adding constructor signature (CtConstructorImpl) <init>
        Adding parameter (CtParameterImpl) arg0
          Resolved with match parameter (CtParameterImpl) arg0
        Adding parameter <unnamed> java.io.FileInputStream
          Resolved as new parameter <unnamed> java.io.FileInputStream
        Resolved as new constructor signature (CtConstructorImpl) <init>
      Resolved as new constructor (CtConstructorImpl) <init>
    [34mIgnoring implicit executable reference: (CtExecutableReferenceImpl) <init>[0m
    Adding method (CtMethodImpl) clear
      Adding signature (CtMethodImpl) clear
        Resolved with match signature (CtMethodImpl) clear
      Resolved as new method (CtMethodImpl) clear
    Adding select field (CtFieldImpl) configurationProperties @ src/main/java/org/apache/commons/daemon/support/DaemonConfiguration.java:63:30
      Resolved as new select field (CtFieldImpl) configurationProperties @ src/main/java/org/apache/commons/daemon/support/DaemonConfiguration.java:63:30
    Adding method (CtMethodImpl) load
      Adding signature (CtMethodImpl) load
        Adding parameter (CtParameterImpl) arg0
          Adding object decl (CtClassImpl) InputStream
            Pending package java.io
            Adding struct (CtClassImpl) InputStream
              Resolved as new struct (CtClassImpl) InputStream
            Resolved as new object decl (CtClassImpl) InputStream
          Resolved as new parameter (CtParameterImpl) arg0
        Resolved as new signature (CtMethodImpl) load
      Resolved as new method (CtMethodImpl) load
    Adding object decl (CtClassImpl) InputStream
      Adding struct (CtClassImpl) InputStream
        Resolved as new struct (CtClassImpl) InputStream
      Resolved as new object decl (CtClassImpl) InputStream
    Adding basic (CtTypeReferenceImpl) boolean
      Resolved with match basic (CtTypeReferenceImpl) boolean
    Adding basic (CtTypeReferenceImpl) boolean
      Resolved with match basic (CtTypeReferenceImpl) boolean
    Adding basic (CtTypeReferenceImpl) boolean
      Resolved with match basic (CtTypeReferenceImpl) boolean
    Adding object decl (CtClassImpl) FileNotFoundException
      Adding struct (CtClassImpl) FileNotFoundException
        Resolved as new struct (CtClassImpl) FileNotFoundException
      Resolved as new object decl (CtClassImpl) FileNotFoundException
    Adding object decl (CtClassImpl) IOException
      Adding struct (CtClassImpl) IOException
        Resolved as new struct (CtClassImpl) IOException
      Resolved as new object decl (CtClassImpl) IOException
    Adding basic (CtTypeReferenceImpl) boolean
      Resolved with match basic (CtTypeReferenceImpl) boolean
    Adding method (CtMethodImpl) close
      Adding signature (CtMethodImpl) close
        Resolved with match signature (CtMethodImpl) close
      Resolved as new method (CtMethodImpl) close
    Adding basic (CtTypeReferenceImpl) boolean
      Resolved with match basic (CtTypeReferenceImpl) boolean
    Resolved as new metrics (CtMethodImpl) load @ src/main/java/org/apache/commons/daemon/support/DaemonConfiguration.java:81:20
  Adding metrics (CtMethodImpl) getProperty @ src/main/java/org/apache/commons/daemon/support/DaemonConfiguration.java:167:19
    Adding basic (CtTypeReferenceImpl) boolean
      Resolved with match basic (CtTypeReferenceImpl) boolean
    Adding method (CtMethodImpl) getProperty
      Adding signature (CtMethodImpl) getProperty
        Adding parameter (CtParameterImpl) arg0
          Resolved with match parameter (CtParameterImpl) arg0
        Adding parameter <unnamed> java.lang.String
          Resolved with match parameter <unnamed> java.lang.String
        Resolved as new signature (CtMethodImpl) getProperty
      Resolved as new method (CtMethodImpl) getProperty
    Adding select field (CtFieldImpl) PREFIX @ src/main/java/org/apache/commons/daemon/support/DaemonConfiguration.java:58:35
      Resolved as new select field (CtFieldImpl) PREFIX @ src/main/java/org/apache/commons/daemon/support/DaemonConfiguration.java:58:35
    Resolved as new metrics (CtMethodImpl) getProperty @ src/main/java/org/apache/commons/daemon/support/DaemonConfiguration.java:167:19
  Adding metrics (CtMethodImpl) setArguments @ src/main/java/org/apache/commons/daemon/support/DaemonLoader.java:417:21
    Adding select field (CtFieldImpl) args @ src/main/java/org/apache/commons/daemon/support/DaemonLoader.java:398:26
      Resolved as new select field (CtFieldImpl) args @ src/main/java/org/apache/commons/daemon/support/DaemonLoader.java:398:26
    Resolved as new metrics (CtMethodImpl) setArguments @ src/main/java/org/apache/commons/daemon/support/DaemonLoader.java:417:21
  Adding metrics (CtMethodImpl) start @ src/main/java/org/apache/commons/daemon/support/DaemonLoader.java:236:27
    Adding method (CtMethodImpl) invoke
      Adding signature (CtMethodImpl) invoke
        Adding parameter (CtParameterImpl) arg0
          Resolved as new parameter (CtParameterImpl) arg0
        Adding parameter (CtParameterImpl) arg1
          Resolved as new parameter (CtParameterImpl) arg1
        Adding parameter <unnamed> java.lang.Object
          Resolved with match parameter <unnamed> java.lang.Object
        Resolved as new signature (CtMethodImpl) invoke
      Resolved as new method (CtMethodImpl) invoke
    Adding select field (CtFieldImpl) start @ src/main/java/org/apache/commons/daemon/support/DaemonLoader.java:38:27
      Resolved as new select field (CtFieldImpl) start @ src/main/java/org/apache/commons/daemon/support/DaemonLoader.java:38:27
    Adding select field (CtFieldImpl) daemon @ src/main/java/org/apache/commons/daemon/support/DaemonLoader.java:35:27
      Resolved as new select field (CtFieldImpl) daemon @ src/main/java/org/apache/commons/daemon/support/DaemonLoader.java:35:27
    Adding basic (CtTypeReferenceImpl) boolean
      Resolved with match basic (CtTypeReferenceImpl) boolean
    Adding select field (CtFieldImpl) controller @ src/main/java/org/apache/commons/daemon/support/DaemonLoader.java:34:31
      Resolved as new select field (CtFieldImpl) controller @ src/main/java/org/apache/commons/daemon/support/DaemonLoader.java:34:31
    Adding basic (CtTypeReferenceImpl) boolean
      Resolved with match basic (CtTypeReferenceImpl) boolean
    Adding basic (CtTypeReferenceImpl) boolean
      Resolved with match basic (CtTypeReferenceImpl) boolean
    Adding basic (CtTypeReferenceImpl) boolean
      Resolved with match basic (CtTypeReferenceImpl) boolean
    Adding basic (CtTypeReferenceImpl) boolean
      Resolved with match basic (CtTypeReferenceImpl) boolean
    Resolved as new metrics (CtMethodImpl) start @ src/main/java/org/apache/commons/daemon/support/DaemonLoader.java:236:27
  Adding metrics (CtMethodImpl) expandProperty @ src/main/java/org/apache/commons/daemon/support/DaemonConfiguration.java:110:20
    Adding object decl (CtClassImpl) StringBuffer
      Adding struct (CtClassImpl) StringBuffer
        Resolved as new struct (CtClassImpl) StringBuffer
      Resolved as new object decl (CtClassImpl) StringBuffer
    Adding basic (CtTypeReferenceImpl) int @ src/main/java/org/apache/commons/daemon/support/DaemonConfiguration.java:114:9
      Resolved with match basic (CtTypeReferenceImpl) int @ src/main/java/org/apache/commons/daemon/support/DaemonConfiguration.java:114:9
    Adding basic (CtTypeReferenceImpl) int @ src/main/java/org/apache/commons/daemon/support/DaemonConfiguration.java:115:9
      Resolved with match basic (CtTypeReferenceImpl) int @ src/main/java/org/apache/commons/daemon/support/DaemonConfiguration.java:115:9
    Adding basic (CtTypeReferenceImpl) int
      Resolved with match basic (CtTypeReferenceImpl) int
    Adding basic (CtTypeReferenceImpl) boolean
      Resolved with match basic (CtTypeReferenceImpl) boolean
    Adding constructor (CtConstructorImpl) <init>
      Adding constructor signature (CtConstructorImpl) <init>
        Adding parameter <unnamed> java.lang.StringBuffer
          Resolved as new parameter <unnamed> java.lang.StringBuffer
        Resolved as new constructor signature (CtConstructorImpl) <init>
      Resolved as new constructor (CtConstructorImpl) <init>
    [34mIgnoring implicit executable reference: (CtExecutableReferenceImpl) <init>[0m
    Adding basic (CtTypeReferenceImpl) int
      Resolved with match basic (CtTypeReferenceImpl) int
    Adding basic (CtTypeReferenceImpl) int
      Resolved with match basic (CtTypeReferenceImpl) int
    Adding object decl (CtClassImpl) String
      Adding struct (CtClassImpl) String
        Resolved as new struct (CtClassImpl) String
      Resolved as new object decl (CtClassImpl) String
    Adding method (CtMethodImpl) indexOf
      Adding signature (CtMethodImpl) indexOf
        Adding parameter (CtParameterImpl) arg0
          Resolved with match parameter (CtParameterImpl) arg0
        Adding parameter <unnamed> int
          Adding basic (CtTypeReferenceImpl) int
            Resolved with match basic (CtTypeReferenceImpl) int
          Resolved as new parameter <unnamed> int
        Resolved as new signature (CtMethodImpl) indexOf
      Resolved as new method (CtMethodImpl) indexOf
    Adding basic (CtTypeReferenceImpl) int
      Resolved with match basic (CtTypeReferenceImpl) int
    Adding select field (CtFieldImpl) BTOKEN @ src/main/java/org/apache/commons/daemon/support/DaemonConfiguration.java:59:35
      Resolved as new select field (CtFieldImpl) BTOKEN @ src/main/java/org/apache/commons/daemon/support/DaemonConfiguration.java:59:35
    Adding basic (CtTypeReferenceImpl) boolean
      Resolved with match basic (CtTypeReferenceImpl) boolean
    Adding basic (CtTypeReferenceImpl) int
      Resolved with match basic (CtTypeReferenceImpl) int
    Adding basic (CtTypeReferenceImpl) int
      Resolved with match basic (CtTypeReferenceImpl) int
    Adding basic (CtTypeReferenceImpl) int
      Resolved with match basic (CtTypeReferenceImpl) int
    Adding basic (CtTypeReferenceImpl) boolean
      Resolved with match basic (CtTypeReferenceImpl) boolean
    Adding basic (CtTypeReferenceImpl) boolean
      Resolved with match basic (CtTypeReferenceImpl) boolean
    Adding basic (CtTypeReferenceImpl) int
      Resolved with match basic (CtTypeReferenceImpl) int
    Adding basic (CtTypeReferenceImpl) int
      Resolved with match basic (CtTypeReferenceImpl) int
    Adding basic (CtTypeReferenceImpl) boolean
      Resolved with match basic (CtTypeReferenceImpl) boolean
    Adding method (CtMethodImpl) charAt
      Adding signature (CtMethodImpl) charAt
        Adding parameter (CtParameterImpl) arg0
          Adding basic (CtTypeReferenceImpl) int
            Resolved with match basic (CtTypeReferenceImpl) int
          Resolved as new parameter (CtParameterImpl) arg0
        Adding parameter <unnamed> char
          Adding basic (CtTypeReferenceImpl) char
            Resolved as new basic (CtTypeReferenceImpl) char
          Resolved as new parameter <unnamed> char
        Resolved as new signature (CtMethodImpl) charAt
      Resolved as new method (CtMethodImpl) charAt
    Adding basic (CtTypeReferenceImpl) char
      Resolved with match basic (CtTypeReferenceImpl) char
    Adding basic (CtTypeReferenceImpl) int
      Resolved with match basic (CtTypeReferenceImpl) int
    Adding basic (CtTypeReferenceImpl) int
      Resolved with match basic (CtTypeReferenceImpl) int
    Adding basic (CtTypeReferenceImpl) int
      Resolved with match basic (CtTypeReferenceImpl) int
    Adding basic (CtTypeReferenceImpl) int
      Resolved with match basic (CtTypeReferenceImpl) int
    Adding basic (CtTypeReferenceImpl) char
      Resolved with match basic (CtTypeReferenceImpl) char
    Adding basic (CtTypeReferenceImpl) int
      Resolved with match basic (CtTypeReferenceImpl) int
    Adding basic (CtTypeReferenceImpl) int
      Resolved with match basic (CtTypeReferenceImpl) int
    Adding method (CtMethodImpl) append
      Adding signature (CtMethodImpl) append
        Adding parameter (CtParameterImpl) arg0
          Resolved with match parameter (CtParameterImpl) arg0
        Adding parameter <unnamed> java.lang.StringBuffer
          Resolved with match parameter <unnamed> java.lang.StringBuffer
        Resolved as new signature (CtMethodImpl) append
      Resolved as new method (CtMethodImpl) append
    Adding method (CtMethodImpl) substring
      Adding signature (CtMethodImpl) substring
        Adding parameter (CtParameterImpl) arg0
          Adding basic (CtTypeReferenceImpl) int
            Resolved with match basic (CtTypeReferenceImpl) int
          Resolved as new parameter (CtParameterImpl) arg0
        Adding parameter (CtParameterImpl) arg1
          Adding basic (CtTypeReferenceImpl) int
            Resolved with match basic (CtTypeReferenceImpl) int
          Resolved as new parameter (CtParameterImpl) arg1
        Adding parameter <unnamed> java.lang.String
          Resolved with match parameter <unnamed> java.lang.String
        Resolved as new signature (CtMethodImpl) substring
      Resolved as new method (CtMethodImpl) substring
    Adding basic (CtTypeReferenceImpl) int
      Resolved with match basic (CtTypeReferenceImpl) int
    Adding basic (CtTypeReferenceImpl) int
      Resolved with match basic (CtTypeReferenceImpl) int
    Adding basic (CtTypeReferenceImpl) int
      Resolved with match basic (CtTypeReferenceImpl) int
    Adding basic (CtTypeReferenceImpl) int
      Resolved with match basic (CtTypeReferenceImpl) int
    Adding basic (CtTypeReferenceImpl) int
      Resolved with match basic (CtTypeReferenceImpl) int
    Adding basic (CtTypeReferenceImpl) int
      Resolved with match basic (CtTypeReferenceImpl) int
    Adding basic (CtTypeReferenceImpl) int
      Resolved with match basic (CtTypeReferenceImpl) int
    Adding basic (CtTypeReferenceImpl) int
      Resolved with match basic (CtTypeReferenceImpl) int
    Adding basic (CtTypeReferenceImpl) int
      Resolved with match basic (CtTypeReferenceImpl) int
    Adding basic (CtTypeReferenceImpl) int
      Resolved with match basic (CtTypeReferenceImpl) int
    Adding basic (CtTypeReferenceImpl) int
      Resolved with match basic (CtTypeReferenceImpl) int
    Adding method (CtMethodImpl) indexOf
      Adding signature (CtMethodImpl) indexOf
        Adding parameter (CtParameterImpl) arg0
          Resolved with match parameter (CtParameterImpl) arg0
        Adding parameter (CtParameterImpl) arg1
          Adding basic (CtTypeReferenceImpl) int
            Resolved with match basic (CtTypeReferenceImpl) int
          Resolved as new parameter (CtParameterImpl) arg1
        Adding parameter <unnamed> int
          Adding basic (CtTypeReferenceImpl) int
            Resolved with match basic (CtTypeReferenceImpl) int
          Resolved as new parameter <unnamed> int
        Resolved as new signature (CtMethodImpl) indexOf
      Resolved as new method (CtMethodImpl) indexOf
    Adding basic (CtTypeReferenceImpl) int
      Resolved with match basic (CtTypeReferenceImpl) int
    Adding basic (CtTypeReferenceImpl) int
      Resolved with match basic (CtTypeReferenceImpl) int
    Adding basic (CtTypeReferenceImpl) int
      Resolved with match basic (CtTypeReferenceImpl) int
    Adding basic (CtTypeReferenceImpl) int
      Resolved with match basic (CtTypeReferenceImpl) int
    Adding method (CtMethodImpl) length
      Adding signature (CtMethodImpl) length
        Adding parameter <unnamed> int
          Adding basic (CtTypeReferenceImpl) int
            Resolved with match basic (CtTypeReferenceImpl) int
          Resolved as new parameter <unnamed> int
        Resolved as new signature (CtMethodImpl) length
      Resolved as new method (CtMethodImpl) length
    Adding basic (CtTypeReferenceImpl) int
      Resolved with match basic (CtTypeReferenceImpl) int
    Adding basic (CtTypeReferenceImpl) int @ src/main/java/org/apache/commons/daemon/support/DaemonConfiguration.java:130:19
      Resolved with match basic (CtTypeReferenceImpl) int @ src/main/java/org/apache/commons/daemon/support/DaemonConfiguration.java:130:19
    Adding basic (CtTypeReferenceImpl) int
      Resolved with match basic (CtTypeReferenceImpl) int
    Adding basic (CtTypeReferenceImpl) int
      Resolved with match basic (CtTypeReferenceImpl) int
    Adding select field (CtFieldImpl) ETOKEN @ src/main/java/org/apache/commons/daemon/support/DaemonConfiguration.java:60:35
      Resolved as new select field (CtFieldImpl) ETOKEN @ src/main/java/org/apache/commons/daemon/support/DaemonConfiguration.java:60:35
    Adding basic (CtTypeReferenceImpl) int
      Resolved with match basic (CtTypeReferenceImpl) int
    Adding basic (CtTypeReferenceImpl) boolean
      Resolved with match basic (CtTypeReferenceImpl) boolean
    Adding basic (CtTypeReferenceImpl) int
      Resolved with match basic (CtTypeReferenceImpl) int
    Adding basic (CtTypeReferenceImpl) int
      Resolved with match basic (CtTypeReferenceImpl) int
    Adding basic (CtTypeReferenceImpl) int
      Resolved with match basic (CtTypeReferenceImpl) int
    Adding basic (CtTypeReferenceImpl) int
      Resolved with match basic (CtTypeReferenceImpl) int
    Adding basic (CtTypeReferenceImpl) int
      Resolved with match basic (CtTypeReferenceImpl) int
    Adding basic (CtTypeReferenceImpl) int
      Resolved with match basic (CtTypeReferenceImpl) int
    Adding basic (CtTypeReferenceImpl) int
      Resolved with match basic (CtTypeReferenceImpl) int
    Adding basic (CtTypeReferenceImpl) int
      Resolved with match basic (CtTypeReferenceImpl) int
    Adding basic (CtTypeReferenceImpl) int
      Resolved with match basic (CtTypeReferenceImpl) int
    Adding select field (CtFieldImpl) systemProperties @ src/main/java/org/apache/commons/daemon/support/DaemonConfiguration.java:64:30
      Resolved as new select field (CtFieldImpl) systemProperties @ src/main/java/org/apache/commons/daemon/support/DaemonConfiguration.java:64:30
    Adding basic (CtTypeReferenceImpl) boolean
      Resolved with match basic (CtTypeReferenceImpl) boolean
    Adding method (CtMethodImpl) getenv
      Adding signature (CtMethodImpl) getenv
        Adding parameter (CtParameterImpl) arg0
          Resolved with match parameter (CtParameterImpl) arg0
        Adding parameter <unnamed> java.lang.String
          Resolved with match parameter <unnamed> java.lang.String
        Resolved as new signature (CtMethodImpl) getenv
      Resolved as new method (CtMethodImpl) getenv
    Adding basic (CtTypeReferenceImpl) boolean
      Resolved with match basic (CtTypeReferenceImpl) boolean
    Adding basic (CtTypeReferenceImpl) int
      Resolved with match basic (CtTypeReferenceImpl) int
    Adding basic (CtTypeReferenceImpl) int
      Resolved with match basic (CtTypeReferenceImpl) int
    Adding basic (CtTypeReferenceImpl) int
      Resolved with match basic (CtTypeReferenceImpl) int
    Adding basic (CtTypeReferenceImpl) int
      Resolved with match basic (CtTypeReferenceImpl) int
    Adding basic (CtTypeReferenceImpl) int
      Resolved with match basic (CtTypeReferenceImpl) int
    Adding basic (CtTypeReferenceImpl) int
      Resolved with match basic (CtTypeReferenceImpl) int
    Adding basic (CtTypeReferenceImpl) int
      Resolved with match basic (CtTypeReferenceImpl) int
    Adding basic (CtTypeReferenceImpl) int
      Resolved with match basic (CtTypeReferenceImpl) int
    Adding basic (CtTypeReferenceImpl) int
      Resolved with match basic (CtTypeReferenceImpl) int
    Adding object decl (CtClassImpl) ParseException
      Pending package java.text
      Adding struct (CtClassImpl) ParseException
        Resolved as new struct (CtClassImpl) ParseException
      Resolved as new object decl (CtClassImpl) ParseException
    Adding constructor (CtConstructorImpl) <init>
      Adding constructor signature (CtConstructorImpl) <init>
        Adding parameter (CtParameterImpl) arg0
          Resolved with match parameter (CtParameterImpl) arg0
        Adding parameter (CtParameterImpl) arg1
          Adding basic (CtTypeReferenceImpl) int
            Resolved with match basic (CtTypeReferenceImpl) int
          Resolved as new parameter (CtParameterImpl) arg1
        Adding parameter <unnamed> java.text.ParseException
          Resolved as new parameter <unnamed> java.text.ParseException
        Resolved as new constructor signature (CtConstructorImpl) <init>
      Resolved as new constructor (CtConstructorImpl) <init>
    [34mIgnoring implicit executable reference: (CtExecutableReferenceImpl) <init>[0m
    Adding basic (CtTypeReferenceImpl) int
      Resolved with match basic (CtTypeReferenceImpl) int
    Adding basic (CtTypeReferenceImpl) int
      Resolved with match basic (CtTypeReferenceImpl) int
    Adding basic (CtTypeReferenceImpl) int
      Resolved with match basic (CtTypeReferenceImpl) int
    Adding basic (CtTypeReferenceImpl) int
      Resolved with match basic (CtTypeReferenceImpl) int
    Adding basic (CtTypeReferenceImpl) int
      Resolved with match basic (CtTypeReferenceImpl) int
    Adding basic (CtTypeReferenceImpl) int
      Resolved with match basic (CtTypeReferenceImpl) int
    Adding basic (CtTypeReferenceImpl) int
      Resolved with match basic (CtTypeReferenceImpl) int
    Adding basic (CtTypeReferenceImpl) int
      Resolved with match basic (CtTypeReferenceImpl) int
    Adding basic (CtTypeReferenceImpl) int
      Resolved with match basic (CtTypeReferenceImpl) int
    Adding basic (CtTypeReferenceImpl) int
      Resolved with match basic (CtTypeReferenceImpl) int
    Adding basic (CtTypeReferenceImpl) int
      Resolved with match basic (CtTypeReferenceImpl) int
    Adding basic (CtTypeReferenceImpl) int
      Resolved with match basic (CtTypeReferenceImpl) int
    Adding basic (CtTypeReferenceImpl) int
      Resolved with match basic (CtTypeReferenceImpl) int
    Adding method (CtMethodImpl) toString
      Adding signature (CtMethodImpl) toString
        Adding parameter <unnamed> java.lang.String
          Resolved with match parameter <unnamed> java.lang.String
        Resolved as new signature (CtMethodImpl) toString
      Resolved as new method (CtMethodImpl) toString
    Resolved as new metrics (CtMethodImpl) expandProperty @ src/main/java/org/apache/commons/daemon/support/DaemonConfiguration.java:110:20
  Adding metrics (CtConstructorImpl) <init> @ src/main/java/org/apache/commons/daemon/support/DaemonConfiguration.java:69:12
    [34mIgnoring implicit executable reference: (CtExecutableReferenceImpl) <init>[0m
    [34mIgnoring implicit executable reference: (CtExecutableReferenceImpl) <init>[0m
    Adding constructor (CtConstructorImpl) <init>
      Adding constructor signature (CtConstructorImpl) <init>
        Adding parameter <unnamed> java.util.Properties
          Resolved as new parameter <unnamed> java.util.Properties
        Resolved as new constructor signature (CtConstructorImpl) <init>
      Resolved as new constructor (CtConstructorImpl) <init>
    [34mIgnoring implicit executable reference: (CtExecutableReferenceImpl) <init>[0m
    Adding method (CtMethodImpl) getProperties
      Adding signature (CtMethodImpl) getProperties
        Adding parameter <unnamed> java.util.Properties
          Resolved with match parameter <unnamed> java.util.Properties
        Resolved as new signature (CtMethodImpl) getProperties
      Resolved as new method (CtMethodImpl) getProperties
    Resolved as new metrics (CtConstructorImpl) <init> @ src/main/java/org/apache/commons/daemon/support/DaemonConfiguration.java:69:12
  Adding metrics (CtMethodImpl) fail @ src/main/java/org/apache/commons/daemon/support/DaemonLoader.java:361:21
    Resolved as new metrics (CtMethodImpl) fail @ src/main/java/org/apache/commons/daemon/support/DaemonLoader.java:361:21
  Adding metrics (CtMethodImpl) setMethodName @ src/main/java/org/apache/commons/daemon/support/DaemonWrapper.java:211:24
    Adding basic (CtTypeReferenceImpl) boolean
      Resolved with match basic (CtTypeReferenceImpl) boolean
    Adding select field (CtFieldImpl) call @ src/main/java/org/apache/commons/daemon/support/DaemonWrapper.java:196:29
      Resolved as new select field (CtFieldImpl) call @ src/main/java/org/apache/commons/daemon/support/DaemonWrapper.java:196:29
    Resolved as new metrics (CtMethodImpl) setMethodName @ src/main/java/org/apache/commons/daemon/support/DaemonWrapper.java:211:24
  Adding metrics (CtConstructorImpl) <init> @ src/main/java/org/apache/commons/daemon/support/DaemonWrapper.java:201:19
    [34mIgnoring implicit executable reference: (CtExecutableReferenceImpl) <init>[0m
    [34mIgnoring implicit executable reference: (CtExecutableReferenceImpl) <init>[0m
    Resolved as new metrics (CtConstructorImpl) <init> @ src/main/java/org/apache/commons/daemon/support/DaemonWrapper.java:201:19
  Adding metrics (CtMethodImpl) stop @ src/main/java/org/apache/commons/daemon/support/DaemonWrapper.java:177:17
    Adding select field (CtFieldImpl) shutdown @ src/main/java/org/apache/commons/daemon/support/DaemonWrapper.java:47:39
      Resolved as new select field (CtFieldImpl) shutdown @ src/main/java/org/apache/commons/daemon/support/DaemonWrapper.java:47:39
    Resolved as new metrics (CtMethodImpl) stop @ src/main/java/org/apache/commons/daemon/support/DaemonWrapper.java:177:17
  Adding metrics (CtMethodImpl) load @ src/main/java/org/apache/commons/daemon/support/DaemonLoader.java:115:27
    Adding basic (CtTypeReferenceImpl) boolean
      Resolved with match basic (CtTypeReferenceImpl) boolean
    Adding basic (CtTypeReferenceImpl) int
      Resolved with match basic (CtTypeReferenceImpl) int
    Adding basic (CtTypeReferenceImpl) boolean
      Resolved with match basic (CtTypeReferenceImpl) boolean
    [34mIgnoring implicit executable reference: (CtExecutableReferenceImpl) <init>[0m
    [34mSkipping selection with no field declaration: (CtFieldReferenceImpl) class[0m
    [34mSkipping selection with no field declaration: (CtFieldReferenceImpl) class[0m
    Adding basic (CtTypeReferenceImpl) boolean
      Resolved with match basic (CtTypeReferenceImpl) boolean
    Adding basic (CtTypeReferenceImpl) boolean
      Resolved with match basic (CtTypeReferenceImpl) boolean
    Adding object instantiation java.lang.Class @ src/main/java/org/apache/commons/daemon/support/DaemonLoader.java:135:13<? @ src/main/java/org/apache/commons/daemon/support/DaemonLoader.java:135:19>
      Resolved with match object instantiation java.lang.Class @ src/main/java/org/apache/commons/daemon/support/DaemonLoader.java:135:13<? @ src/main/java/org/apache/commons/daemon/support/DaemonLoader.java:135:19>
    [34mUnused type args: [? @ src/main/java/org/apache/commons/daemon/support/DaemonLoader.java:135:19][0m
    Adding basic (CtTypeReferenceImpl) boolean
      Resolved with match basic (CtTypeReferenceImpl) boolean
    Adding basic (CtTypeReferenceImpl) char
      Resolved with match basic (CtTypeReferenceImpl) char
    Adding basic (CtTypeReferenceImpl) int
      Resolved with match basic (CtTypeReferenceImpl) int
    Adding basic (CtTypeReferenceImpl) int
      Resolved with match basic (CtTypeReferenceImpl) int
    Adding basic (CtTypeReferenceImpl) char
      Resolved with match basic (CtTypeReferenceImpl) char
    Adding object instantiation java.lang.Class<?>
      Resolved with match object instantiation java.lang.Class<?>
    [34mUnused type args: [?][0m
    Adding object instantiation java.lang.Class<?>
      Resolved with match object instantiation java.lang.Class<?>
    [34mUnused type args: [?][0m
    [34mSkipping selection with no field declaration: (CtFieldReferenceImpl) class[0m
    [34mSkipping selection with no field declaration: (CtFieldReferenceImpl) class[0m
    Adding basic (CtTypeReferenceImpl) int
      Resolved with match basic (CtTypeReferenceImpl) int
    Adding basic (CtTypeReferenceImpl) int
      Resolved with match basic (CtTypeReferenceImpl) int
    Adding basic (CtTypeReferenceImpl) int
      Resolved with match basic (CtTypeReferenceImpl) int
    Adding basic (CtTypeReferenceImpl) int
      Resolved with match basic (CtTypeReferenceImpl) int
    Adding basic (CtTypeReferenceImpl) int
      Resolved with match basic (CtTypeReferenceImpl) int
    Adding method (CtMethodImpl) substring
      Adding signature (CtMethodImpl) substring
        Adding parameter (CtParameterImpl) arg0
          Adding basic (CtTypeReferenceImpl) int
            Resolved with match basic (CtTypeReferenceImpl) int
          Resolved as new parameter (CtParameterImpl) arg0
        Adding parameter <unnamed> java.lang.String
          Resolved with match parameter <unnamed> java.lang.String
        Resolved as new signature (CtMethodImpl) substring
      Resolved as new method (CtMethodImpl) substring
    Adding basic (CtTypeReferenceImpl) int
      Resolved with match basic (CtTypeReferenceImpl) int
    Adding basic (CtTypeReferenceImpl) int
      Resolved with match basic (CtTypeReferenceImpl) int
    Adding method (CtMethodImpl) arraycopy
      Adding signature (CtMethodImpl) arraycopy
        Adding parameter (CtParameterImpl) arg0
          Resolved with match parameter (CtParameterImpl) arg0
        Adding parameter (CtParameterImpl) arg1
          Adding basic (CtTypeReferenceImpl) int
            Resolved with match basic (CtTypeReferenceImpl) int
          Resolved as new parameter (CtParameterImpl) arg1
        Adding parameter (CtParameterImpl) arg2
          Resolved as new parameter (CtParameterImpl) arg2
        Adding parameter (CtParameterImpl) arg3
          Adding basic (CtTypeReferenceImpl) int
            Resolved with match basic (CtTypeReferenceImpl) int
          Resolved as new parameter (CtParameterImpl) arg3
        Adding parameter (CtParameterImpl) arg4
          Adding basic (CtTypeReferenceImpl) int
            Resolved with match basic (CtTypeReferenceImpl) int
          Resolved as new parameter (CtParameterImpl) arg4
        Resolved as new signature (CtMethodImpl) arraycopy
      Resolved as new method (CtMethodImpl) arraycopy
    Adding basic (CtTypeReferenceImpl) int
      Resolved with match basic (CtTypeReferenceImpl) int
    Adding basic (CtTypeReferenceImpl) int
      Resolved with match basic (CtTypeReferenceImpl) int
    Adding basic (CtTypeReferenceImpl) int
      Resolved with match basic (CtTypeReferenceImpl) int
    Adding basic (CtTypeReferenceImpl) int
      Resolved with match basic (CtTypeReferenceImpl) int
    Adding basic (CtTypeReferenceImpl) int
      Resolved with match basic (CtTypeReferenceImpl) int
    Adding basic (CtTypeReferenceImpl) int
      Resolved with match basic (CtTypeReferenceImpl) int
    Adding object instantiation java.lang.Class<?>
      Resolved with match object instantiation java.lang.Class<?>
    [34mUnused type args: [?][0m
    Adding object instantiation java.lang.Class<?>
      Resolved with match object instantiation java.lang.Class<?>
    [34mUnused type args: [?][0m
    [34mUnused type args: [?][0m
    Adding object instantiation java.lang.Class<?>
      Resolved with match object instantiation java.lang.Class<?>
    Adding basic (CtTypeReferenceImpl) boolean
      Resolved with match basic (CtTypeReferenceImpl) boolean
    Adding object instantiation java.lang.Class<?>
      Resolved with match object instantiation java.lang.Class<?>
    [34mUnused type args: [?][0m
    [34mIgnoring implicit executable reference: (CtExecutableReferenceImpl) <init>[0m
    Adding basic (CtTypeReferenceImpl) boolean @ src/main/java/org/apache/commons/daemon/support/DaemonLoader.java:155:13
      Resolved with match basic (CtTypeReferenceImpl) boolean @ src/main/java/org/apache/commons/daemon/support/DaemonLoader.java:155:13
    Adding basic (CtTypeReferenceImpl) boolean
      Resolved with match basic (CtTypeReferenceImpl) boolean
    Adding object instantiation java.lang.Class @ src/main/java/org/apache/commons/daemon/support/DaemonLoader.java:158:23<? @ src/main/java/org/apache/commons/daemon/support/DaemonLoader.java:158:29>
      Resolved with match object instantiation java.lang.Class @ src/main/java/org/apache/commons/daemon/support/DaemonLoader.java:158:23<? @ src/main/java/org/apache/commons/daemon/support/DaemonLoader.java:158:29>
    [34mUnused type args: [? @ src/main/java/org/apache/commons/daemon/support/DaemonLoader.java:158:29][0m
    [34mUnused type args: [?][0m
    Adding object instantiation java.lang.Class<?>
      Resolved with match object instantiation java.lang.Class<?>
    Adding basic (CtTypeReferenceImpl) boolean
      Resolved with match basic (CtTypeReferenceImpl) boolean
    Adding basic (CtTypeReferenceImpl) boolean
      Resolved with match basic (CtTypeReferenceImpl) boolean
    Adding object instantiation java.lang.Class<?>
      Resolved with match object instantiation java.lang.Class<?>
    Adding method for call site (CtMethodImpl) isAssignableFrom
      Adding method (CtMethodImpl) isAssignableFrom
        Adding signature (CtMethodImpl) isAssignableFrom
          Adding parameter (CtParameterImpl) arg0
            Adding object instantiation java.lang.Class<?>
              Resolved with match object instantiation java.lang.Class<?>
            Resolved as new parameter (CtParameterImpl) arg0
          Adding parameter <unnamed> boolean
            Adding basic (CtTypeReferenceImpl) boolean
              Resolved with match basic (CtTypeReferenceImpl) boolean
            Resolved as new parameter <unnamed> boolean
          Resolved as new signature (CtMethodImpl) isAssignableFrom
        Resolved as new method (CtMethodImpl) isAssignableFrom
      Adding signature (CtMethodImpl) isAssignableFrom
        Adding parameter (CtParameterImpl) arg0
          Resolved with match parameter (CtParameterImpl) arg0
        Adding parameter <unnamed> boolean
          Resolved with match parameter <unnamed> boolean
        Resolved as new signature (CtMethodImpl) isAssignableFrom
      Resolved as new method for call site (CtMethodImpl) isAssignableFrom
    [34mUnused type args: [?][0m
    Adding basic (CtTypeReferenceImpl) boolean
      Resolved with match basic (CtTypeReferenceImpl) boolean
    [34mUnused type args: [?][0m
    Adding object instantiation java.lang.Class<?>
      Resolved with match object instantiation java.lang.Class<?>
    Adding object instantiation java.lang.Class<?>
      Resolved with match object instantiation java.lang.Class<?>
    [34mUnused type args: [?][0m
    Adding object instantiation java.lang.Class<? @ src/main/java/org/apache/commons/daemon/support/DaemonLoader.java:166:19>
      Resolved with match object instantiation java.lang.Class<? @ src/main/java/org/apache/commons/daemon/support/DaemonLoader.java:166:19>
    [34mUnused type args: [? @ src/main/java/org/apache/commons/daemon/support/DaemonLoader.java:166:19][0m
    Adding basic (CtTypeReferenceImpl) int
      Resolved with match basic (CtTypeReferenceImpl) int
    Adding basic (CtTypeReferenceImpl) boolean
      Resolved with match basic (CtTypeReferenceImpl) boolean
    Adding object instantiation java.lang.Class<?>
      Resolved with match object instantiation java.lang.Class<?>
    [34mUnused type args: [?][0m
    [34mUnused type args: [?][0m
    Adding object instantiation java.lang.Class<?>
      Resolved with match object instantiation java.lang.Class<?>
    Adding object instantiation java.lang.Class<?>
      Resolved with match object instantiation java.lang.Class<?>
    [34mUnused type args: [?][0m
    Adding basic (CtTypeReferenceImpl) int
      Resolved with match basic (CtTypeReferenceImpl) int
    [34mSkipping selection with no field declaration: (CtFieldReferenceImpl) class[0m
    [34mSkipping selection with no field declaration: (CtFieldReferenceImpl) class[0m
    Adding object instantiation java.lang.Class<?>
      Resolved with match object instantiation java.lang.Class<?>
    [34mUnused type args: [?][0m
    [34mUnused type args: [?][0m
    Adding object instantiation java.lang.Class<?>
      Resolved with match object instantiation java.lang.Class<?>
    Adding object instantiation java.lang.Class<?>
      Resolved with match object instantiation java.lang.Class<?>
    [34mUnused type args: [?][0m
    Adding basic (CtTypeReferenceImpl) int
      Resolved with match basic (CtTypeReferenceImpl) int
    [34mUnused type args: [?][0m
    Adding object instantiation java.lang.Class<?>
      Adding struct (CtClassImpl) Class
        Resolved as new struct (CtClassImpl) Class
      Adding interface description (CtInterfaceImpl) Type
        Resolved as new interface description (CtInterfaceImpl) Type
      Adding interface description (CtInterfaceImpl) GenericDeclaration
        Resolved as new interface description (CtInterfaceImpl) GenericDeclaration
      Adding interface description (CtInterfaceImpl) OfField
        Resolved with match interface description (CtInterfaceImpl) OfField
      Adding interface description (CtInterfaceImpl) AnnotatedElement
        Resolved as new interface description (CtInterfaceImpl) AnnotatedElement
      Adding interface description (CtInterfaceImpl) Serializable
        Resolved as new interface description (CtInterfaceImpl) Serializable
      Adding interface description (CtInterfaceImpl) Constable
        Resolved as new interface description (CtInterfaceImpl) Constable
      Resolved as new object instantiation java.lang.Class<?>
    Adding select field (CtFieldImpl) init @ src/main/java/org/apache/commons/daemon/support/DaemonLoader.java:37:27
      Resolved as new select field (CtFieldImpl) init @ src/main/java/org/apache/commons/daemon/support/DaemonLoader.java:37:27
    Adding object instantiation java.lang.Class<?>
      Resolved with match object instantiation java.lang.Class<?>
    Adding method for call site (CtMethodImpl) getMethod
      Adding method (CtMethodImpl) getMethod
        Adding signature (CtMethodImpl) getMethod
          Adding parameter (CtParameterImpl) arg0
            Resolved with match parameter (CtParameterImpl) arg0
          Adding parameter (CtParameterImpl) arg1
            Adding object instantiation java.lang.Class<?>
              Resolved with match object instantiation java.lang.Class<?>
            Resolved as new parameter (CtParameterImpl) arg1
          Adding parameter <unnamed> java.lang.reflect.Method
            Resolved as new parameter <unnamed> java.lang.reflect.Method
          Resolved as new signature (CtMethodImpl) getMethod
        Resolved as new method (CtMethodImpl) getMethod
      Adding signature (CtMethodImpl) getMethod
        Adding parameter (CtParameterImpl) arg0
          Resolved with match parameter (CtParameterImpl) arg0
        Adding parameter (CtParameterImpl) arg1
          Resolved with match parameter (CtParameterImpl) arg1
        Adding parameter <unnamed> java.lang.reflect.Method
          Resolved with match parameter <unnamed> java.lang.reflect.Method
        Resolved as new signature (CtMethodImpl) getMethod
      Resolved as new method for call site (CtMethodImpl) getMethod
    [34mUnused type args: [?][0m
    Adding object instantiation java.lang.Class<?>
      Resolved with match object instantiation java.lang.Class<?>
    [34mUnused type args: [?][0m
    Adding object instantiation java.lang.Class<?>
      Resolved with match object instantiation java.lang.Class<?>
    [34mUnused type args: [?][0m
    Adding object instantiation java.lang.Class<?>
      Resolved with match object instantiation java.lang.Class<?>
    [34mUnused type args: [?][0m
    Adding object instantiation java.lang.Class<?>
      Resolved with match object instantiation java.lang.Class<?>
    [34mUnused type args: [?][0m
    Adding object instantiation java.lang.Class<?>
      Resolved with match object instantiation java.lang.Class<?>
    [34mUnused type args: [?][0m
    Adding object instantiation java.lang.Class<?>
      Resolved with match object instantiation java.lang.Class<?>
    [34mUnused type args: [?][0m
    Adding object instantiation java.lang.Class<?>
      Resolved with match object instantiation java.lang.Class<?>
    [34mUnused type args: [?][0m
    Adding select field (CtFieldImpl) stop @ src/main/java/org/apache/commons/daemon/support/DaemonLoader.java:39:27
      Resolved as new select field (CtFieldImpl) stop @ src/main/java/org/apache/commons/daemon/support/DaemonLoader.java:39:27
    Adding object instantiation java.lang.Class<?>
      Resolved with match object instantiation java.lang.Class<?>
    [34mUnused type args: [?][0m
    Adding object instantiation java.lang.Class<?>
      Resolved with match object instantiation java.lang.Class<?>
    [34mUnused type args: [?][0m
    Adding object instantiation java.lang.Class<?>
      Resolved with match object instantiation java.lang.Class<?>
    [34mUnused type args: [?][0m
    Adding select field (CtFieldImpl) destroy @ src/main/java/org/apache/commons/daemon/support/DaemonLoader.java:40:27
      Resolved as new select field (CtFieldImpl) destroy @ src/main/java/org/apache/commons/daemon/support/DaemonLoader.java:40:27
    Adding object instantiation java.lang.Class<?>
      Resolved with match object instantiation java.lang.Class<?>
    [34mUnused type args: [?][0m
    Adding object instantiation java.lang.Class<?>
      Resolved with match object instantiation java.lang.Class<?>
    [34mUnused type args: [?][0m
    Adding object instantiation java.lang.Class<?>
      Resolved with match object instantiation java.lang.Class<?>
    [34mUnused type args: [?][0m
    Adding select field (CtFieldImpl) signal @ src/main/java/org/apache/commons/daemon/support/DaemonLoader.java:41:27
      Resolved as new select field (CtFieldImpl) signal @ src/main/java/org/apache/commons/daemon/support/DaemonLoader.java:41:27
    Adding object instantiation java.lang.Class<?>
      Resolved with match object instantiation java.lang.Class<?>
    [34mUnused type args: [?][0m
    Adding object instantiation java.lang.Class<?>
      Resolved with match object instantiation java.lang.Class<?>
    [34mUnused type args: [?][0m
    Adding object instantiation java.lang.Class<?>
      Resolved with match object instantiation java.lang.Class<?>
    [34mUnused type args: [?][0m
    Adding object decl (CtClassImpl) NoSuchMethodException
      Adding struct (CtClassImpl) NoSuchMethodException
        Resolved as new struct (CtClassImpl) NoSuchMethodException
      Resolved as new object decl (CtClassImpl) NoSuchMethodException
    Adding object instantiation java.lang.Class<?>
      Resolved with match object instantiation java.lang.Class<?>
    [34mUnused type args: [?][0m
    Adding basic (CtTypeReferenceImpl) boolean
      Resolved with match basic (CtTypeReferenceImpl) boolean
    [34mIgnoring implicit executable reference: (CtExecutableReferenceImpl) <init>[0m
    Adding basic (CtTypeReferenceImpl) boolean
      Resolved with match basic (CtTypeReferenceImpl) boolean
    Adding basic (CtTypeReferenceImpl) boolean
      Resolved with match basic (CtTypeReferenceImpl) boolean
    [34mIgnoring implicit executable reference: (CtExecutableReferenceImpl) <init>[0m
    Adding basic (CtTypeReferenceImpl) int
      Resolved with match basic (CtTypeReferenceImpl) int
    Adding basic (CtTypeReferenceImpl) int
      Resolved with match basic (CtTypeReferenceImpl) int
    Adding basic (CtTypeReferenceImpl) int
      Resolved with match basic (CtTypeReferenceImpl) int
    Adding basic (CtTypeReferenceImpl) int
      Resolved with match basic (CtTypeReferenceImpl) int
    Adding object decl (CtClassImpl) InvocationTargetException
      Adding struct (CtClassImpl) InvocationTargetException
        Resolved as new struct (CtClassImpl) InvocationTargetException
      Resolved as new object decl (CtClassImpl) InvocationTargetException
    Adding method (CtMethodImpl) getTargetException
      Adding signature (CtMethodImpl) getTargetException
        Adding parameter <unnamed> java.lang.Throwable
          Resolved as new parameter <unnamed> java.lang.Throwable
        Resolved as new signature (CtMethodImpl) getTargetException
      Resolved as new method (CtMethodImpl) getTargetException
    Adding basic (CtTypeReferenceImpl) boolean
      Resolved with match basic (CtTypeReferenceImpl) boolean
    Adding object decl (CtClassImpl) DaemonInitException @ src/main/java/org/apache/commons/daemon/DaemonInitException.java:24:14
      Adding struct (CtClassImpl) DaemonInitException @ src/main/java/org/apache/commons/daemon/DaemonInitException.java:24:14
        Adding field (CtFieldImpl) serialVersionUID @ src/main/java/org/apache/commons/daemon/DaemonInitException.java:26:31
          Adding basic (CtTypeReferenceImpl) long @ src/main/java/org/apache/commons/daemon/DaemonInitException.java:26:26
            Resolved as new basic (CtTypeReferenceImpl) long @ src/main/java/org/apache/commons/daemon/DaemonInitException.java:26:26
          Resolved as new field (CtFieldImpl) serialVersionUID @ src/main/java/org/apache/commons/daemon/DaemonInitException.java:26:31
        Adding field (CtFieldImpl) cause @ src/main/java/org/apache/commons/daemon/DaemonInitException.java:29:29
          Resolved as new field (CtFieldImpl) cause @ src/main/java/org/apache/commons/daemon/DaemonInitException.java:29:29
        Adding field (CtFieldImpl) serialVersionUID
          Adding basic (CtTypeReferenceImpl) long
            Resolved with match basic (CtTypeReferenceImpl) long
          Resolved as new field (CtFieldImpl) serialVersionUID
        Adding field (CtFieldImpl) serialVersionUID
          Adding basic (CtTypeReferenceImpl) long
            Resolved with match basic (CtTypeReferenceImpl) long
          Resolved as new field (CtFieldImpl) serialVersionUID
        Adding field (CtFieldImpl) backtrace
          Resolved as new field (CtFieldImpl) backtrace
        Adding field (CtFieldImpl) detailMessage
          Resolved as new field (CtFieldImpl) detailMessage
        Adding field (CtFieldImpl) UNASSIGNED_STACK
          Adding object decl (CtClassImpl) StackTraceElement
            Pending package java.lang
            Adding struct (CtClassImpl) StackTraceElement
              Resolved as new struct (CtClassImpl) StackTraceElement
            Resolved as new object decl (CtClassImpl) StackTraceElement
          Resolved as new field (CtFieldImpl) UNASSIGNED_STACK
        Adding field (CtFieldImpl) cause
          Resolved with match field (CtFieldImpl) cause
        Adding field (CtFieldImpl) stackTrace
          Resolved as new field (CtFieldImpl) stackTrace
        Adding field (CtFieldImpl) depth
          Adding basic (CtTypeReferenceImpl) int
            Resolved with match basic (CtTypeReferenceImpl) int
          Resolved as new field (CtFieldImpl) depth
        Adding field (CtFieldImpl) SUPPRESSED_SENTINEL
          Adding interface decl (CtInterfaceImpl) List
            Pending package java.util
            Adding interface description (CtInterfaceImpl) List
              Resolved as new interface description (CtInterfaceImpl) List
            Adding type params (CtTypeParameterImpl) E
              Resolved as new type params (CtTypeParameterImpl) E
            Resolved as new interface decl (CtInterfaceImpl) List
          Adding interface instantiation java.util.List<java.lang.Throwable>
            Adding interface description (CtInterfaceImpl) List
              Resolved as new interface description (CtInterfaceImpl) List
            Resolved as new interface instantiation java.util.List<java.lang.Throwable>
          Resolved as new field (CtFieldImpl) SUPPRESSED_SENTINEL
        Adding field (CtFieldImpl) suppressedExceptions
          Adding interface instantiation java.util.List<java.lang.Throwable>
            Resolved with match interface instantiation java.util.List<java.lang.Throwable>
          Resolved as new field (CtFieldImpl) suppressedExceptions
        Adding field (CtFieldImpl) NULL_CAUSE_MESSAGE
          Resolved as new field (CtFieldImpl) NULL_CAUSE_MESSAGE
        Adding field (CtFieldImpl) SELF_SUPPRESSION_MESSAGE
          Resolved as new field (CtFieldImpl) SELF_SUPPRESSION_MESSAGE
        Adding field (CtFieldImpl) CAUSE_CAPTION
          Resolved as new field (CtFieldImpl) CAUSE_CAPTION
        Adding field (CtFieldImpl) SUPPRESSED_CAPTION
          Resolved as new field (CtFieldImpl) SUPPRESSED_CAPTION
        Adding field (CtFieldImpl) EMPTY_THROWABLE_ARRAY
          Resolved as new field (CtFieldImpl) EMPTY_THROWABLE_ARRAY
        Adding field $super
          Resolved as new field $super
        Resolved as new struct (CtClassImpl) DaemonInitException @ src/main/java/org/apache/commons/daemon/DaemonInitException.java:24:14
      Resolved as new object decl (CtClassImpl) DaemonInitException @ src/main/java/org/apache/commons/daemon/DaemonInitException.java:24:14
    Adding method (CtMethodImpl) getMessageWithCause @ src/main/java/org/apache/commons/daemon/DaemonInitException.java:41:19
      Adding signature (CtMethodImpl) getMessageWithCause @ src/main/java/org/apache/commons/daemon/DaemonInitException.java:41:19
        Adding parameter <unnamed> java.lang.String @ src/main/java/org/apache/commons/daemon/DaemonInitException.java:41:12
          Resolved with match parameter <unnamed> java.lang.String @ src/main/java/org/apache/commons/daemon/DaemonInitException.java:41:12
        Resolved as new signature (CtMethodImpl) getMessageWithCause @ src/main/java/org/apache/commons/daemon/DaemonInitException.java:41:19
      Resolved as new method (CtMethodImpl) getMessageWithCause @ src/main/java/org/apache/commons/daemon/DaemonInitException.java:41:19
    Adding basic (CtTypeReferenceImpl) boolean
      Resolved with match basic (CtTypeReferenceImpl) boolean
    Adding basic (CtTypeReferenceImpl) boolean
      Resolved with match basic (CtTypeReferenceImpl) boolean
    Adding basic (CtTypeReferenceImpl) boolean
      Resolved with match basic (CtTypeReferenceImpl) boolean
    Resolved as new metrics (CtMethodImpl) load @ src/main/java/org/apache/commons/daemon/support/DaemonLoader.java:115:27
  Adding metrics (CtMethodImpl) init @ src/main/java/org/apache/commons/daemon/support/DaemonWrapper.java:85:17
    Adding basic (CtTypeReferenceImpl) boolean
      Resolved with match basic (CtTypeReferenceImpl) boolean
    Adding basic (CtTypeReferenceImpl) int @ src/main/java/org/apache/commons/daemon/support/DaemonWrapper.java:91:13
      Resolved with match basic (CtTypeReferenceImpl) int @ src/main/java/org/apache/commons/daemon/support/DaemonWrapper.java:91:13
    Adding basic (CtTypeReferenceImpl) int
      Resolved with match basic (CtTypeReferenceImpl) int
    Adding basic (CtTypeReferenceImpl) int
      Resolved with match basic (CtTypeReferenceImpl) int
    Adding basic (CtTypeReferenceImpl) int
      Resolved with match basic (CtTypeReferenceImpl) int
    Adding basic (CtTypeReferenceImpl) boolean
      Resolved with match basic (CtTypeReferenceImpl) boolean
    Adding basic (CtTypeReferenceImpl) int
      Resolved with match basic (CtTypeReferenceImpl) int
    Adding basic (CtTypeReferenceImpl) int
      Resolved with match basic (CtTypeReferenceImpl) int
    Adding basic (CtTypeReferenceImpl) int
      Resolved with match basic (CtTypeReferenceImpl) int
    Adding basic (CtTypeReferenceImpl) int
      Resolved with match basic (CtTypeReferenceImpl) int
    Adding method (CtMethodImpl) equals
      Adding signature (CtMethodImpl) equals
        Adding parameter (CtParameterImpl) arg0
          Resolved with match parameter (CtParameterImpl) arg0
        Adding parameter <unnamed> boolean
          Adding basic (CtTypeReferenceImpl) boolean
            Resolved with match basic (CtTypeReferenceImpl) boolean
          Resolved as new parameter <unnamed> boolean
        Resolved as new signature (CtMethodImpl) equals
      Resolved as new method (CtMethodImpl) equals
    Adding basic (CtTypeReferenceImpl) int
      Resolved with match basic (CtTypeReferenceImpl) int
    Adding basic (CtTypeReferenceImpl) boolean
      Resolved with match basic (CtTypeReferenceImpl) boolean
    Adding basic (CtTypeReferenceImpl) int
      Resolved with match basic (CtTypeReferenceImpl) int
    Adding basic (CtTypeReferenceImpl) boolean
      Resolved with match basic (CtTypeReferenceImpl) boolean
    Adding basic (CtTypeReferenceImpl) boolean
      Resolved with match basic (CtTypeReferenceImpl) boolean
    Adding basic (CtTypeReferenceImpl) int
      Resolved with match basic (CtTypeReferenceImpl) int
    Adding basic (CtTypeReferenceImpl) int
      Resolved with match basic (CtTypeReferenceImpl) int
    Adding basic (CtTypeReferenceImpl) int
      Resolved with match basic (CtTypeReferenceImpl) int
    Adding object decl (CtClassImpl) IllegalArgumentException
      Adding struct (CtClassImpl) IllegalArgumentException
        Resolved as new struct (CtClassImpl) IllegalArgumentException
      Resolved as new object decl (CtClassImpl) IllegalArgumentException
    Adding constructor (CtConstructorImpl) <init>
      Adding constructor signature (CtConstructorImpl) <init>
        Adding parameter (CtParameterImpl) arg0
          Resolved with match parameter (CtParameterImpl) arg0
        Adding parameter <unnamed> java.lang.IllegalArgumentException
          Resolved as new parameter <unnamed> java.lang.IllegalArgumentException
        Resolved as new constructor signature (CtConstructorImpl) <init>
      Resolved as new constructor (CtConstructorImpl) <init>
    [34mIgnoring implicit executable reference: (CtExecutableReferenceImpl) <init>[0m
    Adding basic (CtTypeReferenceImpl) int
      Resolved with match basic (CtTypeReferenceImpl) int
    Adding basic (CtTypeReferenceImpl) int
      Resolved with match basic (CtTypeReferenceImpl) int
    Adding basic (CtTypeReferenceImpl) int
      Resolved with match basic (CtTypeReferenceImpl) int
    Adding select field (CtFieldImpl) configFileName @ src/main/java/org/apache/commons/daemon/support/DaemonWrapper.java:43:33
      Resolved as new select field (CtFieldImpl) configFileName @ src/main/java/org/apache/commons/daemon/support/DaemonWrapper.java:43:33
    Adding basic (CtTypeReferenceImpl) int
      Resolved with match basic (CtTypeReferenceImpl) int
    Adding basic (CtTypeReferenceImpl) int
      Resolved with match basic (CtTypeReferenceImpl) int
    Adding basic (CtTypeReferenceImpl) boolean
      Resolved with match basic (CtTypeReferenceImpl) boolean
    Adding basic (CtTypeReferenceImpl) boolean
      Resolved with match basic (CtTypeReferenceImpl) boolean
    Adding basic (CtTypeReferenceImpl) int
      Resolved with match basic (CtTypeReferenceImpl) int
    Adding basic (CtTypeReferenceImpl) int
      Resolved with match basic (CtTypeReferenceImpl) int
    Adding basic (CtTypeReferenceImpl) int
      Resolved with match basic (CtTypeReferenceImpl) int
    [34mIgnoring implicit executable reference: (CtExecutableReferenceImpl) <init>[0m
    Adding basic (CtTypeReferenceImpl) int
      Resolved with match basic (CtTypeReferenceImpl) int
    Adding basic (CtTypeReferenceImpl) int
      Resolved with match basic (CtTypeReferenceImpl) int
    Adding basic (CtTypeReferenceImpl) int
      Resolved with match basic (CtTypeReferenceImpl) int
    Adding select field (CtFieldImpl) startup @ src/main/java/org/apache/commons/daemon/support/DaemonWrapper.java:46:39
      Resolved as new select field (CtFieldImpl) startup @ src/main/java/org/apache/commons/daemon/support/DaemonWrapper.java:46:39
    Adding basic (CtTypeReferenceImpl) int
      Resolved with match basic (CtTypeReferenceImpl) int
    Adding basic (CtTypeReferenceImpl) int
      Resolved with match basic (CtTypeReferenceImpl) int
    Adding basic (CtTypeReferenceImpl) boolean
      Resolved with match basic (CtTypeReferenceImpl) boolean
    Adding basic (CtTypeReferenceImpl) boolean
      Resolved with match basic (CtTypeReferenceImpl) boolean
    Adding basic (CtTypeReferenceImpl) int
      Resolved with match basic (CtTypeReferenceImpl) int
    Adding basic (CtTypeReferenceImpl) int
      Resolved with match basic (CtTypeReferenceImpl) int
    Adding basic (CtTypeReferenceImpl) int
      Resolved with match basic (CtTypeReferenceImpl) int
    [34mIgnoring implicit executable reference: (CtExecutableReferenceImpl) <init>[0m
    Adding basic (CtTypeReferenceImpl) int
      Resolved with match basic (CtTypeReferenceImpl) int
    Adding basic (CtTypeReferenceImpl) int
      Resolved with match basic (CtTypeReferenceImpl) int
    Adding basic (CtTypeReferenceImpl) int
      Resolved with match basic (CtTypeReferenceImpl) int
    Adding basic (CtTypeReferenceImpl) int
      Resolved with match basic (CtTypeReferenceImpl) int
    Adding basic (CtTypeReferenceImpl) int
      Resolved with match basic (CtTypeReferenceImpl) int
    Adding basic (CtTypeReferenceImpl) boolean
      Resolved with match basic (CtTypeReferenceImpl) boolean
    Adding basic (CtTypeReferenceImpl) boolean
      Resolved with match basic (CtTypeReferenceImpl) boolean
    Adding basic (CtTypeReferenceImpl) int
      Resolved with match basic (CtTypeReferenceImpl) int
    Adding basic (CtTypeReferenceImpl) int
      Resolved with match basic (CtTypeReferenceImpl) int
    Adding basic (CtTypeReferenceImpl) int
      Resolved with match basic (CtTypeReferenceImpl) int
    [34mIgnoring implicit executable reference: (CtExecutableReferenceImpl) <init>[0m
    Adding basic (CtTypeReferenceImpl) int
      Resolved with match basic (CtTypeReferenceImpl) int
    Adding basic (CtTypeReferenceImpl) int
      Resolved with match basic (CtTypeReferenceImpl) int
    Adding basic (CtTypeReferenceImpl) int
      Resolved with match basic (CtTypeReferenceImpl) int
    Adding basic (CtTypeReferenceImpl) int
      Resolved with match basic (CtTypeReferenceImpl) int
    Adding basic (CtTypeReferenceImpl) int
      Resolved with match basic (CtTypeReferenceImpl) int
    Adding basic (CtTypeReferenceImpl) boolean
      Resolved with match basic (CtTypeReferenceImpl) boolean
    Adding basic (CtTypeReferenceImpl) boolean
      Resolved with match basic (CtTypeReferenceImpl) boolean
    Adding basic (CtTypeReferenceImpl) int
      Resolved with match basic (CtTypeReferenceImpl) int
    Adding basic (CtTypeReferenceImpl) int
      Resolved with match basic (CtTypeReferenceImpl) int
    Adding basic (CtTypeReferenceImpl) int
      Resolved with match basic (CtTypeReferenceImpl) int
    [34mIgnoring implicit executable reference: (CtExecutableReferenceImpl) <init>[0m
    Adding basic (CtTypeReferenceImpl) int
      Resolved with match basic (CtTypeReferenceImpl) int
    Adding basic (CtTypeReferenceImpl) int
      Resolved with match basic (CtTypeReferenceImpl) int
    Adding basic (CtTypeReferenceImpl) int
      Resolved with match basic (CtTypeReferenceImpl) int
    Adding basic (CtTypeReferenceImpl) int
      Resolved with match basic (CtTypeReferenceImpl) int
    Adding basic (CtTypeReferenceImpl) int
      Resolved with match basic (CtTypeReferenceImpl) int
    Adding basic (CtTypeReferenceImpl) boolean
      Resolved with match basic (CtTypeReferenceImpl) boolean
    Adding basic (CtTypeReferenceImpl) boolean
      Resolved with match basic (CtTypeReferenceImpl) boolean
    Adding basic (CtTypeReferenceImpl) int
      Resolved with match basic (CtTypeReferenceImpl) int
    Adding basic (CtTypeReferenceImpl) int
      Resolved with match basic (CtTypeReferenceImpl) int
    Adding basic (CtTypeReferenceImpl) int
      Resolved with match basic (CtTypeReferenceImpl) int
    [34mIgnoring implicit executable reference: (CtExecutableReferenceImpl) <init>[0m
    Adding basic (CtTypeReferenceImpl) int
      Resolved with match basic (CtTypeReferenceImpl) int
    Adding basic (CtTypeReferenceImpl) int
      Resolved with match basic (CtTypeReferenceImpl) int
    Adding basic (CtTypeReferenceImpl) int
      Resolved with match basic (CtTypeReferenceImpl) int
    Adding basic (CtTypeReferenceImpl) int
      Resolved with match basic (CtTypeReferenceImpl) int
    Adding basic (CtTypeReferenceImpl) int
      Resolved with match basic (CtTypeReferenceImpl) int
    Adding basic (CtTypeReferenceImpl) int
      Resolved with match basic (CtTypeReferenceImpl) int
    Adding basic (CtTypeReferenceImpl) boolean
      Resolved with match basic (CtTypeReferenceImpl) boolean
    Adding basic (CtTypeReferenceImpl) int
      Resolved with match basic (CtTypeReferenceImpl) int
    Adding basic (CtTypeReferenceImpl) int
      Resolved with match basic (CtTypeReferenceImpl) int
    Adding basic (CtTypeReferenceImpl) int
      Resolved with match basic (CtTypeReferenceImpl) int
    Adding basic (CtTypeReferenceImpl) int
      Resolved with match basic (CtTypeReferenceImpl) int
    Adding basic (CtTypeReferenceImpl) int
      Resolved with match basic (CtTypeReferenceImpl) int
    Adding basic (CtTypeReferenceImpl) int
      Resolved with match basic (CtTypeReferenceImpl) int
    Adding basic (CtTypeReferenceImpl) int
      Resolved with match basic (CtTypeReferenceImpl) int
    Adding basic (CtTypeReferenceImpl) int
      Resolved with match basic (CtTypeReferenceImpl) int
    Adding basic (CtTypeReferenceImpl) int
      Resolved with match basic (CtTypeReferenceImpl) int
    Adding basic (CtTypeReferenceImpl) int
      Resolved with match basic (CtTypeReferenceImpl) int
    Adding basic (CtTypeReferenceImpl) int
      Resolved with match basic (CtTypeReferenceImpl) int
    Adding select field (CtFieldImpl) config @ src/main/java/org/apache/commons/daemon/support/DaemonWrapper.java:44:39
      Resolved as new select field (CtFieldImpl) config @ src/main/java/org/apache/commons/daemon/support/DaemonWrapper.java:44:39
    Adding basic (CtTypeReferenceImpl) boolean
      Resolved with match basic (CtTypeReferenceImpl) boolean
    Adding select field (CtFieldImpl) START_CLASS @ src/main/java/org/apache/commons/daemon/support/DaemonWrapper.java:38:33
      Resolved as new select field (CtFieldImpl) START_CLASS @ src/main/java/org/apache/commons/daemon/support/DaemonWrapper.java:38:33
    Adding select field (CtFieldImpl) START_METHOD @ src/main/java/org/apache/commons/daemon/support/DaemonWrapper.java:39:33
      Resolved as new select field (CtFieldImpl) START_METHOD @ src/main/java/org/apache/commons/daemon/support/DaemonWrapper.java:39:33
    Adding select field (CtFieldImpl) ARGS @ src/main/java/org/apache/commons/daemon/support/DaemonWrapper.java:37:33
      Resolved as new select field (CtFieldImpl) ARGS @ src/main/java/org/apache/commons/daemon/support/DaemonWrapper.java:37:33
    Adding select field (CtFieldImpl) STOP_CLASS @ src/main/java/org/apache/commons/daemon/support/DaemonWrapper.java:40:33
      Resolved as new select field (CtFieldImpl) STOP_CLASS @ src/main/java/org/apache/commons/daemon/support/DaemonWrapper.java:40:33
    Adding select field (CtFieldImpl) STOP_METHOD @ src/main/java/org/apache/commons/daemon/support/DaemonWrapper.java:41:33
      Resolved as new select field (CtFieldImpl) STOP_METHOD @ src/main/java/org/apache/commons/daemon/support/DaemonWrapper.java:41:33
    Adding select field (CtFieldImpl) STOP_ARGS @ src/main/java/org/apache/commons/daemon/support/DaemonWrapper.java:42:33
      Resolved as new select field (CtFieldImpl) STOP_ARGS @ src/main/java/org/apache/commons/daemon/support/DaemonWrapper.java:42:33
    Resolved as new metrics (CtMethodImpl) init @ src/main/java/org/apache/commons/daemon/support/DaemonWrapper.java:85:17
  Adding metrics (CtMethodImpl) isAvailable @ src/main/java/org/apache/commons/daemon/support/DaemonLoader.java:314:25
    Adding select field (CtFieldImpl) available @ src/main/java/org/apache/commons/daemon/support/DaemonLoader.java:306:25
      Resolved as new select field (CtFieldImpl) available @ src/main/java/org/apache/commons/daemon/support/DaemonLoader.java:306:25
    Adding basic (CtTypeReferenceImpl) boolean
      Resolved with match basic (CtTypeReferenceImpl) boolean
    Resolved as new metrics (CtMethodImpl) isAvailable @ src/main/java/org/apache/commons/daemon/support/DaemonLoader.java:314:25
  Adding metrics (CtMethodImpl) addArguments @ src/main/java/org/apache/commons/daemon/support/DaemonWrapper.java:217:24
    Adding basic (CtTypeReferenceImpl) boolean
      Resolved with match basic (CtTypeReferenceImpl) boolean
    Adding object decl (CtClassImpl) ArrayList
      Adding struct (CtClassImpl) ArrayList
        Resolved as new struct (CtClassImpl) ArrayList
      Adding type params (CtTypeParameterImpl) E
        Resolved with match type params (CtTypeParameterImpl) E
      Resolved as new object decl (CtClassImpl) ArrayList
    Adding object instantiation java.util.ArrayList @ src/main/java/org/apache/commons/daemon/support/DaemonWrapper.java:220:23<java.lang.String @ src/main/java/org/apache/commons/daemon/support/DaemonWrapper.java:220:33>
      Adding struct (CtClassImpl) ArrayList
        Resolved as new struct (CtClassImpl) ArrayList
      Adding interface description (CtInterfaceImpl) RandomAccess
        Resolved as new interface description (CtInterfaceImpl) RandomAccess
      Adding interface description (CtInterfaceImpl) List
        Resolved as new interface description (CtInterfaceImpl) List
      Adding interface description (CtInterfaceImpl) Serializable
        Resolved as new interface description (CtInterfaceImpl) Serializable
      Adding interface description (CtInterfaceImpl) Cloneable
        Resolved as new interface description (CtInterfaceImpl) Cloneable
      Resolved as new object instantiation java.util.ArrayList @ src/main/java/org/apache/commons/daemon/support/DaemonWrapper.java:220:23<java.lang.String @ src/main/java/org/apache/commons/daemon/support/DaemonWrapper.java:220:33>
    [34mUnused type args: [java.lang.String @ src/main/java/org/apache/commons/daemon/support/DaemonWrapper.java:220:33][0m
    Adding constructor (CtConstructorImpl) <init>
      Adding constructor signature (CtConstructorImpl) <init>
        Adding parameter <unnamed> java.util.ArrayList<E>
          Resolved as new parameter <unnamed> java.util.ArrayList<E>
        Resolved as new constructor signature (CtConstructorImpl) <init>
      Resolved as new constructor (CtConstructorImpl) <init>
    [34mIgnoring implicit executable reference: (CtExecutableReferenceImpl) <init>[0m
    [34mUnused type args: [java.lang.String @ src/main/java/org/apache/commons/daemon/support/DaemonWrapper.java:220:60][0m
    Adding object instantiation java.util.ArrayList @ src/main/java/org/apache/commons/daemon/support/DaemonWrapper.java:220:50<java.lang.String @ src/main/java/org/apache/commons/daemon/support/DaemonWrapper.java:220:60>
      Resolved with match object instantiation java.util.ArrayList @ src/main/java/org/apache/commons/daemon/support/DaemonWrapper.java:220:50<java.lang.String @ src/main/java/org/apache/commons/daemon/support/DaemonWrapper.java:220:60>
    Adding basic (CtTypeReferenceImpl) boolean
      Resolved with match basic (CtTypeReferenceImpl) boolean
    Adding select field (CtFieldImpl) args @ src/main/java/org/apache/commons/daemon/support/DaemonWrapper.java:197:29
      Resolved as new select field (CtFieldImpl) args @ src/main/java/org/apache/commons/daemon/support/DaemonWrapper.java:197:29
    Adding object instantiation java.util.ArrayList<java.lang.String>
      Resolved with match object instantiation java.util.ArrayList<java.lang.String>
    Adding method for call site (CtMethodImpl) addAll
      Adding method (CtMethodImpl) addAll
        Adding signature (CtMethodImpl) addAll
          Adding parameter (CtParameterImpl) arg0
            Adding interface decl (CtInterfaceImpl) Collection
              Adding interface description (CtInterfaceImpl) Collection
                Resolved as new interface description (CtInterfaceImpl) Collection
              Adding type params (CtTypeParameterImpl) E
                Resolved with match type params (CtTypeParameterImpl) E
              Resolved as new interface decl (CtInterfaceImpl) Collection
            Resolved as new parameter (CtParameterImpl) arg0
          Adding parameter <unnamed> boolean
            Adding basic (CtTypeReferenceImpl) boolean
              Resolved with match basic (CtTypeReferenceImpl) boolean
            Resolved as new parameter <unnamed> boolean
          Resolved as new signature (CtMethodImpl) addAll
        Resolved as new method (CtMethodImpl) addAll
      Adding signature (CtMethodImpl) addAll
        Adding parameter (CtParameterImpl) arg0
          Adding interface instantiation java.util.Collection<?>
            Adding interface description (CtInterfaceImpl) Collection
              Resolved as new interface description (CtInterfaceImpl) Collection
            Resolved as new interface instantiation java.util.Collection<?>
          Resolved as new parameter (CtParameterImpl) arg0
        Adding parameter <unnamed> boolean
          Resolved with match parameter <unnamed> boolean
        Resolved as new signature (CtMethodImpl) addAll
      Resolved as new method for call site (CtMethodImpl) addAll
    [34mUnused type args: [java.lang.String][0m
    Adding basic (CtTypeReferenceImpl) boolean
      Resolved with match basic (CtTypeReferenceImpl) boolean
    [34mUnused type args: [?][0m
    Adding interface decl (CtInterfaceImpl) Collection
      Adding interface description (CtInterfaceImpl) Collection
        Resolved as new interface description (CtInterfaceImpl) Collection
      Adding type params (CtTypeParameterImpl) E
        Resolved with match type params (CtTypeParameterImpl) E
      Resolved as new interface decl (CtInterfaceImpl) Collection
    Adding type params reference (CtTypeParameterReferenceImpl) E
      Resolved with match type params reference (CtTypeParameterReferenceImpl) E
    Adding type params (CtTypeParameterImpl) T
      Resolved with match type params (CtTypeParameterImpl) T
    Adding object decl (CtClassImpl) Arrays
      Adding struct (CtClassImpl) Arrays
        Resolved as new struct (CtClassImpl) Arrays
      Resolved as new object decl (CtClassImpl) Arrays
    Adding method for call site (CtMethodImpl) asList
      Adding method (CtMethodImpl) asList
        Adding signature (CtMethodImpl) asList
          Adding parameter (CtParameterImpl) arg0
            Resolved as new parameter (CtParameterImpl) arg0
          Adding parameter <unnamed> java.util.List<T>
            Adding interface decl (CtInterfaceImpl) List
              Adding interface description (CtInterfaceImpl) List
                Resolved as new interface description (CtInterfaceImpl) List
              Adding type params (CtTypeParameterImpl) E
                Resolved with match type params (CtTypeParameterImpl) E
              Resolved as new interface decl (CtInterfaceImpl) List
            Adding interface instantiation java.util.List<T>
              Adding interface description (CtInterfaceImpl) List
                Resolved as new interface description (CtInterfaceImpl) List
              Resolved as new interface instantiation java.util.List<T>
            Resolved as new parameter <unnamed> java.util.List<T>
          Resolved as new signature (CtMethodImpl) asList
        Resolved as new method (CtMethodImpl) asList
      Adding signature (CtMethodImpl) asList
        Adding parameter (CtParameterImpl) arg0
          Resolved as new parameter (CtParameterImpl) arg0
        Adding parameter <unnamed> java.util.List<T>
          Adding interface instantiation java.util.List<T>
            Resolved as new interface instantiation java.util.List<T>
          Resolved as new parameter <unnamed> java.util.List<T>
        Resolved as new signature (CtMethodImpl) asList
      Resolved as new method for call site (CtMethodImpl) asList
    [34mUnused type args: [java.lang.String][0m
    [34mUnused type args: [java.lang.String][0m
    Adding interface instantiation java.util.List<java.lang.String>
      Resolved with match interface instantiation java.util.List<java.lang.String>
    Adding object instantiation java.util.ArrayList<java.lang.String>
      Resolved with match object instantiation java.util.ArrayList<java.lang.String>
    [34mUnused type args: [java.lang.String][0m
    Adding basic (CtTypeReferenceImpl) boolean
      Resolved with match basic (CtTypeReferenceImpl) boolean
    [34mUnused type args: [?][0m
    Adding type params reference (CtTypeParameterReferenceImpl) E
      Resolved with match type params reference (CtTypeParameterReferenceImpl) E
    [34mUnused type args: [java.lang.String][0m
    [34mUnused type args: [java.lang.String][0m
    Adding interface instantiation java.util.List<java.lang.String>
      Resolved with match interface instantiation java.util.List<java.lang.String>
    Adding type params (CtTypeParameterImpl) T
      Resolved with match type params (CtTypeParameterImpl) T
    Adding object instantiation java.util.ArrayList<java.lang.String>
      Resolved with match object instantiation java.util.ArrayList<java.lang.String>
    Adding method for call site (CtMethodImpl) toArray
      Adding method (CtMethodImpl) toArray
        Adding signature (CtMethodImpl) toArray
          Adding parameter (CtParameterImpl) arg0
            Resolved with match parameter (CtParameterImpl) arg0
          Adding parameter <unnamed> T[]
            Resolved as new parameter <unnamed> T[]
          Resolved as new signature (CtMethodImpl) toArray
        Resolved as new method (CtMethodImpl) toArray
      Adding signature (CtMethodImpl) toArray
        Adding parameter (CtParameterImpl) arg0
          Resolved with match parameter (CtParameterImpl) arg0
        Adding parameter <unnamed> T[]
          Resolved with match parameter <unnamed> T[]
        Resolved as new signature (CtMethodImpl) toArray
      Resolved as new method for call site (CtMethodImpl) toArray
    [34mUnused type args: [java.lang.String][0m
    [34mUnused type args: [java.lang.String][0m
    Adding object instantiation java.util.ArrayList<java.lang.String>
      Resolved with match object instantiation java.util.ArrayList<java.lang.String>
    Adding method for call site (CtMethodImpl) size
      Adding method (CtMethodImpl) size
        Adding signature (CtMethodImpl) size
          Adding parameter <unnamed> int
            Adding basic (CtTypeReferenceImpl) int
              Resolved with match basic (CtTypeReferenceImpl) int
            Resolved as new parameter <unnamed> int
          Resolved as new signature (CtMethodImpl) size
        Resolved as new method (CtMethodImpl) size
      Adding signature (CtMethodImpl) size
        Adding parameter <unnamed> int
          Resolved with match parameter <unnamed> int
        Resolved as new signature (CtMethodImpl) size
      Resolved as new method for call site (CtMethodImpl) size
    [34mUnused type args: [java.lang.String][0m
    Adding basic (CtTypeReferenceImpl) int
      Resolved with match basic (CtTypeReferenceImpl) int
    Resolved as new metrics (CtMethodImpl) addArguments @ src/main/java/org/apache/commons/daemon/support/DaemonWrapper.java:217:24
  Adding metrics (CtMethodImpl) fail @ src/main/java/org/apache/commons/daemon/support/DaemonLoader.java:355:21
    Resolved as new metrics (CtMethodImpl) fail @ src/main/java/org/apache/commons/daemon/support/DaemonLoader.java:355:21
  Adding metrics (CtMethodImpl) destroy @ src/main/java/org/apache/commons/daemon/support/DaemonLoader.java:280:27
    Adding basic (CtTypeReferenceImpl) boolean
      Resolved with match basic (CtTypeReferenceImpl) boolean
    Adding basic (CtTypeReferenceImpl) boolean
      Resolved with match basic (CtTypeReferenceImpl) boolean
    Resolved as new metrics (CtMethodImpl) destroy @ src/main/java/org/apache/commons/daemon/support/DaemonLoader.java:280:27
  Adding metrics (CtMethodImpl) setClassName @ src/main/java/org/apache/commons/daemon/support/DaemonWrapper.java:205:24
    Adding basic (CtTypeReferenceImpl) boolean
      Resolved with match basic (CtTypeReferenceImpl) boolean
    Adding select field (CtFieldImpl) name @ src/main/java/org/apache/commons/daemon/support/DaemonWrapper.java:195:29
      Resolved as new select field (CtFieldImpl) name @ src/main/java/org/apache/commons/daemon/support/DaemonWrapper.java:195:29
    Resolved as new metrics (CtMethodImpl) setClassName @ src/main/java/org/apache/commons/daemon/support/DaemonWrapper.java:205:24
  Adding metrics (CtMethodImpl) invoke @ src/main/java/org/apache/commons/daemon/support/DaemonWrapper.java:229:24
    Adding basic (CtTypeReferenceImpl) boolean
      Resolved with match basic (CtTypeReferenceImpl) boolean
    Adding basic (CtTypeReferenceImpl) boolean
      Resolved with match basic (CtTypeReferenceImpl) boolean
    Adding basic (CtTypeReferenceImpl) boolean
      Resolved with match basic (CtTypeReferenceImpl) boolean
    Adding method (CtMethodImpl) exit
      Adding signature (CtMethodImpl) exit
        Adding parameter (CtParameterImpl) arg0
          Adding basic (CtTypeReferenceImpl) int
            Resolved with match basic (CtTypeReferenceImpl) int
          Resolved as new parameter (CtParameterImpl) arg0
        Resolved as new signature (CtMethodImpl) exit
      Resolved as new method (CtMethodImpl) exit
    Adding basic (CtTypeReferenceImpl) int
      Resolved with match basic (CtTypeReferenceImpl) int
    Adding basic (CtTypeReferenceImpl) int
      Resolved with match basic (CtTypeReferenceImpl) int
    Adding basic (CtTypeReferenceImpl) boolean
      Resolved with match basic (CtTypeReferenceImpl) boolean
    Adding basic (CtTypeReferenceImpl) int
      Resolved with match basic (CtTypeReferenceImpl) int
    Adding method (CtMethodImpl) getModifiers
      Adding signature (CtMethodImpl) getModifiers
        Adding parameter <unnamed> int
          Adding basic (CtTypeReferenceImpl) int
            Resolved with match basic (CtTypeReferenceImpl) int
          Resolved as new parameter <unnamed> int
        Resolved as new signature (CtMethodImpl) getModifiers
      Resolved as new method (CtMethodImpl) getModifiers
    Adding select field (CtFieldImpl) inst @ src/main/java/org/apache/commons/daemon/support/DaemonWrapper.java:198:29
      Resolved as new select field (CtFieldImpl) inst @ src/main/java/org/apache/commons/daemon/support/DaemonWrapper.java:198:29
    Adding basic (CtTypeReferenceImpl) int
      Resolved with match basic (CtTypeReferenceImpl) int
    Adding object decl (CtClassImpl) Modifier
      Adding struct (CtClassImpl) Modifier
        Resolved as new struct (CtClassImpl) Modifier
      Resolved as new object decl (CtClassImpl) Modifier
    Adding select field (CtFieldImpl) STATIC
      Resolved as new select field (CtFieldImpl) STATIC
    Adding basic (CtTypeReferenceImpl) int
      Resolved with match basic (CtTypeReferenceImpl) int
    Adding basic (CtTypeReferenceImpl) int
      Resolved with match basic (CtTypeReferenceImpl) int
    Adding object instantiation java.lang.Class<?>
      Resolved with match object instantiation java.lang.Class<?>
    Adding select field (CtFieldImpl) main @ src/main/java/org/apache/commons/daemon/support/DaemonWrapper.java:199:29
      Resolved as new select field (CtFieldImpl) main @ src/main/java/org/apache/commons/daemon/support/DaemonWrapper.java:199:29
    [34mUnused type args: [?][0m
    Adding basic (CtTypeReferenceImpl) int
      Resolved with match basic (CtTypeReferenceImpl) int
    Adding basic (CtTypeReferenceImpl) int
      Resolved with match basic (CtTypeReferenceImpl) int
    Resolved as new metrics (CtMethodImpl) invoke @ src/main/java/org/apache/commons/daemon/support/DaemonWrapper.java:229:24
  Adding metrics (CtMethodImpl) validate @ src/main/java/org/apache/commons/daemon/support/DaemonWrapper.java:251:24
    Adding basic (CtTypeReferenceImpl) boolean
      Resolved with match basic (CtTypeReferenceImpl) boolean
    Adding basic (CtTypeReferenceImpl) boolean
      Resolved with match basic (CtTypeReferenceImpl) boolean
    Adding basic (CtTypeReferenceImpl) int
      Resolved with match basic (CtTypeReferenceImpl) int
    Adding basic (CtTypeReferenceImpl) boolean
      Resolved with match basic (CtTypeReferenceImpl) boolean
    [34mSkipping selection with no field declaration: (CtFieldReferenceImpl) class[0m
    [34mSkipping selection with no field declaration: (CtFieldReferenceImpl) class[0m
    Adding basic (CtTypeReferenceImpl) boolean
      Resolved with match basic (CtTypeReferenceImpl) boolean
    [34mIgnoring implicit executable reference: (CtExecutableReferenceImpl) <init>[0m
    Adding object instantiation java.lang.Class<? @ src/main/java/org/apache/commons/daemon/support/DaemonWrapper.java:272:25>
      Resolved with match object instantiation java.lang.Class<? @ src/main/java/org/apache/commons/daemon/support/DaemonWrapper.java:272:25>
    [34mUnused type args: [? @ src/main/java/org/apache/commons/daemon/support/DaemonWrapper.java:272:25][0m
    Adding basic (CtTypeReferenceImpl) int
      Resolved with match basic (CtTypeReferenceImpl) int
    Adding object instantiation java.lang.Class<?>
      Resolved with match object instantiation java.lang.Class<?>
    [34mUnused type args: [?][0m
    [34mUnused type args: [?][0m
    Adding object instantiation java.lang.Class<?>
      Resolved with match object instantiation java.lang.Class<?>
    Adding object instantiation java.lang.Class<?>
      Resolved with match object instantiation java.lang.Class<?>
    [34mUnused type args: [?][0m
    Adding basic (CtTypeReferenceImpl) int
      Resolved with match basic (CtTypeReferenceImpl) int
    [34mUnused type args: [?][0m
    Adding object instantiation java.lang.Class<?>
      Resolved with match object instantiation java.lang.Class<?>
    Adding object instantiation java.lang.Class<?>
      Resolved with match object instantiation java.lang.Class<?>
    [34mUnused type args: [?][0m
    [34mUnused type args: [?][0m
    Adding object instantiation java.lang.Class<?>
      Resolved with match object instantiation java.lang.Class<?>
    [34mUnused type args: [?][0m
    Adding object instantiation java.lang.Class<?>
      Resolved with match object instantiation java.lang.Class<?>
    Adding basic (CtTypeReferenceImpl) boolean
      Resolved with match basic (CtTypeReferenceImpl) boolean
    [34mUnused type args: [?][0m
    Adding object instantiation java.lang.Class<?>
      Resolved with match object instantiation java.lang.Class<?>
    [34mIgnoring implicit executable reference: (CtExecutableReferenceImpl) <init>[0m
    Adding object instantiation java.lang.Class<?>
      Resolved with match object instantiation java.lang.Class<?>
    [34mUnused type args: [?][0m
    Adding object instantiation java.lang.Class<?>
      Resolved with match object instantiation java.lang.Class<?>
    [34mUnused type args: [?][0m
    Adding object instantiation java.lang.Class<?>
      Resolved with match object instantiation java.lang.Class<?>
    [34mUnused type args: [?][0m
    Resolved as new metrics (CtMethodImpl) validate @ src/main/java/org/apache/commons/daemon/support/DaemonWrapper.java:251:24
  Adding metrics (CtMethodImpl) getPropertyArray @ src/main/java/org/apache/commons/daemon/support/DaemonConfiguration.java:193:21
    Adding object instantiation java.util.ArrayList @ src/main/java/org/apache/commons/daemon/support/DaemonConfiguration.java:196:15<java.lang.String @ src/main/java/org/apache/commons/daemon/support/DaemonConfiguration.java:196:25>
      Resolved with match object instantiation java.util.ArrayList @ src/main/java/org/apache/commons/daemon/support/DaemonConfiguration.java:196:15<java.lang.String @ src/main/java/org/apache/commons/daemon/support/DaemonConfiguration.java:196:25>
    [34mUnused type args: [java.lang.String @ src/main/java/org/apache/commons/daemon/support/DaemonConfiguration.java:196:25][0m
    [34mIgnoring implicit executable reference: (CtExecutableReferenceImpl) <init>[0m
    [34mUnused type args: [java.lang.String @ src/main/java/org/apache/commons/daemon/support/DaemonConfiguration.java:196:54][0m
    Adding object instantiation java.util.ArrayList @ src/main/java/org/apache/commons/daemon/support/DaemonConfiguration.java:196:44<java.lang.String @ src/main/java/org/apache/commons/daemon/support/DaemonConfiguration.java:196:54>
      Resolved with match object instantiation java.util.ArrayList @ src/main/java/org/apache/commons/daemon/support/DaemonConfiguration.java:196:44<java.lang.String @ src/main/java/org/apache/commons/daemon/support/DaemonConfiguration.java:196:54>
    Adding basic (CtTypeReferenceImpl) boolean
      Resolved with match basic (CtTypeReferenceImpl) boolean
    Adding object instantiation java.util.ArrayList<java.lang.String>
      Resolved with match object instantiation java.util.ArrayList<java.lang.String>
    [34mUnused type args: [java.lang.String][0m
    Adding basic (CtTypeReferenceImpl) int
      Resolved with match basic (CtTypeReferenceImpl) int
    Adding object instantiation java.util.ArrayList<java.lang.String>
      Resolved with match object instantiation java.util.ArrayList<java.lang.String>
    Adding method for call site (CtMethodImpl) add
      Adding method (CtMethodImpl) add
        Adding signature (CtMethodImpl) add
          Adding parameter (CtParameterImpl) arg0
            Resolved as new parameter (CtParameterImpl) arg0
          Adding parameter <unnamed> boolean
            Adding basic (CtTypeReferenceImpl) boolean
              Resolved with match basic (CtTypeReferenceImpl) boolean
            Resolved as new parameter <unnamed> boolean
          Resolved as new signature (CtMethodImpl) add
        Resolved as new method (CtMethodImpl) add
      Adding signature (CtMethodImpl) add
        Adding parameter (CtParameterImpl) arg0
          Resolved with match parameter (CtParameterImpl) arg0
        Adding parameter <unnamed> boolean
          Resolved with match parameter <unnamed> boolean
        Resolved as new signature (CtMethodImpl) add
      Resolved as new method for call site (CtMethodImpl) add
    [34mUnused type args: [java.lang.String][0m
    Adding basic (CtTypeReferenceImpl) boolean
      Resolved with match basic (CtTypeReferenceImpl) boolean
    Adding object instantiation java.util.ArrayList<java.lang.String>
      Resolved with match object instantiation java.util.ArrayList<java.lang.String>
    [34mUnused type args: [java.lang.String][0m
    [34mUnused type args: [java.lang.String][0m
    Adding object instantiation java.util.ArrayList<java.lang.String>
      Resolved with match object instantiation java.util.ArrayList<java.lang.String>
    [34mUnused type args: [java.lang.String][0m
    Adding basic (CtTypeReferenceImpl) int
      Resolved with match basic (CtTypeReferenceImpl) int
    Resolved as new metrics (CtMethodImpl) getPropertyArray @ src/main/java/org/apache/commons/daemon/support/DaemonConfiguration.java:193:21
  Adding metrics (CtMethodImpl) setAvailable @ src/main/java/org/apache/commons/daemon/support/DaemonLoader.java:321:22
    Adding basic (CtTypeReferenceImpl) boolean
      Resolved with match basic (CtTypeReferenceImpl) boolean
    Adding basic (CtTypeReferenceImpl) boolean
      Resolved with match basic (CtTypeReferenceImpl) boolean
    Adding basic (CtTypeReferenceImpl) boolean
      Resolved with match basic (CtTypeReferenceImpl) boolean
    Resolved as new metrics (CtMethodImpl) setAvailable @ src/main/java/org/apache/commons/daemon/support/DaemonLoader.java:321:22
  Adding metrics (CtMethodImpl) signal @ src/main/java/org/apache/commons/daemon/support/DaemonLoader.java:100:27
    Adding basic (CtTypeReferenceImpl) boolean
      Resolved with match basic (CtTypeReferenceImpl) boolean
    Adding basic (CtTypeReferenceImpl) int
      Resolved with match basic (CtTypeReferenceImpl) int
    Adding basic (CtTypeReferenceImpl) boolean
      Resolved with match basic (CtTypeReferenceImpl) boolean
    Adding select field (CtFieldImpl) out
      Resolved as new select field (CtFieldImpl) out
    Adding basic (CtTypeReferenceImpl) boolean
      Resolved with match basic (CtTypeReferenceImpl) boolean
    Resolved as new metrics (CtMethodImpl) signal @ src/main/java/org/apache/commons/daemon/support/DaemonLoader.java:100:27
  Adding metrics (CtMethodImpl) destroy @ src/main/java/org/apache/commons/daemon/support/DaemonWrapper.java:186:17
    Adding basic (CtTypeReferenceImpl) int
      Resolved with match basic (CtTypeReferenceImpl) int
    Resolved as new metrics (CtMethodImpl) destroy @ src/main/java/org/apache/commons/daemon/support/DaemonWrapper.java:186:17
  Adding metrics (CtMethodImpl) getArguments @ src/main/java/org/apache/commons/daemon/support/DaemonLoader.java:412:25
    Resolved as new metrics (CtMethodImpl) getArguments @ src/main/java/org/apache/commons/daemon/support/DaemonLoader.java:412:25
  Adding metrics (CtMethodImpl) setController @ src/main/java/org/apache/commons/daemon/support/DaemonLoader.java:406:21
    Adding select field (CtFieldImpl) daemonController @ src/main/java/org/apache/commons/daemon/support/DaemonLoader.java:396:34
      Resolved as new select field (CtFieldImpl) daemonController @ src/main/java/org/apache/commons/daemon/support/DaemonLoader.java:396:34
    Resolved as new metrics (CtMethodImpl) setController @ src/main/java/org/apache/commons/daemon/support/DaemonLoader.java:406:21
  Adding metrics (CtMethodImpl) shutdown @ src/main/java/org/apache/commons/daemon/support/DaemonLoader.java:329:21
    Adding basic (CtTypeReferenceImpl) boolean
      Resolved with match basic (CtTypeReferenceImpl) boolean
    Adding basic (CtTypeReferenceImpl) boolean
      Resolved with match basic (CtTypeReferenceImpl) boolean
    Adding object decl (CtClassImpl) IllegalStateException
      Adding struct (CtClassImpl) IllegalStateException
        Resolved as new struct (CtClassImpl) IllegalStateException
      Resolved as new object decl (CtClassImpl) IllegalStateException
    Adding constructor (CtConstructorImpl) <init>
      Adding constructor signature (CtConstructorImpl) <init>
        Adding parameter <unnamed> java.lang.IllegalStateException
          Resolved as new parameter <unnamed> java.lang.IllegalStateException
        Resolved as new constructor signature (CtConstructorImpl) <init>
      Resolved as new constructor (CtConstructorImpl) <init>
    [34mIgnoring implicit executable reference: (CtExecutableReferenceImpl) <init>[0m
    Adding basic (CtTypeReferenceImpl) boolean
      Resolved with match basic (CtTypeReferenceImpl) boolean
    Adding basic (CtTypeReferenceImpl) boolean
      Resolved with match basic (CtTypeReferenceImpl) boolean
    Adding basic (CtTypeReferenceImpl) boolean
      Resolved with match basic (CtTypeReferenceImpl) boolean
    Adding basic (CtTypeReferenceImpl) boolean
      Resolved with match basic (CtTypeReferenceImpl) boolean
    Resolved as new metrics (CtMethodImpl) shutdown @ src/main/java/org/apache/commons/daemon/support/DaemonLoader.java:329:21
  Adding metrics (CtMethodImpl) start @ src/main/java/org/apache/commons/daemon/support/DaemonWrapper.java:168:17
    Resolved as new metrics (CtMethodImpl) start @ src/main/java/org/apache/commons/daemon/support/DaemonWrapper.java:168:17
  Adding metrics (CtMethodImpl) fail @ src/main/java/org/apache/commons/daemon/support/DaemonLoader.java:373:21
    Adding basic (CtTypeReferenceImpl) boolean
      Resolved with match basic (CtTypeReferenceImpl) boolean
    Adding basic (CtTypeReferenceImpl) boolean
      Resolved with match basic (CtTypeReferenceImpl) boolean
    Adding basic (CtTypeReferenceImpl) boolean
      Resolved with match basic (CtTypeReferenceImpl) boolean
    Adding basic (CtTypeReferenceImpl) boolean
      Resolved with match basic (CtTypeReferenceImpl) boolean
    Adding method (CtMethodImpl) toString
      Adding signature (CtMethodImpl) toString
        Adding parameter <unnamed> java.lang.String
          Resolved with match parameter <unnamed> java.lang.String
        Resolved as new signature (CtMethodImpl) toString
      Resolved as new method (CtMethodImpl) toString
    Resolved as new metrics (CtMethodImpl) fail @ src/main/java/org/apache/commons/daemon/support/DaemonLoader.java:373:21
  Adding metrics (CtMethodImpl) getController @ src/main/java/org/apache/commons/daemon/support/DaemonLoader.java:401:33
    Resolved as new metrics (CtMethodImpl) getController @ src/main/java/org/apache/commons/daemon/support/DaemonLoader.java:401:33
  Adding metrics (CtConstructorImpl) <init> @ src/main/java/org/apache/commons/daemon/support/DaemonWrapper.java:49:12
    [34mIgnoring implicit executable reference: (CtExecutableReferenceImpl) <init>[0m
    [34mIgnoring implicit executable reference: (CtExecutableReferenceImpl) <init>[0m
    [34mIgnoring implicit executable reference: (CtExecutableReferenceImpl) <init>[0m
    [34mIgnoring implicit executable reference: (CtExecutableReferenceImpl) <init>[0m
    [34mIgnoring implicit executable reference: (CtExecutableReferenceImpl) <init>[0m
    Resolved as new metrics (CtConstructorImpl) <init> @ src/main/java/org/apache/commons/daemon/support/DaemonWrapper.java:49:12
  Adding metrics (CtMethodImpl) reload @ src/main/java/org/apache/commons/daemon/support/DaemonLoader.java:342:21
    Adding basic (CtTypeReferenceImpl) boolean
      Resolved with match basic (CtTypeReferenceImpl) boolean
    Adding basic (CtTypeReferenceImpl) boolean
      Resolved with match basic (CtTypeReferenceImpl) boolean
    [34mIgnoring implicit executable reference: (CtExecutableReferenceImpl) <init>[0m
    Adding basic (CtTypeReferenceImpl) boolean
      Resolved with match basic (CtTypeReferenceImpl) boolean
    Adding basic (CtTypeReferenceImpl) boolean
      Resolved with match basic (CtTypeReferenceImpl) boolean
    Adding basic (CtTypeReferenceImpl) boolean
      Resolved with match basic (CtTypeReferenceImpl) boolean
    Adding basic (CtTypeReferenceImpl) boolean
      Resolved with match basic (CtTypeReferenceImpl) boolean
    Resolved as new metrics (CtMethodImpl) reload @ src/main/java/org/apache/commons/daemon/support/DaemonLoader.java:342:21
  Adding metrics (CtMethodImpl) stop @ src/main/java/org/apache/commons/daemon/support/DaemonLoader.java:258:27
    Adding basic (CtTypeReferenceImpl) boolean
      Resolved with match basic (CtTypeReferenceImpl) boolean
    Adding basic (CtTypeReferenceImpl) boolean
      Resolved with match basic (CtTypeReferenceImpl) boolean
    Adding basic (CtTypeReferenceImpl) boolean
      Resolved with match basic (CtTypeReferenceImpl) boolean
    Adding basic (CtTypeReferenceImpl) boolean
      Resolved with match basic (CtTypeReferenceImpl) boolean
    Adding basic (CtTypeReferenceImpl) boolean
      Resolved with match basic (CtTypeReferenceImpl) boolean
    Resolved as new metrics (CtMethodImpl) stop @ src/main/java/org/apache/commons/daemon/support/DaemonLoader.java:258:27
  Adding metrics (CtConstructorImpl) <init> @ src/main/java/org/apache/commons/daemon/support/DaemonLoader.java:308:17
    [34mIgnoring implicit executable reference: (CtExecutableReferenceImpl) <init>[0m
    [34mIgnoring implicit executable reference: (CtExecutableReferenceImpl) <init>[0m
    Adding basic (CtTypeReferenceImpl) boolean
      Resolved with match basic (CtTypeReferenceImpl) boolean
    Adding basic (CtTypeReferenceImpl) boolean
      Resolved with match basic (CtTypeReferenceImpl) boolean
    Resolved as new metrics (CtConstructorImpl) <init> @ src/main/java/org/apache/commons/daemon/support/DaemonLoader.java:308:17
  Finishing field (CtFieldImpl) serialVersionUID @ src/main/java/org/apache/commons/daemon/DaemonInitException.java:26:31
  Finishing field (CtFieldImpl) cause @ src/main/java/org/apache/commons/daemon/DaemonInitException.java:29:29
  Finishing field (CtFieldImpl) serialVersionUID
  Finishing field (CtFieldImpl) serialVersionUID
  Finishing field (CtFieldImpl) backtrace
  Finishing field (CtFieldImpl) detailMessage
  Finishing field (CtFieldImpl) UNASSIGNED_STACK
  Finishing field (CtFieldImpl) cause
  Finishing field (CtFieldImpl) stackTrace
  Finishing field (CtFieldImpl) depth
  Finishing field (CtFieldImpl) SUPPRESSED_SENTINEL
  Finishing field (CtFieldImpl) suppressedExceptions
  Finishing field (CtFieldImpl) NULL_CAUSE_MESSAGE
  Finishing field (CtFieldImpl) SELF_SUPPRESSION_MESSAGE
  Finishing field (CtFieldImpl) CAUSE_CAPTION
  Finishing field (CtFieldImpl) SUPPRESSED_CAPTION
  Finishing field (CtFieldImpl) EMPTY_THROWABLE_ARRAY
  Finishing interface decl (CtInterfaceImpl) List
  Finishing interface decl (CtInterfaceImpl) Collection
  Finishing interface decl (CtInterfaceImpl) Collection
  Finishing interface decl (CtInterfaceImpl) List
  Finishing interface description (CtInterfaceImpl) Type
  Finishing interface description (CtInterfaceImpl) GenericDeclaration
  Finishing interface description (CtInterfaceImpl) OfField
  Finishing interface description (CtInterfaceImpl) AnnotatedElement
  Finishing interface description (CtInterfaceImpl) Serializable
  Finishing interface description (CtInterfaceImpl) Constable
  Finishing interface description (CtInterfaceImpl) List
  Finishing interface description (CtInterfaceImpl) List
  Finishing interface description (CtInterfaceImpl) RandomAccess
  Finishing interface description (CtInterfaceImpl) List
  Finishing interface description (CtInterfaceImpl) Serializable
  Finishing interface description (CtInterfaceImpl) Cloneable
  Finishing interface description (CtInterfaceImpl) Collection
  Finishing interface description (CtInterfaceImpl) Collection
  Finishing interface description (CtInterfaceImpl) Collection
  Finishing interface description (CtInterfaceImpl) List
  Finishing interface description (CtInterfaceImpl) List
  Finishing interface instantiation java.util.List<java.lang.Throwable>
  Finishing interface instantiation java.util.List<java.lang.Throwable>
  Finishing interface instantiation java.util.Collection<?>
  Finishing interface instantiation java.util.List<T>
  Finishing interface instantiation java.util.List<T>
  Finishing interface instantiation java.util.List<java.lang.String>
  Finishing interface instantiation java.util.List<java.lang.String>
  Finishing method (CtMethodImpl) println
  Finishing method (CtMethodImpl) getProperty
  Finishing constructor (CtConstructorImpl) <init>
  Finishing method (CtMethodImpl) getClassLoader
  Finishing method (CtMethodImpl) loadClass
  Finishing constructor (CtConstructorImpl) <init>
  Finishing method (CtMethodImpl) newInstance
  Finishing method (CtMethodImpl) printStackTrace
  Finishing constructor (CtConstructorImpl) <init>
  Finishing method (CtMethodImpl) clear
  Finishing method (CtMethodImpl) load
  Finishing method (CtMethodImpl) close
  Finishing method (CtMethodImpl) getProperty
  Finishing method (CtMethodImpl) invoke
  Finishing constructor (CtConstructorImpl) <init>
  Finishing method (CtMethodImpl) indexOf
  Finishing method (CtMethodImpl) charAt
  Finishing method (CtMethodImpl) append
  Finishing method (CtMethodImpl) substring
  Finishing method (CtMethodImpl) indexOf
  Finishing method (CtMethodImpl) length
  Finishing method (CtMethodImpl) getenv
  Finishing constructor (CtConstructorImpl) <init>
  Finishing method (CtMethodImpl) toString
  Finishing constructor (CtConstructorImpl) <init>
  Finishing method (CtMethodImpl) getProperties
  Finishing method (CtMethodImpl) substring
  Finishing method (CtMethodImpl) arraycopy
  Finishing method (CtMethodImpl) isAssignableFrom
  Finishing method (CtMethodImpl) getMethod
  Finishing method (CtMethodImpl) getTargetException
  Finishing method (CtMethodImpl) getMessageWithCause @ src/main/java/org/apache/commons/daemon/DaemonInitException.java:41:19
  Finishing method (CtMethodImpl) equals
  Finishing constructor (CtConstructorImpl) <init>
  Finishing constructor (CtConstructorImpl) <init>
  Finishing method (CtMethodImpl) addAll
  Finishing method (CtMethodImpl) asList
  Finishing method (CtMethodImpl) toArray
  Finishing method (CtMethodImpl) size
  Finishing method (CtMethodImpl) exit
  Finishing method (CtMethodImpl) getModifiers
  Finishing method (CtMethodImpl) add
  Finishing constructor (CtConstructorImpl) <init>
  Finishing method (CtMethodImpl) toString
  Finishing method for call site (CtMethodImpl) newInstance
  Finishing method for call site (CtMethodImpl) isAssignableFrom
  Finishing method for call site (CtMethodImpl) getMethod
  Finishing method for call site (CtMethodImpl) addAll
  Finishing method for call site (CtMethodImpl) asList
  Finishing method for call site (CtMethodImpl) toArray
  Finishing method for call site (CtMethodImpl) size
  Finishing method for call site (CtMethodImpl) add
  Finishing object decl (CtClassImpl) PrintStream
    Adding interface description (CtInterfaceImpl) Appendable
      Resolved as new interface description (CtInterfaceImpl) Appendable
    Adding interface description (CtInterfaceImpl) Closeable
      Resolved as new interface description (CtInterfaceImpl) Closeable
  Finishing object decl (CtClassImpl) System
  Finishing object decl (CtClassImpl) NullPointerException
  Finishing object decl (CtClassImpl) ClassLoader
  Finishing object decl (CtClassImpl) ClassNotFoundException
  Finishing object decl (CtClassImpl) Throwable
  Finishing object decl (CtClassImpl) FileInputStream
  Finishing object decl (CtClassImpl) InputStream
  Finishing object decl (CtClassImpl) InputStream
  Finishing object decl (CtClassImpl) FileNotFoundException
  Finishing object decl (CtClassImpl) IOException
  Finishing object decl (CtClassImpl) StringBuffer
    Adding interface description (CtInterfaceImpl) Comparable
      Resolved as new interface description (CtInterfaceImpl) Comparable
    Adding interface description (CtInterfaceImpl) CharSequence
      Resolved as new interface description (CtInterfaceImpl) CharSequence
  Finishing object decl (CtClassImpl) String
    Adding interface description (CtInterfaceImpl) ConstantDesc
      Resolved as new interface description (CtInterfaceImpl) ConstantDesc
  Finishing object decl (CtClassImpl) ParseException
  Finishing object decl (CtClassImpl) NoSuchMethodException
  Finishing object decl (CtClassImpl) InvocationTargetException
  Finishing object decl (CtClassImpl) StackTraceElement
  Finishing object decl (CtClassImpl) DaemonInitException @ src/main/java/org/apache/commons/daemon/DaemonInitException.java:24:14
    Adding constructor (CtConstructorImpl) <init> @ src/main/java/org/apache/commons/daemon/DaemonInitException.java:31:12
      Adding constructor signature (CtConstructorImpl) <init> @ src/main/java/org/apache/commons/daemon/DaemonInitException.java:31:12
        Adding parameter (CtParameterImpl) message @ src/main/java/org/apache/commons/daemon/DaemonInitException.java:31:45
          Resolved with match parameter (CtParameterImpl) message @ src/main/java/org/apache/commons/daemon/DaemonInitException.java:31:45
        Adding parameter <unnamed> org.apache.commons.daemon.DaemonInitException
          Resolved as new parameter <unnamed> org.apache.commons.daemon.DaemonInitException
        Resolved as new constructor signature (CtConstructorImpl) <init> @ src/main/java/org/apache/commons/daemon/DaemonInitException.java:31:12
      Resolved as new constructor (CtConstructorImpl) <init> @ src/main/java/org/apache/commons/daemon/DaemonInitException.java:31:12
    Adding constructor (CtConstructorImpl) <init> @ src/main/java/org/apache/commons/daemon/DaemonInitException.java:36:12
      Adding constructor signature (CtConstructorImpl) <init> @ src/main/java/org/apache/commons/daemon/DaemonInitException.java:36:12
        Adding parameter (CtParameterImpl) message @ src/main/java/org/apache/commons/daemon/DaemonInitException.java:36:45
          Resolved with match parameter (CtParameterImpl) message @ src/main/java/org/apache/commons/daemon/DaemonInitException.java:36:45
        Adding parameter (CtParameterImpl) cause @ src/main/java/org/apache/commons/daemon/DaemonInitException.java:36:70
          Resolved as new parameter (CtParameterImpl) cause @ src/main/java/org/apache/commons/daemon/DaemonInitException.java:36:70
        Resolved as new constructor signature (CtConstructorImpl) <init> @ src/main/java/org/apache/commons/daemon/DaemonInitException.java:36:12
      Resolved as new constructor (CtConstructorImpl) <init> @ src/main/java/org/apache/commons/daemon/DaemonInitException.java:36:12
    Adding abstract (CtMethodImpl) getLocalizedMessage
      Adding signature (CtMethodImpl) getLocalizedMessage
        Adding parameter <unnamed> java.lang.String
          Resolved with match parameter <unnamed> java.lang.String
        Resolved as new signature (CtMethodImpl) getLocalizedMessage
      Resolved as new abstract (CtMethodImpl) getLocalizedMessage
    Adding abstract (CtMethodImpl) getOurStackTrace
      Adding signature (CtMethodImpl) getOurStackTrace
        Adding parameter <unnamed> java.lang.StackTraceElement[]
          Resolved as new parameter <unnamed> java.lang.StackTraceElement[]
        Resolved as new signature (CtMethodImpl) getOurStackTrace
      Resolved as new abstract (CtMethodImpl) getOurStackTrace
    Adding abstract (CtMethodImpl) getCause
      Adding signature (CtMethodImpl) getCause
        Adding parameter <unnamed> java.lang.Throwable
          Resolved with match parameter <unnamed> java.lang.Throwable
        Resolved as new signature (CtMethodImpl) getCause
      Resolved as new abstract (CtMethodImpl) getCause
    Adding abstract (CtMethodImpl) setStackTrace
      Adding signature (CtMethodImpl) setStackTrace
        Adding parameter (CtParameterImpl) arg0
          Resolved as new parameter (CtParameterImpl) arg0
        Resolved as new signature (CtMethodImpl) setStackTrace
      Resolved as new abstract (CtMethodImpl) setStackTrace
    Adding abstract (CtMethodImpl) getStackTrace
      Adding signature (CtMethodImpl) getStackTrace
        Adding parameter <unnamed> java.lang.StackTraceElement[]
          Resolved with match parameter <unnamed> java.lang.StackTraceElement[]
        Resolved as new signature (CtMethodImpl) getStackTrace
      Resolved as new abstract (CtMethodImpl) getStackTrace
    Adding abstract (CtMethodImpl) addSuppressed
      Adding signature (CtMethodImpl) addSuppressed
        Adding parameter (CtParameterImpl) arg0
          Resolved as new parameter (CtParameterImpl) arg0
        Resolved as new signature (CtMethodImpl) addSuppressed
      Resolved as new abstract (CtMethodImpl) addSuppressed
    Adding abstract (CtMethodImpl) getSuppressed
      Adding signature (CtMethodImpl) getSuppressed
        Adding parameter <unnamed> java.lang.Throwable[]
          Resolved as new parameter <unnamed> java.lang.Throwable[]
        Resolved as new signature (CtMethodImpl) getSuppressed
      Resolved as new abstract (CtMethodImpl) getSuppressed
    Adding abstract (CtMethodImpl) setCause
      Adding signature (CtMethodImpl) setCause
        Adding parameter (CtParameterImpl) arg0
          Resolved with match parameter (CtParameterImpl) arg0
        Resolved as new signature (CtMethodImpl) setCause
      Resolved as new abstract (CtMethodImpl) setCause
    Adding abstract (CtMethodImpl) printStackTrace
      Adding signature (CtMethodImpl) printStackTrace
        Resolved with match signature (CtMethodImpl) printStackTrace
      Resolved as new abstract (CtMethodImpl) printStackTrace
    Adding abstract (CtMethodImpl) printStackTrace
      Adding signature (CtMethodImpl) printStackTrace
        Adding parameter (CtParameterImpl) arg0
          Adding object decl (CtClassImpl) PrintWriter
            Adding struct (CtClassImpl) PrintWriter
              Resolved as new struct (CtClassImpl) PrintWriter
            Resolved as new object decl (CtClassImpl) PrintWriter
          Resolved as new parameter (CtParameterImpl) arg0
        Resolved as new signature (CtMethodImpl) printStackTrace
      Resolved as new abstract (CtMethodImpl) printStackTrace
    Adding abstract (CtMethodImpl) printStackTrace
      Resolved as new abstract (CtMethodImpl) printStackTrace
    Adding abstract (CtMethodImpl) printStackTrace
      Adding signature (CtMethodImpl) printStackTrace
        Adding parameter (CtParameterImpl) arg0
          Adding object decl (CtClassImpl) PrintStreamOrWriter
            Adding struct (CtClassImpl) PrintStreamOrWriter
              Resolved as new struct (CtClassImpl) PrintStreamOrWriter
            Resolved as new object decl (CtClassImpl) PrintStreamOrWriter
          Resolved as new parameter (CtParameterImpl) arg0
        Resolved as new signature (CtMethodImpl) printStackTrace
      Resolved as new abstract (CtMethodImpl) printStackTrace
    Adding abstract (CtMethodImpl) getMessageWithCause @ src/main/java/org/apache/commons/daemon/DaemonInitException.java:41:19
      Resolved as new abstract (CtMethodImpl) getMessageWithCause @ src/main/java/org/apache/commons/daemon/DaemonInitException.java:41:19
    Adding abstract (CtMethodImpl) writeObject
      Adding signature (CtMethodImpl) writeObject
        Adding parameter (CtParameterImpl) arg0
          Adding object decl (CtClassImpl) ObjectOutputStream
            Adding struct (CtClassImpl) ObjectOutputStream
              Resolved as new struct (CtClassImpl) ObjectOutputStream
            Resolved as new object decl (CtClassImpl) ObjectOutputStream
          Resolved as new parameter (CtParameterImpl) arg0
        Resolved as new signature (CtMethodImpl) writeObject
      Resolved as new abstract (CtMethodImpl) writeObject
    Adding abstract (CtMethodImpl) getMessage
      Adding signature (CtMethodImpl) getMessage
        Adding parameter <unnamed> java.lang.String
          Resolved with match parameter <unnamed> java.lang.String
        Resolved as new signature (CtMethodImpl) getMessage
      Resolved as new abstract (CtMethodImpl) getMessage
    Adding abstract (CtMethodImpl) initCause
      Adding signature (CtMethodImpl) initCause
        Adding parameter (CtParameterImpl) arg0
          Resolved with match parameter (CtParameterImpl) arg0
        Adding parameter <unnamed> java.lang.Throwable
          Resolved with match parameter <unnamed> java.lang.Throwable
        Resolved as new signature (CtMethodImpl) initCause
      Resolved as new abstract (CtMethodImpl) initCause
    Adding abstract (CtMethodImpl) readObject
      Adding signature (CtMethodImpl) readObject
        Adding parameter (CtParameterImpl) arg0
          Adding object decl (CtClassImpl) ObjectInputStream
            Adding struct (CtClassImpl) ObjectInputStream
              Resolved as new struct (CtClassImpl) ObjectInputStream
            Resolved as new object decl (CtClassImpl) ObjectInputStream
          Resolved as new parameter (CtParameterImpl) arg0
        Resolved as new signature (CtMethodImpl) readObject
      Resolved as new abstract (CtMethodImpl) readObject
    Adding abstract (CtMethodImpl) printEnclosedStackTrace
      Adding signature (CtMethodImpl) printEnclosedStackTrace
        Adding parameter (CtParameterImpl) arg0
          Resolved with match parameter (CtParameterImpl) arg0
        Adding parameter (CtParameterImpl) arg1
          Resolved as new parameter (CtParameterImpl) arg1
        Adding parameter (CtParameterImpl) arg2
          Resolved as new parameter (CtParameterImpl) arg2
        Adding parameter (CtParameterImpl) arg3
          Resolved as new parameter (CtParameterImpl) arg3
        Adding parameter (CtParameterImpl) arg4
          Adding interface decl (CtInterfaceImpl) Set
            Adding interface description (CtInterfaceImpl) Set
              Resolved as new interface description (CtInterfaceImpl) Set
            Adding type params (CtTypeParameterImpl) E
              Resolved with match type params (CtTypeParameterImpl) E
            Resolved as new interface decl (CtInterfaceImpl) Set
          Adding interface instantiation java.util.Set<java.lang.Throwable>
            Adding interface description (CtInterfaceImpl) Set
              Resolved as new interface description (CtInterfaceImpl) Set
            Resolved as new interface instantiation java.util.Set<java.lang.Throwable>
          Resolved as new parameter (CtParameterImpl) arg4
        Resolved as new signature (CtMethodImpl) printEnclosedStackTrace
      Resolved as new abstract (CtMethodImpl) printEnclosedStackTrace
    Adding abstract (CtMethodImpl) toString
      Resolved as new abstract (CtMethodImpl) toString
    Adding abstract (CtMethodImpl) fillInStackTrace
      Adding signature (CtMethodImpl) fillInStackTrace
        Adding parameter <unnamed> java.lang.Throwable
          Resolved with match parameter <unnamed> java.lang.Throwable
        Resolved as new signature (CtMethodImpl) fillInStackTrace
      Resolved as new abstract (CtMethodImpl) fillInStackTrace
    Adding abstract (CtMethodImpl) fillInStackTrace
      Adding signature (CtMethodImpl) fillInStackTrace
        Adding parameter (CtParameterImpl) arg0
          Adding basic (CtTypeReferenceImpl) int
            Resolved with match basic (CtTypeReferenceImpl) int
          Resolved as new parameter (CtParameterImpl) arg0
        Adding parameter <unnamed> java.lang.Throwable
          Resolved with match parameter <unnamed> java.lang.Throwable
        Resolved as new signature (CtMethodImpl) fillInStackTrace
      Resolved as new abstract (CtMethodImpl) fillInStackTrace
    Adding abstract (CtMethodImpl) validateSuppressedExceptionsList
      Adding signature (CtMethodImpl) validateSuppressedExceptionsList
        Adding parameter (CtParameterImpl) arg0
          Adding interface instantiation java.util.List<java.lang.Throwable>
            Adding interface description (CtInterfaceImpl) List
              Resolved as new interface description (CtInterfaceImpl) List
            Resolved as new interface instantiation java.util.List<java.lang.Throwable>
          Resolved as new parameter (CtParameterImpl) arg0
        Adding parameter <unnamed> int
          Adding basic (CtTypeReferenceImpl) int
            Resolved with match basic (CtTypeReferenceImpl) int
          Resolved as new parameter <unnamed> int
        Resolved as new signature (CtMethodImpl) validateSuppressedExceptionsList
      Resolved as new abstract (CtMethodImpl) validateSuppressedExceptionsList
  Finishing object decl (CtClassImpl) IllegalArgumentException
  Finishing object decl (CtClassImpl) ArrayList
    Adding interface description (CtInterfaceImpl) RandomAccess
      Resolved as new interface description (CtInterfaceImpl) RandomAccess
    Adding interface description (CtInterfaceImpl) Cloneable
      Resolved as new interface description (CtInterfaceImpl) Cloneable
  Finishing object decl (CtClassImpl) Arrays
  Finishing object decl (CtClassImpl) Modifier
  Finishing object decl (CtClassImpl) IllegalStateException
  Finishing object instantiation java.lang.Class @ src/main/java/org/apache/commons/daemon/support/DaemonLoader.java:78:19<? @ src/main/java/org/apache/commons/daemon/support/DaemonLoader.java:78:25>
  Finishing object instantiation java.lang.Class<?>
  Finishing object instantiation java.lang.Class<?>
  Finishing object instantiation java.lang.Class<?>
  Finishing object instantiation java.lang.Class<?>
  Finishing object instantiation java.lang.Class @ src/main/java/org/apache/commons/daemon/support/DaemonLoader.java:135:13<? @ src/main/java/org/apache/commons/daemon/support/DaemonLoader.java:135:19>
  Finishing object instantiation java.lang.Class<?>
  Finishing object instantiation java.lang.Class<?>
  Finishing object instantiation java.lang.Class<?>
  Finishing object instantiation java.lang.Class<?>
  Finishing object instantiation java.lang.Class<?>
  Finishing object instantiation java.lang.Class<?>
  Finishing object instantiation java.lang.Class @ src/main/java/org/apache/commons/daemon/support/DaemonLoader.java:158:23<? @ src/main/java/org/apache/commons/daemon/support/DaemonLoader.java:158:29>
  Finishing object instantiation java.lang.Class<?>
  Finishing object instantiation java.lang.Class<?>
  Finishing object instantiation java.lang.Class<?>
  Finishing object instantiation java.lang.Class<?>
  Finishing object instantiation java.lang.Class<?>
  Finishing object instantiation java.lang.Class<? @ src/main/java/org/apache/commons/daemon/support/DaemonLoader.java:166:19>
  Finishing object instantiation java.lang.Class<?>
  Finishing object instantiation java.lang.Class<?>
  Finishing object instantiation java.lang.Class<?>
  Finishing object instantiation java.lang.Class<?>
  Finishing object instantiation java.lang.Class<?>
  Finishing object instantiation java.lang.Class<?>
  Finishing object instantiation java.lang.Class<?>
  Finishing object instantiation java.lang.Class<?>
  Finishing object instantiation java.lang.Class<?>
  Finishing object instantiation java.lang.Class<?>
  Finishing object instantiation java.lang.Class<?>
  Finishing object instantiation java.lang.Class<?>
  Finishing object instantiation java.lang.Class<?>
  Finishing object instantiation java.lang.Class<?>
  Finishing object instantiation java.lang.Class<?>
  Finishing object instantiation java.lang.Class<?>
  Finishing object instantiation java.lang.Class<?>
  Finishing object instantiation java.lang.Class<?>
  Finishing object instantiation java.lang.Class<?>
  Finishing object instantiation java.lang.Class<?>
  Finishing object instantiation java.lang.Class<?>
  Finishing object instantiation java.lang.Class<?>
  Finishing object instantiation java.lang.Class<?>
  Finishing object instantiation java.lang.Class<?>
  Finishing object instantiation java.lang.Class<?>
  Finishing object instantiation java.lang.Class<?>
  Finishing object instantiation java.util.ArrayList @ src/main/java/org/apache/commons/daemon/support/DaemonWrapper.java:220:23<java.lang.String @ src/main/java/org/apache/commons/daemon/support/DaemonWrapper.java:220:33>
  Finishing object instantiation java.util.ArrayList @ src/main/java/org/apache/commons/daemon/support/DaemonWrapper.java:220:50<java.lang.String @ src/main/java/org/apache/commons/daemon/support/DaemonWrapper.java:220:60>
  Finishing object instantiation java.util.ArrayList<java.lang.String>
  Finishing object instantiation java.util.ArrayList<java.lang.String>
  Finishing object instantiation java.util.ArrayList<java.lang.String>
  Finishing object instantiation java.util.ArrayList<java.lang.String>
  Finishing object instantiation java.lang.Class<?>
  Finishing object instantiation java.lang.Class<? @ src/main/java/org/apache/commons/daemon/support/DaemonWrapper.java:272:25>
  Finishing object instantiation java.lang.Class<?>
  Finishing object instantiation java.lang.Class<?>
  Finishing object instantiation java.lang.Class<?>
  Finishing object instantiation java.lang.Class<?>
  Finishing object instantiation java.lang.Class<?>
  Finishing object instantiation java.lang.Class<?>
  Finishing object instantiation java.lang.Class<?>
  Finishing object instantiation java.lang.Class<?>
  Finishing object instantiation java.lang.Class<?>
  Finishing object instantiation java.lang.Class<?>
  Finishing object instantiation java.lang.Class<?>
  Finishing object instantiation java.util.ArrayList @ src/main/java/org/apache/commons/daemon/support/DaemonConfiguration.java:196:15<java.lang.String @ src/main/java/org/apache/commons/daemon/support/DaemonConfiguration.java:196:25>
  Finishing object instantiation java.util.ArrayList @ src/main/java/org/apache/commons/daemon/support/DaemonConfiguration.java:196:44<java.lang.String @ src/main/java/org/apache/commons/daemon/support/DaemonConfiguration.java:196:54>
  Finishing object instantiation java.util.ArrayList<java.lang.String>
  Finishing object instantiation java.util.ArrayList<java.lang.String>
  Finishing object instantiation java.util.ArrayList<java.lang.String>
  Finishing object instantiation java.util.ArrayList<java.lang.String>
  Finishing interface decl (CtInterfaceImpl) Set
  Finishing interface description (CtInterfaceImpl) Appendable
  Finishing interface description (CtInterfaceImpl) Closeable
  Finishing interface description (CtInterfaceImpl) Comparable
  Finishing interface description (CtInterfaceImpl) CharSequence
  Finishing interface description (CtInterfaceImpl) ConstantDesc
  Finishing interface description (CtInterfaceImpl) Set
  Finishing interface description (CtInterfaceImpl) Set
  Finishing interface description (CtInterfaceImpl) List
  Finishing interface description (CtInterfaceImpl) RandomAccess
  Finishing interface description (CtInterfaceImpl) Cloneable
  Finishing interface instantiation java.util.Set<java.lang.Throwable>
  Finishing interface instantiation java.util.List<java.lang.Throwable>
  Finishing constructor (CtConstructorImpl) <init> @ src/main/java/org/apache/commons/daemon/DaemonInitException.java:31:12
  Finishing constructor (CtConstructorImpl) <init> @ src/main/java/org/apache/commons/daemon/DaemonInitException.java:36:12
  Finishing object decl (CtClassImpl) PrintWriter
  Finishing object decl (CtClassImpl) PrintStreamOrWriter
    getting parent type for (CtClassImpl) PrintStreamOrWriter
  Finishing object decl (CtClassImpl) ObjectOutputStream
    Adding interface description (CtInterfaceImpl) ObjectOutput
      Resolved as new interface description (CtInterfaceImpl) ObjectOutput
    Adding interface description (CtInterfaceImpl) ObjectStreamConstants
      Resolved as new interface description (CtInterfaceImpl) ObjectStreamConstants
  Finishing object decl (CtClassImpl) ObjectInputStream
    Adding interface description (CtInterfaceImpl) ObjectInput
      Resolved as new interface description (CtInterfaceImpl) ObjectInput
  Finishing interface description (CtInterfaceImpl) ObjectOutput
  Finishing interface description (CtInterfaceImpl) ObjectStreamConstants
  Finishing interface description (CtInterfaceImpl) ObjectInput
  Adding metrics (CtConstructorImpl) <init> @ src/main/java/org/apache/commons/daemon/DaemonInitException.java:36:12
    [34mIgnoring implicit executable reference: (CtExecutableReferenceImpl) <init>[0m
    [34mIgnoring implicit executable reference: (CtExecutableReferenceImpl) <init>[0m
    Adding select field (CtFieldImpl) cause @ src/main/java/org/apache/commons/daemon/DaemonInitException.java:29:29
      Resolved as new select field (CtFieldImpl) cause @ src/main/java/org/apache/commons/daemon/DaemonInitException.java:29:29
    Resolved as new metrics (CtConstructorImpl) <init> @ src/main/java/org/apache/commons/daemon/DaemonInitException.java:36:12
  Adding metrics (CtConstructorImpl) <init> @ src/main/java/org/apache/commons/daemon/DaemonInitException.java:31:12
    [34mIgnoring implicit executable reference: (CtExecutableReferenceImpl) <init>[0m
    [34mIgnoring implicit executable reference: (CtExecutableReferenceImpl) <init>[0m
    Resolved as new metrics (CtConstructorImpl) <init> @ src/main/java/org/apache/commons/daemon/DaemonInitException.java:31:12
  Adding metrics (CtMethodImpl) getMessageWithCause @ src/main/java/org/apache/commons/daemon/DaemonInitException.java:41:19
    Adding basic (CtTypeReferenceImpl) boolean
      Resolved with match basic (CtTypeReferenceImpl) boolean
    Adding method (CtMethodImpl) getMessage
      Resolved as new method (CtMethodImpl) getMessage
    Resolved as new metrics (CtMethodImpl) getMessageWithCause @ src/main/java/org/apache/commons/daemon/DaemonInitException.java:41:19
  Finishing method (CtMethodImpl) getMessage
  Adding package java.io
    Resolved as new package java.io
  Finishing package java.io
    Adding interface decl (CtInterfaceImpl) Serializable
      Resolved as new interface decl (CtInterfaceImpl) Serializable
    Adding interface decl (CtInterfaceImpl) Closeable
      Resolved as new interface decl (CtInterfaceImpl) Closeable
  Finishing interface decl (CtInterfaceImpl) Serializable
  Finishing interface decl (CtInterfaceImpl) Closeable
  Adding package org
    Resolved as new package org
  Finishing package org
  Adding package java.util
    Resolved as new package java.util
  Finishing package java.util
    Adding interface decl (CtInterfaceImpl) EventListener
      Adding interface description (CtInterfaceImpl) EventListener
        Resolved as new interface description (CtInterfaceImpl) EventListener
      Resolved as new interface decl (CtInterfaceImpl) EventListener
    Adding object decl (CtClassImpl) StringTokenizer
      Adding struct (CtClassImpl) StringTokenizer
        Resolved as new struct (CtClassImpl) StringTokenizer
      Resolved as new object decl (CtClassImpl) StringTokenizer
    Adding interface decl (CtInterfaceImpl) RandomAccess
      Resolved as new interface decl (CtInterfaceImpl) RandomAccess
  Finishing interface decl (CtInterfaceImpl) EventListener
  Finishing interface decl (CtInterfaceImpl) RandomAccess
  Finishing interface description (CtInterfaceImpl) EventListener
  Finishing object decl (CtClassImpl) StringTokenizer
    Adding interface description (CtInterfaceImpl) Enumeration
      Resolved as new interface description (CtInterfaceImpl) Enumeration
  Finishing interface description (CtInterfaceImpl) Enumeration
  Adding package java.lang.invoke
    Resolved as new package java.lang.invoke
  Finishing package java.lang.invoke
  Adding package <unnamed>
    Resolved as new package <unnamed>
  Finishing package <unnamed>
  Adding package java.text
    Resolved as new package java.text
  Finishing package java.text
  Adding package org.apache
    Resolved as new package org.apache
  Finishing package org.apache
  Adding package java.lang.reflect
    Resolved as new package java.lang.reflect
  Finishing package java.lang.reflect
    Adding interface decl (CtInterfaceImpl) Type
      Resolved as new interface decl (CtInterfaceImpl) Type
    Adding interface decl (CtInterfaceImpl) GenericDeclaration
      Resolved as new interface decl (CtInterfaceImpl) GenericDeclaration
    Adding interface decl (CtInterfaceImpl) AnnotatedElement
      Resolved as new interface decl (CtInterfaceImpl) AnnotatedElement
  Finishing interface decl (CtInterfaceImpl) Type
  Finishing interface decl (CtInterfaceImpl) GenericDeclaration
  Finishing interface decl (CtInterfaceImpl) AnnotatedElement
  Adding package java.lang
    Resolved as new package java.lang
  Finishing package java.lang
  Adding package org.apache.commons.daemon
    Resolved as new package org.apache.commons.daemon
  Finishing package org.apache.commons.daemon
    Adding interface decl (CtInterfaceImpl) Daemon @ src/main/java/org/apache/commons/daemon/Daemon.java:32:18
      Resolved as new interface decl (CtInterfaceImpl) Daemon @ src/main/java/org/apache/commons/daemon/Daemon.java:32:18
    Adding interface decl (CtInterfaceImpl) DaemonListener @ src/main/java/org/apache/commons/daemon/DaemonListener.java:25:18
      Adding interface description (CtInterfaceImpl) DaemonListener @ src/main/java/org/apache/commons/daemon/DaemonListener.java:25:18
        Resolved with match interface description (CtInterfaceImpl) DaemonListener @ src/main/java/org/apache/commons/daemon/DaemonListener.java:25:18
      Resolved as new interface decl (CtInterfaceImpl) DaemonListener @ src/main/java/org/apache/commons/daemon/DaemonListener.java:25:18
    Adding object decl (CtClassImpl) DaemonPermission @ src/main/java/org/apache/commons/daemon/DaemonPermission.java:84:20
      Adding struct (CtClassImpl) DaemonPermission @ src/main/java/org/apache/commons/daemon/DaemonPermission.java:84:20
        Adding field (CtFieldImpl) serialVersionUID @ src/main/java/org/apache/commons/daemon/DaemonPermission.java:91:31
          Adding basic (CtTypeReferenceImpl) long @ src/main/java/org/apache/commons/daemon/DaemonPermission.java:91:26
            Resolved with match basic (CtTypeReferenceImpl) long @ src/main/java/org/apache/commons/daemon/DaemonPermission.java:91:26
          Resolved as new field (CtFieldImpl) serialVersionUID @ src/main/java/org/apache/commons/daemon/DaemonPermission.java:91:31
        Adding field (CtFieldImpl) CONTROL @ src/main/java/org/apache/commons/daemon/DaemonPermission.java:97:35
          Resolved as new field (CtFieldImpl) CONTROL @ src/main/java/org/apache/commons/daemon/DaemonPermission.java:97:35
        Adding field (CtFieldImpl) TYPE_CONTROL @ src/main/java/org/apache/commons/daemon/DaemonPermission.java:102:32
          Adding basic (CtTypeReferenceImpl) int @ src/main/java/org/apache/commons/daemon/DaemonPermission.java:102:28
            Resolved with match basic (CtTypeReferenceImpl) int @ src/main/java/org/apache/commons/daemon/DaemonPermission.java:102:28
          Resolved as new field (CtFieldImpl) TYPE_CONTROL @ src/main/java/org/apache/commons/daemon/DaemonPermission.java:102:32
        Adding field (CtFieldImpl) CONTROL_START @ src/main/java/org/apache/commons/daemon/DaemonPermission.java:108:35
          Resolved as new field (CtFieldImpl) CONTROL_START @ src/main/java/org/apache/commons/daemon/DaemonPermission.java:108:35
        Adding field (CtFieldImpl) CONTROL_STOP @ src/main/java/org/apache/commons/daemon/DaemonPermission.java:114:35
          Resolved as new field (CtFieldImpl) CONTROL_STOP @ src/main/java/org/apache/commons/daemon/DaemonPermission.java:114:35
        Adding field (CtFieldImpl) CONTROL_SHUTDOWN @ src/main/java/org/apache/commons/daemon/DaemonPermission.java:120:35
          Resolved as new field (CtFieldImpl) CONTROL_SHUTDOWN @ src/main/java/org/apache/commons/daemon/DaemonPermission.java:120:35
        Adding field (CtFieldImpl) CONTROL_RELOAD @ src/main/java/org/apache/commons/daemon/DaemonPermission.java:126:35
          Resolved as new field (CtFieldImpl) CONTROL_RELOAD @ src/main/java/org/apache/commons/daemon/DaemonPermission.java:126:35
        Adding field (CtFieldImpl) MASK_CONTROL_START @ src/main/java/org/apache/commons/daemon/DaemonPermission.java:132:32
          Adding basic (CtTypeReferenceImpl) int @ src/main/java/org/apache/commons/daemon/DaemonPermission.java:132:28
            Resolved with match basic (CtTypeReferenceImpl) int @ src/main/java/org/apache/commons/daemon/DaemonPermission.java:132:28
          Resolved as new field (CtFieldImpl) MASK_CONTROL_START @ src/main/java/org/apache/commons/daemon/DaemonPermission.java:132:32
        Adding field (CtFieldImpl) MASK_CONTROL_STOP @ src/main/java/org/apache/commons/daemon/DaemonPermission.java:138:32
          Adding basic (CtTypeReferenceImpl) int @ src/main/java/org/apache/commons/daemon/DaemonPermission.java:138:28
            Resolved with match basic (CtTypeReferenceImpl) int @ src/main/java/org/apache/commons/daemon/DaemonPermission.java:138:28
          Resolved as new field (CtFieldImpl) MASK_CONTROL_STOP @ src/main/java/org/apache/commons/daemon/DaemonPermission.java:138:32
        Adding field (CtFieldImpl) MASK_CONTROL_SHUTDOWN @ src/main/java/org/apache/commons/daemon/DaemonPermission.java:144:32
          Adding basic (CtTypeReferenceImpl) int @ src/main/java/org/apache/commons/daemon/DaemonPermission.java:144:28
            Resolved with match basic (CtTypeReferenceImpl) int @ src/main/java/org/apache/commons/daemon/DaemonPermission.java:144:28
          Resolved as new field (CtFieldImpl) MASK_CONTROL_SHUTDOWN @ src/main/java/org/apache/commons/daemon/DaemonPermission.java:144:32
        Adding field (CtFieldImpl) MASK_CONTROL_RELOAD @ src/main/java/org/apache/commons/daemon/DaemonPermission.java:150:32
          Adding basic (CtTypeReferenceImpl) int @ src/main/java/org/apache/commons/daemon/DaemonPermission.java:150:28
            Resolved with match basic (CtTypeReferenceImpl) int @ src/main/java/org/apache/commons/daemon/DaemonPermission.java:150:28
          Resolved as new field (CtFieldImpl) MASK_CONTROL_RELOAD @ src/main/java/org/apache/commons/daemon/DaemonPermission.java:150:32
        Adding field (CtFieldImpl) WILDCARD @ src/main/java/org/apache/commons/daemon/DaemonPermission.java:156:35
          Resolved as new field (CtFieldImpl) WILDCARD @ src/main/java/org/apache/commons/daemon/DaemonPermission.java:156:35
        Adding field (CtFieldImpl) type @ src/main/java/org/apache/commons/daemon/DaemonPermission.java:163:27
          Adding basic (CtTypeReferenceImpl) int @ src/main/java/org/apache/commons/daemon/DaemonPermission.java:163:23
            Resolved with match basic (CtTypeReferenceImpl) int @ src/main/java/org/apache/commons/daemon/DaemonPermission.java:163:23
          Resolved as new field (CtFieldImpl) type @ src/main/java/org/apache/commons/daemon/DaemonPermission.java:163:27
        Adding field (CtFieldImpl) mask @ src/main/java/org/apache/commons/daemon/DaemonPermission.java:165:27
          Adding basic (CtTypeReferenceImpl) int @ src/main/java/org/apache/commons/daemon/DaemonPermission.java:165:23
            Resolved with match basic (CtTypeReferenceImpl) int @ src/main/java/org/apache/commons/daemon/DaemonPermission.java:165:23
          Resolved as new field (CtFieldImpl) mask @ src/main/java/org/apache/commons/daemon/DaemonPermission.java:165:27
        Adding field (CtFieldImpl) desc @ src/main/java/org/apache/commons/daemon/DaemonPermission.java:167:30
          Resolved as new field (CtFieldImpl) desc @ src/main/java/org/apache/commons/daemon/DaemonPermission.java:167:30
        Adding field (CtFieldImpl) serialVersionUID
          Adding basic (CtTypeReferenceImpl) long
            Resolved with match basic (CtTypeReferenceImpl) long
          Resolved as new field (CtFieldImpl) serialVersionUID
        Adding field (CtFieldImpl) name
          Resolved with match field (CtFieldImpl) name
        Adding field $super
          Adding object decl (CtClassImpl) Permission
            Pending package java.security
            Adding struct (CtClassImpl) Permission
              Resolved as new struct (CtClassImpl) Permission
            Resolved as new object decl (CtClassImpl) Permission
          Resolved as new field $super
        Resolved as new struct (CtClassImpl) DaemonPermission @ src/main/java/org/apache/commons/daemon/DaemonPermission.java:84:20
      Resolved as new object decl (CtClassImpl) DaemonPermission @ src/main/java/org/apache/commons/daemon/DaemonPermission.java:84:20
    Adding interface decl (CtInterfaceImpl) DaemonUserSignal @ src/main/java/org/apache/commons/daemon/DaemonUserSignal.java:29:18
      Adding interface description (CtInterfaceImpl) DaemonUserSignal @ src/main/java/org/apache/commons/daemon/DaemonUserSignal.java:29:18
        Adding abstract (CtMethodImpl) signal @ src/main/java/org/apache/commons/daemon/DaemonUserSignal.java:35:10
          Adding signature (CtMethodImpl) signal @ src/main/java/org/apache/commons/daemon/DaemonUserSignal.java:35:10
            Resolved with match signature (CtMethodImpl) signal @ src/main/java/org/apache/commons/daemon/DaemonUserSignal.java:35:10
          Resolved as new abstract (CtMethodImpl) signal @ src/main/java/org/apache/commons/daemon/DaemonUserSignal.java:35:10
        Resolved as new interface description (CtInterfaceImpl) DaemonUserSignal @ src/main/java/org/apache/commons/daemon/DaemonUserSignal.java:29:18
      Resolved as new interface decl (CtInterfaceImpl) DaemonUserSignal @ src/main/java/org/apache/commons/daemon/DaemonUserSignal.java:29:18
  Finishing field (CtFieldImpl) serialVersionUID @ src/main/java/org/apache/commons/daemon/DaemonPermission.java:91:31
  Finishing field (CtFieldImpl) CONTROL @ src/main/java/org/apache/commons/daemon/DaemonPermission.java:97:35
  Finishing field (CtFieldImpl) TYPE_CONTROL @ src/main/java/org/apache/commons/daemon/DaemonPermission.java:102:32
  Finishing field (CtFieldImpl) CONTROL_START @ src/main/java/org/apache/commons/daemon/DaemonPermission.java:108:35
  Finishing field (CtFieldImpl) CONTROL_STOP @ src/main/java/org/apache/commons/daemon/DaemonPermission.java:114:35
  Finishing field (CtFieldImpl) CONTROL_SHUTDOWN @ src/main/java/org/apache/commons/daemon/DaemonPermission.java:120:35
  Finishing field (CtFieldImpl) CONTROL_RELOAD @ src/main/java/org/apache/commons/daemon/DaemonPermission.java:126:35
  Finishing field (CtFieldImpl) MASK_CONTROL_START @ src/main/java/org/apache/commons/daemon/DaemonPermission.java:132:32
  Finishing field (CtFieldImpl) MASK_CONTROL_STOP @ src/main/java/org/apache/commons/daemon/DaemonPermission.java:138:32
  Finishing field (CtFieldImpl) MASK_CONTROL_SHUTDOWN @ src/main/java/org/apache/commons/daemon/DaemonPermission.java:144:32
  Finishing field (CtFieldImpl) MASK_CONTROL_RELOAD @ src/main/java/org/apache/commons/daemon/DaemonPermission.java:150:32
  Finishing field (CtFieldImpl) WILDCARD @ src/main/java/org/apache/commons/daemon/DaemonPermission.java:156:35
  Finishing field (CtFieldImpl) type @ src/main/java/org/apache/commons/daemon/DaemonPermission.java:163:27
  Finishing field (CtFieldImpl) mask @ src/main/java/org/apache/commons/daemon/DaemonPermission.java:165:27
  Finishing field (CtFieldImpl) desc @ src/main/java/org/apache/commons/daemon/DaemonPermission.java:167:30
  Finishing field (CtFieldImpl) serialVersionUID
  Finishing field (CtFieldImpl) name
  Finishing interface decl (CtInterfaceImpl) Daemon @ src/main/java/org/apache/commons/daemon/Daemon.java:32:18
  Finishing interface decl (CtInterfaceImpl) DaemonListener @ src/main/java/org/apache/commons/daemon/DaemonListener.java:25:18
  Finishing interface decl (CtInterfaceImpl) DaemonUserSignal @ src/main/java/org/apache/commons/daemon/DaemonUserSignal.java:29:18
  Finishing interface description (CtInterfaceImpl) DaemonListener @ src/main/java/org/apache/commons/daemon/DaemonListener.java:25:18
  Finishing interface description (CtInterfaceImpl) DaemonUserSignal @ src/main/java/org/apache/commons/daemon/DaemonUserSignal.java:29:18
  Finishing object decl (CtClassImpl) Permission
    Adding interface description (CtInterfaceImpl) Guard
      Resolved as new interface description (CtInterfaceImpl) Guard
  Finishing object decl (CtClassImpl) DaemonPermission @ src/main/java/org/apache/commons/daemon/DaemonPermission.java:84:20
    Adding constructor (CtConstructorImpl) <init> @ src/main/java/org/apache/commons/daemon/DaemonPermission.java:184:12
      Adding constructor signature (CtConstructorImpl) <init> @ src/main/java/org/apache/commons/daemon/DaemonPermission.java:184:12
        Adding parameter (CtParameterImpl) target @ src/main/java/org/apache/commons/daemon/DaemonPermission.java:184:42
          Resolved as new parameter (CtParameterImpl) target @ src/main/java/org/apache/commons/daemon/DaemonPermission.java:184:42
        Adding parameter <unnamed> org.apache.commons.daemon.DaemonPermission
          Resolved as new parameter <unnamed> org.apache.commons.daemon.DaemonPermission
        Resolved as new constructor signature (CtConstructorImpl) <init> @ src/main/java/org/apache/commons/daemon/DaemonPermission.java:184:12
      Resolved as new constructor (CtConstructorImpl) <init> @ src/main/java/org/apache/commons/daemon/DaemonPermission.java:184:12
    Adding constructor (CtConstructorImpl) <init> @ src/main/java/org/apache/commons/daemon/DaemonPermission.java:216:12
      Adding constructor signature (CtConstructorImpl) <init> @ src/main/java/org/apache/commons/daemon/DaemonPermission.java:216:12
        Adding parameter (CtParameterImpl) target @ src/main/java/org/apache/commons/daemon/DaemonPermission.java:216:42
          Resolved with match parameter (CtParameterImpl) target @ src/main/java/org/apache/commons/daemon/DaemonPermission.java:216:42
        Adding parameter (CtParameterImpl) actions @ src/main/java/org/apache/commons/daemon/DaemonPermission.java:216:63
          Resolved as new parameter (CtParameterImpl) actions @ src/main/java/org/apache/commons/daemon/DaemonPermission.java:216:63
        Resolved as new constructor signature (CtConstructorImpl) <init> @ src/main/java/org/apache/commons/daemon/DaemonPermission.java:216:12
      Resolved as new constructor (CtConstructorImpl) <init> @ src/main/java/org/apache/commons/daemon/DaemonPermission.java:216:12
    Adding method (CtMethodImpl) getActions @ src/main/java/org/apache/commons/daemon/DaemonPermission.java:240:19
      Adding signature (CtMethodImpl) getActions @ src/main/java/org/apache/commons/daemon/DaemonPermission.java:240:19
        Adding parameter <unnamed> java.lang.String @ src/main/java/org/apache/commons/daemon/DaemonPermission.java:240:12
          Resolved with match parameter <unnamed> java.lang.String @ src/main/java/org/apache/commons/daemon/DaemonPermission.java:240:12
        Resolved as new signature (CtMethodImpl) getActions @ src/main/java/org/apache/commons/daemon/DaemonPermission.java:240:19
      Resolved as new method (CtMethodImpl) getActions @ src/main/java/org/apache/commons/daemon/DaemonPermission.java:240:19
    Adding method (CtMethodImpl) equals @ src/main/java/org/apache/commons/daemon/DaemonPermission.java:267:20
      Adding signature (CtMethodImpl) equals @ src/main/java/org/apache/commons/daemon/DaemonPermission.java:267:20
        Adding parameter (CtParameterImpl) object @ src/main/java/org/apache/commons/daemon/DaemonPermission.java:267:40
          Resolved as new parameter (CtParameterImpl) object @ src/main/java/org/apache/commons/daemon/DaemonPermission.java:267:40
        Adding parameter <unnamed> boolean @ src/main/java/org/apache/commons/daemon/DaemonPermission.java:267:12
          Adding basic (CtTypeReferenceImpl) boolean @ src/main/java/org/apache/commons/daemon/DaemonPermission.java:267:12
            Resolved with match basic (CtTypeReferenceImpl) boolean @ src/main/java/org/apache/commons/daemon/DaemonPermission.java:267:12
          Resolved as new parameter <unnamed> boolean @ src/main/java/org/apache/commons/daemon/DaemonPermission.java:267:12
        Resolved as new signature (CtMethodImpl) equals @ src/main/java/org/apache/commons/daemon/DaemonPermission.java:267:20
      Resolved as new method (CtMethodImpl) equals @ src/main/java/org/apache/commons/daemon/DaemonPermission.java:267:20
    Adding method (CtMethodImpl) createControlActions @ src/main/java/org/apache/commons/daemon/DaemonPermission.java:397:20
      Adding signature (CtMethodImpl) createControlActions @ src/main/java/org/apache/commons/daemon/DaemonPermission.java:397:20
        Adding parameter (CtParameterImpl) mask @ src/main/java/org/apache/commons/daemon/DaemonPermission.java:397:51
          Adding basic (CtTypeReferenceImpl) int @ src/main/java/org/apache/commons/daemon/DaemonPermission.java:397:47
            Resolved with match basic (CtTypeReferenceImpl) int @ src/main/java/org/apache/commons/daemon/DaemonPermission.java:397:47
          Resolved as new parameter (CtParameterImpl) mask @ src/main/java/org/apache/commons/daemon/DaemonPermission.java:397:51
        Adding parameter <unnamed> java.lang.String @ src/main/java/org/apache/commons/daemon/DaemonPermission.java:397:13
          Resolved with match parameter <unnamed> java.lang.String @ src/main/java/org/apache/commons/daemon/DaemonPermission.java:397:13
        Resolved as new signature (CtMethodImpl) createControlActions @ src/main/java/org/apache/commons/daemon/DaemonPermission.java:397:20
      Resolved as new method (CtMethodImpl) createControlActions @ src/main/java/org/apache/commons/daemon/DaemonPermission.java:397:20
    Adding method (CtMethodImpl) setupDescription @ src/main/java/org/apache/commons/daemon/DaemonPermission.java:332:18
      Adding signature (CtMethodImpl) setupDescription @ src/main/java/org/apache/commons/daemon/DaemonPermission.java:332:18
        Resolved with match signature (CtMethodImpl) setupDescription @ src/main/java/org/apache/commons/daemon/DaemonPermission.java:332:18
      Resolved as new method (CtMethodImpl) setupDescription @ src/main/java/org/apache/commons/daemon/DaemonPermission.java:332:18
    Adding method (CtMethodImpl) createControlMask @ src/main/java/org/apache/commons/daemon/DaemonPermission.java:359:17
      Adding signature (CtMethodImpl) createControlMask @ src/main/java/org/apache/commons/daemon/DaemonPermission.java:359:17
        Adding parameter (CtParameterImpl) actions @ src/main/java/org/apache/commons/daemon/DaemonPermission.java:359:48
          Resolved with match parameter (CtParameterImpl) actions @ src/main/java/org/apache/commons/daemon/DaemonPermission.java:359:48
        Adding parameter <unnamed> int @ src/main/java/org/apache/commons/daemon/DaemonPermission.java:359:13
          Adding basic (CtTypeReferenceImpl) int @ src/main/java/org/apache/commons/daemon/DaemonPermission.java:359:13
            Resolved with match basic (CtTypeReferenceImpl) int @ src/main/java/org/apache/commons/daemon/DaemonPermission.java:359:13
          Resolved as new parameter <unnamed> int @ src/main/java/org/apache/commons/daemon/DaemonPermission.java:359:13
        Resolved as new signature (CtMethodImpl) createControlMask @ src/main/java/org/apache/commons/daemon/DaemonPermission.java:359:17
      Resolved as new method (CtMethodImpl) createControlMask @ src/main/java/org/apache/commons/daemon/DaemonPermission.java:359:17
    Adding method (CtMethodImpl) hashCode @ src/main/java/org/apache/commons/daemon/DaemonPermission.java:254:16
      Adding signature (CtMethodImpl) hashCode @ src/main/java/org/apache/commons/daemon/DaemonPermission.java:254:16
        Adding parameter <unnamed> int @ src/main/java/org/apache/commons/daemon/DaemonPermission.java:254:12
          Adding basic (CtTypeReferenceImpl) int @ src/main/java/org/apache/commons/daemon/DaemonPermission.java:254:12
            Resolved with match basic (CtTypeReferenceImpl) int @ src/main/java/org/apache/commons/daemon/DaemonPermission.java:254:12
          Resolved as new parameter <unnamed> int @ src/main/java/org/apache/commons/daemon/DaemonPermission.java:254:12
        Resolved as new signature (CtMethodImpl) hashCode @ src/main/java/org/apache/commons/daemon/DaemonPermission.java:254:16
      Resolved as new method (CtMethodImpl) hashCode @ src/main/java/org/apache/commons/daemon/DaemonPermission.java:254:16
    Adding method (CtMethodImpl) implies @ src/main/java/org/apache/commons/daemon/DaemonPermission.java:294:20
      Adding signature (CtMethodImpl) implies @ src/main/java/org/apache/commons/daemon/DaemonPermission.java:294:20
        Adding parameter (CtParameterImpl) permission @ src/main/java/org/apache/commons/daemon/DaemonPermission.java:294:45
          Resolved as new parameter (CtParameterImpl) permission @ src/main/java/org/apache/commons/daemon/DaemonPermission.java:294:45
        Adding parameter <unnamed> boolean @ src/main/java/org/apache/commons/daemon/DaemonPermission.java:294:12
          Adding basic (CtTypeReferenceImpl) boolean @ src/main/java/org/apache/commons/daemon/DaemonPermission.java:294:12
            Resolved with match basic (CtTypeReferenceImpl) boolean @ src/main/java/org/apache/commons/daemon/DaemonPermission.java:294:12
          Resolved as new parameter <unnamed> boolean @ src/main/java/org/apache/commons/daemon/DaemonPermission.java:294:12
        Resolved as new signature (CtMethodImpl) implies @ src/main/java/org/apache/commons/daemon/DaemonPermission.java:294:20
      Resolved as new method (CtMethodImpl) implies @ src/main/java/org/apache/commons/daemon/DaemonPermission.java:294:20
    Adding method (CtMethodImpl) toString @ src/main/java/org/apache/commons/daemon/DaemonPermission.java:319:19
      Adding signature (CtMethodImpl) toString @ src/main/java/org/apache/commons/daemon/DaemonPermission.java:319:19
        Adding parameter <unnamed> java.lang.String @ src/main/java/org/apache/commons/daemon/DaemonPermission.java:319:12
          Resolved with match parameter <unnamed> java.lang.String @ src/main/java/org/apache/commons/daemon/DaemonPermission.java:319:12
        Resolved as new signature (CtMethodImpl) toString @ src/main/java/org/apache/commons/daemon/DaemonPermission.java:319:19
      Resolved as new method (CtMethodImpl) toString @ src/main/java/org/apache/commons/daemon/DaemonPermission.java:319:19
    Adding abstract (CtMethodImpl) getName
      Adding signature (CtMethodImpl) getName
        Adding parameter <unnamed> java.lang.String
          Resolved with match parameter <unnamed> java.lang.String
        Resolved as new signature (CtMethodImpl) getName
      Resolved as new abstract (CtMethodImpl) getName
    Adding abstract (CtMethodImpl) getActions @ src/main/java/org/apache/commons/daemon/DaemonPermission.java:240:19
      Resolved as new abstract (CtMethodImpl) getActions @ src/main/java/org/apache/commons/daemon/DaemonPermission.java:240:19
    Adding abstract (CtMethodImpl) equals @ src/main/java/org/apache/commons/daemon/DaemonPermission.java:267:20
      Resolved as new abstract (CtMethodImpl) equals @ src/main/java/org/apache/commons/daemon/DaemonPermission.java:267:20
    Adding abstract (CtMethodImpl) createControlActions @ src/main/java/org/apache/commons/daemon/DaemonPermission.java:397:20
      Resolved as new abstract (CtMethodImpl) createControlActions @ src/main/java/org/apache/commons/daemon/DaemonPermission.java:397:20
    Adding abstract (CtMethodImpl) setupDescription @ src/main/java/org/apache/commons/daemon/DaemonPermission.java:332:18
      Resolved as new abstract (CtMethodImpl) setupDescription @ src/main/java/org/apache/commons/daemon/DaemonPermission.java:332:18
    Adding abstract (CtMethodImpl) createControlMask @ src/main/java/org/apache/commons/daemon/DaemonPermission.java:359:17
      Resolved as new abstract (CtMethodImpl) createControlMask @ src/main/java/org/apache/commons/daemon/DaemonPermission.java:359:17
    Adding abstract (CtMethodImpl) hashCode @ src/main/java/org/apache/commons/daemon/DaemonPermission.java:254:16
      Resolved as new abstract (CtMethodImpl) hashCode @ src/main/java/org/apache/commons/daemon/DaemonPermission.java:254:16
    Adding abstract (CtMethodImpl) implies @ src/main/java/org/apache/commons/daemon/DaemonPermission.java:294:20
      Resolved as new abstract (CtMethodImpl) implies @ src/main/java/org/apache/commons/daemon/DaemonPermission.java:294:20
    Adding abstract (CtMethodImpl) newPermissionCollection
      Adding signature (CtMethodImpl) newPermissionCollection
        Adding parameter <unnamed> java.security.PermissionCollection
          Adding object decl (CtClassImpl) PermissionCollection
            Pending package java.security
            Adding struct (CtClassImpl) PermissionCollection
              Resolved as new struct (CtClassImpl) PermissionCollection
            Resolved as new object decl (CtClassImpl) PermissionCollection
          Resolved as new parameter <unnamed> java.security.PermissionCollection
        Resolved as new signature (CtMethodImpl) newPermissionCollection
      Resolved as new abstract (CtMethodImpl) newPermissionCollection
    Adding abstract (CtMethodImpl) checkGuard
      Adding signature (CtMethodImpl) checkGuard
        Adding parameter (CtParameterImpl) arg0
          Resolved with match parameter (CtParameterImpl) arg0
        Resolved as new signature (CtMethodImpl) checkGuard
      Resolved as new abstract (CtMethodImpl) checkGuard
    Adding abstract (CtMethodImpl) toString @ src/main/java/org/apache/commons/daemon/DaemonPermission.java:319:19
      Resolved as new abstract (CtMethodImpl) toString @ src/main/java/org/apache/commons/daemon/DaemonPermission.java:319:19
  Finishing interface description (CtInterfaceImpl) Guard
  Finishing constructor (CtConstructorImpl) <init> @ src/main/java/org/apache/commons/daemon/DaemonPermission.java:184:12
  Finishing constructor (CtConstructorImpl) <init> @ src/main/java/org/apache/commons/daemon/DaemonPermission.java:216:12
  Finishing method (CtMethodImpl) getActions @ src/main/java/org/apache/commons/daemon/DaemonPermission.java:240:19
  Finishing method (CtMethodImpl) equals @ src/main/java/org/apache/commons/daemon/DaemonPermission.java:267:20
  Finishing method (CtMethodImpl) createControlActions @ src/main/java/org/apache/commons/daemon/DaemonPermission.java:397:20
  Finishing method (CtMethodImpl) setupDescription @ src/main/java/org/apache/commons/daemon/DaemonPermission.java:332:18
  Finishing method (CtMethodImpl) createControlMask @ src/main/java/org/apache/commons/daemon/DaemonPermission.java:359:17
  Finishing method (CtMethodImpl) hashCode @ src/main/java/org/apache/commons/daemon/DaemonPermission.java:254:16
  Finishing method (CtMethodImpl) implies @ src/main/java/org/apache/commons/daemon/DaemonPermission.java:294:20
  Finishing method (CtMethodImpl) toString @ src/main/java/org/apache/commons/daemon/DaemonPermission.java:319:19
  Finishing object decl (CtClassImpl) PermissionCollection
  Adding metrics (CtMethodImpl) createControlMask @ src/main/java/org/apache/commons/daemon/DaemonPermission.java:359:17
    Adding basic (CtTypeReferenceImpl) boolean
      Resolved with match basic (CtTypeReferenceImpl) boolean
    Adding basic (CtTypeReferenceImpl) int
      Resolved with match basic (CtTypeReferenceImpl) int
    Adding basic (CtTypeReferenceImpl) int @ src/main/java/org/apache/commons/daemon/DaemonPermission.java:366:9
      Resolved with match basic (CtTypeReferenceImpl) int @ src/main/java/org/apache/commons/daemon/DaemonPermission.java:366:9
    Adding basic (CtTypeReferenceImpl) int
      Resolved with match basic (CtTypeReferenceImpl) int
    Adding constructor (CtConstructorImpl) <init>
      Adding constructor signature (CtConstructorImpl) <init>
        Adding parameter (CtParameterImpl) arg0
          Resolved with match parameter (CtParameterImpl) arg0
        Adding parameter (CtParameterImpl) arg1
          Resolved as new parameter (CtParameterImpl) arg1
        Adding parameter (CtParameterImpl) arg2
          Adding basic (CtTypeReferenceImpl) boolean
            Resolved with match basic (CtTypeReferenceImpl) boolean
          Resolved as new parameter (CtParameterImpl) arg2
        Adding parameter <unnamed> java.util.StringTokenizer
          Resolved as new parameter <unnamed> java.util.StringTokenizer
        Resolved as new constructor signature (CtConstructorImpl) <init>
      Resolved as new constructor (CtConstructorImpl) <init>
    [34mIgnoring implicit executable reference: (CtExecutableReferenceImpl) <init>[0m
    Adding basic (CtTypeReferenceImpl) boolean
      Resolved with match basic (CtTypeReferenceImpl) boolean
    Adding basic (CtTypeReferenceImpl) boolean
      Resolved with match basic (CtTypeReferenceImpl) boolean
    Adding method (CtMethodImpl) hasMoreTokens
      Adding signature (CtMethodImpl) hasMoreTokens
        Adding parameter <unnamed> boolean
          Adding basic (CtTypeReferenceImpl) boolean
            Resolved with match basic (CtTypeReferenceImpl) boolean
          Resolved as new parameter <unnamed> boolean
        Resolved as new signature (CtMethodImpl) hasMoreTokens
      Resolved as new method (CtMethodImpl) hasMoreTokens
    Adding basic (CtTypeReferenceImpl) boolean
      Resolved with match basic (CtTypeReferenceImpl) boolean
    Adding method (CtMethodImpl) trim
      Adding signature (CtMethodImpl) trim
        Adding parameter <unnamed> java.lang.String
          Resolved with match parameter <unnamed> java.lang.String
        Resolved as new signature (CtMethodImpl) trim
      Resolved as new method (CtMethodImpl) trim
    Adding method (CtMethodImpl) nextToken
      Adding signature (CtMethodImpl) nextToken
        Adding parameter <unnamed> java.lang.String
          Resolved with match parameter <unnamed> java.lang.String
        Resolved as new signature (CtMethodImpl) nextToken
      Resolved as new method (CtMethodImpl) nextToken
    Adding select field (CtFieldImpl) WILDCARD @ src/main/java/org/apache/commons/daemon/DaemonPermission.java:156:35
      Resolved as new select field (CtFieldImpl) WILDCARD @ src/main/java/org/apache/commons/daemon/DaemonPermission.java:156:35
    Adding basic (CtTypeReferenceImpl) boolean
      Resolved with match basic (CtTypeReferenceImpl) boolean
    Adding basic (CtTypeReferenceImpl) int
      Resolved with match basic (CtTypeReferenceImpl) int
    Adding basic (CtTypeReferenceImpl) int
      Resolved with match basic (CtTypeReferenceImpl) int
    Adding basic (CtTypeReferenceImpl) int
      Resolved with match basic (CtTypeReferenceImpl) int
    Adding select field (CtFieldImpl) MASK_CONTROL_START @ src/main/java/org/apache/commons/daemon/DaemonPermission.java:132:32
      Resolved as new select field (CtFieldImpl) MASK_CONTROL_START @ src/main/java/org/apache/commons/daemon/DaemonPermission.java:132:32
    Adding basic (CtTypeReferenceImpl) int
      Resolved with match basic (CtTypeReferenceImpl) int
    Adding select field (CtFieldImpl) MASK_CONTROL_STOP @ src/main/java/org/apache/commons/daemon/DaemonPermission.java:138:32
      Resolved as new select field (CtFieldImpl) MASK_CONTROL_STOP @ src/main/java/org/apache/commons/daemon/DaemonPermission.java:138:32
    Adding basic (CtTypeReferenceImpl) int
      Resolved with match basic (CtTypeReferenceImpl) int
    Adding select field (CtFieldImpl) MASK_CONTROL_SHUTDOWN @ src/main/java/org/apache/commons/daemon/DaemonPermission.java:144:32
      Resolved as new select field (CtFieldImpl) MASK_CONTROL_SHUTDOWN @ src/main/java/org/apache/commons/daemon/DaemonPermission.java:144:32
    Adding basic (CtTypeReferenceImpl) int
      Resolved with match basic (CtTypeReferenceImpl) int
    Adding select field (CtFieldImpl) MASK_CONTROL_RELOAD @ src/main/java/org/apache/commons/daemon/DaemonPermission.java:150:32
      Resolved as new select field (CtFieldImpl) MASK_CONTROL_RELOAD @ src/main/java/org/apache/commons/daemon/DaemonPermission.java:150:32
    Adding basic (CtTypeReferenceImpl) int
      Resolved with match basic (CtTypeReferenceImpl) int
    Adding method (CtMethodImpl) equalsIgnoreCase
      Adding signature (CtMethodImpl) equalsIgnoreCase
        Adding parameter (CtParameterImpl) arg0
          Resolved with match parameter (CtParameterImpl) arg0
        Adding parameter <unnamed> boolean
          Adding basic (CtTypeReferenceImpl) boolean
            Resolved with match basic (CtTypeReferenceImpl) boolean
          Resolved as new parameter <unnamed> boolean
        Resolved as new signature (CtMethodImpl) equalsIgnoreCase
      Resolved as new method (CtMethodImpl) equalsIgnoreCase
    Adding select field (CtFieldImpl) CONTROL_START @ src/main/java/org/apache/commons/daemon/DaemonPermission.java:108:35
      Resolved as new select field (CtFieldImpl) CONTROL_START @ src/main/java/org/apache/commons/daemon/DaemonPermission.java:108:35
    Adding basic (CtTypeReferenceImpl) boolean
      Resolved with match basic (CtTypeReferenceImpl) boolean
    Adding basic (CtTypeReferenceImpl) int
      Resolved with match basic (CtTypeReferenceImpl) int
    Adding basic (CtTypeReferenceImpl) int
      Resolved with match basic (CtTypeReferenceImpl) int
    Adding basic (CtTypeReferenceImpl) int
      Resolved with match basic (CtTypeReferenceImpl) int
    Adding basic (CtTypeReferenceImpl) int
      Resolved with match basic (CtTypeReferenceImpl) int
    Adding basic (CtTypeReferenceImpl) int
      Resolved with match basic (CtTypeReferenceImpl) int
    Adding select field (CtFieldImpl) CONTROL_STOP @ src/main/java/org/apache/commons/daemon/DaemonPermission.java:114:35
      Resolved as new select field (CtFieldImpl) CONTROL_STOP @ src/main/java/org/apache/commons/daemon/DaemonPermission.java:114:35
    Adding basic (CtTypeReferenceImpl) boolean
      Resolved with match basic (CtTypeReferenceImpl) boolean
    Adding basic (CtTypeReferenceImpl) int
      Resolved with match basic (CtTypeReferenceImpl) int
    Adding basic (CtTypeReferenceImpl) int
      Resolved with match basic (CtTypeReferenceImpl) int
    Adding basic (CtTypeReferenceImpl) int
      Resolved with match basic (CtTypeReferenceImpl) int
    Adding basic (CtTypeReferenceImpl) int
      Resolved with match basic (CtTypeReferenceImpl) int
    Adding basic (CtTypeReferenceImpl) int
      Resolved with match basic (CtTypeReferenceImpl) int
    Adding select field (CtFieldImpl) CONTROL_SHUTDOWN @ src/main/java/org/apache/commons/daemon/DaemonPermission.java:120:35
      Resolved as new select field (CtFieldImpl) CONTROL_SHUTDOWN @ src/main/java/org/apache/commons/daemon/DaemonPermission.java:120:35
    Adding basic (CtTypeReferenceImpl) boolean
      Resolved with match basic (CtTypeReferenceImpl) boolean
    Adding basic (CtTypeReferenceImpl) int
      Resolved with match basic (CtTypeReferenceImpl) int
    Adding basic (CtTypeReferenceImpl) int
      Resolved with match basic (CtTypeReferenceImpl) int
    Adding basic (CtTypeReferenceImpl) int
      Resolved with match basic (CtTypeReferenceImpl) int
    Adding basic (CtTypeReferenceImpl) int
      Resolved with match basic (CtTypeReferenceImpl) int
    Adding basic (CtTypeReferenceImpl) int
      Resolved with match basic (CtTypeReferenceImpl) int
    Adding select field (CtFieldImpl) CONTROL_RELOAD @ src/main/java/org/apache/commons/daemon/DaemonPermission.java:126:35
      Resolved as new select field (CtFieldImpl) CONTROL_RELOAD @ src/main/java/org/apache/commons/daemon/DaemonPermission.java:126:35
    Adding basic (CtTypeReferenceImpl) boolean
      Resolved with match basic (CtTypeReferenceImpl) boolean
    Adding basic (CtTypeReferenceImpl) int
      Resolved with match basic (CtTypeReferenceImpl) int
    Adding basic (CtTypeReferenceImpl) int
      Resolved with match basic (CtTypeReferenceImpl) int
    Adding basic (CtTypeReferenceImpl) int
      Resolved with match basic (CtTypeReferenceImpl) int
    Adding basic (CtTypeReferenceImpl) int
      Resolved with match basic (CtTypeReferenceImpl) int
    Adding basic (CtTypeReferenceImpl) int
      Resolved with match basic (CtTypeReferenceImpl) int
    [34mIgnoring implicit executable reference: (CtExecutableReferenceImpl) <init>[0m
    Adding basic (CtTypeReferenceImpl) int
      Resolved with match basic (CtTypeReferenceImpl) int
    Resolved as new metrics (CtMethodImpl) createControlMask @ src/main/java/org/apache/commons/daemon/DaemonPermission.java:359:17
  Adding metrics (CtMethodImpl) getActions @ src/main/java/org/apache/commons/daemon/DaemonPermission.java:240:19
    Adding basic (CtTypeReferenceImpl) boolean
      Resolved with match basic (CtTypeReferenceImpl) boolean
    Adding select field (CtFieldImpl) type @ src/main/java/org/apache/commons/daemon/DaemonPermission.java:163:27
      Resolved as new select field (CtFieldImpl) type @ src/main/java/org/apache/commons/daemon/DaemonPermission.java:163:27
    Adding basic (CtTypeReferenceImpl) int
      Resolved with match basic (CtTypeReferenceImpl) int
    Adding select field (CtFieldImpl) TYPE_CONTROL @ src/main/java/org/apache/commons/daemon/DaemonPermission.java:102:32
      Resolved as new select field (CtFieldImpl) TYPE_CONTROL @ src/main/java/org/apache/commons/daemon/DaemonPermission.java:102:32
    Adding basic (CtTypeReferenceImpl) int
      Resolved with match basic (CtTypeReferenceImpl) int
    Adding basic (CtTypeReferenceImpl) int
      Resolved with match basic (CtTypeReferenceImpl) int
    Adding select field (CtFieldImpl) mask @ src/main/java/org/apache/commons/daemon/DaemonPermission.java:165:27
      Resolved as new select field (CtFieldImpl) mask @ src/main/java/org/apache/commons/daemon/DaemonPermission.java:165:27
    Adding basic (CtTypeReferenceImpl) int
      Resolved with match basic (CtTypeReferenceImpl) int
    Resolved as new metrics (CtMethodImpl) getActions @ src/main/java/org/apache/commons/daemon/DaemonPermission.java:240:19
  Adding metrics (CtMethodImpl) toString @ src/main/java/org/apache/commons/daemon/DaemonPermission.java:319:19
    Adding select field (CtFieldImpl) desc @ src/main/java/org/apache/commons/daemon/DaemonPermission.java:167:30
      Resolved as new select field (CtFieldImpl) desc @ src/main/java/org/apache/commons/daemon/DaemonPermission.java:167:30
    Resolved as new metrics (CtMethodImpl) toString @ src/main/java/org/apache/commons/daemon/DaemonPermission.java:319:19
  Adding metrics (CtConstructorImpl) <init> @ src/main/java/org/apache/commons/daemon/DaemonPermission.java:184:12
    [34mIgnoring implicit executable reference: (CtExecutableReferenceImpl) <init>[0m
    [34mIgnoring implicit executable reference: (CtExecutableReferenceImpl) <init>[0m
    Adding basic (CtTypeReferenceImpl) boolean
      Resolved with match basic (CtTypeReferenceImpl) boolean
    [34mIgnoring implicit executable reference: (CtExecutableReferenceImpl) <init>[0m
    Adding select field (CtFieldImpl) CONTROL @ src/main/java/org/apache/commons/daemon/DaemonPermission.java:97:35
      Resolved as new select field (CtFieldImpl) CONTROL @ src/main/java/org/apache/commons/daemon/DaemonPermission.java:97:35
    Adding basic (CtTypeReferenceImpl) boolean
      Resolved with match basic (CtTypeReferenceImpl) boolean
    Adding basic (CtTypeReferenceImpl) int
      Resolved with match basic (CtTypeReferenceImpl) int
    Adding basic (CtTypeReferenceImpl) int
      Resolved with match basic (CtTypeReferenceImpl) int
    Adding basic (CtTypeReferenceImpl) int
      Resolved with match basic (CtTypeReferenceImpl) int
    [34mIgnoring implicit executable reference: (CtExecutableReferenceImpl) <init>[0m
    Resolved as new metrics (CtConstructorImpl) <init> @ src/main/java/org/apache/commons/daemon/DaemonPermission.java:184:12
  Adding metrics (CtMethodImpl) equals @ src/main/java/org/apache/commons/daemon/DaemonPermission.java:267:20
    Adding basic (CtTypeReferenceImpl) boolean
      Resolved with match basic (CtTypeReferenceImpl) boolean
    Adding basic (CtTypeReferenceImpl) boolean
      Resolved with match basic (CtTypeReferenceImpl) boolean
    Adding basic (CtTypeReferenceImpl) boolean
      Resolved with match basic (CtTypeReferenceImpl) boolean
    Adding basic (CtTypeReferenceImpl) boolean
      Resolved with match basic (CtTypeReferenceImpl) boolean
    Adding basic (CtTypeReferenceImpl) boolean
      Resolved with match basic (CtTypeReferenceImpl) boolean
    Adding basic (CtTypeReferenceImpl) boolean
      Resolved with match basic (CtTypeReferenceImpl) boolean
    Adding basic (CtTypeReferenceImpl) int
      Resolved with match basic (CtTypeReferenceImpl) int
    Adding basic (CtTypeReferenceImpl) int
      Resolved with match basic (CtTypeReferenceImpl) int
    Adding basic (CtTypeReferenceImpl) boolean
      Resolved with match basic (CtTypeReferenceImpl) boolean
    Adding basic (CtTypeReferenceImpl) boolean
      Resolved with match basic (CtTypeReferenceImpl) boolean
    Adding basic (CtTypeReferenceImpl) int
      Resolved with match basic (CtTypeReferenceImpl) int
    Adding basic (CtTypeReferenceImpl) int
      Resolved with match basic (CtTypeReferenceImpl) int
    Resolved as new metrics (CtMethodImpl) equals @ src/main/java/org/apache/commons/daemon/DaemonPermission.java:267:20
  Adding metrics (CtMethodImpl) createControlActions @ src/main/java/org/apache/commons/daemon/DaemonPermission.java:397:20
    [34mIgnoring implicit executable reference: (CtExecutableReferenceImpl) <init>[0m
    Adding basic (CtTypeReferenceImpl) boolean @ src/main/java/org/apache/commons/daemon/DaemonPermission.java:400:9
      Resolved with match basic (CtTypeReferenceImpl) boolean @ src/main/java/org/apache/commons/daemon/DaemonPermission.java:400:9
    Adding basic (CtTypeReferenceImpl) boolean
      Resolved with match basic (CtTypeReferenceImpl) boolean
    Adding basic (CtTypeReferenceImpl) boolean
      Resolved with match basic (CtTypeReferenceImpl) boolean
    Adding basic (CtTypeReferenceImpl) int
      Resolved with match basic (CtTypeReferenceImpl) int
    Adding basic (CtTypeReferenceImpl) int
      Resolved with match basic (CtTypeReferenceImpl) int
    Adding basic (CtTypeReferenceImpl) int
      Resolved with match basic (CtTypeReferenceImpl) int
    Adding basic (CtTypeReferenceImpl) int
      Resolved with match basic (CtTypeReferenceImpl) int
    Adding basic (CtTypeReferenceImpl) boolean
      Resolved with match basic (CtTypeReferenceImpl) boolean
    Adding basic (CtTypeReferenceImpl) boolean
      Resolved with match basic (CtTypeReferenceImpl) boolean
    Adding basic (CtTypeReferenceImpl) boolean
      Resolved with match basic (CtTypeReferenceImpl) boolean
    Adding basic (CtTypeReferenceImpl) boolean
      Resolved with match basic (CtTypeReferenceImpl) boolean
    Adding basic (CtTypeReferenceImpl) int
      Resolved with match basic (CtTypeReferenceImpl) int
    Adding basic (CtTypeReferenceImpl) int
      Resolved with match basic (CtTypeReferenceImpl) int
    Adding basic (CtTypeReferenceImpl) int
      Resolved with match basic (CtTypeReferenceImpl) int
    Adding basic (CtTypeReferenceImpl) int
      Resolved with match basic (CtTypeReferenceImpl) int
    Adding basic (CtTypeReferenceImpl) boolean
      Resolved with match basic (CtTypeReferenceImpl) boolean
    Adding basic (CtTypeReferenceImpl) boolean
      Resolved with match basic (CtTypeReferenceImpl) boolean
    Adding basic (CtTypeReferenceImpl) boolean
      Resolved with match basic (CtTypeReferenceImpl) boolean
    Adding basic (CtTypeReferenceImpl) boolean
      Resolved with match basic (CtTypeReferenceImpl) boolean
    Adding basic (CtTypeReferenceImpl) boolean
      Resolved with match basic (CtTypeReferenceImpl) boolean
    Adding basic (CtTypeReferenceImpl) int
      Resolved with match basic (CtTypeReferenceImpl) int
    Adding basic (CtTypeReferenceImpl) int
      Resolved with match basic (CtTypeReferenceImpl) int
    Adding basic (CtTypeReferenceImpl) int
      Resolved with match basic (CtTypeReferenceImpl) int
    Adding basic (CtTypeReferenceImpl) int
      Resolved with match basic (CtTypeReferenceImpl) int
    Adding basic (CtTypeReferenceImpl) boolean
      Resolved with match basic (CtTypeReferenceImpl) boolean
    Adding basic (CtTypeReferenceImpl) boolean
      Resolved with match basic (CtTypeReferenceImpl) boolean
    Adding basic (CtTypeReferenceImpl) boolean
      Resolved with match basic (CtTypeReferenceImpl) boolean
    Adding basic (CtTypeReferenceImpl) boolean
      Resolved with match basic (CtTypeReferenceImpl) boolean
    Adding basic (CtTypeReferenceImpl) boolean
      Resolved with match basic (CtTypeReferenceImpl) boolean
    Adding basic (CtTypeReferenceImpl) int
      Resolved with match basic (CtTypeReferenceImpl) int
    Adding basic (CtTypeReferenceImpl) int
      Resolved with match basic (CtTypeReferenceImpl) int
    Adding basic (CtTypeReferenceImpl) int
      Resolved with match basic (CtTypeReferenceImpl) int
    Adding basic (CtTypeReferenceImpl) int
      Resolved with match basic (CtTypeReferenceImpl) int
    Adding basic (CtTypeReferenceImpl) boolean
      Resolved with match basic (CtTypeReferenceImpl) boolean
    Adding basic (CtTypeReferenceImpl) boolean
      Resolved with match basic (CtTypeReferenceImpl) boolean
    Adding basic (CtTypeReferenceImpl) boolean
      Resolved with match basic (CtTypeReferenceImpl) boolean
    Adding basic (CtTypeReferenceImpl) boolean
      Resolved with match basic (CtTypeReferenceImpl) boolean
    Resolved as new metrics (CtMethodImpl) createControlActions @ src/main/java/org/apache/commons/daemon/DaemonPermission.java:397:20
  Adding metrics (CtMethodImpl) hashCode @ src/main/java/org/apache/commons/daemon/DaemonPermission.java:254:16
    Adding method (CtMethodImpl) hashCode
      Adding signature (CtMethodImpl) hashCode
        Adding parameter <unnamed> int
          Adding basic (CtTypeReferenceImpl) int
            Resolved with match basic (CtTypeReferenceImpl) int
          Resolved as new parameter <unnamed> int
        Resolved as new signature (CtMethodImpl) hashCode
      Resolved as new method (CtMethodImpl) hashCode
    Adding basic (CtTypeReferenceImpl) int
      Resolved with match basic (CtTypeReferenceImpl) int
    Resolved as new metrics (CtMethodImpl) hashCode @ src/main/java/org/apache/commons/daemon/DaemonPermission.java:254:16
  Adding metrics (CtConstructorImpl) <init> @ src/main/java/org/apache/commons/daemon/DaemonPermission.java:216:12
    [34mIgnoring implicit executable reference: (CtExecutableReferenceImpl) <init>[0m
    [34mIgnoring implicit executable reference: (CtExecutableReferenceImpl) <init>[0m
    Adding basic (CtTypeReferenceImpl) boolean
      Resolved with match basic (CtTypeReferenceImpl) boolean
    Adding basic (CtTypeReferenceImpl) int
      Resolved with match basic (CtTypeReferenceImpl) int
    Adding basic (CtTypeReferenceImpl) int
      Resolved with match basic (CtTypeReferenceImpl) int
    Adding basic (CtTypeReferenceImpl) int
      Resolved with match basic (CtTypeReferenceImpl) int
    Adding basic (CtTypeReferenceImpl) int
      Resolved with match basic (CtTypeReferenceImpl) int
    Adding basic (CtTypeReferenceImpl) int
      Resolved with match basic (CtTypeReferenceImpl) int
    Resolved as new metrics (CtConstructorImpl) <init> @ src/main/java/org/apache/commons/daemon/DaemonPermission.java:216:12
  Adding metrics (CtMethodImpl) setupDescription @ src/main/java/org/apache/commons/daemon/DaemonPermission.java:332:18
    Adding basic (CtTypeReferenceImpl) boolean
      Resolved with match basic (CtTypeReferenceImpl) boolean
    [34mIgnoring implicit executable reference: (CtExecutableReferenceImpl) <init>[0m
    Adding object instantiation java.lang.Class<?>
      Adding struct (CtClassImpl) Class
        Resolved as new struct (CtClassImpl) Class
      Adding interface description (CtInterfaceImpl) Type
        Resolved as new interface description (CtInterfaceImpl) Type
      Adding interface description (CtInterfaceImpl) GenericDeclaration
        Resolved as new interface description (CtInterfaceImpl) GenericDeclaration
      Adding interface description (CtInterfaceImpl) OfField
        Resolved with match interface description (CtInterfaceImpl) OfField
      Adding interface description (CtInterfaceImpl) AnnotatedElement
        Resolved as new interface description (CtInterfaceImpl) AnnotatedElement
      Adding interface description (CtInterfaceImpl) Serializable
        Resolved as new interface description (CtInterfaceImpl) Serializable
      Adding interface description (CtInterfaceImpl) Constable
        Resolved as new interface description (CtInterfaceImpl) Constable
      Resolved as new object instantiation java.lang.Class<?>
    Adding method for call site (CtMethodImpl) getName
      Adding method (CtMethodImpl) getName
        Adding signature (CtMethodImpl) getName
          Adding parameter <unnamed> java.lang.String
            Resolved with match parameter <unnamed> java.lang.String
          Resolved as new signature (CtMethodImpl) getName
        Resolved as new method (CtMethodImpl) getName
      Adding signature (CtMethodImpl) getName
        Adding parameter <unnamed> java.lang.String
          Resolved with match parameter <unnamed> java.lang.String
        Resolved as new signature (CtMethodImpl) getName
      Resolved as new method for call site (CtMethodImpl) getName
    [34mUnused type args: [?][0m
    Adding method (CtMethodImpl) append
      Adding signature (CtMethodImpl) append
        Adding parameter (CtParameterImpl) arg0
          Adding basic (CtTypeReferenceImpl) char
            Resolved with match basic (CtTypeReferenceImpl) char
          Resolved as new parameter (CtParameterImpl) arg0
        Adding parameter <unnamed> java.lang.StringBuffer
          Resolved with match parameter <unnamed> java.lang.StringBuffer
        Resolved as new signature (CtMethodImpl) append
      Resolved as new method (CtMethodImpl) append
    Adding basic (CtTypeReferenceImpl) char
      Resolved with match basic (CtTypeReferenceImpl) char
    Adding basic (CtTypeReferenceImpl) char
      Resolved with match basic (CtTypeReferenceImpl) char
    Adding basic (CtTypeReferenceImpl) int
      Resolved with match basic (CtTypeReferenceImpl) int
    Adding basic (CtTypeReferenceImpl) int
      Resolved with match basic (CtTypeReferenceImpl) int
    Adding basic (CtTypeReferenceImpl) char
      Resolved with match basic (CtTypeReferenceImpl) char
    Adding basic (CtTypeReferenceImpl) char
      Resolved with match basic (CtTypeReferenceImpl) char
    Adding basic (CtTypeReferenceImpl) char
      Resolved with match basic (CtTypeReferenceImpl) char
    Adding basic (CtTypeReferenceImpl) char
      Resolved with match basic (CtTypeReferenceImpl) char
    Resolved as new metrics (CtMethodImpl) setupDescription @ src/main/java/org/apache/commons/daemon/DaemonPermission.java:332:18
  Adding metrics (CtMethodImpl) implies @ src/main/java/org/apache/commons/daemon/DaemonPermission.java:294:20
    Adding basic (CtTypeReferenceImpl) boolean
      Resolved with match basic (CtTypeReferenceImpl) boolean
    Adding basic (CtTypeReferenceImpl) boolean
      Resolved with match basic (CtTypeReferenceImpl) boolean
    Adding basic (CtTypeReferenceImpl) boolean
      Resolved with match basic (CtTypeReferenceImpl) boolean
    Adding basic (CtTypeReferenceImpl) boolean
      Resolved with match basic (CtTypeReferenceImpl) boolean
    Adding basic (CtTypeReferenceImpl) boolean
      Resolved with match basic (CtTypeReferenceImpl) boolean
    Adding basic (CtTypeReferenceImpl) boolean
      Resolved with match basic (CtTypeReferenceImpl) boolean
    Adding basic (CtTypeReferenceImpl) int
      Resolved with match basic (CtTypeReferenceImpl) int
    Adding basic (CtTypeReferenceImpl) int
      Resolved with match basic (CtTypeReferenceImpl) int
    Adding basic (CtTypeReferenceImpl) boolean
      Resolved with match basic (CtTypeReferenceImpl) boolean
    Adding basic (CtTypeReferenceImpl) boolean
      Resolved with match basic (CtTypeReferenceImpl) boolean
    Adding basic (CtTypeReferenceImpl) int
      Resolved with match basic (CtTypeReferenceImpl) int
    Adding basic (CtTypeReferenceImpl) int
      Resolved with match basic (CtTypeReferenceImpl) int
    Adding basic (CtTypeReferenceImpl) int
      Resolved with match basic (CtTypeReferenceImpl) int
    Adding basic (CtTypeReferenceImpl) int
      Resolved with match basic (CtTypeReferenceImpl) int
    Resolved as new metrics (CtMethodImpl) implies @ src/main/java/org/apache/commons/daemon/DaemonPermission.java:294:20
  Finishing interface description (CtInterfaceImpl) Type
  Finishing interface description (CtInterfaceImpl) GenericDeclaration
  Finishing interface description (CtInterfaceImpl) OfField
  Finishing interface description (CtInterfaceImpl) AnnotatedElement
  Finishing interface description (CtInterfaceImpl) Serializable
  Finishing interface description (CtInterfaceImpl) Constable
  Finishing constructor (CtConstructorImpl) <init>
  Finishing method (CtMethodImpl) hasMoreTokens
  Finishing method (CtMethodImpl) trim
  Finishing method (CtMethodImpl) nextToken
  Finishing method (CtMethodImpl) equalsIgnoreCase
  Finishing method (CtMethodImpl) hashCode
  Finishing method (CtMethodImpl) getName
  Finishing method (CtMethodImpl) append
  Finishing method for call site (CtMethodImpl) getName
  Finishing object instantiation java.lang.Class<?>
  Adding package java.security
    Resolved as new package java.security
  Finishing package java.security
  Adding package java.security
    Resolved with match package java.security
  Finishing package java.security
    Adding interface decl (CtInterfaceImpl) Guard
      Resolved as new interface decl (CtInterfaceImpl) Guard
  Finishing interface decl (CtInterfaceImpl) Guard
  Adding package org.apache.commons
    Resolved as new package org.apache.commons
  Finishing package org.apache.commons
  Adding package java.io
    Resolved with match package java.io
  Finishing package java.io
    Adding interface decl (CtInterfaceImpl) ObjectOutput
      Resolved as new interface decl (CtInterfaceImpl) ObjectOutput
    Adding interface decl (CtInterfaceImpl) ObjectStreamConstants
      Resolved as new interface decl (CtInterfaceImpl) ObjectStreamConstants
    Adding interface decl (CtInterfaceImpl) ObjectInput
      Resolved as new interface decl (CtInterfaceImpl) ObjectInput
  Finishing interface decl (CtInterfaceImpl) ObjectOutput
  Finishing interface decl (CtInterfaceImpl) ObjectStreamConstants
  Finishing interface decl (CtInterfaceImpl) ObjectInput
  Adding package java.lang
    Resolved with match package java.lang
  Finishing package java.lang
    Adding object decl (CtClassImpl) Enum
      Adding struct (CtClassImpl) Enum
        Resolved as new struct (CtClassImpl) Enum
      Adding type params (CtTypeParameterImpl) E
        Resolved as new type params (CtTypeParameterImpl) E
      Resolved as new object decl (CtClassImpl) Enum
    Adding interface decl (CtInterfaceImpl) Cloneable
      Resolved as new interface decl (CtInterfaceImpl) Cloneable
    Adding interface decl (CtInterfaceImpl) Appendable
      Resolved as new interface decl (CtInterfaceImpl) Appendable
    Adding interface decl (CtInterfaceImpl) Comparable
      Adding type params (CtTypeParameterImpl) T
        Resolved with match type params (CtTypeParameterImpl) T
      Resolved as new interface decl (CtInterfaceImpl) Comparable
    Adding interface decl (CtInterfaceImpl) CharSequence
      Resolved as new interface decl (CtInterfaceImpl) CharSequence
  Finishing interface decl (CtInterfaceImpl) Cloneable
  Finishing interface decl (CtInterfaceImpl) Appendable
  Finishing interface decl (CtInterfaceImpl) Comparable
  Finishing interface decl (CtInterfaceImpl) CharSequence
  Finishing object decl (CtClassImpl) Enum
  Adding package java.util
    Resolved with match package java.util
  Finishing package java.util
[34mFinished process pending packages (2.296415s)[0m
[34mStarting short validation...[0m
  [34mStarting performShortValidation...[0m
  [34mFinished performShortValidation (0.008353s)[0m
[34mFinished short validation (0.009320s)[0m
[34mStarting consolidate constructs...[0m
  Consolidating all constructs
    Removed 288 collisions
    Removed 0 collisions
[34mFinished consolidate constructs (0.027850s)[0m
[34mStarting connect nests...[0m
[34mFinished connect nests (0.000632s)[0m
[34mStarting collect package declarations...[0m
[34mFinished collect package declarations (0.078990s)[0m
[34mStarting addImports from usage...[0m
[34mFinished addImports from usage (0.001793s)[0m
[34mStarting remove empty packages...[0m
  Removing { kind: package, name: "<unnamed>" }
  Removing { kind: package, name: org }
  Removing { kind: package, name: org.apache }
  Removing { kind: package, name: org.apache.commons }
[34mFinished remove empty packages (0.006459s)[0m
[34mStarting performValidation...[0m
[34mFinished performValidation (0.280010s)[0m
[34mFinished Abstraction (10.176420s)[0m
Success
