# cmd: java -jar /Users/grantnelson/go/src/github.com/MSUSEL/msusel-tdmetrics-go/javaAbstractor/target/abstractor-0.1-jar-with-dependencies.jar -i /Users/grantnelson/go/src/github.com/apache/commons-collections/ -o /Users/grantnelson/go/src/github.com/MSUSEL/msusel-tdmetrics-go/tdd/abstractions/commons-collections.json -v
# cwd: /Users/grantnelson/go/src/github.com/MSUSEL/msusel-tdmetrics-go/tdd
# repo: /Users/grantnelson/go/src/github.com/apache/commons-collections @ f0f364fd9d946483f947011a3557c1e6f2e5d8ee
# started: 2026-08-17T18:30:07.360212+00:00
# timeout_min: 10
# ---
Reading /Users/grantnelson/go/src/github.com/apache/commons-collections/
SLF4J(W): No SLF4J providers were found.
SLF4J(W): Defaulting to no-operation (NOP) logger implementation
SLF4J(W): See https://www.slf4j.org/codes.html#noProviders for further details.
Init pending package <unnamed>
Init pending package org
Init pending package org.apache
Init pending package org.apache.commons
Init pending package org.apache.commons.collections4
Init pending package org.apache.commons.collections4.bag
Init pending package org.apache.commons.collections4.bidimap
Init pending package org.apache.commons.collections4.collection
Init pending package org.apache.commons.collections4.comparators
Init pending package org.apache.commons.collections4.functors
Init pending package org.apache.commons.collections4.iterators
Init pending package org.apache.commons.collections4.keyvalue
Init pending package org.apache.commons.collections4.list
Init pending package org.apache.commons.collections4.map
Init pending package org.apache.commons.collections4.multimap
Init pending package org.apache.commons.collections4.multiset
Init pending package org.apache.commons.collections4.queue
Init pending package org.apache.commons.collections4.sequence
Init pending package org.apache.commons.collections4.set
Init pending package org.apache.commons.collections4.splitmap
Init pending package org.apache.commons.collections4.trie
Init pending package org.apache.commons.collections4.trie.analyzer
[34mStarting process pending packages...[0m
  Pending package org.apache.commons.collections4.trie
  [34mskipping default constructor: org.apache.commons.collections4.trie.KeyAnalyzer()[0m
  Pending package java.util.function
  Pending package java.util
  Pending package java.lang
  [34mskipping default constructor: org.apache.commons.collections4.trie.KeyAnalyzer()[0m
  [34mskipping default constructor: org.apache.commons.collections4.trie.analyzer.StringKeyAnalyzer()[0m
  Pending package java.lang
  [34mUnused type args: [K @ src/main/java/org/apache/commons/collections4/trie/KeyAnalyzer.java:146:29][0m
  [34mIgnoring implicit executable reference: (CtExecutableReferenceImpl) <init>[0m
  [34mIgnoring implicit executable reference: (CtExecutableReferenceImpl) <init>[0m
  getting parent type for (CtClassImpl) MutableInteger @ src/main/java/org/apache/commons/collections4/multiset/AbstractMapMultiSet.java:277:28
  Pending package org.apache.commons.collections4
  Pending package java.util.stream
  Pending package java.util
  getting parent type for (CtInterfaceImpl) Entry @ src/main/java/org/apache/commons/collections4/MultiSet.java:222:15
  getting parent type for (CtClassImpl) MultiSetIterator @ src/main/java/org/apache/commons/collections4/multiset/AbstractMultiSet.java:129:26
  getting parent type for (CtClassImpl) UniqueSet @ src/main/java/org/apache/commons/collections4/multiset/AbstractMultiSet.java:309:28
  getting parent type for (CtClassImpl) EntrySet @ src/main/java/org/apache/commons/collections4/multiset/AbstractMultiSet.java:358:28
  getting parent type for (CtClassImpl) AbstractEntry @ src/main/java/org/apache/commons/collections4/multiset/AbstractMultiSet.java:412:37
  [34mskipping default constructor: org.apache.commons.collections4.multiset.AbstractMultiSet$AbstractEntry()[0m
  Pending package java.io
  getting parent type for (CtInterfaceImpl) Entry
  getting parent type for (CtClassImpl) MapBasedMultiSetIterator @ src/main/java/org/apache/commons/collections4/multiset/AbstractMapMultiSet.java:154:26
  Pending package org.apache.commons.collections4.iterators
  getting parent type for (CtClassImpl) UniqueSetIterator @ src/main/java/org/apache/commons/collections4/multiset/AbstractMapMultiSet.java:323:28
  getting parent type for (CtClassImpl) EntrySetIterator @ src/main/java/org/apache/commons/collections4/multiset/AbstractMapMultiSet.java:367:28
  getting parent type for (CtClassImpl) MultiSetEntry @ src/main/java/org/apache/commons/collections4/multiset/AbstractMapMultiSet.java:417:28
  Pending package org.apache.commons.collections4.collection
  getting parent type for (CtClassImpl) Builder @ src/main/java/org/apache/commons/collections4/collection/PredicatedCollection.java:206:25
  getting parent type for (CtClassImpl) SynchronizedSet @ src/main/java/org/apache/commons/collections4/multiset/SynchronizedMultiSet.java:150:18
  [34mUnused type args: [E][0m
  [34mUnused type args: [E][0m
  [34mUnused type args: [E, org.apache.commons.collections4.multiset.AbstractMapMultiSet$MutableInteger][0m
  [34mUnused type args: [E][0m
  [34mUnused type args: [? @ src/main/java/org/apache/commons/collections4/multiset/AbstractMultiSet.java:417:25][0m
  [34mUnused type args: [? @ src/main/java/org/apache/commons/collections4/multiset/AbstractMultiSet.java:417:43][0m
  [34mUnused type args: [E][0m
  [34mUnused type args: [?][0m
  [34mUnused type args: [E][0m
  [34mUnused type args: [?][0m
  [34mUnused type args: [E][0m
  [34mUnused type args: [E][0m
  [34mUnused type args: [E @ src/main/java/org/apache/commons/collections4/multiset/UnmodifiableMultiSet.java:99:35][0m
  [34mUnused type args: [E][0m
  [34mUnused type args: [E @ src/main/java/org/apache/commons/collections4/multiset/SynchronizedMultiSet.java:133:23][0m
  [34mUnused type args: [E][0m
  [34mUnused type args: [E][0m
  [34mUnused type args: [E][0m
  [34mIgnoring implicit executable reference: (CtExecutableReferenceImpl) <init>[0m
  [34mUnused type args: [E @ src/main/java/org/apache/commons/collections4/multiset/SynchronizedMultiSet.java:134:40][0m
  [34mUnused type args: [T][0m
  [34mUnused type args: [E][0m
  [34mUnused type args: [E][0m
  [34mUnused type args: [E][0m
  [34mUnused type args: [E][0m
  [34mUnused type args: [E][0m
  [34mUnused type args: [E][0m
  [34mUnused type args: [? @ src/main/java/org/apache/commons/collections4/multiset/AbstractMapMultiSet.java:542:24][0m
  [34mUnused type args: [? @ src/main/java/org/apache/commons/collections4/multiset/AbstractMapMultiSet.java:542:45][0m
  [34mUnused type args: [?][0m
  [34mUnused type args: [E][0m
  [34mUnused type args: [E][0m
  [34mUnused type args: [E, org.apache.commons.collections4.multiset.AbstractMapMultiSet$MutableInteger][0m
  [34mUnused type args: [E][0m
  [34mUnused type args: [?][0m
  [34mUnused type args: [E][0m
  [34mUnused type args: [E][0m
  [34mUnused type args: [E][0m
  [34mUnused type args: [E][0m
  [34mUnused type args: [?][0m
  [34mUnused type args: [?][0m
  [34mUnused type args: [E][0m
  [34mUnused type args: [E][0m
  [34mIgnoring implicit executable reference: (CtExecutableReferenceImpl) <init>[0m
  [34mIgnoring implicit executable reference: (CtExecutableReferenceImpl) <init>[0m
  [34mUnused type args: [E][0m
  [34mIgnoring implicit executable reference: (CtExecutableReferenceImpl) <init>[0m
  [34mIgnoring implicit executable reference: (CtExecutableReferenceImpl) <init>[0m
  [34mUnused type args: [E][0m
  [34mUnused type args: [E][0m
  [34mUnused type args: [E][0m
  [34mUnused type args: [E][0m
  [34mUnused type args: [E][0m
  [34mUnused type args: [E][0m
  [34mUnused type args: [E][0m
  [34mUnused type args: [E][0m
  [34mUnused type args: [E][0m
  [34mUnused type args: [E][0m
  [34mIgnoring implicit executable reference: (CtExecutableReferenceImpl) <init>[0m
  [34mUnused type args: [E @ src/main/java/org/apache/commons/collections4/collection/PredicatedCollection.java:342:62][0m
  [34mUnused type args: [? @ src/main/java/org/apache/commons/collections4/multiset/AbstractMultiSet.java:383:38][0m
  [34mUnused type args: [? @ src/main/java/org/apache/commons/collections4/multiset/AbstractMultiSet.java:386:25][0m
  [34mUnused type args: [? @ src/main/java/org/apache/commons/collections4/multiset/AbstractMultiSet.java:386:43][0m
  [34mUnused type args: [?][0m
  [34mUnused type args: [E][0m
  [34mUnused type args: [E][0m
  [34mUnused type args: [?][0m
  [34mUnused type args: [E][0m
  [34mUnused type args: [E][0m
  [34mUnused type args: [E][0m
  [34mUnused type args: [? @ src/main/java/org/apache/commons/collections4/multiset/AbstractMultiSet.java:393:38][0m
  [34mUnused type args: [? @ src/main/java/org/apache/commons/collections4/multiset/AbstractMultiSet.java:396:25][0m
  [34mUnused type args: [? @ src/main/java/org/apache/commons/collections4/multiset/AbstractMultiSet.java:396:43][0m
  [34mUnused type args: [?][0m
  [34mUnused type args: [E][0m
  [34mUnused type args: [E][0m
  [34mUnused type args: [E][0m
  [34mUnused type args: [E][0m
  [34mUnused type args: [?][0m
  [34mUnused type args: [E][0m
  [34mUnused type args: [E][0m
  [34mUnused type args: [E][0m
  Pending package java.lang.reflect
  Pending package java.lang.invoke
  [34mUnused type args: [?][0m
  Pending package java.lang.invoke
  [34mUnused type args: [?][0m
  [34mUnused type args: [?][0m
  [34mUnused type args: [E @ src/main/java/org/apache/commons/collections4/multiset/AbstractMapMultiSet.java:517:30, org.apache.commons.collections4.multiset.AbstractMapMultiSet$MutableInteger @ src/main/java/org/apache/commons/collections4/multiset/AbstractMapMultiSet.java:517:33][0m
  [34mUnused type args: [E][0m
  [34mUnused type args: [E, org.apache.commons.collections4.multiset.AbstractMapMultiSet$MutableInteger][0m
  [34mUnused type args: [java.util.Map$Entry][0m
  [34mUnused type args: [E, org.apache.commons.collections4.multiset.AbstractMapMultiSet$MutableInteger][0m
  [34mUnused type args: [E, org.apache.commons.collections4.multiset.AbstractMapMultiSet$MutableInteger][0m
  [34mUnused type args: [E, org.apache.commons.collections4.multiset.AbstractMapMultiSet$MutableInteger][0m
  [34mUnused type args: [E][0m
  [34mUnused type args: [E][0m
  [34mUnused type args: [T][0m
  [34mUnused type args: [E][0m
  [34mUnused type args: [E][0m
  [34mUnused type args: [E][0m
  [34mIgnoring implicit executable reference: (CtExecutableReferenceImpl) <init>[0m
  [34mUnused type args: [E @ src/main/java/org/apache/commons/collections4/collection/PredicatedCollection.java:87:28][0m
  [34mUnused type args: [?][0m
  Pending package org.apache.commons.collections4.functors
  [34mUnused type args: [E @ src/main/java/org/apache/commons/collections4/collection/PredicatedCollection.java:87:49][0m
  [34mUnused type args: [E][0m
  [34mUnused type args: [E][0m
  [34mUnused type args: [E][0m
  [34mUnused type args: [E][0m
  [34mUnused type args: [E][0m
  [34mUnused type args: [E][0m
  [34mUnused type args: [E][0m
  [34mUnused type args: [E][0m
  [34mUnused type args: [E][0m
  [34mUnused type args: [E][0m
  [34mUnused type args: [E][0m
  [34mIgnoring implicit executable reference: (CtExecutableReferenceImpl) <init>[0m
  Pending package org.apache.commons.collections4.bag
  [34mUnused type args: [E @ src/main/java/org/apache/commons/collections4/collection/PredicatedCollection.java:395:33][0m
  [34mUnused type args: [E][0m
  [34mUnused type args: [E][0m
  [34mUnused type args: [E][0m
  [34mUnused type args: [?][0m
  [34mUnused type args: [E][0m
  [34mUnused type args: [E][0m
  [34mUnused type args: [?][0m
  [34mUnused type args: [E][0m
  [34mUnused type args: [?][0m
  [34mUnused type args: [E][0m
  [34mUnused type args: [E][0m
  [34mUnused type args: [E][0m
  [34mUnused type args: [org.apache.commons.collections4.MultiSet$Entry @ src/main/java/org/apache/commons/collections4/multiset/AbstractMultiSet.java:200:18][0m
  [34mUnused type args: [E @ src/main/java/org/apache/commons/collections4/multiset/AbstractMultiSet.java:200:24][0m
  [34mUnused type args: [E][0m
  [34mUnused type args: [org.apache.commons.collections4.MultiSet$Entry][0m
  [34mUnused type args: [E][0m
  [34mUnused type args: [org.apache.commons.collections4.MultiSet$Entry][0m
  [34mUnused type args: [E][0m
  [34mUnused type args: [org.apache.commons.collections4.MultiSet$Entry][0m
  [34mUnused type args: [E][0m
  [34mUnused type args: [org.apache.commons.collections4.MultiSet$Entry][0m
  [34mUnused type args: [E][0m
  [34mUnused type args: [E][0m
  [34mUnused type args: [org.apache.commons.collections4.MultiSet$Entry][0m
  [34mUnused type args: [E][0m
  [34mUnused type args: [E][0m
  [34mUnused type args: [org.apache.commons.collections4.MultiSet$Entry][0m
  [34mUnused type args: [E][0m
  [34mUnused type args: [E @ src/main/java/org/apache/commons/collections4/multiset/AbstractMultiSet.java:449:26][0m
  [34mUnused type args: [E][0m
  [34mUnused type args: [org.apache.commons.collections4.MultiSet$Entry][0m
  [34mUnused type args: [E][0m
  [34mUnused type args: [E][0m
  [34mUnused type args: [E][0m
  [34mUnused type args: [E][0m
  [34mUnused type args: [E][0m
  [34mUnused type args: [org.apache.commons.collections4.MultiSet$Entry][0m
  [34mUnused type args: [E][0m
  [34mIgnoring implicit executable reference: (CtExecutableReferenceImpl) <init>[0m
  [34mUnused type args: [E][0m
  [34mUnused type args: [E][0m
  [34mUnused type args: [E][0m
  [34mIgnoring implicit executable reference: (CtExecutableReferenceImpl) <init>[0m
  [34mIgnoring implicit executable reference: (CtExecutableReferenceImpl) <init>[0m
  [34mUnused type args: [E][0m
  [34mUnused type args: [T][0m
  [34mUnused type args: [E][0m
  [34mIgnoring implicit executable reference: (CtExecutableReferenceImpl) <init>[0m
  [34mUnused type args: [E @ src/main/java/org/apache/commons/collections4/collection/PredicatedCollection.java:295:24][0m
  Pending package org.apache.commons.collections4.list
  getting parent type for (CtClassImpl) PredicatedListIterator @ src/main/java/org/apache/commons/collections4/list/PredicatedList.java:170:21
  [34mUnused type args: [E][0m
  [34mUnused type args: [E][0m
  [34mUnused type args: [T][0m
  [34mUnused type args: [?][0m
  [34mUnused type args: [E][0m
  [34mUnused type args: [E][0m
  [34mUnused type args: [?][0m
  [34mUnused type args: [E][0m
  [34mUnused type args: [?][0m
  [34mUnused type args: [E][0m
  [34mUnused type args: [E][0m
  [34mUnused type args: [E][0m
  [34mUnused type args: [E][0m
  [34mUnused type args: [?][0m
  [34mUnused type args: [E][0m
  [34mUnused type args: [E][0m
  [34mUnused type args: [E][0m
  [34mUnused type args: [E][0m
  [34mUnused type args: [E][0m
  [34mIgnoring implicit executable reference: (CtExecutableReferenceImpl) <init>[0m
  [34mIgnoring implicit executable reference: (CtExecutableReferenceImpl) <init>[0m
  [34mUnused type args: [E][0m
  [34mUnused type args: [E @ src/main/java/org/apache/commons/collections4/multiset/UnmodifiableMultiSet.java:73:25][0m
  [34mUnused type args: [?][0m
  [34mUnused type args: [?][0m
  [34mUnused type args: [?][0m
  [34mUnused type args: [E][0m
  [34mUnused type args: [E][0m
  [34mUnused type args: [E][0m
  [34mIgnoring implicit executable reference: (CtExecutableReferenceImpl) <init>[0m
  [34mIgnoring implicit executable reference: (CtExecutableReferenceImpl) <init>[0m
  [34mUnused type args: [E][0m
  [34mIgnoring implicit executable reference: (CtExecutableReferenceImpl) <init>[0m
  [34mUnused type args: [E][0m
  [34mUnused type args: [E][0m
  [34mUnused type args: [E][0m
  [34mUnused type args: [E][0m
  [34mUnused type args: [E][0m
  [34mUnused type args: [E][0m
  [34mUnused type args: [E, org.apache.commons.collections4.multiset.AbstractMapMultiSet$MutableInteger][0m
  [34mUnused type args: [E][0m
  [34mUnused type args: [E][0m
  [34mUnused type args: [?][0m
  [34mUnused type args: [?][0m
  [34mIgnoring implicit executable reference: (CtExecutableReferenceImpl) <init>[0m
  [34mUnused type args: [E][0m
  [34mUnused type args: [E, org.apache.commons.collections4.multiset.AbstractMapMultiSet$MutableInteger][0m
  [34mUnused type args: [E][0m
  [34mUnused type args: [E][0m
  [34mUnused type args: [E][0m
  [34mUnused type args: [E][0m
  [34mUnused type args: [E][0m
  [34mUnused type args: [E][0m
  [34mUnused type args: [E][0m
  [34mUnused type args: [E][0m
  getting parent type for (CtClassImpl) BagIterator @ src/main/java/org/apache/commons/collections4/bag/AbstractMapBag.java:180:18
  getting parent type for (CtClassImpl) MutableInteger @ src/main/java/org/apache/commons/collections4/bag/AbstractMapBag.java:417:28
  [34mIgnoring implicit executable reference: (CtExecutableReferenceImpl) <init>[0m
  [34mUnused type args: [E @ src/main/java/org/apache/commons/collections4/collection/PredicatedCollection.java:376:52][0m
  [34mUnused type args: [E @ src/main/java/org/apache/commons/collections4/multiset/AbstractMultiSetDecorator.java:62:26][0m
  [34mUnused type args: [E][0m
  [34mUnused type args: [E][0m
  [34mUnused type args: [E][0m
  [34mUnused type args: [E][0m
  [34mIgnoring implicit executable reference: (CtExecutableReferenceImpl) <init>[0m
  [34mIgnoring implicit executable reference: (CtExecutableReferenceImpl) <init>[0m
  [34mUnused type args: [I][0m
  [34mUnused type args: [E][0m
  [34mIgnoring implicit executable reference: (CtExecutableReferenceImpl) <init>[0m
  [34mUnused type args: [E, org.apache.commons.collections4.multiset.AbstractMapMultiSet$MutableInteger][0m
  [34mUnused type args: [E][0m
  [34mUnused type args: [E][0m
  [34mUnused type args: [E, org.apache.commons.collections4.multiset.AbstractMapMultiSet$MutableInteger][0m
  [34mUnused type args: [E, org.apache.commons.collections4.multiset.AbstractMapMultiSet$MutableInteger][0m
  [34mIgnoring implicit executable reference: (CtExecutableReferenceImpl) <init>[0m
  [34mIgnoring implicit executable reference: (CtExecutableReferenceImpl) <init>[0m
  [34mUnused type args: [E][0m
  [34mUnused type args: [E][0m
  [34mUnused type args: [?][0m
  [34mIgnoring implicit executable reference: (CtExecutableReferenceImpl) <init>[0m
  [34mUnused type args: [?][0m
  [34mUnused type args: [E][0m
  [34mUnused type args: [E][0m
  [34mUnused type args: [?][0m
  [34mUnused type args: [?][0m
  [34mUnused type args: [E][0m
  [34mUnused type args: [E][0m
  [34mIgnoring implicit executable reference: (CtExecutableReferenceImpl) <init>[0m
  [34mUnused type args: [E][0m
  [34mUnused type args: [E, org.apache.commons.collections4.multiset.AbstractMapMultiSet$MutableInteger][0m
  [34mUnused type args: [E][0m
  [34mUnused type args: [E][0m
  [34mUnused type args: [E][0m
  [34mUnused type args: [E, org.apache.commons.collections4.multiset.AbstractMapMultiSet$MutableInteger][0m
  [34mUnused type args: [E][0m
  [34mIgnoring implicit executable reference: (CtExecutableReferenceImpl) <init>[0m
  [34mUnused type args: [E @ src/main/java/org/apache/commons/collections4/collection/PredicatedCollection.java:76:28][0m
  [34mUnused type args: [?][0m
  [34mUnused type args: [?][0m
  [34mUnused type args: [? @ src/main/java/org/apache/commons/collections4/multiset/AbstractMultiSet.java:220:24][0m
  [34mUnused type args: [?][0m
  [34mUnused type args: [?][0m
  [34mUnused type args: [?][0m
  [34mUnused type args: [?][0m
  [34mUnused type args: [E][0m
  [34mUnused type args: [E][0m
  [34mIgnoring implicit executable reference: (CtExecutableReferenceImpl) <init>[0m
  [34mIgnoring implicit executable reference: (CtExecutableReferenceImpl) <init>[0m
  [34mUnused type args: [E][0m
  [34mUnused type args: [E][0m
  [34mUnused type args: [E][0m
  [34mUnused type args: [E][0m
  [34mUnused type args: [E][0m
  [34mUnused type args: [E][0m
  [34mUnused type args: [E][0m
  [34mUnused type args: [E][0m
  [34mUnused type args: [E][0m
  [34mUnused type args: [E][0m
  [34mUnused type args: [org.apache.commons.collections4.MultiSet$Entry][0m
  [34mUnused type args: [E][0m
  [34mUnused type args: [E][0m
  [34mUnused type args: [E][0m
  [34mUnused type args: [E][0m
  [34mUnused type args: [E][0m
  [34mUnused type args: [E][0m
  [34mUnused type args: [E][0m
  [34mUnused type args: [E][0m
  [34mUnused type args: [E][0m
  [34mIgnoring implicit executable reference: (CtExecutableReferenceImpl) <init>[0m
  [34mIgnoring implicit executable reference: (CtExecutableReferenceImpl) <init>[0m
  [34mIgnoring implicit executable reference: (CtExecutableReferenceImpl) <init>[0m
  [34mIgnoring implicit executable reference: (CtExecutableReferenceImpl) <init>[0m
  [34mUnused type args: [E][0m
  [34mIgnoring implicit executable reference: (CtExecutableReferenceImpl) <init>[0m
  [34mUnused type args: [E][0m
  [34mUnused type args: [E][0m
  [34mUnused type args: [E][0m
  [34mUnused type args: [E][0m
  [34mUnused type args: [E][0m
  [34mIgnoring implicit executable reference: (CtExecutableReferenceImpl) <init>[0m
  [34mIgnoring implicit executable reference: (CtExecutableReferenceImpl) <init>[0m
  [34mUnused type args: [E][0m
  [34mUnused type args: [?][0m
  [34mUnused type args: [?][0m
  [34mUnused type args: [E][0m
  [34mUnused type args: [E][0m
  [34mUnused type args: [E][0m
  [34mUnused type args: [?][0m
  [34mUnused type args: [E @ src/main/java/org/apache/commons/collections4/multiset/UnmodifiableMultiSet.java:58:28][0m
  [34mUnused type args: [E @ src/main/java/org/apache/commons/collections4/multiset/UnmodifiableMultiSet.java:58:55][0m
  [34mUnused type args: [?][0m
  [34mUnused type args: [E][0m
  [34mIgnoring implicit executable reference: (CtExecutableReferenceImpl) <init>[0m
  [34mUnused type args: [E @ src/main/java/org/apache/commons/collections4/multiset/UnmodifiableMultiSet.java:61:41][0m
  [34mUnused type args: [?][0m
  [34mUnused type args: [?][0m
  [34mUnused type args: [E][0m
  [34mIgnoring implicit executable reference: (CtExecutableReferenceImpl) <init>[0m
  [34mUnused type args: [E][0m
  [34mUnused type args: [E][0m
  [34mUnused type args: [E][0m
  [34mUnused type args: [E][0m
  [34mUnused type args: [E][0m
  [34mUnused type args: [E][0m
  [34mUnused type args: [E][0m
  [34mUnused type args: [org.apache.commons.collections4.MultiSet$Entry][0m
  [34mUnused type args: [E][0m
  [34mUnused type args: [E][0m
  [34mIgnoring implicit executable reference: (CtExecutableReferenceImpl) <init>[0m
  [34mUnused type args: [E][0m
  [34mUnused type args: [E][0m
  [34mUnused type args: [E][0m
  [34mIgnoring implicit executable reference: (CtExecutableReferenceImpl) <init>[0m
  [34mIgnoring implicit executable reference: (CtExecutableReferenceImpl) <init>[0m
  [34mUnused type args: [E, org.apache.commons.collections4.multiset.AbstractMapMultiSet$MutableInteger][0m
  [34mIgnoring implicit executable reference: (CtExecutableReferenceImpl) <init>[0m
  [34mUnused type args: [E @ src/main/java/org/apache/commons/collections4/multiset/HashMultiSet.java:46:27, org.apache.commons.collections4.multiset.AbstractMapMultiSet$MutableInteger @ src/main/java/org/apache/commons/collections4/multiset/HashMultiSet.java:46:30][0m
  [34mUnused type args: [E @ src/main/java/org/apache/commons/collections4/multiset/SynchronizedMultiSet.java:80:26][0m
  [34mUnused type args: [E][0m
  [34mUnused type args: [E][0m
  [34mIgnoring implicit executable reference: (CtExecutableReferenceImpl) <init>[0m
  [34mUnused type args: [E @ src/main/java/org/apache/commons/collections4/multiset/SynchronizedMultiSet.java:48:41][0m
  [34mUnused type args: [E][0m
  [34mUnused type args: [E][0m
  [34mUnused type args: [E][0m
  [34mUnused type args: [E][0m
  [34mUnused type args: [E][0m
  [34mUnused type args: [E][0m
  [34mUnused type args: [E][0m
  [34mUnused type args: [E][0m
  [34mUnused type args: [E][0m
  [34mUnused type args: [E][0m
  [34mUnused type args: [E][0m
  [34mUnused type args: [E @ src/main/java/org/apache/commons/collections4/multiset/UnmodifiableMultiSet.java:156:19][0m
  [34mUnused type args: [E][0m
  [34mUnused type args: [E][0m
  [34mUnused type args: [E][0m
  Pending package org.apache.commons.collections4.set
  [34mUnused type args: [E][0m
  [34mUnused type args: [E][0m
  [34mUnused type args: [?][0m
  [34mUnused type args: [E][0m
  [34mUnused type args: [E][0m
  [34mUnused type args: [E][0m
  [34mUnused type args: [E][0m
  [34mUnused type args: [E][0m
  [34mIgnoring implicit executable reference: (CtExecutableReferenceImpl) <init>[0m
  [34mUnused type args: [E @ src/main/java/org/apache/commons/collections4/collection/PredicatedCollection.java:409:57][0m
  [34mUnused type args: [E][0m
  [34mUnused type args: [E][0m
  [34mUnused type args: [E][0m
  [34mUnused type args: [?][0m
  [34mUnused type args: [?][0m
  [34mIgnoring implicit executable reference: (CtExecutableReferenceImpl) <init>[0m
  [34mUnused type args: [E @ src/main/java/org/apache/commons/collections4/multiset/AbstractMultiSet.java:123:37][0m
  [34mUnused type args: [E][0m
  [34mUnused type args: [E][0m
  [34mIgnoring implicit executable reference: (CtExecutableReferenceImpl) <init>[0m
  [34mIgnoring implicit executable reference: (CtExecutableReferenceImpl) <init>[0m
  [34mUnused type args: [T @ src/main/java/org/apache/commons/collections4/collection/PredicatedCollection.java:106:41][0m
  [34mUnused type args: [E][0m
  [34mUnused type args: [?][0m
  [34mUnused type args: [T][0m
  [34mUnused type args: [?][0m
  [34mUnused type args: [E][0m
  [34mUnused type args: [E][0m
  [34mUnused type args: [E][0m
  [34mUnused type args: [E][0m
  [34mUnused type args: [E][0m
  [34mUnused type args: [E][0m
  [34mUnused type args: [E][0m
  [34mUnused type args: [E][0m
  [34mUnused type args: [E][0m
  [34mUnused type args: [E][0m
  [34mUnused type args: [E][0m
  [34mIgnoring implicit executable reference: (CtExecutableReferenceImpl) <init>[0m
  [34mIgnoring implicit executable reference: (CtExecutableReferenceImpl) <init>[0m
  [34mUnused type args: [E][0m
  [34mUnused type args: [E][0m
  [34mUnused type args: [E][0m
  [34mUnused type args: [E][0m
  [34mUnused type args: [org.apache.commons.collections4.MultiSet$Entry][0m
  [34mUnused type args: [E][0m
  [34mUnused type args: [E][0m
  [34mUnused type args: [E][0m
  [34mUnused type args: [E][0m
  [34mIgnoring implicit executable reference: (CtExecutableReferenceImpl) <init>[0m
  [34mUnused type args: [E @ src/main/java/org/apache/commons/collections4/multiset/AbstractMapMultiSet.java:306:38][0m
  [34mUnused type args: [E][0m
  [34mUnused type args: [E][0m
  [34mUnused type args: [E][0m
  [34mUnused type args: [E, org.apache.commons.collections4.multiset.AbstractMapMultiSet$MutableInteger][0m
  [34mUnused type args: [E][0m
  [34mUnused type args: [E][0m
  [34mUnused type args: [E][0m
  [34mUnused type args: [E][0m
  [34mUnused type args: [E][0m
  [34mUnused type args: [E][0m
  [34mUnused type args: [?][0m
  [34mUnused type args: [?][0m
  [34mUnused type args: [E @ src/main/java/org/apache/commons/collections4/multiset/AbstractMultiSet.java:62:20][0m
  [34mUnused type args: [E][0m
  [34mUnused type args: [org.apache.commons.collections4.MultiSet$Entry][0m
  [34mUnused type args: [E][0m
  [34mUnused type args: [E][0m
  [34mUnused type args: [E][0m
  [34mUnused type args: [E][0m
  [34mUnused type args: [E][0m
  [34mUnused type args: [E][0m
  [34mUnused type args: [E][0m
  [34mUnused type args: [E][0m
  [34mUnused type args: [E][0m
  [34mUnused type args: [E][0m
  [34mUnused type args: [E][0m
  [34mUnused type args: [E][0m
  [34mUnused type args: [E][0m
  [34mUnused type args: [E][0m
  [34mUnused type args: [E][0m
  [34mUnused type args: [E][0m
  [34mUnused type args: [E][0m
  [34mUnused type args: [E][0m
  [34mUnused type args: [E][0m
  [34mUnused type args: [E][0m
  [34mIgnoring implicit executable reference: (CtExecutableReferenceImpl) <init>[0m
  [34mIgnoring implicit executable reference: (CtExecutableReferenceImpl) <init>[0m
  [34mUnused type args: [?][0m
  [34mIgnoring implicit executable reference: (CtExecutableReferenceImpl) <init>[0m
  [34mUnused type args: [?][0m
  [34mUnused type args: [E][0m
  [34mUnused type args: [E][0m
  [34mUnused type args: [?][0m
  [34mUnused type args: [?][0m
  [34mUnused type args: [E][0m
  [34mUnused type args: [E][0m
  [34mUnused type args: [E][0m
  [34mUnused type args: [E][0m
  [34mUnused type args: [org.apache.commons.collections4.MultiSet$Entry][0m
  [34mUnused type args: [E][0m
  [34mUnused type args: [org.apache.commons.collections4.MultiSet$Entry][0m
  [34mUnused type args: [E][0m
  [34mUnused type args: [E][0m
  [34mUnused type args: [org.apache.commons.collections4.MultiSet$Entry][0m
  [34mUnused type args: [E][0m
  [34mUnused type args: [E][0m
  [34mUnused type args: [org.apache.commons.collections4.MultiSet$Entry][0m
  [34mUnused type args: [E][0m
  [34mUnused type args: [E][0m
  [34mUnused type args: [org.apache.commons.collections4.MultiSet$Entry][0m
  [34mUnused type args: [E][0m
  [34mIgnoring implicit executable reference: (CtExecutableReferenceImpl) <init>[0m
  [34mUnused type args: [E][0m
  [34mUnused type args: [E, org.apache.commons.collections4.multiset.AbstractMapMultiSet$MutableInteger][0m
  [34mUnused type args: [E][0m
  [34mUnused type args: [E][0m
  [34mUnused type args: [E][0m
  [34mUnused type args: [E, org.apache.commons.collections4.multiset.AbstractMapMultiSet$MutableInteger][0m
  [34mIgnoring implicit executable reference: (CtExecutableReferenceImpl) <init>[0m
  [34mUnused type args: [E][0m
  [34mUnused type args: [E][0m
  [34mUnused type args: [?][0m
  [34mUnused type args: [?][0m
  [34mUnused type args: [E][0m
  [34mUnused type args: [E][0m
  [34mUnused type args: [E @ src/main/java/org/apache/commons/collections4/multiset/UnmodifiableMultiSet.java:105:38][0m
  [34mUnused type args: [E][0m
  [34mUnused type args: [?][0m
  [34mUnused type args: [E][0m
  [34mUnused type args: [E][0m
  [34mUnused type args: [E][0m
  [34mUnused type args: [?][0m
  [34mUnused type args: [E][0m
  [34mUnused type args: [E][0m
  [34mUnused type args: [E][0m
  [34mUnused type args: [?][0m
  [34mUnused type args: [?][0m
  [34mUnused type args: [E][0m
  [34mUnused type args: [E][0m
  [34mUnused type args: [E][0m
  [34mUnused type args: [E][0m
  [34mUnused type args: [E][0m
  [34mUnused type args: [E][0m
  [34mIgnoring implicit executable reference: (CtExecutableReferenceImpl) <init>[0m
  [34mUnused type args: [E @ src/main/java/org/apache/commons/collections4/multiset/AbstractMapMultiSet.java:398:38][0m
  [34mUnused type args: [E, org.apache.commons.collections4.multiset.AbstractMapMultiSet$MutableInteger][0m
  [34mUnused type args: [E][0m
  [34mUnused type args: [java.util.Map$Entry][0m
  [34mUnused type args: [E, org.apache.commons.collections4.multiset.AbstractMapMultiSet$MutableInteger][0m
  [34mUnused type args: [E, org.apache.commons.collections4.multiset.AbstractMapMultiSet$MutableInteger][0m
  [34mUnused type args: [E][0m
  [34mUnused type args: [E][0m
  [34mUnused type args: [E][0m
  [34mUnused type args: [org.apache.commons.collections4.MultiSet$Entry @ src/main/java/org/apache/commons/collections4/multiset/AbstractMultiSet.java:259:27, E @ src/main/java/org/apache/commons/collections4/multiset/AbstractMultiSet.java:259:37][0m
  [34mUnused type args: [E @ src/main/java/org/apache/commons/collections4/multiset/AbstractMultiSet.java:259:33][0m
  [34mIgnoring anonymous type: (CtTypeReferenceImpl) org.apache.commons.collections4.multiset.AbstractMultiSet$1[0m
  [34mIgnoring implicit executable reference: (CtExecutableReferenceImpl) <init>[0m
  [34mIgnoring anonymous type: (CtTypeReferenceImpl) org.apache.commons.collections4.multiset.AbstractMultiSet$1[0m
  [34mUnused type args: [org.apache.commons.collections4.MultiSet$Entry @ src/main/java/org/apache/commons/collections4/multiset/AbstractMultiSet.java:259:70, E @ src/main/java/org/apache/commons/collections4/multiset/AbstractMultiSet.java:259:80][0m
  [34mUnused type args: [E @ src/main/java/org/apache/commons/collections4/multiset/AbstractMultiSet.java:259:76][0m
  [34mIgnoring anonymous object declaration: (CtClassImpl) 1 @ src/main/java/org/apache/commons/collections4/multiset/AbstractMultiSet.java:259:85[0m
  [34mUnused type args: [org.apache.commons.collections4.MultiSet$Entry, E][0m
  [34mUnused type args: [E][0m
  [34mIgnoring implicit executable reference: (CtExecutableReferenceImpl) <init>[0m
  [34mIgnoring implicit executable reference: (CtExecutableReferenceImpl) <init>[0m
  [34mIgnoring method of an anonymous declaring type: (CtMethodImpl) transform @ src/main/java/org/apache/commons/collections4/multiset/AbstractMultiSet.java:261:22 in (CtClassImpl) 1 @ src/main/java/org/apache/commons/collections4/multiset/AbstractMultiSet.java:259:85[0m
  [34mUnused type args: [E @ src/main/java/org/apache/commons/collections4/multiset/AbstractMultiSet.java:261:38][0m
  [34mUnused type args: [E][0m
  Pending package org.w3c.dom
  [34mUnused type args: [org.apache.commons.collections4.MultiSet$Entry, E][0m
  [34mUnused type args: [E][0m
  [34mUnused type args: [?][0m
  [34mUnused type args: [?, ?][0m
  [34mUnused type args: [E][0m
  [34mUnused type args: [E][0m
  [34mUnused type args: [org.apache.commons.collections4.MultiSet$Entry][0m
  [34mUnused type args: [E][0m
  [34mUnused type args: [org.apache.commons.collections4.MultiSet$Entry][0m
  [34mUnused type args: [E][0m
  [34mUnused type args: [org.apache.commons.collections4.MultiSet$Entry, E][0m
  [34mUnused type args: [E][0m
  [34mUnused type args: [E][0m
  [34mUnused type args: [E][0m
  [34mIgnoring implicit executable reference: (CtExecutableReferenceImpl) <init>[0m
  [34mIgnoring implicit executable reference: (CtExecutableReferenceImpl) <init>[0m
  [34mUnused type args: [E][0m
  [34mUnused type args: [E][0m
  [34mUnused type args: [E][0m
  [34mUnused type args: [E][0m
  [34mUnused type args: [E][0m
  [34mUnused type args: [E][0m
  [34mUnused type args: [E][0m
  [34mIgnoring implicit executable reference: (CtExecutableReferenceImpl) <init>[0m
  [34mUnused type args: [T @ src/main/java/org/apache/commons/collections4/collection/SynchronizedCollection.java:61:43][0m
  [34mUnused type args: [E][0m
  [34mUnused type args: [T][0m
  [34mIgnoring implicit executable reference: (CtExecutableReferenceImpl) <init>[0m
  [34mUnused type args: [E @ src/main/java/org/apache/commons/collections4/multiset/AbstractMapMultiSet.java:148:45][0m
  [34mUnused type args: [E][0m
  [34mUnused type args: [E][0m
  [34mIgnoring implicit executable reference: (CtExecutableReferenceImpl) <init>[0m
  [34mIgnoring implicit executable reference: (CtExecutableReferenceImpl) <init>[0m
  [34mUnused type args: [E][0m
  [34mUnused type args: [E][0m
  [34mUnused type args: [E][0m
  [34mUnused type args: [E][0m
  [34mUnused type args: [E][0m
  [34mUnused type args: [org.apache.commons.collections4.MultiSet$Entry][0m
  [34mUnused type args: [E][0m
  [34mUnused type args: [E][0m
  [34mUnused type args: [E][0m
  [34mUnused type args: [org.apache.commons.collections4.MultiSet$Entry][0m
  [34mUnused type args: [E][0m
  [34mUnused type args: [E][0m
  [34mUnused type args: [org.apache.commons.collections4.MultiSet$Entry][0m
  [34mUnused type args: [E][0m
  [34mUnused type args: [org.apache.commons.collections4.MultiSet$Entry][0m
  [34mUnused type args: [E][0m
  [34mUnused type args: [E][0m
  [34mUnused type args: [E][0m
  [34mUnused type args: [E][0m
  [34mUnused type args: [E][0m
  [34mUnused type args: [E][0m
  [34mUnused type args: [E][0m
  [34mUnused type args: [E][0m
  [34mUnused type args: [E][0m
  [34mUnused type args: [E][0m
  [34mUnused type args: [E][0m
  [34mUnused type args: [E][0m
  [34mUnused type args: [E][0m
  [34mUnused type args: [org.apache.commons.collections4.MultiSet$Entry @ src/main/java/org/apache/commons/collections4/multiset/SynchronizedMultiSet.java:141:23][0m
  [34mUnused type args: [E @ src/main/java/org/apache/commons/collections4/multiset/SynchronizedMultiSet.java:141:38][0m
  [34mUnused type args: [E][0m
  [34mUnused type args: [E][0m
  [34mUnused type args: [org.apache.commons.collections4.MultiSet$Entry][0m
  [34mUnused type args: [E][0m
  [34mIgnoring implicit executable reference: (CtExecutableReferenceImpl) <init>[0m
  [34mUnused type args: [org.apache.commons.collections4.MultiSet$Entry @ src/main/java/org/apache/commons/collections4/multiset/SynchronizedMultiSet.java:142:40][0m
  [34mUnused type args: [E @ src/main/java/org/apache/commons/collections4/multiset/SynchronizedMultiSet.java:142:55][0m
  [34mUnused type args: [T][0m
  [34mUnused type args: [org.apache.commons.collections4.MultiSet$Entry][0m
  [34mUnused type args: [E][0m
  [34mUnused type args: [E][0m
  [34mUnused type args: [E][0m
  [34mIgnoring implicit executable reference: (CtExecutableReferenceImpl) <init>[0m
  [34mUnused type args: [E @ src/main/java/org/apache/commons/collections4/collection/PredicatedCollection.java:361:38][0m
  [34mUnused type args: [E][0m
  [34mUnused type args: [E][0m
  [34mUnused type args: [E][0m
  [34mUnused type args: [?][0m
  [34mUnused type args: [E][0m
  [34mUnused type args: [E][0m
  [34mUnused type args: [?][0m
  [34mUnused type args: [E][0m
  [34mUnused type args: [?][0m
  [34mUnused type args: [E][0m
  [34mUnused type args: [E][0m
  [34mUnused type args: [E][0m
  [34mUnused type args: [E][0m
  [34mUnused type args: [E, org.apache.commons.collections4.multiset.AbstractMapMultiSet$MutableInteger][0m
  [34mIgnoring implicit executable reference: (CtExecutableReferenceImpl) <init>[0m
  [34mUnused type args: [E @ src/main/java/org/apache/commons/collections4/multiset/AbstractMultiSet.java:287:29][0m
  [34mUnused type args: [E][0m
  [34mUnused type args: [E][0m
  [34mUnused type args: [E][0m
  [34mUnused type args: [E, org.apache.commons.collections4.multiset.AbstractMapMultiSet$MutableInteger][0m
  [34mUnused type args: [E @ src/main/java/org/apache/commons/collections4/multiset/AbstractMapMultiSet.java:557:30, org.apache.commons.collections4.multiset.AbstractMapMultiSet$MutableInteger @ src/main/java/org/apache/commons/collections4/multiset/AbstractMapMultiSet.java:557:33][0m
  [34mUnused type args: [E][0m
  [34mUnused type args: [E, org.apache.commons.collections4.multiset.AbstractMapMultiSet$MutableInteger][0m
  [34mUnused type args: [java.util.Map$Entry][0m
  [34mUnused type args: [E, org.apache.commons.collections4.multiset.AbstractMapMultiSet$MutableInteger][0m
  [34mUnused type args: [E, org.apache.commons.collections4.multiset.AbstractMapMultiSet$MutableInteger][0m
  [34mUnused type args: [E, org.apache.commons.collections4.multiset.AbstractMapMultiSet$MutableInteger][0m
  [34mUnused type args: [E][0m
  [34mUnused type args: [E][0m
  [34mIgnoring implicit executable reference: (CtExecutableReferenceImpl) <init>[0m
  [34mIgnoring implicit executable reference: (CtExecutableReferenceImpl) <init>[0m
  [34mUnused type args: [E][0m
  [34mUnused type args: [E][0m
  [34mUnused type args: [E][0m
  [34mUnused type args: [E][0m
  [34mUnused type args: [E][0m
  [34mIgnoring implicit executable reference: (CtExecutableReferenceImpl) <init>[0m
  [34mUnused type args: [E @ src/main/java/org/apache/commons/collections4/collection/PredicatedCollection.java:309:52][0m
  [34mUnused type args: [E][0m
  [34mUnused type args: [E][0m
  [34mUnused type args: [E][0m
  [34mUnused type args: [E][0m
  [34mUnused type args: [E][0m
  [34mUnused type args: [E][0m
  [34mUnused type args: [E][0m
  [34mUnused type args: [E][0m
  [34mUnused type args: [E][0m
  [34mUnused type args: [E][0m
  [34mUnused type args: [E][0m
  [34mUnused type args: [E][0m
  [34mUnused type args: [E][0m
  [34mUnused type args: [E][0m
  [34mIgnoring implicit executable reference: (CtExecutableReferenceImpl) <init>[0m
  [34mIgnoring implicit executable reference: (CtExecutableReferenceImpl) <init>[0m
  [34mUnused type args: [E][0m
  [34mUnused type args: [?][0m
  [34mUnused type args: [E][0m
  [34mUnused type args: [?][0m
  [34mUnused type args: [E][0m
  [34mUnused type args: [E][0m
  [34mUnused type args: [E][0m
  [34mUnused type args: [T][0m
  [34mIgnoring implicit executable reference: (CtExecutableReferenceImpl) <init>[0m
  [34mUnused type args: [E][0m
  [34mIgnoring implicit executable reference: (CtExecutableReferenceImpl) <init>[0m
  [34mUnused type args: [I, O][0m
  [34mUnused type args: [I][0m
  [34mIgnoring implicit executable reference: (CtExecutableReferenceImpl) <init>[0m
  [34mIgnoring implicit executable reference: (CtExecutableReferenceImpl) <init>[0m
  [34mIgnoring implicit executable reference: (CtExecutableReferenceImpl) <init>[0m
  [34mUnused type args: [E][0m
  [34mUnused type args: [E @ src/main/java/org/apache/commons/collections4/multiset/AbstractMapMultiSet.java:485:30, org.apache.commons.collections4.multiset.AbstractMapMultiSet$MutableInteger @ src/main/java/org/apache/commons/collections4/multiset/AbstractMapMultiSet.java:485:33][0m
  [34mUnused type args: [E][0m
  [34mUnused type args: [E, org.apache.commons.collections4.multiset.AbstractMapMultiSet$MutableInteger][0m
  [34mUnused type args: [java.util.Map$Entry][0m
  [34mUnused type args: [E, org.apache.commons.collections4.multiset.AbstractMapMultiSet$MutableInteger][0m
  [34mUnused type args: [E, org.apache.commons.collections4.multiset.AbstractMapMultiSet$MutableInteger][0m
  [34mUnused type args: [E, org.apache.commons.collections4.multiset.AbstractMapMultiSet$MutableInteger][0m
  [34mIgnoring implicit executable reference: (CtExecutableReferenceImpl) <init>[0m
  [34mIgnoring implicit executable reference: (CtExecutableReferenceImpl) <init>[0m
  [34mUnused type args: [E, org.apache.commons.collections4.multiset.AbstractMapMultiSet$MutableInteger][0m
  [34mUnused type args: [E][0m
  [34mUnused type args: [E][0m
  [34mUnused type args: [E, org.apache.commons.collections4.multiset.AbstractMapMultiSet$MutableInteger][0m
  [34mUnused type args: [E, org.apache.commons.collections4.multiset.AbstractMapMultiSet$MutableInteger][0m
  [34mUnused type args: [E][0m
  [34mUnused type args: [E][0m
  [34mUnused type args: [E][0m
  [34mUnused type args: [E][0m
  [34mUnused type args: [E, org.apache.commons.collections4.multiset.AbstractMapMultiSet$MutableInteger][0m
  [34mUnused type args: [E][0m
  [34mUnused type args: [E, org.apache.commons.collections4.multiset.AbstractMapMultiSet$MutableInteger][0m
  [34mIgnoring implicit executable reference: (CtExecutableReferenceImpl) <init>[0m
  [34mUnused type args: [E @ src/main/java/org/apache/commons/collections4/multiset/HashMultiSet.java:73:28, org.apache.commons.collections4.multiset.AbstractMapMultiSet$MutableInteger @ src/main/java/org/apache/commons/collections4/multiset/HashMultiSet.java:73:31][0m
  [34mUnused type args: [E][0m
  [34mIgnoring implicit executable reference: (CtExecutableReferenceImpl) <init>[0m
  [34mUnused type args: [E][0m
  [34mUnused type args: [E][0m
  [34mUnused type args: [E][0m
  [34mUnused type args: [E][0m
  [34mUnused type args: [E][0m
  [34mUnused type args: [E][0m
  [34mUnused type args: [E][0m
  [34mUnused type args: [E][0m
  [34mUnused type args: [E][0m
  [34mUnused type args: [E][0m
  [34mUnused type args: [E][0m
  [34mUnused type args: [E][0m
  [34mUnused type args: [E][0m
  [34mIgnoring implicit executable reference: (CtExecutableReferenceImpl) <init>[0m
  [34mIgnoring implicit executable reference: (CtExecutableReferenceImpl) <init>[0m
  [34mUnused type args: [E, org.apache.commons.collections4.multiset.AbstractMapMultiSet$MutableInteger][0m
  [34mUnused type args: [E][0m
  [34mUnused type args: [E][0m
  [34mUnused type args: [E, org.apache.commons.collections4.multiset.AbstractMapMultiSet$MutableInteger][0m
  [34mUnused type args: [E, org.apache.commons.collections4.multiset.AbstractMapMultiSet$MutableInteger][0m
  [34mIgnoring implicit executable reference: (CtExecutableReferenceImpl) <init>[0m
  [34mIgnoring implicit executable reference: (CtExecutableReferenceImpl) <init>[0m
  [34mUnused type args: [I][0m
  [34mIgnoring implicit executable reference: (CtExecutableReferenceImpl) <init>[0m
  [34mUnused type args: [I][0m
  [34mUnused type args: [I, O][0m
  [34mUnused type args: [I, O][0m
  [34mUnused type args: [I][0m
  [34mUnused type args: [I][0m
  [34mIgnoring implicit executable reference: (CtExecutableReferenceImpl) <init>[0m
  [34mUnused type args: [E @ src/main/java/org/apache/commons/collections4/multiset/PredicatedMultiSet.java:64:39][0m
  [34mUnused type args: [E][0m
  [34mUnused type args: [?][0m
  [34mUnused type args: [E][0m
  [34mUnused type args: [?][0m
  [34mUnused type args: [E][0m
  [34mUnused type args: [E][0m
  [34mUnused type args: [?][0m
  [34mUnused type args: [?][0m
  [34mUnused type args: [E][0m
  [34mUnused type args: [?][0m
  [34mIgnoring implicit executable reference: (CtExecutableReferenceImpl) <init>[0m
  [34mUnused type args: [E][0m
  [34mUnused type args: [?][0m
  [34mUnused type args: [E][0m
  [34mUnused type args: [E, org.apache.commons.collections4.multiset.AbstractMapMultiSet$MutableInteger][0m
  [34mUnused type args: [E][0m
  [34mUnused type args: [E][0m
  [34mUnused type args: [E][0m
  [34mUnused type args: [? @ src/main/java/org/apache/commons/collections4/multiset/AbstractMultiSet.java:482:24][0m
  [34mUnused type args: [? @ src/main/java/org/apache/commons/collections4/multiset/AbstractMultiSet.java:482:45][0m
  [34mUnused type args: [?][0m
  [34mUnused type args: [E][0m
  [34mUnused type args: [E @ src/main/java/org/apache/commons/collections4/multiset/AbstractMultiSet.java:486:26][0m
  [34mUnused type args: [E][0m
  [34mUnused type args: [org.apache.commons.collections4.MultiSet$Entry][0m
  [34mUnused type args: [E][0m
  [34mUnused type args: [?][0m
  [34mUnused type args: [E][0m
  [34mUnused type args: [E][0m
  [34mUnused type args: [E][0m
  [34mIgnoring implicit executable reference: (CtExecutableReferenceImpl) <init>[0m
  [34mUnused type args: [E][0m
  [34mUnused type args: [E][0m
  [34mUnused type args: [?][0m
  [34mUnused type args: [?][0m
  [34mUnused type args: [E][0m
  [34mIgnoring implicit executable reference: (CtExecutableReferenceImpl) <init>[0m
  Pending package org.apache.commons.collections4.queue
  [34mUnused type args: [E @ src/main/java/org/apache/commons/collections4/collection/PredicatedCollection.java:428:35][0m
  [34mUnused type args: [E][0m
  [34mUnused type args: [E][0m
  [34mUnused type args: [E][0m
  [34mUnused type args: [?][0m
  [34mUnused type args: [E][0m
  [34mUnused type args: [E][0m
  [34mUnused type args: [?][0m
  [34mUnused type args: [E][0m
  [34mUnused type args: [?][0m
  [34mUnused type args: [E][0m
  [34mUnused type args: [E][0m
  [34mUnused type args: [E][0m
  [34mUnused type args: [E][0m
  [34mIgnoring implicit executable reference: (CtExecutableReferenceImpl) <init>[0m
  [34mUnused type args: [E][0m
  [34mUnused type args: [E][0m
  [34mUnused type args: [E][0m
  [34mUnused type args: [E][0m
  [34mUnused type args: [E][0m
  [34mUnused type args: [E][0m
  [34mUnused type args: [E][0m
  [34mUnused type args: [E][0m
  [34mUnused type args: [E][0m
  [34mUnused type args: [E][0m
  [34mUnused type args: [E][0m
  [34mUnused type args: [E][0m
  [34mUnused type args: [E][0m
  [34mUnused type args: [E][0m
  [34mUnused type args: [E][0m
  [34mIgnoring implicit executable reference: (CtExecutableReferenceImpl) <init>[0m
  [34mUnused type args: [E @ src/main/java/org/apache/commons/collections4/collection/PredicatedCollection.java:276:55][0m
  [34mUnused type args: [E][0m
  [34mIgnoring implicit executable reference: (CtExecutableReferenceImpl) <init>[0m
  [34mUnused type args: [E @ src/main/java/org/apache/commons/collections4/collection/PredicatedCollection.java:328:33][0m
  [34mUnused type args: [E][0m
  [34mUnused type args: [E][0m
  [34mUnused type args: [E][0m
  [34mUnused type args: [?][0m
  [34mUnused type args: [E][0m
  [34mUnused type args: [E][0m
  [34mUnused type args: [?][0m
  [34mUnused type args: [E][0m
  [34mUnused type args: [?][0m
  [34mUnused type args: [E][0m
  [34mUnused type args: [E][0m
  [34mUnused type args: [E][0m
  [34mIgnoring implicit executable reference: (CtExecutableReferenceImpl) <init>[0m
  [34mIgnoring implicit executable reference: (CtExecutableReferenceImpl) <init>[0m
  [34mUnused type args: [java.util.Map$Entry][0m
  [34mUnused type args: [E, org.apache.commons.collections4.multiset.AbstractMapMultiSet$MutableInteger][0m
  [34mUnused type args: [E][0m
  [34mUnused type args: [E][0m
  [34mUnused type args: [java.util.Map$Entry][0m
  [34mUnused type args: [E, org.apache.commons.collections4.multiset.AbstractMapMultiSet$MutableInteger][0m
  [34mUnused type args: [java.util.Map$Entry][0m
  [34mUnused type args: [E, org.apache.commons.collections4.multiset.AbstractMapMultiSet$MutableInteger][0m
  [34mUnused type args: [E][0m
  [34mUnused type args: [E][0m
  [34mUnused type args: [E][0m
  [34mUnused type args: [E][0m
  [34mUnused type args: [E][0m
  [34mUnused type args: [E][0m
  [34mUnused type args: [E][0m
  [34mUnused type args: [E][0m
  [34mUnused type args: [E][0m
  [34mUnused type args: [org.apache.commons.collections4.MultiSet$Entry][0m
  [34mUnused type args: [E][0m
  [34mUnused type args: [E][0m
  [34mUnused type args: [E][0m
  [34mUnused type args: [E][0m
  [34mUnused type args: [E][0m
  [34mUnused type args: [E, org.apache.commons.collections4.multiset.AbstractMapMultiSet$MutableInteger][0m
  [34mUnused type args: [I, O][0m
  [34mUnused type args: [I][0m
  [34mUnused type args: [E][0m
  [34mUnused type args: [E][0m
  [34mUnused type args: [E][0m
  [34mUnused type args: [E @ src/main/java/org/apache/commons/collections4/multiset/PredicatedMultiSet.java:90:26][0m
  [34mUnused type args: [E][0m
  [34mUnused type args: [E][0m
  [34mIgnoring implicit executable reference: (CtExecutableReferenceImpl) <init>[0m
  [34mIgnoring implicit executable reference: (CtExecutableReferenceImpl) <init>[0m
  [34mUnused type args: [E][0m
  [34mUnused type args: [E][0m
  [34mIgnoring implicit executable reference: (CtExecutableReferenceImpl) <init>[0m
  [34mUnused type args: [E @ src/main/java/org/apache/commons/collections4/multiset/AbstractMultiSet.java:249:30][0m
  [34mUnused type args: [E][0m
  [34mUnused type args: [E][0m
  [34mUnused type args: [E][0m
  [34mUnused type args: [E, org.apache.commons.collections4.multiset.AbstractMapMultiSet$MutableInteger][0m
  [34mIgnoring implicit executable reference: (CtExecutableReferenceImpl) <init>[0m
  [34mUnused type args: [E][0m
  [34mIgnoring implicit executable reference: (CtExecutableReferenceImpl) <init>[0m
  [34mIgnoring implicit executable reference: (CtExecutableReferenceImpl) <init>[0m
  [34mUnused type args: [E][0m
  [34mUnused type args: [E][0m
  [34mUnused type args: [E][0m
  [34mUnused type args: [E][0m
  [34mUnused type args: [E][0m
  [34mUnused type args: [java.util.Map$Entry][0m
  [34mUnused type args: [E, org.apache.commons.collections4.multiset.AbstractMapMultiSet$MutableInteger][0m
  [34mUnused type args: [E][0m
  [34mUnused type args: [E][0m
  [34mUnused type args: [java.util.Map$Entry][0m
  [34mUnused type args: [E, org.apache.commons.collections4.multiset.AbstractMapMultiSet$MutableInteger][0m
  [34mUnused type args: [E][0m
  [34mUnused type args: [E][0m
  [34mUnused type args: [E, org.apache.commons.collections4.multiset.AbstractMapMultiSet$MutableInteger][0m
  [34mUnused type args: [java.util.Map$Entry][0m
  [34mUnused type args: [E, org.apache.commons.collections4.multiset.AbstractMapMultiSet$MutableInteger][0m
  [34mUnused type args: [java.util.Map$Entry][0m
  [34mUnused type args: [E, org.apache.commons.collections4.multiset.AbstractMapMultiSet$MutableInteger][0m
  [34mUnused type args: [E, org.apache.commons.collections4.multiset.AbstractMapMultiSet$MutableInteger][0m
  [34mUnused type args: [E][0m
  [34mUnused type args: [E][0m
  [34mUnused type args: [E, org.apache.commons.collections4.multiset.AbstractMapMultiSet$MutableInteger][0m
  [34mUnused type args: [E][0m
  [34mUnused type args: [E][0m
  [34mUnused type args: [E][0m
  [34mUnused type args: [E][0m
  [34mUnused type args: [E][0m
  [34mUnused type args: [E][0m
  [34mUnused type args: [E][0m
  [34mUnused type args: [E][0m
  [34mIgnoring implicit executable reference: (CtExecutableReferenceImpl) <init>[0m
  [34mUnused type args: [org.apache.commons.collections4.MultiSet$Entry @ src/main/java/org/apache/commons/collections4/multiset/UnmodifiableMultiSet.java:162:19][0m
  [34mUnused type args: [E @ src/main/java/org/apache/commons/collections4/multiset/UnmodifiableMultiSet.java:162:34][0m
  [34mUnused type args: [E][0m
  [34mUnused type args: [E][0m
  [34mUnused type args: [org.apache.commons.collections4.MultiSet$Entry][0m
  [34mUnused type args: [E][0m
  [34mUnused type args: [org.apache.commons.collections4.MultiSet$Entry][0m
  [34mUnused type args: [org.apache.commons.collections4.MultiSet$Entry][0m
  [34mUnused type args: [E][0m
  [34mUnused type args: [?][0m
  [34mUnused type args: [E][0m
  [34mUnused type args: [org.apache.commons.collections4.MultiSet$Entry][0m
  [34mUnused type args: [E][0m
  [34mUnused type args: [E][0m
  [34mUnused type args: [E][0m
  [34mUnused type args: [org.apache.commons.collections4.MultiSet$Entry][0m
  [34mUnused type args: [E][0m
  [34mUnused type args: [E][0m
  [34mUnused type args: [E, org.apache.commons.collections4.multiset.AbstractMapMultiSet$MutableInteger][0m
  [34mUnused type args: [E @ src/main/java/org/apache/commons/collections4/multiset/AbstractMapMultiSet.java:449:30, org.apache.commons.collections4.multiset.AbstractMapMultiSet$MutableInteger @ src/main/java/org/apache/commons/collections4/multiset/AbstractMapMultiSet.java:449:33][0m
  [34mUnused type args: [E][0m
  [34mUnused type args: [E, org.apache.commons.collections4.multiset.AbstractMapMultiSet$MutableInteger][0m
  [34mUnused type args: [java.util.Map$Entry][0m
  [34mUnused type args: [E, org.apache.commons.collections4.multiset.AbstractMapMultiSet$MutableInteger][0m
  [34mUnused type args: [E, org.apache.commons.collections4.multiset.AbstractMapMultiSet$MutableInteger][0m
  [34mUnused type args: [E, org.apache.commons.collections4.multiset.AbstractMapMultiSet$MutableInteger][0m
  [34mUnused type args: [E][0m
  [34mUnused type args: [E][0m
  [34mUnused type args: [E][0m
  [34mUnused type args: [E][0m
  [34mUnused type args: [E][0m
  [34mIgnoring implicit executable reference: (CtExecutableReferenceImpl) <init>[0m
  [34mIgnoring implicit executable reference: (CtExecutableReferenceImpl) <init>[0m
  [34mUnused type args: [E][0m
  [34mUnused type args: [E][0m
  [34mUnused type args: [E][0m
  [34mUnused type args: [E][0m
  [34mUnused type args: [E][0m
  [34mUnused type args: [E][0m
  [34mUnused type args: [E][0m
  [34mUnused type args: [E][0m
  [34mIgnoring implicit executable reference: (CtExecutableReferenceImpl) <init>[0m
  [34mUnused type args: [E][0m
  [34mUnused type args: [java.util.Map$Entry][0m
  [34mUnused type args: [E, org.apache.commons.collections4.multiset.AbstractMapMultiSet$MutableInteger][0m
  [34mUnused type args: [E][0m
  [34mUnused type args: [E][0m
  [34mUnused type args: [E][0m
  [34mUnused type args: [E][0m
  [34mUnused type args: [E][0m
  [34mUnused type args: [E][0m
  [34mUnused type args: [E][0m
  [34mUnused type args: [E][0m
  [34mUnused type args: [E][0m
  [34mIgnoring implicit executable reference: (CtExecutableReferenceImpl) <init>[0m
  [34mUnused type args: [E][0m
  [34mUnused type args: [E, org.apache.commons.collections4.multiset.AbstractMapMultiSet$MutableInteger][0m
  [34mUnused type args: [E][0m
  [34mUnused type args: [E, org.apache.commons.collections4.multiset.AbstractMapMultiSet$MutableInteger][0m
  [34mUnused type args: [E][0m
  [34mUnused type args: [java.util.Map$Entry][0m
  [34mUnused type args: [E, org.apache.commons.collections4.multiset.AbstractMapMultiSet$MutableInteger][0m
  [34mUnused type args: [E, org.apache.commons.collections4.multiset.AbstractMapMultiSet$MutableInteger][0m
  [34mUnused type args: [E][0m
  [34mUnused type args: [E][0m
  [34mUnused type args: [E, org.apache.commons.collections4.multiset.AbstractMapMultiSet$MutableInteger][0m
  [34mUnused type args: [E][0m
  [34mUnused type args: [E][0m
  [34mUnused type args: [E][0m
  [34mUnused type args: [E, org.apache.commons.collections4.multiset.AbstractMapMultiSet$MutableInteger][0m
  [34mUnused type args: [E][0m
  [34mUnused type args: [E][0m
  [34mIgnoring implicit executable reference: (CtExecutableReferenceImpl) <init>[0m
  [34mIgnoring implicit executable reference: (CtExecutableReferenceImpl) <init>[0m
  [34mUnused type args: [I, O][0m
  [34mUnused type args: [I][0m
  [34mUnused type args: [E][0m
  [34mUnused type args: [E][0m
  [34mUnused type args: [org.apache.commons.collections4.MultiSet$Entry][0m
  [34mUnused type args: [E][0m
  [34mUnused type args: [E][0m
  [34mUnused type args: [E][0m
  [34mUnused type args: [E][0m
  [34mUnused type args: [E][0m
  [34mUnused type args: [java.util.Map$Entry][0m
  [34mUnused type args: [E, org.apache.commons.collections4.multiset.AbstractMapMultiSet$MutableInteger][0m
  [34mUnused type args: [E][0m
  [34mUnused type args: [E][0m
  [34mUnused type args: [E][0m
  [34mUnused type args: [E][0m
  [34mUnused type args: [?][0m
  [34mUnused type args: [?][0m
  [34mUnused type args: [E][0m
  [34mUnused type args: [E][0m
  [34mUnused type args: [E][0m
  [34mUnused type args: [?][0m
  [34mUnused type args: [?][0m
  [34mIgnoring implicit executable reference: (CtExecutableReferenceImpl) <init>[0m
  [34mUnused type args: [E @ src/main/java/org/apache/commons/collections4/multiset/AbstractMapMultiSet.java:316:37][0m
  [34mUnused type args: [java.util.Map$Entry][0m
  [34mUnused type args: [E, org.apache.commons.collections4.multiset.AbstractMapMultiSet$MutableInteger][0m
  [34mUnused type args: [E][0m
  [34mUnused type args: [E][0m
  [34mUnused type args: [E, org.apache.commons.collections4.multiset.AbstractMapMultiSet$MutableInteger][0m
  [34mUnused type args: [java.util.Map$Entry][0m
  [34mUnused type args: [E, org.apache.commons.collections4.multiset.AbstractMapMultiSet$MutableInteger][0m
  [34mUnused type args: [java.util.Map$Entry][0m
  [34mUnused type args: [E, org.apache.commons.collections4.multiset.AbstractMapMultiSet$MutableInteger][0m
  [34mUnused type args: [E][0m
  [34mIgnoring implicit executable reference: (CtExecutableReferenceImpl) <init>[0m
  [34mIgnoring implicit executable reference: (CtExecutableReferenceImpl) <init>[0m
  [34mUnused type args: [E][0m
  [34mUnused type args: [org.apache.commons.collections4.MultiSet$Entry][0m
  [34mUnused type args: [E][0m
  [34mUnused type args: [E @ src/main/java/org/apache/commons/collections4/multiset/AbstractMultiSet.java:77:20][0m
  [34mUnused type args: [E][0m
  [34mUnused type args: [org.apache.commons.collections4.MultiSet$Entry][0m
  [34mUnused type args: [E][0m
  [34mUnused type args: [E][0m
  [34mUnused type args: [E][0m
  [34mUnused type args: [E][0m
  [34mUnused type args: [E][0m
  [34mUnused type args: [E][0m
  [34mUnused type args: [E][0m
  [34mUnused type args: [E][0m
  [34mIgnoring implicit executable reference: (CtExecutableReferenceImpl) <init>[0m
  [34mUnused type args: [E][0m
  [34mIgnoring implicit executable reference: (CtExecutableReferenceImpl) <init>[0m
  [34mUnused type args: [E][0m
  [34mUnused type args: [E, org.apache.commons.collections4.multiset.AbstractMapMultiSet$MutableInteger][0m
  [34mUnused type args: [E][0m
  [34mUnused type args: [java.util.Map$Entry][0m
  [34mUnused type args: [E, org.apache.commons.collections4.multiset.AbstractMapMultiSet$MutableInteger][0m
  [34mUnused type args: [E][0m
  [34mUnused type args: [E][0m
  [34mUnused type args: [E][0m
  [34mUnused type args: [E][0m
  [34mUnused type args: [E][0m
  [34mUnused type args: [E][0m
  [34mUnused type args: [E][0m
  [34mIgnoring implicit executable reference: (CtExecutableReferenceImpl) <init>[0m
  [34mIgnoring implicit executable reference: (CtExecutableReferenceImpl) <init>[0m
  [34mUnused type args: [E][0m
  [34mIgnoring implicit executable reference: (CtExecutableReferenceImpl) <init>[0m
  [34mUnused type args: [E][0m
  [34mUnused type args: [E][0m
  [34mUnused type args: [E][0m
  [34mUnused type args: [E][0m
  [34mUnused type args: [E][0m
  [34mUnused type args: [E][0m
  [34mUnused type args: [E][0m
  [34mUnused type args: [E][0m
  [34mUnused type args: [E][0m
  [34mUnused type args: [E][0m
  [34mUnused type args: [java.util.Map$Entry][0m
  [34mUnused type args: [E, org.apache.commons.collections4.multiset.AbstractMapMultiSet$MutableInteger][0m
  [34mUnused type args: [E][0m
  [34mUnused type args: [E][0m
  [34mUnused type args: [?][0m
  [34mUnused type args: [E][0m
  [34mUnused type args: [E][0m
  [34mIgnoring implicit executable reference: (CtExecutableReferenceImpl) <init>[0m
  [34mIgnoring implicit executable reference: (CtExecutableReferenceImpl) <init>[0m
  [34mIgnoring implicit executable reference: (CtExecutableReferenceImpl) <init>[0m
  [34mUnused type args: [?][0m
  [34mIgnoring implicit executable reference: (CtExecutableReferenceImpl) <init>[0m
  [34mIgnoring implicit executable reference: (CtExecutableReferenceImpl) <init>[0m
  [34mUnused type args: [E @ src/main/java/org/apache/commons/collections4/IteratorUtils.java:1027:37][0m
  [34mUnused type args: [?][0m
  [34mUnused type args: [?][0m
  [34mUnused type args: [K @ src/main/java/org/apache/commons/collections4/IteratorUtils.java:181:34, V @ src/main/java/org/apache/commons/collections4/IteratorUtils.java:181:37][0m
  [34mUnused type args: [K, V][0m
  [34mUnused type args: [E][0m
  [34mUnused type args: [E][0m
  [34mUnused type args: [E][0m
  [34mUnused type args: [E][0m
  [34mUnused type args: [E @ src/main/java/org/apache/commons/collections4/IteratorUtils.java:167:38][0m
  [34mUnused type args: [E][0m
  [34mIgnoring implicit executable reference: (CtExecutableReferenceImpl) <init>[0m
  [34mUnused type args: [E @ src/main/java/org/apache/commons/collections4/IteratorUtils.java:255:34][0m
  [34mIgnoring implicit executable reference: (CtExecutableReferenceImpl) <init>[0m
  [34mIgnoring implicit executable reference: (CtExecutableReferenceImpl) <init>[0m
  [34mUnused type args: [E][0m
  [34mUnused type args: [E][0m
  [34mIgnoring implicit executable reference: (CtExecutableReferenceImpl) <init>[0m
  [34mUnused type args: [E][0m
  [34mUnused type args: [E][0m
  [34mUnused type args: [E][0m
  [34mUnused type args: [E][0m
  [34mUnused type args: [E][0m
  [34mIgnoring implicit executable reference: (CtExecutableReferenceImpl) <init>[0m
  [34mIgnoring implicit executable reference: (CtExecutableReferenceImpl) <init>[0m
  [34mUnused type args: [E, org.apache.commons.collections4.bag.AbstractMapBag$MutableInteger][0m
  [34mUnused type args: [E][0m
  [34mUnused type args: [E][0m
  [34mUnused type args: [E, org.apache.commons.collections4.bag.AbstractMapBag$MutableInteger][0m
  [34mUnused type args: [E, org.apache.commons.collections4.bag.AbstractMapBag$MutableInteger][0m
  [34mUnused type args: [E][0m
  [34mUnused type args: [E][0m
  [34mUnused type args: [E][0m
  [34mUnused type args: [E][0m
  [34mUnused type args: [E][0m
  [34mIgnoring implicit executable reference: (CtExecutableReferenceImpl) <init>[0m
  [34mUnused type args: [E][0m
  [34mIgnoring implicit executable reference: (CtExecutableReferenceImpl) <init>[0m
  [34mUnused type args: [E][0m
  [34mUnused type args: [E, org.apache.commons.collections4.bag.AbstractMapBag$MutableInteger][0m
  [34mUnused type args: [E][0m
  [34mUnused type args: [java.util.Map$Entry][0m
  [34mUnused type args: [E, org.apache.commons.collections4.bag.AbstractMapBag$MutableInteger][0m
  [34mUnused type args: [E][0m
  [34mUnused type args: [E][0m
  [34mUnused type args: [E][0m
  [34mUnused type args: [E][0m
  [34mUnused type args: [E][0m
  [34mIgnoring implicit executable reference: (CtExecutableReferenceImpl) <init>[0m
  [34mIgnoring implicit executable reference: (CtExecutableReferenceImpl) <init>[0m
  [34mUnused type args: [?][0m
  [34mIgnoring implicit executable reference: (CtExecutableReferenceImpl) <init>[0m
  [34mIgnoring implicit executable reference: (CtExecutableReferenceImpl) <init>[0m
  [34mIgnoring implicit executable reference: (CtExecutableReferenceImpl) <init>[0m
  [34mUnused type args: [?][0m
  [34mUnused type args: [E][0m
  [34mUnused type args: [E][0m
  [34mUnused type args: [?][0m
  [34mUnused type args: [?][0m
  [34mUnused type args: [E][0m
  [34mUnused type args: [E][0m
  [34mUnused type args: [E][0m
  [34mUnused type args: [E][0m
  [34mUnused type args: [E][0m
  [34mUnused type args: [E][0m
  [34mIgnoring implicit executable reference: (CtExecutableReferenceImpl) <init>[0m
  [34mUnused type args: [E @ src/main/java/org/apache/commons/collections4/IteratorUtils.java:912:36][0m
  [34mUnused type args: [?][0m
  [34mUnused type args: [?][0m
  [34mUnused type args: [?][0m
  [34mUnused type args: [?][0m
  [34mIgnoring implicit executable reference: (CtExecutableReferenceImpl) <init>[0m
  [34mUnused type args: [E @ src/main/java/org/apache/commons/collections4/IteratorUtils.java:942:36][0m
  [34mUnused type args: [?][0m
  [34mUnused type args: [?][0m
  [34mIgnoring implicit executable reference: (CtExecutableReferenceImpl) <init>[0m
  [34mIgnoring implicit executable reference: (CtExecutableReferenceImpl) <init>[0m
  [34mUnused type args: [E][0m
  [34mUnused type args: [?][0m
  [34mUnused type args: [E][0m
  [34mUnused type args: [?][0m
  [34mUnused type args: [E, org.apache.commons.collections4.bag.AbstractMapBag$MutableInteger][0m
  [34mUnused type args: [E][0m
  [34mUnused type args: [E][0m
  [34mUnused type args: [E, org.apache.commons.collections4.bag.AbstractMapBag$MutableInteger][0m
  [34mUnused type args: [E, org.apache.commons.collections4.bag.AbstractMapBag$MutableInteger][0m
  [34mUnused type args: [E, org.apache.commons.collections4.bag.AbstractMapBag$MutableInteger][0m
  [34mIgnoring implicit executable reference: (CtExecutableReferenceImpl) <init>[0m
  [34mUnused type args: [E][0m
  [34mIgnoring implicit executable reference: (CtExecutableReferenceImpl) <init>[0m
  [34mUnused type args: [E @ src/main/java/org/apache/commons/collections4/IteratorUtils.java:895:37][0m
  [34mUnused type args: [E][0m
  [34mUnused type args: [E][0m
  [34mIgnoring implicit executable reference: (CtExecutableReferenceImpl) <init>[0m
  [34mIgnoring implicit executable reference: (CtExecutableReferenceImpl) <init>[0m
  [34mUnused type args: [E][0m
  [34mUnused type args: [?][0m
  [34mUnused type args: [E][0m
  [34mUnused type args: [?][0m
  [34mUnused type args: [E][0m
  [34mUnused type args: [E][0m
  [34mUnused type args: [?][0m
  [34mUnused type args: [E][0m
  [34mIgnoring implicit executable reference: (CtExecutableReferenceImpl) <init>[0m
  [34mIgnoring implicit executable reference: (CtExecutableReferenceImpl) <init>[0m
  [34mUnused type args: [E][0m
  [34mUnused type args: [?][0m
  [34mUnused type args: [E][0m
  [34mUnused type args: [?][0m
  [34mIgnoring implicit executable reference: (CtExecutableReferenceImpl) <init>[0m
  [34mUnused type args: [E @ src/main/java/org/apache/commons/collections4/IteratorUtils.java:385:38][0m
  [34mUnused type args: [E][0m
  [34mUnused type args: [E][0m
  [34mUnused type args: [E][0m
  [34mUnused type args: [E][0m
  [34mUnused type args: [E @ src/main/java/org/apache/commons/collections4/list/PredicatedList.java:94:22][0m
  [34mUnused type args: [E][0m
  [34mUnused type args: [E][0m
  [34mUnused type args: [E][0m
  [34mUnused type args: [E][0m
  [34mUnused type args: [E][0m
  [34mUnused type args: [E][0m
  [34mUnused type args: [E, org.apache.commons.collections4.bag.AbstractMapBag$MutableInteger][0m
  [34mUnused type args: [E][0m
  [34mUnused type args: [E][0m
  [34mUnused type args: [E][0m
  [34mUnused type args: [E, org.apache.commons.collections4.bag.AbstractMapBag$MutableInteger][0m
  [34mUnused type args: [E][0m
  [34mIgnoring implicit executable reference: (CtExecutableReferenceImpl) <init>[0m
  [34mUnused type args: [E @ src/main/java/org/apache/commons/collections4/bag/PredicatedBag.java:63:34][0m
  [34mUnused type args: [E][0m
  [34mUnused type args: [?][0m
  [34mUnused type args: [E][0m
  [34mUnused type args: [?][0m
  [34mUnused type args: [E @ src/main/java/org/apache/commons/collections4/IteratorUtils.java:141:31][0m
  [34mUnused type args: [E][0m
  [34mUnused type args: [E][0m
  [34mUnused type args: [E][0m
  [34mUnused type args: [E][0m
  [34mUnused type args: [E][0m
  [34mUnused type args: [E][0m
  [34mUnused type args: [?, java.lang.String][0m
  [34mUnused type args: [E][0m
  [34mUnused type args: [?, java.lang.String][0m
  [34mUnused type args: [? @ src/main/java/org/apache/commons/collections4/bag/AbstractMapBag.java:286:24][0m
  [34mUnused type args: [?][0m
  [34mUnused type args: [?][0m
  [34mUnused type args: [?][0m
  [34mUnused type args: [E][0m
  [34mUnused type args: [?][0m
  [34mUnused type args: [E][0m
  [34mUnused type args: [E][0m
  [34mUnused type args: [E][0m
  [34mUnused type args: [E][0m
  [34mUnused type args: [?][0m
  [34mIgnoring implicit executable reference: (CtExecutableReferenceImpl) <init>[0m
  [34mUnused type args: [E][0m
  [34mIgnoring implicit executable reference: (CtExecutableReferenceImpl) <init>[0m
  [34mUnused type args: [E @ src/main/java/org/apache/commons/collections4/IteratorUtils.java:1086:20][0m
  [34mUnused type args: [E][0m
  [34mUnused type args: [E][0m
  [34mUnused type args: [?][0m
  [34mUnused type args: [?][0m
  [34mUnused type args: [?][0m
  [34mUnused type args: [E][0m
  [34mUnused type args: [E][0m
  [34mUnused type args: [E][0m
  [34mUnused type args: [E][0m
  [34mUnused type args: [E][0m
  [34mUnused type args: [E][0m
  [34mUnused type args: [E][0m
  [34mUnused type args: [?][0m
  [34mIgnoring implicit executable reference: (CtExecutableReferenceImpl) <init>[0m
  [34mIgnoring implicit executable reference: (CtExecutableReferenceImpl) <init>[0m
  [34mUnused type args: [E @ src/main/java/org/apache/commons/collections4/IteratorUtils.java:959:40][0m
  [34mUnused type args: [?][0m
  [34mUnused type args: [?][0m
  [34mUnused type args: [E @ src/main/java/org/apache/commons/collections4/set/AbstractSetDecorator.java:63:21][0m
  [34mUnused type args: [E][0m
  [34mUnused type args: [E][0m
  [34mUnused type args: [E @ src/main/java/org/apache/commons/collections4/queue/PredicatedQueue.java:84:23][0m
  [34mUnused type args: [E][0m
  [34mUnused type args: [E][0m
  [34mIgnoring implicit executable reference: (CtExecutableReferenceImpl) <init>[0m
  [34mUnused type args: [E @ src/main/java/org/apache/commons/collections4/IteratorUtils.java:270:40][0m
  [34mUnused type args: [E][0m
  [34mUnused type args: [E][0m
  [34mUnused type args: [E][0m
  [34mUnused type args: [E][0m
  [34mUnused type args: [E][0m
  [34mUnused type args: [E][0m
  [34mIgnoring implicit executable reference: (CtExecutableReferenceImpl) <init>[0m
  [34mIgnoring implicit executable reference: (CtExecutableReferenceImpl) <init>[0m
  [34mUnused type args: [java.util.Iterator @ src/main/java/org/apache/commons/collections4/iterators/ZippingIterator.java:89:20][0m
  [34mUnused type args: [? @ src/main/java/org/apache/commons/collections4/iterators/ZippingIterator.java:89:29][0m
  [34mIgnoring implicit executable reference: (CtExecutableReferenceImpl) <init>[0m
  [34mUnused type args: [java.util.Iterator @ src/main/java/org/apache/commons/collections4/iterators/ZippingIterator.java:89:64][0m
  [34mUnused type args: [? @ src/main/java/org/apache/commons/collections4/iterators/ZippingIterator.java:89:73][0m
  [34mUnused type args: [? @ src/main/java/org/apache/commons/collections4/iterators/ZippingIterator.java:90:29][0m
  [34mUnused type args: [?][0m
  [34mUnused type args: [?][0m
  [34mIgnoring implicit executable reference: (CtExecutableReferenceImpl) <init>[0m
  [34mUnused type args: [java.util.Iterator][0m
  [34mUnused type args: [?][0m
  [34mUnused type args: [?][0m
  [34mUnused type args: [java.util.Iterator][0m
  [34mUnused type args: [?][0m
  [34mUnused type args: [E][0m
  [34mUnused type args: [E][0m
  [34mUnused type args: [java.util.Iterator][0m
  [34mUnused type args: [?][0m
  [34mUnused type args: [java.util.Iterator][0m
  [34mUnused type args: [java.util.Iterator][0m
  [34mUnused type args: [?][0m
  [34mUnused type args: [T][0m
  [34mUnused type args: [?][0m
  [34mUnused type args: [java.util.Iterator][0m
  [34mUnused type args: [?][0m
  [34mUnused type args: [java.util.Iterator][0m
  [34mUnused type args: [?][0m
  [34mUnused type args: [java.util.Iterator][0m
  [34mUnused type args: [?][0m
  [34mUnused type args: [E][0m
  [34mUnused type args: [E][0m
  [34mUnused type args: [?][0m
  [34mUnused type args: [E][0m
  [34mUnused type args: [java.lang.Object][0m
  [34mUnused type args: [java.lang.Object][0m
  [34mUnused type args: [E][0m
  [34mUnused type args: [E][0m
  [34mUnused type args: [E][0m
  [34mUnused type args: [E][0m
  [34mUnused type args: [?][0m
  [34mIgnoring implicit executable reference: (CtExecutableReferenceImpl) <init>[0m
  [34mIgnoring implicit executable reference: (CtExecutableReferenceImpl) <init>[0m
  [34mUnused type args: [E @ src/main/java/org/apache/commons/collections4/IteratorUtils.java:785:36][0m
  [34mUnused type args: [?][0m
  [34mUnused type args: [?][0m
  [34mUnused type args: [E][0m
  [34mUnused type args: [?][0m
  [34mUnused type args: [?][0m
  [34mUnused type args: [?][0m
  [34mUnused type args: [E @ src/main/java/org/apache/commons/collections4/bag/AbstractMapBag.java:485:24][0m
  [34mUnused type args: [E][0m
  [34mUnused type args: [E, org.apache.commons.collections4.bag.AbstractMapBag$MutableInteger][0m
  [34mUnused type args: [E][0m
  [34mUnused type args: [E][0m
  [34mUnused type args: [E][0m
  [34mUnused type args: [E][0m
  [34mUnused type args: [E][0m
  [34mUnused type args: [E][0m
  [34mUnused type args: [E, org.apache.commons.collections4.bag.AbstractMapBag$MutableInteger][0m
  [34mUnused type args: [E][0m
  [34mUnused type args: [E][0m
  [34mIgnoring implicit executable reference: (CtExecutableReferenceImpl) <init>[0m
  [34mUnused type args: [E][0m
  [34mUnused type args: [?][0m
  [34mUnused type args: [E][0m
  [34mUnused type args: [E, org.apache.commons.collections4.bag.AbstractMapBag$MutableInteger][0m
  [34mUnused type args: [?][0m
  [34mIgnoring implicit executable reference: (CtExecutableReferenceImpl) <init>[0m
  [34mIgnoring implicit executable reference: (CtExecutableReferenceImpl) <init>[0m
  [34mUnused type args: [E @ src/main/java/org/apache/commons/collections4/IteratorUtils.java:995:40][0m
  [34mUnused type args: [?][0m
  [34mUnused type args: [?][0m
  [34mUnused type args: [E][0m
  [34mUnused type args: [E][0m
  [34mUnused type args: [E @ src/main/java/org/apache/commons/collections4/set/AbstractSerializableSetDecorator.java:69:35][0m
  [34mUnused type args: [E][0m
  [34mUnused type args: [E][0m
  [34mIgnoring implicit executable reference: (CtExecutableReferenceImpl) <init>[0m
  [34mIgnoring implicit executable reference: (CtExecutableReferenceImpl) <init>[0m
  [34mUnused type args: [E][0m
  [34mUnused type args: [E][0m
  [34mUnused type args: [E][0m
  [34mUnused type args: [E][0m
  [34mUnused type args: [?][0m
  [34mIgnoring implicit executable reference: (CtExecutableReferenceImpl) <init>[0m
  [34mUnused type args: [?][0m
  [34mIgnoring implicit executable reference: (CtExecutableReferenceImpl) <init>[0m
  [34mIgnoring implicit executable reference: (CtExecutableReferenceImpl) <init>[0m
  [34mUnused type args: [E @ src/main/java/org/apache/commons/collections4/IteratorUtils.java:740:35][0m
  [34mUnused type args: [?][0m
  [34mUnused type args: [?][0m
  [34mUnused type args: [?][0m
  [34mUnused type args: [?][0m
  [34mUnused type args: [?][0m
  [34mUnused type args: [E][0m
  [34mUnused type args: [?][0m
  [34mUnused type args: [? @ src/main/java/org/apache/commons/collections4/bag/AbstractMapBag.java:380:35][0m
  [34mUnused type args: [?][0m
  [34mUnused type args: [E][0m
  [34mUnused type args: [?][0m
  [34mIgnoring implicit executable reference: (CtExecutableReferenceImpl) <init>[0m
  [34mUnused type args: [java.lang.Object @ src/main/java/org/apache/commons/collections4/bag/AbstractMapBag.java:382:38][0m
  [34mUnused type args: [?][0m
  [34mUnused type args: [?][0m
  [34mUnused type args: [E][0m
  [34mUnused type args: [E][0m
  [34mUnused type args: [E][0m
  [34mUnused type args: [E][0m
  [34mUnused type args: [E][0m
  [34mUnused type args: [E @ src/main/java/org/apache/commons/collections4/bag/AbstractMapBag.java:509:42][0m
  [34mUnused type args: [E][0m
  [34mUnused type args: [?][0m
  [34mUnused type args: [E][0m
  [34mUnused type args: [E, org.apache.commons.collections4.bag.AbstractMapBag$MutableInteger][0m
  [34mUnused type args: [E][0m
  [34mUnused type args: [E][0m
  [34mUnused type args: [E][0m
  [34mIgnoring implicit executable reference: (CtExecutableReferenceImpl) <init>[0m
  [34mIgnoring implicit executable reference: (CtExecutableReferenceImpl) <init>[0m
  [34mUnused type args: [?][0m
  [34mUnused type args: [?][0m
  [34mUnused type args: [E][0m
  [34mUnused type args: [E][0m
  [34mUnused type args: [?][0m
  [34mIgnoring implicit executable reference: (CtExecutableReferenceImpl) <init>[0m
  [34mUnused type args: [E][0m
  [34mUnused type args: [E][0m
  [34mUnused type args: [E][0m
  [34mUnused type args: [?][0m
  [34mUnused type args: [E][0m
  [34mUnused type args: [E][0m
  [34mUnused type args: [E, org.apache.commons.collections4.bag.AbstractMapBag$MutableInteger][0m
  [34mUnused type args: [E][0m
  [34mIgnoring implicit executable reference: (CtExecutableReferenceImpl) <init>[0m
  [34mIgnoring implicit executable reference: (CtExecutableReferenceImpl) <init>[0m
  [34mIgnoring implicit executable reference: (CtExecutableReferenceImpl) <init>[0m
  [34mUnused type args: [?][0m
  [34mIgnoring implicit executable reference: (CtExecutableReferenceImpl) <init>[0m
  [34mIgnoring implicit executable reference: (CtExecutableReferenceImpl) <init>[0m
  [34mUnused type args: [E @ src/main/java/org/apache/commons/collections4/IteratorUtils.java:1011:37][0m
  [34mUnused type args: [?][0m
  [34mUnused type args: [?][0m
  [34mUnused type args: [E][0m
  [34mUnused type args: [E][0m
  [34mUnused type args: [?][0m
  [34mUnused type args: [E][0m
  [34mUnused type args: [?][0m
  [34mUnused type args: [E][0m
  [34mUnused type args: [E, org.apache.commons.collections4.bag.AbstractMapBag$MutableInteger][0m
  [34mUnused type args: [E @ src/main/java/org/apache/commons/collections4/bag/AbstractMapBag.java:522:26, org.apache.commons.collections4.bag.AbstractMapBag$MutableInteger @ src/main/java/org/apache/commons/collections4/bag/AbstractMapBag.java:522:29][0m
  [34mUnused type args: [E][0m
  [34mUnused type args: [E, org.apache.commons.collections4.bag.AbstractMapBag$MutableInteger][0m
  [34mUnused type args: [java.util.Map$Entry][0m
  [34mUnused type args: [E, org.apache.commons.collections4.bag.AbstractMapBag$MutableInteger][0m
  [34mUnused type args: [E, org.apache.commons.collections4.bag.AbstractMapBag$MutableInteger][0m
  [34mUnused type args: [E, org.apache.commons.collections4.bag.AbstractMapBag$MutableInteger][0m
  [34mIgnoring implicit executable reference: (CtExecutableReferenceImpl) <init>[0m
  [34mIgnoring implicit executable reference: (CtExecutableReferenceImpl) <init>[0m
  [34mUnused type args: [E][0m
  [34mIgnoring implicit executable reference: (CtExecutableReferenceImpl) <init>[0m
  [34mUnused type args: [E][0m
  [34mUnused type args: [E][0m
  [34mUnused type args: [E][0m
  [34mUnused type args: [E][0m
  [34mUnused type args: [E][0m
  [34mUnused type args: [E][0m
  [34mUnused type args: [E][0m
  [34mIgnoring implicit executable reference: (CtExecutableReferenceImpl) <init>[0m
  [34mIgnoring implicit executable reference: (CtExecutableReferenceImpl) <init>[0m
  [34mUnused type args: [E, org.apache.commons.collections4.bag.AbstractMapBag$MutableInteger][0m
  [34mIgnoring implicit executable reference: (CtExecutableReferenceImpl) <init>[0m
  [34mUnused type args: [E @ src/main/java/org/apache/commons/collections4/bag/HashBag.java:48:27, org.apache.commons.collections4.bag.AbstractMapBag$MutableInteger @ src/main/java/org/apache/commons/collections4/bag/HashBag.java:48:30][0m
  [34mIgnoring implicit executable reference: (CtExecutableReferenceImpl) <init>[0m
  [34mIgnoring implicit executable reference: (CtExecutableReferenceImpl) <init>[0m
  [34mIgnoring implicit executable reference: (CtExecutableReferenceImpl) <init>[0m
  [34mUnused type args: [E][0m
  [34mUnused type args: [E][0m
  [34mUnused type args: [E][0m
  [34mUnused type args: [E][0m
  [34mUnused type args: [E][0m
  [34mUnused type args: [?][0m
  [34mIgnoring implicit executable reference: (CtExecutableReferenceImpl) <init>[0m
  [34mIgnoring implicit executable reference: (CtExecutableReferenceImpl) <init>[0m
  [34mUnused type args: [E @ src/main/java/org/apache/commons/collections4/IteratorUtils.java:1045:40][0m
  [34mUnused type args: [?][0m
  [34mUnused type args: [?][0m
  [34mIgnoring implicit executable reference: (CtExecutableReferenceImpl) <init>[0m
  [34mUnused type args: [T @ src/main/java/org/apache/commons/collections4/list/PredicatedList.java:68:35][0m
  [34mUnused type args: [E][0m
  [34mUnused type args: [?][0m
  [34mUnused type args: [T][0m
  [34mUnused type args: [?][0m
  [34mUnused type args: [E][0m
  [34mUnused type args: [? @ src/main/java/org/apache/commons/collections4/bag/AbstractMapBag.java:565:19][0m
  [34mUnused type args: [? @ src/main/java/org/apache/commons/collections4/bag/AbstractMapBag.java:565:35][0m
  [34mUnused type args: [?][0m
  [34mUnused type args: [E][0m
  [34mUnused type args: [E][0m
  [34mUnused type args: [E, org.apache.commons.collections4.bag.AbstractMapBag$MutableInteger][0m
  [34mUnused type args: [E][0m
  [34mUnused type args: [?][0m
  [34mUnused type args: [E][0m
  [34mUnused type args: [?][0m
  [34mUnused type args: [? @ src/main/java/org/apache/commons/collections4/bag/AbstractMapBag.java:361:28][0m
  [34mUnused type args: [?][0m
  [34mUnused type args: [?][0m
  [34mUnused type args: [?][0m
  [34mUnused type args: [E][0m
  [34mUnused type args: [?][0m
  [34mIgnoring implicit executable reference: (CtExecutableReferenceImpl) <init>[0m
  [34mUnused type args: [E @ src/main/java/org/apache/commons/collections4/IteratorUtils.java:353:38][0m
  [34mIgnoring implicit executable reference: (CtExecutableReferenceImpl) <init>[0m
  [34mUnused type args: [E @ src/main/java/org/apache/commons/collections4/IteratorUtils.java:523:34][0m
  [34mUnused type args: [?][0m
  [34mUnused type args: [?][0m
  [34mUnused type args: [?][0m
  [34mUnused type args: [?][0m
  [34mUnused type args: [E][0m
  [34mUnused type args: [E][0m
  [34mUnused type args: [E][0m
  [34mUnused type args: [E][0m
  [34mUnused type args: [E][0m
  [34mUnused type args: [?][0m
  [34mUnused type args: [E][0m
  [34mUnused type args: [?][0m
  [34mUnused type args: [E][0m
  [34mUnused type args: [E @ src/main/java/org/apache/commons/collections4/IteratorUtils.java:600:26][0m
  [34mUnused type args: [E][0m
  [34mUnused type args: [?][0m
  [34mUnused type args: [E @ src/main/java/org/apache/commons/collections4/IteratorUtils.java:601:83][0m
  [34mUnused type args: [?][0m
  [34mIgnoring implicit executable reference: (CtExecutableReferenceImpl) <init>[0m
  [34mUnused type args: [E @ src/main/java/org/apache/commons/collections4/IteratorUtils.java:602:38][0m
  [34mUnused type args: [?][0m
  [34mUnused type args: [?][0m
  [34mUnused type args: [E][0m
  [34mUnused type args: [?][0m
  [34mIgnoring implicit executable reference: (CtExecutableReferenceImpl) <init>[0m
  [34mIgnoring implicit executable reference: (CtExecutableReferenceImpl) <init>[0m
  [34mUnused type args: [E @ src/main/java/org/apache/commons/collections4/queue/PredicatedQueue.java:58:36][0m
  [34mUnused type args: [E][0m
  [34mUnused type args: [?][0m
  [34mUnused type args: [E][0m
  [34mUnused type args: [?][0m
  [34mUnused type args: [E][0m
  [34mUnused type args: [E][0m
  [34mUnused type args: [E][0m
  [34mIgnoring implicit executable reference: (CtExecutableReferenceImpl) <init>[0m
  [34mIgnoring implicit executable reference: (CtExecutableReferenceImpl) <init>[0m
  [34mUnused type args: [E][0m
  [34mUnused type args: [?][0m
  [34mUnused type args: [E][0m
  [34mUnused type args: [java.util.Iterator][0m
  [34mUnused type args: [?][0m
  [34mUnused type args: [? @ src/main/java/org/apache/commons/collections4/iterators/ZippingIterator.java:116:28][0m
  [34mUnused type args: [E][0m
  [34mUnused type args: [java.util.Iterator][0m
  [34mUnused type args: [?][0m
  [34mUnused type args: [?][0m
  [34mUnused type args: [?][0m
  [34mUnused type args: [?][0m
  [34mUnused type args: [E][0m
  [34mUnused type args: [?][0m
  [34mUnused type args: [?][0m
  [34mUnused type args: [E][0m
  [34mUnused type args: [java.util.Iterator][0m
  [34mUnused type args: [?][0m
  [34mIgnoring implicit executable reference: (CtExecutableReferenceImpl) <init>[0m
  [34mUnused type args: [E @ src/main/java/org/apache/commons/collections4/IteratorUtils.java:305:40][0m
  [34mUnused type args: [E][0m
  [34mUnused type args: [E][0m
  [34mUnused type args: [?][0m
  [34mUnused type args: [E][0m
  [34mUnused type args: [E][0m
  [34mIgnoring implicit executable reference: (CtExecutableReferenceImpl) <init>[0m
  [34mUnused type args: [E @ src/main/java/org/apache/commons/collections4/IteratorUtils.java:324:34][0m
  [34mUnused type args: [java.lang.Object][0m
  [34mUnused type args: [java.lang.Object][0m
  [34mUnused type args: [? @ src/main/java/org/apache/commons/collections4/IteratorUtils.java:1160:30][0m
  [34mUnused type args: [? @ src/main/java/org/apache/commons/collections4/IteratorUtils.java:1163:31][0m
  [34mUnused type args: [?][0m
  [34mIgnoring implicit executable reference: (CtExecutableReferenceImpl) <init>[0m
  [34mUnused type args: [java.lang.Object @ src/main/java/org/apache/commons/collections4/IteratorUtils.java:1166:44][0m
  [34mIgnoring implicit executable reference: (CtExecutableReferenceImpl) <init>[0m
  [34mUnused type args: [java.lang.Object @ src/main/java/org/apache/commons/collections4/IteratorUtils.java:1169:44][0m
  [34mUnused type args: [?][0m
  [34mUnused type args: [? @ src/main/java/org/apache/commons/collections4/IteratorUtils.java:1169:65][0m
  [34mUnused type args: [? @ src/main/java/org/apache/commons/collections4/IteratorUtils.java:1172:26, ? @ src/main/java/org/apache/commons/collections4/IteratorUtils.java:1172:29][0m
  [34mUnused type args: [?][0m
  [34mUnused type args: [?][0m
  [34mIgnoring implicit executable reference: (CtExecutableReferenceImpl) <init>[0m
  [34mIgnoring implicit executable reference: (CtExecutableReferenceImpl) <init>[0m
  [34mIgnoring implicit executable reference: (CtExecutableReferenceImpl) <init>[0m
  [34mUnused type args: [java.lang.Object @ src/main/java/org/apache/commons/collections4/IteratorUtils.java:1181:44][0m
  [34mUnused type args: [?][0m
  [34mUnused type args: [? @ src/main/java/org/apache/commons/collections4/IteratorUtils.java:1181:65, ? @ src/main/java/org/apache/commons/collections4/IteratorUtils.java:1181:68][0m
  [34mUnused type args: [?][0m
  [34mUnused type args: [?][0m
  [34mIgnoring implicit executable reference: (CtExecutableReferenceImpl) <init>[0m
  [34mUnused type args: [java.lang.Object @ src/main/java/org/apache/commons/collections4/IteratorUtils.java:1183:38][0m
  [34mUnused type args: [?][0m
  [34mUnused type args: [?][0m
  [34mSkipping selection with no field declaration: (CtFieldReferenceImpl) class[0m
  [34mSkipping selection with no field declaration: (CtFieldReferenceImpl) class[0m
  [34mUnused type args: [?][0m
  [34mUnused type args: [?][0m
  [34mUnused type args: [? @ src/main/java/org/apache/commons/collections4/IteratorUtils.java:1188:32][0m
  [34mUnused type args: [? @ src/main/java/org/apache/commons/collections4/IteratorUtils.java:1188:50][0m
  [34mUnused type args: [?][0m
  [34mUnused type args: [?][0m
  [34mUnused type args: [java.lang.Object][0m
  [34mUnused type args: [java.lang.Object][0m
  [34mUnused type args: [?][0m
  [34mUnused type args: [E @ src/main/java/org/apache/commons/collections4/set/UnmodifiableSet.java:55:23][0m
  [34mUnused type args: [E @ src/main/java/org/apache/commons/collections4/set/UnmodifiableSet.java:55:40][0m
  [34mUnused type args: [?][0m
  [34mUnused type args: [E][0m
  [34mIgnoring implicit executable reference: (CtExecutableReferenceImpl) <init>[0m
  [34mUnused type args: [E @ src/main/java/org/apache/commons/collections4/set/UnmodifiableSet.java:58:36][0m
  [34mUnused type args: [?][0m
  [34mUnused type args: [?][0m
  [34mIgnoring implicit executable reference: (CtExecutableReferenceImpl) <init>[0m
  [34mUnused type args: [E][0m
  [34mIgnoring implicit executable reference: (CtExecutableReferenceImpl) <init>[0m
  [34mUnused type args: [E][0m
  [34mUnused type args: [?][0m
  [34mUnused type args: [E][0m
  [34mIgnoring implicit executable reference: (CtExecutableReferenceImpl) <init>[0m
  [34mUnused type args: [E][0m
  [34mIgnoring implicit executable reference: (CtExecutableReferenceImpl) <init>[0m
  [34mIgnoring implicit executable reference: (CtExecutableReferenceImpl) <init>[0m
  [34mUnused type args: [E @ src/main/java/org/apache/commons/collections4/IteratorUtils.java:804:40][0m
  [34mUnused type args: [E][0m
  [34mUnused type args: [E][0m
  [34mIgnoring implicit executable reference: (CtExecutableReferenceImpl) <init>[0m
  [34mIgnoring implicit executable reference: (CtExecutableReferenceImpl) <init>[0m
  [34mIgnoring implicit executable reference: (CtExecutableReferenceImpl) <init>[0m
  [34mUnused type args: [E][0m
  [34mUnused type args: [E][0m
  [34mUnused type args: [?][0m
  [34mUnused type args: [E][0m
  [34mUnused type args: [E][0m
  [34mUnused type args: [E][0m
  [34mIgnoring implicit executable reference: (CtExecutableReferenceImpl) <init>[0m
  [34mUnused type args: [E @ src/main/java/org/apache/commons/collections4/IteratorUtils.java:225:42][0m
  [34mUnused type args: [?][0m
  [34mUnused type args: [?][0m
  [34mUnused type args: [?][0m
  [34mIgnoring implicit executable reference: (CtExecutableReferenceImpl) <init>[0m
  [34mUnused type args: [E @ src/main/java/org/apache/commons/collections4/IteratorUtils.java:211:38][0m
  [34mIgnoring implicit executable reference: (CtExecutableReferenceImpl) <init>[0m
  [34mIgnoring implicit executable reference: (CtExecutableReferenceImpl) <init>[0m
  [34mUnused type args: [E][0m
  [34mUnused type args: [?][0m
  [34mUnused type args: [E][0m
  [34mUnused type args: [?][0m
  [34mUnused type args: [E][0m
  [34mIgnoring implicit executable reference: (CtExecutableReferenceImpl) <init>[0m
  [34mUnused type args: [E @ src/main/java/org/apache/commons/collections4/bag/AbstractMapBag.java:609:24][0m
  [34mUnused type args: [E][0m
  [34mUnused type args: [E][0m
  [34mUnused type args: [E][0m
  [34mUnused type args: [E][0m
  [34mUnused type args: [E][0m
  [34mUnused type args: [E][0m
  [34mUnused type args: [E][0m
  [34mUnused type args: [E][0m
  [34mUnused type args: [E][0m
  [34mUnused type args: [?][0m
  [34mUnused type args: [?][0m
  [34mIgnoring implicit executable reference: (CtExecutableReferenceImpl) <init>[0m
  [34mIgnoring implicit executable reference: (CtExecutableReferenceImpl) <init>[0m
  [34mUnused type args: [E @ src/main/java/org/apache/commons/collections4/IteratorUtils.java:420:38][0m
  [34mUnused type args: [E][0m
  [34mUnused type args: [E][0m
  [34mUnused type args: [?][0m
  [34mUnused type args: [?][0m
  [34mUnused type args: [K, V][0m
  [34mUnused type args: [K, V][0m
  [34mUnused type args: [?, ?][0m
  [34mUnused type args: [K, V][0m
  [34mIgnoring implicit executable reference: (CtExecutableReferenceImpl) <init>[0m
  [34mIgnoring implicit executable reference: (CtExecutableReferenceImpl) <init>[0m
  [34mUnused type args: [?][0m
  [34mUnused type args: [?][0m
  [34mUnused type args: [?][0m
  [34mUnused type args: [?][0m
  [34mUnused type args: [E][0m
  [34mUnused type args: [E][0m
  [34mUnused type args: [E][0m
  [34mUnused type args: [E][0m
  [34mUnused type args: [E][0m
  [34mUnused type args: [E][0m
  [34mUnused type args: [E][0m
  [34mUnused type args: [E][0m
  [34mUnused type args: [E][0m
  [34mIgnoring implicit executable reference: (CtExecutableReferenceImpl) <init>[0m
  [34mUnused type args: [E][0m
  [34mUnused type args: [E, org.apache.commons.collections4.bag.AbstractMapBag$MutableInteger][0m
  [34mUnused type args: [E][0m
  [34mUnused type args: [E, org.apache.commons.collections4.bag.AbstractMapBag$MutableInteger][0m
  [34mUnused type args: [E][0m
  [34mUnused type args: [java.util.Map$Entry][0m
  [34mUnused type args: [E, org.apache.commons.collections4.bag.AbstractMapBag$MutableInteger][0m
  [34mUnused type args: [E, org.apache.commons.collections4.bag.AbstractMapBag$MutableInteger][0m
  [34mUnused type args: [E][0m
  [34mUnused type args: [E][0m
  [34mUnused type args: [E, org.apache.commons.collections4.bag.AbstractMapBag$MutableInteger][0m
  [34mUnused type args: [E][0m
  [34mUnused type args: [E][0m
  [34mUnused type args: [E][0m
  [34mUnused type args: [E, org.apache.commons.collections4.bag.AbstractMapBag$MutableInteger][0m
  [34mUnused type args: [E][0m
  [34mIgnoring implicit executable reference: (CtExecutableReferenceImpl) <init>[0m
  [34mUnused type args: [E][0m
  [34mUnused type args: [?][0m
  [34mUnused type args: [?][0m
  [34mUnused type args: [E][0m
  [34mUnused type args: [?][0m
  [34mUnused type args: [E][0m
  [34mUnused type args: [?][0m
  [34mUnused type args: [?][0m
  [34mUnused type args: [E][0m
  [34mUnused type args: [?][0m
  [34mIgnoring implicit executable reference: (CtExecutableReferenceImpl) <init>[0m
  [34mIgnoring implicit executable reference: (CtExecutableReferenceImpl) <init>[0m
  [34mUnused type args: [E][0m
  [34mUnused type args: [E][0m
  [34mIgnoring implicit executable reference: (CtExecutableReferenceImpl) <init>[0m
  [34mUnused type args: [E @ src/main/java/org/apache/commons/collections4/IteratorUtils.java:337:44][0m
  [34mUnused type args: [?][0m
  [34mUnused type args: [E][0m
  [34mUnused type args: [?][0m
  [34mUnused type args: [? @ src/main/java/org/apache/commons/collections4/bag/AbstractMapBag.java:142:37][0m
  [34mUnused type args: [?][0m
  [34mUnused type args: [E][0m
  [34mUnused type args: [?][0m
  [34mIgnoring implicit executable reference: (CtExecutableReferenceImpl) <init>[0m
  [34mUnused type args: [java.lang.Object @ src/main/java/org/apache/commons/collections4/bag/AbstractMapBag.java:144:40][0m
  [34mUnused type args: [?][0m
  [34mUnused type args: [?][0m
  [34mUnused type args: [E][0m
  [34mUnused type args: [?][0m
  [34mUnused type args: [E][0m
  [34mUnused type args: [E][0m
  [34mIgnoring implicit executable reference: (CtExecutableReferenceImpl) <init>[0m
  [34mIgnoring implicit executable reference: (CtExecutableReferenceImpl) <init>[0m
  [34mUnused type args: [E][0m
  [34mUnused type args: [E][0m
  [34mUnused type args: [E @ src/main/java/org/apache/commons/collections4/IteratorUtils.java:576:26][0m
  [34mUnused type args: [E][0m
  [34mUnused type args: [?][0m
  [34mUnused type args: [E @ src/main/java/org/apache/commons/collections4/IteratorUtils.java:577:83][0m
  [34mUnused type args: [?][0m
  [34mIgnoring implicit executable reference: (CtExecutableReferenceImpl) <init>[0m
  [34mUnused type args: [E @ src/main/java/org/apache/commons/collections4/IteratorUtils.java:578:38][0m
  [34mUnused type args: [?][0m
  [34mUnused type args: [?][0m
  [34mUnused type args: [?][0m
  [34mUnused type args: [E][0m
  [34mUnused type args: [?][0m
  [34mUnused type args: [?][0m
  [34mUnused type args: [E][0m
  [34mUnused type args: [E][0m
  [34mUnused type args: [E][0m
  [34mIgnoring implicit executable reference: (CtExecutableReferenceImpl) <init>[0m
  [34mUnused type args: [E @ src/main/java/org/apache/commons/collections4/IteratorUtils.java:401:44][0m
  [34mUnused type args: [E][0m
  [34mUnused type args: [E][0m
  [34mUnused type args: [E][0m
  [34mUnused type args: [E][0m
  [34mUnused type args: [E][0m
  [34mUnused type args: [E][0m
  [34mUnused type args: [E][0m
  [34mUnused type args: [java.util.Map$Entry][0m
  [34mUnused type args: [E, org.apache.commons.collections4.bag.AbstractMapBag$MutableInteger][0m
  [34mUnused type args: [E][0m
  [34mUnused type args: [E, org.apache.commons.collections4.bag.AbstractMapBag$MutableInteger][0m
  [34mUnused type args: [E][0m
  [34mUnused type args: [E][0m
  [34mUnused type args: [E, org.apache.commons.collections4.bag.AbstractMapBag$MutableInteger][0m
  [34mUnused type args: [E][0m
  [34mUnused type args: [E][0m
  [34mUnused type args: [E][0m
  [34mUnused type args: [E][0m
  [34mUnused type args: [E][0m
  [34mUnused type args: [?][0m
  [34mUnused type args: [E][0m
  [34mUnused type args: [E][0m
  [34mUnused type args: [E][0m
  [34mUnused type args: [?][0m
  [34mUnused type args: [?][0m
  [34mUnused type args: [?][0m
  [34mIgnoring implicit executable reference: (CtExecutableReferenceImpl) <init>[0m
  [34mUnused type args: [?][0m
  [34mIgnoring implicit executable reference: (CtExecutableReferenceImpl) <init>[0m
  [34mIgnoring implicit executable reference: (CtExecutableReferenceImpl) <init>[0m
  [34mUnused type args: [E @ src/main/java/org/apache/commons/collections4/IteratorUtils.java:980:40][0m
  [34mUnused type args: [?][0m
  [34mUnused type args: [?][0m
  [34mUnused type args: [?][0m
  [34mUnused type args: [?][0m
  [34mIgnoring implicit executable reference: (CtExecutableReferenceImpl) <init>[0m
  [34mUnused type args: [E @ src/main/java/org/apache/commons/collections4/IteratorUtils.java:239:40][0m
  [34mIgnoring implicit executable reference: (CtExecutableReferenceImpl) <init>[0m
  [34mIgnoring implicit executable reference: (CtExecutableReferenceImpl) <init>[0m
  [34mUnused type args: [E][0m
  [34mUnused type args: [E][0m
  [34mUnused type args: [E @ src/main/java/org/apache/commons/collections4/bag/PredicatedBag.java:89:21][0m
  [34mUnused type args: [E][0m
  [34mUnused type args: [E][0m
  [34mIgnoring implicit executable reference: (CtExecutableReferenceImpl) <init>[0m
  [34mUnused type args: [E @ src/main/java/org/apache/commons/collections4/IteratorUtils.java:929:36][0m
  [34mUnused type args: [?][0m
  [34mUnused type args: [?][0m
  [34mUnused type args: [?][0m
  [34mUnused type args: [?][0m
  [34mUnused type args: [?][0m
  [34mUnused type args: [?][0m
  [34mIgnoring implicit executable reference: (CtExecutableReferenceImpl) <init>[0m
  [34mUnused type args: [E @ src/main/java/org/apache/commons/collections4/IteratorUtils.java:367:44][0m
  [34mUnused type args: [E][0m
  [34mUnused type args: [E][0m
  [34mIgnoring implicit executable reference: (CtExecutableReferenceImpl) <init>[0m
  [34mIgnoring implicit executable reference: (CtExecutableReferenceImpl) <init>[0m
  [34mUnused type args: [?][0m
  [34mUnused type args: [E][0m
  [34mUnused type args: [E][0m
  [34mUnused type args: [?][0m
  [34mUnused type args: [?][0m
  [34mUnused type args: [E @ src/main/java/org/apache/commons/collections4/bag/AbstractMapBag.java:395:19][0m
  [34mIgnoring implicit executable reference: (CtExecutableReferenceImpl) <init>[0m
  [34mUnused type args: [E @ src/main/java/org/apache/commons/collections4/bag/AbstractMapBag.java:395:43][0m
  [34mUnused type args: [E @ src/main/java/org/apache/commons/collections4/bag/AbstractMapBag.java:396:24][0m
  [34mUnused type args: [E][0m
  [34mUnused type args: [E][0m
  [34mUnused type args: [E][0m
  [34mUnused type args: [E][0m
  [34mUnused type args: [E][0m
  [34mUnused type args: [E][0m
  [34mUnused type args: [?][0m
  [34mUnused type args: [E][0m
  [34mUnused type args: [E][0m
  [34mUnused type args: [E][0m
  [34mUnused type args: [E][0m
  [34mUnused type args: [?][0m
  [34mUnused type args: [E][0m
  [34mIgnoring implicit executable reference: (CtExecutableReferenceImpl) <init>[0m
  [34mUnused type args: [E @ src/main/java/org/apache/commons/collections4/IteratorUtils.java:460:36][0m
  [34mUnused type args: [?][0m
  [34mUnused type args: [?][0m
  [34mUnused type args: [E][0m
  [34mUnused type args: [E, org.apache.commons.collections4.bag.AbstractMapBag$MutableInteger][0m
  [34mUnused type args: [E][0m
  [34mUnused type args: [E][0m
  [34mIgnoring implicit executable reference: (CtExecutableReferenceImpl) <init>[0m
  [34mIgnoring implicit executable reference: (CtExecutableReferenceImpl) <init>[0m
  [34mUnused type args: [E][0m
  [34mUnused type args: [E][0m
  [34mUnused type args: [E @ src/main/java/org/apache/commons/collections4/bag/AbstractMapBag.java:589:26, org.apache.commons.collections4.bag.AbstractMapBag$MutableInteger @ src/main/java/org/apache/commons/collections4/bag/AbstractMapBag.java:589:29][0m
  [34mUnused type args: [E][0m
  [34mUnused type args: [E, org.apache.commons.collections4.bag.AbstractMapBag$MutableInteger][0m
  [34mUnused type args: [java.util.Map$Entry][0m
  [34mUnused type args: [E, org.apache.commons.collections4.bag.AbstractMapBag$MutableInteger][0m
  [34mUnused type args: [E, org.apache.commons.collections4.bag.AbstractMapBag$MutableInteger][0m
  [34mUnused type args: [E, org.apache.commons.collections4.bag.AbstractMapBag$MutableInteger][0m
  [34mUnused type args: [E][0m
  [34mUnused type args: [E][0m
  [34mUnused type args: [E][0m
  [34mIgnoring implicit executable reference: (CtExecutableReferenceImpl) <init>[0m
  [34mUnused type args: [E @ src/main/java/org/apache/commons/collections4/bag/AbstractMapBag.java:174:32][0m
  [34mUnused type args: [E][0m
  [34mUnused type args: [E][0m
  [34mUnused type args: [?][0m
  [34mIgnoring implicit executable reference: (CtExecutableReferenceImpl) <init>[0m
  [34mUnused type args: [?][0m
  [34mIgnoring implicit executable reference: (CtExecutableReferenceImpl) <init>[0m
  [34mIgnoring implicit executable reference: (CtExecutableReferenceImpl) <init>[0m
  [34mUnused type args: [E @ src/main/java/org/apache/commons/collections4/IteratorUtils.java:764:39][0m
  [34mUnused type args: [?][0m
  [34mUnused type args: [?][0m
  [34mUnused type args: [?][0m
  [34mUnused type args: [?][0m
  [34mIgnoring implicit executable reference: (CtExecutableReferenceImpl) <init>[0m
  [34mUnused type args: [E @ src/main/java/org/apache/commons/collections4/set/PredicatedSet.java:60:34][0m
  [34mUnused type args: [E][0m
  [34mUnused type args: [?][0m
  [34mUnused type args: [E][0m
  [34mUnused type args: [?][0m
  [34mUnused type args: [E][0m
  [34mUnused type args: [E, org.apache.commons.collections4.bag.AbstractMapBag$MutableInteger][0m
  [34mIgnoring implicit executable reference: (CtExecutableReferenceImpl) <init>[0m
  [34mUnused type args: [E @ src/main/java/org/apache/commons/collections4/bag/HashBag.java:75:40, org.apache.commons.collections4.bag.AbstractMapBag$MutableInteger @ src/main/java/org/apache/commons/collections4/bag/HashBag.java:75:43][0m
  [34mUnused type args: [K @ src/main/java/org/apache/commons/collections4/IteratorUtils.java:195:41, V @ src/main/java/org/apache/commons/collections4/IteratorUtils.java:195:44][0m
  [34mUnused type args: [K, V][0m
  [34mIgnoring implicit executable reference: (CtExecutableReferenceImpl) <init>[0m
  [34mUnused type args: [E][0m
  [34mUnused type args: [E][0m
  [34mUnused type args: [E][0m
  [34mUnused type args: [E][0m
  [34mUnused type args: [E][0m
  [34mUnused type args: [E][0m
  [34mUnused type args: [E][0m
  [34mUnused type args: [E][0m
  [34mUnused type args: [E][0m
  [34mUnused type args: [E][0m
  [34mUnused type args: [?][0m
  [34mUnused type args: [?][0m
  [34mIgnoring implicit executable reference: (CtExecutableReferenceImpl) <init>[0m
  [34mIgnoring implicit executable reference: (CtExecutableReferenceImpl) <init>[0m
  [34mUnused type args: [?][0m
  [34mUnused type args: [?][0m
  [34mUnused type args: [?][0m
  [34mUnused type args: [E][0m
  [34mUnused type args: [E @ src/main/java/org/apache/commons/collections4/bag/AbstractMapBag.java:453:24][0m
  [34mUnused type args: [E][0m
  [34mUnused type args: [E, org.apache.commons.collections4.bag.AbstractMapBag$MutableInteger][0m
  [34mUnused type args: [E][0m
  [34mUnused type args: [E][0m
  [34mUnused type args: [E][0m
  [34mUnused type args: [E][0m
  [34mUnused type args: [E][0m
  [34mIgnoring implicit executable reference: (CtExecutableReferenceImpl) <init>[0m
  [34mIgnoring implicit executable reference: (CtExecutableReferenceImpl) <init>[0m
  [34mUnused type args: [E][0m
  [34mUnused type args: [E][0m
  [34mUnused type args: [E][0m
  [34mUnused type args: [E][0m
  [34mUnused type args: [E][0m
  [34mUnused type args: [java.util.Map$Entry][0m
  [34mUnused type args: [E, org.apache.commons.collections4.bag.AbstractMapBag$MutableInteger][0m
  [34mUnused type args: [E][0m
  [34mUnused type args: [E][0m
  [34mUnused type args: [java.util.Map$Entry][0m
  [34mUnused type args: [E, org.apache.commons.collections4.bag.AbstractMapBag$MutableInteger][0m
  [34mUnused type args: [E][0m
  [34mUnused type args: [E][0m
  [34mUnused type args: [E, org.apache.commons.collections4.bag.AbstractMapBag$MutableInteger][0m
  [34mUnused type args: [java.util.Map$Entry][0m
  [34mUnused type args: [E, org.apache.commons.collections4.bag.AbstractMapBag$MutableInteger][0m
  [34mUnused type args: [java.util.Map$Entry][0m
  [34mUnused type args: [E, org.apache.commons.collections4.bag.AbstractMapBag$MutableInteger][0m
  [34mUnused type args: [E, org.apache.commons.collections4.bag.AbstractMapBag$MutableInteger][0m
  [34mUnused type args: [E][0m
  [34mUnused type args: [E][0m
  [34mUnused type args: [E, org.apache.commons.collections4.bag.AbstractMapBag$MutableInteger][0m
  [34mUnused type args: [E][0m
  [34mUnused type args: [E][0m
  [34mUnused type args: [E][0m
  [34mUnused type args: [E][0m
  [34mUnused type args: [E][0m
  [34mUnused type args: [E][0m
  [34mUnused type args: [E][0m
  [34mUnused type args: [E][0m
  [34mIgnoring implicit executable reference: (CtExecutableReferenceImpl) <init>[0m
  [34mUnused type args: [?][0m
  [34mIgnoring implicit executable reference: (CtExecutableReferenceImpl) <init>[0m
  [34mUnused type args: [E][0m
  [34mUnused type args: [E][0m
  [34mUnused type args: [E][0m
  [34mUnused type args: [E][0m
  [34mUnused type args: [?][0m
  [34mUnused type args: [E][0m
  [34mUnused type args: [?][0m
  [34mUnused type args: [E][0m
  [34mUnused type args: [E][0m
  [34mUnused type args: [?][0m
  [34mUnused type args: [E][0m
  [34mUnused type args: [E][0m
  [34mUnused type args: [E][0m
  [34mIgnoring implicit executable reference: (CtExecutableReferenceImpl) <init>[0m
  [34mUnused type args: [E][0m
  [34mUnused type args: [E][0m
  [34mUnused type args: [E, org.apache.commons.collections4.bag.AbstractMapBag$MutableInteger][0m
  [34mUnused type args: [?][0m
  [34mIgnoring implicit executable reference: (CtExecutableReferenceImpl) <init>[0m
  [34mIgnoring implicit executable reference: (CtExecutableReferenceImpl) <init>[0m
  [34mUnused type args: [E @ src/main/java/org/apache/commons/collections4/IteratorUtils.java:1127:20][0m
  [34mIgnoring implicit executable reference: (CtExecutableReferenceImpl) <init>[0m
  [34mUnused type args: [E @ src/main/java/org/apache/commons/collections4/IteratorUtils.java:1127:44][0m
  [34mUnused type args: [?][0m
  [34mUnused type args: [E][0m
  [34mUnused type args: [?][0m
  [34mUnused type args: [E][0m
  [34mUnused type args: [?][0m
  [34mIgnoring implicit executable reference: (CtExecutableReferenceImpl) <init>[0m
  [34mUnused type args: [?][0m
  [34mUnused type args: [E @ src/main/java/org/apache/commons/collections4/iterators/UnmodifiableIterator.java:53:28][0m
  [34mUnused type args: [E @ src/main/java/org/apache/commons/collections4/iterators/UnmodifiableIterator.java:53:55][0m
  [34mUnused type args: [?][0m
  [34mUnused type args: [E][0m
  [34mIgnoring implicit executable reference: (CtExecutableReferenceImpl) <init>[0m
  [34mUnused type args: [E @ src/main/java/org/apache/commons/collections4/iterators/UnmodifiableIterator.java:56:41][0m
  [34mUnused type args: [?][0m
  [34mUnused type args: [?][0m
  [34mUnused type args: [?][0m
  [34mIgnoring implicit executable reference: (CtExecutableReferenceImpl) <init>[0m
  [34mUnused type args: [E][0m
  [34mUnused type args: [E][0m
  [34mUnused type args: [E][0m
  [34mUnused type args: [?][0m
  [34mUnused type args: [E][0m
  [34mUnused type args: [E][0m
  [34mUnused type args: [E][0m
  [34mIgnoring implicit executable reference: (CtExecutableReferenceImpl) <init>[0m
  [34mIgnoring implicit executable reference: (CtExecutableReferenceImpl) <init>[0m
  [34mUnused type args: [E][0m
  [34mUnused type args: [E @ src/main/java/org/apache/commons/collections4/set/UnmodifiableSet.java:70:20][0m
  [34mUnused type args: [?][0m
  [34mIgnoring implicit executable reference: (CtExecutableReferenceImpl) <init>[0m
  [34mUnused type args: [E @ src/main/java/org/apache/commons/collections4/IteratorUtils.java:550:34][0m
  [34mUnused type args: [java.util.Iterator][0m
  [34mUnused type args: [?][0m
  [34mUnused type args: [java.util.Iterator][0m
  [34mUnused type args: [?][0m
  [34mUnused type args: [?][0m
  [34mIgnoring implicit executable reference: (CtExecutableReferenceImpl) <init>[0m
  [34mUnused type args: [? @ src/main/java/org/apache/commons/collections4/IteratorUtils.java:1062:20][0m
  [34mUnused type args: [?][0m
  [34mUnused type args: [?][0m
  [34mUnused type args: [?][0m
  [34mUnused type args: [?][0m
  [34mUnused type args: [?][0m
  [34mUnused type args: [?][0m
  [34mIgnoring implicit executable reference: (CtExecutableReferenceImpl) <init>[0m
  [34mUnused type args: [E][0m
  [34mUnused type args: [E][0m
  [34mUnused type args: [E][0m
  [34mUnused type args: [?][0m
  [34mUnused type args: [?][0m
  [34mIgnoring implicit executable reference: (CtExecutableReferenceImpl) <init>[0m
  [34mUnused type args: [?, ?][0m
  [34mIgnoring implicit executable reference: (CtExecutableReferenceImpl) <init>[0m
  [34mIgnoring implicit executable reference: (CtExecutableReferenceImpl) <init>[0m
  [34mUnused type args: [I @ src/main/java/org/apache/commons/collections4/IteratorUtils.java:715:38, O @ src/main/java/org/apache/commons/collections4/IteratorUtils.java:715:41][0m
  [34mUnused type args: [?][0m
  [34mUnused type args: [?, ?][0m
  [34mUnused type args: [?][0m
  [34mUnused type args: [?, ?][0m
  [34mUnused type args: [?][0m
  [34mIgnoring implicit executable reference: (CtExecutableReferenceImpl) <init>[0m
  [34mUnused type args: [E][0m
  [34mUnused type args: [E][0m
  [34mUnused type args: [E][0m
  [34mUnused type args: [?][0m
  [34mUnused type args: [E][0m
  [34mUnused type args: [E][0m
  [34mIgnoring implicit executable reference: (CtExecutableReferenceImpl) <init>[0m
  [34mUnused type args: [E @ src/main/java/org/apache/commons/collections4/IteratorUtils.java:289:34][0m
  [34mIgnoring implicit executable reference: (CtExecutableReferenceImpl) <init>[0m
  [34mUnused type args: [E][0m
  [34mUnused type args: [E][0m
  [34mUnused type args: [E][0m
  [34mUnused type args: [E][0m
  [34mUnused type args: [E, org.apache.commons.collections4.bag.AbstractMapBag$MutableInteger][0m
  [34mUnused type args: [E][0m
  [34mUnused type args: [E][0m
  [34mUnused type args: [E, org.apache.commons.collections4.bag.AbstractMapBag$MutableInteger][0m
  [34mIgnoring implicit executable reference: (CtExecutableReferenceImpl) <init>[0m
  [34mUnused type args: [T @ src/main/java/org/apache/commons/collections4/functors/NotNullPredicate.java:47:27][0m
  [34mUnused type args: [E][0m
  [34mUnused type args: [E][0m
  [34mUnused type args: [E][0m
  [34mUnused type args: [E][0m
  [34mUnused type args: [E][0m
  [34mUnused type args: [E][0m
  [34mUnused type args: [?, java.lang.String][0m
  [34mUnused type args: [E][0m
  [34mUnused type args: [E][0m
  [34mUnused type args: [E, java.lang.String][0m
  [34mUnused type args: [E][0m
  [34mUnused type args: [E][0m
  [34mUnused type args: [E][0m
  [34mUnused type args: [E][0m
  [34mUnused type args: [?][0m
  [34mUnused type args: [?][0m
  [34mIgnoring implicit executable reference: (CtExecutableReferenceImpl) <init>[0m
  [34mUnused type args: [E @ src/main/java/org/apache/commons/collections4/IteratorUtils.java:688:40][0m
  [34mUnused type args: [?, ?][0m
  [34mUnused type args: [?, ?][0m
  [34mIgnoring implicit executable reference: (CtExecutableReferenceImpl) <init>[0m
  getting parent type for (CtClassImpl) CardinalityHelper @ src/main/java/org/apache/commons/collections4/CollectionUtils.java:61:26
  getting parent type for (CtClassImpl) SetOperationCardinalityHelper @ src/main/java/org/apache/commons/collections4/CollectionUtils.java:128:26
  getting parent type for (CtClassImpl) EquatorWrapper @ src/main/java/org/apache/commons/collections4/CollectionUtils.java:579:26
  [34mUnused type args: [E][0m
  [34mUnused type args: [E][0m
  [34mUnused type args: [E][0m
  [34mIgnoring implicit executable reference: (CtExecutableReferenceImpl) <init>[0m
  [34mUnused type args: [E][0m
  [34mUnused type args: [?][0m
  [34mIgnoring implicit executable reference: (CtExecutableReferenceImpl) <init>[0m
  [34mUnused type args: [E][0m
  [34mUnused type args: [?][0m
  [34mUnused type args: [?][0m
  [34mUnused type args: [E][0m
  [34mUnused type args: [?][0m
  [34mUnused type args: [E @ src/main/java/org/apache/commons/collections4/IteratorUtils.java:625:26][0m
  [34mUnused type args: [E][0m
  [34mUnused type args: [?][0m
  [34mUnused type args: [E @ src/main/java/org/apache/commons/collections4/IteratorUtils.java:626:83][0m
  [34mUnused type args: [?][0m
  [34mIgnoring implicit executable reference: (CtExecutableReferenceImpl) <init>[0m
  [34mUnused type args: [E @ src/main/java/org/apache/commons/collections4/IteratorUtils.java:627:38][0m
  [34mUnused type args: [?][0m
  [34mUnused type args: [java.util.Iterator][0m
  [34mUnused type args: [?][0m
  [34mUnused type args: [E][0m
  [34mUnused type args: [java.util.Iterator][0m
  [34mUnused type args: [?][0m
  [34mUnused type args: [E @ src/main/java/org/apache/commons/collections4/set/PredicatedSet.java:86:21][0m
  [34mUnused type args: [E][0m
  [34mUnused type args: [E][0m
  [34mUnused type args: [E @ src/main/java/org/apache/commons/collections4/list/PredicatedList.java:163:20][0m
  [34mUnused type args: [E][0m
  [34mUnused type args: [E][0m
  [34mUnused type args: [E][0m
  [34mIgnoring implicit executable reference: (CtExecutableReferenceImpl) <init>[0m
  [34mUnused type args: [E @ src/main/java/org/apache/commons/collections4/list/PredicatedList.java:164:35][0m
  [34mUnused type args: [E][0m
  [34mUnused type args: [?][0m
  [34mUnused type args: [E][0m
  [34mUnused type args: [E][0m
  [34mUnused type args: [?][0m
  [34mIgnoring implicit executable reference: (CtExecutableReferenceImpl) <init>[0m
  [34mIgnoring implicit executable reference: (CtExecutableReferenceImpl) <init>[0m
  [34mIgnoring implicit executable reference: (CtExecutableReferenceImpl) <init>[0m
  [34mUnused type args: [E @ src/main/java/org/apache/commons/collections4/IteratorUtils.java:536:34][0m
  [34mUnused type args: [?][0m
  [34mUnused type args: [?][0m
  [34mUnused type args: [E][0m
  [34mUnused type args: [E @ src/main/java/org/apache/commons/collections4/IteratorUtils.java:154:35][0m
  [34mUnused type args: [E][0m
  [34mUnused type args: [?, java.lang.String][0m
  [34mIgnoring implicit executable reference: (CtExecutableReferenceImpl) <init>[0m
  [34mIgnoring implicit executable reference: (CtExecutableReferenceImpl) <init>[0m
  [34mIgnoring implicit executable reference: (CtExecutableReferenceImpl) <init>[0m
  [34mIgnoring implicit executable reference: (CtExecutableReferenceImpl) <init>[0m
  [34mIgnoring implicit executable reference: (CtExecutableReferenceImpl) <init>[0m
  [34mUnused type args: [E][0m
  [34mUnused type args: [E][0m
  [34mUnused type args: [E][0m
  [34mUnused type args: [?, java.lang.String][0m
  [34mIgnoring implicit executable reference: (CtExecutableReferenceImpl) <init>[0m
  [34mIgnoring implicit executable reference: (CtExecutableReferenceImpl) <init>[0m
  [34mUnused type args: [E][0m
  [34mUnused type args: [?][0m
  [34mUnused type args: [?][0m
  [34mUnused type args: [? @ src/main/java/org/apache/commons/collections4/bag/AbstractMapBag.java:155:24][0m
  [34mUnused type args: [?][0m
  [34mUnused type args: [?][0m
  [34mUnused type args: [?][0m
  [34mUnused type args: [?][0m
  [34mUnused type args: [?][0m
  [34mUnused type args: [E][0m
  [34mUnused type args: [?][0m
  [34mUnused type args: [E][0m
  [34mUnused type args: [E][0m
  [34mUnused type args: [T][0m
  getting parent type for (CtClassImpl) UnmodifiableIterable @ src/main/java/org/apache/commons/collections4/IterableUtils.java:483:32
  [34mskipping default constructor: org.apache.commons.collections4.IterableUtils()[0m
  [34mUnused type args: [E][0m
  [34mUnused type args: [E][0m
  [34mUnused type args: [E][0m
  [34mUnused type args: [E][0m
  [34mUnused type args: [E][0m
  Pending package org.apache.commons.collections4.comparators
  [34mUnused type args: [E][0m
  [34mUnused type args: [E][0m
  [34mIgnoring implicit executable reference: (CtExecutableReferenceImpl) <init>[0m
  [34mIgnoring implicit executable reference: (CtExecutableReferenceImpl) <init>[0m
  [34mUnused type args: [?][0m
  [34mUnused type args: [?][0m
  [34mUnused type args: [E][0m
  [34mUnused type args: [?][0m
  [34mUnused type args: [?][0m
  [34mUnused type args: [E][0m
  [34mUnused type args: [?][0m
  [34mUnused type args: [?][0m
  [34mUnused type args: [I, O][0m
  [34mUnused type args: [I, O][0m
  [34mUnused type args: [?][0m
  [34mUnused type args: [?, ?][0m
  [34mUnused type args: [?, ?][0m
  [34mUnused type args: [?][0m
  [34mUnused type args: [?, ?][0m
  [34mUnused type args: [?, ?][0m
  [34mUnused type args: [E][0m
  [34mIgnoring implicit executable reference: (CtExecutableReferenceImpl) <init>[0m
  [34mUnused type args: [E][0m
  [34mUnused type args: [E][0m
  [34mUnused type args: [E][0m
  [34mUnused type args: [E][0m
  [34mUnused type args: [E][0m
  [34mUnused type args: [E][0m
  [34mUnused type args: [E][0m
  [34mUnused type args: [T][0m
  [34mUnused type args: [E][0m
  [34mUnused type args: [?][0m
  [34mUnused type args: [T][0m
  [34mIgnoring implicit executable reference: (CtExecutableReferenceImpl) <init>[0m
  [34mIgnoring implicit executable reference: (CtExecutableReferenceImpl) <init>[0m
  [34mUnused type args: [?][0m
  [34mUnused type args: [E][0m
  [34mUnused type args: [E][0m
  [34mUnused type args: [?][0m
  [34mUnused type args: [?][0m
  [34mUnused type args: [?][0m
  [34mUnused type args: [E][0m
  [34mUnused type args: [E][0m
  [34mUnused type args: [?][0m
  [34mUnused type args: [?][0m
  [34mUnused type args: [?][0m
  [34mUnused type args: [?][0m
  [34mUnused type args: [java.lang.Object @ src/main/java/org/apache/commons/collections4/CollectionUtils.java:515:33][0m
  [34mIgnoring implicit executable reference: (CtExecutableReferenceImpl) <init>[0m
  [34mUnused type args: [java.lang.Object @ src/main/java/org/apache/commons/collections4/CollectionUtils.java:515:72][0m
  [34mUnused type args: [?][0m
  [34mUnused type args: [?][0m
  [34mUnused type args: [?][0m
  [34mUnused type args: [?][0m
  [34mUnused type args: [java.lang.Object][0m
  [34mUnused type args: [java.lang.Object][0m
  [34mUnused type args: [java.lang.Object, java.lang.Integer][0m
  [34mUnused type args: [java.lang.Object][0m
  [34mUnused type args: [java.lang.Object][0m
  [34mUnused type args: [java.lang.Object, java.lang.Integer][0m
  [34mUnused type args: [java.lang.Object][0m
  [34mUnused type args: [java.lang.Object][0m
  [34mUnused type args: [java.lang.Object, java.lang.Integer][0m
  [34mUnused type args: [java.lang.Object][0m
  [34mUnused type args: [java.lang.Object][0m
  [34mUnused type args: [java.lang.Object][0m
  [34mIgnoring implicit executable reference: (CtExecutableReferenceImpl) <init>[0m
  [34mIgnoring implicit executable reference: (CtExecutableReferenceImpl) <init>[0m
  [34mUnused type args: [java.util.Iterator][0m
  [34mUnused type args: [?][0m
  [34mUnused type args: [E][0m
  [34mUnused type args: [java.util.Iterator][0m
  [34mUnused type args: [?][0m
  [34mIgnoring implicit executable reference: (CtExecutableReferenceImpl) <init>[0m
  [34mUnused type args: [java.util.Iterator @ src/main/java/org/apache/commons/collections4/iterators/CollatingIterator.java:98:35][0m
  [34mUnused type args: [? @ src/main/java/org/apache/commons/collections4/iterators/CollatingIterator.java:98:44][0m
  [34mUnused type args: [E][0m
  [34mUnused type args: [?][0m
  [34mUnused type args: [?][0m
  [34mIgnoring implicit executable reference: (CtExecutableReferenceImpl) <init>[0m
  [34mIgnoring implicit executable reference: (CtExecutableReferenceImpl) <init>[0m
  [34mUnused type args: [E][0m
  [34mUnused type args: [E @ src/main/java/org/apache/commons/collections4/iterators/EmptyIterator.java:56:36][0m
  [34mUnused type args: [E][0m
  [34mUnused type args: [E][0m
  [34mUnused type args: [E][0m
  [34mUnused type args: [E][0m
  [34mIgnoring implicit executable reference: (CtExecutableReferenceImpl) <init>[0m
  [34mUnused type args: [O @ src/main/java/org/apache/commons/collections4/CollectionUtils.java:956:26][0m
  [34mUnused type args: [O][0m
  [34mUnused type args: [?][0m
  [34mUnused type args: [? @ src/main/java/org/apache/commons/collections4/CollectionUtils.java:956:76][0m
  [34mIgnoring implicit executable reference: (CtExecutableReferenceImpl) <init>[0m
  [34mUnused type args: [O @ src/main/java/org/apache/commons/collections4/CollectionUtils.java:957:31][0m
  [34mUnused type args: [? @ src/main/java/org/apache/commons/collections4/CollectionUtils.java:957:47][0m
  [34mUnused type args: [?][0m
  [34mIgnoring implicit executable reference: (CtExecutableReferenceImpl) <init>[0m
  [34mUnused type args: [O @ src/main/java/org/apache/commons/collections4/CollectionUtils.java:957:92][0m
  [34mUnused type args: [?, java.util.Collection][0m
  [34mUnused type args: [O][0m
  [34mUnused type args: [?][0m
  [34mUnused type args: [?][0m
  [34mUnused type args: [?][0m
  [34mUnused type args: [O][0m
  [34mUnused type args: [?][0m
  [34mUnused type args: [?][0m
  [34mUnused type args: [O][0m
  [34mUnused type args: [E][0m
  [34mIgnoring implicit executable reference: (CtExecutableReferenceImpl) <init>[0m
  [34mUnused type args: [E][0m
  [34mUnused type args: [?][0m
  [34mUnused type args: [E][0m
  [34mUnused type args: [?][0m
  [34mUnused type args: [E][0m
  [34mUnused type args: [E][0m
  [34mUnused type args: [E][0m
  [34mUnused type args: [E][0m
  [34mIgnoring implicit executable reference: (CtExecutableReferenceImpl) <init>[0m
  [34mIgnoring implicit executable reference: (CtExecutableReferenceImpl) <init>[0m
  [34mUnused type args: [E][0m
  [34mUnused type args: [E][0m
  [34mIgnoring implicit executable reference: (CtExecutableReferenceImpl) <init>[0m
  [34mUnused type args: [E][0m
  [34mUnused type args: [E][0m
  [34mUnused type args: [?][0m
  [34mUnused type args: [E][0m
  [34mUnused type args: [E][0m
  [34mUnused type args: [?][0m
  [34mUnused type args: [?][0m
  [34mUnused type args: [T][0m
  [34mUnused type args: [E][0m
  [34mUnused type args: [T][0m
  [34mIgnoring implicit executable reference: (CtExecutableReferenceImpl) <init>[0m
  [34mIgnoring implicit executable reference: (CtExecutableReferenceImpl) <init>[0m
  [34mIgnoring implicit executable reference: (CtExecutableReferenceImpl) <init>[0m
  [34mUnused type args: [? @ src/main/java/org/apache/commons/collections4/iterators/IteratorChain.java:127:29][0m
  [34mUnused type args: [?][0m
  [34mUnused type args: [E][0m
  [34mUnused type args: [?][0m
  [34mUnused type args: [?][0m
  [34mUnused type args: [E][0m
  [34mUnused type args: [?][0m
  [34mUnused type args: [E][0m
  [34mUnused type args: [java.util.Iterator][0m
  [34mUnused type args: [?][0m
  [34mUnused type args: [?][0m
  [34mUnused type args: [E][0m
  [34mUnused type args: [?][0m
  [34mUnused type args: [E @ src/main/java/org/apache/commons/collections4/iterators/IteratorChain.java:214:50][0m
  [34mUnused type args: [E][0m
  [34mUnused type args: [?][0m
  [34mUnused type args: [E][0m
  [34mUnused type args: [?][0m
  [34mUnused type args: [E][0m
  [34mUnused type args: [java.util.Iterator][0m
  [34mUnused type args: [?][0m
  [34mUnused type args: [?][0m
  [34mUnused type args: [?][0m
  [34mUnused type args: [E][0m
  [34mUnused type args: [?][0m
  [34mUnused type args: [E][0m
  [34mUnused type args: [?][0m
  [34mUnused type args: [E][0m
  [34mUnused type args: [?][0m
  [34mUnused type args: [E][0m
  [34mUnused type args: [java.util.Iterator][0m
  [34mUnused type args: [?][0m
  [34mUnused type args: [?][0m
  [34mUnused type args: [E][0m
  [34mUnused type args: [?][0m
  [34mUnused type args: [E][0m
  [34mUnused type args: [java.util.Iterator][0m
  [34mUnused type args: [?][0m
  [34mUnused type args: [?][0m
  [34mUnused type args: [?][0m
  [34mIgnoring implicit executable reference: (CtExecutableReferenceImpl) <init>[0m
  [34mUnused type args: [?][0m
  [34mUnused type args: [? @ src/main/java/org/apache/commons/collections4/iterators/PeekingIterator.java:62:49][0m
  [34mUnused type args: [E @ src/main/java/org/apache/commons/collections4/iterators/PeekingIterator.java:64:35][0m
  [34mUnused type args: [E @ src/main/java/org/apache/commons/collections4/iterators/PeekingIterator.java:64:60][0m
  [34mUnused type args: [?][0m
  [34mUnused type args: [E][0m
  [34mIgnoring implicit executable reference: (CtExecutableReferenceImpl) <init>[0m
  [34mUnused type args: [E @ src/main/java/org/apache/commons/collections4/iterators/PeekingIterator.java:67:36][0m
  [34mUnused type args: [?][0m
  [34mUnused type args: [?][0m
  [34mUnused type args: [E][0m
  [34mUnused type args: [E][0m
  [34mUnused type args: [E][0m
  [34mUnused type args: [E @ src/main/java/org/apache/commons/collections4/ComparatorUtils.java:103:25][0m
  [34mUnused type args: [java.util.Comparator][0m
  [34mUnused type args: [E][0m
  [34mUnused type args: [java.util.Comparator][0m
  [34mUnused type args: [java.util.Comparator][0m
  [34mUnused type args: [E][0m
  [34mIgnoring implicit executable reference: (CtExecutableReferenceImpl) <init>[0m
  [34mIgnoring implicit executable reference: (CtExecutableReferenceImpl) <init>[0m
  [34mIgnoring implicit executable reference: (CtExecutableReferenceImpl) <init>[0m
  [34mUnused type args: [?][0m
  [34mUnused type args: [?][0m
  [34mUnused type args: [E][0m
  [34mUnused type args: [E][0m
  [34mUnused type args: [?][0m
  [34mIgnoring implicit executable reference: (CtExecutableReferenceImpl) <init>[0m
  [34mUnused type args: [E @ src/main/java/org/apache/commons/collections4/iterators/IteratorIterable.java:114:53][0m
  [34mUnused type args: [?][0m
  [34mUnused type args: [?][0m
  [34mUnused type args: [?][0m
  [34mUnused type args: [E][0m
  [34mUnused type args: [E][0m
  [34mUnused type args: [?][0m
  [34mUnused type args: [?][0m
  [34mUnused type args: [E][0m
  [34mUnused type args: [E][0m
  [34mUnused type args: [E][0m
  [34mUnused type args: [E][0m
  [34mUnused type args: [E][0m
  [34mUnused type args: [E][0m
  [34mUnused type args: [?][0m
  [34mUnused type args: [E][0m
  [34mUnused type args: [E][0m
  [34mUnused type args: [?][0m
  [34mUnused type args: [O @ src/main/java/org/apache/commons/collections4/CollectionUtils.java:332:25][0m
  [34mIgnoring implicit executable reference: (CtExecutableReferenceImpl) <init>[0m
  [34mUnused type args: [O @ src/main/java/org/apache/commons/collections4/CollectionUtils.java:332:49][0m
  [34mUnused type args: [O @ src/main/java/org/apache/commons/collections4/CollectionUtils.java:333:23][0m
  [34mIgnoring implicit executable reference: (CtExecutableReferenceImpl) <init>[0m
  [34mUnused type args: [O @ src/main/java/org/apache/commons/collections4/CollectionUtils.java:333:44][0m
  [34mUnused type args: [?][0m
  [34mUnused type args: [O][0m
  [34mUnused type args: [O][0m
  [34mUnused type args: [?][0m
  [34mUnused type args: [O][0m
  [34mUnused type args: [O][0m
  [34mUnused type args: [O][0m
  [34mUnused type args: [E][0m
  [34mUnused type args: [E][0m
  [34mUnused type args: [?][0m
  [34mUnused type args: [E][0m
  [34mUnused type args: [E][0m
  [34mUnused type args: [?][0m
  [34mUnused type args: [E][0m
  [34mUnused type args: [E][0m
  [34mIgnoring implicit executable reference: (CtExecutableReferenceImpl) <init>[0m
  [34mUnused type args: [E][0m
  [34mUnused type args: [E][0m
  [34mUnused type args: [E][0m
  [34mUnused type args: [E][0m
  [34mIgnoring implicit executable reference: (CtExecutableReferenceImpl) <init>[0m
  [34mIgnoring implicit executable reference: (CtExecutableReferenceImpl) <init>[0m
  [34mUnused type args: [E][0m
  [34mUnused type args: [?][0m
  [34mUnused type args: [?][0m
  [34mUnused type args: [T][0m
  [34mUnused type args: [T, java.lang.Boolean][0m
  [34mUnused type args: [?][0m
  [34mUnused type args: [?][0m
  [34mUnused type args: [O @ src/main/java/org/apache/commons/collections4/CollectionUtils.java:598:34][0m
  [34mUnused type args: [O @ src/main/java/org/apache/commons/collections4/CollectionUtils.java:598:64][0m
  [34mUnused type args: [O][0m
  [34mUnused type args: [?][0m
  [34mUnused type args: [O][0m
  [34mUnused type args: [O][0m
  [34mIgnoring implicit executable reference: (CtExecutableReferenceImpl) <init>[0m
  [34mUnused type args: [? @ src/main/java/org/apache/commons/collections4/CollectionUtils.java:1253:35, ? @ src/main/java/org/apache/commons/collections4/CollectionUtils.java:1253:37][0m
  [34mUnused type args: [? @ src/main/java/org/apache/commons/collections4/CollectionUtils.java:1254:23, ? @ src/main/java/org/apache/commons/collections4/CollectionUtils.java:1254:26][0m
  [34mUnused type args: [? @ src/main/java/org/apache/commons/collections4/CollectionUtils.java:1254:40, ? @ src/main/java/org/apache/commons/collections4/CollectionUtils.java:1254:43][0m
  [34mUnused type args: [? @ src/main/java/org/apache/commons/collections4/CollectionUtils.java:1255:28][0m
  [34mUnused type args: [?, ?][0m
  [34mUnused type args: [java.util.Map$Entry][0m
  [34mUnused type args: [?, ?][0m
  [34mUnused type args: [java.util.Map$Entry][0m
  [34mUnused type args: [?, ?][0m
  [34mUnused type args: [?][0m
  [34mUnused type args: [E][0m
  [34mUnused type args: [?][0m
  [34mUnused type args: [? @ src/main/java/org/apache/commons/collections4/CollectionUtils.java:1259:47][0m
  [34mUnused type args: [? @ src/main/java/org/apache/commons/collections4/CollectionUtils.java:1260:28][0m
  [34mUnused type args: [? @ src/main/java/org/apache/commons/collections4/CollectionUtils.java:1260:46][0m
  [34mUnused type args: [?][0m
  [34mUnused type args: [E][0m
  [34mUnused type args: [?][0m
  [34mUnused type args: [? @ src/main/java/org/apache/commons/collections4/CollectionUtils.java:1262:47][0m
  [34mUnused type args: [? @ src/main/java/org/apache/commons/collections4/CollectionUtils.java:1263:28][0m
  [34mUnused type args: [? @ src/main/java/org/apache/commons/collections4/CollectionUtils.java:1263:52][0m
  [34mUnused type args: [?][0m
  [34mUnused type args: [T][0m
  [34mUnused type args: [?][0m
  [34mUnused type args: [? @ src/main/java/org/apache/commons/collections4/CollectionUtils.java:1265:50][0m
  [34mUnused type args: [? @ src/main/java/org/apache/commons/collections4/CollectionUtils.java:1266:31][0m
  [34mUnused type args: [? @ src/main/java/org/apache/commons/collections4/CollectionUtils.java:1266:52][0m
  [34mUnused type args: [?][0m
  [34mUnused type args: [T][0m
  [34mUnused type args: [?][0m
  [34mIgnoring implicit executable reference: (CtExecutableReferenceImpl) <init>[0m
  [34mIgnoring implicit executable reference: (CtExecutableReferenceImpl) <init>[0m
  [34mUnused type args: [?][0m
  [34mUnused type args: [E][0m
  [34mUnused type args: [E][0m
  [34mUnused type args: [E][0m
  [34mUnused type args: [?][0m
  [34mIgnoring implicit executable reference: (CtExecutableReferenceImpl) <init>[0m
  [34mUnused type args: [?][0m
  [34mUnused type args: [? @ src/main/java/org/apache/commons/collections4/iterators/PushbackIterator.java:59:50][0m
  [34mUnused type args: [E @ src/main/java/org/apache/commons/collections4/iterators/PushbackIterator.java:61:36][0m
  [34mUnused type args: [E @ src/main/java/org/apache/commons/collections4/iterators/PushbackIterator.java:61:62][0m
  [34mUnused type args: [?][0m
  [34mUnused type args: [E][0m
  [34mIgnoring implicit executable reference: (CtExecutableReferenceImpl) <init>[0m
  [34mUnused type args: [E @ src/main/java/org/apache/commons/collections4/iterators/PushbackIterator.java:64:37][0m
  [34mUnused type args: [?][0m
  [34mUnused type args: [?][0m
  [34mUnused type args: [E][0m
  [34mUnused type args: [E][0m
  [34mUnused type args: [E][0m
  [34mUnused type args: [E][0m
  [34mUnused type args: [T][0m
  [34mUnused type args: [E][0m
  [34mUnused type args: [E][0m
  [34mUnused type args: [?][0m
  [34mUnused type args: [?][0m
  [34mUnused type args: [E][0m
  [34mUnused type args: [E][0m
  [34mUnused type args: [?][0m
  [34mUnused type args: [E][0m
  [34mUnused type args: [?][0m
  [34mIgnoring implicit executable reference: (CtExecutableReferenceImpl) <init>[0m
  [34mIgnoring implicit executable reference: (CtExecutableReferenceImpl) <init>[0m
  [34mUnused type args: [E][0m
  [34mUnused type args: [E][0m
  [34mUnused type args: [E][0m
  [34mUnused type args: [?][0m
  [34mUnused type args: [E][0m
  [34mUnused type args: [?][0m
  [34mUnused type args: [E][0m
  [34mUnused type args: [E][0m
  [34mUnused type args: [E][0m
  [34mUnused type args: [E][0m
  [34mUnused type args: [E][0m
  [34mUnused type args: [E][0m
  [34mUnused type args: [?][0m
  [34mUnused type args: [?][0m
  [34mIgnoring implicit executable reference: (CtExecutableReferenceImpl) <init>[0m
  [34mUnused type args: [?][0m
  [34mIgnoring implicit executable reference: (CtExecutableReferenceImpl) <init>[0m
  [34mUnused type args: [?][0m
  [34mUnused type args: [? @ src/main/java/org/apache/commons/collections4/CollectionUtils.java:1582:55][0m
  [34mUnused type args: [?][0m
  [34mUnused type args: [? @ src/main/java/org/apache/commons/collections4/CollectionUtils.java:1582:85][0m
  [34mUnused type args: [? @ src/main/java/org/apache/commons/collections4/CollectionUtils.java:1583:42][0m
  [34mUnused type args: [?][0m
  [34mUnused type args: [? @ src/main/java/org/apache/commons/collections4/CollectionUtils.java:1583:71][0m
  [34mUnused type args: [?][0m
  [34mUnused type args: [O @ src/main/java/org/apache/commons/collections4/CollectionUtils.java:1585:24][0m
  [34mIgnoring implicit executable reference: (CtExecutableReferenceImpl) <init>[0m
  [34mUnused type args: [O @ src/main/java/org/apache/commons/collections4/CollectionUtils.java:1585:60][0m
  [34mUnused type args: [?][0m
  [34mUnused type args: [?][0m
  [34mUnused type args: [?][0m
  [34mUnused type args: [?][0m
  [34mUnused type args: [?][0m
  [34mUnused type args: [?][0m
  [34mUnused type args: [?][0m
  [34mUnused type args: [?][0m
  [34mUnused type args: [O][0m
  [34mUnused type args: [O][0m
  [34mUnused type args: [?][0m
  [34mUnused type args: [O][0m
  [34mUnused type args: [O @ src/main/java/org/apache/commons/collections4/CollectionUtils.java:1589:29][0m
  [34mIgnoring implicit executable reference: (CtExecutableReferenceImpl) <init>[0m
  [34mUnused type args: [O @ src/main/java/org/apache/commons/collections4/CollectionUtils.java:1589:59][0m
  [34mUnused type args: [O][0m
  [34mUnused type args: [O][0m
  [34mUnused type args: [O][0m
  [34mUnused type args: [O][0m
  [34mUnused type args: [O][0m
  [34mUnused type args: [E][0m
  [34mIgnoring implicit executable reference: (CtExecutableReferenceImpl) <init>[0m
  [34mUnused type args: [E][0m
  [34mUnused type args: [E][0m
  [34mUnused type args: [E][0m
  [34mUnused type args: [E][0m
  [34mUnused type args: [E][0m
  [34mUnused type args: [E][0m
  [34mUnused type args: [E][0m
  [34mUnused type args: [E][0m
  [34mUnused type args: [E][0m
  [34mUnused type args: [E][0m
  [34mIgnoring implicit executable reference: (CtExecutableReferenceImpl) <init>[0m
  [34mUnused type args: [E][0m
  [34mUnused type args: [E][0m
  [34mUnused type args: [E][0m
  [34mUnused type args: [E][0m
  [34mUnused type args: [E][0m
  [34mUnused type args: [T][0m
  [34mUnused type args: [E][0m
  [34mUnused type args: [?][0m
  [34mIgnoring implicit executable reference: (CtExecutableReferenceImpl) <init>[0m
  [34mUnused type args: [E][0m
  [34mUnused type args: [java.util.Iterator][0m
  [34mUnused type args: [?][0m
  [34mUnused type args: [?][0m
  [34mUnused type args: [E][0m
  [34mUnused type args: [O][0m
  [34mUnused type args: [E][0m
  [34mIgnoring implicit executable reference: (CtExecutableReferenceImpl) <init>[0m
  [34mUnused type args: [E][0m
  [34mUnused type args: [?][0m
  [34mUnused type args: [? @ src/main/java/org/apache/commons/collections4/iterators/CollatingIterator.java:392:29][0m
  [34mUnused type args: [java.util.Iterator][0m
  [34mUnused type args: [?][0m
  [34mUnused type args: [?][0m
  [34mUnused type args: [E][0m
  [34mUnused type args: [?][0m
  [34mIgnoring implicit executable reference: (CtExecutableReferenceImpl) <init>[0m
  [34mUnused type args: [E][0m
  [34mUnused type args: [?][0m
  [34mUnused type args: [E][0m
  [34mUnused type args: [E][0m
  [34mUnused type args: [?][0m
  [34mUnused type args: [I, O][0m
  [34mUnused type args: [I, O][0m
  [34mUnused type args: [?][0m
  [34mUnused type args: [E][0m
  [34mUnused type args: [E][0m
  [34mIgnoring implicit executable reference: (CtExecutableReferenceImpl) <init>[0m
  [34mUnused type args: [E][0m
  [34mUnused type args: [?][0m
  [34mUnused type args: [T][0m
  [34mUnused type args: [E][0m
  [34mUnused type args: [?][0m
  [34mUnused type args: [T][0m
  [34mUnused type args: [T][0m
  [34mUnused type args: [T, T][0m
  [34mUnused type args: [C][0m
  [34mUnused type args: [C][0m
  [34mUnused type args: [?][0m
  [34mUnused type args: [?][0m
  [34mIgnoring implicit executable reference: (CtExecutableReferenceImpl) <init>[0m
  [34mIgnoring implicit executable reference: (CtExecutableReferenceImpl) <init>[0m
  [34mUnused type args: [?][0m
  [34mUnused type args: [?][0m
  [34mUnused type args: [?][0m
  [34mUnused type args: [?][0m
  [34mUnused type args: [? @ src/main/java/org/apache/commons/collections4/iterators/CollatingIterator.java:132:29][0m
  [34mUnused type args: [?][0m
  [34mUnused type args: [E][0m
  [34mUnused type args: [?][0m
  [34mUnused type args: [?][0m
  [34mUnused type args: [T][0m
  [34mUnused type args: [java.lang.Class, T][0m
  [34mUnused type args: [?][0m
  [34mUnused type args: [E][0m
  [34mUnused type args: [E][0m
  [34mUnused type args: [T][0m
  [34mUnused type args: [E][0m
  [34mUnused type args: [E][0m
  [34mUnused type args: [E][0m
  [34mUnused type args: [E][0m
  [34mUnused type args: [E][0m
  [34mUnused type args: [O][0m
  [34mUnused type args: [O][0m
  [34mUnused type args: [O][0m
  [34mIgnoring implicit executable reference: (CtExecutableReferenceImpl) <init>[0m
  [34mIgnoring implicit executable reference: (CtExecutableReferenceImpl) <init>[0m
  [34mUnused type args: [E][0m
  [34mUnused type args: [E][0m
  [34mIgnoring implicit executable reference: (CtExecutableReferenceImpl) <init>[0m
  [34mUnused type args: [E][0m
  [34mUnused type args: [E][0m
  [34mIgnoring implicit executable reference: (CtExecutableReferenceImpl) <init>[0m
  [34mIgnoring implicit executable reference: (CtExecutableReferenceImpl) <init>[0m
  [34mUnused type args: [?][0m
  [34mUnused type args: [?][0m
  [34mUnused type args: [E][0m
  [34mUnused type args: [E][0m
  [34mUnused type args: [?][0m
  [34mUnused type args: [E][0m
  [34mUnused type args: [?][0m
  [34mUnused type args: [E][0m
  [34mUnused type args: [?][0m
  [34mUnused type args: [E][0m
  [34mUnused type args: [?][0m
  [34mUnused type args: [E][0m
  [34mUnused type args: [E][0m
  [34mUnused type args: [E][0m
  [34mUnused type args: [E][0m
  [34mUnused type args: [E][0m
  [34mUnused type args: [?][0m
  [34mUnused type args: [E][0m
  [34mUnused type args: [?][0m
  [34mUnused type args: [E][0m
  [34mUnused type args: [?][0m
  [34mUnused type args: [E][0m
  [34mUnused type args: [?][0m
  [34mUnused type args: [E][0m
  [34mUnused type args: [E][0m
  [34mIgnoring implicit executable reference: (CtExecutableReferenceImpl) <init>[0m
  [34mIgnoring implicit executable reference: (CtExecutableReferenceImpl) <init>[0m
  [34mUnused type args: [E][0m
  [34mUnused type args: [E][0m
  [34mUnused type args: [E][0m
  [34mUnused type args: [E][0m
  [34mUnused type args: [T][0m
  [34mUnused type args: [T, T][0m
  [34mUnused type args: [?, ?][0m
  [34mUnused type args: [?, ?][0m
  [34mIgnoring implicit executable reference: (CtExecutableReferenceImpl) <init>[0m
  [34mIgnoring implicit executable reference: (CtExecutableReferenceImpl) <init>[0m
  [34mIgnoring implicit executable reference: (CtExecutableReferenceImpl) <init>[0m
  [34mIgnoring implicit executable reference: (CtExecutableReferenceImpl) <init>[0m
  [34mUnused type args: [T][0m
  [34mUnused type args: [T][0m
  [34mUnused type args: [T][0m
  [34mUnused type args: [T][0m
  [34mUnused type args: [T][0m
  [34mUnused type args: [T][0m
  [34mUnused type args: [E][0m
  [34mIgnoring implicit executable reference: (CtExecutableReferenceImpl) <init>[0m
  [34mUnused type args: [O][0m
  [34mUnused type args: [O][0m
  [34mUnused type args: [?][0m
  [34mUnused type args: [?][0m
  [34mUnused type args: [?][0m
  [34mUnused type args: [?][0m
  [34mUnused type args: [?][0m
  [34mUnused type args: [O @ src/main/java/org/apache/commons/collections4/CollectionUtils.java:1512:47][0m
  [34mUnused type args: [O][0m
  [34mUnused type args: [E][0m
  [34mUnused type args: [E][0m
  [34mUnused type args: [E][0m
  [34mUnused type args: [E][0m
  [34mUnused type args: [E][0m
  [34mUnused type args: [T][0m
  [34mUnused type args: [E][0m
  [34mUnused type args: [E][0m
  [34mUnused type args: [?][0m
  [34mUnused type args: [?][0m
  [34mUnused type args: [E][0m
  [34mUnused type args: [E][0m
  [34mUnused type args: [?][0m
  [34mUnused type args: [I, O][0m
  [34mUnused type args: [I, O][0m
  [34mUnused type args: [?][0m
  [34mUnused type args: [?, ?][0m
  [34mUnused type args: [?, ?][0m
  [34mUnused type args: [?][0m
  [34mUnused type args: [?, ?][0m
  [34mUnused type args: [?, ?][0m
  [34mIgnoring implicit executable reference: (CtExecutableReferenceImpl) <init>[0m
  [34mIgnoring implicit executable reference: (CtExecutableReferenceImpl) <init>[0m
  [34mUnused type args: [?][0m
  [34mUnused type args: [E][0m
  [34mUnused type args: [E][0m
  [34mUnused type args: [?][0m
  [34mUnused type args: [?][0m
  [34mUnused type args: [?][0m
  [34mUnused type args: [E][0m
  [34mUnused type args: [E][0m
  [34mUnused type args: [?][0m
  [34mUnused type args: [?][0m
  [34mIgnoring implicit executable reference: (CtExecutableReferenceImpl) <init>[0m
  [34mIgnoring implicit executable reference: (CtExecutableReferenceImpl) <init>[0m
  [34mUnused type args: [?][0m
  [34mUnused type args: [E][0m
  [34mUnused type args: [E][0m
  [34mUnused type args: [?][0m
  [34mUnused type args: [?][0m
  [34mUnused type args: [E @ src/main/java/org/apache/commons/collections4/iterators/EmptyIterator.java:66:26][0m
  [34mUnused type args: [O][0m
  [34mUnused type args: [O][0m
  [34mUnused type args: [E][0m
  [34mUnused type args: [E][0m
  [34mUnused type args: [E][0m
  [34mUnused type args: [?][0m
  [34mUnused type args: [?][0m
  [34mUnused type args: [C][0m
  [34mUnused type args: [?][0m
  [34mUnused type args: [E][0m
  [34mUnused type args: [E][0m
  [34mIgnoring implicit executable reference: (CtExecutableReferenceImpl) <init>[0m
  [34mUnused type args: [E][0m
  [34mUnused type args: [E][0m
  [34mUnused type args: [E][0m
  [34mUnused type args: [E][0m
  [34mUnused type args: [E][0m
  [34mUnused type args: [E][0m
  [34mUnused type args: [E][0m
  [34mUnused type args: [E][0m
  [34mIgnoring implicit executable reference: (CtExecutableReferenceImpl) <init>[0m
  [34mIgnoring implicit executable reference: (CtExecutableReferenceImpl) <init>[0m
  [34mUnused type args: [E @ src/main/java/org/apache/commons/collections4/CollectionUtils.java:1766:27, org.apache.commons.collections4.CollectionUtils$EquatorWrapper @ src/main/java/org/apache/commons/collections4/CollectionUtils.java:1766:30][0m
  [34mUnused type args: [E @ src/main/java/org/apache/commons/collections4/CollectionUtils.java:1766:45][0m
  [34mIgnoring anonymous type: (CtTypeReferenceImpl) org.apache.commons.collections4.CollectionUtils$3[0m
  [34mIgnoring implicit executable reference: (CtExecutableReferenceImpl) <init>[0m
  [34mIgnoring anonymous type: (CtTypeReferenceImpl) org.apache.commons.collections4.CollectionUtils$3[0m
  [34mUnused type args: [E @ src/main/java/org/apache/commons/collections4/CollectionUtils.java:1766:79, org.apache.commons.collections4.CollectionUtils$EquatorWrapper @ src/main/java/org/apache/commons/collections4/CollectionUtils.java:1766:82][0m
  [34mUnused type args: [E @ src/main/java/org/apache/commons/collections4/CollectionUtils.java:1766:97][0m
  [34mIgnoring anonymous object declaration: (CtClassImpl) 3 @ src/main/java/org/apache/commons/collections4/CollectionUtils.java:1766:103[0m
  [34mUnused type args: [E, org.apache.commons.collections4.CollectionUtils$EquatorWrapper][0m
  [34mUnused type args: [E][0m
  [34mIgnoring implicit executable reference: (CtExecutableReferenceImpl) <init>[0m
  [34mIgnoring implicit executable reference: (CtExecutableReferenceImpl) <init>[0m
  [34mIgnoring method of an anonymous declaring type: (CtMethodImpl) transform @ src/main/java/org/apache/commons/collections4/CollectionUtils.java:1768:38 in (CtClassImpl) 3 @ src/main/java/org/apache/commons/collections4/CollectionUtils.java:1766:103[0m
  [34mUnused type args: [E @ src/main/java/org/apache/commons/collections4/CollectionUtils.java:1768:35][0m
  [34mIgnoring implicit executable reference: (CtExecutableReferenceImpl) <init>[0m
  [34mUnused type args: [E @ src/main/java/org/apache/commons/collections4/CollectionUtils.java:1769:43][0m
  [34mUnused type args: [?][0m
  [34mUnused type args: [?][0m
  [34mUnused type args: [org.apache.commons.collections4.CollectionUtils$EquatorWrapper @ src/main/java/org/apache/commons/collections4/CollectionUtils.java:1773:19][0m
  [34mUnused type args: [E @ src/main/java/org/apache/commons/collections4/CollectionUtils.java:1773:34][0m
  [34mUnused type args: [?, org.apache.commons.collections4.CollectionUtils$EquatorWrapper, java.util.HashSet][0m
  [34mUnused type args: [org.apache.commons.collections4.CollectionUtils$EquatorWrapper][0m
  [34mUnused type args: [E][0m
  [34mUnused type args: [?][0m
  [34mUnused type args: [?, ?][0m
  [34mUnused type args: [?][0m
  [34mUnused type args: [E][0m
  [34mUnused type args: [org.apache.commons.collections4.CollectionUtils$EquatorWrapper][0m
  [34mUnused type args: [E][0m
  [34mUnused type args: [?][0m
  [34mUnused type args: [E, org.apache.commons.collections4.CollectionUtils$EquatorWrapper][0m
  [34mUnused type args: [E][0m
  [34mIgnoring implicit executable reference: (CtExecutableReferenceImpl) <init>[0m
  [34mUnused type args: [org.apache.commons.collections4.CollectionUtils$EquatorWrapper @ src/main/java/org/apache/commons/collections4/CollectionUtils.java:1774:58][0m
  [34mUnused type args: [E @ src/main/java/org/apache/commons/collections4/CollectionUtils.java:1774:73][0m
  [34mUnused type args: [E @ src/main/java/org/apache/commons/collections4/CollectionUtils.java:1776:20][0m
  [34mIgnoring implicit executable reference: (CtExecutableReferenceImpl) <init>[0m
  [34mUnused type args: [E @ src/main/java/org/apache/commons/collections4/CollectionUtils.java:1776:44][0m
  [34mUnused type args: [E][0m
  [34mUnused type args: [org.apache.commons.collections4.CollectionUtils$EquatorWrapper][0m
  [34mUnused type args: [E][0m
  [34mIgnoring implicit executable reference: (CtExecutableReferenceImpl) <init>[0m
  [34mUnused type args: [E @ src/main/java/org/apache/commons/collections4/CollectionUtils.java:1778:56][0m
  [34mUnused type args: [?][0m
  [34mUnused type args: [?][0m
  [34mUnused type args: [E][0m
  [34mUnused type args: [E][0m
  [34mUnused type args: [O @ src/main/java/org/apache/commons/collections4/CollectionUtils.java:304:25][0m
  [34mUnused type args: [O][0m
  [34mUnused type args: [O][0m
  [34mUnused type args: [O][0m
  [34mUnused type args: [O][0m
  [34mUnused type args: [?][0m
  [34mUnused type args: [?][0m
  [34mUnused type args: [O][0m
  [34mUnused type args: [?][0m
  [34mUnused type args: [?][0m
  [34mUnused type args: [O][0m
  [34mIgnoring implicit executable reference: (CtExecutableReferenceImpl) <init>[0m
  [34mIgnoring implicit executable reference: (CtExecutableReferenceImpl) <init>[0m
  [34mIgnoring implicit executable reference: (CtExecutableReferenceImpl) <init>[0m
  [34mIgnoring implicit executable reference: (CtExecutableReferenceImpl) <init>[0m
  [34mUnused type args: [E][0m
  [34mUnused type args: [E][0m
  [34mUnused type args: [?][0m
  [34mUnused type args: [E][0m
  [34mUnused type args: [E][0m
  [34mIgnoring implicit executable reference: (CtExecutableReferenceImpl) <init>[0m
  [34mIgnoring implicit executable reference: (CtExecutableReferenceImpl) <init>[0m
  [34mUnused type args: [E][0m
  [34mUnused type args: [E][0m
  [34mUnused type args: [E][0m
  [34mUnused type args: [E][0m
  [34mUnused type args: [E][0m
  [34mIgnoring implicit executable reference: (CtExecutableReferenceImpl) <init>[0m
  [34mIgnoring implicit executable reference: (CtExecutableReferenceImpl) <init>[0m
  [34mIgnoring implicit executable reference: (CtExecutableReferenceImpl) <init>[0m
  [34mIgnoring implicit executable reference: (CtExecutableReferenceImpl) <init>[0m
  [34mIgnoring implicit executable reference: (CtExecutableReferenceImpl) <init>[0m
  [34mIgnoring implicit executable reference: (CtExecutableReferenceImpl) <init>[0m
  [34mUnused type args: [E][0m
  [34mUnused type args: [E][0m
  [34mUnused type args: [E][0m
  [34mUnused type args: [E][0m
  [34mUnused type args: [E][0m
  [34mUnused type args: [E][0m
  [34mUnused type args: [E][0m
  [34mUnused type args: [E][0m
  [34mUnused type args: [?][0m
  [34mIgnoring implicit executable reference: (CtExecutableReferenceImpl) <init>[0m
  [34mUnused type args: [?][0m
  [34mUnused type args: [?][0m
  [34mUnused type args: [E @ src/main/java/org/apache/commons/collections4/CollectionUtils.java:560:27, ? @ src/main/java/org/apache/commons/collections4/CollectionUtils.java:560:30][0m
  [34mIgnoring anonymous type: (CtTypeReferenceImpl) org.apache.commons.collections4.CollectionUtils$1[0m
  [34mIgnoring implicit executable reference: (CtExecutableReferenceImpl) <init>[0m
  [34mIgnoring anonymous type: (CtTypeReferenceImpl) org.apache.commons.collections4.CollectionUtils$1[0m
  [34mIgnoring anonymous object declaration: (CtClassImpl) 1 @ src/main/java/org/apache/commons/collections4/CollectionUtils.java:560:65[0m
  [34mIgnoring implicit executable reference: (CtExecutableReferenceImpl) <init>[0m
  [34mIgnoring implicit executable reference: (CtExecutableReferenceImpl) <init>[0m
  [34mIgnoring method of an anonymous declaring type: (CtMethodImpl) transform @ src/main/java/org/apache/commons/collections4/CollectionUtils.java:562:38 in (CtClassImpl) 1 @ src/main/java/org/apache/commons/collections4/CollectionUtils.java:560:65[0m
  [34mUnused type args: [? @ src/main/java/org/apache/commons/collections4/CollectionUtils.java:562:35][0m
  [34mIgnoring implicit executable reference: (CtExecutableReferenceImpl) <init>[0m
  [34mUnused type args: [?][0m
  [34mUnused type args: [?][0m
  [34mUnused type args: [?][0m
  [34mUnused type args: [?][0m
  [34mUnused type args: [?, ?][0m
  [34mUnused type args: [?][0m
  [34mUnused type args: [I][0m
  [34mUnused type args: [?, ?][0m
  [34mUnused type args: [?][0m
  [34mUnused type args: [E, ?][0m
  [34mUnused type args: [?, ?][0m
  [34mUnused type args: [?][0m
  [34mUnused type args: [I][0m
  [34mUnused type args: [?, ?][0m
  [34mUnused type args: [?][0m
  [34mUnused type args: [E, ?][0m
  [34mUnused type args: [E][0m
  [34mUnused type args: [?][0m
  [34mIgnoring implicit executable reference: (CtExecutableReferenceImpl) <init>[0m
  [34mUnused type args: [E][0m
  [34mUnused type args: [java.util.Iterator][0m
  [34mUnused type args: [?][0m
  [34mUnused type args: [?][0m
  [34mUnused type args: [?][0m
  [34mUnused type args: [E][0m
  [34mUnused type args: [?][0m
  [34mUnused type args: [?][0m
  [34mUnused type args: [E][0m
  [34mUnused type args: [?][0m
  [34mUnused type args: [E][0m
  [34mUnused type args: [?][0m
  [34mUnused type args: [E][0m
  [34mUnused type args: [java.util.Iterator][0m
  [34mUnused type args: [?][0m
  [34mUnused type args: [E][0m
  [34mUnused type args: [?][0m
  [34mUnused type args: [?][0m
  [34mUnused type args: [E][0m
  [34mUnused type args: [?][0m
  [34mUnused type args: [?][0m
  [34mUnused type args: [E][0m
  [34mUnused type args: [?][0m
  [34mUnused type args: [E][0m
  [34mUnused type args: [E][0m
  [34mUnused type args: [?][0m
  [34mUnused type args: [E][0m
  [34mUnused type args: [?, ?][0m
  [34mUnused type args: [E][0m
  [34mUnused type args: [?, ?][0m
  [34mUnused type args: [E][0m
  [34mUnused type args: [E][0m
  [34mUnused type args: [E][0m
  [34mUnused type args: [java.util.Iterator][0m
  [34mUnused type args: [?][0m
  [34mUnused type args: [?][0m
  [34mUnused type args: [E][0m
  [34mUnused type args: [?][0m
  [34mUnused type args: [E][0m
  [34mUnused type args: [java.util.Iterator][0m
  [34mUnused type args: [?][0m
  [34mUnused type args: [?][0m
  [34mUnused type args: [E][0m
  [34mUnused type args: [?][0m
  [34mUnused type args: [E][0m
  [34mUnused type args: [?][0m
  [34mUnused type args: [?][0m
  [34mUnused type args: [? @ src/main/java/org/apache/commons/collections4/CollectionUtils.java:1112:44][0m
  [34mUnused type args: [C][0m
  [34mUnused type args: [?][0m
  [34mUnused type args: [? @ src/main/java/org/apache/commons/collections4/CollectionUtils.java:1113:50][0m
  [34mUnused type args: [?][0m
  [34mUnused type args: [C][0m
  [34mUnused type args: [C][0m
  [34mUnused type args: [?][0m
  [34mUnused type args: [C][0m
  [34mUnused type args: [?][0m
  [34mUnused type args: [?][0m
  [34mUnused type args: [I, O][0m
  [34mUnused type args: [?][0m
  [34mUnused type args: [E][0m
  [34mUnused type args: [E][0m
  [34mIgnoring implicit executable reference: (CtExecutableReferenceImpl) <init>[0m
  [34mUnused type args: [?][0m
  [34mUnused type args: [E][0m
  [34mUnused type args: [?][0m
  [34mUnused type args: [E][0m
  [34mUnused type args: [?][0m
  [34mUnused type args: [E][0m
  [34mUnused type args: [E][0m
  [34mUnused type args: [E][0m
  [34mUnused type args: [E][0m
  [34mUnused type args: [E][0m
  [34mUnused type args: [E][0m
  [34mUnused type args: [E][0m
  [34mUnused type args: [E][0m
  [34mUnused type args: [?][0m
  [34mUnused type args: [E][0m
  [34mUnused type args: [?][0m
  [34mUnused type args: [E][0m
  [34mUnused type args: [?][0m
  [34mUnused type args: [E][0m
  [34mUnused type args: [?][0m
  [34mUnused type args: [E][0m
  [34mUnused type args: [E][0m
  [34mUnused type args: [E][0m
  [34mUnused type args: [?][0m
  [34mIgnoring implicit executable reference: (CtExecutableReferenceImpl) <init>[0m
  [34mUnused type args: [E][0m
  [34mUnused type args: [?][0m
  [34mUnused type args: [?][0m
  [34mUnused type args: [E][0m
  [34mUnused type args: [?][0m
  [34mUnused type args: [C][0m
  [34mUnused type args: [?, ?][0m
  [34mUnused type args: [C][0m
  [34mUnused type args: [? @ src/main/java/org/apache/commons/collections4/CollectionUtils.java:785:44][0m
  [34mUnused type args: [C @ src/main/java/org/apache/commons/collections4/CollectionUtils.java:786:28][0m
  [34mUnused type args: [C @ src/main/java/org/apache/commons/collections4/CollectionUtils.java:786:44][0m
  [34mUnused type args: [C][0m
  [34mUnused type args: [C @ src/main/java/org/apache/commons/collections4/CollectionUtils.java:787:41][0m
  [34mUnused type args: [C][0m
  [34mUnused type args: [C][0m
  [34mUnused type args: [C][0m
  [34mUnused type args: [C][0m
  [34mUnused type args: [?, ?][0m
  [34mUnused type args: [C][0m
  [34mUnused type args: [C @ src/main/java/org/apache/commons/collections4/CollectionUtils.java:791:34][0m
  [34mUnused type args: [C, C][0m
  [34mUnused type args: [C][0m
  [34mUnused type args: [I][0m
  [34mUnused type args: [?, ?][0m
  [34mUnused type args: [C][0m
  [34mUnused type args: [?, ?][0m
  [34mUnused type args: [C][0m
  [34mUnused type args: [C][0m
  [34mUnused type args: [?][0m
  [34mUnused type args: [C][0m
  [34mUnused type args: [T][0m
  [34mUnused type args: [E][0m
  [34mUnused type args: [?][0m
  [34mUnused type args: [T][0m
  [34mUnused type args: [E][0m
  [34mUnused type args: [?][0m
  [34mUnused type args: [E][0m
  [34mUnused type args: [?][0m
  [34mUnused type args: [E][0m
  [34mUnused type args: [E][0m
  [34mUnused type args: [K, V][0m
  [34mUnused type args: [?, ?][0m
  [34mUnused type args: [T][0m
  [34mIgnoring implicit executable reference: (CtExecutableReferenceImpl) <init>[0m
  [34mUnused type args: [T][0m
  [34mUnused type args: [?][0m
  [34mUnused type args: [?][0m
  [34mUnused type args: [E][0m
  [34mUnused type args: [E][0m
  [34mUnused type args: [T][0m
  [34mUnused type args: [E][0m
  [34mUnused type args: [E][0m
  [34mUnused type args: [?][0m
  [34mUnused type args: [?][0m
  [34mUnused type args: [E][0m
  [34mUnused type args: [E][0m
  [34mUnused type args: [?][0m
  [34mUnused type args: [E][0m
  [34mUnused type args: [?][0m
  [34mIgnoring implicit executable reference: (CtExecutableReferenceImpl) <init>[0m
  [34mIgnoring implicit executable reference: (CtExecutableReferenceImpl) <init>[0m
  [34mUnused type args: [E][0m
  [34mUnused type args: [E][0m
  [34mUnused type args: [E][0m
  [34mIgnoring implicit executable reference: (CtExecutableReferenceImpl) <init>[0m
  [34mUnused type args: [E @ src/main/java/org/apache/commons/collections4/ComparatorUtils.java:172:35][0m
  [34mUnused type args: [?][0m
  [34mUnused type args: [E][0m
  [34mUnused type args: [O @ src/main/java/org/apache/commons/collections4/CollectionUtils.java:231:45][0m
  [34mIgnoring implicit executable reference: (CtExecutableReferenceImpl) <init>[0m
  [34mUnused type args: [O @ src/main/java/org/apache/commons/collections4/CollectionUtils.java:231:91][0m
  [34mUnused type args: [?][0m
  [34mUnused type args: [?][0m
  [34mUnused type args: [?][0m
  [34mUnused type args: [?][0m
  [34mUnused type args: [O][0m
  [34mUnused type args: [O][0m
  [34mUnused type args: [O][0m
  [34mUnused type args: [O][0m
  [34mUnused type args: [O][0m
  [34mIgnoring implicit executable reference: (CtExecutableReferenceImpl) <init>[0m
  [34mUnused type args: [?][0m
  [34mUnused type args: [C][0m
  [34mUnused type args: [E][0m
  [34mUnused type args: [?][0m
  [34mUnused type args: [C][0m
  [34mUnused type args: [?][0m
  [34mUnused type args: [E][0m
  [34mUnused type args: [E][0m
  [34mUnused type args: [E][0m
  [34mUnused type args: [?, ?][0m
  [34mUnused type args: [E][0m
  [34mUnused type args: [?, ?][0m
  [34mUnused type args: [?][0m
  [34mIgnoring implicit executable reference: (CtExecutableReferenceImpl) <init>[0m
  [34mUnused type args: [?][0m
  [34mUnused type args: [? @ src/main/java/org/apache/commons/collections4/CollectionUtils.java:1454:40][0m
  [34mUnused type args: [?][0m
  [34mUnused type args: [? @ src/main/java/org/apache/commons/collections4/CollectionUtils.java:1457:37][0m
  [34mUnused type args: [?][0m
  [34mUnused type args: [?][0m
  [34mUnused type args: [?][0m
  [34mUnused type args: [?][0m
  [34mUnused type args: [?][0m
  [34mUnused type args: [E][0m
  [34mIgnoring implicit executable reference: (CtExecutableReferenceImpl) <init>[0m
  [34mUnused type args: [E][0m
  [34mUnused type args: [E][0m
  [34mUnused type args: [E][0m
  [34mUnused type args: [E][0m
  [34mUnused type args: [E][0m
  [34mIgnoring implicit executable reference: (CtExecutableReferenceImpl) <init>[0m
  [34mUnused type args: [E @ src/main/java/org/apache/commons/collections4/iterators/CollatingIterator.java:292:36][0m
  [34mUnused type args: [E][0m
  [34mUnused type args: [java.util.Iterator][0m
  [34mUnused type args: [?][0m
  [34mUnused type args: [E][0m
  [34mIgnoring implicit executable reference: (CtExecutableReferenceImpl) <init>[0m
  [34mUnused type args: [E][0m
  [34mUnused type args: [java.util.Iterator][0m
  [34mUnused type args: [?][0m
  [34mUnused type args: [E][0m
  [34mUnused type args: [java.util.Iterator][0m
  [34mUnused type args: [?][0m
  [34mUnused type args: [E][0m
  [34mUnused type args: [E][0m
  [34mUnused type args: [E][0m
  [34mIgnoring implicit executable reference: (CtExecutableReferenceImpl) <init>[0m
  [34mIgnoring implicit executable reference: (CtExecutableReferenceImpl) <init>[0m
  [34mUnused type args: [?][0m
  [34mUnused type args: [C][0m
  [34mUnused type args: [?][0m
  [34mIgnoring implicit executable reference: (CtExecutableReferenceImpl) <init>[0m
  [34mIgnoring implicit executable reference: (CtExecutableReferenceImpl) <init>[0m
  [34mUnused type args: [?][0m
  [34mUnused type args: [?][0m
  [34mIgnoring implicit executable reference: (CtExecutableReferenceImpl) <init>[0m
  [34mIgnoring implicit executable reference: (CtExecutableReferenceImpl) <init>[0m
  [34mUnused type args: [?][0m
  [34mUnused type args: [?][0m
  [34mUnused type args: [?][0m
  [34mIgnoring implicit executable reference: (CtExecutableReferenceImpl) <init>[0m
  [34mIgnoring implicit executable reference: (CtExecutableReferenceImpl) <init>[0m
  [34mUnused type args: [? @ src/main/java/org/apache/commons/collections4/iterators/IteratorChain.java:146:29][0m
  [34mUnused type args: [java.util.Iterator][0m
  [34mUnused type args: [?][0m
  [34mUnused type args: [E][0m
  [34mUnused type args: [?][0m
  [34mUnused type args: [?][0m
  [34mIgnoring implicit executable reference: (CtExecutableReferenceImpl) <init>[0m
  [34mIgnoring implicit executable reference: (CtExecutableReferenceImpl) <init>[0m
  [34mUnused type args: [?][0m
  [34mUnused type args: [E][0m
  [34mUnused type args: [E][0m
  [34mUnused type args: [?][0m
  [34mUnused type args: [?][0m
  [34mUnused type args: [?][0m
  [34mUnused type args: [E][0m
  [34mUnused type args: [E][0m
  [34mUnused type args: [?][0m
  [34mUnused type args: [?][0m
  [34mUnused type args: [E][0m
  [34mUnused type args: [E][0m
  [34mIgnoring implicit executable reference: (CtExecutableReferenceImpl) <init>[0m
  [34mIgnoring implicit executable reference: (CtExecutableReferenceImpl) <init>[0m
  [34mUnused type args: [E][0m
  [34mUnused type args: [E][0m
  [34mUnused type args: [E][0m
  [34mUnused type args: [E][0m
  [34mUnused type args: [E][0m
  [34mIgnoring implicit executable reference: (CtExecutableReferenceImpl) <init>[0m
  [34mUnused type args: [E @ src/main/java/org/apache/commons/collections4/iterators/EmptyListIterator.java:67:30][0m
  [34mUnused type args: [?][0m
  [34mUnused type args: [?][0m
  [34mUnused type args: [?][0m
  [34mUnused type args: [?][0m
  [34mUnused type args: [E][0m
  [34mUnused type args: [E][0m
  [34mUnused type args: [E][0m
  [34mUnused type args: [E][0m
  [34mUnused type args: [T][0m
  [34mUnused type args: [E][0m
  [34mUnused type args: [E][0m
  [34mUnused type args: [E][0m
  [34mUnused type args: [?][0m
  [34mUnused type args: [java.util.Iterator][0m
  [34mUnused type args: [java.util.Iterator][0m
  [34mUnused type args: [?][0m
  [34mUnused type args: [?][0m
  [34mUnused type args: [?][0m
  [34mUnused type args: [E][0m
  [34mUnused type args: [java.util.Iterator][0m
  [34mUnused type args: [?][0m
  [34mUnused type args: [?, ?][0m
  [34mUnused type args: [I, O][0m
  [34mUnused type args: [I, O][0m
  [34mUnused type args: [?, ?][0m
  [34mUnused type args: [?, ?][0m
  [34mIgnoring implicit executable reference: (CtExecutableReferenceImpl) <init>[0m
  [34mUnused type args: [E][0m
  [34mIgnoring implicit executable reference: (CtExecutableReferenceImpl) <init>[0m
  [34mUnused type args: [E][0m
  [34mUnused type args: [E][0m
  [34mUnused type args: [E][0m
  [34mUnused type args: [E][0m
  [34mUnused type args: [E][0m
  [34mUnused type args: [E][0m
  [34mUnused type args: [E][0m
  [34mUnused type args: [E][0m
  [34mIgnoring implicit executable reference: (CtExecutableReferenceImpl) <init>[0m
  [34mUnused type args: [T][0m
  [34mUnused type args: [java.lang.Class, T][0m
  [34mUnused type args: [?][0m
  [34mUnused type args: [?][0m
  [34mUnused type args: [?][0m
  [34mUnused type args: [O @ src/main/java/org/apache/commons/collections4/CollectionUtils.java:283:45][0m
  [34mIgnoring implicit executable reference: (CtExecutableReferenceImpl) <init>[0m
  [34mUnused type args: [O @ src/main/java/org/apache/commons/collections4/CollectionUtils.java:283:91][0m
  [34mUnused type args: [?][0m
  [34mUnused type args: [?][0m
  [34mUnused type args: [?][0m
  [34mUnused type args: [?][0m
  [34mUnused type args: [O][0m
  [34mUnused type args: [O][0m
  [34mUnused type args: [O][0m
  [34mUnused type args: [O][0m
  [34mUnused type args: [O][0m
  [34mUnused type args: [O][0m
  [34mIgnoring implicit executable reference: (CtExecutableReferenceImpl) <init>[0m
  [34mUnused type args: [?][0m
  [34mUnused type args: [E][0m
  [34mUnused type args: [E][0m
  [34mUnused type args: [?][0m
  [34mUnused type args: [?][0m
  [34mUnused type args: [E][0m
  [34mUnused type args: [E][0m
  [34mUnused type args: [E][0m
  [34mUnused type args: [E][0m
  [34mIgnoring implicit executable reference: (CtExecutableReferenceImpl) <init>[0m
  [34mUnused type args: [E][0m
  [34mUnused type args: [E][0m
  [34mUnused type args: [E][0m
  [34mIgnoring implicit executable reference: (CtExecutableReferenceImpl) <init>[0m
  [34mUnused type args: [E][0m
  [34mIgnoring implicit executable reference: (CtExecutableReferenceImpl) <init>[0m
  [34mUnused type args: [E][0m
  [34mUnused type args: [E][0m
  [34mUnused type args: [E][0m
  [34mUnused type args: [E][0m
  [34mIgnoring implicit executable reference: (CtExecutableReferenceImpl) <init>[0m
  [34mUnused type args: [I, O][0m
  [34mUnused type args: [I, O][0m
  [34mUnused type args: [?][0m
  [34mIgnoring implicit executable reference: (CtExecutableReferenceImpl) <init>[0m
  [34mUnused type args: [?][0m
  [34mUnused type args: [E @ src/main/java/org/apache/commons/collections4/iterators/UnmodifiableListIterator.java:51:32][0m
  [34mUnused type args: [E @ src/main/java/org/apache/commons/collections4/iterators/UnmodifiableListIterator.java:51:63][0m
  [34mUnused type args: [?][0m
  [34mUnused type args: [E][0m
  [34mIgnoring implicit executable reference: (CtExecutableReferenceImpl) <init>[0m
  [34mUnused type args: [E @ src/main/java/org/apache/commons/collections4/iterators/UnmodifiableListIterator.java:54:45][0m
  [34mUnused type args: [?][0m
  [34mUnused type args: [?][0m
  [34mUnused type args: [E][0m
  [34mUnused type args: [?][0m
  [34mUnused type args: [C][0m
  [34mUnused type args: [E][0m
  [34mUnused type args: [E][0m
  [34mUnused type args: [E][0m
  [34mUnused type args: [T][0m
  [34mUnused type args: [E][0m
  [34mUnused type args: [E][0m
  [34mUnused type args: [?][0m
  [34mUnused type args: [?][0m
  [34mUnused type args: [E][0m
  [34mUnused type args: [E][0m
  [34mUnused type args: [?][0m
  [34mUnused type args: [T][0m
  [34mUnused type args: [E][0m
  [34mUnused type args: [?][0m
  [34mUnused type args: [T][0m
  [34mUnused type args: [?][0m
  [34mUnused type args: [E][0m
  [34mUnused type args: [E][0m
  [34mUnused type args: [I, O][0m
  [34mUnused type args: [?][0m
  [34mUnused type args: [E][0m
  [34mUnused type args: [?][0m
  [34mUnused type args: [? @ src/main/java/org/apache/commons/collections4/iterators/ListIteratorWrapper.java:202:32][0m
  [34mUnused type args: [? @ src/main/java/org/apache/commons/collections4/iterators/ListIteratorWrapper.java:202:54][0m
  [34mUnused type args: [E][0m
  [34mUnused type args: [?][0m
  [34mUnused type args: [?][0m
  [34mUnused type args: [E][0m
  [34mUnused type args: [I, O][0m
  [34mUnused type args: [I, O][0m
  [34mUnused type args: [?][0m
  [34mUnused type args: [?][0m
  [34mUnused type args: [T][0m
  [34mUnused type args: [E][0m
  [34mUnused type args: [?][0m
  [34mUnused type args: [T][0m
  [34mUnused type args: [E][0m
  [34mUnused type args: [?][0m
  [34mUnused type args: [E][0m
  [34mUnused type args: [E][0m
  [34mIgnoring implicit executable reference: (CtExecutableReferenceImpl) <init>[0m
  [34mUnused type args: [E][0m
  [34mUnused type args: [E][0m
  [34mUnused type args: [E][0m
  [34mUnused type args: [E][0m
  [34mUnused type args: [?][0m
  [34mUnused type args: [?][0m
  [34mUnused type args: [?][0m
  [34mUnused type args: [?][0m
  [34mUnused type args: [E][0m
  [34mUnused type args: [E][0m
  [34mUnused type args: [E][0m
  [34mUnused type args: [E][0m
  [34mUnused type args: [?][0m
  [34mUnused type args: [C][0m
  [34mUnused type args: [E][0m
  [34mUnused type args: [?][0m
  [34mUnused type args: [C][0m
  [34mUnused type args: [?][0m
  [34mIgnoring implicit executable reference: (CtExecutableReferenceImpl) <init>[0m
  [34mUnused type args: [E][0m
  [34mUnused type args: [E][0m
  [34mUnused type args: [T][0m
  [34mUnused type args: [E][0m
  [34mUnused type args: [E][0m
  [34mUnused type args: [E][0m
  [34mUnused type args: [E][0m
  [34mUnused type args: [E][0m
  [34mUnused type args: [E][0m
  [34mUnused type args: [E][0m
  [34mUnused type args: [E][0m
  [34mUnused type args: [E][0m
  [34mUnused type args: [E][0m
  [34mUnused type args: [E][0m
  [34mUnused type args: [E @ src/main/java/org/apache/commons/collections4/iterators/EmptyListIterator.java:57:40][0m
  [34mUnused type args: [E][0m
  [34mUnused type args: [E][0m
  [34mUnused type args: [I, O][0m
  [34mUnused type args: [?][0m
  [34mUnused type args: [O][0m
  [34mUnused type args: [O][0m
  [34mUnused type args: [E][0m
  [34mUnused type args: [E][0m
  [34mUnused type args: [E][0m
  [34mUnused type args: [E][0m
  [34mUnused type args: [E][0m
  [34mUnused type args: [E][0m
  [34mUnused type args: [E][0m
  [34mUnused type args: [E][0m
  [34mUnused type args: [E][0m
  [34mUnused type args: [E][0m
  [34mUnused type args: [?][0m
  [34mIgnoring implicit executable reference: (CtExecutableReferenceImpl) <init>[0m
  [34mUnused type args: [E][0m
  [34mUnused type args: [?][0m
  [34mUnused type args: [?][0m
  [34mUnused type args: [E][0m
  [34mUnused type args: [E][0m
  getting parent type for (CtClassImpl) LcsVisitor @ src/main/java/org/apache/commons/collections4/ListUtils.java:582:32
  getting parent type for (CtClassImpl) CharSequenceAsList @ src/main/java/org/apache/commons/collections4/ListUtils.java:608:32
  getting parent type for (CtClassImpl) Partition @ src/main/java/org/apache/commons/collections4/ListUtils.java:665:26
  [34mUnused type args: [E][0m
  [34mUnused type args: [E][0m
  [34mUnused type args: [E][0m
  [34mUnused type args: [?][0m
  [34mUnused type args: [E][0m
  [34mUnused type args: [?][0m
  [34mUnused type args: [I, O][0m
  [34mUnused type args: [I, O][0m
  [34mUnused type args: [?, ?][0m
  [34mUnused type args: [?][0m
  [34mUnused type args: [?, ?][0m
  [34mUnused type args: [org.apache.commons.collections4.Predicate, org.apache.commons.collections4.Transformer][0m
  [34mUnused type args: [I][0m
  [34mUnused type args: [I, O][0m
  [34mUnused type args: [E @ src/main/java/org/apache/commons/collections4/CollectionUtils.java:1690:27, org.apache.commons.collections4.CollectionUtils$EquatorWrapper @ src/main/java/org/apache/commons/collections4/CollectionUtils.java:1690:30][0m
  [34mUnused type args: [E @ src/main/java/org/apache/commons/collections4/CollectionUtils.java:1690:45][0m
  [34mIgnoring anonymous type: (CtTypeReferenceImpl) org.apache.commons.collections4.CollectionUtils$2[0m
  [34mIgnoring implicit executable reference: (CtExecutableReferenceImpl) <init>[0m
  [34mIgnoring anonymous type: (CtTypeReferenceImpl) org.apache.commons.collections4.CollectionUtils$2[0m
  [34mUnused type args: [E @ src/main/java/org/apache/commons/collections4/CollectionUtils.java:1690:79, org.apache.commons.collections4.CollectionUtils$EquatorWrapper @ src/main/java/org/apache/commons/collections4/CollectionUtils.java:1690:82][0m
  [34mUnused type args: [E @ src/main/java/org/apache/commons/collections4/CollectionUtils.java:1690:97][0m
  [34mIgnoring anonymous object declaration: (CtClassImpl) 2 @ src/main/java/org/apache/commons/collections4/CollectionUtils.java:1690:103[0m
  [34mUnused type args: [E, org.apache.commons.collections4.CollectionUtils$EquatorWrapper][0m
  [34mUnused type args: [E][0m
  [34mIgnoring implicit executable reference: (CtExecutableReferenceImpl) <init>[0m
  [34mIgnoring implicit executable reference: (CtExecutableReferenceImpl) <init>[0m
  [34mIgnoring method of an anonymous declaring type: (CtMethodImpl) transform @ src/main/java/org/apache/commons/collections4/CollectionUtils.java:1692:38 in (CtClassImpl) 2 @ src/main/java/org/apache/commons/collections4/CollectionUtils.java:1690:103[0m
  [34mUnused type args: [E @ src/main/java/org/apache/commons/collections4/CollectionUtils.java:1692:35][0m
  [34mIgnoring implicit executable reference: (CtExecutableReferenceImpl) <init>[0m
  [34mUnused type args: [E @ src/main/java/org/apache/commons/collections4/CollectionUtils.java:1693:43][0m
  [34mUnused type args: [?][0m
  [34mUnused type args: [?][0m
  [34mUnused type args: [org.apache.commons.collections4.CollectionUtils$EquatorWrapper @ src/main/java/org/apache/commons/collections4/CollectionUtils.java:1697:19][0m
  [34mUnused type args: [E @ src/main/java/org/apache/commons/collections4/CollectionUtils.java:1697:34][0m
  [34mUnused type args: [?, org.apache.commons.collections4.CollectionUtils$EquatorWrapper, java.util.HashSet][0m
  [34mUnused type args: [org.apache.commons.collections4.CollectionUtils$EquatorWrapper][0m
  [34mUnused type args: [E][0m
  [34mUnused type args: [?][0m
  [34mUnused type args: [?, ?][0m
  [34mUnused type args: [?][0m
  [34mUnused type args: [E][0m
  [34mUnused type args: [org.apache.commons.collections4.CollectionUtils$EquatorWrapper][0m
  [34mUnused type args: [E][0m
  [34mUnused type args: [?][0m
  [34mUnused type args: [E, org.apache.commons.collections4.CollectionUtils$EquatorWrapper][0m
  [34mUnused type args: [E][0m
  [34mIgnoring implicit executable reference: (CtExecutableReferenceImpl) <init>[0m
  [34mUnused type args: [org.apache.commons.collections4.CollectionUtils$EquatorWrapper @ src/main/java/org/apache/commons/collections4/CollectionUtils.java:1698:58][0m
  [34mUnused type args: [E @ src/main/java/org/apache/commons/collections4/CollectionUtils.java:1698:73][0m
  [34mUnused type args: [E @ src/main/java/org/apache/commons/collections4/CollectionUtils.java:1700:20][0m
  [34mIgnoring implicit executable reference: (CtExecutableReferenceImpl) <init>[0m
  [34mUnused type args: [E @ src/main/java/org/apache/commons/collections4/CollectionUtils.java:1700:44][0m
  [34mUnused type args: [E][0m
  [34mUnused type args: [org.apache.commons.collections4.CollectionUtils$EquatorWrapper][0m
  [34mUnused type args: [E][0m
  [34mIgnoring implicit executable reference: (CtExecutableReferenceImpl) <init>[0m
  [34mUnused type args: [E @ src/main/java/org/apache/commons/collections4/CollectionUtils.java:1702:55][0m
  [34mUnused type args: [?][0m
  [34mUnused type args: [?][0m
  [34mUnused type args: [E][0m
  [34mUnused type args: [E][0m
  [34mUnused type args: [E][0m
  [34mUnused type args: [?][0m
  [34mUnused type args: [? @ src/main/java/org/apache/commons/collections4/iterators/ListIteratorWrapper.java:128:32][0m
  [34mUnused type args: [? @ src/main/java/org/apache/commons/collections4/iterators/ListIteratorWrapper.java:128:54][0m
  [34mUnused type args: [E][0m
  [34mUnused type args: [?][0m
  [34mUnused type args: [?][0m
  [34mUnused type args: [E][0m
  [34mUnused type args: [T][0m
  [34mUnused type args: [T, T][0m
  [34mUnused type args: [?][0m
  [34mUnused type args: [?][0m
  [34mUnused type args: [I, O][0m
  [34mUnused type args: [?, ?][0m
  [34mUnused type args: [E][0m
  [34mUnused type args: [E][0m
  [34mIgnoring implicit executable reference: (CtExecutableReferenceImpl) <init>[0m
  [34mUnused type args: [E][0m
  [34mUnused type args: [E][0m
  [34mUnused type args: [T][0m
  [34mUnused type args: [E][0m
  [34mUnused type args: [E][0m
  [34mUnused type args: [?][0m
  [34mUnused type args: [?][0m
  [34mUnused type args: [?][0m
  [34mUnused type args: [?][0m
  [34mUnused type args: [E][0m
  [34mUnused type args: [E][0m
  [34mUnused type args: [?][0m
  [34mUnused type args: [?, java.lang.Integer][0m
  [34mUnused type args: [E][0m
  [34mUnused type args: [E][0m
  [34mUnused type args: [?][0m
  [34mUnused type args: [E][0m
  [34mUnused type args: [E][0m
  [34mUnused type args: [?][0m
  [34mIgnoring implicit executable reference: (CtExecutableReferenceImpl) <init>[0m
  [34mIgnoring implicit executable reference: (CtExecutableReferenceImpl) <init>[0m
  [34mUnused type args: [E][0m
  [34mUnused type args: [E][0m
  [34mIgnoring implicit executable reference: (CtExecutableReferenceImpl) <init>[0m
  [34mUnused type args: [E][0m
  [34mUnused type args: [E][0m
  [34mUnused type args: [E][0m
  [34mUnused type args: [E][0m
  [34mUnused type args: [E][0m
  [34mIgnoring implicit executable reference: (CtExecutableReferenceImpl) <init>[0m
  [34mUnused type args: [E][0m
  [34mUnused type args: [E][0m
  [34mUnused type args: [E][0m
  [34mIgnoring implicit executable reference: (CtExecutableReferenceImpl) <init>[0m
  [34mIgnoring implicit executable reference: (CtExecutableReferenceImpl) <init>[0m
  [34mUnused type args: [E][0m
  [34mUnused type args: [E][0m
  [34mUnused type args: [E][0m
  [34mUnused type args: [E][0m
  [34mUnused type args: [E][0m
  [34mUnused type args: [?][0m
  [34mUnused type args: [E][0m
  [34mUnused type args: [E][0m
  [34mUnused type args: [?][0m
  [34mUnused type args: [E][0m
  [34mUnused type args: [E][0m
  [34mUnused type args: [E][0m
  [34mUnused type args: [E][0m
  [34mUnused type args: [?][0m
  [34mUnused type args: [E][0m
  [34mUnused type args: [E][0m
  [34mUnused type args: [?][0m
  [34mUnused type args: [?][0m
  [34mUnused type args: [E][0m
  [34mUnused type args: [E][0m
  [34mUnused type args: [E][0m
  [34mUnused type args: [O @ src/main/java/org/apache/commons/collections4/CollectionUtils.java:440:19, java.lang.Integer @ src/main/java/org/apache/commons/collections4/CollectionUtils.java:440:22][0m
  [34mIgnoring implicit executable reference: (CtExecutableReferenceImpl) <init>[0m
  [34mUnused type args: [O @ src/main/java/org/apache/commons/collections4/CollectionUtils.java:440:51, java.lang.Integer @ src/main/java/org/apache/commons/collections4/CollectionUtils.java:440:54][0m
  [34mUnused type args: [?][0m
  [34mUnused type args: [O, java.lang.Integer][0m
  [34mUnused type args: [O, java.lang.Integer][0m
  [34mUnused type args: [O, java.lang.Integer][0m
  [34mUnused type args: [O, java.lang.Integer][0m
  [34mUnused type args: [E][0m
  [34mUnused type args: [E][0m
  [34mUnused type args: [T][0m
  [34mUnused type args: [E][0m
  [34mUnused type args: [E][0m
  [34mUnused type args: [E][0m
  [34mUnused type args: [E][0m
  [34mUnused type args: [E][0m
  [34mUnused type args: [T][0m
  [34mUnused type args: [T][0m
  [34mUnused type args: [?][0m
  [34mUnused type args: [T][0m
  [34mUnused type args: [?][0m
  [34mUnused type args: [?][0m
  [34mUnused type args: [T][0m
  [34mUnused type args: [T][0m
  [34mUnused type args: [?][0m
  [34mUnused type args: [?][0m
  [34mUnused type args: [?][0m
  [34mUnused type args: [E][0m
  [34mUnused type args: [E][0m
  [34mUnused type args: [?][0m
  [34mUnused type args: [?][0m
  [34mIgnoring implicit executable reference: (CtExecutableReferenceImpl) <init>[0m
  [34mUnused type args: [?][0m
  [34mIgnoring implicit executable reference: (CtExecutableReferenceImpl) <init>[0m
  [34mUnused type args: [?][0m
  [34mUnused type args: [C][0m
  [34mUnused type args: [?][0m
  [34mUnused type args: [?][0m
  [34mUnused type args: [E][0m
  [34mUnused type args: [E][0m
  [34mUnused type args: [C][0m
  [34mUnused type args: [C][0m
  [34mUnused type args: [T][0m
  [34mUnused type args: [C][0m
  [34mUnused type args: [I, O][0m
  [34mUnused type args: [I, O][0m
  [34mUnused type args: [?][0m
  [34mUnused type args: [?, ?][0m
  [34mUnused type args: [?, ?][0m
  [34mUnused type args: [?][0m
  [34mUnused type args: [?, ?][0m
  [34mUnused type args: [O][0m
  [34mUnused type args: [O][0m
  [34mUnused type args: [O][0m
  [34mIgnoring implicit executable reference: (CtExecutableReferenceImpl) <init>[0m
  [34mUnused type args: [I @ src/main/java/org/apache/commons/collections4/ComparatorUtils.java:196:43, O @ src/main/java/org/apache/commons/collections4/ComparatorUtils.java:196:46][0m
  [34mUnused type args: [?, ?][0m
  [34mUnused type args: [O][0m
  [34mUnused type args: [?, ?][0m
  [34mUnused type args: [O][0m
  [34mUnused type args: [java.lang.Object @ src/main/java/org/apache/commons/collections4/CollectionUtils.java:465:33][0m
  [34mIgnoring implicit executable reference: (CtExecutableReferenceImpl) <init>[0m
  [34mUnused type args: [java.lang.Object @ src/main/java/org/apache/commons/collections4/CollectionUtils.java:465:72][0m
  [34mUnused type args: [?][0m
  [34mUnused type args: [?][0m
  [34mUnused type args: [?][0m
  [34mUnused type args: [?][0m
  [34mUnused type args: [?][0m
  [34mUnused type args: [java.lang.Object][0m
  [34mUnused type args: [java.lang.Object][0m
  [34mUnused type args: [?][0m
  [34mUnused type args: [?, ?, R][0m
  [34mUnused type args: [?][0m
  [34mUnused type args: [?][0m
  [34mUnused type args: [?, ?][0m
  [34mUnused type args: [?][0m
  [34mUnused type args: [?][0m
  [34mUnused type args: [?][0m
  [34mUnused type args: [?, ?][0m
  [34mUnused type args: [?][0m
  [34mUnused type args: [? @ src/main/java/org/apache/commons/collections4/CollectionUtils.java:373:28][0m
  [34mUnused type args: [?][0m
  [34mUnused type args: [?][0m
  [34mUnused type args: [java.lang.Object @ src/main/java/org/apache/commons/collections4/CollectionUtils.java:374:23][0m
  [34mIgnoring implicit executable reference: (CtExecutableReferenceImpl) <init>[0m
  [34mUnused type args: [java.lang.Object @ src/main/java/org/apache/commons/collections4/CollectionUtils.java:374:65][0m
  [34mUnused type args: [?][0m
  [34mUnused type args: [java.lang.Object][0m
  [34mUnused type args: [?][0m
  [34mUnused type args: [?][0m
  [34mUnused type args: [java.lang.Object][0m
  [34mUnused type args: [E][0m
  [34mUnused type args: [?][0m
  [34mUnused type args: [E][0m
  [34mUnused type args: [E][0m
  [34mUnused type args: [E][0m
  [34mUnused type args: [E][0m
  [34mUnused type args: [I, ?, java.util.ArrayList][0m
  [34mUnused type args: [O][0m
  [34mUnused type args: [?][0m
  [34mUnused type args: [?, ?][0m
  [34mUnused type args: [?][0m
  [34mUnused type args: [O][0m
  [34mUnused type args: [I][0m
  [34mUnused type args: [?, ?][0m
  [34mIgnoring implicit executable reference: (CtExecutableReferenceImpl) <init>[0m
  [34mUnused type args: [O @ src/main/java/org/apache/commons/collections4/CollectionUtils.java:1023:66][0m
  [34mUnused type args: [E][0m
  [34mUnused type args: [E][0m
  [34mUnused type args: [E][0m
  [34mUnused type args: [E][0m
  [34mIgnoring implicit executable reference: (CtExecutableReferenceImpl) <init>[0m
  [34mIgnoring implicit executable reference: (CtExecutableReferenceImpl) <init>[0m
  [34mUnused type args: [?][0m
  [34mUnused type args: [?][0m
  [34mUnused type args: [?][0m
  [34mUnused type args: [?][0m
  [34mUnused type args: [O][0m
  [34mUnused type args: [O][0m
  [34mUnused type args: [O][0m
  [34mIgnoring implicit executable reference: (CtExecutableReferenceImpl) <init>[0m
  [34mUnused type args: [O @ src/main/java/org/apache/commons/collections4/CollectionUtils.java:143:36][0m
  [34mUnused type args: [O][0m
  [34mUnused type args: [C][0m
  [34mUnused type args: [?][0m
  [34mUnused type args: [O][0m
  [34mUnused type args: [O][0m
  [34mUnused type args: [?][0m
  [34mUnused type args: [O][0m
  [34mUnused type args: [C][0m
  [34mUnused type args: [?][0m
  [34mUnused type args: [O][0m
  [34mUnused type args: [O][0m
  [34mUnused type args: [?][0m
  [34mUnused type args: [O][0m
  [34mUnused type args: [O][0m
  [34mUnused type args: [O][0m
  [34mIgnoring implicit executable reference: (CtExecutableReferenceImpl) <init>[0m
  [34mUnused type args: [O @ src/main/java/org/apache/commons/collections4/CollectionUtils.java:147:37][0m
  [34mUnused type args: [O][0m
  [34mUnused type args: [O][0m
  [34mUnused type args: [K, V][0m
  [34mUnused type args: [?, ?][0m
  [34mIgnoring implicit executable reference: (CtExecutableReferenceImpl) <init>[0m
  [34mIgnoring implicit executable reference: (CtExecutableReferenceImpl) <init>[0m
  [34mUnused type args: [?][0m
  [34mUnused type args: [O][0m
  [34mUnused type args: [O][0m
  [34mUnused type args: [E][0m
  [34mUnused type args: [E][0m
  [34mUnused type args: [E][0m
  [34mUnused type args: [E][0m
  [34mUnused type args: [E][0m
  [34mUnused type args: [E][0m
  [34mUnused type args: [?][0m
  [34mUnused type args: [E][0m
  [34mUnused type args: [?][0m
  [34mUnused type args: [?][0m
  [34mIgnoring implicit executable reference: (CtExecutableReferenceImpl) <init>[0m
  [34mIgnoring implicit executable reference: (CtExecutableReferenceImpl) <init>[0m
  [34mUnused type args: [?][0m
  [34mUnused type args: [E][0m
  [34mUnused type args: [E][0m
  [34mUnused type args: [?][0m
  [34mUnused type args: [? @ src/main/java/org/apache/commons/collections4/iterators/ObjectGraphIterator.java:109:46][0m
  [34mUnused type args: [E][0m
  [34mUnused type args: [E][0m
  [34mUnused type args: [?, ?][0m
  [34mUnused type args: [E][0m
  [34mUnused type args: [E][0m
  [34mUnused type args: [?, ?][0m
  [34mUnused type args: [?, ?][0m
  [34mIgnoring implicit executable reference: (CtExecutableReferenceImpl) <init>[0m
  [34mIgnoring implicit executable reference: (CtExecutableReferenceImpl) <init>[0m
  [34mUnused type args: [E][0m
  [34mUnused type args: [?][0m
  [34mUnused type args: [E @ src/main/java/org/apache/commons/collections4/CollectionUtils.java:1626:35][0m
  [34mIgnoring implicit executable reference: (CtExecutableReferenceImpl) <init>[0m
  [34mUnused type args: [E @ src/main/java/org/apache/commons/collections4/CollectionUtils.java:1626:67][0m
  [34mUnused type args: [?][0m
  [34mUnused type args: [E][0m
  [34mUnused type args: [java.util.List @ src/main/java/org/apache/commons/collections4/CollectionUtils.java:1627:26][0m
  [34mUnused type args: [E @ src/main/java/org/apache/commons/collections4/CollectionUtils.java:1627:31][0m
  [34mIgnoring implicit executable reference: (CtExecutableReferenceImpl) <init>[0m
  [34mUnused type args: [java.util.List @ src/main/java/org/apache/commons/collections4/CollectionUtils.java:1627:58][0m
  [34mUnused type args: [E @ src/main/java/org/apache/commons/collections4/CollectionUtils.java:1627:63][0m
  [34mUnused type args: [E][0m
  [34mUnused type args: [java.util.List][0m
  [34mUnused type args: [E][0m
  [34mUnused type args: [E][0m
  [34mUnused type args: [E][0m
  [34mUnused type args: [java.util.List][0m
  [34mUnused type args: [E][0m
  [34mUnused type args: [T][0m
  [34mUnused type args: [T][0m
  [34mUnused type args: [T][0m
  [34mUnused type args: [T][0m
  [34mUnused type args: [T][0m
  [34mUnused type args: [?][0m
  [34mIgnoring implicit executable reference: (CtExecutableReferenceImpl) <init>[0m
  [34mUnused type args: [T @ src/main/java/org/apache/commons/collections4/FluentIterable.java:95:66][0m
  [34mUnused type args: [T][0m
  [34mUnused type args: [T][0m
  [34mUnused type args: [T][0m
  [34mUnused type args: [T][0m
  [34mUnused type args: [T][0m
  [34mUnused type args: [T][0m
  [34mUnused type args: [I, O][0m
  [34mUnused type args: [?, ?][0m
  [34mUnused type args: [C][0m
  [34mUnused type args: [C][0m
  [34mUnused type args: [E][0m
  [34mUnused type args: [?][0m
  [34mUnused type args: [C][0m
  [34mUnused type args: [?][0m
  [34mIgnoring implicit executable reference: (CtExecutableReferenceImpl) <init>[0m
  [34mIgnoring implicit executable reference: (CtExecutableReferenceImpl) <init>[0m
  [34mUnused type args: [E][0m
  [34mUnused type args: [E][0m
  [34mUnused type args: [?][0m
  [34mUnused type args: [E][0m
  [34mUnused type args: [E][0m
  [34mUnused type args: [?][0m
  [34mUnused type args: [E][0m
  [34mUnused type args: [E][0m
  [34mUnused type args: [E][0m
  [34mIgnoring implicit executable reference: (CtExecutableReferenceImpl) <init>[0m
  [34mUnused type args: [E @ src/main/java/org/apache/commons/collections4/ComparatorUtils.java:152:35][0m
  [34mUnused type args: [?][0m
  [34mUnused type args: [E][0m
  [34mUnused type args: [E][0m
  [34mUnused type args: [?][0m
  [34mUnused type args: [E][0m
  [34mUnused type args: [?][0m
  [34mUnused type args: [E][0m
  [34mUnused type args: [E][0m
  [34mUnused type args: [E][0m
  [34mUnused type args: [E][0m
  [34mUnused type args: [E][0m
  [34mUnused type args: [E][0m
  [34mIgnoring implicit executable reference: (CtExecutableReferenceImpl) <init>[0m
  Pending package java.text
  [34mUnused type args: [E][0m
  [34mUnused type args: [?][0m
  [34mUnused type args: [E][0m
  [34mUnused type args: [E][0m
  [34mUnused type args: [E][0m
  [34mUnused type args: [E][0m
  [34mUnused type args: [E][0m
  [34mIgnoring implicit executable reference: (CtExecutableReferenceImpl) <init>[0m
  [34mIgnoring implicit executable reference: (CtExecutableReferenceImpl) <init>[0m
  [34mIgnoring implicit executable reference: (CtExecutableReferenceImpl) <init>[0m
  [34mIgnoring implicit executable reference: (CtExecutableReferenceImpl) <init>[0m
  [34mIgnoring implicit executable reference: (CtExecutableReferenceImpl) <init>[0m
  [34mIgnoring implicit executable reference: (CtExecutableReferenceImpl) <init>[0m
  [34mUnused type args: [E][0m
  [34mIgnoring implicit executable reference: (CtExecutableReferenceImpl) <init>[0m
  [34mUnused type args: [E][0m
  [34mUnused type args: [E][0m
  [34mUnused type args: [E][0m
  [34mUnused type args: [E][0m
  [34mUnused type args: [E][0m
  [34mUnused type args: [E][0m
  [34mUnused type args: [T][0m
  [34mUnused type args: [T][0m
  [34mUnused type args: [T][0m
  [34mUnused type args: [T][0m
  [34mUnused type args: [T][0m
  [34mIgnoring implicit executable reference: (CtExecutableReferenceImpl) <init>[0m
  [34mIgnoring implicit executable reference: (CtExecutableReferenceImpl) <init>[0m
  [34mUnused type args: [E][0m
  [34mUnused type args: [E][0m
  [34mUnused type args: [E][0m
  [34mIgnoring implicit executable reference: (CtExecutableReferenceImpl) <init>[0m
  [34mIgnoring implicit executable reference: (CtExecutableReferenceImpl) <init>[0m
  [34mIgnoring implicit executable reference: (CtExecutableReferenceImpl) <init>[0m
  [34mUnused type args: [E][0m
  [34mUnused type args: [?][0m
  [34mUnused type args: [E][0m
  [34mUnused type args: [E][0m
  [34mUnused type args: [?][0m
  [34mUnused type args: [E][0m
  [34mIgnoring implicit executable reference: (CtExecutableReferenceImpl) <init>[0m
  [34mIgnoring implicit executable reference: (CtExecutableReferenceImpl) <init>[0m
  [34mUnused type args: [E][0m
  [34mUnused type args: [E][0m
  [34mUnused type args: [E][0m
  [34mUnused type args: [?][0m
  [34mIgnoring implicit executable reference: (CtExecutableReferenceImpl) <init>[0m
  [34mIgnoring implicit executable reference: (CtExecutableReferenceImpl) <init>[0m
  [34mUnused type args: [?][0m
  [34mUnused type args: [E][0m
  [34mUnused type args: [E][0m
  [34mUnused type args: [?][0m
  [34mUnused type args: [?][0m
  [34mUnused type args: [K @ src/main/java/org/apache/commons/collections4/iterators/EmptyOrderedMapIterator.java:46:36, V @ src/main/java/org/apache/commons/collections4/iterators/EmptyOrderedMapIterator.java:46:39][0m
  [34mUnused type args: [I, O][0m
  [34mUnused type args: [I, O][0m
  [34mUnused type args: [E][0m
  [34mUnused type args: [E][0m
  [34mUnused type args: [E][0m
  [34mIgnoring implicit executable reference: (CtExecutableReferenceImpl) <init>[0m
  [34mUnused type args: [E][0m
  [34mUnused type args: [E][0m
  [34mUnused type args: [E][0m
  [34mUnused type args: [E][0m
  [34mUnused type args: [E][0m
  [34mUnused type args: [E][0m
  [34mUnused type args: [E][0m
  [34mUnused type args: [E][0m
  [34mUnused type args: [T][0m
  [34mUnused type args: [?][0m
  [34mUnused type args: [T @ src/main/java/org/apache/commons/collections4/CollectionUtils.java:736:33][0m
  [34mUnused type args: [T][0m
  [34mUnused type args: [T][0m
  [34mUnused type args: [T][0m
  [34mUnused type args: [?][0m
  [34mUnused type args: [T][0m
  [34mUnused type args: [T][0m
  [34mUnused type args: [O][0m
  [34mUnused type args: [O][0m
  [34mUnused type args: [T][0m
  [34mUnused type args: [T][0m
  [34mUnused type args: [T @ src/main/java/org/apache/commons/collections4/CollectionUtils.java:212:54][0m
  [34mUnused type args: [T][0m
  [34mUnused type args: [T][0m
  [34mUnused type args: [T][0m
  [34mUnused type args: [T][0m
  [34mIgnoring implicit executable reference: (CtExecutableReferenceImpl) <init>[0m
  [34mUnused type args: [T @ src/main/java/org/apache/commons/collections4/functors/EqualPredicate.java:53:35][0m
  [34mIgnoring implicit executable reference: (CtExecutableReferenceImpl) <init>[0m
  [34mIgnoring implicit executable reference: (CtExecutableReferenceImpl) <init>[0m
  [34mUnused type args: [E][0m
  [34mUnused type args: [E][0m
  [34mUnused type args: [E][0m
  [34mUnused type args: [E][0m
  [34mUnused type args: [E][0m
  [34mUnused type args: [E][0m
  [34mUnused type args: [?][0m
  [34mUnused type args: [E][0m
  [34mUnused type args: [?][0m
  [34mUnused type args: [E][0m
  [34mUnused type args: [?][0m
  [34mUnused type args: [E][0m
  [34mUnused type args: [?][0m
  [34mIgnoring implicit executable reference: (CtExecutableReferenceImpl) <init>[0m
  [34mIgnoring implicit executable reference: (CtExecutableReferenceImpl) <init>[0m
  [34mUnused type args: [?][0m
  [34mUnused type args: [E][0m
  [34mUnused type args: [E][0m
  [34mUnused type args: [?][0m
  [34mUnused type args: [?][0m
  [34mUnused type args: [?][0m
  [34mUnused type args: [E][0m
  [34mUnused type args: [E][0m
  [34mUnused type args: [?][0m
  [34mUnused type args: [?][0m
  [34mUnused type args: [O][0m
  [34mUnused type args: [?, java.lang.Integer][0m
  [34mUnused type args: [O][0m
  [34mUnused type args: [O, java.lang.Integer][0m
  [34mIgnoring implicit executable reference: (CtExecutableReferenceImpl) <init>[0m
  [34mUnused type args: [?][0m
  [34mUnused type args: [C][0m
  [34mUnused type args: [E][0m
  [34mUnused type args: [?][0m
  [34mUnused type args: [C][0m
  [34mUnused type args: [?][0m
  [34mUnused type args: [E][0m
  [34mUnused type args: [E][0m
  [34mUnused type args: [T][0m
  [34mUnused type args: [E][0m
  [34mUnused type args: [E][0m
  [34mUnused type args: [E][0m
  [34mUnused type args: [?][0m
  [34mUnused type args: [E][0m
  [34mUnused type args: [E][0m
  [34mUnused type args: [?][0m
  [34mUnused type args: [I, O][0m
  [34mUnused type args: [I, O][0m
  [34mUnused type args: [?, ?][0m
  [34mUnused type args: [?, ?][0m
  [34mUnused type args: [T][0m
  [34mUnused type args: [T, T][0m
  [34mIgnoring implicit executable reference: (CtExecutableReferenceImpl) <init>[0m
  [34mIgnoring implicit executable reference: (CtExecutableReferenceImpl) <init>[0m
  [34mUnused type args: [?][0m
  [34mUnused type args: [?][0m
  [34mUnused type args: [java.util.Iterator][0m
  [34mUnused type args: [?][0m
  [34mUnused type args: [? @ src/main/java/org/apache/commons/collections4/iterators/CollatingIterator.java:151:29][0m
  [34mUnused type args: [java.util.Iterator][0m
  [34mUnused type args: [?][0m
  [34mUnused type args: [E][0m
  [34mUnused type args: [?][0m
  [34mUnused type args: [?][0m
  [34mIgnoring implicit executable reference: (CtExecutableReferenceImpl) <init>[0m
  [34mIgnoring implicit executable reference: (CtExecutableReferenceImpl) <init>[0m
  [34mUnused type args: [T][0m
  [34mUnused type args: [java.util.Map$Entry][0m
  [34mUnused type args: [K, V][0m
  [34mUnused type args: [T][0m
  [34mUnused type args: [K, V][0m
  [34mUnused type args: [K, V][0m
  [34mUnused type args: [java.util.Map$Entry][0m
  [34mUnused type args: [K, V][0m
  [34mUnused type args: [E][0m
  [34mUnused type args: [java.util.Iterator][0m
  [34mUnused type args: [?][0m
  [34mUnused type args: [E][0m
  [34mUnused type args: [?][0m
  [34mUnused type args: [E][0m
  [34mUnused type args: [?][0m
  [34mUnused type args: [E @ src/main/java/org/apache/commons/collections4/iterators/ListIteratorWrapper.java:183:32][0m
  [34mUnused type args: [E @ src/main/java/org/apache/commons/collections4/iterators/ListIteratorWrapper.java:183:54][0m
  [34mUnused type args: [E][0m
  [34mUnused type args: [?][0m
  [34mUnused type args: [E][0m
  [34mUnused type args: [E][0m
  [34mIgnoring implicit executable reference: (CtExecutableReferenceImpl) <init>[0m
  [34mUnused type args: [E][0m
  [34mUnused type args: [E][0m
  [34mUnused type args: [E][0m
  [34mUnused type args: [E][0m
  [34mUnused type args: [E][0m
  [34mUnused type args: [E][0m
  [34mUnused type args: [E][0m
  [34mUnused type args: [E][0m
  [34mIgnoring implicit executable reference: (CtExecutableReferenceImpl) <init>[0m
  [34mUnused type args: [E][0m
  [34mUnused type args: [O][0m
  [34mUnused type args: [?, java.lang.Integer][0m
  [34mUnused type args: [O][0m
  [34mUnused type args: [O, java.lang.Integer][0m
  [34mIgnoring implicit executable reference: (CtExecutableReferenceImpl) <init>[0m
  [34mUnused type args: [O @ src/main/java/org/apache/commons/collections4/CollectionUtils.java:1004:26][0m
  [34mUnused type args: [O][0m
  [34mUnused type args: [I][0m
  [34mUnused type args: [? @ src/main/java/org/apache/commons/collections4/CollectionUtils.java:1004:76][0m
  [34mIgnoring implicit executable reference: (CtExecutableReferenceImpl) <init>[0m
  [34mUnused type args: [O @ src/main/java/org/apache/commons/collections4/CollectionUtils.java:1005:31][0m
  [34mUnused type args: [? @ src/main/java/org/apache/commons/collections4/CollectionUtils.java:1005:47][0m
  [34mUnused type args: [I][0m
  [34mIgnoring implicit executable reference: (CtExecutableReferenceImpl) <init>[0m
  [34mUnused type args: [O @ src/main/java/org/apache/commons/collections4/CollectionUtils.java:1005:92][0m
  [34mUnused type args: [I, ?, java.util.Collection][0m
  [34mUnused type args: [O][0m
  [34mUnused type args: [?][0m
  [34mUnused type args: [?, ?][0m
  [34mUnused type args: [?][0m
  [34mUnused type args: [O][0m
  [34mUnused type args: [I][0m
  [34mUnused type args: [?, ?][0m
  [34mUnused type args: [O][0m
  [34mUnused type args: [E][0m
  [34mUnused type args: [E][0m
  [34mUnused type args: [E][0m
  [34mUnused type args: [E][0m
  [34mUnused type args: [?, ?][0m
  [34mUnused type args: [?][0m
  [34mUnused type args: [?, ?][0m
  [34mUnused type args: [?, ?][0m
  [34mUnused type args: [?][0m
  [34mUnused type args: [?, ?][0m
  [34mUnused type args: [?, ?][0m
  [34mUnused type args: [?][0m
  [34mUnused type args: [I, O][0m
  [34mUnused type args: [I, O][0m
  [34mUnused type args: [?][0m
  [34mUnused type args: [?][0m
  [34mUnused type args: [E][0m
  [34mIgnoring implicit executable reference: (CtExecutableReferenceImpl) <init>[0m
  [34mUnused type args: [E][0m
  [34mUnused type args: [java.util.Iterator][0m
  [34mUnused type args: [?][0m
  [34mUnused type args: [?][0m
  [34mUnused type args: [E][0m
  [34mUnused type args: [O][0m
  [34mUnused type args: [O][0m
  [34mUnused type args: [?][0m
  [34mUnused type args: [?][0m
  [34mUnused type args: [?][0m
  [34mUnused type args: [?][0m
  [34mUnused type args: [?][0m
  [34mUnused type args: [?][0m
  [34mUnused type args: [E][0m
  [34mUnused type args: [E][0m
  [34mUnused type args: [T][0m
  [34mUnused type args: [E][0m
  [34mUnused type args: [E][0m
  [34mUnused type args: [E][0m
  [34mUnused type args: [E][0m
  [34mUnused type args: [E][0m
  [34mIgnoring implicit executable reference: (CtExecutableReferenceImpl) <init>[0m
  [34mIgnoring implicit executable reference: (CtExecutableReferenceImpl) <init>[0m
  [34mUnused type args: [E][0m
  [34mUnused type args: [E][0m
  [34mUnused type args: [E][0m
  [34mUnused type args: [O][0m
  [34mUnused type args: [?][0m
  [34mUnused type args: [O][0m
  [34mUnused type args: [E][0m
  [34mUnused type args: [E][0m
  [34mUnused type args: [E][0m
  [34mUnused type args: [E][0m
  [34mUnused type args: [E][0m
  [34mUnused type args: [?][0m
  [34mUnused type args: [E][0m
  [34mIgnoring implicit executable reference: (CtExecutableReferenceImpl) <init>[0m
  [34mUnused type args: [E][0m
  [34mUnused type args: [E][0m
  [34mUnused type args: [E][0m
  [34mUnused type args: [E][0m
  [34mIgnoring implicit executable reference: (CtExecutableReferenceImpl) <init>[0m
  [34mIgnoring implicit executable reference: (CtExecutableReferenceImpl) <init>[0m
  [34mUnused type args: [E][0m
  [34mUnused type args: [?][0m
  [34mUnused type args: [?][0m
  [34mUnused type args: [E][0m
  [34mUnused type args: [?][0m
  [34mUnused type args: [?][0m
  [34mUnused type args: [E][0m
  [34mUnused type args: [E][0m
  [34mIgnoring implicit executable reference: (CtExecutableReferenceImpl) <init>[0m
  [34mUnused type args: [E][0m
  [34mUnused type args: [E][0m
  [34mUnused type args: [E][0m
  [34mUnused type args: [E][0m
  [34mUnused type args: [E][0m
  [34mUnused type args: [E][0m
  [34mUnused type args: [E][0m
  [34mUnused type args: [E][0m
  [34mUnused type args: [E][0m
  [34mIgnoring implicit executable reference: (CtExecutableReferenceImpl) <init>[0m
  [34mIgnoring implicit executable reference: (CtExecutableReferenceImpl) <init>[0m
  [34mUnused type args: [O, java.lang.Integer][0m
  [34mUnused type args: [O][0m
  [34mUnused type args: [O, java.lang.Integer][0m
  [34mUnused type args: [O @ src/main/java/org/apache/commons/collections4/CollectionUtils.java:75:45][0m
  [34mUnused type args: [O, java.lang.Integer][0m
  [34mUnused type args: [?][0m
  [34mUnused type args: [?][0m
  [34mUnused type args: [O, java.lang.Integer][0m
  [34mUnused type args: [O][0m
  [34mUnused type args: [O, java.lang.Integer][0m
  [34mUnused type args: [O @ src/main/java/org/apache/commons/collections4/CollectionUtils.java:76:45][0m
  [34mUnused type args: [O, java.lang.Integer][0m
  [34mUnused type args: [?][0m
  [34mUnused type args: [?][0m
  [34mUnused type args: [K @ src/main/java/org/apache/commons/collections4/iterators/EmptyMapIterator.java:46:29, V @ src/main/java/org/apache/commons/collections4/iterators/EmptyMapIterator.java:46:32][0m
  [34mUnused type args: [E][0m
  [34mUnused type args: [E][0m
  [34mUnused type args: [E][0m
  [34mUnused type args: [E][0m
  [34mIgnoring implicit executable reference: (CtExecutableReferenceImpl) <init>[0m
  [34mIgnoring implicit executable reference: (CtExecutableReferenceImpl) <init>[0m
  [34mUnused type args: [E][0m
  [34mUnused type args: [E][0m
  [34mUnused type args: [E][0m
  [34mUnused type args: [E][0m
  [34mUnused type args: [E][0m
  [34mUnused type args: [E][0m
  [34mIgnoring implicit executable reference: (CtExecutableReferenceImpl) <init>[0m
  [34mUnused type args: [E][0m
  [34mUnused type args: [E][0m
  [34mUnused type args: [E][0m
  [34mUnused type args: [?][0m
  [34mUnused type args: [E][0m
  [34mUnused type args: [E][0m
  [34mIgnoring implicit executable reference: (CtExecutableReferenceImpl) <init>[0m
  [34mUnused type args: [T][0m
  [34mUnused type args: [T, T][0m
  [34mUnused type args: [?][0m
  [34mUnused type args: [?, ?][0m
  [34mUnused type args: [?][0m
  [34mUnused type args: [?, ?][0m
  [34mIgnoring implicit executable reference: (CtExecutableReferenceImpl) <init>[0m
  [34mIgnoring implicit executable reference: (CtExecutableReferenceImpl) <init>[0m
  [34mUnused type args: [E][0m
  [34mUnused type args: [E][0m
  [34mUnused type args: [E][0m
  [34mUnused type args: [E][0m
  [34mUnused type args: [E][0m
  [34mUnused type args: [E][0m
  [34mUnused type args: [E][0m
  [34mUnused type args: [E][0m
  [34mUnused type args: [E][0m
  [34mUnused type args: [E][0m
  [34mUnused type args: [E][0m
  [34mUnused type args: [?][0m
  [34mUnused type args: [E][0m
  [34mUnused type args: [E][0m
  [34mUnused type args: [?][0m
  [34mUnused type args: [E][0m
  [34mIgnoring implicit executable reference: (CtExecutableReferenceImpl) <init>[0m
  [34mUnused type args: [E][0m
  [34mUnused type args: [E][0m
  [34mIgnoring implicit executable reference: (CtExecutableReferenceImpl) <init>[0m
  [34mUnused type args: [E][0m
  [34mUnused type args: [E][0m
  [34mIgnoring implicit executable reference: (CtExecutableReferenceImpl) <init>[0m
  [34mUnused type args: [E][0m
  [34mUnused type args: [E][0m
  [34mUnused type args: [E][0m
  [34mUnused type args: [E][0m
  [34mUnused type args: [?][0m
  [34mUnused type args: [T][0m
  [34mUnused type args: [T][0m
  [34mUnused type args: [? @ src/main/java/org/apache/commons/collections4/FluentIterable.java:126:48][0m
  [34mUnused type args: [T @ src/main/java/org/apache/commons/collections4/FluentIterable.java:127:36][0m
  [34mUnused type args: [T][0m
  [34mIgnoring implicit executable reference: (CtExecutableReferenceImpl) <init>[0m
  [34mUnused type args: [T @ src/main/java/org/apache/commons/collections4/FluentIterable.java:129:39][0m
  [34mUnused type args: [E][0m
  [34mUnused type args: [T][0m
  [34mUnused type args: [O][0m
  [34mUnused type args: [O][0m
  [34mUnused type args: [T][0m
  [34mUnused type args: [E, O][0m
  [34mUnused type args: [O][0m
  [34mUnused type args: [I][0m
  [34mUnused type args: [?, ?][0m
  [34mUnused type args: [E][0m
  [34mUnused type args: [E][0m
  [34mUnused type args: [?, ?][0m
  [34mUnused type args: [E][0m
  [34mUnused type args: [?][0m
  [34mUnused type args: [T][0m
  [34mUnused type args: [T, java.lang.String][0m
  [34mIgnoring implicit executable reference: (CtExecutableReferenceImpl) <init>[0m
  [34mIgnoring implicit executable reference: (CtExecutableReferenceImpl) <init>[0m
  [34mUnused type args: [?][0m
  [34mUnused type args: [E][0m
  [34mUnused type args: [E][0m
  [34mUnused type args: [?][0m
  [34mUnused type args: [?][0m
  [34mUnused type args: [?, ?][0m
  [34mUnused type args: [E][0m
  [34mUnused type args: [E][0m
  [34mUnused type args: [?, ?][0m
  [34mUnused type args: [E][0m
  [34mUnused type args: [?][0m
  [34mUnused type args: [? @ src/main/java/org/apache/commons/collections4/iterators/ObjectGraphIterator.java:165:42][0m
  [34mUnused type args: [E][0m
  [34mUnused type args: [E][0m
  [34mUnused type args: [E][0m
  [34mUnused type args: [?][0m
  [34mUnused type args: [E][0m
  [34mUnused type args: [?][0m
  [34mUnused type args: [E][0m
  [34mUnused type args: [?][0m
  [34mUnused type args: [E][0m
  [34mUnused type args: [E][0m
  [34mUnused type args: [? @ src/main/java/org/apache/commons/collections4/CollectionUtils.java:1366:49][0m
  [34mUnused type args: [? @ src/main/java/org/apache/commons/collections4/CollectionUtils.java:1367:33][0m
  [34mUnused type args: [? @ src/main/java/org/apache/commons/collections4/CollectionUtils.java:1368:47][0m
  [34mUnused type args: [?][0m
  [34mUnused type args: [? @ src/main/java/org/apache/commons/collections4/CollectionUtils.java:1369:52][0m
  [34mUnused type args: [? @ src/main/java/org/apache/commons/collections4/CollectionUtils.java:1370:42, ? @ src/main/java/org/apache/commons/collections4/CollectionUtils.java:1370:45][0m
  [34mUnused type args: [? @ src/main/java/org/apache/commons/collections4/CollectionUtils.java:1371:26, ? @ src/main/java/org/apache/commons/collections4/CollectionUtils.java:1371:29][0m
  [34mUnused type args: [? @ src/main/java/org/apache/commons/collections4/CollectionUtils.java:1374:47][0m
  [34mUnused type args: [? @ src/main/java/org/apache/commons/collections4/CollectionUtils.java:1375:31][0m
  [34mUnused type args: [? @ src/main/java/org/apache/commons/collections4/CollectionUtils.java:1376:50][0m
  [34mUnused type args: [? @ src/main/java/org/apache/commons/collections4/CollectionUtils.java:1377:34][0m
  [34mIgnoring implicit executable reference: (CtExecutableReferenceImpl) <init>[0m
  [34mUnused type args: [?][0m
  [34mUnused type args: [E][0m
  [34mUnused type args: [?][0m
  [34mUnused type args: [E][0m
  [34mUnused type args: [E][0m
  [34mUnused type args: [T][0m
  [34mUnused type args: [E][0m
  [34mUnused type args: [E][0m
  [34mUnused type args: [?][0m
  [34mUnused type args: [?][0m
  [34mUnused type args: [E][0m
  [34mUnused type args: [E][0m
  [34mUnused type args: [?][0m
  [34mUnused type args: [O @ src/main/java/org/apache/commons/collections4/CollectionUtils.java:866:26][0m
  [34mUnused type args: [O][0m
  [34mUnused type args: [?][0m
  [34mUnused type args: [? @ src/main/java/org/apache/commons/collections4/CollectionUtils.java:866:76][0m
  [34mIgnoring implicit executable reference: (CtExecutableReferenceImpl) <init>[0m
  [34mUnused type args: [O @ src/main/java/org/apache/commons/collections4/CollectionUtils.java:867:31][0m
  [34mUnused type args: [? @ src/main/java/org/apache/commons/collections4/CollectionUtils.java:867:47][0m
  [34mUnused type args: [?][0m
  [34mIgnoring implicit executable reference: (CtExecutableReferenceImpl) <init>[0m
  [34mUnused type args: [O @ src/main/java/org/apache/commons/collections4/CollectionUtils.java:867:92][0m
  [34mUnused type args: [?, java.util.Collection][0m
  [34mUnused type args: [O][0m
  [34mUnused type args: [?][0m
  [34mUnused type args: [?][0m
  [34mUnused type args: [?][0m
  [34mUnused type args: [O][0m
  [34mUnused type args: [?][0m
  [34mUnused type args: [?][0m
  [34mUnused type args: [O][0m
  [34mUnused type args: [E][0m
  [34mUnused type args: [?][0m
  [34mIgnoring implicit executable reference: (CtExecutableReferenceImpl) <init>[0m
  [34mUnused type args: [E][0m
  [34mUnused type args: [java.util.Iterator][0m
  [34mUnused type args: [?][0m
  [34mUnused type args: [?][0m
  [34mUnused type args: [E][0m
  [34mUnused type args: [?][0m
  [34mIgnoring implicit executable reference: (CtExecutableReferenceImpl) <init>[0m
  [34mIgnoring implicit executable reference: (CtExecutableReferenceImpl) <init>[0m
  [34mIgnoring implicit executable reference: (CtExecutableReferenceImpl) <init>[0m
  [34mIgnoring implicit executable reference: (CtExecutableReferenceImpl) <init>[0m
  [34mUnused type args: [E][0m
  [34mUnused type args: [?][0m
  [34mUnused type args: [E][0m
  [34mUnused type args: [?][0m
  [34mUnused type args: [E][0m
  [34mUnused type args: [E][0m
  [34mUnused type args: [E][0m
  [34mUnused type args: [E][0m
  [34mUnused type args: [E][0m
  [34mUnused type args: [E][0m
  [34mUnused type args: [E][0m
  [34mUnused type args: [?][0m
  [34mUnused type args: [E][0m
  [34mUnused type args: [E][0m
  [34mUnused type args: [E][0m
  [34mUnused type args: [E][0m
  [34mUnused type args: [E][0m
  [34mUnused type args: [T][0m
  [34mUnused type args: [T][0m
  [34mIgnoring implicit executable reference: (CtExecutableReferenceImpl) <init>[0m
  [34mUnused type args: [T @ src/main/java/org/apache/commons/collections4/functors/EqualPredicate.java:69:35][0m
  [34mUnused type args: [T][0m
  [34mUnused type args: [T][0m
  [34mIgnoring implicit executable reference: (CtExecutableReferenceImpl) <init>[0m
  [34mIgnoring implicit executable reference: (CtExecutableReferenceImpl) <init>[0m
  [34mUnused type args: [E][0m
  [34mUnused type args: [E][0m
  [34mIgnoring implicit executable reference: (CtExecutableReferenceImpl) <init>[0m
  [34mUnused type args: [E][0m
  [34mUnused type args: [E][0m
  [34mUnused type args: [E][0m
  [34mUnused type args: [E][0m
  [34mUnused type args: [C][0m
  [34mUnused type args: [C][0m
  [34mUnused type args: [T][0m
  [34mUnused type args: [?][0m
  [34mUnused type args: [C][0m
  [34mUnused type args: [?][0m
  [34mIgnoring implicit executable reference: (CtExecutableReferenceImpl) <init>[0m
  [34mIgnoring implicit executable reference: (CtExecutableReferenceImpl) <init>[0m
  [34mUnused type args: [?][0m
  [34mUnused type args: [I, O][0m
  [34mUnused type args: [I, O][0m
  [34mUnused type args: [?][0m
  [34mUnused type args: [?][0m
  [34mIgnoring implicit executable reference: (CtExecutableReferenceImpl) <init>[0m
  [34mIgnoring implicit executable reference: (CtExecutableReferenceImpl) <init>[0m
  [34mUnused type args: [?][0m
  [34mUnused type args: [E][0m
  [34mUnused type args: [E][0m
  [34mUnused type args: [?][0m
  [34mUnused type args: [?][0m
  [34mUnused type args: [E][0m
  [34mUnused type args: [?][0m
  [34mUnused type args: [E @ src/main/java/org/apache/commons/collections4/iterators/ListIteratorWrapper.java:245:32][0m
  [34mUnused type args: [E @ src/main/java/org/apache/commons/collections4/iterators/ListIteratorWrapper.java:245:54][0m
  [34mUnused type args: [E][0m
  [34mUnused type args: [?][0m
  [34mUnused type args: [E][0m
  [34mIgnoring implicit executable reference: (CtExecutableReferenceImpl) <init>[0m
  [34mUnused type args: [E][0m
  [34mUnused type args: [E][0m
  [34mIgnoring implicit executable reference: (CtExecutableReferenceImpl) <init>[0m
  [34mIgnoring implicit executable reference: (CtExecutableReferenceImpl) <init>[0m
  [34mUnused type args: [E][0m
  [34mUnused type args: [E][0m
  [34mUnused type args: [E][0m
  [34mUnused type args: [E][0m
  [34mUnused type args: [E][0m
  [34mUnused type args: [E][0m
  [34mUnused type args: [E][0m
  [34mUnused type args: [E][0m
  [34mUnused type args: [E][0m
  [34mUnused type args: [E][0m
  [34mIgnoring implicit executable reference: (CtExecutableReferenceImpl) <init>[0m
  [34mUnused type args: [K, V][0m
  [34mUnused type args: [?, ?][0m
  [34mUnused type args: [?][0m
  [34mIgnoring implicit executable reference: (CtExecutableReferenceImpl) <init>[0m
  [34mUnused type args: [?, O][0m
  [34mUnused type args: [E][0m
  [34mUnused type args: [?][0m
  [34mUnused type args: [E][0m
  [34mUnused type args: [?][0m
  [34mUnused type args: [I, O][0m
  [34mUnused type args: [I, O][0m
  [34mUnused type args: [?][0m
  [34mUnused type args: [?][0m
  [34mIgnoring implicit executable reference: (CtExecutableReferenceImpl) <init>[0m
  [34mIgnoring implicit executable reference: (CtExecutableReferenceImpl) <init>[0m
  [34mIgnoring implicit executable reference: (CtExecutableReferenceImpl) <init>[0m
  [34mUnused type args: [E @ src/main/java/org/apache/commons/collections4/ComparatorUtils.java:116:38][0m
  [34mUnused type args: [?][0m
  [34mUnused type args: [E][0m
  [34mUnused type args: [E][0m
  [34mUnused type args: [E][0m
  [34mIgnoring implicit executable reference: (CtExecutableReferenceImpl) <init>[0m
  [34mIgnoring implicit executable reference: (CtExecutableReferenceImpl) <init>[0m
  [34mUnused type args: [?, ?][0m
  [34mUnused type args: [K, V][0m
  [34mUnused type args: [K, V][0m
  [34mUnused type args: [?, ?][0m
  [34mUnused type args: [?, ?][0m
  [34mUnused type args: [T][0m
  [34mUnused type args: [T, T][0m
  [34mUnused type args: [?][0m
  [34mUnused type args: [?, ?][0m
  [34mUnused type args: [?][0m
  [34mUnused type args: [?, ?][0m
  [34mUnused type args: [E][0m
  [34mUnused type args: [E][0m
  [34mIgnoring implicit executable reference: (CtExecutableReferenceImpl) <init>[0m
  [34mUnused type args: [E][0m
  [34mUnused type args: [E][0m
  [34mUnused type args: [E][0m
  [34mUnused type args: [E][0m
  [34mUnused type args: [E][0m
  [34mUnused type args: [E][0m
  [34mUnused type args: [E][0m
  [34mUnused type args: [E][0m
  [34mUnused type args: [E][0m
  [34mUnused type args: [E][0m
  [34mUnused type args: [?][0m
  [34mUnused type args: [?][0m
  [34mUnused type args: [?][0m
  [34mUnused type args: [?][0m
  [34mUnused type args: [?][0m
  [34mUnused type args: [?][0m
  [34mUnused type args: [O @ src/main/java/org/apache/commons/collections4/CollectionUtils.java:255:45][0m
  [34mIgnoring implicit executable reference: (CtExecutableReferenceImpl) <init>[0m
  [34mUnused type args: [O @ src/main/java/org/apache/commons/collections4/CollectionUtils.java:255:91][0m
  [34mUnused type args: [?][0m
  [34mUnused type args: [?][0m
  [34mUnused type args: [?][0m
  [34mUnused type args: [?][0m
  [34mUnused type args: [O][0m
  [34mUnused type args: [O][0m
  [34mUnused type args: [O][0m
  [34mUnused type args: [O][0m
  [34mUnused type args: [O][0m
  [34mUnused type args: [E @ src/main/java/org/apache/commons/collections4/iterators/EmptyOrderedIterator.java:45:33][0m
  [34mUnused type args: [T][0m
  [34mUnused type args: [T][0m
  [34mUnused type args: [T][0m
  [34mUnused type args: [E][0m
  [34mUnused type args: [E][0m
  [34mUnused type args: [? @ src/main/java/org/apache/commons/collections4/CollectionUtils.java:1317:35, ? @ src/main/java/org/apache/commons/collections4/CollectionUtils.java:1317:37][0m
  [34mUnused type args: [? @ src/main/java/org/apache/commons/collections4/CollectionUtils.java:1318:27, ? @ src/main/java/org/apache/commons/collections4/CollectionUtils.java:1318:30][0m
  [34mUnused type args: [? @ src/main/java/org/apache/commons/collections4/CollectionUtils.java:1319:49][0m
  [34mUnused type args: [? @ src/main/java/org/apache/commons/collections4/CollectionUtils.java:1320:34][0m
  [34mUnused type args: [? @ src/main/java/org/apache/commons/collections4/CollectionUtils.java:1321:47][0m
  [34mUnused type args: [?][0m
  [34mUnused type args: [? @ src/main/java/org/apache/commons/collections4/CollectionUtils.java:1322:50][0m
  [34mUnused type args: [? @ src/main/java/org/apache/commons/collections4/CollectionUtils.java:1325:47][0m
  [34mUnused type args: [?][0m
  [34mUnused type args: [? @ src/main/java/org/apache/commons/collections4/CollectionUtils.java:1326:50][0m
  [34mUnused type args: [? @ src/main/java/org/apache/commons/collections4/CollectionUtils.java:1327:50][0m
  [34mUnused type args: [? @ src/main/java/org/apache/commons/collections4/CollectionUtils.java:1328:31][0m
  [34mUnused type args: [? @ src/main/java/org/apache/commons/collections4/CollectionUtils.java:1328:52][0m
  [34mUnused type args: [?][0m
  [34mUnused type args: [?][0m
  [34mIgnoring implicit executable reference: (CtExecutableReferenceImpl) <init>[0m
  [34mUnused type args: [?][0m
  [34mUnused type args: [E][0m
  [34mUnused type args: [E][0m
  [34mUnused type args: [E][0m
  [34mUnused type args: [?][0m
  [34mUnused type args: [E][0m
  [34mUnused type args: [E][0m
  [34mUnused type args: [E][0m
  [34mUnused type args: [E][0m
  [34mUnused type args: [E][0m
  [34mUnused type args: [E][0m
  [34mUnused type args: [E][0m
  [34mIgnoring implicit executable reference: (CtExecutableReferenceImpl) <init>[0m
  [34mUnused type args: [E][0m
  [34mUnused type args: [E][0m
  [34mIgnoring implicit executable reference: (CtExecutableReferenceImpl) <init>[0m
  [34mUnused type args: [E][0m
  [34mUnused type args: [E][0m
  [34mUnused type args: [E][0m
  [34mIgnoring implicit executable reference: (CtExecutableReferenceImpl) <init>[0m
  [34mIgnoring implicit executable reference: (CtExecutableReferenceImpl) <init>[0m
  [34mIgnoring implicit executable reference: (CtExecutableReferenceImpl) <init>[0m
  [34mIgnoring implicit executable reference: (CtExecutableReferenceImpl) <init>[0m
  [34mUnused type args: [?][0m
  [34mIgnoring implicit executable reference: (CtExecutableReferenceImpl) <init>[0m
  [34mUnused type args: [?][0m
  [34mUnused type args: [E][0m
  [34mUnused type args: [?][0m
  [34mUnused type args: [?][0m
  [34mUnused type args: [E][0m
  [34mIgnoring implicit executable reference: (CtExecutableReferenceImpl) <init>[0m
  [34mUnused type args: [I, O][0m
  [34mUnused type args: [I, O][0m
  [34mUnused type args: [?][0m
  [34mUnused type args: [E][0m
  [34mUnused type args: [E][0m
  [34mUnused type args: [E][0m
  [34mUnused type args: [E][0m
  [34mUnused type args: [java.util.Iterator][0m
  [34mUnused type args: [?][0m
  [34mUnused type args: [E][0m
  [34mUnused type args: [java.util.Iterator][0m
  [34mUnused type args: [?][0m
  [34mUnused type args: [E][0m
  [34mUnused type args: [E][0m
  [34mIgnoring implicit executable reference: (CtExecutableReferenceImpl) <init>[0m
  [34mUnused type args: [E][0m
  [34mUnused type args: [E][0m
  [34mUnused type args: [E][0m
  [34mUnused type args: [E][0m
  [34mUnused type args: [?][0m
  [34mUnused type args: [E @ src/main/java/org/apache/commons/collections4/iterators/ListIteratorWrapper.java:100:32][0m
  [34mUnused type args: [E @ src/main/java/org/apache/commons/collections4/iterators/ListIteratorWrapper.java:100:54][0m
  [34mUnused type args: [E][0m
  [34mUnused type args: [?][0m
  [34mUnused type args: [E][0m
  [34mIgnoring implicit executable reference: (CtExecutableReferenceImpl) <init>[0m
  [34mUnused type args: [E][0m
  [34mUnused type args: [E][0m
  [34mUnused type args: [?][0m
  [34mUnused type args: [E][0m
  [34mUnused type args: [E][0m
  [34mIgnoring implicit executable reference: (CtExecutableReferenceImpl) <init>[0m
  [34mIgnoring implicit executable reference: (CtExecutableReferenceImpl) <init>[0m
  [34mUnused type args: [?][0m
  [34mIgnoring implicit executable reference: (CtExecutableReferenceImpl) <init>[0m
  [34mUnused type args: [?][0m
  [34mUnused type args: [? @ src/main/java/org/apache/commons/collections4/CollectionUtils.java:1485:40][0m
  [34mUnused type args: [?][0m
  [34mUnused type args: [? @ src/main/java/org/apache/commons/collections4/CollectionUtils.java:1488:37][0m
  [34mUnused type args: [?][0m
  [34mUnused type args: [?][0m
  [34mUnused type args: [?][0m
  [34mUnused type args: [?][0m
  [34mUnused type args: [?][0m
  [34mIgnoring implicit executable reference: (CtExecutableReferenceImpl) <init>[0m
  [34mIgnoring implicit executable reference: (CtExecutableReferenceImpl) <init>[0m
  [34mUnused type args: [?][0m
  [34mIgnoring implicit executable reference: (CtExecutableReferenceImpl) <init>[0m
  [34mUnused type args: [?][0m
  [34mUnused type args: [E][0m
  [34mUnused type args: [E][0m
  [34mUnused type args: [?][0m
  [34mUnused type args: [?][0m
  [34mUnused type args: [I, O][0m
  [34mUnused type args: [I, O][0m
  [34mUnused type args: [?][0m
  [34mUnused type args: [E][0m
  [34mUnused type args: [?][0m
  [34mUnused type args: [E][0m
  [34mIgnoring implicit executable reference: (CtExecutableReferenceImpl) <init>[0m
  [34mUnused type args: [E][0m
  [34mIgnoring implicit executable reference: (CtExecutableReferenceImpl) <init>[0m
  [34mUnused type args: [E][0m
  [34mUnused type args: [E][0m
  [34mUnused type args: [E][0m
  [34mIgnoring anonymous type: (CtTypeReferenceImpl) org.apache.commons.collections4.iterators.IteratorIterable$1[0m
  [34mIgnoring implicit executable reference: (CtExecutableReferenceImpl) <init>[0m
  [34mIgnoring anonymous type: (CtTypeReferenceImpl) org.apache.commons.collections4.iterators.IteratorIterable$1[0m
  [34mUnused type args: [E @ src/main/java/org/apache/commons/collections4/iterators/IteratorIterable.java:70:29][0m
  [34mIgnoring anonymous object declaration: (CtClassImpl) 1 @ src/main/java/org/apache/commons/collections4/iterators/IteratorIterable.java:70:34[0m
  [34mUnused type args: [E][0m
  [34mIgnoring implicit executable reference: (CtExecutableReferenceImpl) <init>[0m
  [34mIgnoring implicit executable reference: (CtExecutableReferenceImpl) <init>[0m
  [34mIgnoring method of an anonymous declaring type: (CtMethodImpl) hasNext @ src/main/java/org/apache/commons/collections4/iterators/IteratorIterable.java:72:28 in (CtClassImpl) 1 @ src/main/java/org/apache/commons/collections4/iterators/IteratorIterable.java:70:34[0m
  [34mUnused type args: [?][0m
  [34mIgnoring method of an anonymous declaring type: (CtMethodImpl) next @ src/main/java/org/apache/commons/collections4/iterators/IteratorIterable.java:77:22 in (CtClassImpl) 1 @ src/main/java/org/apache/commons/collections4/iterators/IteratorIterable.java:70:34[0m
  [34mUnused type args: [?][0m
  [34mIgnoring method of an anonymous declaring type: (CtMethodImpl) remove @ src/main/java/org/apache/commons/collections4/iterators/IteratorIterable.java:82:25 in (CtClassImpl) 1 @ src/main/java/org/apache/commons/collections4/iterators/IteratorIterable.java:70:34[0m
  [34mUnused type args: [?][0m
  [34mIgnoring implicit executable reference: (CtExecutableReferenceImpl) <init>[0m
  [34mIgnoring implicit executable reference: (CtExecutableReferenceImpl) <init>[0m
  [34mUnused type args: [?][0m
  [34mUnused type args: [?][0m
  [34mUnused type args: [?][0m
  [34mUnused type args: [E][0m
  [34mUnused type args: [E][0m
  [34mUnused type args: [?][0m
  [34mUnused type args: [?][0m
  [34mUnused type args: [E][0m
  [34mUnused type args: [E][0m
  [34mUnused type args: [?][0m
  [34mUnused type args: [E][0m
  [34mUnused type args: [?][0m
  [34mUnused type args: [?, ?][0m
  [34mUnused type args: [?][0m
  [34mUnused type args: [?][0m
  [34mUnused type args: [?, ?][0m
  [34mUnused type args: [E][0m
  [34mUnused type args: [?][0m
  [34mUnused type args: [? @ src/main/java/org/apache/commons/collections4/iterators/IteratorIterable.java:129:34][0m
  [34mUnused type args: [E][0m
  [34mUnused type args: [?][0m
  [34mUnused type args: [E][0m
  [34mUnused type args: [E][0m
  [34mUnused type args: [E][0m
  [34mUnused type args: [?][0m
  [34mUnused type args: [? @ src/main/java/org/apache/commons/collections4/iterators/ListIteratorWrapper.java:167:32][0m
  [34mUnused type args: [? @ src/main/java/org/apache/commons/collections4/iterators/ListIteratorWrapper.java:167:54][0m
  [34mUnused type args: [E][0m
  [34mUnused type args: [?][0m
  [34mUnused type args: [?][0m
  [34mUnused type args: [E][0m
  [34mIgnoring implicit executable reference: (CtExecutableReferenceImpl) <init>[0m
  [34mIgnoring implicit executable reference: (CtExecutableReferenceImpl) <init>[0m
  [34mIgnoring implicit executable reference: (CtExecutableReferenceImpl) <init>[0m
  [34mUnused type args: [?][0m
  [34mUnused type args: [O][0m
  [34mUnused type args: [O][0m
  [34mUnused type args: [?][0m
  [34mUnused type args: [?][0m
  [34mUnused type args: [O][0m
  [34mUnused type args: [O][0m
  [34mUnused type args: [E][0m
  [34mUnused type args: [?][0m
  [34mUnused type args: [? @ src/main/java/org/apache/commons/collections4/iterators/ListIteratorWrapper.java:263:32][0m
  [34mUnused type args: [? @ src/main/java/org/apache/commons/collections4/iterators/ListIteratorWrapper.java:263:54][0m
  [34mUnused type args: [E][0m
  [34mUnused type args: [?][0m
  [34mUnused type args: [?][0m
  [34mUnused type args: [?][0m
  [34mUnused type args: [E][0m
  [34mIgnoring implicit executable reference: (CtExecutableReferenceImpl) <init>[0m
  [34mIgnoring implicit executable reference: (CtExecutableReferenceImpl) <init>[0m
  [34mUnused type args: [?][0m
  [34mUnused type args: [E][0m
  [34mUnused type args: [E][0m
  [34mUnused type args: [?][0m
  [34mUnused type args: [?][0m
  [34mUnused type args: [E][0m
  [34mUnused type args: [?][0m
  [34mUnused type args: [?, ?][0m
  [34mIgnoring implicit executable reference: (CtExecutableReferenceImpl) <init>[0m
  [34mUnused type args: [?, ?][0m
  [34mUnused type args: [K @ src/main/java/org/apache/commons/collections4/iterators/UnmodifiableMapIterator.java:52:31, V @ src/main/java/org/apache/commons/collections4/iterators/UnmodifiableMapIterator.java:52:34][0m
  [34mUnused type args: [K @ src/main/java/org/apache/commons/collections4/iterators/UnmodifiableMapIterator.java:52:64, V @ src/main/java/org/apache/commons/collections4/iterators/UnmodifiableMapIterator.java:52:67][0m
  [34mUnused type args: [?, ?][0m
  [34mUnused type args: [K, V][0m
  [34mIgnoring implicit executable reference: (CtExecutableReferenceImpl) <init>[0m
  [34mUnused type args: [K @ src/main/java/org/apache/commons/collections4/iterators/UnmodifiableMapIterator.java:55:44, V @ src/main/java/org/apache/commons/collections4/iterators/UnmodifiableMapIterator.java:55:47][0m
  [34mUnused type args: [?, ?][0m
  [34mUnused type args: [?, ?][0m
  [34mUnused type args: [E][0m
  [34mUnused type args: [E][0m
  [34mUnused type args: [?][0m
  [34mUnused type args: [E][0m
  [34mUnused type args: [E][0m
  [34mUnused type args: [?, ?][0m
  [34mUnused type args: [E][0m
  [34mUnused type args: [E][0m
  [34mUnused type args: [E][0m
  [34mUnused type args: [E][0m
  [34mUnused type args: [?, ?][0m
  [34mUnused type args: [E][0m
  [34mUnused type args: [E][0m
  [34mUnused type args: [E][0m
  [34mUnused type args: [?][0m
  [34mUnused type args: [E][0m
  [34mUnused type args: [?][0m
  [34mUnused type args: [?][0m
  [34mUnused type args: [?][0m
  [34mUnused type args: [?][0m
  [34mUnused type args: [?][0m
  [34mUnused type args: [?][0m
  [34mUnused type args: [?][0m
  [34mUnused type args: [O][0m
  [34mUnused type args: [O][0m
  [34mUnused type args: [?][0m
  [34mUnused type args: [?][0m
  [34mUnused type args: [?][0m
  [34mUnused type args: [?][0m
  [34mUnused type args: [?][0m
  [34mUnused type args: [O @ src/main/java/org/apache/commons/collections4/CollectionUtils.java:1533:47][0m
  [34mUnused type args: [O][0m
  [34mIgnoring implicit executable reference: (CtExecutableReferenceImpl) <init>[0m
  [34mUnused type args: [E][0m
  [34mIgnoring implicit executable reference: (CtExecutableReferenceImpl) <init>[0m
  [34mUnused type args: [E][0m
  [34mUnused type args: [E][0m
  [34mUnused type args: [?][0m
  [34mUnused type args: [E][0m
  [34mUnused type args: [?][0m
  [34mUnused type args: [E][0m
  [34mUnused type args: [?][0m
  [34mUnused type args: [?][0m
  [34mIgnoring implicit executable reference: (CtExecutableReferenceImpl) <init>[0m
  [34mIgnoring implicit executable reference: (CtExecutableReferenceImpl) <init>[0m
  [34mUnused type args: [?][0m
  [34mUnused type args: [I, O][0m
  [34mUnused type args: [I, O][0m
  [34mUnused type args: [?][0m
  [34mUnused type args: [?][0m
  [34mUnused type args: [?, ?][0m
  [34mUnused type args: [I, O][0m
  [34mUnused type args: [I, O][0m
  [34mUnused type args: [?, ?][0m
  [34mUnused type args: [?, ?][0m
  [34mUnused type args: [E][0m
  [34mUnused type args: [E][0m
  [34mUnused type args: [E][0m
  [34mIgnoring implicit executable reference: (CtExecutableReferenceImpl) <init>[0m
  [34mUnused type args: [E][0m
  [34mUnused type args: [E][0m
  [34mUnused type args: [E][0m
  [34mUnused type args: [E][0m
  [34mUnused type args: [E][0m
  [34mUnused type args: [E][0m
  [34mUnused type args: [E][0m
  [34mUnused type args: [E][0m
  [34mIgnoring implicit executable reference: (CtExecutableReferenceImpl) <init>[0m
  [34mIgnoring implicit executable reference: (CtExecutableReferenceImpl) <init>[0m
  [34mIgnoring implicit executable reference: (CtExecutableReferenceImpl) <init>[0m
  [34mUnused type args: [?][0m
  [34mUnused type args: [E][0m
  [34mUnused type args: [E][0m
  [34mUnused type args: [?][0m
  [34mUnused type args: [?][0m
  [34mUnused type args: [I, org.apache.commons.collections4.Transformer][0m
  [34mUnused type args: [I, O][0m
  [34mIgnoring implicit executable reference: (CtExecutableReferenceImpl) <init>[0m
  [34mUnused type args: [? @ src/main/java/org/apache/commons/collections4/TransformerUtils.java:376:27, ? @ src/main/java/org/apache/commons/collections4/TransformerUtils.java:376:38][0m
  [34mUnused type args: [I, org.apache.commons.collections4.Transformer][0m
  [34mUnused type args: [I, O][0m
  [34mUnused type args: [I, O][0m
  [34mUnused type args: [I, org.apache.commons.collections4.Transformer][0m
  [34mUnused type args: [I, O][0m
  [34mUnused type args: [? @ src/main/java/org/apache/commons/collections4/TransformerUtils.java:378:27, ? @ src/main/java/org/apache/commons/collections4/TransformerUtils.java:378:38][0m
  [34mUnused type args: [I @ src/main/java/org/apache/commons/collections4/TransformerUtils.java:379:25][0m
  [34mUnused type args: [I @ src/main/java/org/apache/commons/collections4/TransformerUtils.java:381:30, org.apache.commons.collections4.Transformer @ src/main/java/org/apache/commons/collections4/TransformerUtils.java:381:33][0m
  [34mUnused type args: [I @ src/main/java/org/apache/commons/collections4/TransformerUtils.java:381:45, O @ src/main/java/org/apache/commons/collections4/TransformerUtils.java:381:48][0m
  [34mUnused type args: [I, org.apache.commons.collections4.Transformer][0m
  [34mUnused type args: [I, O][0m
  [34mUnused type args: [java.util.Map$Entry][0m
  [34mUnused type args: [I, org.apache.commons.collections4.Transformer][0m
  [34mUnused type args: [I, O][0m
  [34mUnused type args: [I][0m
  [34mUnused type args: [I][0m
  [34mUnused type args: [I][0m
  [34mUnused type args: [I @ src/main/java/org/apache/commons/collections4/TransformerUtils.java:382:40][0m
  [34mUnused type args: [I][0m
  [34mUnused type args: [I, org.apache.commons.collections4.Transformer][0m
  [34mUnused type args: [I, O][0m
  [34mUnused type args: [?, ?][0m
  [34mUnused type args: [?, ?][0m
  [34mUnused type args: [?, ?][0m
  [34mUnused type args: [I, org.apache.commons.collections4.Transformer][0m
  [34mUnused type args: [I, O][0m
  [34mUnused type args: [I, O][0m
  [34mUnused type args: [I, O][0m
  [34mUnused type args: [I, O][0m
  [34mUnused type args: [?][0m
  [34mUnused type args: [?, ?][0m
  [34mUnused type args: [?, ?][0m
  [34mUnused type args: [I][0m
  [34mUnused type args: [?, ?][0m
  [34mUnused type args: [?, ?][0m
  [34mUnused type args: [K, V][0m
  [34mUnused type args: [?, ?][0m
  [34mUnused type args: [?][0m
  [34mUnused type args: [?][0m
  [34mUnused type args: [?][0m
  [34mUnused type args: [?][0m
  [34mUnused type args: [E][0m
  [34mUnused type args: [E][0m
  [34mUnused type args: [T][0m
  [34mUnused type args: [E][0m
  [34mUnused type args: [E][0m
  [34mUnused type args: [E][0m
  [34mUnused type args: [E][0m
  [34mUnused type args: [E][0m
  [34mUnused type args: [? @ src/main/java/org/apache/commons/collections4/iterators/CollatingIterator.java:310:24][0m
  [34mUnused type args: [E][0m
  [34mUnused type args: [java.util.Iterator][0m
  [34mUnused type args: [?][0m
  [34mUnused type args: [?][0m
  [34mUnused type args: [?][0m
  [34mUnused type args: [E][0m
  [34mUnused type args: [E][0m
  [34mUnused type args: [?][0m
  [34mUnused type args: [E][0m
  [34mUnused type args: [E][0m
  [34mUnused type args: [E][0m
  [34mUnused type args: [E][0m
  [34mUnused type args: [E @ src/main/java/org/apache/commons/collections4/ComparatorUtils.java:78:31][0m
  [34mIgnoring implicit executable reference: (CtExecutableReferenceImpl) <init>[0m
  [34mUnused type args: [E @ src/main/java/org/apache/commons/collections4/ComparatorUtils.java:78:62][0m
  [34mUnused type args: [E @ src/main/java/org/apache/commons/collections4/ComparatorUtils.java:79:31][0m
  [34mUnused type args: [E][0m
  [34mUnused type args: [E][0m
  [34mIgnoring implicit executable reference: (CtExecutableReferenceImpl) <init>[0m
  [34mUnused type args: [E][0m
  [34mUnused type args: [E][0m
  [34mUnused type args: [E][0m
  [34mUnused type args: [E][0m
  [34mIgnoring implicit executable reference: (CtExecutableReferenceImpl) <init>[0m
  [34mIgnoring implicit executable reference: (CtExecutableReferenceImpl) <init>[0m
  [34mUnused type args: [?][0m
  [34mUnused type args: [E][0m
  [34mUnused type args: [E][0m
  [34mUnused type args: [?][0m
  [34mUnused type args: [?][0m
  [34mUnused type args: [?][0m
  [34mUnused type args: [E @ src/main/java/org/apache/commons/collections4/list/UnmodifiableList.java:57:24][0m
  [34mUnused type args: [E @ src/main/java/org/apache/commons/collections4/list/UnmodifiableList.java:57:43][0m
  [34mUnused type args: [?][0m
  [34mUnused type args: [E][0m
  [34mIgnoring implicit executable reference: (CtExecutableReferenceImpl) <init>[0m
  [34mUnused type args: [E @ src/main/java/org/apache/commons/collections4/list/UnmodifiableList.java:60:37][0m
  [34mUnused type args: [?][0m
  [34mUnused type args: [?][0m
  [34mUnused type args: [T][0m
  [34mUnused type args: [?][0m
  [34mIgnoring implicit executable reference: (CtExecutableReferenceImpl) <init>[0m
  [34mIgnoring implicit executable reference: (CtExecutableReferenceImpl) <init>[0m
  [34mUnused type args: [T][0m
  [34mUnused type args: [T][0m
  [34mUnused type args: [?][0m
  [34mUnused type args: [?][0m
  [34mUnused type args: [?][0m
  [34mUnused type args: [?][0m
  [34mUnused type args: [E][0m
  [34mUnused type args: [java.util.Comparator][0m
  [34mUnused type args: [E][0m
  [34mUnused type args: [T][0m
  [34mUnused type args: [T][0m
  [34mUnused type args: [?][0m
  [34mUnused type args: [?][0m
  [34mIgnoring implicit executable reference: (CtExecutableReferenceImpl) <init>[0m
  [34mUnused type args: [?, ?][0m
  [34mUnused type args: [?][0m
  [34mUnused type args: [?, ?][0m
  [34mIgnoring implicit executable reference: (CtExecutableReferenceImpl) <init>[0m
  [34mUnused type args: [?, ?][0m
  [34mUnused type args: [?][0m
  [34mUnused type args: [?, ?][0m
  [34mUnused type args: [I @ src/main/java/org/apache/commons/collections4/functors/SwitchTransformer.java:99:41, O @ src/main/java/org/apache/commons/collections4/functors/SwitchTransformer.java:99:44][0m
  [34mUnused type args: [I, O][0m
  [34mUnused type args: [? @ src/main/java/org/apache/commons/collections4/functors/SwitchTransformer.java:102:27, ? @ src/main/java/org/apache/commons/collections4/functors/SwitchTransformer.java:102:38][0m
  [34mUnused type args: [?, ?][0m
  [34mUnused type args: [?][0m
  [34mUnused type args: [?, ?][0m
  [34mUnused type args: [?, ?][0m
  [34mUnused type args: [?, ?][0m
  [34mUnused type args: [?][0m
  [34mUnused type args: [?, ?][0m
  [34mUnused type args: [?, ?][0m
  [34mUnused type args: [?, ?][0m
  [34mUnused type args: [I @ src/main/java/org/apache/commons/collections4/functors/SwitchTransformer.java:105:91, O @ src/main/java/org/apache/commons/collections4/functors/SwitchTransformer.java:105:94][0m
  [34mUnused type args: [I, O][0m
  [34mUnused type args: [?, ?][0m
  [34mUnused type args: [I @ src/main/java/org/apache/commons/collections4/functors/SwitchTransformer.java:105:33, O @ src/main/java/org/apache/commons/collections4/functors/SwitchTransformer.java:105:36][0m
  [34mUnused type args: [? @ src/main/java/org/apache/commons/collections4/functors/SwitchTransformer.java:108:27, ? @ src/main/java/org/apache/commons/collections4/functors/SwitchTransformer.java:108:38][0m
  [34mUnused type args: [? @ src/main/java/org/apache/commons/collections4/functors/SwitchTransformer.java:109:25][0m
  [34mUnused type args: [? @ src/main/java/org/apache/commons/collections4/functors/SwitchTransformer.java:111:30, ? @ src/main/java/org/apache/commons/collections4/functors/SwitchTransformer.java:112:30][0m
  [34mUnused type args: [? @ src/main/java/org/apache/commons/collections4/functors/SwitchTransformer.java:111:50][0m
  [34mUnused type args: [? @ src/main/java/org/apache/commons/collections4/functors/SwitchTransformer.java:112:52, ? @ src/main/java/org/apache/commons/collections4/functors/SwitchTransformer.java:112:63][0m
  [34mUnused type args: [?, ?][0m
  [34mUnused type args: [?][0m
  [34mUnused type args: [?, ?][0m
  [34mUnused type args: [java.util.Map$Entry][0m
  [34mUnused type args: [?, ?][0m
  [34mUnused type args: [?][0m
  [34mUnused type args: [?, ?][0m
  [34mUnused type args: [?][0m
  [34mUnused type args: [?][0m
  [34mUnused type args: [?][0m
  [34mUnused type args: [?, ?][0m
  [34mUnused type args: [?][0m
  [34mUnused type args: [?, ?][0m
  [34mUnused type args: [?][0m
  [34mUnused type args: [?, ?][0m
  [34mUnused type args: [?, ?][0m
  [34mUnused type args: [?, ?][0m
  [34mUnused type args: [?, ?][0m
  [34mUnused type args: [?][0m
  [34mUnused type args: [?, ?][0m
  [34mUnused type args: [?, ?][0m
  [34mIgnoring implicit executable reference: (CtExecutableReferenceImpl) <init>[0m
  [34mUnused type args: [I @ src/main/java/org/apache/commons/collections4/functors/SwitchTransformer.java:117:38, O @ src/main/java/org/apache/commons/collections4/functors/SwitchTransformer.java:117:41][0m
  [34mUnused type args: [?][0m
  [34mUnused type args: [?, ?][0m
  [34mUnused type args: [?, ?][0m
  [34mUnused type args: [?][0m
  [34mUnused type args: [?, ?][0m
  [34mUnused type args: [?, ?][0m
  [34mUnused type args: [E @ src/main/java/org/apache/commons/collections4/ListUtils.java:127:25][0m
  [34mIgnoring implicit executable reference: (CtExecutableReferenceImpl) <init>[0m
  [34mUnused type args: [E @ src/main/java/org/apache/commons/collections4/ListUtils.java:127:51][0m
  [34mUnused type args: [E @ src/main/java/org/apache/commons/collections4/ListUtils.java:128:23][0m
  [34mIgnoring implicit executable reference: (CtExecutableReferenceImpl) <init>[0m
  [34mUnused type args: [E @ src/main/java/org/apache/commons/collections4/ListUtils.java:128:44][0m
  [34mUnused type args: [?][0m
  [34mUnused type args: [?][0m
  [34mUnused type args: [E][0m
  [34mUnused type args: [E][0m
  [34mUnused type args: [E][0m
  [34mUnused type args: [E][0m
  [34mIgnoring implicit executable reference: (CtExecutableReferenceImpl) <init>[0m
  [34mUnused type args: [E][0m
  [34mUnused type args: [E][0m
  [34mUnused type args: [java.util.Comparator][0m
  [34mUnused type args: [E][0m
  [34mUnused type args: [E][0m
  [34mUnused type args: [E][0m
  [34mUnused type args: [E][0m
  [34mUnused type args: [E][0m
  [34mUnused type args: [E][0m
  [34mUnused type args: [E][0m
  [34mUnused type args: [?][0m
  [34mUnused type args: [E][0m
  [34mUnused type args: [E][0m
  [34mUnused type args: [E][0m
  [34mUnused type args: [E][0m
  [34mUnused type args: [E][0m
  [34mUnused type args: [E][0m
  [34mUnused type args: [?][0m
  [34mUnused type args: [E][0m
  [34mUnused type args: [?][0m
  [34mUnused type args: [T][0m
  [34mUnused type args: [T][0m
  [34mUnused type args: [?][0m
  [34mUnused type args: [?][0m
  [34mUnused type args: [E][0m
  [34mUnused type args: [?][0m
  [34mIgnoring implicit executable reference: (CtExecutableReferenceImpl) <init>[0m
  [34mIgnoring implicit executable reference: (CtExecutableReferenceImpl) <init>[0m
  [34mUnused type args: [java.util.Comparator][0m
  [34mUnused type args: [E][0m
  [34mUnused type args: [java.util.Comparator][0m
  [34mUnused type args: [E][0m
  [34mIgnoring implicit executable reference: (CtExecutableReferenceImpl) <init>[0m
  [34mUnused type args: [java.util.Comparator][0m
  [34mUnused type args: [E][0m
  [34mUnused type args: [E][0m
  [34mUnused type args: [E][0m
  [34mUnused type args: [?][0m
  [34mUnused type args: [E][0m
  [34mUnused type args: [E][0m
  [34mUnused type args: [E][0m
  [34mUnused type args: [E][0m
  [34mUnused type args: [?][0m
  [34mUnused type args: [T @ src/main/java/org/apache/commons/collections4/functors/TruePredicate.java:47:27][0m
  [34mUnused type args: [T][0m
  [34mUnused type args: [T][0m
  [34mUnused type args: [T][0m
  [34mIgnoring implicit executable reference: (CtExecutableReferenceImpl) <init>[0m
  [34mUnused type args: [T][0m
  [34mUnused type args: [T][0m
  [34mUnused type args: [?][0m
  [34mUnused type args: [?][0m
  [34mUnused type args: [I, O][0m
  [34mUnused type args: [?][0m
  [34mIgnoring implicit executable reference: (CtExecutableReferenceImpl) <init>[0m
  [34mIgnoring implicit executable reference: (CtExecutableReferenceImpl) <init>[0m
  [34mUnused type args: [?][0m
  [34mUnused type args: [java.util.List @ src/main/java/org/apache/commons/collections4/IterableUtils.java:872:23][0m
  [34mUnused type args: [O @ src/main/java/org/apache/commons/collections4/IterableUtils.java:872:28][0m
  [34mUnused type args: [java.lang.Object][0m
  [34mUnused type args: [T][0m
  [34mSkipping selection with no field declaration: (CtFieldReferenceImpl) class[0m
  [34mSkipping selection with no field declaration: (CtFieldReferenceImpl) class[0m
  [34mUnused type args: [O, java.util.List][0m
  [34mUnused type args: [java.util.List][0m
  [34mUnused type args: [O][0m
  [34mUnused type args: [?][0m
  [34mUnused type args: [R][0m
  [34mUnused type args: [?][0m
  [34mUnused type args: [O][0m
  [34mUnused type args: [?][0m
  [34mUnused type args: [java.util.List][0m
  [34mUnused type args: [O][0m
  [34mUnused type args: [?][0m
  [34mUnused type args: [E][0m
  [34mIgnoring implicit executable reference: (CtExecutableReferenceImpl) <init>[0m
  [34mIgnoring implicit executable reference: (CtExecutableReferenceImpl) <init>[0m
  [34mIgnoring implicit executable reference: (CtExecutableReferenceImpl) <init>[0m
  [34mUnused type args: [java.util.Comparator][0m
  [34mUnused type args: [E][0m
  [34mUnused type args: [E][0m
  [34mUnused type args: [java.util.Comparator][0m
  [34mUnused type args: [E][0m
  [34mUnused type args: [java.util.Comparator][0m
  [34mUnused type args: [E][0m
  [34mUnused type args: [E][0m
  getting parent type for (CtClassImpl) TransformedListIterator @ src/main/java/org/apache/commons/collections4/list/TransformedList.java:188:21
  [34mUnused type args: [E][0m
  [34mUnused type args: [E][0m
  [34mUnused type args: [E][0m
  [34mUnused type args: [?, ?][0m
  [34mUnused type args: [E][0m
  [34mUnused type args: [?, ?][0m
  [34mUnused type args: [E][0m
  [34mUnused type args: [E][0m
  [34mUnused type args: [E][0m
  [34mUnused type args: [E][0m
  [34mUnused type args: [?][0m
  [34mUnused type args: [E][0m
  [34mUnused type args: [E][0m
  [34mUnused type args: [E][0m
  [34mUnused type args: [E][0m
  [34mUnused type args: [I, O][0m
  [34mUnused type args: [? @ src/main/java/org/apache/commons/collections4/functors/ConstantTransformer.java:115:60, ? @ src/main/java/org/apache/commons/collections4/functors/ConstantTransformer.java:115:63][0m
  [34mUnused type args: [I, O][0m
  [34mUnused type args: [I, O][0m
  [34mUnused type args: [E][0m
  [34mUnused type args: [? @ src/main/java/org/apache/commons/collections4/IterableUtils.java:710:44][0m
  [34mUnused type args: [E @ src/main/java/org/apache/commons/collections4/IterableUtils.java:711:33][0m
  [34mUnused type args: [E][0m
  [34mUnused type args: [E][0m
  [34mUnused type args: [E][0m
  [34mUnused type args: [E][0m
  [34mUnused type args: [E][0m
  [34mUnused type args: [E][0m
  [34mUnused type args: [E][0m
  [34mUnused type args: [T][0m
  [34mUnused type args: [T][0m
  [34mUnused type args: [?, java.lang.Boolean][0m
  [34mUnused type args: [java.lang.Object @ src/main/java/org/apache/commons/collections4/PredicateUtils.java:239:48, java.lang.Boolean @ src/main/java/org/apache/commons/collections4/PredicateUtils.java:239:56][0m
  [34mUnused type args: [java.lang.Object, java.lang.Boolean][0m
  [34mUnused type args: [?][0m
  [34mUnused type args: [?][0m
  [34mUnused type args: [E][0m
  [34mUnused type args: [E][0m
  [34mUnused type args: [E][0m
  [34mUnused type args: [E][0m
  [34mUnused type args: [E][0m
  [34mUnused type args: [E @ src/main/java/org/apache/commons/collections4/list/AbstractListDecorator.java:65:22][0m
  [34mUnused type args: [E][0m
  [34mUnused type args: [E][0m
  [34mUnused type args: [?][0m
  [34mUnused type args: [?][0m
  [34mUnused type args: [?][0m
  [34mUnused type args: [?][0m
  [34mIgnoring anonymous type: (CtTypeReferenceImpl) org.apache.commons.collections4.IterableUtils$13[0m
  [34mIgnoring implicit executable reference: (CtExecutableReferenceImpl) <init>[0m
  [34mIgnoring anonymous type: (CtTypeReferenceImpl) org.apache.commons.collections4.IterableUtils$13[0m
  [34mUnused type args: [E @ src/main/java/org/apache/commons/collections4/IterableUtils.java:548:35][0m
  [34mIgnoring anonymous object declaration: (CtClassImpl) 13 @ src/main/java/org/apache/commons/collections4/IterableUtils.java:548:40[0m
  [34mUnused type args: [E][0m
  [34mIgnoring implicit executable reference: (CtExecutableReferenceImpl) <init>[0m
  [34mIgnoring implicit executable reference: (CtExecutableReferenceImpl) <init>[0m
  [34mIgnoring method of an anonymous declaring type: (CtMethodImpl) iterator @ src/main/java/org/apache/commons/collections4/IterableUtils.java:550:32 in (CtClassImpl) 13 @ src/main/java/org/apache/commons/collections4/IterableUtils.java:548:40[0m
  [34mUnused type args: [E @ src/main/java/org/apache/commons/collections4/IterableUtils.java:550:29][0m
  [34mUnused type args: [? @ src/main/java/org/apache/commons/collections4/IterableUtils.java:552:26][0m
  [34mUnused type args: [?][0m
  [34mUnused type args: [?][0m
  [34mUnused type args: [?][0m
  [34mUnused type args: [?][0m
  [34mUnused type args: [?][0m
  [34mUnused type args: [?][0m
  [34mUnused type args: [?][0m
  [34mUnused type args: [?][0m
  [34mUnused type args: [?][0m
  [34mUnused type args: [?][0m
  [34mUnused type args: [?][0m
  [34mUnused type args: [?][0m
  [34mUnused type args: [?][0m
  [34mUnused type args: [?][0m
  [34mUnused type args: [?][0m
  [34mUnused type args: [E][0m
  [34mUnused type args: [E][0m
  [34mUnused type args: [?][0m
  [34mUnused type args: [?][0m
  [34mUnused type args: [E][0m
  [34mUnused type args: [E][0m
  [34mUnused type args: [E][0m
  [34mUnused type args: [E][0m
  [34mUnused type args: [E][0m
  [34mUnused type args: [E][0m
  [34mUnused type args: [?][0m
  [34mUnused type args: [E][0m
  [34mUnused type args: [?, ?][0m
  [34mUnused type args: [E][0m
  [34mUnused type args: [E][0m
  [34mUnused type args: [T][0m
  [34mUnused type args: [E][0m
  [34mUnused type args: [T @ src/main/java/org/apache/commons/collections4/functors/ChainedTransformer.java:126:30, T @ src/main/java/org/apache/commons/collections4/functors/ChainedTransformer.java:126:33][0m
  [34mUnused type args: [T, T][0m
  [34mUnused type args: [?, ?][0m
  [34mUnused type args: [T][0m
  [34mUnused type args: [?, ?][0m
  [34mUnused type args: [I, O][0m
  [34mUnused type args: [?][0m
  [34mIgnoring implicit executable reference: (CtExecutableReferenceImpl) <init>[0m
  [34mIgnoring implicit executable reference: (CtExecutableReferenceImpl) <init>[0m
  Pending package java.io
  getting parent type for (CtClassImpl) PrintStreamOrWriter
  [34mIgnoring implicit executable reference: (CtExecutableReferenceImpl) <init>[0m
  [34mIgnoring implicit executable reference: (CtExecutableReferenceImpl) <init>[0m
  [34mIgnoring implicit executable reference: (CtExecutableReferenceImpl) <init>[0m
  [34mIgnoring implicit executable reference: (CtExecutableReferenceImpl) <init>[0m
  [34mIgnoring implicit executable reference: (CtExecutableReferenceImpl) <init>[0m
  [34mUnused type args: [E][0m
  [34mUnused type args: [E][0m
  [34mUnused type args: [?][0m
  [34mUnused type args: [E][0m
  [34mUnused type args: [E][0m
  [34mUnused type args: [E][0m
  [34mUnused type args: [T][0m
  [34mUnused type args: [?][0m
  [34mIgnoring implicit executable reference: (CtExecutableReferenceImpl) <init>[0m
  [34mIgnoring implicit executable reference: (CtExecutableReferenceImpl) <init>[0m
  [34mUnused type args: [O][0m
  [34mUnused type args: [I, O][0m
  [34mUnused type args: [I, O][0m
  [34mUnused type args: [O][0m
  [34mUnused type args: [O][0m
  [34mUnused type args: [?, ?][0m
  [34mUnused type args: [I, O][0m
  [34mUnused type args: [I, O][0m
  [34mUnused type args: [?, ?][0m
  [34mUnused type args: [?, ?][0m
  [34mIgnoring implicit executable reference: (CtExecutableReferenceImpl) <init>[0m
  [34mIgnoring implicit executable reference: (CtExecutableReferenceImpl) <init>[0m
  [34mUnused type args: [?][0m
  [34mUnused type args: [T][0m
  [34mUnused type args: [?][0m
  [34mUnused type args: [?][0m
  [34mUnused type args: [T][0m
  [34mUnused type args: [T][0m
  [34mUnused type args: [I, O][0m
  [34mUnused type args: [I, O][0m
  [34mUnused type args: [?][0m
  [34mUnused type args: [?][0m
  [34mUnused type args: [?][0m
  [34mUnused type args: [I, O][0m
  [34mUnused type args: [?][0m
  [34mUnused type args: [?, ?][0m
  [34mUnused type args: [I, O][0m
  [34mUnused type args: [?, ?][0m
  [34mUnused type args: [I, O][0m
  [34mUnused type args: [?, ?][0m
  [34mIgnoring implicit executable reference: (CtExecutableReferenceImpl) <init>[0m
  [34mUnused type args: [E @ src/main/java/org/apache/commons/collections4/collection/TransformedCollection.java:63:42][0m
  [34mUnused type args: [E][0m
  [34mUnused type args: [?, ?][0m
  [34mUnused type args: [E][0m
  [34mUnused type args: [?, ?][0m
  [34mUnused type args: [?][0m
  [34mUnused type args: [O @ src/main/java/org/apache/commons/collections4/IterableUtils.java:916:28][0m
  [34mUnused type args: [O][0m
  [34mUnused type args: [O][0m
  [34mUnused type args: [O, R][0m
  [34mUnused type args: [R][0m
  [34mUnused type args: [?][0m
  [34mUnused type args: [R][0m
  [34mUnused type args: [?][0m
  [34mUnused type args: [O][0m
  [34mUnused type args: [R][0m
  [34mUnused type args: [?][0m
  [34mUnused type args: [?][0m
  [34mIgnoring implicit executable reference: (CtExecutableReferenceImpl) <init>[0m
  [34mUnused type args: [? @ src/main/java/org/apache/commons/collections4/IterableUtils.java:924:24][0m
  [34mUnused type args: [?][0m
  [34mUnused type args: [?][0m
  [34mIgnoring implicit executable reference: (CtExecutableReferenceImpl) <init>[0m
  [34mUnused type args: [?][0m
  [34mUnused type args: [?][0m
  [34mUnused type args: [R][0m
  [34mUnused type args: [O][0m
  [34mUnused type args: [O][0m
  [34mUnused type args: [C][0m
  [34mUnused type args: [?][0m
  [34mUnused type args: [?][0m
  [34mUnused type args: [R][0m
  [34mUnused type args: [R][0m
  [34mUnused type args: [?][0m
  [34mUnused type args: [?][0m
  [34mUnused type args: [R @ src/main/java/org/apache/commons/collections4/IterableUtils.java:940:20][0m
  [34mIgnoring implicit executable reference: (CtExecutableReferenceImpl) <init>[0m
  [34mUnused type args: [R @ src/main/java/org/apache/commons/collections4/IterableUtils.java:940:50][0m
  [34mUnused type args: [R][0m
  [34mUnused type args: [R][0m
  [34mUnused type args: [O][0m
  [34mUnused type args: [?][0m
  [34mUnused type args: [?][0m
  [34mUnused type args: [?][0m
  [34mUnused type args: [R][0m
  [34mUnused type args: [O][0m
  [34mUnused type args: [R][0m
  [34mUnused type args: [O][0m
  [34mUnused type args: [R][0m
  [34mUnused type args: [E][0m
  [34mUnused type args: [E][0m
  [34mUnused type args: [E][0m
  [34mUnused type args: [E][0m
  [34mUnused type args: [E][0m
  [34mUnused type args: [E][0m
  [34mUnused type args: [?][0m
  [34mIgnoring implicit executable reference: (CtExecutableReferenceImpl) <init>[0m
  [34mUnused type args: [?, ?][0m
  [34mUnused type args: [?, ?][0m
  [34mIgnoring implicit executable reference: (CtExecutableReferenceImpl) <init>[0m
  [34mIgnoring implicit executable reference: (CtExecutableReferenceImpl) <init>[0m
  [34mUnused type args: [I @ src/main/java/org/apache/commons/collections4/functors/IfTransformer.java:67:34, O @ src/main/java/org/apache/commons/collections4/functors/IfTransformer.java:67:37][0m
  [34mUnused type args: [?][0m
  [34mUnused type args: [?, ?][0m
  [34mUnused type args: [?, ?][0m
  [34mUnused type args: [?][0m
  [34mUnused type args: [?, ?][0m
  [34mUnused type args: [?, ?][0m
  [34mIgnoring implicit executable reference: (CtExecutableReferenceImpl) <init>[0m
  [34mIgnoring implicit executable reference: (CtExecutableReferenceImpl) <init>[0m
  [34mUnused type args: [?][0m
  [34mUnused type args: [T][0m
  [34mUnused type args: [?][0m
  [34mUnused type args: [?][0m
  [34mIgnoring implicit executable reference: (CtExecutableReferenceImpl) <init>[0m
  [34mIgnoring implicit executable reference: (CtExecutableReferenceImpl) <init>[0m
  [34mUnused type args: [?][0m
  [34mUnused type args: [?][0m
  [34mUnused type args: [T @ src/main/java/org/apache/commons/collections4/PredicateUtils.java:405:25][0m
  [34mUnused type args: [T][0m
  [34mUnused type args: [T][0m
  [34mUnused type args: [?][0m
  [34mUnused type args: [?][0m
  [34mUnused type args: [?][0m
  [34mUnused type args: [T][0m
  [34mUnused type args: [java.lang.Object][0m
  [34mUnused type args: [?][0m
  [34mUnused type args: [?][0m
  [34mUnused type args: [java.lang.Object][0m
  [34mUnused type args: [?][0m
  [34mUnused type args: [?][0m
  [34mUnused type args: [?][0m
  [34mIgnoring implicit executable reference: (CtExecutableReferenceImpl) <init>[0m
  [34mIgnoring implicit executable reference: (CtExecutableReferenceImpl) <init>[0m
  [34mUnused type args: [I, O][0m
  [34mUnused type args: [?][0m
  [34mUnused type args: [I, O][0m
  [34mUnused type args: [?][0m
  [34mUnused type args: [I, O][0m
  [34mUnused type args: [E][0m
  [34mUnused type args: [java.util.Comparator][0m
  [34mUnused type args: [E][0m
  [34mUnused type args: [E][0m
  [34mUnused type args: [java.util.Comparator][0m
  [34mUnused type args: [E][0m
  [34mUnused type args: [E][0m
  [34mUnused type args: [E][0m
  [34mUnused type args: [I, O][0m
  [34mUnused type args: [?, ?][0m
  [34mIgnoring implicit executable reference: (CtExecutableReferenceImpl) <init>[0m
  getting parent type for (CtClassImpl) FixedSizeListIterator @ src/main/java/org/apache/commons/collections4/list/FixedSizeList.java:160:19
  [34mUnused type args: [E][0m
  [34mUnused type args: [E][0m
  [34mUnused type args: [E][0m
  [34mUnused type args: [E][0m
  [34mIgnoring implicit executable reference: (CtExecutableReferenceImpl) <init>[0m
  [34mIgnoring implicit executable reference: (CtExecutableReferenceImpl) <init>[0m
  [34mUnused type args: [?][0m
  [34mUnused type args: [T][0m
  [34mUnused type args: [?][0m
  [34mUnused type args: [?][0m
  [34mUnused type args: [?][0m
  [34mUnused type args: [?][0m
  [34mUnused type args: [?][0m
  [34mUnused type args: [T][0m
  [34mUnused type args: [?, ?][0m
  [34mUnused type args: [I @ src/main/java/org/apache/commons/collections4/functors/MapTransformer.java:51:41, O @ src/main/java/org/apache/commons/collections4/functors/MapTransformer.java:51:44][0m
  [34mUnused type args: [I, O][0m
  [34mIgnoring implicit executable reference: (CtExecutableReferenceImpl) <init>[0m
  [34mUnused type args: [I @ src/main/java/org/apache/commons/collections4/functors/MapTransformer.java:53:35, O @ src/main/java/org/apache/commons/collections4/functors/MapTransformer.java:53:38][0m
  [34mUnused type args: [?, ?][0m
  [34mUnused type args: [?, ?][0m
  [34mUnused type args: [?][0m
  [34mUnused type args: [E][0m
  [34mIgnoring implicit executable reference: (CtExecutableReferenceImpl) <init>[0m
  [34mIgnoring anonymous type: (CtTypeReferenceImpl) org.apache.commons.collections4.IterableUtils$6[0m
  [34mIgnoring implicit executable reference: (CtExecutableReferenceImpl) <init>[0m
  [34mIgnoring anonymous type: (CtTypeReferenceImpl) org.apache.commons.collections4.IterableUtils$6[0m
  [34mUnused type args: [E @ src/main/java/org/apache/commons/collections4/IterableUtils.java:296:35][0m
  [34mIgnoring anonymous object declaration: (CtClassImpl) 6 @ src/main/java/org/apache/commons/collections4/IterableUtils.java:296:40[0m
  [34mUnused type args: [E][0m
  [34mIgnoring implicit executable reference: (CtExecutableReferenceImpl) <init>[0m
  [34mIgnoring implicit executable reference: (CtExecutableReferenceImpl) <init>[0m
  [34mIgnoring method of an anonymous declaring type: (CtMethodImpl) iterator @ src/main/java/org/apache/commons/collections4/IterableUtils.java:298:32 in (CtClassImpl) 6 @ src/main/java/org/apache/commons/collections4/IterableUtils.java:296:40[0m
  [34mUnused type args: [E @ src/main/java/org/apache/commons/collections4/IterableUtils.java:298:29][0m
  [34mUnused type args: [E][0m
  [34mUnused type args: [E][0m
  [34mUnused type args: [?][0m
  [34mUnused type args: [E][0m
  [34mUnused type args: [E][0m
  [34mIgnoring implicit executable reference: (CtExecutableReferenceImpl) <init>[0m
  [34mIgnoring implicit executable reference: (CtExecutableReferenceImpl) <init>[0m
  [34mUnused type args: [?][0m
  [34mUnused type args: [I, O][0m
  [34mUnused type args: [?][0m
  [34mUnused type args: [?][0m
  [34mUnused type args: [?, ?][0m
  [34mUnused type args: [I, O][0m
  [34mUnused type args: [?, ?][0m
  [34mUnused type args: [?, ?][0m
  [34mUnused type args: [?, ?][0m
  [34mUnused type args: [I, O][0m
  [34mUnused type args: [?, ?][0m
  [34mUnused type args: [?, ?][0m
  [34mUnused type args: [E][0m
  [34mUnused type args: [? @ src/main/java/org/apache/commons/collections4/IterableUtils.java:752:37][0m
  [34mUnused type args: [E @ src/main/java/org/apache/commons/collections4/IterableUtils.java:753:26][0m
  [34mUnused type args: [E][0m
  [34mUnused type args: [E][0m
  [34mUnused type args: [? @ src/main/java/org/apache/commons/collections4/IterableUtils.java:755:37][0m
  [34mUnused type args: [E @ src/main/java/org/apache/commons/collections4/IterableUtils.java:756:26][0m
  [34mUnused type args: [E][0m
  [34mUnused type args: [?][0m
  [34mUnused type args: [E][0m
  [34mUnused type args: [E][0m
  [34mUnused type args: [E][0m
  [34mUnused type args: [?][0m
  [34mUnused type args: [E][0m
  [34mUnused type args: [E][0m
  [34mUnused type args: [E][0m
  [34mUnused type args: [E][0m
  [34mUnused type args: [E @ src/main/java/org/apache/commons/collections4/IterableUtils.java:758:77][0m
  [34mUnused type args: [E][0m
  [34mIgnoring implicit executable reference: (CtExecutableReferenceImpl) <init>[0m
  [34mIgnoring implicit executable reference: (CtExecutableReferenceImpl) <init>[0m
  [34mUnused type args: [E][0m
  [34mUnused type args: [E @ src/main/java/org/apache/commons/collections4/collection/UnmodifiableBoundedCollection.java:112:34][0m
  [34mUnused type args: [?][0m
  [34mUnused type args: [E @ src/main/java/org/apache/commons/collections4/ListUtils.java:312:20][0m
  [34mIgnoring implicit executable reference: (CtExecutableReferenceImpl) <init>[0m
  [34mUnused type args: [E @ src/main/java/org/apache/commons/collections4/ListUtils.java:312:44][0m
  [34mUnused type args: [E][0m
  [34mUnused type args: [?][0m
  [34mUnused type args: [E][0m
  [34mUnused type args: [?][0m
  [34mUnused type args: [E][0m
  [34mUnused type args: [E][0m
  [34mUnused type args: [T][0m
  [34mUnused type args: [T][0m
  [34mUnused type args: [?][0m
  [34mUnused type args: [?][0m
  [34mUnused type args: [?][0m
  [34mUnused type args: [?][0m
  [34mUnused type args: [I, O][0m
  [34mUnused type args: [?, ?][0m
  [34mIgnoring implicit executable reference: (CtExecutableReferenceImpl) <init>[0m
  [34mUnused type args: [E][0m
  [34mUnused type args: [E][0m
  [34mUnused type args: [?][0m
  [34mUnused type args: [E][0m
  [34mUnused type args: [E][0m
  [34mUnused type args: [E][0m
  [34mUnused type args: [E][0m
  [34mUnused type args: [E][0m
  [34mUnused type args: [E][0m
  [34mUnused type args: [E @ src/main/java/org/apache/commons/collections4/list/AbstractSerializableListDecorator.java:69:35][0m
  [34mIgnoring implicit executable reference: (CtExecutableReferenceImpl) <init>[0m
  [34mUnused type args: [T][0m
  [34mUnused type args: [T][0m
  [34mUnused type args: [I, O][0m
  [34mUnused type args: [?, ?][0m
  [34mIgnoring implicit executable reference: (CtExecutableReferenceImpl) <init>[0m
  [34mIgnoring implicit executable reference: (CtExecutableReferenceImpl) <init>[0m
  [34mUnused type args: [?, ?][0m
  [34mUnused type args: [O][0m
  [34mUnused type args: [?, ?][0m
  [34mIgnoring implicit executable reference: (CtExecutableReferenceImpl) <init>[0m
  [34mIgnoring implicit executable reference: (CtExecutableReferenceImpl) <init>[0m
  [34mUnused type args: [?, ?][0m
  [34mUnused type args: [I, O][0m
  [34mUnused type args: [?, ?][0m
  [34mUnused type args: [?, ?][0m
  [34mUnused type args: [I, O][0m
  [34mUnused type args: [?][0m
  [34mUnused type args: [I, O][0m
  [34mUnused type args: [?][0m
  [34mUnused type args: [? @ src/main/java/org/apache/commons/collections4/comparators/TransformingComparator.java:123:42, ? @ src/main/java/org/apache/commons/collections4/comparators/TransformingComparator.java:123:45][0m
  [34mUnused type args: [? @ src/main/java/org/apache/commons/collections4/comparators/TransformingComparator.java:123:79, ? @ src/main/java/org/apache/commons/collections4/comparators/TransformingComparator.java:123:82][0m
  [34mUnused type args: [I, O][0m
  [34mUnused type args: [O][0m
  [34mUnused type args: [?, ?][0m
  [34mUnused type args: [?, ?][0m
  [34mUnused type args: [?][0m
  [34mUnused type args: [I, O][0m
  [34mUnused type args: [O][0m
  [34mUnused type args: [?, ?][0m
  [34mUnused type args: [?, ?][0m
  [34mUnused type args: [?][0m
  [34mUnused type args: [I, O][0m
  [34mUnused type args: [?, ?][0m
  [34mUnused type args: [?, ?][0m
  [34mUnused type args: [?, ?][0m
  [34mUnused type args: [?, ?][0m
  [34mUnused type args: [I, O][0m
  [34mUnused type args: [?, ?][0m
  [34mUnused type args: [?, ?][0m
  [34mUnused type args: [?, ?][0m
  [34mUnused type args: [?, ?][0m
  [34mIgnoring implicit executable reference: (CtExecutableReferenceImpl) <init>[0m
  [34mUnused type args: [E][0m
  [34mUnused type args: [E][0m
  [34mUnused type args: [?][0m
  [34mUnused type args: [E][0m
  [34mUnused type args: [E][0m
  [34mUnused type args: [E][0m
  [34mUnused type args: [E][0m
  [34mUnused type args: [?][0m
  [34mIgnoring implicit executable reference: (CtExecutableReferenceImpl) <init>[0m
  [34mUnused type args: [T][0m
  [34mUnused type args: [T][0m
  [34mUnused type args: [?][0m
  [34mUnused type args: [?][0m
  [34mUnused type args: [?][0m
  [34mUnused type args: [?][0m
  [34mUnused type args: [E][0m
  [34mUnused type args: [E][0m
  [34mUnused type args: [E @ src/main/java/org/apache/commons/collections4/IterableUtils.java:574:50][0m
  [34mUnused type args: [E][0m
  [34mUnused type args: [E][0m
  [34mUnused type args: [T][0m
  [34mUnused type args: [T][0m
  [34mUnused type args: [E][0m
  [34mUnused type args: [E][0m
  [34mUnused type args: [java.util.Comparator][0m
  [34mUnused type args: [E][0m
  [34mUnused type args: [E][0m
  [34mUnused type args: [E][0m
  [34mUnused type args: [E][0m
  [34mUnused type args: [java.util.Comparator][0m
  [34mUnused type args: [E][0m
  [34mUnused type args: [?][0m
  [34mUnused type args: [E][0m
  [34mIgnoring implicit executable reference: (CtExecutableReferenceImpl) <init>[0m
  [34mIgnoring anonymous type: (CtTypeReferenceImpl) org.apache.commons.collections4.IterableUtils$9[0m
  [34mIgnoring implicit executable reference: (CtExecutableReferenceImpl) <init>[0m
  [34mIgnoring anonymous type: (CtTypeReferenceImpl) org.apache.commons.collections4.IterableUtils$9[0m
  [34mUnused type args: [E @ src/main/java/org/apache/commons/collections4/IterableUtils.java:395:35][0m
  [34mIgnoring anonymous object declaration: (CtClassImpl) 9 @ src/main/java/org/apache/commons/collections4/IterableUtils.java:395:40[0m
  [34mUnused type args: [E][0m
  [34mIgnoring implicit executable reference: (CtExecutableReferenceImpl) <init>[0m
  [34mIgnoring implicit executable reference: (CtExecutableReferenceImpl) <init>[0m
  [34mIgnoring method of an anonymous declaring type: (CtMethodImpl) iterator @ src/main/java/org/apache/commons/collections4/IterableUtils.java:397:32 in (CtClassImpl) 9 @ src/main/java/org/apache/commons/collections4/IterableUtils.java:395:40[0m
  [34mUnused type args: [E @ src/main/java/org/apache/commons/collections4/IterableUtils.java:397:29][0m
  [34mUnused type args: [E][0m
  [34mUnused type args: [E][0m
  [34mUnused type args: [E][0m
  [34mUnused type args: [E][0m
  [34mUnused type args: [E][0m
  [34mUnused type args: [?][0m
  [34mUnused type args: [?][0m
  [34mUnused type args: [?][0m
  [34mUnused type args: [?][0m
  [34mIgnoring anonymous type: (CtTypeReferenceImpl) org.apache.commons.collections4.IterableUtils$12[0m
  [34mIgnoring implicit executable reference: (CtExecutableReferenceImpl) <init>[0m
  [34mIgnoring anonymous type: (CtTypeReferenceImpl) org.apache.commons.collections4.IterableUtils$12[0m
  [34mUnused type args: [E @ src/main/java/org/apache/commons/collections4/IterableUtils.java:520:35][0m
  [34mIgnoring anonymous object declaration: (CtClassImpl) 12 @ src/main/java/org/apache/commons/collections4/IterableUtils.java:520:40[0m
  [34mUnused type args: [E][0m
  [34mIgnoring implicit executable reference: (CtExecutableReferenceImpl) <init>[0m
  [34mIgnoring implicit executable reference: (CtExecutableReferenceImpl) <init>[0m
  [34mIgnoring method of an anonymous declaring type: (CtMethodImpl) iterator @ src/main/java/org/apache/commons/collections4/IterableUtils.java:522:32 in (CtClassImpl) 12 @ src/main/java/org/apache/commons/collections4/IterableUtils.java:520:40[0m
  [34mUnused type args: [E @ src/main/java/org/apache/commons/collections4/IterableUtils.java:522:29][0m
  [34mUnused type args: [E][0m
  [34mUnused type args: [E][0m
  [34mUnused type args: [?][0m
  [34mUnused type args: [?][0m
  [34mUnused type args: [?][0m
  [34mUnused type args: [?][0m
  [34mUnused type args: [?][0m
  [34mUnused type args: [?][0m
  [34mUnused type args: [E][0m
  [34mUnused type args: [E][0m
  [34mUnused type args: [T][0m
  [34mIgnoring implicit executable reference: (CtExecutableReferenceImpl) <init>[0m
  [34mIgnoring implicit executable reference: (CtExecutableReferenceImpl) <init>[0m
  [34mIgnoring implicit executable reference: (CtExecutableReferenceImpl) <init>[0m
  [34mUnused type args: [T][0m
  [34mUnused type args: [T][0m
  [34mUnused type args: [T][0m
  [34mUnused type args: [T][0m
  [34mUnused type args: [T][0m
  [34mUnused type args: [T][0m
  [34mUnused type args: [T][0m
  [34mIgnoring implicit executable reference: (CtExecutableReferenceImpl) <init>[0m
  [34mIgnoring implicit executable reference: (CtExecutableReferenceImpl) <init>[0m
  [34mUnused type args: [java.util.Comparator][0m
  [34mUnused type args: [E][0m
  [34mUnused type args: [E][0m
  [34mUnused type args: [java.util.Comparator][0m
  [34mUnused type args: [E][0m
  [34mIgnoring implicit executable reference: (CtExecutableReferenceImpl) <init>[0m
  [34mUnused type args: [java.util.Comparator @ src/main/java/org/apache/commons/collections4/comparators/ComparatorChain.java:91:41][0m
  [34mUnused type args: [E @ src/main/java/org/apache/commons/collections4/comparators/ComparatorChain.java:91:52][0m
  [34mUnused type args: [E][0m
  [34mUnused type args: [java.util.Comparator][0m
  [34mUnused type args: [E][0m
  [34mUnused type args: [E][0m
  [34mUnused type args: [E][0m
  [34mIgnoring implicit executable reference: (CtExecutableReferenceImpl) <init>[0m
  [34mUnused type args: [E][0m
  [34mIgnoring implicit executable reference: (CtExecutableReferenceImpl) <init>[0m
  [34mIgnoring implicit executable reference: (CtExecutableReferenceImpl) <init>[0m
  [34mUnused type args: [E][0m
  [34mUnused type args: [E][0m
  [34mUnused type args: [E][0m
  [34mIgnoring implicit executable reference: (CtExecutableReferenceImpl) <init>[0m
  [34mUnused type args: [E @ src/main/java/org/apache/commons/collections4/ListUtils.java:586:38][0m
  [34mUnused type args: [T @ src/main/java/org/apache/commons/collections4/PredicateUtils.java:355:25][0m
  [34mUnused type args: [T][0m
  [34mUnused type args: [T][0m
  [34mUnused type args: [?][0m
  [34mUnused type args: [?][0m
  [34mUnused type args: [?][0m
  [34mUnused type args: [T][0m
  [34mIgnoring implicit executable reference: (CtExecutableReferenceImpl) <init>[0m
  [34mIgnoring implicit executable reference: (CtExecutableReferenceImpl) <init>[0m
  [34mUnused type args: [T][0m
  [34mUnused type args: [T][0m
  [34mUnused type args: [E][0m
  [34mUnused type args: [E][0m
  [34mUnused type args: [E][0m
  [34mUnused type args: [E][0m
  [34mIgnoring implicit executable reference: (CtExecutableReferenceImpl) <init>[0m
  [34mUnused type args: [E][0m
  [34mUnused type args: [E][0m
  [34mUnused type args: [?, java.lang.String][0m
  [34mUnused type args: [E][0m
  [34mUnused type args: [E][0m
  [34mUnused type args: [E][0m
  [34mUnused type args: [E][0m
  [34mUnused type args: [?, java.lang.String][0m
  [34mUnused type args: [T][0m
  [34mUnused type args: [T][0m
  [34mUnused type args: [T][0m
  [34mUnused type args: [T][0m
  [34mIgnoring implicit executable reference: (CtExecutableReferenceImpl) <init>[0m
  [34mIgnoring implicit executable reference: (CtExecutableReferenceImpl) <init>[0m
  [34mUnused type args: [?][0m
  [34mUnused type args: [T][0m
  [34mUnused type args: [?][0m
  [34mUnused type args: [T][0m
  [34mUnused type args: [E][0m
  [34mUnused type args: [?][0m
  [34mUnused type args: [E][0m
  [34mUnused type args: [?][0m
  [34mUnused type args: [? @ src/main/java/org/apache/commons/collections4/comparators/ComparatorChain.java:341:35][0m
  [34mUnused type args: [? @ src/main/java/org/apache/commons/collections4/comparators/ComparatorChain.java:341:63][0m
  [34mUnused type args: [E][0m
  [34mUnused type args: [?][0m
  [34mUnused type args: [?][0m
  [34mUnused type args: [E][0m
  [34mUnused type args: [?][0m
  [34mUnused type args: [?][0m
  [34mUnused type args: [E][0m
  [34mUnused type args: [java.util.Comparator][0m
  [34mUnused type args: [E][0m
  [34mUnused type args: [?][0m
  [34mUnused type args: [?][0m
  [34mUnused type args: [java.util.Comparator][0m
  [34mUnused type args: [?][0m
  [34mUnused type args: [E][0m
  [34mUnused type args: [java.util.Comparator][0m
  [34mUnused type args: [E][0m
  [34mUnused type args: [?][0m
  [34mUnused type args: [?][0m
  [34mUnused type args: [java.util.Comparator][0m
  [34mUnused type args: [?][0m
  [34mUnused type args: [E][0m
  [34mUnused type args: [E][0m
  [34mUnused type args: [E][0m
  [34mUnused type args: [E][0m
  [34mUnused type args: [E][0m
  [34mUnused type args: [E][0m
  [34mUnused type args: [T][0m
  [34mUnused type args: [T][0m
  [34mUnused type args: [E][0m
  [34mUnused type args: [E][0m
  [34mUnused type args: [?][0m
  [34mUnused type args: [?][0m
  [34mUnused type args: [I @ src/main/java/org/apache/commons/collections4/functors/SwitchTransformer.java:187:30, O @ src/main/java/org/apache/commons/collections4/functors/SwitchTransformer.java:187:33][0m
  [34mUnused type args: [I, O][0m
  [34mUnused type args: [?, ?][0m
  [34mUnused type args: [I, O][0m
  [34mUnused type args: [?, ?][0m
  [34mUnused type args: [I, O][0m
  [34mUnused type args: [I, O][0m
  [34mIgnoring implicit executable reference: (CtExecutableReferenceImpl) <init>[0m
  [34mUnused type args: [I @ src/main/java/org/apache/commons/collections4/functors/ConstantTransformer.java:69:40, O @ src/main/java/org/apache/commons/collections4/functors/ConstantTransformer.java:69:43][0m
  [34mIgnoring implicit executable reference: (CtExecutableReferenceImpl) <init>[0m
  [34mIgnoring implicit executable reference: (CtExecutableReferenceImpl) <init>[0m
  [34mUnused type args: [?][0m
  [34mUnused type args: [?][0m
  [34mUnused type args: [?][0m
  [34mIgnoring anonymous type: (CtTypeReferenceImpl) org.apache.commons.collections4.IterableUtils$4[0m
  [34mIgnoring implicit executable reference: (CtExecutableReferenceImpl) <init>[0m
  [34mIgnoring anonymous type: (CtTypeReferenceImpl) org.apache.commons.collections4.IterableUtils$4[0m
  [34mUnused type args: [E @ src/main/java/org/apache/commons/collections4/IterableUtils.java:235:35][0m
  [34mIgnoring anonymous object declaration: (CtClassImpl) 4 @ src/main/java/org/apache/commons/collections4/IterableUtils.java:235:40[0m
  [34mUnused type args: [E][0m
  [34mIgnoring implicit executable reference: (CtExecutableReferenceImpl) <init>[0m
  [34mIgnoring implicit executable reference: (CtExecutableReferenceImpl) <init>[0m
  [34mIgnoring method of an anonymous declaring type: (CtMethodImpl) iterator @ src/main/java/org/apache/commons/collections4/IterableUtils.java:237:32 in (CtClassImpl) 4 @ src/main/java/org/apache/commons/collections4/IterableUtils.java:235:40[0m
  [34mUnused type args: [E @ src/main/java/org/apache/commons/collections4/IterableUtils.java:237:29][0m
  [34mUnused type args: [E][0m
  [34mUnused type args: [E][0m
  [34mUnused type args: [?][0m
  [34mUnused type args: [?][0m
  [34mUnused type args: [?][0m
  [34mUnused type args: [?][0m
  [34mUnused type args: [?][0m
  [34mUnused type args: [?][0m
  [34mUnused type args: [?][0m
  [34mUnused type args: [?][0m
  [34mUnused type args: [E][0m
  [34mUnused type args: [E][0m
  [34mUnused type args: [?][0m
  [34mUnused type args: [E][0m
  [34mUnused type args: [E][0m
  [34mUnused type args: [?][0m
  [34mUnused type args: [?][0m
  [34mIgnoring implicit executable reference: (CtExecutableReferenceImpl) <init>[0m
  [34mIgnoring implicit executable reference: (CtExecutableReferenceImpl) <init>[0m
  [34mUnused type args: [?][0m
  [34mUnused type args: [E][0m
  [34mUnused type args: [E][0m
  [34mUnused type args: [T][0m
  [34mUnused type args: [T][0m
  [34mUnused type args: [?, java.lang.Boolean][0m
  [34mUnused type args: [?, java.lang.Boolean][0m
  [34mUnused type args: [E][0m
  [34mUnused type args: [E][0m
  [34mUnused type args: [E][0m
  [34mUnused type args: [E @ src/main/java/org/apache/commons/collections4/list/UnmodifiableList.java:144:20][0m
  [34mUnused type args: [E][0m
  [34mUnused type args: [E][0m
  [34mUnused type args: [E][0m
  [34mIgnoring implicit executable reference: (CtExecutableReferenceImpl) <init>[0m
  [34mUnused type args: [E @ src/main/java/org/apache/commons/collections4/list/UnmodifiableList.java:145:37][0m
  [34mUnused type args: [?][0m
  [34mUnused type args: [E][0m
  [34mIgnoring implicit executable reference: (CtExecutableReferenceImpl) <init>[0m
  [34mUnused type args: [java.lang.Character @ src/main/java/org/apache/commons/collections4/ListUtils.java:571:20][0m
  [34mUnused type args: [java.lang.Character][0m
  [34mUnused type args: [java.lang.Character][0m
  [34mUnused type args: [E][0m
  [34mUnused type args: [E][0m
  [34mIgnoring implicit executable reference: (CtExecutableReferenceImpl) <init>[0m
  [34mIgnoring implicit executable reference: (CtExecutableReferenceImpl) <init>[0m
  [34mIgnoring implicit executable reference: (CtExecutableReferenceImpl) <init>[0m
  [34mUnused type args: [java.lang.Character][0m
  [34mUnused type args: [? @ src/main/java/org/apache/commons/collections4/functors/InvokerTransformer.java:132:25][0m
  [34mUnused type args: [?][0m
  [34mUnused type args: [?][0m
  [34mUnused type args: [?][0m
  [34mUnused type args: [I, O][0m
  [34mUnused type args: [I, O][0m
  [34mUnused type args: [?][0m
  [34mUnused type args: [I, O][0m
  [34mIgnoring implicit executable reference: (CtExecutableReferenceImpl) <init>[0m
  [34mUnused type args: [I, O][0m
  [34mUnused type args: [?][0m
  [34mIgnoring implicit executable reference: (CtExecutableReferenceImpl) <init>[0m
  [34mUnused type args: [I, O][0m
  [34mUnused type args: [?][0m
  [34mIgnoring implicit executable reference: (CtExecutableReferenceImpl) <init>[0m
  [34mUnused type args: [I, O][0m
  [34mUnused type args: [?][0m
  [34mUnused type args: [E][0m
  [34mUnused type args: [E][0m
  [34mIgnoring implicit executable reference: (CtExecutableReferenceImpl) <init>[0m
  [34mIgnoring implicit executable reference: (CtExecutableReferenceImpl) <init>[0m
  [34mUnused type args: [E][0m
  [34mUnused type args: [E][0m
  [34mUnused type args: [?][0m
  [34mIgnoring implicit executable reference: (CtExecutableReferenceImpl) <init>[0m
  [34mUnused type args: [E @ src/main/java/org/apache/commons/collections4/EnumerationUtils.java:80:61][0m
  [34mUnused type args: [?][0m
  [34mUnused type args: [?][0m
  [34mIgnoring implicit executable reference: (CtExecutableReferenceImpl) <init>[0m
  [34mIgnoring implicit executable reference: (CtExecutableReferenceImpl) <init>[0m
  [34mUnused type args: [?][0m
  [34mUnused type args: [I, O][0m
  [34mUnused type args: [?][0m
  [34mUnused type args: [?][0m
  [34mUnused type args: [T][0m
  [34mIgnoring implicit executable reference: (CtExecutableReferenceImpl) <init>[0m
  [34mIgnoring implicit executable reference: (CtExecutableReferenceImpl) <init>[0m
  [34mIgnoring implicit executable reference: (CtExecutableReferenceImpl) <init>[0m
  [34mUnused type args: [T @ src/main/java/org/apache/commons/collections4/ListUtils.java:658:30][0m
  [34mUnused type args: [T][0m
  [34mUnused type args: [T][0m
  [34mUnused type args: [?][0m
  [34mIgnoring implicit executable reference: (CtExecutableReferenceImpl) <init>[0m
  [34mUnused type args: [?][0m
  [34mUnused type args: [?][0m
  [34mUnused type args: [?][0m
  [34mUnused type args: [?][0m
  [34mUnused type args: [E @ src/main/java/org/apache/commons/collections4/collection/UnmodifiableBoundedCollection.java:92:54][0m
  [34mUnused type args: [?][0m
  [34mUnused type args: [E][0m
  [34mUnused type args: [?][0m
  [34mUnused type args: [?][0m
  [34mUnused type args: [?][0m
  [34mUnused type args: [E @ src/main/java/org/apache/commons/collections4/collection/UnmodifiableBoundedCollection.java:94:49][0m
  [34mUnused type args: [?][0m
  [34mUnused type args: [E][0m
  [34mUnused type args: [?][0m
  [34mIgnoring implicit executable reference: (CtExecutableReferenceImpl) <init>[0m
  [34mIgnoring implicit executable reference: (CtExecutableReferenceImpl) <init>[0m
  [34mUnused type args: [E @ src/main/java/org/apache/commons/collections4/collection/UnmodifiableBoundedCollection.java:101:50][0m
  [34mUnused type args: [?][0m
  [34mUnused type args: [E @ src/main/java/org/apache/commons/collections4/collection/UnmodifiableBoundedCollection.java:101:72][0m
  [34mUnused type args: [?][0m
  [34mUnused type args: [T][0m
  [34mUnused type args: [T][0m
  [34mUnused type args: [?][0m
  [34mUnused type args: [?][0m
  [34mUnused type args: [?][0m
  [34mUnused type args: [?][0m
  [34mUnused type args: [I, O][0m
  [34mIgnoring implicit executable reference: (CtExecutableReferenceImpl) <init>[0m
  [34mIgnoring implicit executable reference: (CtExecutableReferenceImpl) <init>[0m
  [34mUnused type args: [I @ src/main/java/org/apache/commons/collections4/functors/InvokerTransformer.java:59:39, O @ src/main/java/org/apache/commons/collections4/functors/InvokerTransformer.java:59:42][0m
  [34mUnused type args: [E][0m
  [34mUnused type args: [E][0m
  [34mUnused type args: [T][0m
  [34mUnused type args: [T][0m
  [34mUnused type args: [T][0m
  [34mUnused type args: [T][0m
  [34mUnused type args: [I, O][0m
  [34mUnused type args: [I, O][0m
  [34mUnused type args: [?, ?][0m
  [34mUnused type args: [I, O][0m
  [34mUnused type args: [I, O][0m
  [34mUnused type args: [?, ?][0m
  [34mUnused type args: [I, O][0m
  [34mUnused type args: [I, O][0m
  [34mUnused type args: [O][0m
  [34mIgnoring implicit executable reference: (CtExecutableReferenceImpl) <init>[0m
  [34mIgnoring implicit executable reference: (CtExecutableReferenceImpl) <init>[0m
  [34mUnused type args: [E @ src/main/java/org/apache/commons/collections4/collection/UnmodifiableBoundedCollection.java:164:35][0m
  [34mUnused type args: [E][0m
  [34mUnused type args: [E][0m
  [34mIgnoring implicit executable reference: (CtExecutableReferenceImpl) <init>[0m
  [34mUnused type args: [?][0m
  [34mUnused type args: [? @ src/main/java/org/apache/commons/collections4/ListUtils.java:279:24][0m
  [34mUnused type args: [?][0m
  [34mUnused type args: [?][0m
  [34mUnused type args: [?][0m
  [34mUnused type args: [?][0m
  [34mIgnoring implicit executable reference: (CtExecutableReferenceImpl) <init>[0m
  [34mUnused type args: [?][0m
  [34mUnused type args: [T @ src/main/java/org/apache/commons/collections4/collection/UnmodifiableCollection.java:57:30][0m
  [34mUnused type args: [T @ src/main/java/org/apache/commons/collections4/collection/UnmodifiableCollection.java:57:55][0m
  [34mUnused type args: [?][0m
  [34mUnused type args: [T][0m
  [34mIgnoring implicit executable reference: (CtExecutableReferenceImpl) <init>[0m
  [34mUnused type args: [T @ src/main/java/org/apache/commons/collections4/collection/UnmodifiableCollection.java:60:43][0m
  [34mUnused type args: [?][0m
  [34mUnused type args: [?][0m
  [34mUnused type args: [?][0m
  [34mIgnoring implicit executable reference: (CtExecutableReferenceImpl) <init>[0m
  [34mUnused type args: [? @ src/main/java/org/apache/commons/collections4/functors/InstantiateTransformer.java:118:31][0m
  [34mUnused type args: [?][0m
  [34mUnused type args: [?][0m
  [34mUnused type args: [?][0m
  [34mUnused type args: [T][0m
  [34mUnused type args: [?][0m
  [34mUnused type args: [?][0m
  [34mUnused type args: [T][0m
  [34mIgnoring implicit executable reference: (CtExecutableReferenceImpl) <init>[0m
  [34mIgnoring implicit executable reference: (CtExecutableReferenceImpl) <init>[0m
  [34mIgnoring implicit executable reference: (CtExecutableReferenceImpl) <init>[0m
  [34mIgnoring implicit executable reference: (CtExecutableReferenceImpl) <init>[0m
  [34mIgnoring implicit executable reference: (CtExecutableReferenceImpl) <init>[0m
  [34mUnused type args: [E][0m
  [34mUnused type args: [E][0m
  [34mUnused type args: [E][0m
  [34mUnused type args: [java.util.Comparator @ src/main/java/org/apache/commons/collections4/comparators/ComparatorChain.java:274:24][0m
  [34mUnused type args: [E @ src/main/java/org/apache/commons/collections4/comparators/ComparatorChain.java:274:35][0m
  [34mUnused type args: [E][0m
  [34mUnused type args: [java.util.Comparator][0m
  [34mUnused type args: [E][0m
  [34mUnused type args: [java.util.Comparator][0m
  [34mUnused type args: [E][0m
  [34mUnused type args: [java.util.Comparator][0m
  [34mUnused type args: [E][0m
  [34mUnused type args: [? @ src/main/java/org/apache/commons/collections4/comparators/ComparatorChain.java:277:30][0m
  [34mUnused type args: [java.util.Comparator][0m
  [34mUnused type args: [E][0m
  [34mUnused type args: [E][0m
  [34mUnused type args: [?][0m
  [34mUnused type args: [E][0m
  [34mUnused type args: [E][0m
  [34mUnused type args: [E][0m
  [34mUnused type args: [?][0m
  [34mUnused type args: [E][0m
  [34mUnused type args: [E][0m
  [34mUnused type args: [E][0m
  [34mUnused type args: [E][0m
  [34mUnused type args: [?][0m
  [34mUnused type args: [E][0m
  [34mUnused type args: [E][0m
  [34mUnused type args: [?][0m
  [34mUnused type args: [?][0m
  [34mUnused type args: [?, java.util.ArrayList][0m
  [34mUnused type args: [E][0m
  [34mUnused type args: [?][0m
  [34mUnused type args: [?][0m
  [34mUnused type args: [?][0m
  [34mUnused type args: [E][0m
  [34mUnused type args: [?][0m
  [34mUnused type args: [?][0m
  [34mIgnoring implicit executable reference: (CtExecutableReferenceImpl) <init>[0m
  [34mUnused type args: [E @ src/main/java/org/apache/commons/collections4/ListUtils.java:205:89][0m
  [34mUnused type args: [?][0m
  [34mIgnoring implicit executable reference: (CtExecutableReferenceImpl) <init>[0m
  [34mIgnoring implicit executable reference: (CtExecutableReferenceImpl) <init>[0m
  [34mUnused type args: [T][0m
  [34mUnused type args: [T][0m
  [34mUnused type args: [T @ src/main/java/org/apache/commons/collections4/ListUtils.java:62:44][0m
  [34mUnused type args: [T][0m
  [34mUnused type args: [T][0m
  [34mUnused type args: [E][0m
  [34mUnused type args: [E][0m
  [34mUnused type args: [?][0m
  [34mUnused type args: [E][0m
  [34mUnused type args: [E][0m
  [34mUnused type args: [E][0m
  [34mUnused type args: [?][0m
  [34mUnused type args: [?][0m
  [34mUnused type args: [?][0m
  [34mIgnoring anonymous type: (CtTypeReferenceImpl) org.apache.commons.collections4.IterableUtils$3[0m
  [34mIgnoring implicit executable reference: (CtExecutableReferenceImpl) <init>[0m
  [34mIgnoring anonymous type: (CtTypeReferenceImpl) org.apache.commons.collections4.IterableUtils$3[0m
  [34mUnused type args: [E @ src/main/java/org/apache/commons/collections4/IterableUtils.java:207:35][0m
  [34mIgnoring anonymous object declaration: (CtClassImpl) 3 @ src/main/java/org/apache/commons/collections4/IterableUtils.java:207:40[0m
  [34mUnused type args: [E][0m
  [34mIgnoring implicit executable reference: (CtExecutableReferenceImpl) <init>[0m
  [34mIgnoring implicit executable reference: (CtExecutableReferenceImpl) <init>[0m
  [34mIgnoring method of an anonymous declaring type: (CtMethodImpl) iterator @ src/main/java/org/apache/commons/collections4/IterableUtils.java:209:32 in (CtClassImpl) 3 @ src/main/java/org/apache/commons/collections4/IterableUtils.java:207:40[0m
  [34mUnused type args: [E @ src/main/java/org/apache/commons/collections4/IterableUtils.java:209:29][0m
  [34mUnused type args: [E][0m
  [34mUnused type args: [E][0m
  [34mUnused type args: [?][0m
  [34mUnused type args: [?][0m
  [34mUnused type args: [?][0m
  [34mUnused type args: [?][0m
  [34mUnused type args: [?][0m
  [34mUnused type args: [?][0m
  [34mUnused type args: [?][0m
  [34mIgnoring implicit executable reference: (CtExecutableReferenceImpl) <init>[0m
  [34mIgnoring implicit executable reference: (CtExecutableReferenceImpl) <init>[0m
  [34mUnused type args: [E][0m
  [34mUnused type args: [E @ src/main/java/org/apache/commons/collections4/collection/UnmodifiableCollection.java:72:27][0m
  [34mUnused type args: [?][0m
  [34mUnused type args: [E][0m
  [34mUnused type args: [E][0m
  [34mUnused type args: [T][0m
  [34mUnused type args: [?][0m
  [34mUnused type args: [E][0m
  [34mUnused type args: [E][0m
  [34mUnused type args: [E][0m
  [34mUnused type args: [E][0m
  [34mUnused type args: [T][0m
  [34mUnused type args: [T][0m
  [34mUnused type args: [?][0m
  [34mUnused type args: [?][0m
  [34mUnused type args: [?][0m
  [34mUnused type args: [?][0m
  [34mUnused type args: [?][0m
  [34mUnused type args: [? @ src/main/java/org/apache/commons/collections4/IterableUtils.java:692:44][0m
  [34mUnused type args: [? @ src/main/java/org/apache/commons/collections4/IterableUtils.java:693:33][0m
  [34mUnused type args: [?][0m
  [34mUnused type args: [?][0m
  [34mUnused type args: [?][0m
  [34mUnused type args: [?][0m
  [34mUnused type args: [E][0m
  [34mUnused type args: [?][0m
  [34mUnused type args: [?][0m
  [34mUnused type args: [?][0m
  [34mUnused type args: [?][0m
  [34mUnused type args: [?][0m
  [34mUnused type args: [?][0m
  [34mIgnoring implicit executable reference: (CtExecutableReferenceImpl) <init>[0m
  [34mUnused type args: [?][0m
  [34mUnused type args: [?][0m
  [34mUnused type args: [?][0m
  [34mIgnoring implicit executable reference: (CtExecutableReferenceImpl) <init>[0m
  [34mUnused type args: [T @ src/main/java/org/apache/commons/collections4/functors/InstantiateTransformer.java:76:47][0m
  [34mIgnoring implicit executable reference: (CtExecutableReferenceImpl) <init>[0m
  [34mUnused type args: [T @ src/main/java/org/apache/commons/collections4/functors/InstantiateTransformer.java:78:43][0m
  [34mUnused type args: [?][0m
  [34mUnused type args: [?][0m
  [34mIgnoring implicit executable reference: (CtExecutableReferenceImpl) <init>[0m
  [34mIgnoring implicit executable reference: (CtExecutableReferenceImpl) <init>[0m
  [34mUnused type args: [E][0m
  [34mUnused type args: [E @ src/main/java/org/apache/commons/collections4/list/UnmodifiableList.java:72:21][0m
  [34mUnused type args: [?][0m
  [34mUnused type args: [T][0m
  [34mUnused type args: [T][0m
  [34mUnused type args: [?, ?][0m
  [34mUnused type args: [?][0m
  [34mUnused type args: [?, ?][0m
  [34mUnused type args: [?][0m
  [34mIgnoring implicit executable reference: (CtExecutableReferenceImpl) <init>[0m
  [34mUnused type args: [E][0m
  [34mUnused type args: [E][0m
  [34mUnused type args: [?][0m
  [34mUnused type args: [E][0m
  [34mIgnoring anonymous type: (CtTypeReferenceImpl) org.apache.commons.collections4.IterableUtils$7[0m
  [34mIgnoring implicit executable reference: (CtExecutableReferenceImpl) <init>[0m
  [34mIgnoring anonymous type: (CtTypeReferenceImpl) org.apache.commons.collections4.IterableUtils$7[0m
  [34mUnused type args: [E @ src/main/java/org/apache/commons/collections4/IterableUtils.java:324:35][0m
  [34mIgnoring anonymous object declaration: (CtClassImpl) 7 @ src/main/java/org/apache/commons/collections4/IterableUtils.java:324:40[0m
  [34mUnused type args: [E][0m
  [34mIgnoring implicit executable reference: (CtExecutableReferenceImpl) <init>[0m
  [34mIgnoring implicit executable reference: (CtExecutableReferenceImpl) <init>[0m
  [34mIgnoring method of an anonymous declaring type: (CtMethodImpl) iterator @ src/main/java/org/apache/commons/collections4/IterableUtils.java:326:32 in (CtClassImpl) 7 @ src/main/java/org/apache/commons/collections4/IterableUtils.java:324:40[0m
  [34mUnused type args: [E @ src/main/java/org/apache/commons/collections4/IterableUtils.java:326:29][0m
  [34mIgnoring anonymous type: (CtTypeReferenceImpl) org.apache.commons.collections4.IterableUtils$7$1[0m
  [34mIgnoring implicit executable reference: (CtExecutableReferenceImpl) <init>[0m
  [34mIgnoring anonymous type: (CtTypeReferenceImpl) org.apache.commons.collections4.IterableUtils$7$1[0m
  [34mIgnoring anonymous type: (CtTypeReferenceImpl) org.apache.commons.collections4.IterableUtils$7[0m
  [34mUnused type args: [E @ src/main/java/org/apache/commons/collections4/IterableUtils.java:327:46][0m
  [34mskipping default constructor: org.apache.commons.collections4.iterators.LazyIteratorChain()[0m
  [34mIgnoring anonymous object declaration: (CtClassImpl) 1 @ src/main/java/org/apache/commons/collections4/IterableUtils.java:327:51[0m
  [34mUnused type args: [E][0m
  [34mIgnoring implicit executable reference: (CtExecutableReferenceImpl) <init>[0m
  [34mIgnoring implicit executable reference: (CtExecutableReferenceImpl) <init>[0m
  [34mIgnoring method of an anonymous declaring type: (CtMethodImpl) nextIterator @ src/main/java/org/apache/commons/collections4/IterableUtils.java:329:53 in (CtClassImpl) 1 @ src/main/java/org/apache/commons/collections4/IterableUtils.java:327:51[0m
  [34mUnused type args: [? @ src/main/java/org/apache/commons/collections4/IterableUtils.java:329:40][0m
  [34mUnused type args: [?][0m
  [34mUnused type args: [E][0m
  [34mUnused type args: [E][0m
  [34mUnused type args: [E][0m
  [34mUnused type args: [E][0m
  [34mUnused type args: [E][0m
  [34mUnused type args: [?][0m
  [34mUnused type args: [T][0m
  [34mUnused type args: [T][0m
  [34mUnused type args: [?][0m
  [34mUnused type args: [?][0m
  [34mUnused type args: [E][0m
  [34mUnused type args: [E][0m
  [34mUnused type args: [?][0m
  [34mUnused type args: [E][0m
  [34mUnused type args: [E][0m
  [34mUnused type args: [E][0m
  [34mUnused type args: [E][0m
  [34mUnused type args: [?][0m
  [34mUnused type args: [?][0m
  [34mIgnoring implicit executable reference: (CtExecutableReferenceImpl) <init>[0m
  [34mIgnoring implicit executable reference: (CtExecutableReferenceImpl) <init>[0m
  [34mUnused type args: [T @ src/main/java/org/apache/commons/collections4/functors/PredicateTransformer.java:51:41][0m
  [34mUnused type args: [?][0m
  [34mUnused type args: [?][0m
  [34mIgnoring implicit executable reference: (CtExecutableReferenceImpl) <init>[0m
  [34mIgnoring implicit executable reference: (CtExecutableReferenceImpl) <init>[0m
  [34mUnused type args: [I, O][0m
  [34mUnused type args: [?][0m
  [34mUnused type args: [I, O][0m
  [34mUnused type args: [?][0m
  [34mUnused type args: [?][0m
  [34mUnused type args: [?][0m
  [34mUnused type args: [?][0m
  [34mUnused type args: [?][0m
  [34mUnused type args: [I, O][0m
  [34mIgnoring implicit executable reference: (CtExecutableReferenceImpl) <init>[0m
  [34mIgnoring implicit executable reference: (CtExecutableReferenceImpl) <init>[0m
  [34mUnused type args: [?][0m
  [34mIgnoring implicit executable reference: (CtExecutableReferenceImpl) <init>[0m
  [34mUnused type args: [E][0m
  [34mUnused type args: [?][0m
  [34mUnused type args: [E][0m
  [34mUnused type args: [?][0m
  [34mUnused type args: [E][0m
  [34mUnused type args: [java.lang.Integer, E][0m
  [34mUnused type args: [E][0m
  [34mUnused type args: [java.lang.Integer, E][0m
  [34mIgnoring implicit executable reference: (CtExecutableReferenceImpl) <init>[0m
  [34mUnused type args: [java.lang.Integer @ src/main/java/org/apache/commons/collections4/iterators/PermutationIterator.java:85:33, E @ src/main/java/org/apache/commons/collections4/iterators/PermutationIterator.java:85:42][0m
  [34mUnused type args: [?][0m
  [34mUnused type args: [E][0m
  [34mUnused type args: [java.lang.Integer, E][0m
  [34mUnused type args: [E][0m
  [34mUnused type args: [E][0m
  [34mUnused type args: [E][0m
  [34mUnused type args: [E][0m
  [34mIgnoring implicit executable reference: (CtExecutableReferenceImpl) <init>[0m
  [34mUnused type args: [E @ src/main/java/org/apache/commons/collections4/iterators/PermutationIterator.java:91:41][0m
  [34mUnused type args: [?][0m
  [34mUnused type args: [?][0m
  [34mUnused type args: [I, O][0m
  [34mUnused type args: [?, ?][0m
  [34mIgnoring implicit executable reference: (CtExecutableReferenceImpl) <init>[0m
  [34mIgnoring implicit executable reference: (CtExecutableReferenceImpl) <init>[0m
  [34mUnused type args: [?][0m
  [34mUnused type args: [?, ?][0m
  [34mUnused type args: [?, ?][0m
  [34mUnused type args: [?][0m
  [34mUnused type args: [?, ?][0m
  [34mUnused type args: [?, ?][0m
  [34mUnused type args: [E][0m
  [34mUnused type args: [E][0m
  [34mIgnoring implicit executable reference: (CtExecutableReferenceImpl) <init>[0m
  [34mIgnoring implicit executable reference: (CtExecutableReferenceImpl) <init>[0m
  [34mUnused type args: [?][0m
  [34mUnused type args: [I, O][0m
  [34mUnused type args: [?][0m
  [34mUnused type args: [?][0m
  [34mUnused type args: [I][0m
  [34mUnused type args: [I][0m
  [34mUnused type args: [?][0m
  [34mUnused type args: [?][0m
  [34mUnused type args: [?][0m
  [34mUnused type args: [?, ?][0m
  [34mUnused type args: [I, O][0m
  [34mUnused type args: [?, ?][0m
  [34mUnused type args: [?, ?][0m
  [34mUnused type args: [I, O][0m
  [34mUnused type args: [I, O][0m
  [34mUnused type args: [?, ?][0m
  [34mUnused type args: [?, ?][0m
  [34mUnused type args: [?, ?][0m
  [34mUnused type args: [?, ?][0m
  [34mUnused type args: [I, O][0m
  [34mUnused type args: [?, ?][0m
  [34mUnused type args: [?, ?][0m
  [34mUnused type args: [?, ?][0m
  [34mUnused type args: [I @ src/main/java/org/apache/commons/collections4/functors/SwitchTransformer.java:136:38, O @ src/main/java/org/apache/commons/collections4/functors/SwitchTransformer.java:136:41][0m
  [34mUnused type args: [I, O][0m
  [34mUnused type args: [?, ?][0m
  [34mUnused type args: [? @ src/main/java/org/apache/commons/collections4/functors/SwitchTransformer.java:135:33, ? @ src/main/java/org/apache/commons/collections4/functors/SwitchTransformer.java:135:44][0m
  [34mIgnoring implicit executable reference: (CtExecutableReferenceImpl) <init>[0m
  [34mIgnoring implicit executable reference: (CtExecutableReferenceImpl) <init>[0m
  [34mUnused type args: [E][0m
  [34mUnused type args: [E][0m
  [34mUnused type args: [E][0m
  [34mUnused type args: [E][0m
  [34mUnused type args: [?][0m
  [34mUnused type args: [I][0m
  [34mUnused type args: [?, ?][0m
  [34mIgnoring implicit executable reference: (CtExecutableReferenceImpl) <init>[0m
  [34mIgnoring anonymous type: (CtTypeReferenceImpl) org.apache.commons.collections4.IterableUtils$10[0m
  [34mIgnoring implicit executable reference: (CtExecutableReferenceImpl) <init>[0m
  [34mIgnoring anonymous type: (CtTypeReferenceImpl) org.apache.commons.collections4.IterableUtils$10[0m
  [34mUnused type args: [O @ src/main/java/org/apache/commons/collections4/IterableUtils.java:426:35][0m
  [34mIgnoring anonymous object declaration: (CtClassImpl) 10 @ src/main/java/org/apache/commons/collections4/IterableUtils.java:426:40[0m
  [34mUnused type args: [O][0m
  [34mIgnoring implicit executable reference: (CtExecutableReferenceImpl) <init>[0m
  [34mIgnoring implicit executable reference: (CtExecutableReferenceImpl) <init>[0m
  [34mIgnoring method of an anonymous declaring type: (CtMethodImpl) iterator @ src/main/java/org/apache/commons/collections4/IterableUtils.java:428:32 in (CtClassImpl) 10 @ src/main/java/org/apache/commons/collections4/IterableUtils.java:426:40[0m
  [34mUnused type args: [O @ src/main/java/org/apache/commons/collections4/IterableUtils.java:428:29][0m
  [34mUnused type args: [I, O][0m
  [34mUnused type args: [O][0m
  [34mUnused type args: [?][0m
  [34mUnused type args: [?, ?][0m
  [34mUnused type args: [I][0m
  [34mUnused type args: [I][0m
  [34mUnused type args: [?, ?][0m
  [34mUnused type args: [T][0m
  [34mUnused type args: [T][0m
  [34mUnused type args: [?][0m
  [34mIgnoring implicit executable reference: (CtExecutableReferenceImpl) <init>[0m
  [34mIgnoring implicit executable reference: (CtExecutableReferenceImpl) <init>[0m
  [34mUnused type args: [I @ src/main/java/org/apache/commons/collections4/functors/FactoryTransformer.java:51:39, O @ src/main/java/org/apache/commons/collections4/functors/FactoryTransformer.java:51:42][0m
  [34mUnused type args: [?][0m
  [34mUnused type args: [?][0m
  [34mUnused type args: [?][0m
  [34mUnused type args: [E][0m
  [34mUnused type args: [E][0m
  [34mUnused type args: [? @ src/main/java/org/apache/commons/collections4/IterableUtils.java:474:54][0m
  [34mUnused type args: [E][0m
  [34mIgnoring implicit executable reference: (CtExecutableReferenceImpl) <init>[0m
  [34mUnused type args: [E @ src/main/java/org/apache/commons/collections4/IterableUtils.java:477:41][0m
  [34mUnused type args: [E][0m
  [34mUnused type args: [E][0m
  [34mIgnoring implicit executable reference: (CtExecutableReferenceImpl) <init>[0m
  [34mIgnoring implicit executable reference: (CtExecutableReferenceImpl) <init>[0m
  [34mUnused type args: [E][0m
  [34mUnused type args: [E][0m
  [34mUnused type args: [?, ?][0m
  [34mIgnoring implicit executable reference: (CtExecutableReferenceImpl) <init>[0m
  [34mUnused type args: [?, ?][0m
  [34mUnused type args: [E][0m
  [34mUnused type args: [E][0m
  [34mUnused type args: [?, ?][0m
  [34mUnused type args: [?, ?][0m
  [34mIgnoring implicit executable reference: (CtExecutableReferenceImpl) <init>[0m
  [34mIgnoring implicit executable reference: (CtExecutableReferenceImpl) <init>[0m
  [34mIgnoring implicit executable reference: (CtExecutableReferenceImpl) <init>[0m
  [34mUnused type args: [E][0m
  [34mUnused type args: [E][0m
  [34mUnused type args: [E][0m
  [34mUnused type args: [E][0m
  [34mUnused type args: [E @ src/main/java/org/apache/commons/collections4/IterableUtils.java:1083:72][0m
  [34mUnused type args: [E][0m
  [34mUnused type args: [?, ?][0m
  [34mUnused type args: [?, ?][0m
  [34mUnused type args: [?, ?][0m
  [34mUnused type args: [?, ?][0m
  [34mUnused type args: [T @ src/main/java/org/apache/commons/collections4/functors/ChainedTransformer.java:53:36][0m
  [34mUnused type args: [T, T][0m
  [34mIgnoring implicit executable reference: (CtExecutableReferenceImpl) <init>[0m
  [34mUnused type args: [T @ src/main/java/org/apache/commons/collections4/functors/ChainedTransformer.java:55:39][0m
  [34mUnused type args: [?, ?][0m
  [34mUnused type args: [?, ?][0m
  [34mUnused type args: [?][0m
  [34mUnused type args: [E][0m
  [34mIgnoring anonymous type: (CtTypeReferenceImpl) org.apache.commons.collections4.IterableUtils$11[0m
  [34mIgnoring implicit executable reference: (CtExecutableReferenceImpl) <init>[0m
  [34mIgnoring anonymous type: (CtTypeReferenceImpl) org.apache.commons.collections4.IterableUtils$11[0m
  [34mUnused type args: [E @ src/main/java/org/apache/commons/collections4/IterableUtils.java:451:35][0m
  [34mIgnoring anonymous object declaration: (CtClassImpl) 11 @ src/main/java/org/apache/commons/collections4/IterableUtils.java:451:40[0m
  [34mUnused type args: [E][0m
  [34mIgnoring implicit executable reference: (CtExecutableReferenceImpl) <init>[0m
  [34mIgnoring implicit executable reference: (CtExecutableReferenceImpl) <init>[0m
  [34mIgnoring method of an anonymous declaring type: (CtMethodImpl) iterator @ src/main/java/org/apache/commons/collections4/IterableUtils.java:453:32 in (CtClassImpl) 11 @ src/main/java/org/apache/commons/collections4/IterableUtils.java:451:40[0m
  [34mUnused type args: [E @ src/main/java/org/apache/commons/collections4/IterableUtils.java:453:29][0m
  [34mIgnoring implicit executable reference: (CtExecutableReferenceImpl) <init>[0m
  [34mUnused type args: [E @ src/main/java/org/apache/commons/collections4/IterableUtils.java:454:49][0m
  [34mUnused type args: [?][0m
  [34mUnused type args: [E][0m
  [34mUnused type args: [E][0m
  [34mUnused type args: [I, O][0m
  [34mUnused type args: [?][0m
  [34mUnused type args: [T][0m
  [34mUnused type args: [?][0m
  [34mUnused type args: [T @ src/main/java/org/apache/commons/collections4/functors/NOPTransformer.java:47:29, T @ src/main/java/org/apache/commons/collections4/functors/NOPTransformer.java:47:32][0m
  [34mUnused type args: [E @ src/main/java/org/apache/commons/collections4/collection/TransformedCollection.java:84:37][0m
  [34mIgnoring implicit executable reference: (CtExecutableReferenceImpl) <init>[0m
  [34mUnused type args: [E @ src/main/java/org/apache/commons/collections4/collection/TransformedCollection.java:84:78][0m
  [34mUnused type args: [E][0m
  [34mUnused type args: [?, ?][0m
  [34mUnused type args: [E][0m
  [34mUnused type args: [?, ?][0m
  [34mUnused type args: [E][0m
  [34mUnused type args: [E][0m
  [34mUnused type args: [E][0m
  [34mUnused type args: [E][0m
  [34mUnused type args: [E][0m
  [34mUnused type args: [?, ?][0m
  [34mUnused type args: [E][0m
  [34mIgnoring implicit executable reference: (CtExecutableReferenceImpl) <init>[0m
  [34mUnused type args: [java.lang.String @ src/main/java/org/apache/commons/collections4/EnumerationUtils.java:91:20][0m
  [34mIgnoring implicit executable reference: (CtExecutableReferenceImpl) <init>[0m
  [34mUnused type args: [java.lang.String @ src/main/java/org/apache/commons/collections4/EnumerationUtils.java:91:51][0m
  [34mUnused type args: [java.lang.String][0m
  [34mUnused type args: [java.lang.String][0m
  [34mUnused type args: [?][0m
  [34mUnused type args: [? @ src/main/java/org/apache/commons/collections4/IterableUtils.java:790:44][0m
  [34mUnused type args: [? @ src/main/java/org/apache/commons/collections4/IterableUtils.java:791:33][0m
  [34mUnused type args: [?][0m
  [34mUnused type args: [?][0m
  [34mUnused type args: [?][0m
  [34mUnused type args: [?][0m
  [34mUnused type args: [E][0m
  [34mUnused type args: [?][0m
  getting parent type for (CtClassImpl) PrototypeCloneFactory @ src/main/java/org/apache/commons/collections4/functors/PrototypeFactory.java:100:18
  getting parent type for (CtClassImpl) PrototypeSerializationFactory @ src/main/java/org/apache/commons/collections4/functors/PrototypeFactory.java:155:18
  [34mUnused type args: [T][0m
  [34mUnused type args: [T][0m
  [34mUnused type args: [T][0m
  [34mUnused type args: [T][0m
  [34mUnused type args: [?][0m
  [34mUnused type args: [?][0m
  [34mUnused type args: [?][0m
  [34mIgnoring implicit executable reference: (CtExecutableReferenceImpl) <init>[0m
  [34mUnused type args: [?, ?][0m
  [34mIgnoring implicit executable reference: (CtExecutableReferenceImpl) <init>[0m
  [34mIgnoring implicit executable reference: (CtExecutableReferenceImpl) <init>[0m
  [34mUnused type args: [T @ src/main/java/org/apache/commons/collections4/functors/IfTransformer.java:93:34, T @ src/main/java/org/apache/commons/collections4/functors/IfTransformer.java:93:37][0m
  [34mUnused type args: [?][0m
  [34mUnused type args: [?, ?][0m
  [34mUnused type args: [?, ?][0m
  [34mUnused type args: [?][0m
  [34mUnused type args: [?, ?][0m
  [34mUnused type args: [T @ src/main/java/org/apache/commons/collections4/functors/IfTransformer.java:93:84][0m
  [34mUnused type args: [T, T][0m
  [34mIgnoring implicit executable reference: (CtExecutableReferenceImpl) <init>[0m
  [34mIgnoring implicit executable reference: (CtExecutableReferenceImpl) <init>[0m
  [34mUnused type args: [E][0m
  [34mUnused type args: [E][0m
  [34mUnused type args: [? @ src/main/java/org/apache/commons/collections4/functors/ChainedTransformer.java:113:32, ? @ src/main/java/org/apache/commons/collections4/functors/ChainedTransformer.java:113:43][0m
  [34mUnused type args: [T][0m
  [34mUnused type args: [?, ?][0m
  [34mUnused type args: [?, ?][0m
  [34mUnused type args: [T][0m
  [34mUnused type args: [T][0m
  [34mUnused type args: [?, java.lang.Boolean][0m
  [34mUnused type args: [java.lang.Object @ src/main/java/org/apache/commons/collections4/PredicateUtils.java:213:48, java.lang.Boolean @ src/main/java/org/apache/commons/collections4/PredicateUtils.java:213:56][0m
  [34mUnused type args: [java.lang.Object, java.lang.Boolean][0m
  [34mIgnoring implicit executable reference: (CtExecutableReferenceImpl) <init>[0m
  [34mUnused type args: [E][0m
  [34mUnused type args: [?][0m
  [34mUnused type args: [E][0m
  [34mUnused type args: [?][0m
  [34mUnused type args: [? @ src/main/java/org/apache/commons/collections4/comparators/NullComparator.java:175:30][0m
  [34mUnused type args: [? @ src/main/java/org/apache/commons/collections4/comparators/NullComparator.java:175:57][0m
  [34mUnused type args: [E][0m
  [34mUnused type args: [E][0m
  [34mUnused type args: [?][0m
  [34mUnused type args: [?][0m
  [34mUnused type args: [E][0m
  [34mUnused type args: [E][0m
  [34mUnused type args: [?][0m
  [34mUnused type args: [?][0m
  [34mUnused type args: [?][0m
  [34mUnused type args: [?][0m
  [34mUnused type args: [?, java.util.ArrayList][0m
  [34mUnused type args: [E][0m
  [34mUnused type args: [?][0m
  [34mUnused type args: [?][0m
  [34mUnused type args: [?][0m
  [34mUnused type args: [E][0m
  [34mUnused type args: [?][0m
  [34mUnused type args: [?][0m
  [34mIgnoring implicit executable reference: (CtExecutableReferenceImpl) <init>[0m
  [34mUnused type args: [E @ src/main/java/org/apache/commons/collections4/ListUtils.java:185:81][0m
  [34mUnused type args: [?][0m
  [34mIgnoring implicit executable reference: (CtExecutableReferenceImpl) <init>[0m
  [34mIgnoring implicit executable reference: (CtExecutableReferenceImpl) <init>[0m
  [34mUnused type args: [?][0m
  [34mUnused type args: [E][0m
  [34mUnused type args: [E][0m
  [34mUnused type args: [?][0m
  [34mUnused type args: [?][0m
  [34mUnused type args: [?][0m
  [34mUnused type args: [?][0m
  [34mUnused type args: [E][0m
  [34mUnused type args: [E][0m
  [34mUnused type args: [?][0m
  [34mUnused type args: [?][0m
  [34mUnused type args: [?, ?][0m
  [34mUnused type args: [?, ?][0m
  [34mUnused type args: [?][0m
  [34mUnused type args: [?][0m
  [34mUnused type args: [?, ?][0m
  [34mUnused type args: [?, ?][0m
  [34mIgnoring implicit executable reference: (CtExecutableReferenceImpl) <init>[0m
  [34mUnused type args: [?][0m
  [34mUnused type args: [?][0m
  [34mUnused type args: [?, ?][0m
  [34mUnused type args: [?, ?][0m
  [34mUnused type args: [I @ src/main/java/org/apache/commons/collections4/functors/SwitchTransformer.java:66:91, O @ src/main/java/org/apache/commons/collections4/functors/SwitchTransformer.java:66:94][0m
  [34mUnused type args: [I, O][0m
  [34mUnused type args: [?, ?][0m
  [34mUnused type args: [I @ src/main/java/org/apache/commons/collections4/functors/SwitchTransformer.java:66:33, O @ src/main/java/org/apache/commons/collections4/functors/SwitchTransformer.java:66:36][0m
  [34mIgnoring implicit executable reference: (CtExecutableReferenceImpl) <init>[0m
  [34mUnused type args: [I @ src/main/java/org/apache/commons/collections4/functors/SwitchTransformer.java:69:38, O @ src/main/java/org/apache/commons/collections4/functors/SwitchTransformer.java:69:41][0m
  [34mUnused type args: [?][0m
  [34mUnused type args: [?, ?][0m
  [34mUnused type args: [?, ?][0m
  [34mUnused type args: [?][0m
  [34mUnused type args: [?, ?][0m
  [34mUnused type args: [?, ?][0m
  [34mUnused type args: [E][0m
  [34mUnused type args: [E][0m
  [34mUnused type args: [?][0m
  [34mUnused type args: [E][0m
  [34mUnused type args: [E][0m
  [34mUnused type args: [E][0m
  [34mUnused type args: [?][0m
  [34mIgnoring implicit executable reference: (CtExecutableReferenceImpl) <init>[0m
  [34mUnused type args: [?][0m
  [34mUnused type args: [E][0m
  [34mUnused type args: [?][0m
  [34mUnused type args: [?][0m
  [34mUnused type args: [?][0m
  [34mUnused type args: [?][0m
  [34mUnused type args: [T][0m
  [34mUnused type args: [?][0m
  [34mUnused type args: [E @ src/main/java/org/apache/commons/collections4/ListUtils.java:163:25][0m
  [34mIgnoring implicit executable reference: (CtExecutableReferenceImpl) <init>[0m
  [34mUnused type args: [E @ src/main/java/org/apache/commons/collections4/ListUtils.java:163:51][0m
  [34mUnused type args: [?][0m
  [34mUnused type args: [?][0m
  [34mUnused type args: [E][0m
  [34mUnused type args: [?][0m
  [34mUnused type args: [?][0m
  [34mUnused type args: [E][0m
  [34mIgnoring implicit executable reference: (CtExecutableReferenceImpl) <init>[0m
  [34mUnused type args: [I, O][0m
  [34mUnused type args: [?, ?][0m
  [34mUnused type args: [I @ src/main/java/org/apache/commons/collections4/functors/ExceptionTransformer.java:49:29, O @ src/main/java/org/apache/commons/collections4/functors/ExceptionTransformer.java:49:32][0m
  [34mUnused type args: [E][0m
  [34mUnused type args: [?][0m
  [34mUnused type args: [E][0m
  [34mUnused type args: [?][0m
  [34mUnused type args: [? @ src/main/java/org/apache/commons/collections4/comparators/ReverseComparator.java:118:37][0m
  [34mUnused type args: [? @ src/main/java/org/apache/commons/collections4/comparators/ReverseComparator.java:118:68][0m
  [34mUnused type args: [E][0m
  [34mUnused type args: [?][0m
  [34mUnused type args: [?][0m
  [34mUnused type args: [?][0m
  [34mUnused type args: [?][0m
  [34mUnused type args: [?][0m
  [34mIgnoring implicit executable reference: (CtExecutableReferenceImpl) <init>[0m
  [34mUnused type args: [java.util.List @ src/main/java/org/apache/commons/collections4/IterableUtils.java:830:23][0m
  [34mUnused type args: [O @ src/main/java/org/apache/commons/collections4/IterableUtils.java:830:28][0m
  [34mUnused type args: [java.lang.Object][0m
  [34mUnused type args: [T][0m
  [34mSkipping selection with no field declaration: (CtFieldReferenceImpl) class[0m
  [34mSkipping selection with no field declaration: (CtFieldReferenceImpl) class[0m
  [34mUnused type args: [? @ src/main/java/org/apache/commons/collections4/IterableUtils.java:832:25][0m
  [34mUnused type args: [?][0m
  [34mUnused type args: [O, java.util.List][0m
  [34mUnused type args: [java.util.List][0m
  [34mUnused type args: [O][0m
  [34mUnused type args: [?][0m
  [34mUnused type args: [R][0m
  [34mUnused type args: [?][0m
  [34mUnused type args: [O][0m
  [34mUnused type args: [?][0m
  [34mUnused type args: [java.util.List][0m
  [34mUnused type args: [O][0m
  [34mUnused type args: [?][0m
  [34mIgnoring implicit executable reference: (CtExecutableReferenceImpl) <init>[0m
  [34mIgnoring implicit executable reference: (CtExecutableReferenceImpl) <init>[0m
  [34mUnused type args: [?][0m
  [34mUnused type args: [I @ src/main/java/org/apache/commons/collections4/functors/ConstantTransformer.java:54:29, O @ src/main/java/org/apache/commons/collections4/functors/ConstantTransformer.java:54:32][0m
  [34mUnused type args: [?, java.lang.String][0m
  [34mIgnoring implicit executable reference: (CtExecutableReferenceImpl) <init>[0m
  [34mUnused type args: [E][0m
  [34mUnused type args: [E][0m
  [34mUnused type args: [?, java.lang.String][0m
  [34mUnused type args: [E][0m
  [34mUnused type args: [E][0m
  [34mUnused type args: [E][0m
  [34mUnused type args: [E][0m
  [34mUnused type args: [?, java.lang.String][0m
  [34mIgnoring implicit executable reference: (CtExecutableReferenceImpl) <init>[0m
  [34mIgnoring implicit executable reference: (CtExecutableReferenceImpl) <init>[0m
  [34mUnused type args: [E][0m
  [34mUnused type args: [E][0m
  [34mUnused type args: [?][0m
  [34mUnused type args: [?][0m
  [34mUnused type args: [?][0m
  [34mUnused type args: [?][0m
  [34mUnused type args: [?][0m
  [34mUnused type args: [?][0m
  [34mUnused type args: [? @ src/main/java/org/apache/commons/collections4/ListUtils.java:245:24][0m
  [34mUnused type args: [?][0m
  [34mUnused type args: [?][0m
  [34mUnused type args: [? @ src/main/java/org/apache/commons/collections4/ListUtils.java:246:24][0m
  [34mUnused type args: [?][0m
  [34mUnused type args: [?][0m
  [34mUnused type args: [?][0m
  [34mUnused type args: [?][0m
  [34mUnused type args: [?][0m
  [34mUnused type args: [?][0m
  [34mUnused type args: [?][0m
  [34mUnused type args: [?][0m
  [34mUnused type args: [T][0m
  [34mUnused type args: [T][0m
  [34mUnused type args: [java.lang.Object, java.lang.String][0m
  [34mUnused type args: [E @ src/main/java/org/apache/commons/collections4/ListUtils.java:346:20][0m
  [34mIgnoring implicit executable reference: (CtExecutableReferenceImpl) <init>[0m
  [34mUnused type args: [E @ src/main/java/org/apache/commons/collections4/ListUtils.java:346:44][0m
  [34mUnused type args: [E][0m
  [34mUnused type args: [?][0m
  [34mUnused type args: [E][0m
  [34mUnused type args: [E][0m
  [34mUnused type args: [E][0m
  [34mUnused type args: [E][0m
  [34mUnused type args: [?][0m
  [34mUnused type args: [E][0m
  [34mUnused type args: [E][0m
  [34mUnused type args: [E][0m
  [34mUnused type args: [E][0m
  [34mUnused type args: [?][0m
  [34mUnused type args: [E][0m
  [34mUnused type args: [E][0m
  [34mIgnoring implicit executable reference: (CtExecutableReferenceImpl) <init>[0m
  [34mUnused type args: [?][0m
  [34mIgnoring implicit executable reference: (CtExecutableReferenceImpl) <init>[0m
  Pending package org.apache.commons.collections4.sequence
  getting parent type for (CtClassImpl) Snake @ src/main/java/org/apache/commons/collections4/sequence/SequencesComparator.java:297:26
  [34mUnused type args: [E @ src/main/java/org/apache/commons/collections4/ListUtils.java:548:35][0m
  [34mIgnoring implicit executable reference: (CtExecutableReferenceImpl) <init>[0m
  [34mUnused type args: [E @ src/main/java/org/apache/commons/collections4/ListUtils.java:548:75][0m
  [34mUnused type args: [T][0m
  [34mUnused type args: [T][0m
  [34mUnused type args: [?][0m
  [34mUnused type args: [E][0m
  [34mUnused type args: [E][0m
  [34mUnused type args: [?][0m
  [34mUnused type args: [E @ src/main/java/org/apache/commons/collections4/ListUtils.java:549:26][0m
  [34mUnused type args: [E][0m
  [34mUnused type args: [E][0m
  [34mUnused type args: [E @ src/main/java/org/apache/commons/collections4/ListUtils.java:550:26][0m
  [34mIgnoring implicit executable reference: (CtExecutableReferenceImpl) <init>[0m
  [34mUnused type args: [E @ src/main/java/org/apache/commons/collections4/ListUtils.java:550:54][0m
  [34mUnused type args: [E][0m
  [34mUnused type args: [T][0m
  [34mUnused type args: [E][0m
  [34mUnused type args: [E][0m
  [34mUnused type args: [E][0m
  [34mUnused type args: [?][0m
  [34mIgnoring implicit executable reference: (CtExecutableReferenceImpl) <init>[0m
  [34mIgnoring implicit executable reference: (CtExecutableReferenceImpl) <init>[0m
  [34mUnused type args: [T @ src/main/java/org/apache/commons/collections4/functors/ClosureTransformer.java:51:39][0m
  [34mUnused type args: [?][0m
  [34mUnused type args: [?][0m
  [34mUnused type args: [T][0m
  [34mUnused type args: [T][0m
  [34mUnused type args: [?][0m
  [34mUnused type args: [?][0m
  [34mUnused type args: [?][0m
  [34mUnused type args: [?][0m
  [34mIgnoring implicit executable reference: (CtExecutableReferenceImpl) <init>[0m
  [34mUnused type args: [T @ src/main/java/org/apache/commons/collections4/functors/NullPredicate.java:47:27][0m
  [34mIgnoring implicit executable reference: (CtExecutableReferenceImpl) <init>[0m
  [34mUnused type args: [java.lang.Object][0m
  [34mUnused type args: [?][0m
  [34mUnused type args: [?][0m
  [34mUnused type args: [?][0m
  [34mUnused type args: [?][0m
  [34mIgnoring implicit executable reference: (CtExecutableReferenceImpl) <init>[0m
  [34mIgnoring implicit executable reference: (CtExecutableReferenceImpl) <init>[0m
  [34mUnused type args: [java.util.Comparator][0m
  [34mUnused type args: [E][0m
  [34mIgnoring implicit executable reference: (CtExecutableReferenceImpl) <init>[0m
  [34mUnused type args: [java.util.Comparator @ src/main/java/org/apache/commons/collections4/comparators/ComparatorChain.java:70:28][0m
  [34mUnused type args: [E @ src/main/java/org/apache/commons/collections4/comparators/ComparatorChain.java:70:39][0m
  [34mIgnoring implicit executable reference: (CtExecutableReferenceImpl) <init>[0m
  [34mUnused type args: [I, O][0m
  [34mIgnoring implicit executable reference: (CtExecutableReferenceImpl) <init>[0m
  [34mIgnoring implicit executable reference: (CtExecutableReferenceImpl) <init>[0m
  [34mIgnoring implicit executable reference: (CtExecutableReferenceImpl) <init>[0m
  [34mIgnoring implicit executable reference: (CtExecutableReferenceImpl) <init>[0m
  [34mUnused type args: [?][0m
  [34mUnused type args: [E][0m
  [34mUnused type args: [E][0m
  [34mUnused type args: [?][0m
  [34mUnused type args: [?][0m
  [34mUnused type args: [E][0m
  [34mUnused type args: [E][0m
  [34mUnused type args: [?][0m
  [34mIgnoring implicit executable reference: (CtExecutableReferenceImpl) <init>[0m
  [34mIgnoring implicit executable reference: (CtExecutableReferenceImpl) <init>[0m
  [34mIgnoring implicit executable reference: (CtExecutableReferenceImpl) <init>[0m
  [34mUnused type args: [?, ?][0m
  [34mUnused type args: [T][0m
  [34mUnused type args: [?, ?][0m
  [34mUnused type args: [?, ?][0m
  [34mUnused type args: [T, T][0m
  [34mUnused type args: [T, T][0m
  [34mUnused type args: [?, ?][0m
  [34mUnused type args: [?, ?][0m
  [34mUnused type args: [?, ?][0m
  [34mUnused type args: [E][0m
  [34mIgnoring implicit executable reference: (CtExecutableReferenceImpl) <init>[0m
  [34mUnused type args: [E][0m
  [34mUnused type args: [E][0m
  [34mUnused type args: [E][0m
  [34mUnused type args: [E][0m
  [34mUnused type args: [E][0m
  [34mUnused type args: [E][0m
  [34mUnused type args: [E][0m
  [34mUnused type args: [E][0m
  [34mUnused type args: [E][0m
  [34mUnused type args: [E][0m
  [34mUnused type args: [E][0m
  [34mUnused type args: [E][0m
  [34mUnused type args: [E @ src/main/java/org/apache/commons/collections4/iterators/PermutationIterator.java:127:18][0m
  [34mUnused type args: [E][0m
  [34mUnused type args: [E][0m
  [34mUnused type args: [E][0m
  [34mUnused type args: [E][0m
  [34mUnused type args: [E][0m
  [34mUnused type args: [E][0m
  [34mUnused type args: [E][0m
  [34mUnused type args: [E][0m
  [34mUnused type args: [E][0m
  [34mUnused type args: [E][0m
  [34mUnused type args: [E][0m
  [34mUnused type args: [E][0m
  [34mUnused type args: [E][0m
  [34mUnused type args: [E][0m
  [34mUnused type args: [E][0m
  [34mUnused type args: [E @ src/main/java/org/apache/commons/collections4/iterators/PermutationIterator.java:142:20][0m
  [34mIgnoring implicit executable reference: (CtExecutableReferenceImpl) <init>[0m
  [34mUnused type args: [E @ src/main/java/org/apache/commons/collections4/iterators/PermutationIterator.java:142:45][0m
  [34mUnused type args: [E][0m
  [34mUnused type args: [E][0m
  [34mUnused type args: [E][0m
  [34mUnused type args: [E][0m
  [34mUnused type args: [E][0m
  [34mUnused type args: [E][0m
  [34mUnused type args: [E][0m
  [34mUnused type args: [java.lang.Integer, E][0m
  [34mUnused type args: [E][0m
  [34mUnused type args: [E @ src/main/java/org/apache/commons/collections4/iterators/PermutationIterator.java:149:20][0m
  [34mUnused type args: [E][0m
  [34mUnused type args: [E][0m
  [34mUnused type args: [E][0m
  [34mUnused type args: [E][0m
  [34mUnused type args: [E][0m
  [34mUnused type args: [E][0m
  [34mUnused type args: [E][0m
  [34mUnused type args: [?][0m
  [34mUnused type args: [?][0m
  [34mIgnoring anonymous type: (CtTypeReferenceImpl) org.apache.commons.collections4.IterableUtils$2[0m
  [34mIgnoring implicit executable reference: (CtExecutableReferenceImpl) <init>[0m
  [34mIgnoring anonymous type: (CtTypeReferenceImpl) org.apache.commons.collections4.IterableUtils$2[0m
  [34mUnused type args: [E @ src/main/java/org/apache/commons/collections4/IterableUtils.java:171:35][0m
  [34mIgnoring anonymous object declaration: (CtClassImpl) 2 @ src/main/java/org/apache/commons/collections4/IterableUtils.java:171:40[0m
  [34mUnused type args: [E][0m
  [34mIgnoring implicit executable reference: (CtExecutableReferenceImpl) <init>[0m
  [34mIgnoring implicit executable reference: (CtExecutableReferenceImpl) <init>[0m
  [34mIgnoring method of an anonymous declaring type: (CtMethodImpl) iterator @ src/main/java/org/apache/commons/collections4/IterableUtils.java:173:32 in (CtClassImpl) 2 @ src/main/java/org/apache/commons/collections4/IterableUtils.java:171:40[0m
  [34mUnused type args: [E @ src/main/java/org/apache/commons/collections4/IterableUtils.java:173:29][0m
  [34mIgnoring anonymous type: (CtTypeReferenceImpl) org.apache.commons.collections4.IterableUtils$2$1[0m
  [34mIgnoring implicit executable reference: (CtExecutableReferenceImpl) <init>[0m
  [34mIgnoring anonymous type: (CtTypeReferenceImpl) org.apache.commons.collections4.IterableUtils$2$1[0m
  [34mIgnoring anonymous type: (CtTypeReferenceImpl) org.apache.commons.collections4.IterableUtils$2[0m
  [34mUnused type args: [E @ src/main/java/org/apache/commons/collections4/IterableUtils.java:174:46][0m
  [34mIgnoring anonymous object declaration: (CtClassImpl) 1 @ src/main/java/org/apache/commons/collections4/IterableUtils.java:174:51[0m
  [34mUnused type args: [E][0m
  [34mIgnoring implicit executable reference: (CtExecutableReferenceImpl) <init>[0m
  [34mIgnoring implicit executable reference: (CtExecutableReferenceImpl) <init>[0m
  [34mIgnoring method of an anonymous declaring type: (CtMethodImpl) nextIterator @ src/main/java/org/apache/commons/collections4/IterableUtils.java:176:53 in (CtClassImpl) 1 @ src/main/java/org/apache/commons/collections4/IterableUtils.java:174:51[0m
  [34mUnused type args: [? @ src/main/java/org/apache/commons/collections4/IterableUtils.java:176:40][0m
  [34mUnused type args: [?][0m
  [34mUnused type args: [?][0m
  [34mUnused type args: [?][0m
  [34mUnused type args: [?][0m
  [34mUnused type args: [?][0m
  [34mUnused type args: [E][0m
  [34mUnused type args: [E][0m
  [34mUnused type args: [E][0m
  [34mUnused type args: [E][0m
  [34mUnused type args: [E][0m
  [34mIgnoring implicit executable reference: (CtExecutableReferenceImpl) <init>[0m
  [34mUnused type args: [T @ src/main/java/org/apache/commons/collections4/functors/StringValueTransformer.java:47:29, java.lang.String @ src/main/java/org/apache/commons/collections4/functors/StringValueTransformer.java:47:32][0m
  [34mUnused type args: [java.lang.Object, java.lang.String][0m
  [34mUnused type args: [?][0m
  [34mIgnoring implicit executable reference: (CtExecutableReferenceImpl) <init>[0m
  [34mUnused type args: [?][0m
  [34mUnused type args: [E][0m
  [34mUnused type args: [E][0m
  [34mUnused type args: [E][0m
  [34mUnused type args: [?][0m
  [34mUnused type args: [E][0m
  [34mUnused type args: [E][0m
  [34mUnused type args: [E][0m
  [34mUnused type args: [E][0m
  [34mUnused type args: [?][0m
  [34mUnused type args: [I @ src/main/java/org/apache/commons/collections4/functors/SwitchTransformer.java:177:30][0m
  [34mUnused type args: [I][0m
  [34mUnused type args: [?][0m
  [34mUnused type args: [I, O][0m
  [34mUnused type args: [?][0m
  [34mUnused type args: [T][0m
  [34mUnused type args: [T][0m
  [34mUnused type args: [?][0m
  [34mUnused type args: [?][0m
  [34mUnused type args: [E @ src/main/java/org/apache/commons/collections4/collection/TransformedCollection.java:137:20][0m
  [34mIgnoring implicit executable reference: (CtExecutableReferenceImpl) <init>[0m
  [34mUnused type args: [E @ src/main/java/org/apache/commons/collections4/collection/TransformedCollection.java:137:44][0m
  [34mUnused type args: [?][0m
  [34mUnused type args: [?][0m
  [34mUnused type args: [E][0m
  [34mUnused type args: [E][0m
  [34mUnused type args: [E][0m
  [34mUnused type args: [E][0m
  [34mUnused type args: [E][0m
  [34mUnused type args: [E][0m
  [34mUnused type args: [?][0m
  [34mIgnoring implicit executable reference: (CtExecutableReferenceImpl) <init>[0m
  [34mUnused type args: [I, O][0m
  [34mUnused type args: [O][0m
  [34mUnused type args: [I, O][0m
  [34mUnused type args: [O][0m
  [34mUnused type args: [I, O][0m
  [34mUnused type args: [?, ?][0m
  [34mUnused type args: [I, O][0m
  [34mUnused type args: [?, ?][0m
  [34mUnused type args: [T][0m
  [34mUnused type args: [T][0m
  [34mUnused type args: [E][0m
  [34mUnused type args: [E][0m
  [34mUnused type args: [E][0m
  [34mUnused type args: [E][0m
  [34mUnused type args: [E][0m
  [34mUnused type args: [?][0m
  [34mUnused type args: [E][0m
  [34mUnused type args: [E][0m
  [34mUnused type args: [?][0m
  [34mUnused type args: [?][0m
  [34mUnused type args: [?][0m
  [34mUnused type args: [?][0m
  [34mUnused type args: [E][0m
  [34mUnused type args: [E][0m
  [34mUnused type args: [?][0m
  [34mUnused type args: [?][0m
  [34mUnused type args: [?][0m
  [34mUnused type args: [?][0m
  [34mUnused type args: [E][0m
  [34mUnused type args: [E][0m
  [34mUnused type args: [?][0m
  [34mUnused type args: [E][0m
  [34mUnused type args: [E][0m
  [34mUnused type args: [E][0m
  [34mUnused type args: [E][0m
  [34mUnused type args: [?][0m
  [34mIgnoring implicit executable reference: (CtExecutableReferenceImpl) <init>[0m
  [34mIgnoring implicit executable reference: (CtExecutableReferenceImpl) <init>[0m
  [34mUnused type args: [E][0m
  [34mUnused type args: [E][0m
  [34mUnused type args: [E][0m
  [34mIgnoring implicit executable reference: (CtExecutableReferenceImpl) <init>[0m
  [34mIgnoring implicit executable reference: (CtExecutableReferenceImpl) <init>[0m
  [34mUnused type args: [T][0m
  [34mUnused type args: [T][0m
  [34mUnused type args: [T][0m
  [34mUnused type args: [T][0m
  [34mUnused type args: [T][0m
  [34mUnused type args: [T][0m
  [34mUnused type args: [T][0m
  [34mUnused type args: [T][0m
  [34mUnused type args: [T][0m
  [34mUnused type args: [?][0m
  [34mUnused type args: [?][0m
  [34mUnused type args: [T][0m
  [34mUnused type args: [? @ src/main/java/org/apache/commons/collections4/IterableUtils.java:775:38][0m
  [34mUnused type args: [T @ src/main/java/org/apache/commons/collections4/IterableUtils.java:776:27][0m
  [34mUnused type args: [T][0m
  [34mUnused type args: [T][0m
  [34mUnused type args: [E][0m
  [34mUnused type args: [T][0m
  [34mUnused type args: [T][0m
  [34mUnused type args: [E][0m
  [34mUnused type args: [T][0m
  [34mUnused type args: [T][0m
  [34mUnused type args: [T][0m
  [34mUnused type args: [?][0m
  [34mUnused type args: [?][0m
  [34mUnused type args: [T][0m
  [34mUnused type args: [T][0m
  [34mUnused type args: [?][0m
  [34mUnused type args: [E][0m
  [34mIgnoring anonymous type: (CtTypeReferenceImpl) org.apache.commons.collections4.IterableUtils$8[0m
  [34mIgnoring implicit executable reference: (CtExecutableReferenceImpl) <init>[0m
  [34mIgnoring anonymous type: (CtTypeReferenceImpl) org.apache.commons.collections4.IterableUtils$8[0m
  [34mUnused type args: [E @ src/main/java/org/apache/commons/collections4/IterableUtils.java:362:35][0m
  [34mIgnoring anonymous object declaration: (CtClassImpl) 8 @ src/main/java/org/apache/commons/collections4/IterableUtils.java:362:40[0m
  [34mUnused type args: [E][0m
  [34mIgnoring implicit executable reference: (CtExecutableReferenceImpl) <init>[0m
  [34mIgnoring implicit executable reference: (CtExecutableReferenceImpl) <init>[0m
  [34mIgnoring method of an anonymous declaring type: (CtMethodImpl) iterator @ src/main/java/org/apache/commons/collections4/IterableUtils.java:364:32 in (CtClassImpl) 8 @ src/main/java/org/apache/commons/collections4/IterableUtils.java:362:40[0m
  [34mUnused type args: [E @ src/main/java/org/apache/commons/collections4/IterableUtils.java:364:29][0m
  [34mUnused type args: [E @ src/main/java/org/apache/commons/collections4/IterableUtils.java:365:28][0m
  [34mUnused type args: [E][0m
  [34mUnused type args: [E][0m
  [34mUnused type args: [? @ src/main/java/org/apache/commons/collections4/IterableUtils.java:365:64][0m
  [34mUnused type args: [E @ src/main/java/org/apache/commons/collections4/IterableUtils.java:366:31][0m
  [34mUnused type args: [E][0m
  [34mUnused type args: [E][0m
  [34mUnused type args: [E][0m
  [34mUnused type args: [?][0m
  [34mUnused type args: [E][0m
  [34mUnused type args: [E][0m
  [34mIgnoring implicit executable reference: (CtExecutableReferenceImpl) <init>[0m
  [34mUnused type args: [E @ src/main/java/org/apache/commons/collections4/IterableUtils.java:368:48][0m
  [34mUnused type args: [E][0m
  [34mUnused type args: [E][0m
  [34mUnused type args: [E][0m
  [34mUnused type args: [E][0m
  [34mUnused type args: [java.util.Comparator][0m
  [34mUnused type args: [E][0m
  [34mIgnoring implicit executable reference: (CtExecutableReferenceImpl) <init>[0m
  [34mUnused type args: [E][0m
  [34mUnused type args: [E][0m
  [34mUnused type args: [E][0m
  [34mUnused type args: [E][0m
  [34mUnused type args: [E][0m
  [34mUnused type args: [E][0m
  [34mUnused type args: [I, O][0m
  [34mUnused type args: [?][0m
  [34mUnused type args: [I, O][0m
  [34mUnused type args: [?, ?][0m
  [34mUnused type args: [I, O][0m
  [34mUnused type args: [?, ?][0m
  [34mIgnoring implicit executable reference: (CtExecutableReferenceImpl) <init>[0m
  [34mIgnoring implicit executable reference: (CtExecutableReferenceImpl) <init>[0m
  [34mUnused type args: [?, ?][0m
  [34mUnused type args: [?, ?][0m
  [34mUnused type args: [T][0m
  [34mUnused type args: [?][0m
  [34mIgnoring implicit executable reference: (CtExecutableReferenceImpl) <init>[0m
  [34mIgnoring implicit executable reference: (CtExecutableReferenceImpl) <init>[0m
  [34mUnused type args: [E][0m
  [34mUnused type args: [E][0m
  [34mUnused type args: [E][0m
  [34mUnused type args: [E][0m
  [34mUnused type args: [E][0m
  [34mUnused type args: [I, O][0m
  [34mUnused type args: [I, O][0m
  [34mIgnoring implicit executable reference: (CtExecutableReferenceImpl) <init>[0m
  [34mUnused type args: [?][0m
  [34mUnused type args: [?][0m
  [34mUnused type args: [?][0m
  [34mUnused type args: [?][0m
  [34mUnused type args: [?][0m
  [34mIgnoring implicit executable reference: (CtExecutableReferenceImpl) <init>[0m
  [34mUnused type args: [?][0m
  [34mUnused type args: [?][0m
  [34mUnused type args: [?][0m
  [34mIgnoring implicit executable reference: (CtExecutableReferenceImpl) <init>[0m
  [34mUnused type args: [I @ src/main/java/org/apache/commons/collections4/functors/InvokerTransformer.java:85:43, O @ src/main/java/org/apache/commons/collections4/functors/InvokerTransformer.java:85:46][0m
  [34mIgnoring implicit executable reference: (CtExecutableReferenceImpl) <init>[0m
  [34mUnused type args: [I @ src/main/java/org/apache/commons/collections4/functors/InvokerTransformer.java:87:39, O @ src/main/java/org/apache/commons/collections4/functors/InvokerTransformer.java:87:42][0m
  [34mUnused type args: [?][0m
  [34mUnused type args: [?][0m
  [34mIgnoring implicit executable reference: (CtExecutableReferenceImpl) <init>[0m
  [34mIgnoring implicit executable reference: (CtExecutableReferenceImpl) <init>[0m
  [34mUnused type args: [E][0m
  [34mUnused type args: [E][0m
  [34mUnused type args: [E][0m
  [34mUnused type args: [E][0m
  [34mUnused type args: [E][0m
  [34mUnused type args: [E][0m
  [34mUnused type args: [?][0m
  [34mIgnoring implicit executable reference: (CtExecutableReferenceImpl) <init>[0m
  [34mIgnoring implicit executable reference: (CtExecutableReferenceImpl) <init>[0m
  [34mUnused type args: [E @ src/main/java/org/apache/commons/collections4/ListUtils.java:90:20][0m
  [34mIgnoring implicit executable reference: (CtExecutableReferenceImpl) <init>[0m
  [34mUnused type args: [E @ src/main/java/org/apache/commons/collections4/ListUtils.java:90:46][0m
  [34mUnused type args: [? @ src/main/java/org/apache/commons/collections4/ListUtils.java:92:14][0m
  [34mUnused type args: [?][0m
  [34mUnused type args: [? @ src/main/java/org/apache/commons/collections4/ListUtils.java:93:14][0m
  [34mUnused type args: [?][0m
  [34mUnused type args: [?][0m
  [34mUnused type args: [?][0m
  [34mUnused type args: [?][0m
  [34mUnused type args: [?][0m
  [34mUnused type args: [?][0m
  [34mUnused type args: [?][0m
  [34mUnused type args: [?][0m
  [34mUnused type args: [?][0m
  [34mUnused type args: [E @ src/main/java/org/apache/commons/collections4/ListUtils.java:99:23][0m
  [34mIgnoring implicit executable reference: (CtExecutableReferenceImpl) <init>[0m
  [34mUnused type args: [E @ src/main/java/org/apache/commons/collections4/ListUtils.java:99:48][0m
  [34mUnused type args: [?][0m
  [34mUnused type args: [?][0m
  [34mUnused type args: [?][0m
  [34mUnused type args: [E][0m
  [34mUnused type args: [E][0m
  [34mUnused type args: [E][0m
  [34mUnused type args: [E][0m
  [34mUnused type args: [E][0m
  [34mUnused type args: [E][0m
  [34mUnused type args: [?][0m
  [34mUnused type args: [E][0m
  [34mUnused type args: [E][0m
  [34mUnused type args: [E][0m
  [34mUnused type args: [?][0m
  [34mUnused type args: [E][0m
  [34mUnused type args: [?][0m
  [34mIgnoring implicit executable reference: (CtExecutableReferenceImpl) <init>[0m
  [34mIgnoring anonymous type: (CtTypeReferenceImpl) org.apache.commons.collections4.IterableUtils$5[0m
  [34mIgnoring implicit executable reference: (CtExecutableReferenceImpl) <init>[0m
  [34mIgnoring anonymous type: (CtTypeReferenceImpl) org.apache.commons.collections4.IterableUtils$5[0m
  [34mUnused type args: [E @ src/main/java/org/apache/commons/collections4/IterableUtils.java:265:35][0m
  [34mIgnoring anonymous object declaration: (CtClassImpl) 5 @ src/main/java/org/apache/commons/collections4/IterableUtils.java:265:40[0m
  [34mUnused type args: [E][0m
  [34mIgnoring implicit executable reference: (CtExecutableReferenceImpl) <init>[0m
  [34mIgnoring implicit executable reference: (CtExecutableReferenceImpl) <init>[0m
  [34mIgnoring method of an anonymous declaring type: (CtMethodImpl) iterator @ src/main/java/org/apache/commons/collections4/IterableUtils.java:267:32 in (CtClassImpl) 5 @ src/main/java/org/apache/commons/collections4/IterableUtils.java:265:40[0m
  [34mUnused type args: [E @ src/main/java/org/apache/commons/collections4/IterableUtils.java:267:29][0m
  [34mUnused type args: [E][0m
  [34mUnused type args: [E][0m
  [34mUnused type args: [?][0m
  [34mUnused type args: [?][0m
  [34mUnused type args: [E][0m
  [34mUnused type args: [E][0m
  [34mUnused type args: [E][0m
  [34mUnused type args: [E][0m
  [34mUnused type args: [?][0m
  [34mIgnoring implicit executable reference: (CtExecutableReferenceImpl) <init>[0m
  [34mIgnoring implicit executable reference: (CtExecutableReferenceImpl) <init>[0m
  [34mUnused type args: [E][0m
  [34mUnused type args: [E][0m
  [34mUnused type args: [?][0m
  [34mIgnoring implicit executable reference: (CtExecutableReferenceImpl) <init>[0m
  [34mUnused type args: [? @ src/main/java/org/apache/commons/collections4/IterableUtils.java:1069:29][0m
  [34mUnused type args: [?][0m
  [34mUnused type args: [?][0m
  [34mUnused type args: [?][0m
  [34mUnused type args: [?][0m
  [34mUnused type args: [?, ?][0m
  [34mIgnoring implicit executable reference: (CtExecutableReferenceImpl) <init>[0m
  [34mUnused type args: [?][0m
  [34mUnused type args: [?, ?][0m
  [34mUnused type args: [T @ src/main/java/org/apache/commons/collections4/functors/ChainedTransformer.java:76:36][0m
  [34mUnused type args: [T, T][0m
  [34mUnused type args: [T @ src/main/java/org/apache/commons/collections4/functors/ChainedTransformer.java:79:27, T @ src/main/java/org/apache/commons/collections4/functors/ChainedTransformer.java:79:30][0m
  [34mUnused type args: [?][0m
  [34mUnused type args: [?, ?][0m
  [34mUnused type args: [org.apache.commons.collections4.Transformer][0m
  [34mUnused type args: [?][0m
  [34mUnused type args: [?, ?][0m
  [34mUnused type args: [?, ?][0m
  [34mUnused type args: [T, T][0m
  [34mIgnoring implicit executable reference: (CtExecutableReferenceImpl) <init>[0m
  [34mUnused type args: [T @ src/main/java/org/apache/commons/collections4/functors/ChainedTransformer.java:81:39][0m
  [34mUnused type args: [?, ?][0m
  [34mUnused type args: [T, T][0m
  [34mIgnoring implicit executable reference: (CtExecutableReferenceImpl) <init>[0m
  [34mIgnoring implicit executable reference: (CtExecutableReferenceImpl) <init>[0m
  [34mUnused type args: [I, O][0m
  [34mUnused type args: [java.lang.Object][0m
  [34mUnused type args: [?][0m
  [34mUnused type args: [?][0m
  [34mUnused type args: [?][0m
  [34mUnused type args: [?][0m
  [34mUnused type args: [?][0m
  [34mUnused type args: [?][0m
  [34mUnused type args: [E @ src/main/java/org/apache/commons/collections4/collection/UnmodifiableBoundedCollection.java:61:37][0m
  [34mUnused type args: [E @ src/main/java/org/apache/commons/collections4/collection/UnmodifiableBoundedCollection.java:61:69][0m
  [34mUnused type args: [?][0m
  [34mUnused type args: [E][0m
  [34mIgnoring implicit executable reference: (CtExecutableReferenceImpl) <init>[0m
  [34mUnused type args: [E @ src/main/java/org/apache/commons/collections4/collection/UnmodifiableBoundedCollection.java:64:50][0m
  [34mUnused type args: [?][0m
  [34mUnused type args: [?][0m
  [34mUnused type args: [T][0m
  [34mUnused type args: [T][0m
  [34mUnused type args: [? @ src/main/java/org/apache/commons/collections4/functors/NonePredicate.java:95:30][0m
  [34mUnused type args: [T][0m
  [34mUnused type args: [?][0m
  [34mUnused type args: [?][0m
  [34mUnused type args: [E][0m
  [34mUnused type args: [E][0m
  [34mUnused type args: [E][0m
  [34mUnused type args: [T][0m
  [34mUnused type args: [?][0m
  [34mUnused type args: [T][0m
  [34mUnused type args: [T][0m
  [34mUnused type args: [T][0m
  [34mUnused type args: [T][0m
  [34mIgnoring implicit executable reference: (CtExecutableReferenceImpl) <init>[0m
  [34mUnused type args: [?][0m
  [34mIgnoring implicit executable reference: (CtExecutableReferenceImpl) <init>[0m
  [34mIgnoring implicit executable reference: (CtExecutableReferenceImpl) <init>[0m
  [34mUnused type args: [T @ src/main/java/org/apache/commons/collections4/functors/NullIsFalsePredicate.java:49:41][0m
  [34mUnused type args: [?][0m
  [34mUnused type args: [?][0m
  [34mUnused type args: [?][0m
  [34mUnused type args: [?][0m
  [34mIgnoring implicit executable reference: (CtExecutableReferenceImpl) <init>[0m
  [34mIgnoring implicit executable reference: (CtExecutableReferenceImpl) <init>[0m
  [34mUnused type args: [T @ src/main/java/org/apache/commons/collections4/functors/OrPredicate.java:53:32][0m
  [34mUnused type args: [?][0m
  [34mUnused type args: [?][0m
  [34mUnused type args: [?][0m
  [34mUnused type args: [?][0m
  [34mUnused type args: [E][0m
  [34mUnused type args: [E][0m
  [34mUnused type args: [E][0m
  [34mUnused type args: [E][0m
  [34mUnused type args: [E][0m
  [34mUnused type args: [E][0m
  [34mUnused type args: [E][0m
  [34mUnused type args: [E][0m
  [34mUnused type args: [T @ src/main/java/org/apache/commons/collections4/sequence/EditScript.java:106:32][0m
  [34mUnused type args: [T][0m
  [34mUnused type args: [org.apache.commons.collections4.sequence.EditCommand][0m
  [34mUnused type args: [T][0m
  [34mUnused type args: [T][0m
  [34mUnused type args: [T][0m
  [34mUnused type args: [T][0m
  [34mUnused type args: [? @ src/main/java/org/apache/commons/collections4/functors/AnyPredicate.java:77:25][0m
  [34mUnused type args: [T][0m
  [34mUnused type args: [?][0m
  [34mUnused type args: [?][0m
  [34mUnused type args: [?][0m
  [34mUnused type args: [?][0m
  [34mUnused type args: [?][0m
  [34mUnused type args: [?][0m
  [34mUnused type args: [?][0m
  [34mUnused type args: [T @ src/main/java/org/apache/commons/collections4/functors/AnyPredicate.java:79:36][0m
  [34mUnused type args: [T][0m
  [34mUnused type args: [?][0m
  [34mUnused type args: [?][0m
  [34mUnused type args: [?][0m
  [34mUnused type args: [T @ src/main/java/org/apache/commons/collections4/functors/AnyPredicate.java:82:31][0m
  [34mUnused type args: [?][0m
  [34mIgnoring implicit executable reference: (CtExecutableReferenceImpl) <init>[0m
  [34mUnused type args: [T @ src/main/java/org/apache/commons/collections4/functors/AnyPredicate.java:84:33][0m
  [34mUnused type args: [?][0m
  [34mUnused type args: [?][0m
  [34mUnused type args: [E][0m
  [34mUnused type args: [E][0m
  [34mUnused type args: [?][0m
  [34mIgnoring implicit executable reference: (CtExecutableReferenceImpl) <init>[0m
  [34mIgnoring implicit executable reference: (CtExecutableReferenceImpl) <init>[0m
  [34mUnused type args: [T @ src/main/java/org/apache/commons/collections4/functors/NullIsExceptionPredicate.java:50:45][0m
  [34mUnused type args: [?][0m
  [34mUnused type args: [?][0m
  [34mUnused type args: [?][0m
  [34mUnused type args: [?][0m
  [34mUnused type args: [?][0m
  [34mUnused type args: [?][0m
  [34mUnused type args: [T @ src/main/java/org/apache/commons/collections4/functors/OnePredicate.java:55:36][0m
  [34mUnused type args: [T][0m
  [34mUnused type args: [?][0m
  [34mUnused type args: [?][0m
  [34mUnused type args: [?][0m
  [34mUnused type args: [T @ src/main/java/org/apache/commons/collections4/functors/OnePredicate.java:58:31][0m
  [34mUnused type args: [?][0m
  [34mIgnoring implicit executable reference: (CtExecutableReferenceImpl) <init>[0m
  [34mUnused type args: [T @ src/main/java/org/apache/commons/collections4/functors/OnePredicate.java:60:33][0m
  [34mUnused type args: [?][0m
  [34mUnused type args: [T][0m
  [34mUnused type args: [T][0m
  [34mUnused type args: [?][0m
  [34mUnused type args: [?][0m
  [34mUnused type args: [E][0m
  [34mIgnoring implicit executable reference: (CtExecutableReferenceImpl) <init>[0m
  [34mUnused type args: [E][0m
  [34mUnused type args: [E][0m
  [34mUnused type args: [E][0m
  [34mUnused type args: [E][0m
  [34mUnused type args: [E][0m
  [34mUnused type args: [T][0m
  [34mUnused type args: [?][0m
  [34mUnused type args: [T][0m
  [34mUnused type args: [?, java.lang.Boolean][0m
  [34mIgnoring implicit executable reference: (CtExecutableReferenceImpl) <init>[0m
  [34mIgnoring implicit executable reference: (CtExecutableReferenceImpl) <init>[0m
  [34mIgnoring implicit executable reference: (CtExecutableReferenceImpl) <init>[0m
  [34mIgnoring implicit executable reference: (CtExecutableReferenceImpl) <init>[0m
  [34mUnused type args: [?][0m
  [34mUnused type args: [T][0m
  [34mUnused type args: [?][0m
  [34mUnused type args: [?][0m
  [34mUnused type args: [E @ src/main/java/org/apache/commons/collections4/list/TransformedList.java:181:20][0m
  [34mUnused type args: [E][0m
  [34mUnused type args: [E][0m
  [34mUnused type args: [E][0m
  [34mIgnoring implicit executable reference: (CtExecutableReferenceImpl) <init>[0m
  [34mUnused type args: [E @ src/main/java/org/apache/commons/collections4/list/TransformedList.java:182:36][0m
  [34mUnused type args: [E][0m
  [34mUnused type args: [?, ?][0m
  [34mUnused type args: [E][0m
  [34mUnused type args: [E][0m
  [34mUnused type args: [?, ?][0m
  [34mIgnoring implicit executable reference: (CtExecutableReferenceImpl) <init>[0m
  [34mIgnoring implicit executable reference: (CtExecutableReferenceImpl) <init>[0m
  [34mUnused type args: [E][0m
  [34mUnused type args: [?, ?][0m
  [34mUnused type args: [E][0m
  [34mUnused type args: [?, ?][0m
  [34mUnused type args: [E][0m
  [34mUnused type args: [E][0m
  [34mUnused type args: [E][0m
  [34mUnused type args: [T][0m
  [34mUnused type args: [org.apache.commons.collections4.sequence.EditCommand][0m
  [34mUnused type args: [T][0m
  [34mUnused type args: [T][0m
  [34mUnused type args: [T][0m
  [34mUnused type args: [T][0m
  [34mUnused type args: [T][0m
  [34mUnused type args: [T][0m
  [34mUnused type args: [?][0m
  [34mUnused type args: [T][0m
  [34mIgnoring implicit executable reference: (CtExecutableReferenceImpl) <init>[0m
  [34mIgnoring implicit executable reference: (CtExecutableReferenceImpl) <init>[0m
  [34mUnused type args: [?, ?][0m
  [34mUnused type args: [T][0m
  [34mUnused type args: [?, ?][0m
  [34mUnused type args: [?, ?][0m
  [34mUnused type args: [?][0m
  [34mUnused type args: [T][0m
  [34mUnused type args: [?][0m
  [34mUnused type args: [?][0m
  [34mUnused type args: [E][0m
  [34mUnused type args: [E][0m
  [34mUnused type args: [E][0m
  [34mUnused type args: [E][0m
  [34mUnused type args: [E][0m
  [34mUnused type args: [E][0m
  [34mUnused type args: [E][0m
  [34mUnused type args: [E][0m
  [34mUnused type args: [E][0m
  [34mUnused type args: [T][0m
  [34mUnused type args: [E @ src/main/java/org/apache/commons/collections4/list/TransformedList.java:114:22][0m
  [34mUnused type args: [E][0m
  [34mUnused type args: [E][0m
  [34mUnused type args: [T][0m
  [34mUnused type args: [?][0m
  [34mUnused type args: [E @ src/main/java/org/apache/commons/collections4/list/FixedSizeList.java:153:20][0m
  [34mUnused type args: [E][0m
  [34mUnused type args: [E][0m
  [34mUnused type args: [E][0m
  [34mIgnoring implicit executable reference: (CtExecutableReferenceImpl) <init>[0m
  [34mUnused type args: [E @ src/main/java/org/apache/commons/collections4/list/FixedSizeList.java:154:34][0m
  [34mUnused type args: [E][0m
  [34mUnused type args: [E][0m
  [34mIgnoring implicit executable reference: (CtExecutableReferenceImpl) <init>[0m
  [34mIgnoring implicit executable reference: (CtExecutableReferenceImpl) <init>[0m
  [34mUnused type args: [?][0m
  [34mUnused type args: [T][0m
  [34mUnused type args: [?][0m
  [34mUnused type args: [?][0m
  [34mUnused type args: [T @ src/main/java/org/apache/commons/collections4/functors/AbstractQuantifierPredicate.java:54:30][0m
  [34mUnused type args: [T][0m
  [34mUnused type args: [?][0m
  [34mUnused type args: [T][0m
  [34mUnused type args: [?][0m
  [34mIgnoring implicit executable reference: (CtExecutableReferenceImpl) <init>[0m
  [34mIgnoring implicit executable reference: (CtExecutableReferenceImpl) <init>[0m
  [34mUnused type args: [T][0m
  [34mUnused type args: [?][0m
  [34mIgnoring implicit executable reference: (CtExecutableReferenceImpl) <init>[0m
  [34mIgnoring implicit executable reference: (CtExecutableReferenceImpl) <init>[0m
  [34mUnused type args: [?][0m
  [34mUnused type args: [T][0m
  [34mUnused type args: [?][0m
  [34mUnused type args: [?][0m
  [34mUnused type args: [T @ src/main/java/org/apache/commons/collections4/functors/IdentityPredicate.java:47:35][0m
  [34mUnused type args: [T][0m
  [34mIgnoring implicit executable reference: (CtExecutableReferenceImpl) <init>[0m
  [34mUnused type args: [T @ src/main/java/org/apache/commons/collections4/functors/IdentityPredicate.java:49:38][0m
  [34mUnused type args: [E][0m
  [34mIgnoring implicit executable reference: (CtExecutableReferenceImpl) <init>[0m
  [34mUnused type args: [E][0m
  [34mUnused type args: [E][0m
  [34mUnused type args: [?, ?][0m
  [34mIgnoring implicit executable reference: (CtExecutableReferenceImpl) <init>[0m
  [34mUnused type args: [?][0m
  [34mIgnoring implicit executable reference: (CtExecutableReferenceImpl) <init>[0m
  [34mIgnoring implicit executable reference: (CtExecutableReferenceImpl) <init>[0m
  [34mUnused type args: [T @ src/main/java/org/apache/commons/collections4/functors/TransformedPredicate.java:59:41][0m
  [34mUnused type args: [?, ?][0m
  [34mUnused type args: [?][0m
  [34mUnused type args: [?, ?][0m
  [34mUnused type args: [?][0m
  [34mIgnoring implicit executable reference: (CtExecutableReferenceImpl) <init>[0m
  [34mUnused type args: [E][0m
  [34mUnused type args: [E][0m
  [34mUnused type args: [E][0m
  [34mUnused type args: [E][0m
  [34mUnused type args: [E][0m
  [34mUnused type args: [E][0m
  [34mUnused type args: [E][0m
  [34mUnused type args: [? @ src/main/java/org/apache/commons/collections4/functors/AllPredicate.java:80:25][0m
  [34mUnused type args: [T][0m
  [34mUnused type args: [?][0m
  [34mUnused type args: [?][0m
  [34mUnused type args: [?][0m
  [34mUnused type args: [?][0m
  [34mUnused type args: [?][0m
  [34mUnused type args: [?][0m
  [34mUnused type args: [?][0m
  [34mUnused type args: [T][0m
  [34mUnused type args: [T][0m
  [34mUnused type args: [?][0m
  [34mUnused type args: [?][0m
  [34mUnused type args: [T][0m
  [34mUnused type args: [T][0m
  [34mUnused type args: [?][0m
  [34mUnused type args: [?][0m
  [34mUnused type args: [?][0m
  [34mIgnoring implicit executable reference: (CtExecutableReferenceImpl) <init>[0m
  [34mUnused type args: [T @ src/main/java/org/apache/commons/collections4/functors/AllPredicate.java:87:33][0m
  [34mUnused type args: [?][0m
  [34mUnused type args: [?][0m
  [34mUnused type args: [T][0m
  [34mUnused type args: [?][0m
  [34mIgnoring implicit executable reference: (CtExecutableReferenceImpl) <init>[0m
  [34mIgnoring implicit executable reference: (CtExecutableReferenceImpl) <init>[0m
  [34mUnused type args: [T][0m
  [34mIgnoring implicit executable reference: (CtExecutableReferenceImpl) <init>[0m
  [34mIgnoring implicit executable reference: (CtExecutableReferenceImpl) <init>[0m
  [34mIgnoring implicit executable reference: (CtExecutableReferenceImpl) <init>[0m
  [34mIgnoring implicit executable reference: (CtExecutableReferenceImpl) <init>[0m
  [34mIgnoring implicit executable reference: (CtExecutableReferenceImpl) <init>[0m
  [34mIgnoring implicit executable reference: (CtExecutableReferenceImpl) <init>[0m
  [34mUnused type args: [?][0m
  [34mUnused type args: [?][0m
  [34mIgnoring implicit executable reference: (CtExecutableReferenceImpl) <init>[0m
  [34mIgnoring implicit executable reference: (CtExecutableReferenceImpl) <init>[0m
  [34mUnused type args: [T][0m
  [34mIgnoring implicit executable reference: (CtExecutableReferenceImpl) <init>[0m
  [34mIgnoring implicit executable reference: (CtExecutableReferenceImpl) <init>[0m
  [34mUnused type args: [?][0m
  [34mUnused type args: [?][0m
  [34mUnused type args: [T][0m
  [34mUnused type args: [?, ?][0m
  [34mUnused type args: [T][0m
  [34mUnused type args: [?][0m
  [34mUnused type args: [? @ src/main/java/org/apache/commons/collections4/functors/AllPredicate.java:108:30][0m
  [34mUnused type args: [T][0m
  [34mUnused type args: [?][0m
  [34mUnused type args: [?][0m
  [34mUnused type args: [I @ src/main/java/org/apache/commons/collections4/functors/FunctorUtils.java:204:29, O @ src/main/java/org/apache/commons/collections4/functors/FunctorUtils.java:204:32][0m
  [34mUnused type args: [?, ?][0m
  [34mIgnoring implicit executable reference: (CtExecutableReferenceImpl) <init>[0m
  [34mIgnoring implicit executable reference: (CtExecutableReferenceImpl) <init>[0m
  [34mIgnoring implicit executable reference: (CtExecutableReferenceImpl) <init>[0m
  [34mUnused type args: [?][0m
  [34mUnused type args: [?][0m
  [34mUnused type args: [?][0m
  [34mUnused type args: [?][0m
  [34mUnused type args: [E][0m
  [34mUnused type args: [E][0m
  [34mUnused type args: [?][0m
  [34mUnused type args: [?][0m
  [34mUnused type args: [E][0m
  [34mUnused type args: [E][0m
  [34mUnused type args: [?][0m
  [34mUnused type args: [?][0m
  [34mUnused type args: [E][0m
  [34mUnused type args: [?][0m
  [34mUnused type args: [E][0m
  [34mUnused type args: [?][0m
  [34mUnused type args: [E][0m
  [34mUnused type args: [?][0m
  [34mUnused type args: [E][0m
  [34mUnused type args: [?][0m
  [34mIgnoring implicit executable reference: (CtExecutableReferenceImpl) <init>[0m
  [34mUnused type args: [E @ src/main/java/org/apache/commons/collections4/list/LazyList.java:79:29][0m
  [34mUnused type args: [E][0m
  [34mUnused type args: [?][0m
  [34mUnused type args: [E][0m
  [34mUnused type args: [?][0m
  [34mIgnoring implicit executable reference: (CtExecutableReferenceImpl) <init>[0m
  [34mIgnoring implicit executable reference: (CtExecutableReferenceImpl) <init>[0m
  [34mUnused type args: [E][0m
  [34mUnused type args: [E][0m
  [34mUnused type args: [?][0m
  [34mIgnoring implicit executable reference: (CtExecutableReferenceImpl) <init>[0m
  [34mUnused type args: [?][0m
  [34mUnused type args: [E][0m
  [34mUnused type args: [E][0m
  [34mUnused type args: [?][0m
  [34mUnused type args: [?][0m
  [34mUnused type args: [T @ src/main/java/org/apache/commons/collections4/FactoryUtils.java:74:33][0m
  [34mUnused type args: [T][0m
  [34mUnused type args: [E][0m
  [34mUnused type args: [E][0m
  [34mIgnoring implicit executable reference: (CtExecutableReferenceImpl) <init>[0m
  [34mUnused type args: [T][0m
  [34mUnused type args: [?][0m
  [34mIgnoring implicit executable reference: (CtExecutableReferenceImpl) <init>[0m
  [34mUnused type args: [T][0m
  [34mUnused type args: [org.apache.commons.collections4.sequence.EditCommand][0m
  [34mUnused type args: [T][0m
  [34mUnused type args: [T][0m
  [34mUnused type args: [T][0m
  [34mUnused type args: [? @ src/main/java/org/apache/commons/collections4/functors/OnePredicate.java:73:25][0m
  [34mUnused type args: [T][0m
  [34mUnused type args: [?][0m
  [34mUnused type args: [?][0m
  [34mUnused type args: [?][0m
  [34mUnused type args: [?][0m
  [34mUnused type args: [?][0m
  [34mIgnoring implicit executable reference: (CtExecutableReferenceImpl) <init>[0m
  [34mUnused type args: [T @ src/main/java/org/apache/commons/collections4/functors/OnePredicate.java:74:33][0m
  [34mUnused type args: [?][0m
  [34mUnused type args: [?][0m
  [34mIgnoring implicit executable reference: (CtExecutableReferenceImpl) <init>[0m
  [34mUnused type args: [T @ src/main/java/org/apache/commons/collections4/functors/ExceptionPredicate.java:48:27][0m
  [34mUnused type args: [E][0m
  [34mIgnoring implicit executable reference: (CtExecutableReferenceImpl) <init>[0m
  [34mUnused type args: [E][0m
  [34mUnused type args: [E][0m
  [34mUnused type args: [?][0m
  [34mUnused type args: [T @ src/main/java/org/apache/commons/collections4/functors/FalsePredicate.java:47:27][0m
  [34mUnused type args: [E][0m
  [34mUnused type args: [E][0m
  [34mIgnoring implicit executable reference: (CtExecutableReferenceImpl) <init>[0m
  [34mIgnoring implicit executable reference: (CtExecutableReferenceImpl) <init>[0m
  [34mUnused type args: [T][0m
  [34mUnused type args: [?][0m
  [34mUnused type args: [T][0m
  [34mUnused type args: [?][0m
  [34mUnused type args: [?][0m
  [34mUnused type args: [?][0m
  [34mUnused type args: [?][0m
  [34mUnused type args: [?][0m
  [34mUnused type args: [T][0m
  [34mUnused type args: [T][0m
  [34mUnused type args: [?][0m
  [34mUnused type args: [?][0m
  [34mUnused type args: [T][0m
  [34mUnused type args: [T][0m
  [34mUnused type args: [?][0m
  [34mUnused type args: [?][0m
  [34mUnused type args: [?][0m
  [34mIgnoring implicit executable reference: (CtExecutableReferenceImpl) <init>[0m
  [34mUnused type args: [T @ src/main/java/org/apache/commons/collections4/functors/AllPredicate.java:64:33][0m
  [34mUnused type args: [?][0m
  [34mUnused type args: [T][0m
  [34mUnused type args: [T][0m
  [34mUnused type args: [?][0m
  [34mUnused type args: [?][0m
  [34mUnused type args: [T @ src/main/java/org/apache/commons/collections4/sequence/SequencesComparator.java:129:26][0m
  [34mIgnoring implicit executable reference: (CtExecutableReferenceImpl) <init>[0m
  [34mUnused type args: [T @ src/main/java/org/apache/commons/collections4/sequence/SequencesComparator.java:129:53][0m
  [34mUnused type args: [T][0m
  [34mUnused type args: [T][0m
  [34mUnused type args: [T][0m
  [34mUnused type args: [T][0m
  [34mUnused type args: [T][0m
  [34mUnused type args: [T][0m
  [34mUnused type args: [T][0m
  [34mUnused type args: [T][0m
  [34mUnused type args: [T][0m
  [34mUnused type args: [?][0m
  [34mUnused type args: [T][0m
  [34mUnused type args: [?][0m
  [34mUnused type args: [E][0m
  [34mUnused type args: [?][0m
  [34mUnused type args: [E][0m
  [34mUnused type args: [E][0m
  [34mUnused type args: [?][0m
  [34mIgnoring implicit executable reference: (CtExecutableReferenceImpl) <init>[0m
  [34mIgnoring implicit executable reference: (CtExecutableReferenceImpl) <init>[0m
  [34mUnused type args: [T][0m
  [34mIgnoring implicit executable reference: (CtExecutableReferenceImpl) <init>[0m
  [34mUnused type args: [E][0m
  [34mUnused type args: [E][0m
  [34mUnused type args: [E][0m
  [34mUnused type args: [E][0m
  [34mUnused type args: [E][0m
  [34mUnused type args: [E][0m
  [34mUnused type args: [E][0m
  [34mUnused type args: [E][0m
  [34mUnused type args: [E][0m
  [34mUnused type args: [T][0m
  [34mUnused type args: [T][0m
  [34mUnused type args: [?][0m
  [34mUnused type args: [T][0m
  [34mUnused type args: [T][0m
  [34mUnused type args: [T][0m
  [34mUnused type args: [T][0m
  [34mUnused type args: [T][0m
  [34mUnused type args: [T][0m
  [34mIgnoring implicit executable reference: (CtExecutableReferenceImpl) <init>[0m
  [34mUnused type args: [T @ src/main/java/org/apache/commons/collections4/sequence/SequencesComparator.java:265:51][0m
  [34mUnused type args: [T][0m
  [34mUnused type args: [T][0m
  [34mUnused type args: [T][0m
  [34mUnused type args: [T][0m
  [34mIgnoring implicit executable reference: (CtExecutableReferenceImpl) <init>[0m
  [34mUnused type args: [T @ src/main/java/org/apache/commons/collections4/sequence/SequencesComparator.java:270:57][0m
  [34mUnused type args: [T][0m
  [34mUnused type args: [T][0m
  [34mUnused type args: [T][0m
  [34mUnused type args: [T][0m
  [34mIgnoring implicit executable reference: (CtExecutableReferenceImpl) <init>[0m
  [34mUnused type args: [T @ src/main/java/org/apache/commons/collections4/sequence/SequencesComparator.java:273:57][0m
  [34mUnused type args: [T][0m
  [34mUnused type args: [T][0m
  [34mUnused type args: [T][0m
  [34mUnused type args: [T][0m
  [34mUnused type args: [T][0m
  [34mUnused type args: [T][0m
  [34mUnused type args: [T][0m
  [34mIgnoring implicit executable reference: (CtExecutableReferenceImpl) <init>[0m
  [34mUnused type args: [T @ src/main/java/org/apache/commons/collections4/sequence/SequencesComparator.java:285:47][0m
  [34mUnused type args: [T][0m
  [34mUnused type args: [T][0m
  [34mUnused type args: [T][0m
  [34mUnused type args: [T][0m
  [34mUnused type args: [T][0m
  [34mUnused type args: [T][0m
  [34mUnused type args: [T][0m
  [34mUnused type args: [?][0m
  [34mUnused type args: [?][0m
  [34mUnused type args: [?][0m
  [34mUnused type args: [?][0m
  [34mUnused type args: [T @ src/main/java/org/apache/commons/collections4/functors/NonePredicate.java:53:35][0m
  [34mUnused type args: [T][0m
  [34mIgnoring implicit executable reference: (CtExecutableReferenceImpl) <init>[0m
  [34mUnused type args: [T @ src/main/java/org/apache/commons/collections4/functors/NonePredicate.java:55:34][0m
  [34mUnused type args: [?][0m
  [34mUnused type args: [T][0m
  [34mUnused type args: [T][0m
  [34mUnused type args: [?][0m
  [34mUnused type args: [?][0m
  [34mUnused type args: [E][0m
  [34mUnused type args: [?][0m
  [34mUnused type args: [E][0m
  [34mUnused type args: [?][0m
  [34mUnused type args: [E][0m
  [34mUnused type args: [?][0m
  [34mUnused type args: [E][0m
  [34mUnused type args: [?][0m
  [34mIgnoring implicit executable reference: (CtExecutableReferenceImpl) <init>[0m
  [34mIgnoring implicit executable reference: (CtExecutableReferenceImpl) <init>[0m
  [34mIgnoring implicit executable reference: (CtExecutableReferenceImpl) <init>[0m
  [34mUnused type args: [T][0m
  [34mUnused type args: [T][0m
  [34mIgnoring implicit executable reference: (CtExecutableReferenceImpl) <init>[0m
  [34mIgnoring implicit executable reference: (CtExecutableReferenceImpl) <init>[0m
  [34mUnused type args: [?][0m
  [34mUnused type args: [T][0m
  [34mUnused type args: [?][0m
  [34mUnused type args: [?][0m
  [34mIgnoring implicit executable reference: (CtExecutableReferenceImpl) <init>[0m
  [34mIgnoring implicit executable reference: (CtExecutableReferenceImpl) <init>[0m
  [34mUnused type args: [E][0m
  [34mUnused type args: [E][0m
  [34mUnused type args: [T][0m
  [34mUnused type args: [T][0m
  [34mUnused type args: [E][0m
  [34mUnused type args: [E][0m
  [34mUnused type args: [T @ src/main/java/org/apache/commons/collections4/functors/DefaultEquator.java:52:32][0m
  [34mUnused type args: [T][0m
  [34mUnused type args: [?, ?][0m
  [34mUnused type args: [E][0m
  [34mUnused type args: [E][0m
  [34mUnused type args: [E][0m
  [34mUnused type args: [E][0m
  [34mUnused type args: [E][0m
  [34mUnused type args: [?][0m
  [34mUnused type args: [E][0m
  [34mUnused type args: [E][0m
  [34mUnused type args: [E][0m
  [34mUnused type args: [E][0m
  [34mUnused type args: [E][0m
  [34mUnused type args: [?][0m
  [34mUnused type args: [E][0m
  [34mUnused type args: [E][0m
  [34mIgnoring implicit executable reference: (CtExecutableReferenceImpl) <init>[0m
  [34mUnused type args: [E][0m
  [34mUnused type args: [E][0m
  [34mUnused type args: [?][0m
  [34mUnused type args: [E][0m
  [34mUnused type args: [E][0m
  [34mUnused type args: [E][0m
  [34mUnused type args: [T][0m
  [34mUnused type args: [?][0m
  [34mIgnoring implicit executable reference: (CtExecutableReferenceImpl) <init>[0m
  [34mUnused type args: [?][0m
  [34mUnused type args: [?][0m
  [34mIgnoring implicit executable reference: (CtExecutableReferenceImpl) <init>[0m
  [34mIgnoring implicit executable reference: (CtExecutableReferenceImpl) <init>[0m
  [34mUnused type args: [T @ src/main/java/org/apache/commons/collections4/functors/AndPredicate.java:53:33][0m
  [34mUnused type args: [?][0m
  [34mUnused type args: [?][0m
  [34mUnused type args: [?][0m
  [34mUnused type args: [?][0m
  [34mIgnoring implicit executable reference: (CtExecutableReferenceImpl) <init>[0m
  [34mIgnoring implicit executable reference: (CtExecutableReferenceImpl) <init>[0m
  [34mUnused type args: [E][0m
  [34mUnused type args: [E][0m
  [34mUnused type args: [E][0m
  [34mUnused type args: [?][0m
  [34mUnused type args: [E @ src/main/java/org/apache/commons/collections4/functors/FunctorUtils.java:126:25][0m
  [34mUnused type args: [?][0m
  [34mUnused type args: [?][0m
  [34mUnused type args: [E][0m
  [34mUnused type args: [E][0m
  [34mUnused type args: [?][0m
  [34mIgnoring implicit executable reference: (CtExecutableReferenceImpl) <init>[0m
  [34mIgnoring implicit executable reference: (CtExecutableReferenceImpl) <init>[0m
  [34mUnused type args: [?][0m
  [34mUnused type args: [?][0m
  [34mIgnoring implicit executable reference: (CtExecutableReferenceImpl) <init>[0m
  [34mUnused type args: [T @ src/main/java/org/apache/commons/collections4/functors/UniquePredicate.java:48:36][0m
  [34mIgnoring implicit executable reference: (CtExecutableReferenceImpl) <init>[0m
  [34mUnused type args: [T][0m
  [34mUnused type args: [?][0m
  [34mUnused type args: [E][0m
  [34mUnused type args: [?][0m
  [34mUnused type args: [E][0m
  [34mUnused type args: [?][0m
  [34mUnused type args: [E][0m
  [34mUnused type args: [?][0m
  [34mUnused type args: [E][0m
  [34mUnused type args: [E][0m
  [34mUnused type args: [?][0m
  [34mUnused type args: [?][0m
  [34mUnused type args: [E][0m
  [34mUnused type args: [?][0m
  [34mUnused type args: [E @ src/main/java/org/apache/commons/collections4/iterators/LazyIteratorChain.java:86:50][0m
  [34mUnused type args: [E][0m
  [34mUnused type args: [E][0m
  [34mUnused type args: [?][0m
  [34mUnused type args: [E][0m
  [34mUnused type args: [?][0m
  [34mUnused type args: [E][0m
  [34mUnused type args: [?][0m
  [34mUnused type args: [E][0m
  [34mUnused type args: [?][0m
  [34mUnused type args: [E][0m
  [34mUnused type args: [? @ src/main/java/org/apache/commons/collections4/iterators/LazyIteratorChain.java:95:28][0m
  [34mUnused type args: [E][0m
  [34mUnused type args: [?][0m
  [34mUnused type args: [E][0m
  [34mUnused type args: [?][0m
  [34mUnused type args: [?][0m
  [34mUnused type args: [E][0m
  [34mUnused type args: [?][0m
  [34mUnused type args: [?][0m
  [34mUnused type args: [E][0m
  [34mUnused type args: [?][0m
  [34mUnused type args: [T @ src/main/java/org/apache/commons/collections4/functors/FunctorUtils.java:53:27][0m
  [34mUnused type args: [?][0m
  [34mUnused type args: [?][0m
  [34mUnused type args: [T][0m
  [34mUnused type args: [T][0m
  [34mUnused type args: [T][0m
  [34mUnused type args: [T][0m
  [34mUnused type args: [T][0m
  [34mUnused type args: [T][0m
  [34mUnused type args: [T][0m
  [34mUnused type args: [T][0m
  [34mUnused type args: [T][0m
  [34mUnused type args: [T][0m
  [34mUnused type args: [?][0m
  [34mUnused type args: [T][0m
  [34mUnused type args: [T][0m
  [34mUnused type args: [T][0m
  [34mUnused type args: [T][0m
  [34mUnused type args: [T][0m
  [34mUnused type args: [T][0m
  [34mUnused type args: [T][0m
  [34mUnused type args: [T][0m
  [34mUnused type args: [T][0m
  [34mUnused type args: [T][0m
  [34mUnused type args: [T][0m
  [34mUnused type args: [T][0m
  [34mUnused type args: [T][0m
  [34mUnused type args: [T][0m
  [34mUnused type args: [T][0m
  [34mUnused type args: [T][0m
  [34mUnused type args: [T][0m
  [34mUnused type args: [?][0m
  [34mUnused type args: [T][0m
  [34mUnused type args: [T][0m
  [34mUnused type args: [T][0m
  [34mUnused type args: [T][0m
  [34mUnused type args: [T][0m
  [34mUnused type args: [T][0m
  [34mUnused type args: [T][0m
  [34mUnused type args: [T][0m
  [34mUnused type args: [T][0m
  [34mIgnoring implicit executable reference: (CtExecutableReferenceImpl) <init>[0m
  [34mIgnoring implicit executable reference: (CtExecutableReferenceImpl) <init>[0m
  [34mIgnoring implicit executable reference: (CtExecutableReferenceImpl) <init>[0m
  [34mUnused type args: [T][0m
  [34mUnused type args: [T][0m
  [34mUnused type args: [?, ?][0m
  [34mIgnoring implicit executable reference: (CtExecutableReferenceImpl) <init>[0m
  [34mUnused type args: [?, ?][0m
  [34mUnused type args: [?, ?][0m
  [34mUnused type args: [?, ?][0m
  [34mUnused type args: [?, ?][0m
  [34mIgnoring implicit executable reference: (CtExecutableReferenceImpl) <init>[0m
  [34mUnused type args: [T][0m
  [34mUnused type args: [?][0m
  [34mUnused type args: [T][0m
  [34mUnused type args: [?][0m
  [34mIgnoring implicit executable reference: (CtExecutableReferenceImpl) <init>[0m
  [34mUnused type args: [E @ src/main/java/org/apache/commons/collections4/list/TransformedList.java:61:36][0m
  [34mUnused type args: [E][0m
  [34mUnused type args: [?, ?][0m
  [34mUnused type args: [E][0m
  [34mUnused type args: [?, ?][0m
  [34mIgnoring implicit executable reference: (CtExecutableReferenceImpl) <init>[0m
  [34mIgnoring implicit executable reference: (CtExecutableReferenceImpl) <init>[0m
  [34mUnused type args: [?][0m
  [34mUnused type args: [?][0m
  [34mUnused type args: [T][0m
  [34mUnused type args: [?][0m
  [34mIgnoring implicit executable reference: (CtExecutableReferenceImpl) <init>[0m
  [34mUnused type args: [T][0m
  [34mUnused type args: [T][0m
  [34mUnused type args: [T][0m
  [34mUnused type args: [?][0m
  [34mUnused type args: [T][0m
  [34mUnused type args: [?][0m
  [34mUnused type args: [T][0m
  [34mUnused type args: [org.apache.commons.collections4.sequence.EditCommand][0m
  [34mUnused type args: [T][0m
  [34mUnused type args: [T][0m
  [34mUnused type args: [T][0m
  [34mUnused type args: [E @ src/main/java/org/apache/commons/collections4/list/LazyList.java:137:20][0m
  [34mUnused type args: [E][0m
  [34mUnused type args: [E][0m
  [34mUnused type args: [E][0m
  [34mIgnoring implicit executable reference: (CtExecutableReferenceImpl) <init>[0m
  [34mUnused type args: [E @ src/main/java/org/apache/commons/collections4/list/LazyList.java:138:29][0m
  [34mUnused type args: [E][0m
  [34mUnused type args: [?][0m
  [34mUnused type args: [E][0m
  [34mUnused type args: [E][0m
  [34mUnused type args: [?][0m
  [34mIgnoring implicit executable reference: (CtExecutableReferenceImpl) <init>[0m
  [34mIgnoring implicit executable reference: (CtExecutableReferenceImpl) <init>[0m
  [34mUnused type args: [E][0m
  [34mUnused type args: [E][0m
  [34mUnused type args: [T][0m
  [34mUnused type args: [?][0m
  [34mUnused type args: [T @ src/main/java/org/apache/commons/collections4/functors/FunctorUtils.java:158:25][0m
  [34mUnused type args: [?][0m
  [34mUnused type args: [T @ src/main/java/org/apache/commons/collections4/FactoryUtils.java:112:34][0m
  [34mUnused type args: [T][0m
  [34mIgnoring implicit executable reference: (CtExecutableReferenceImpl) <init>[0m
  [34mIgnoring implicit executable reference: (CtExecutableReferenceImpl) <init>[0m
  [34mUnused type args: [?][0m
  [34mUnused type args: [T][0m
  [34mUnused type args: [?][0m
  [34mUnused type args: [?][0m
  [34mUnused type args: [?][0m
  [34mUnused type args: [T][0m
  [34mUnused type args: [?][0m
  [34mUnused type args: [?][0m
  [34mIgnoring implicit executable reference: (CtExecutableReferenceImpl) <init>[0m
  [34mIgnoring implicit executable reference: (CtExecutableReferenceImpl) <init>[0m
  [34mUnused type args: [T][0m
  [34mUnused type args: [T][0m
  [34mUnused type args: [T][0m
  [34mUnused type args: [T][0m
  [34mUnused type args: [T][0m
  [34mUnused type args: [T][0m
  [34mUnused type args: [T][0m
  [34mUnused type args: [T][0m
  [34mUnused type args: [T][0m
  [34mUnused type args: [T][0m
  [34mUnused type args: [?][0m
  [34mUnused type args: [T][0m
  [34mUnused type args: [T][0m
  [34mUnused type args: [?][0m
  [34mUnused type args: [?][0m
  [34mUnused type args: [T][0m
  [34mUnused type args: [T][0m
  [34mUnused type args: [T][0m
  [34mUnused type args: [T][0m
  [34mUnused type args: [E][0m
  [34mUnused type args: [E][0m
  [34mUnused type args: [T @ src/main/java/org/apache/commons/collections4/functors/FunctorUtils.java:70:27][0m
  [34mUnused type args: [?][0m
  [34mUnused type args: [?][0m
  [34mIgnoring implicit executable reference: (CtExecutableReferenceImpl) <init>[0m
  [34mUnused type args: [?][0m
  [34mUnused type args: [?][0m
  [34mUnused type args: [?][0m
  [34mUnused type args: [?][0m
  [34mIgnoring implicit executable reference: (CtExecutableReferenceImpl) <init>[0m
  [34mIgnoring implicit executable reference: (CtExecutableReferenceImpl) <init>[0m
  [34mIgnoring implicit executable reference: (CtExecutableReferenceImpl) <init>[0m
  [34mUnused type args: [?, java.lang.Boolean][0m
  [34mUnused type args: [T][0m
  [34mUnused type args: [?, java.lang.Boolean][0m
  [34mUnused type args: [?, java.lang.Boolean][0m
  [34mIgnoring implicit executable reference: (CtExecutableReferenceImpl) <init>[0m
  [34mIgnoring implicit executable reference: (CtExecutableReferenceImpl) <init>[0m
  [34mIgnoring implicit executable reference: (CtExecutableReferenceImpl) <init>[0m
  [34mIgnoring implicit executable reference: (CtExecutableReferenceImpl) <init>[0m
  [34mUnused type args: [?][0m
  [34mIgnoring implicit executable reference: (CtExecutableReferenceImpl) <init>[0m
  [34mUnused type args: [?][0m
  [34mUnused type args: [?][0m
  [34mUnused type args: [?][0m
  [34mUnused type args: [?][0m
  [34mIgnoring implicit executable reference: (CtExecutableReferenceImpl) <init>[0m
  [34mIgnoring implicit executable reference: (CtExecutableReferenceImpl) <init>[0m
  [34mIgnoring implicit executable reference: (CtExecutableReferenceImpl) <init>[0m
  [34mUnused type args: [E][0m
  [34mIgnoring implicit executable reference: (CtExecutableReferenceImpl) <init>[0m
  [34mUnused type args: [E][0m
  [34mUnused type args: [E][0m
  [34mUnused type args: [E][0m
  [34mUnused type args: [E][0m
  [34mUnused type args: [E][0m
  [34mUnused type args: [E][0m
  [34mUnused type args: [E][0m
  [34mUnused type args: [E][0m
  [34mUnused type args: [E][0m
  [34mUnused type args: [E][0m
  [34mUnused type args: [E][0m
  [34mUnused type args: [? @ src/main/java/org/apache/commons/collections4/functors/OnePredicate.java:97:30][0m
  [34mUnused type args: [T][0m
  [34mUnused type args: [?][0m
  [34mUnused type args: [?][0m
  [34mUnused type args: [?][0m
  [34mIgnoring implicit executable reference: (CtExecutableReferenceImpl) <init>[0m
  [34mIgnoring implicit executable reference: (CtExecutableReferenceImpl) <init>[0m
  [34mUnused type args: [T @ src/main/java/org/apache/commons/collections4/functors/NotPredicate.java:49:33][0m
  [34mUnused type args: [?][0m
  [34mUnused type args: [?][0m
  [34mUnused type args: [T][0m
  [34mIgnoring implicit executable reference: (CtExecutableReferenceImpl) <init>[0m
  [34mIgnoring implicit executable reference: (CtExecutableReferenceImpl) <init>[0m
  [34mIgnoring implicit executable reference: (CtExecutableReferenceImpl) <init>[0m
  [34mIgnoring implicit executable reference: (CtExecutableReferenceImpl) <init>[0m
  [34mUnused type args: [?, java.lang.Boolean][0m
  [34mIgnoring implicit executable reference: (CtExecutableReferenceImpl) <init>[0m
  [34mIgnoring implicit executable reference: (CtExecutableReferenceImpl) <init>[0m
  [34mUnused type args: [T @ src/main/java/org/apache/commons/collections4/functors/TransformerPredicate.java:51:41][0m
  [34mUnused type args: [?, java.lang.Boolean][0m
  [34mUnused type args: [?, java.lang.Boolean][0m
  [34mIgnoring implicit executable reference: (CtExecutableReferenceImpl) <init>[0m
  [34mIgnoring implicit executable reference: (CtExecutableReferenceImpl) <init>[0m
  [34mUnused type args: [?][0m
  [34mUnused type args: [?][0m
  [34mUnused type args: [?][0m
  [34mIgnoring implicit executable reference: (CtExecutableReferenceImpl) <init>[0m
  [34mIgnoring implicit executable reference: (CtExecutableReferenceImpl) <init>[0m
  [34mUnused type args: [T @ src/main/java/org/apache/commons/collections4/FactoryUtils.java:62:34][0m
  [34mUnused type args: [T][0m
  [34mIgnoring implicit executable reference: (CtExecutableReferenceImpl) <init>[0m
  [34mIgnoring implicit executable reference: (CtExecutableReferenceImpl) <init>[0m
  [34mIgnoring implicit executable reference: (CtExecutableReferenceImpl) <init>[0m
  [34mIgnoring implicit executable reference: (CtExecutableReferenceImpl) <init>[0m
  [34mUnused type args: [?][0m
  [34mUnused type args: [?][0m
  [34mUnused type args: [?][0m
  [34mUnused type args: [?][0m
  [34mUnused type args: [T @ src/main/java/org/apache/commons/collections4/functors/AnyPredicate.java:55:36][0m
  [34mUnused type args: [T][0m
  [34mUnused type args: [?][0m
  [34mUnused type args: [?][0m
  [34mUnused type args: [?][0m
  [34mUnused type args: [T @ src/main/java/org/apache/commons/collections4/functors/AnyPredicate.java:58:31][0m
  [34mUnused type args: [?][0m
  [34mIgnoring implicit executable reference: (CtExecutableReferenceImpl) <init>[0m
  [34mUnused type args: [T @ src/main/java/org/apache/commons/collections4/functors/AnyPredicate.java:60:33][0m
  [34mUnused type args: [?][0m
  [34mUnused type args: [T][0m
  [34mUnused type args: [T][0m
  [34mUnused type args: [?][0m
  [34mUnused type args: [?][0m
  [34mUnused type args: [?][0m
  [34mIgnoring implicit executable reference: (CtExecutableReferenceImpl) <init>[0m
  [34mIgnoring implicit executable reference: (CtExecutableReferenceImpl) <init>[0m
  [34mUnused type args: [T @ src/main/java/org/apache/commons/collections4/functors/NullIsTruePredicate.java:49:40][0m
  [34mUnused type args: [?][0m
  [34mUnused type args: [?][0m
  [34mIgnoring implicit executable reference: (CtExecutableReferenceImpl) <init>[0m
  [34mUnused type args: [E][0m
  [34mUnused type args: [E][0m
  [34mUnused type args: [E][0m
  [34mUnused type args: [E][0m
  [34mUnused type args: [E][0m
  [34mUnused type args: [E][0m
  [34mUnused type args: [E][0m
  [34mIgnoring implicit executable reference: (CtExecutableReferenceImpl) <init>[0m
  [34mIgnoring implicit executable reference: (CtExecutableReferenceImpl) <init>[0m
  [34mUnused type args: [?, ?][0m
  [34mUnused type args: [I @ src/main/java/org/apache/commons/collections4/functors/FunctorUtils.java:172:29, O @ src/main/java/org/apache/commons/collections4/functors/FunctorUtils.java:172:32][0m
  [34mUnused type args: [?, ?][0m
  [34mUnused type args: [?, ?][0m
  [34mUnused type args: [T][0m
  [34mUnused type args: [E @ src/main/java/org/apache/commons/collections4/list/TransformedList.java:81:31][0m
  [34mIgnoring implicit executable reference: (CtExecutableReferenceImpl) <init>[0m
  [34mUnused type args: [E @ src/main/java/org/apache/commons/collections4/list/TransformedList.java:81:66][0m
  [34mUnused type args: [E][0m
  [34mUnused type args: [?, ?][0m
  [34mUnused type args: [E][0m
  [34mUnused type args: [?, ?][0m
  [34mUnused type args: [E][0m
  [34mUnused type args: [E][0m
  [34mUnused type args: [E][0m
  [34mUnused type args: [E][0m
  [34mUnused type args: [E][0m
  [34mUnused type args: [?, ?][0m
  [34mUnused type args: [E][0m
  [34mUnused type args: [E][0m
  [34mUnused type args: [E][0m
  [34mUnused type args: [E][0m
  [34mUnused type args: [E][0m
  [34mIgnoring implicit executable reference: (CtExecutableReferenceImpl) <init>[0m
  [34mIgnoring implicit executable reference: (CtExecutableReferenceImpl) <init>[0m
  [34mUnused type args: [T][0m
  [34mUnused type args: [T][0m
  [34mUnused type args: [?][0m
  [34mUnused type args: [T][0m
  [34mUnused type args: [T][0m
  [34mUnused type args: [T][0m
  [34mUnused type args: [T][0m
  [34mIgnoring implicit executable reference: (CtExecutableReferenceImpl) <init>[0m
  [34mIgnoring implicit executable reference: (CtExecutableReferenceImpl) <init>[0m
  [34mUnused type args: [?][0m
  [34mUnused type args: [T][0m
  [34mUnused type args: [?][0m
  [34mUnused type args: [?][0m
  [34mIgnoring implicit executable reference: (CtExecutableReferenceImpl) <init>[0m
  [34mIgnoring implicit executable reference: (CtExecutableReferenceImpl) <init>[0m
  [34mIgnoring implicit executable reference: (CtExecutableReferenceImpl) <init>[0m
  [34mIgnoring implicit executable reference: (CtExecutableReferenceImpl) <init>[0m
  [34mUnused type args: [T][0m
  [34mUnused type args: [T][0m
  [34mUnused type args: [T][0m
  [34mUnused type args: [T][0m
  [34mIgnoring implicit executable reference: (CtExecutableReferenceImpl) <init>[0m
  [34mIgnoring implicit executable reference: (CtExecutableReferenceImpl) <init>[0m
  [34mUnused type args: [T][0m
  [34mUnused type args: [?][0m
  [34mUnused type args: [T][0m
  [34mUnused type args: [?][0m
  [34mUnused type args: [E][0m
  [34mUnused type args: [E][0m
  [34mUnused type args: [E][0m
  [34mUnused type args: [E][0m
  [34mIgnoring implicit executable reference: (CtExecutableReferenceImpl) <init>[0m
  [34mUnused type args: [E @ src/main/java/org/apache/commons/collections4/list/FixedSizeList.java:56:34][0m
  [34mUnused type args: [E][0m
  [34mUnused type args: [E][0m
  [34mIgnoring implicit executable reference: (CtExecutableReferenceImpl) <init>[0m
  [34mIgnoring implicit executable reference: (CtExecutableReferenceImpl) <init>[0m
  [34mUnused type args: [E][0m
  [34mUnused type args: [E][0m
  [34mUnused type args: [T][0m
  [34mUnused type args: [T][0m
  [34mUnused type args: [?, java.lang.Boolean][0m
  [34mUnused type args: [T @ src/main/java/org/apache/commons/collections4/functors/PrototypeFactory.java:66:37][0m
  [34mUnused type args: [T][0m
  [34mUnused type args: [?][0m
  [34mUnused type args: [?][0m
  [34mIgnoring implicit executable reference: (CtExecutableReferenceImpl) <init>[0m
  [34mUnused type args: [T @ src/main/java/org/apache/commons/collections4/functors/PrototypeFactory.java:70:46][0m
  [34mUnused type args: [?][0m
  [34mUnused type args: [?][0m
  [34mUnused type args: [?][0m
  [34mUnused type args: [? @ src/main/java/org/apache/commons/collections4/functors/PrototypeFactory.java:74:63][0m
  [34mUnused type args: [?][0m
  [34mIgnoring implicit executable reference: (CtExecutableReferenceImpl) <init>[0m
  [34mUnused type args: [T @ src/main/java/org/apache/commons/collections4/functors/PrototypeFactory.java:75:47][0m
  [34mUnused type args: [T][0m
  [34mUnused type args: [?][0m
  [34mUnused type args: [T @ src/main/java/org/apache/commons/collections4/functors/PrototypeFactory.java:76:28][0m
  [34mUnused type args: [?][0m
  [34mUnused type args: [? @ src/main/java/org/apache/commons/collections4/functors/PrototypeFactory.java:77:31][0m
  [34mUnused type args: [?][0m
  [34mUnused type args: [T @ src/main/java/org/apache/commons/collections4/functors/PrototypeFactory.java:81:37][0m
  [34mIgnoring implicit executable reference: (CtExecutableReferenceImpl) <init>[0m
  [34mUnused type args: [java.io.Serializable @ src/main/java/org/apache/commons/collections4/functors/PrototypeFactory.java:81:75][0m
  [34mIgnoring implicit executable reference: (CtExecutableReferenceImpl) <init>[0m
  [34mUnused type args: [T][0m
  [34mUnused type args: [T][0m
  [34mUnused type args: [?][0m
  [34mUnused type args: [?][0m
  [34mIgnoring implicit executable reference: (CtExecutableReferenceImpl) <init>[0m
  [34mUnused type args: [?][0m
  [34mUnused type args: [?][0m
  [34mIgnoring implicit executable reference: (CtExecutableReferenceImpl) <init>[0m
  [34mUnused type args: [? @ src/main/java/org/apache/commons/collections4/functors/FunctorUtils.java:102:25][0m
  [34mUnused type args: [?][0m
  [34mUnused type args: [?][0m
  [34mUnused type args: [? @ src/main/java/org/apache/commons/collections4/functors/FunctorUtils.java:104:30][0m
  [34mUnused type args: [?][0m
  [34mUnused type args: [?][0m
  [34mUnused type args: [?][0m
  [34mUnused type args: [?][0m
  [34mUnused type args: [?][0m
  [34mUnused type args: [?][0m
  [34mUnused type args: [?][0m
  [34mUnused type args: [?][0m
  [34mIgnoring implicit executable reference: (CtExecutableReferenceImpl) <init>[0m
  [34mUnused type args: [?][0m
  [34mUnused type args: [T][0m
  [34mUnused type args: [E][0m
  [34mUnused type args: [E][0m
  [34mIgnoring implicit executable reference: (CtExecutableReferenceImpl) <init>[0m
  [34mIgnoring implicit executable reference: (CtExecutableReferenceImpl) <init>[0m
  [34mIgnoring implicit executable reference: (CtExecutableReferenceImpl) <init>[0m
  [34mUnused type args: [T][0m
  [34mUnused type args: [T][0m
  [34mIgnoring implicit executable reference: (CtExecutableReferenceImpl) <init>[0m
  [34mIgnoring implicit executable reference: (CtExecutableReferenceImpl) <init>[0m
  [34mUnused type args: [T][0m
  [34mUnused type args: [T][0m
  [34mUnused type args: [E][0m
  [34mUnused type args: [E][0m
  [34mUnused type args: [? @ src/main/java/org/apache/commons/collections4/functors/AnyPredicate.java:105:30][0m
  [34mUnused type args: [T][0m
  [34mUnused type args: [?][0m
  [34mUnused type args: [?][0m
  [34mIgnoring implicit executable reference: (CtExecutableReferenceImpl) <init>[0m
  [34mIgnoring implicit executable reference: (CtExecutableReferenceImpl) <init>[0m
  [34mUnused type args: [?][0m
  [34mUnused type args: [T][0m
  [34mUnused type args: [?][0m
  [34mUnused type args: [?][0m
  [34mUnused type args: [?][0m
  [34mUnused type args: [T][0m
  [34mUnused type args: [?][0m
  [34mUnused type args: [?][0m
  [34mIgnoring implicit executable reference: (CtExecutableReferenceImpl) <init>[0m
  [34mIgnoring implicit executable reference: (CtExecutableReferenceImpl) <init>[0m
  [34mUnused type args: [org.apache.commons.collections4.sequence.EditCommand][0m
  [34mUnused type args: [T][0m
  [34mUnused type args: [T][0m
  [34mUnused type args: [org.apache.commons.collections4.sequence.EditCommand][0m
  [34mUnused type args: [T][0m
  [34mIgnoring implicit executable reference: (CtExecutableReferenceImpl) <init>[0m
  [34mUnused type args: [org.apache.commons.collections4.sequence.EditCommand @ src/main/java/org/apache/commons/collections4/sequence/EditScript.java:61:34][0m
  [34mUnused type args: [T @ src/main/java/org/apache/commons/collections4/sequence/EditScript.java:61:46][0m
  [34mUnused type args: [T][0m
  [34mUnused type args: [T][0m
  [34mIgnoring implicit executable reference: (CtExecutableReferenceImpl) <init>[0m
  [34mIgnoring implicit executable reference: (CtExecutableReferenceImpl) <init>[0m
  [34mUnused type args: [?][0m
  [34mUnused type args: [?][0m
  [34mUnused type args: [?][0m
  [34mUnused type args: [E][0m
  [34mUnused type args: [E][0m
  [34mIgnoring implicit executable reference: (CtExecutableReferenceImpl) <init>[0m
  [34mIgnoring implicit executable reference: (CtExecutableReferenceImpl) <init>[0m
  [34mUnused type args: [?][0m
  [34mUnused type args: [E][0m
  [34mUnused type args: [E][0m
  [34mUnused type args: [? @ src/main/java/org/apache/commons/collections4/functors/NonePredicate.java:70:25][0m
  [34mUnused type args: [T][0m
  [34mUnused type args: [?][0m
  [34mUnused type args: [?][0m
  [34mUnused type args: [?][0m
  [34mUnused type args: [?][0m
  [34mUnused type args: [?][0m
  [34mUnused type args: [?][0m
  [34mUnused type args: [?][0m
  [34mUnused type args: [T @ src/main/java/org/apache/commons/collections4/functors/NonePredicate.java:72:35][0m
  [34mUnused type args: [T][0m
  [34mIgnoring implicit executable reference: (CtExecutableReferenceImpl) <init>[0m
  [34mUnused type args: [T @ src/main/java/org/apache/commons/collections4/functors/NonePredicate.java:74:34][0m
  [34mUnused type args: [?][0m
  [34mUnused type args: [?][0m
  [34mUnused type args: [T @ src/main/java/org/apache/commons/collections4/functors/ExceptionFactory.java:48:25][0m
  [34mIgnoring implicit executable reference: (CtExecutableReferenceImpl) <init>[0m
  [34mIgnoring implicit executable reference: (CtExecutableReferenceImpl) <init>[0m
  [34mUnused type args: [T][0m
  [34mUnused type args: [T][0m
  [34mUnused type args: [T][0m
  [34mUnused type args: [T][0m
  [34mUnused type args: [?][0m
  [34mUnused type args: [T][0m
  [34mUnused type args: [?][0m
  [34mUnused type args: [?][0m
  [34mUnused type args: [?][0m
  [34mUnused type args: [T][0m
  [34mUnused type args: [T][0m
  [34mUnused type args: [T][0m
  [34mUnused type args: [T][0m
  [34mUnused type args: [T][0m
  [34mUnused type args: [T][0m
  [34mUnused type args: [T][0m
  [34mUnused type args: [T][0m
  [34mIgnoring implicit executable reference: (CtExecutableReferenceImpl) <init>[0m
  [34mIgnoring implicit executable reference: (CtExecutableReferenceImpl) <init>[0m
  [34mIgnoring implicit executable reference: (CtExecutableReferenceImpl) <init>[0m
  [34mIgnoring implicit executable reference: (CtExecutableReferenceImpl) <init>[0m
  [34mIgnoring implicit executable reference: (CtExecutableReferenceImpl) <init>[0m
  [34mUnused type args: [T][0m
  [34mUnused type args: [T][0m
  [34mIgnoring implicit executable reference: (CtExecutableReferenceImpl) <init>[0m
  [34mIgnoring implicit executable reference: (CtExecutableReferenceImpl) <init>[0m
  [34mIgnoring implicit executable reference: (CtExecutableReferenceImpl) <init>[0m
  [34mUnused type args: [T][0m
  [34mIgnoring implicit executable reference: (CtExecutableReferenceImpl) <init>[0m
  [34mUnused type args: [?][0m
  [34mUnused type args: [?][0m
  [34mUnused type args: [?][0m
  [34mUnused type args: [?][0m
  [34mUnused type args: [?][0m
  [34mIgnoring implicit executable reference: (CtExecutableReferenceImpl) <init>[0m
  [34mUnused type args: [?][0m
  [34mUnused type args: [?][0m
  [34mUnused type args: [?][0m
  [34mIgnoring implicit executable reference: (CtExecutableReferenceImpl) <init>[0m
  [34mUnused type args: [T @ src/main/java/org/apache/commons/collections4/functors/InstantiateFactory.java:71:43][0m
  [34mUnused type args: [T][0m
  [34mUnused type args: [T][0m
  [34mIgnoring implicit executable reference: (CtExecutableReferenceImpl) <init>[0m
  [34mUnused type args: [T @ src/main/java/org/apache/commons/collections4/functors/InstantiateFactory.java:73:39][0m
  [34mUnused type args: [T][0m
  [34mUnused type args: [?][0m
  [34mUnused type args: [T][0m
  [34mUnused type args: [?][0m
  [34mUnused type args: [T][0m
  [34mUnused type args: [T][0m
  [34mUnused type args: [T][0m
  [34mUnused type args: [T][0m
  [34mUnused type args: [T][0m
  [34mUnused type args: [T][0m
  [34mUnused type args: [?][0m
  [34mUnused type args: [T][0m
  [34mUnused type args: [?][0m
  [34mIgnoring implicit executable reference: (CtExecutableReferenceImpl) <init>[0m
  [34mUnused type args: [T][0m
  [34mIgnoring implicit executable reference: (CtExecutableReferenceImpl) <init>[0m
  [34mIgnoring implicit executable reference: (CtExecutableReferenceImpl) <init>[0m
  [34mUnused type args: [T][0m
  [34mUnused type args: [T][0m
  [34mUnused type args: [T][0m
  [34mUnused type args: [T][0m
  [34mUnused type args: [?][0m
  [34mUnused type args: [T][0m
  [34mUnused type args: [?][0m
  [34mUnused type args: [T][0m
  [34mUnused type args: [T][0m
  [34mUnused type args: [T @ src/main/java/org/apache/commons/collections4/functors/ConstantFactory.java:55:29][0m
  [34mIgnoring implicit executable reference: (CtExecutableReferenceImpl) <init>[0m
  [34mUnused type args: [T @ src/main/java/org/apache/commons/collections4/functors/ConstantFactory.java:57:36][0m
  [34mUnused type args: [K, V][0m
  [34mUnused type args: [? @ src/main/java/org/apache/commons/collections4/keyvalue/TiedMapEntry.java:109:25, ? @ src/main/java/org/apache/commons/collections4/keyvalue/TiedMapEntry.java:109:27][0m
  [34mUnused type args: [? @ src/main/java/org/apache/commons/collections4/keyvalue/TiedMapEntry.java:109:49, ? @ src/main/java/org/apache/commons/collections4/keyvalue/TiedMapEntry.java:109:51][0m
  [34mUnused type args: [K, V][0m
  [34mUnused type args: [K, V][0m
  [34mUnused type args: [?, ?][0m
  [34mUnused type args: [K, V][0m
  [34mUnused type args: [?, ?][0m
  [34mUnused type args: [?, ?][0m
  [34mUnused type args: [?, ?][0m
  [34mIgnoring implicit executable reference: (CtExecutableReferenceImpl) <init>[0m
  [34mIgnoring implicit executable reference: (CtExecutableReferenceImpl) <init>[0m
  [34mUnused type args: [?, ?][0m
  [34mUnused type args: [?, ?][0m
  [34mUnused type args: [K, V][0m
  [34mUnused type args: [K, V][0m
  [34mUnused type args: [K, V][0m
  [34mIgnoring implicit executable reference: (CtExecutableReferenceImpl) <init>[0m
  [34mIgnoring implicit executable reference: (CtExecutableReferenceImpl) <init>[0m
  [34mUnused type args: [K, V][0m
  [34mUnused type args: [K, V][0m
  [34mUnused type args: [K, V][0m
  [34mUnused type args: [K, V][0m
  [34mUnused type args: [K][0m
  [34mUnused type args: [? @ src/main/java/org/apache/commons/collections4/keyvalue/MultiKey.java:225:28][0m
  [34mUnused type args: [? @ src/main/java/org/apache/commons/collections4/keyvalue/MultiKey.java:225:54][0m
  [34mUnused type args: [K][0m
  [34mUnused type args: [?][0m
  [34mUnused type args: [?][0m
  [34mUnused type args: [K, V][0m
  [34mIgnoring implicit executable reference: (CtExecutableReferenceImpl) <init>[0m
  [34mIgnoring implicit executable reference: (CtExecutableReferenceImpl) <init>[0m
  [34mUnused type args: [K, V][0m
  [34mUnused type args: [K, V][0m
  [34mIgnoring implicit executable reference: (CtExecutableReferenceImpl) <init>[0m
  [34mIgnoring implicit executable reference: (CtExecutableReferenceImpl) <init>[0m
  [34mUnused type args: [K, V][0m
  [34mUnused type args: [K, V][0m
  [34mIgnoring implicit executable reference: (CtExecutableReferenceImpl) <init>[0m
  [34mUnused type args: [K @ src/main/java/org/apache/commons/collections4/keyvalue/DefaultKeyValue.java:112:36, V @ src/main/java/org/apache/commons/collections4/keyvalue/DefaultKeyValue.java:112:39][0m
  [34mUnused type args: [?, ?][0m
  [34mUnused type args: [K, V][0m
  [34mUnused type args: [K, V][0m
  [34mUnused type args: [K, V][0m
  [34mUnused type args: [K, V][0m
  [34mUnused type args: [K, V][0m
  [34mIgnoring implicit executable reference: (CtExecutableReferenceImpl) <init>[0m
  [34mUnused type args: [K, V][0m
  [34mUnused type args: [K, V][0m
  [34mIgnoring implicit executable reference: (CtExecutableReferenceImpl) <init>[0m
  [34mIgnoring implicit executable reference: (CtExecutableReferenceImpl) <init>[0m
  [34mUnused type args: [K, V][0m
  [34mIgnoring implicit executable reference: (CtExecutableReferenceImpl) <init>[0m
  [34mIgnoring implicit executable reference: (CtExecutableReferenceImpl) <init>[0m
  [34mIgnoring implicit executable reference: (CtExecutableReferenceImpl) <init>[0m
  [34mUnused type args: [K][0m
  [34mUnused type args: [K][0m
  [34mUnused type args: [K][0m
  [34mUnused type args: [K][0m
  [34mUnused type args: [K][0m
  [34mUnused type args: [K, V][0m
  [34mUnused type args: [K, V][0m
  [34mUnused type args: [K, V][0m
  [34mUnused type args: [K, V][0m
  [34mUnused type args: [K][0m
  [34mIgnoring implicit executable reference: (CtExecutableReferenceImpl) <init>[0m
  [34mIgnoring implicit executable reference: (CtExecutableReferenceImpl) <init>[0m
  [34mIgnoring implicit executable reference: (CtExecutableReferenceImpl) <init>[0m
  [34mIgnoring implicit executable reference: (CtExecutableReferenceImpl) <init>[0m
  [34mUnused type args: [K, V][0m
  [34mUnused type args: [K, V][0m
  [34mUnused type args: [K, V][0m
  [34mUnused type args: [K][0m
  [34mUnused type args: [K, V][0m
  [34mUnused type args: [? @ src/main/java/org/apache/commons/collections4/keyvalue/DefaultKeyValue.java:134:31, ? @ src/main/java/org/apache/commons/collections4/keyvalue/DefaultKeyValue.java:134:34][0m
  [34mUnused type args: [? @ src/main/java/org/apache/commons/collections4/keyvalue/DefaultKeyValue.java:134:62, ? @ src/main/java/org/apache/commons/collections4/keyvalue/DefaultKeyValue.java:134:65][0m
  [34mUnused type args: [K, V][0m
  [34mUnused type args: [?, ?][0m
  [34mUnused type args: [K, V][0m
  [34mUnused type args: [?, ?][0m
  [34mUnused type args: [K, V][0m
  [34mUnused type args: [?, ?][0m
  [34mUnused type args: [K, V][0m
  [34mUnused type args: [?, ?][0m
  [34mUnused type args: [K][0m
  [34mIgnoring implicit executable reference: (CtExecutableReferenceImpl) <init>[0m
  [34mIgnoring implicit executable reference: (CtExecutableReferenceImpl) <init>[0m
  [34mUnused type args: [?, ?][0m
  [34mUnused type args: [?, ?][0m
  [34mIgnoring implicit executable reference: (CtExecutableReferenceImpl) <init>[0m
  [34mIgnoring implicit executable reference: (CtExecutableReferenceImpl) <init>[0m
  [34mUnused type args: [K, V][0m
  [34mUnused type args: [K, V][0m
  [34mUnused type args: [K, V][0m
  [34mUnused type args: [K, V][0m
  [34mUnused type args: [K, V][0m
  [34mUnused type args: [K, V][0m
  [34mUnused type args: [K, V][0m
  [34mUnused type args: [K][0m
  [34mUnused type args: [K][0m
  [34mIgnoring implicit executable reference: (CtExecutableReferenceImpl) <init>[0m
  [34mIgnoring implicit executable reference: (CtExecutableReferenceImpl) <init>[0m
  [34mUnused type args: [K, V][0m
  [34mIgnoring implicit executable reference: (CtExecutableReferenceImpl) <init>[0m
  [34mUnused type args: [K, V][0m
  [34mUnused type args: [K, V][0m
  [34mUnused type args: [K, V][0m
  [34mUnused type args: [K, V][0m
  [34mUnused type args: [K, V][0m
  [34mUnused type args: [K, V][0m
  [34mUnused type args: [? @ src/main/java/org/apache/commons/collections4/keyvalue/AbstractMapEntry.java:72:25, ? @ src/main/java/org/apache/commons/collections4/keyvalue/AbstractMapEntry.java:72:28][0m
  [34mUnused type args: [? @ src/main/java/org/apache/commons/collections4/keyvalue/AbstractMapEntry.java:72:50, ? @ src/main/java/org/apache/commons/collections4/keyvalue/AbstractMapEntry.java:72:53][0m
  [34mUnused type args: [K, V][0m
  [34mUnused type args: [?, ?][0m
  [34mUnused type args: [K, V][0m
  [34mUnused type args: [?, ?][0m
  [34mUnused type args: [K, V][0m
  [34mUnused type args: [?, ?][0m
  [34mUnused type args: [K, V][0m
  [34mUnused type args: [?, ?][0m
  [34mUnused type args: [K, V][0m
  [34mUnused type args: [K, V][0m
  [34mUnused type args: [K, V][0m
  [34mUnused type args: [K, V][0m
  [34mUnused type args: [K, V][0m
  [34mIgnoring implicit executable reference: (CtExecutableReferenceImpl) <init>[0m
  [34mUnused type args: [K, V][0m
  [34mIgnoring implicit executable reference: (CtExecutableReferenceImpl) <init>[0m
  [34mIgnoring implicit executable reference: (CtExecutableReferenceImpl) <init>[0m
  [34mUnused type args: [?, ?][0m
  [34mUnused type args: [?, ?][0m
  [34mUnused type args: [K, V][0m
  [34mUnused type args: [K, V][0m
  [34mUnused type args: [K, V][0m
  [34mUnused type args: [K, V][0m
  [34mUnused type args: [K, V][0m
  [34mIgnoring implicit executable reference: (CtExecutableReferenceImpl) <init>[0m
  [34mUnused type args: [K, V][0m
  [34mUnused type args: [K, V][0m
  [34mUnused type args: [K, V][0m
  [34mIgnoring implicit executable reference: (CtExecutableReferenceImpl) <init>[0m
  [34mIgnoring implicit executable reference: (CtExecutableReferenceImpl) <init>[0m
  [34mUnused type args: [K, V][0m
  [34mUnused type args: [K, V][0m
  [34mUnused type args: [K, V][0m
  [34mUnused type args: [K, V][0m
  [34mUnused type args: [K][0m
  [34mUnused type args: [K][0m
  [34mUnused type args: [K][0m
  [34mUnused type args: [K][0m
  [34mIgnoring implicit executable reference: (CtExecutableReferenceImpl) <init>[0m
  [34mIgnoring implicit executable reference: (CtExecutableReferenceImpl) <init>[0m
  [34mUnused type args: [?, ?][0m
  [34mUnused type args: [?, ?][0m
  [34mIgnoring implicit executable reference: (CtExecutableReferenceImpl) <init>[0m
  [34mIgnoring implicit executable reference: (CtExecutableReferenceImpl) <init>[0m
  [34mUnused type args: [?, ?][0m
  [34mUnused type args: [?, ?][0m
  [34mIgnoring implicit executable reference: (CtExecutableReferenceImpl) <init>[0m
  [34mIgnoring implicit executable reference: (CtExecutableReferenceImpl) <init>[0m
  [34mUnused type args: [?, ?][0m
  [34mUnused type args: [?, ?][0m
  [34mIgnoring implicit executable reference: (CtExecutableReferenceImpl) <init>[0m
  [34mIgnoring implicit executable reference: (CtExecutableReferenceImpl) <init>[0m
  [34mIgnoring implicit executable reference: (CtExecutableReferenceImpl) <init>[0m
  [34mIgnoring implicit executable reference: (CtExecutableReferenceImpl) <init>[0m
  [34mIgnoring implicit executable reference: (CtExecutableReferenceImpl) <init>[0m
  [34mUnused type args: [K, V][0m
  [34mUnused type args: [K, V][0m
  [34mUnused type args: [K, V][0m
  [34mUnused type args: [K, V][0m
  [34mUnused type args: [K, V][0m
  [34mUnused type args: [K, V][0m
  [34mUnused type args: [K, V][0m
  [34mUnused type args: [K, V][0m
  [34mUnused type args: [K, V][0m
  [34mUnused type args: [K, V][0m
  [34mIgnoring implicit executable reference: (CtExecutableReferenceImpl) <init>[0m
  [34mUnused type args: [K, V][0m
  [34mUnused type args: [K, V][0m
  [34mUnused type args: [K, V][0m
  [34mUnused type args: [K][0m
  [34mIgnoring implicit executable reference: (CtExecutableReferenceImpl) <init>[0m
  [34mIgnoring implicit executable reference: (CtExecutableReferenceImpl) <init>[0m
  [34mIgnoring implicit executable reference: (CtExecutableReferenceImpl) <init>[0m
  [34mIgnoring implicit executable reference: (CtExecutableReferenceImpl) <init>[0m
  getting parent type for (CtClassImpl) SynchronizedBagSet @ src/main/java/org/apache/commons/collections4/bag/SynchronizedBag.java:137:11
  [34mIgnoring implicit executable reference: (CtExecutableReferenceImpl) <init>[0m
  [34mUnused type args: [E][0m
  [34mUnused type args: [E][0m
  [34mUnused type args: [E @ src/main/java/org/apache/commons/collections4/bag/CollectionBag.java:92:35][0m
  [34mIgnoring implicit executable reference: (CtExecutableReferenceImpl) <init>[0m
  [34mUnused type args: [E][0m
  [34mUnused type args: [E][0m
  [34mUnused type args: [E][0m
  [34mUnused type args: [E][0m
  [34mIgnoring implicit executable reference: (CtExecutableReferenceImpl) <init>[0m
  [34mIgnoring implicit executable reference: (CtExecutableReferenceImpl) <init>[0m
  [34mIgnoring implicit executable reference: (CtExecutableReferenceImpl) <init>[0m
  [34mUnused type args: [E @ src/main/java/org/apache/commons/collections4/bag/UnmodifiableBag.java:154:19][0m
  [34mUnused type args: [E][0m
  [34mUnused type args: [E][0m
  [34mUnused type args: [E][0m
  [34mUnused type args: [E @ src/main/java/org/apache/commons/collections4/bag/UnmodifiableBag.java:155:33][0m
  [34mUnused type args: [E][0m
  [34mUnused type args: [?][0m
  [34mUnused type args: [E][0m
  [34mIgnoring implicit executable reference: (CtExecutableReferenceImpl) <init>[0m
  [34mIgnoring implicit executable reference: (CtExecutableReferenceImpl) <init>[0m
  [34mUnused type args: [E][0m
  [34mUnused type args: [E][0m
  [34mUnused type args: [E][0m
  [34mUnused type args: [E][0m
  [34mIgnoring implicit executable reference: (CtExecutableReferenceImpl) <init>[0m
  [34mIgnoring implicit executable reference: (CtExecutableReferenceImpl) <init>[0m
  [34mUnused type args: [E][0m
  [34mUnused type args: [?][0m
  [34mUnused type args: [?][0m
  [34mUnused type args: [? @ src/main/java/org/apache/commons/collections4/bag/CollectionBag.java:138:24][0m
  [34mUnused type args: [?][0m
  [34mUnused type args: [?][0m
  [34mUnused type args: [?][0m
  [34mUnused type args: [E][0m
  [34mUnused type args: [?][0m
  [34mUnused type args: [? @ src/main/java/org/apache/commons/collections4/bag/CollectionBag.java:111:24][0m
  [34mUnused type args: [?][0m
  [34mUnused type args: [?][0m
  [34mUnused type args: [?][0m
  [34mUnused type args: [E][0m
  [34mUnused type args: [?][0m
  [34mIgnoring implicit executable reference: (CtExecutableReferenceImpl) <init>[0m
  [34mIgnoring implicit executable reference: (CtExecutableReferenceImpl) <init>[0m
  [34mUnused type args: [E][0m
  [34mUnused type args: [?][0m
  [34mUnused type args: [E][0m
  [34mUnused type args: [?][0m
  [34mUnused type args: [?][0m
  [34mUnused type args: [? @ src/main/java/org/apache/commons/collections4/bag/CollectionBag.java:174:28][0m
  [34mUnused type args: [?][0m
  [34mUnused type args: [?][0m
  [34mUnused type args: [?][0m
  [34mUnused type args: [?][0m
  [34mUnused type args: [E][0m
  [34mUnused type args: [E][0m
  [34mUnused type args: [E][0m
  [34mUnused type args: [E][0m
  [34mUnused type args: [?][0m
  [34mUnused type args: [E][0m
  [34mUnused type args: [E][0m
  [34mUnused type args: [E][0m
  [34mUnused type args: [E][0m
  [34mUnused type args: [?][0m
  [34mIgnoring implicit executable reference: (CtExecutableReferenceImpl) <init>[0m
  [34mUnused type args: [E @ src/main/java/org/apache/commons/collections4/bag/SynchronizedBag.java:51:36][0m
  [34mUnused type args: [E][0m
  [34mUnused type args: [E][0m
  [34mUnused type args: [E][0m
  [34mUnused type args: [E][0m
  [34mUnused type args: [E @ src/main/java/org/apache/commons/collections4/bag/CollectionSortedBag.java:84:35][0m
  [34mIgnoring implicit executable reference: (CtExecutableReferenceImpl) <init>[0m
  [34mUnused type args: [E][0m
  [34mUnused type args: [E][0m
  [34mUnused type args: [E][0m
  [34mUnused type args: [E][0m
  [34mUnused type args: [E][0m
  [34mUnused type args: [E @ src/main/java/org/apache/commons/collections4/bag/UnmodifiableBag.java:102:35][0m
  [34mUnused type args: [E][0m
  [34mUnused type args: [E][0m
  [34mUnused type args: [E][0m
  [34mUnused type args: [E][0m
  [34mUnused type args: [E][0m
  [34mUnused type args: [E][0m
  [34mUnused type args: [E][0m
  [34mUnused type args: [E][0m
  [34mUnused type args: [E][0m
  [34mUnused type args: [E][0m
  [34mUnused type args: [E][0m
  [34mUnused type args: [E][0m
  [34mUnused type args: [E][0m
  [34mUnused type args: [E][0m
  [34mUnused type args: [E][0m
  [34mIgnoring implicit executable reference: (CtExecutableReferenceImpl) <init>[0m
  [34mIgnoring implicit executable reference: (CtExecutableReferenceImpl) <init>[0m
  [34mUnused type args: [E][0m
  [34mUnused type args: [E][0m
  [34mIgnoring implicit executable reference: (CtExecutableReferenceImpl) <init>[0m
  [34mIgnoring implicit executable reference: (CtExecutableReferenceImpl) <init>[0m
  [34mUnused type args: [E][0m
  [34mUnused type args: [E][0m
  [34mUnused type args: [E][0m
  [34mUnused type args: [E][0m
  [34mUnused type args: [E][0m
  [34mUnused type args: [E][0m
  [34mUnused type args: [E][0m
  [34mUnused type args: [E][0m
  [34mUnused type args: [E][0m
  [34mUnused type args: [E][0m
  [34mUnused type args: [E @ src/main/java/org/apache/commons/collections4/bag/AbstractSortedBagDecorator.java:62:27][0m
  [34mUnused type args: [E][0m
  [34mUnused type args: [E][0m
  [34mIgnoring implicit executable reference: (CtExecutableReferenceImpl) <init>[0m
  [34mIgnoring implicit executable reference: (CtExecutableReferenceImpl) <init>[0m
  [34mIgnoring implicit executable reference: (CtExecutableReferenceImpl) <init>[0m
  [34mIgnoring implicit executable reference: (CtExecutableReferenceImpl) <init>[0m
  [34mUnused type args: [E, org.apache.commons.collections4.bag.AbstractMapBag$MutableInteger][0m
  [34mIgnoring implicit executable reference: (CtExecutableReferenceImpl) <init>[0m
  [34mUnused type args: [E @ src/main/java/org/apache/commons/collections4/bag/TreeBag.java:53:27, org.apache.commons.collections4.bag.AbstractMapBag$MutableInteger @ src/main/java/org/apache/commons/collections4/bag/TreeBag.java:53:30][0m
  [34mUnused type args: [E][0m
  [34mUnused type args: [E @ src/main/java/org/apache/commons/collections4/bag/SynchronizedBag.java:121:23][0m
  [34mUnused type args: [E][0m
  [34mUnused type args: [E][0m
  [34mUnused type args: [E][0m
  [34mIgnoring implicit executable reference: (CtExecutableReferenceImpl) <init>[0m
  [34mUnused type args: [E][0m
  [34mUnused type args: [E][0m
  [34mUnused type args: [E][0m
  [34mUnused type args: [E][0m
  [34mUnused type args: [E @ src/main/java/org/apache/commons/collections4/bag/PredicatedSortedBag.java:88:27][0m
  [34mUnused type args: [E][0m
  [34mUnused type args: [E][0m
  [34mUnused type args: [E][0m
  [34mUnused type args: [E][0m
  [34mIgnoring implicit executable reference: (CtExecutableReferenceImpl) <init>[0m
  [34mIgnoring implicit executable reference: (CtExecutableReferenceImpl) <init>[0m
  [34mUnused type args: [?][0m
  [34mUnused type args: [E @ src/main/java/org/apache/commons/collections4/bag/UnmodifiableBag.java:61:23][0m
  [34mUnused type args: [E @ src/main/java/org/apache/commons/collections4/bag/UnmodifiableBag.java:61:40][0m
  [34mUnused type args: [?][0m
  [34mUnused type args: [E][0m
  [34mIgnoring implicit executable reference: (CtExecutableReferenceImpl) <init>[0m
  [34mUnused type args: [E @ src/main/java/org/apache/commons/collections4/bag/UnmodifiableBag.java:64:36][0m
  [34mUnused type args: [?][0m
  [34mUnused type args: [?][0m
  [34mUnused type args: [E][0m
  [34mUnused type args: [E][0m
  [34mUnused type args: [E][0m
  [34mUnused type args: [E][0m
  [34mUnused type args: [?][0m
  [34mUnused type args: [E][0m
  [34mUnused type args: [E @ src/main/java/org/apache/commons/collections4/bag/UnmodifiableSortedBag.java:151:19][0m
  [34mUnused type args: [E][0m
  [34mUnused type args: [E][0m
  [34mUnused type args: [E][0m
  [34mUnused type args: [E][0m
  [34mUnused type args: [E][0m
  [34mUnused type args: [?][0m
  [34mUnused type args: [E][0m
  [34mUnused type args: [E][0m
  [34mUnused type args: [E][0m
  [34mUnused type args: [E][0m
  [34mUnused type args: [E][0m
  [34mUnused type args: [? @ src/main/java/org/apache/commons/collections4/bag/CollectionSortedBag.java:93:24][0m
  [34mUnused type args: [?][0m
  [34mUnused type args: [?][0m
  [34mUnused type args: [?][0m
  [34mUnused type args: [E][0m
  [34mUnused type args: [?][0m
  [34mUnused type args: [E][0m
  [34mUnused type args: [E][0m
  [34mUnused type args: [?][0m
  [34mIgnoring implicit executable reference: (CtExecutableReferenceImpl) <init>[0m
  [34mUnused type args: [E @ src/main/java/org/apache/commons/collections4/bag/TransformedSortedBag.java:57:41][0m
  [34mUnused type args: [E][0m
  [34mUnused type args: [?, ?][0m
  [34mUnused type args: [E][0m
  [34mUnused type args: [?, ?][0m
  [34mUnused type args: [? @ src/main/java/org/apache/commons/collections4/bag/TreeBag.java:136:26][0m
  [34mUnused type args: [? @ src/main/java/org/apache/commons/collections4/bag/TreeBag.java:136:56][0m
  [34mUnused type args: [E][0m
  [34mUnused type args: [E, org.apache.commons.collections4.bag.AbstractMapBag$MutableInteger][0m
  [34mIgnoring implicit executable reference: (CtExecutableReferenceImpl) <init>[0m
  [34mUnused type args: [E @ src/main/java/org/apache/commons/collections4/bag/TreeBag.java:137:40, org.apache.commons.collections4.bag.AbstractMapBag$MutableInteger @ src/main/java/org/apache/commons/collections4/bag/TreeBag.java:137:43][0m
  [34mUnused type args: [?][0m
  [34mUnused type args: [?][0m
  [34mUnused type args: [E][0m
  [34mUnused type args: [E][0m
  [34mUnused type args: [E][0m
  [34mUnused type args: [E @ src/main/java/org/apache/commons/collections4/bag/SynchronizedBag.java:82:21][0m
  [34mUnused type args: [E][0m
  [34mUnused type args: [E][0m
  [34mIgnoring implicit executable reference: (CtExecutableReferenceImpl) <init>[0m
  [34mIgnoring implicit executable reference: (CtExecutableReferenceImpl) <init>[0m
  [34mUnused type args: [E][0m
  [34mUnused type args: [E @ src/main/java/org/apache/commons/collections4/bag/UnmodifiableBag.java:76:20][0m
  [34mUnused type args: [?][0m
  [34mIgnoring implicit executable reference: (CtExecutableReferenceImpl) <init>[0m
  [34mIgnoring implicit executable reference: (CtExecutableReferenceImpl) <init>[0m
  [34mUnused type args: [E][0m
  [34mUnused type args: [E][0m
  [34mIgnoring implicit executable reference: (CtExecutableReferenceImpl) <init>[0m
  [34mUnused type args: [E][0m
  [34mUnused type args: [E][0m
  [34mUnused type args: [E @ src/main/java/org/apache/commons/collections4/bag/UnmodifiableSortedBag.java:99:35][0m
  [34mIgnoring implicit executable reference: (CtExecutableReferenceImpl) <init>[0m
  [34mUnused type args: [E @ src/main/java/org/apache/commons/collections4/bag/TransformedSortedBag.java:78:36][0m
  [34mIgnoring implicit executable reference: (CtExecutableReferenceImpl) <init>[0m
  [34mUnused type args: [E @ src/main/java/org/apache/commons/collections4/bag/TransformedSortedBag.java:78:77][0m
  [34mUnused type args: [E][0m
  [34mUnused type args: [?, ?][0m
  [34mUnused type args: [E][0m
  [34mUnused type args: [?, ?][0m
  [34mUnused type args: [E][0m
  [34mUnused type args: [E][0m
  [34mUnused type args: [E][0m
  [34mUnused type args: [E][0m
  [34mUnused type args: [E][0m
  [34mUnused type args: [?, ?][0m
  [34mUnused type args: [E][0m
  [34mUnused type args: [?][0m
  [34mUnused type args: [E @ src/main/java/org/apache/commons/collections4/bag/CollectionBag.java:208:28][0m
  [34mUnused type args: [E][0m
  [34mUnused type args: [E][0m
  [34mUnused type args: [E][0m
  [34mUnused type args: [?][0m
  [34mUnused type args: [E][0m
  [34mUnused type args: [E][0m
  [34mUnused type args: [E][0m
  [34mUnused type args: [E][0m
  [34mUnused type args: [?][0m
  [34mIgnoring implicit executable reference: (CtExecutableReferenceImpl) <init>[0m
  [34mIgnoring implicit executable reference: (CtExecutableReferenceImpl) <init>[0m
  [34mUnused type args: [E][0m
  [34mUnused type args: [?, ?][0m
  [34mUnused type args: [E][0m
  [34mUnused type args: [?, ?][0m
  [34mIgnoring implicit executable reference: (CtExecutableReferenceImpl) <init>[0m
  [34mUnused type args: [E @ src/main/java/org/apache/commons/collections4/bag/TransformedBag.java:58:35][0m
  [34mUnused type args: [E][0m
  [34mUnused type args: [?, ?][0m
  [34mUnused type args: [E][0m
  [34mUnused type args: [?, ?][0m
  [34mIgnoring implicit executable reference: (CtExecutableReferenceImpl) <init>[0m
  [34mUnused type args: [E @ src/main/java/org/apache/commons/collections4/bag/SynchronizedSortedBag.java:51:42][0m
  [34mUnused type args: [E][0m
  [34mUnused type args: [E][0m
  [34mUnused type args: [E][0m
  [34mUnused type args: [E][0m
  [34mUnused type args: [?][0m
  [34mUnused type args: [E][0m
  [34mUnused type args: [E][0m
  [34mUnused type args: [E][0m
  [34mUnused type args: [E][0m
  [34mUnused type args: [?][0m
  [34mIgnoring implicit executable reference: (CtExecutableReferenceImpl) <init>[0m
  [34mIgnoring implicit executable reference: (CtExecutableReferenceImpl) <init>[0m
  [34mUnused type args: [?][0m
  [34mUnused type args: [E][0m
  [34mIgnoring implicit executable reference: (CtExecutableReferenceImpl) <init>[0m
  [34mIgnoring implicit executable reference: (CtExecutableReferenceImpl) <init>[0m
  [34mIgnoring implicit executable reference: (CtExecutableReferenceImpl) <init>[0m
  [34mUnused type args: [E][0m
  [34mUnused type args: [E][0m
  [34mUnused type args: [E][0m
  [34mUnused type args: [E][0m
  [34mUnused type args: [E][0m
  [34mUnused type args: [E @ src/main/java/org/apache/commons/collections4/bag/SynchronizedSortedBag.java:82:27][0m
  [34mUnused type args: [E][0m
  [34mUnused type args: [E][0m
  [34mIgnoring implicit executable reference: (CtExecutableReferenceImpl) <init>[0m
  [34mIgnoring implicit executable reference: (CtExecutableReferenceImpl) <init>[0m
  [34mUnused type args: [E][0m
  [34mUnused type args: [E][0m
  [34mIgnoring implicit executable reference: (CtExecutableReferenceImpl) <init>[0m
  [34mIgnoring implicit executable reference: (CtExecutableReferenceImpl) <init>[0m
  [34mUnused type args: [E][0m
  [34mUnused type args: [E][0m
  [34mUnused type args: [E][0m
  [34mUnused type args: [E][0m
  [34mUnused type args: [E @ src/main/java/org/apache/commons/collections4/bag/TreeBag.java:117:27, org.apache.commons.collections4.bag.AbstractMapBag$MutableInteger @ src/main/java/org/apache/commons/collections4/bag/TreeBag.java:117:30][0m
  [34mUnused type args: [E][0m
  [34mUnused type args: [E, org.apache.commons.collections4.bag.AbstractMapBag$MutableInteger][0m
  [34mUnused type args: [E][0m
  [34mIgnoring implicit executable reference: (CtExecutableReferenceImpl) <init>[0m
  [34mIgnoring implicit executable reference: (CtExecutableReferenceImpl) <init>[0m
  [34mUnused type args: [E][0m
  [34mUnused type args: [E][0m
  [34mIgnoring implicit executable reference: (CtExecutableReferenceImpl) <init>[0m
  [34mUnused type args: [E @ src/main/java/org/apache/commons/collections4/bag/TransformedBag.java:110:21][0m
  [34mUnused type args: [E][0m
  [34mUnused type args: [E][0m
  [34mUnused type args: [E @ src/main/java/org/apache/commons/collections4/bag/TransformedBag.java:77:30][0m
  [34mIgnoring implicit executable reference: (CtExecutableReferenceImpl) <init>[0m
  [34mUnused type args: [E @ src/main/java/org/apache/commons/collections4/bag/TransformedBag.java:77:64][0m
  [34mUnused type args: [E][0m
  [34mUnused type args: [?, ?][0m
  [34mUnused type args: [E][0m
  [34mUnused type args: [?, ?][0m
  [34mUnused type args: [E][0m
  [34mUnused type args: [E][0m
  [34mUnused type args: [E][0m
  [34mUnused type args: [E][0m
  [34mUnused type args: [E][0m
  [34mUnused type args: [?, ?][0m
  [34mUnused type args: [E][0m
  [34mUnused type args: [E][0m
  [34mUnused type args: [E][0m
  [34mUnused type args: [E][0m
  [34mUnused type args: [E][0m
  [34mUnused type args: [E][0m
  [34mUnused type args: [?][0m
  [34mUnused type args: [E][0m
  [34mUnused type args: [E][0m
  [34mIgnoring implicit executable reference: (CtExecutableReferenceImpl) <init>[0m
  [34mUnused type args: [E @ src/main/java/org/apache/commons/collections4/bag/UnmodifiableSortedBag.java:62:42][0m
  [34mUnused type args: [E][0m
  [34mUnused type args: [E][0m
  [34mUnused type args: [?][0m
  [34mUnused type args: [E @ src/main/java/org/apache/commons/collections4/bag/CollectionSortedBag.java:144:28][0m
  [34mUnused type args: [E][0m
  [34mUnused type args: [E][0m
  [34mUnused type args: [E][0m
  [34mUnused type args: [?][0m
  [34mUnused type args: [E][0m
  [34mUnused type args: [E][0m
  [34mUnused type args: [E][0m
  [34mUnused type args: [E][0m
  [34mUnused type args: [?][0m
  [34mIgnoring implicit executable reference: (CtExecutableReferenceImpl) <init>[0m
  [34mIgnoring implicit executable reference: (CtExecutableReferenceImpl) <init>[0m
  [34mIgnoring implicit executable reference: (CtExecutableReferenceImpl) <init>[0m
  [34mIgnoring implicit executable reference: (CtExecutableReferenceImpl) <init>[0m
  [34mUnused type args: [E][0m
  [34mUnused type args: [?, ?][0m
  [34mUnused type args: [E][0m
  [34mUnused type args: [?, ?][0m
  [34mUnused type args: [E][0m
  [34mUnused type args: [E][0m
  [34mUnused type args: [E][0m
  [34mUnused type args: [E, org.apache.commons.collections4.bag.AbstractMapBag$MutableInteger][0m
  [34mIgnoring implicit executable reference: (CtExecutableReferenceImpl) <init>[0m
  [34mUnused type args: [E][0m
  [34mUnused type args: [E][0m
  [34mUnused type args: [E][0m
  [34mUnused type args: [E][0m
  [34mIgnoring implicit executable reference: (CtExecutableReferenceImpl) <init>[0m
  [34mUnused type args: [E @ src/main/java/org/apache/commons/collections4/bag/CollectionSortedBag.java:47:40][0m
  [34mUnused type args: [E][0m
  [34mUnused type args: [E][0m
  [34mUnused type args: [E][0m
  [34mUnused type args: [E][0m
  [34mUnused type args: [E @ src/main/java/org/apache/commons/collections4/bag/TransformedBag.java:144:19][0m
  [34mUnused type args: [E][0m
  [34mUnused type args: [E][0m
  [34mUnused type args: [E][0m
  [34mUnused type args: [E @ src/main/java/org/apache/commons/collections4/bag/TransformedBag.java:145:32][0m
  [34mUnused type args: [E][0m
  [34mUnused type args: [E][0m
  [34mUnused type args: [?, ?][0m
  [34mUnused type args: [E][0m
  [34mUnused type args: [E][0m
  [34mUnused type args: [?, ?][0m
  [34mUnused type args: [E @ src/main/java/org/apache/commons/collections4/bag/AbstractBagDecorator.java:63:21][0m
  [34mUnused type args: [E][0m
  [34mUnused type args: [E][0m
  [34mIgnoring implicit executable reference: (CtExecutableReferenceImpl) <init>[0m
  [34mUnused type args: [E @ src/main/java/org/apache/commons/collections4/bag/PredicatedSortedBag.java:63:40][0m
  [34mUnused type args: [E][0m
  [34mUnused type args: [?][0m
  [34mUnused type args: [E][0m
  [34mUnused type args: [?][0m
  [34mIgnoring implicit executable reference: (CtExecutableReferenceImpl) <init>[0m
  [34mIgnoring implicit executable reference: (CtExecutableReferenceImpl) <init>[0m
  [34mUnused type args: [E][0m
  [34mUnused type args: [E][0m
  [34mUnused type args: [E][0m
  [34mUnused type args: [E][0m
  [34mUnused type args: [E][0m
  [34mUnused type args: [E][0m
  [34mUnused type args: [E][0m
  [34mUnused type args: [E][0m
  [34mUnused type args: [?][0m
  [34mUnused type args: [E][0m
  [34mUnused type args: [E, org.apache.commons.collections4.bag.AbstractMapBag$MutableInteger][0m
  [34mUnused type args: [E][0m
  [34mUnused type args: [E][0m
  [34mUnused type args: [E][0m
  [34mUnused type args: [E][0m
  [34mUnused type args: [E][0m
  [34mUnused type args: [E][0m
  [34mUnused type args: [? @ src/main/java/org/apache/commons/collections4/bag/CollectionSortedBag.java:110:24][0m
  [34mUnused type args: [?][0m
  [34mUnused type args: [?][0m
  [34mUnused type args: [?][0m
  [34mUnused type args: [E][0m
  [34mUnused type args: [?][0m
  [34mUnused type args: [E @ src/main/java/org/apache/commons/collections4/bag/TransformedSortedBag.java:111:27][0m
  [34mUnused type args: [E][0m
  [34mUnused type args: [E][0m
  [34mIgnoring implicit executable reference: (CtExecutableReferenceImpl) <init>[0m
  [34mIgnoring implicit executable reference: (CtExecutableReferenceImpl) <init>[0m
  [34mUnused type args: [E][0m
  [34mUnused type args: [E][0m
  [34mIgnoring implicit executable reference: (CtExecutableReferenceImpl) <init>[0m
  [34mUnused type args: [E @ src/main/java/org/apache/commons/collections4/bag/CollectionBag.java:55:34][0m
  [34mUnused type args: [E][0m
  [34mUnused type args: [E][0m
  [34mIgnoring implicit executable reference: (CtExecutableReferenceImpl) <init>[0m
  [34mUnused type args: [?][0m
  [34mUnused type args: [? @ src/main/java/org/apache/commons/collections4/bag/CollectionSortedBag.java:127:28][0m
  [34mUnused type args: [?][0m
  [34mUnused type args: [?][0m
  [34mUnused type args: [?][0m
  [34mUnused type args: [?][0m
  [34mUnused type args: [E][0m
  [34mUnused type args: [E][0m
  [34mUnused type args: [E][0m
  [34mUnused type args: [E][0m
  [34mUnused type args: [?][0m
  [34mUnused type args: [E][0m
  [34mUnused type args: [E][0m
  [34mUnused type args: [E @ src/main/java/org/apache/commons/collections4/bag/UnmodifiableBag.java:108:38][0m
  [34mUnused type args: [E][0m
  [34mUnused type args: [?][0m
  [34mUnused type args: [E][0m
  [34mUnused type args: [E][0m
  [34mUnused type args: [E][0m
  [34mIgnoring implicit executable reference: (CtExecutableReferenceImpl) <init>[0m
  [34mIgnoring implicit executable reference: (CtExecutableReferenceImpl) <init>[0m
  [34mUnused type args: [E, org.apache.commons.collections4.bag.AbstractMapBag$MutableInteger][0m
  [34mIgnoring implicit executable reference: (CtExecutableReferenceImpl) <init>[0m
  [34mUnused type args: [E @ src/main/java/org/apache/commons/collections4/bag/TreeBag.java:63:27, org.apache.commons.collections4.bag.AbstractMapBag$MutableInteger @ src/main/java/org/apache/commons/collections4/bag/TreeBag.java:63:30][0m
  [34mUnused type args: [?][0m
  [34mUnused type args: [?][0m
  [34mUnused type args: [E][0m
  [34mUnused type args: [E, org.apache.commons.collections4.bag.AbstractMapBag$MutableInteger][0m
  [34mUnused type args: [?][0m
  [34mIgnoring implicit executable reference: (CtExecutableReferenceImpl) <init>[0m
  [34mIgnoring implicit executable reference: (CtExecutableReferenceImpl) <init>[0m
  [34mUnused type args: [E][0m
  [34mUnused type args: [E][0m
  [34mIgnoring implicit executable reference: (CtExecutableReferenceImpl) <init>[0m
  [34mUnused type args: [E @ src/main/java/org/apache/commons/collections4/set/TransformedSet.java:58:35][0m
  [34mUnused type args: [E][0m
  [34mUnused type args: [?, ?][0m
  [34mUnused type args: [E][0m
  [34mUnused type args: [?, ?][0m
  [34mUnused type args: [E @ src/main/java/org/apache/commons/collections4/set/TransformedSet.java:77:30][0m
  [34mIgnoring implicit executable reference: (CtExecutableReferenceImpl) <init>[0m
  [34mUnused type args: [E @ src/main/java/org/apache/commons/collections4/set/TransformedSet.java:77:64][0m
  [34mUnused type args: [E][0m
  [34mUnused type args: [?, ?][0m
  [34mUnused type args: [E][0m
  [34mUnused type args: [?, ?][0m
  [34mUnused type args: [E][0m
  [34mUnused type args: [E][0m
  [34mUnused type args: [E][0m
  [34mUnused type args: [E][0m
  [34mUnused type args: [E][0m
  [34mUnused type args: [?, ?][0m
  [34mUnused type args: [E][0m
  [34mUnused type args: [E][0m
  [34mUnused type args: [E][0m
  [34mUnused type args: [E][0m
  [34mIgnoring implicit executable reference: (CtExecutableReferenceImpl) <init>[0m
  [34mIgnoring implicit executable reference: (CtExecutableReferenceImpl) <init>[0m
  [34mUnused type args: [E][0m
  [34mUnused type args: [?, ?][0m
  [34mUnused type args: [E][0m
  [34mUnused type args: [?, ?][0m
  [34mUnused type args: [E][0m
  [34mUnused type args: [E][0m
  [34mIgnoring implicit executable reference: (CtExecutableReferenceImpl) <init>[0m
  [34mIgnoring implicit executable reference: (CtExecutableReferenceImpl) <init>[0m
  [34mUnused type args: [K, V][0m
  [34mIgnoring implicit executable reference: (CtExecutableReferenceImpl) <init>[0m
  [34mUnused type args: [K, V][0m
  [34mUnused type args: [K, V][0m
  [34mUnused type args: [K, V][0m
  [34mUnused type args: [K, V][0m
  [34mUnused type args: [K, V][0m
  [34mUnused type args: [K, V][0m
  [34mUnused type args: [K, V][0m
  [34mUnused type args: [J, K, U, V][0m
  [34mUnused type args: [?, ?][0m
  [34mUnused type args: [K, V][0m
  [34mUnused type args: [K, V][0m
  [34mUnused type args: [K, V][0m
  [34mUnused type args: [K, V][0m
  [34mUnused type args: [K][0m
  [34mUnused type args: [K, V][0m
  [34mUnused type args: [K, V][0m
  [34mUnused type args: [K, V][0m
  [34mUnused type args: [K, V][0m
  [34mUnused type args: [K, V][0m
  [34mUnused type args: [K, V][0m
  [34mUnused type args: [V][0m
  [34mUnused type args: [J, K, U, V][0m
  [34mUnused type args: [K, V][0m
  [34mUnused type args: [K, V][0m
  [34mUnused type args: [K, V][0m
  [34mUnused type args: [java.util.Map$Entry][0m
  [34mUnused type args: [K, V][0m
  [34mUnused type args: [K, V][0m
  [34mUnused type args: [K, V][0m
  Pending package org.apache.commons.collections4.map
  [34mIgnoring implicit executable reference: (CtExecutableReferenceImpl) <init>[0m
  [34mUnused type args: [K @ src/main/java/org/apache/commons/collections4/splitmap/AbstractIterableGetMapDecorator.java:118:49, V @ src/main/java/org/apache/commons/collections4/splitmap/AbstractIterableGetMapDecorator.java:118:52][0m
  [34mUnused type args: [java.util.Map$Entry][0m
  [34mUnused type args: [K, V][0m
  [34mUnused type args: [K, V][0m
  [34mUnused type args: [java.util.Map$Entry][0m
  [34mUnused type args: [K, V][0m
  [34mUnused type args: [J, K, U, V][0m
  [34mUnused type args: [?, ?][0m
  [34mUnused type args: [?, ?][0m
  [34mUnused type args: [K @ src/main/java/org/apache/commons/collections4/splitmap/TransformedSplitMap.java:181:25, V @ src/main/java/org/apache/commons/collections4/splitmap/TransformedSplitMap.java:181:28][0m
  [34mUnused type args: [?, ?][0m
  [34mUnused type args: [K @ src/main/java/org/apache/commons/collections4/splitmap/TransformedSplitMap.java:183:19, V @ src/main/java/org/apache/commons/collections4/splitmap/TransformedSplitMap.java:183:22][0m
  getting parent type for (CtClassImpl) EntrySet @ src/main/java/org/apache/commons/collections4/map/AbstractHashedMap.java:837:28
[34mFinished process pending packages (14.436526s)[0m
Exception in thread "main" java.lang.Exception: Error while processing metrics (CtMethodImpl) transformMap @ src/main/java/org/apache/commons/collections4/splitmap/TransformedSplitMap.java:179:25: {
  elem: "(CtMethodImpl) transformMap @ src/main/java/org/apache/commons/collections4/splitmap/TransformedSplitMap.java:179:25",
}
	at abstractor.core.constructs.Factory.create(Factory.java:132)
	at abstractor.core.constructs.Factory.create(Factory.java:147)
	at abstractor.core.Abstractor.addMetrics(Abstractor.java:962)
	at abstractor.core.Abstractor.processPendingMetrics(Abstractor.java:1392)
	at abstractor.core.Abstractor.processPendingPackages(Abstractor.java:1346)
	at abstractor.core.Abstractor.lambda$performAbstraction$40(Abstractor.java:1332)
	at abstractor.core.log.Logger.measure(Logger.java:123)
	at abstractor.core.Abstractor.performAbstraction(Abstractor.java:1332)
	at abstractor.app.App.run(App.java:26)
	at abstractor.app.App.main(App.java:17)
Caused by: java.lang.Exception: Error while processing object decl (CtClassImpl) LinkedMap @ src/main/java/org/apache/commons/collections4/map/LinkedMap.java:63:14: {
  elem: "(CtClassImpl) LinkedMap @ src/main/java/org/apache/commons/collections4/map/LinkedMap.java:63:14",
}
	at abstractor.core.constructs.Factory.create(Factory.java:132)
	at abstractor.core.constructs.Factory.create(Factory.java:139)
	at abstractor.core.Abstractor.addObjectDecl(Abstractor.java:985)
	at abstractor.core.Abstractor.addMethodDeclForConstructor(Abstractor.java:668)
	at abstractor.core.Abstractor.addMethodInstForCall(Abstractor.java:545)
	at abstractor.core.tools.Analyzer.addConstructorCallUsage(Analyzer.java:550)
	at abstractor.core.tools.Analyzer.addUsage(Analyzer.java:401)
	at abstractor.core.tools.Analyzer.addElement(Analyzer.java:133)
	at abstractor.core.tools.Analyzer.addElement(Analyzer.java:140)
	at abstractor.core.tools.Analyzer.addMethod(Analyzer.java:111)
	at abstractor.core.Abstractor.lambda$addMetrics$31(Abstractor.java:967)
	at abstractor.core.constructs.Factory.lambda$create$1(Factory.java:147)
	at abstractor.core.constructs.Factory.create(Factory.java:109)
	... 9 more
Caused by: java.lang.Exception: Error while processing struct (CtClassImpl) LinkedMap @ src/main/java/org/apache/commons/collections4/map/LinkedMap.java:63:14: {
  elem: "(CtClassImpl) LinkedMap @ src/main/java/org/apache/commons/collections4/map/LinkedMap.java:63:14",
}
	at abstractor.core.constructs.Factory.create(Factory.java:132)
	at abstractor.core.constructs.Factory.create(Factory.java:143)
	at abstractor.core.Abstractor.addStructDesc(Abstractor.java:757)
	at abstractor.core.Abstractor.lambda$addObjectDecl$32(Abstractor.java:991)
	at abstractor.core.constructs.Factory.lambda$create$0(Factory.java:139)
	at abstractor.core.constructs.Factory.create(Factory.java:109)
	... 21 more
Caused by: java.lang.Exception: Error while processing field (CtFieldImpl) header @ src/main/java/org/apache/commons/collections4/map/AbstractLinkedMap.java:65:31: {
  elem: "(CtFieldImpl) header @ src/main/java/org/apache/commons/collections4/map/AbstractLinkedMap.java:65:31",
}
	at abstractor.core.constructs.Factory.create(Factory.java:132)
	at abstractor.core.constructs.Factory.create(Factory.java:139)
	at abstractor.core.Abstractor.addField(Abstractor.java:796)
	at abstractor.core.Abstractor.addField(Abstractor.java:791)
	at abstractor.core.Abstractor.lambda$addStructDesc$23(Abstractor.java:768)
	at abstractor.core.constructs.Factory.create(Factory.java:109)
	... 26 more
Caused by: java.lang.Exception: Error while processing object decl (CtClassImpl) LinkEntry @ src/main/java/org/apache/commons/collections4/map/AbstractLinkedMap.java:517:28: {
  elem: "(CtClassImpl) LinkEntry @ src/main/java/org/apache/commons/collections4/map/AbstractLinkedMap.java:517:28",
}
	at abstractor.core.constructs.Factory.create(Factory.java:132)
	at abstractor.core.constructs.Factory.create(Factory.java:139)
	at abstractor.core.Abstractor.addObjectDecl(Abstractor.java:985)
	at abstractor.core.Abstractor.addObjectInst(Abstractor.java:1069)
	at abstractor.core.Abstractor.addTypeDesc(Abstractor.java:1229)
	at abstractor.core.Abstractor.lambda$addField$24(Abstractor.java:800)
	at abstractor.core.constructs.Factory.lambda$create$0(Factory.java:139)
	at abstractor.core.constructs.Factory.create(Factory.java:109)
	... 31 more
Caused by: java.lang.Exception: Error while processing struct (CtClassImpl) LinkEntry @ src/main/java/org/apache/commons/collections4/map/AbstractLinkedMap.java:517:28: {
  elem: "(CtClassImpl) LinkEntry @ src/main/java/org/apache/commons/collections4/map/AbstractLinkedMap.java:517:28",
}
	at abstractor.core.constructs.Factory.create(Factory.java:132)
	at abstractor.core.constructs.Factory.create(Factory.java:143)
	at abstractor.core.Abstractor.addStructDesc(Abstractor.java:757)
	at abstractor.core.Abstractor.lambda$addObjectDecl$32(Abstractor.java:991)
	at abstractor.core.constructs.Factory.lambda$create$0(Factory.java:139)
	at abstractor.core.constructs.Factory.create(Factory.java:109)
	... 38 more
Caused by: java.lang.Exception: Error while processing field (CtFieldImpl) next @ src/main/java/org/apache/commons/collections4/map/AbstractHashedMap.java:1074:35: {
  elem: "(CtFieldImpl) next @ src/main/java/org/apache/commons/collections4/map/AbstractHashedMap.java:1074:35",
}
	at abstractor.core.constructs.Factory.create(Factory.java:132)
	at abstractor.core.constructs.Factory.create(Factory.java:139)
	at abstractor.core.Abstractor.addField(Abstractor.java:796)
	at abstractor.core.Abstractor.addField(Abstractor.java:791)
	at abstractor.core.Abstractor.lambda$addStructDesc$23(Abstractor.java:768)
	at abstractor.core.constructs.Factory.create(Factory.java:109)
	... 43 more
Caused by: java.lang.Exception: Error while processing object decl (CtClassImpl) HashEntry @ src/main/java/org/apache/commons/collections4/map/AbstractHashedMap.java:1072:28: {
  elem: "(CtClassImpl) HashEntry @ src/main/java/org/apache/commons/collections4/map/AbstractHashedMap.java:1072:28",
}
	at abstractor.core.constructs.Factory.create(Factory.java:132)
	at abstractor.core.constructs.Factory.create(Factory.java:139)
	at abstractor.core.Abstractor.addObjectDecl(Abstractor.java:985)
	at abstractor.core.Abstractor.addObjectInst(Abstractor.java:1069)
	at abstractor.core.Abstractor.addTypeDesc(Abstractor.java:1229)
	at abstractor.core.Abstractor.lambda$addField$24(Abstractor.java:800)
	at abstractor.core.constructs.Factory.lambda$create$0(Factory.java:139)
	at abstractor.core.constructs.Factory.create(Factory.java:109)
	... 48 more
Caused by: java.lang.Exception: Error while processing struct (CtClassImpl) HashEntry @ src/main/java/org/apache/commons/collections4/map/AbstractHashedMap.java:1072:28: {
  elem: "(CtClassImpl) HashEntry @ src/main/java/org/apache/commons/collections4/map/AbstractHashedMap.java:1072:28",
}
	at abstractor.core.constructs.Factory.create(Factory.java:132)
	at abstractor.core.constructs.Factory.create(Factory.java:143)
	at abstractor.core.Abstractor.addStructDesc(Abstractor.java:757)
	at abstractor.core.Abstractor.lambda$addObjectDecl$32(Abstractor.java:991)
	at abstractor.core.constructs.Factory.lambda$create$0(Factory.java:139)
	at abstractor.core.constructs.Factory.create(Factory.java:109)
	... 55 more
Caused by: java.lang.Exception: Error while processing field $nest: {
  elem: "(CtTypeReferenceImpl) org.apache.commons.collections4.map.AbstractHashedMap",
}
	at abstractor.core.constructs.Factory.create(Factory.java:132)
	at abstractor.core.constructs.Factory.create(Factory.java:147)
	at abstractor.core.Abstractor.addField(Abstractor.java:815)
	at abstractor.core.Abstractor.lambda$addStructDesc$23(Abstractor.java:779)
	at abstractor.core.constructs.Factory.create(Factory.java:109)
	... 60 more
Caused by: java.lang.Exception: Error while processing object decl (CtClassImpl) AbstractHashedMap @ src/main/java/org/apache/commons/collections4/map/AbstractHashedMap.java:58:14: {
  elem: "(CtClassImpl) AbstractHashedMap @ src/main/java/org/apache/commons/collections4/map/AbstractHashedMap.java:58:14",
}
	at abstractor.core.constructs.Factory.create(Factory.java:132)
	at abstractor.core.constructs.Factory.create(Factory.java:139)
	at abstractor.core.Abstractor.addObjectDecl(Abstractor.java:985)
	at abstractor.core.Abstractor.addObjectInst(Abstractor.java:1069)
	at abstractor.core.Abstractor.addTypeDesc(Abstractor.java:1229)
	at abstractor.core.Abstractor.lambda$addField$26(Abstractor.java:818)
	at abstractor.core.constructs.Factory.lambda$create$1(Factory.java:147)
	at abstractor.core.constructs.Factory.create(Factory.java:109)
	... 64 more
Caused by: java.lang.Exception: Error while processing struct (CtClassImpl) AbstractHashedMap @ src/main/java/org/apache/commons/collections4/map/AbstractHashedMap.java:58:14: {
  elem: "(CtClassImpl) AbstractHashedMap @ src/main/java/org/apache/commons/collections4/map/AbstractHashedMap.java:58:14",
}
	at abstractor.core.constructs.Factory.create(Factory.java:132)
	at abstractor.core.constructs.Factory.create(Factory.java:143)
	at abstractor.core.Abstractor.addStructDesc(Abstractor.java:757)
	at abstractor.core.Abstractor.lambda$addObjectDecl$32(Abstractor.java:991)
	at abstractor.core.constructs.Factory.lambda$create$0(Factory.java:139)
	at abstractor.core.constructs.Factory.create(Factory.java:109)
	... 71 more
Caused by: java.lang.Exception: Error while processing field (CtFieldImpl) keySet @ src/main/java/org/apache/commons/collections4/map/AbstractHashedMap.java:91:25: {
  elem: "(CtFieldImpl) keySet @ src/main/java/org/apache/commons/collections4/map/AbstractHashedMap.java:91:25",
}
	at abstractor.core.constructs.Factory.create(Factory.java:132)
	at abstractor.core.constructs.Factory.create(Factory.java:139)
	at abstractor.core.Abstractor.addField(Abstractor.java:796)
	at abstractor.core.Abstractor.addField(Abstractor.java:791)
	at abstractor.core.Abstractor.lambda$addStructDesc$23(Abstractor.java:768)
	at abstractor.core.constructs.Factory.create(Factory.java:109)
	... 76 more
Caused by: java.lang.Exception: Error while processing object decl (CtClassImpl) KeySet @ src/main/java/org/apache/commons/collections4/map/AbstractHashedMap.java:932:28: {
  elem: "(CtClassImpl) KeySet @ src/main/java/org/apache/commons/collections4/map/AbstractHashedMap.java:932:28",
}
	at abstractor.core.constructs.Factory.create(Factory.java:132)
	at abstractor.core.constructs.Factory.create(Factory.java:139)
	at abstractor.core.Abstractor.addObjectDecl(Abstractor.java:985)
	at abstractor.core.Abstractor.addObjectInst(Abstractor.java:1069)
	at abstractor.core.Abstractor.addTypeDesc(Abstractor.java:1229)
	at abstractor.core.Abstractor.lambda$addField$24(Abstractor.java:800)
	at abstractor.core.constructs.Factory.lambda$create$0(Factory.java:139)
	at abstractor.core.constructs.Factory.create(Factory.java:109)
	... 81 more
Caused by: java.lang.Exception: Error while processing struct (CtClassImpl) KeySet @ src/main/java/org/apache/commons/collections4/map/AbstractHashedMap.java:932:28: {
  elem: "(CtClassImpl) KeySet @ src/main/java/org/apache/commons/collections4/map/AbstractHashedMap.java:932:28",
}
	at abstractor.core.constructs.Factory.create(Factory.java:132)
	at abstractor.core.constructs.Factory.create(Factory.java:143)
	at abstractor.core.Abstractor.addStructDesc(Abstractor.java:757)
	at abstractor.core.Abstractor.lambda$addObjectDecl$32(Abstractor.java:991)
	at abstractor.core.constructs.Factory.lambda$create$0(Factory.java:139)
	at abstractor.core.constructs.Factory.create(Factory.java:109)
	... 88 more
Caused by: java.lang.Exception: Error while processing field (CtFieldImpl) parent @ src/main/java/org/apache/commons/collections4/map/AbstractHashedMap.java:934:47: {
  elem: "(CtFieldImpl) parent @ src/main/java/org/apache/commons/collections4/map/AbstractHashedMap.java:934:47",
}
	at abstractor.core.constructs.Factory.create(Factory.java:132)
	at abstractor.core.constructs.Factory.create(Factory.java:139)
	at abstractor.core.Abstractor.addField(Abstractor.java:796)
	at abstractor.core.Abstractor.addField(Abstractor.java:791)
	at abstractor.core.Abstractor.lambda$addStructDesc$23(Abstractor.java:768)
	at abstractor.core.constructs.Factory.create(Factory.java:109)
	... 93 more
Caused by: java.lang.Exception: Error while processing object instantiation org.apache.commons.collections4.map.AbstractHashedMap @ src/main/java/org/apache/commons/collections4/map/AbstractHashedMap.java:934:23<K @ src/main/java/org/apache/commons/collections4/map/AbstractHashedMap.java:934:41, ? @ src/main/java/org/apache/commons/collections4/map/AbstractHashedMap.java:934:44>: {
  elem: "(CtTypeReferenceImpl) org.apache.commons.collections4.map.AbstractHashedMap @ src/main/java/org/apache/commons/collections4/map/AbstractHashedMap.java:934:23",
  typeArgs: [
    { context: "type params reference (CtTypeParameterReferenceImpl) K @ src/main/java/org/apache/commons/collections4/map/AbstractHashedMap.java:934:41", index: -1, kind: typeParam, ref: true },
    { context: "no element ref: baker: objectInterfaceDesc", index: -1, kind: interfaceDesc, ref: true },
  ],
}
	at abstractor.core.constructs.Factory.create(Factory.java:132)
	at abstractor.core.Abstractor.addObjectInst(Abstractor.java:1084)
	at abstractor.core.Abstractor.addTypeDesc(Abstractor.java:1229)
	at abstractor.core.Abstractor.lambda$addField$24(Abstractor.java:800)
	at abstractor.core.constructs.Factory.lambda$create$0(Factory.java:139)
	at abstractor.core.constructs.Factory.create(Factory.java:109)
	... 98 more
Caused by: java.lang.Exception: Error while processing struct (CtClassImpl) AbstractHashedMap @ src/main/java/org/apache/commons/collections4/map/AbstractHashedMap.java:58:14: {
  elem: "(CtClassImpl) AbstractHashedMap @ src/main/java/org/apache/commons/collections4/map/AbstractHashedMap.java:58:14",
  typeArgs: [
    { context: "type params reference (CtTypeParameterReferenceImpl) K @ src/main/java/org/apache/commons/collections4/map/AbstractHashedMap.java:934:41", index: -1, kind: typeParam, ref: true },
    { context: "no element ref: baker: objectInterfaceDesc", index: -1, kind: interfaceDesc, ref: true },
  ],
}
	at abstractor.core.constructs.Factory.create(Factory.java:132)
	at abstractor.core.constructs.Factory.create(Factory.java:143)
	at abstractor.core.Abstractor.addStructDesc(Abstractor.java:757)
	at abstractor.core.Abstractor.lambda$addObjectInst$34(Abstractor.java:1087)
	at abstractor.core.constructs.Factory.create(Factory.java:109)
	... 103 more
Caused by: java.lang.Exception: Error while processing field (CtFieldImpl) values @ src/main/java/org/apache/commons/collections4/map/AbstractHashedMap.java:93:25: {
  elem: "(CtFieldImpl) values @ src/main/java/org/apache/commons/collections4/map/AbstractHashedMap.java:93:25",
  typeArgs: [
    { context: "type params reference (CtTypeParameterReferenceImpl) K @ src/main/java/org/apache/commons/collections4/map/AbstractHashedMap.java:934:41", index: -1, kind: typeParam, ref: true },
    { context: "no element ref: baker: objectInterfaceDesc", index: -1, kind: interfaceDesc, ref: true },
  ],
}
	at abstractor.core.constructs.Factory.create(Factory.java:132)
	at abstractor.core.constructs.Factory.create(Factory.java:139)
	at abstractor.core.Abstractor.addField(Abstractor.java:796)
	at abstractor.core.Abstractor.addField(Abstractor.java:791)
	at abstractor.core.Abstractor.lambda$addStructDesc$23(Abstractor.java:768)
	at abstractor.core.constructs.Factory.create(Factory.java:109)
	... 107 more
Caused by: java.lang.Exception: Error while processing object decl (CtClassImpl) Values @ src/main/java/org/apache/commons/collections4/map/AbstractHashedMap.java:1017:28: {
  elem: "(CtClassImpl) Values @ src/main/java/org/apache/commons/collections4/map/AbstractHashedMap.java:1017:28",
}
	at abstractor.core.constructs.Factory.create(Factory.java:132)
	at abstractor.core.constructs.Factory.create(Factory.java:139)
	at abstractor.core.Abstractor.addObjectDecl(Abstractor.java:985)
	at abstractor.core.Abstractor.addObjectInst(Abstractor.java:1069)
	at abstractor.core.Abstractor.addTypeDesc(Abstractor.java:1229)
	at abstractor.core.Abstractor.lambda$addField$24(Abstractor.java:800)
	at abstractor.core.constructs.Factory.lambda$create$0(Factory.java:139)
	at abstractor.core.constructs.Factory.create(Factory.java:109)
	... 112 more
Caused by: java.lang.Exception: Error while processing struct (CtClassImpl) Values @ src/main/java/org/apache/commons/collections4/map/AbstractHashedMap.java:1017:28: {
  elem: "(CtClassImpl) Values @ src/main/java/org/apache/commons/collections4/map/AbstractHashedMap.java:1017:28",
}
	at abstractor.core.constructs.Factory.create(Factory.java:132)
	at abstractor.core.constructs.Factory.create(Factory.java:143)
	at abstractor.core.Abstractor.addStructDesc(Abstractor.java:757)
	at abstractor.core.Abstractor.lambda$addObjectDecl$32(Abstractor.java:991)
	at abstractor.core.constructs.Factory.lambda$create$0(Factory.java:139)
	at abstractor.core.constructs.Factory.create(Factory.java:109)
	... 119 more
Caused by: java.lang.Exception: Error while processing field (CtFieldImpl) parent @ src/main/java/org/apache/commons/collections4/map/AbstractHashedMap.java:1019:47: {
  elem: "(CtFieldImpl) parent @ src/main/java/org/apache/commons/collections4/map/AbstractHashedMap.java:1019:47",
}
	at abstractor.core.constructs.Factory.create(Factory.java:132)
	at abstractor.core.constructs.Factory.create(Factory.java:139)
	at abstractor.core.Abstractor.addField(Abstractor.java:796)
	at abstractor.core.Abstractor.addField(Abstractor.java:791)
	at abstractor.core.Abstractor.lambda$addStructDesc$23(Abstractor.java:768)
	at abstractor.core.constructs.Factory.create(Factory.java:109)
	... 124 more
Caused by: java.lang.Exception: Error while processing object instantiation org.apache.commons.collections4.map.AbstractHashedMap @ src/main/java/org/apache/commons/collections4/map/AbstractHashedMap.java:1019:23<? @ src/main/java/org/apache/commons/collections4/map/AbstractHashedMap.java:1019:41, V @ src/main/java/org/apache/commons/collections4/map/AbstractHashedMap.java:1019:44>: {
  elem: "(CtTypeReferenceImpl) org.apache.commons.collections4.map.AbstractHashedMap @ src/main/java/org/apache/commons/collections4/map/AbstractHashedMap.java:1019:23",
  typeArgs: [
    { context: "no element ref: baker: objectInterfaceDesc", index: -1, kind: interfaceDesc, ref: true },
    { context: "type params reference (CtTypeParameterReferenceImpl) V @ src/main/java/org/apache/commons/collections4/map/AbstractHashedMap.java:1019:44", index: -1, kind: typeParam, ref: true },
  ],
}
	at abstractor.core.constructs.Factory.create(Factory.java:132)
	at abstractor.core.Abstractor.addObjectInst(Abstractor.java:1084)
	at abstractor.core.Abstractor.addTypeDesc(Abstractor.java:1229)
	at abstractor.core.Abstractor.lambda$addField$24(Abstractor.java:800)
	at abstractor.core.constructs.Factory.lambda$create$0(Factory.java:139)
	at abstractor.core.constructs.Factory.create(Factory.java:109)
	... 129 more
Caused by: java.lang.Exception: Error while processing abstract (CtMethodImpl) clone @ src/main/java/org/apache/commons/collections4/map/AbstractHashedMap.java:1296:39: {
  elem: "(CtMethodImpl) clone @ src/main/java/org/apache/commons/collections4/map/AbstractHashedMap.java:1296:39",
  typeArgs: [
    { context: "no element ref: baker: objectInterfaceDesc", index: -1, kind: interfaceDesc, ref: true },
    { context: "type params reference (CtTypeParameterReferenceImpl) V @ src/main/java/org/apache/commons/collections4/map/AbstractHashedMap.java:1019:44", index: -1, kind: typeParam, ref: true },
  ],
}
	at abstractor.core.constructs.Factory.create(Factory.java:132)
	at abstractor.core.constructs.Factory.create(Factory.java:147)
	at abstractor.core.Abstractor.addAbstract(Abstractor.java:618)
	at abstractor.core.Abstractor.synthesizeObjectInterface(Abstractor.java:1044)
	at abstractor.core.Abstractor.lambda$addObjectInst$34(Abstractor.java:1088)
	at abstractor.core.constructs.Factory.create(Factory.java:109)
	... 134 more
Caused by: java.lang.Exception: Error while processing signature (CtMethodImpl) clone @ src/main/java/org/apache/commons/collections4/map/AbstractHashedMap.java:1296:39: {
  elem: "(CtMethodImpl) clone @ src/main/java/org/apache/commons/collections4/map/AbstractHashedMap.java:1296:39",
  typeArgs: [
    { context: "no element ref: baker: objectInterfaceDesc", index: -1, kind: interfaceDesc, ref: true },
    { context: "type params reference (CtTypeParameterReferenceImpl) V @ src/main/java/org/apache/commons/collections4/map/AbstractHashedMap.java:1019:44", index: -1, kind: typeParam, ref: true },
  ],
}
	at abstractor.core.constructs.Factory.create(Factory.java:132)
	at abstractor.core.constructs.Factory.create(Factory.java:147)
	at abstractor.core.Abstractor.addSignature(Abstractor.java:644)
	at abstractor.core.Abstractor.lambda$addAbstract$16(Abstractor.java:622)
	at abstractor.core.constructs.Factory.lambda$create$1(Factory.java:147)
	at abstractor.core.constructs.Factory.create(Factory.java:109)
	... 139 more
Caused by: java.lang.Exception: Error while processing parameter <unnamed> org.apache.commons.collections4.map.AbstractHashedMap @ src/main/java/org/apache/commons/collections4/map/AbstractHashedMap.java:1296:15<K @ src/main/java/org/apache/commons/collections4/map/AbstractHashedMap.java:1296:33, V @ src/main/java/org/apache/commons/collections4/map/AbstractHashedMap.java:1296:36>: {
  elem: "(CtTypeReferenceImpl) org.apache.commons.collections4.map.AbstractHashedMap @ src/main/java/org/apache/commons/collections4/map/AbstractHashedMap.java:1296:15",
  typeArgs: [
    { context: "no element ref: baker: objectInterfaceDesc", index: -1, kind: interfaceDesc, ref: true },
    { context: "type params reference (CtTypeParameterReferenceImpl) V @ src/main/java/org/apache/commons/collections4/map/AbstractHashedMap.java:1019:44", index: -1, kind: typeParam, ref: true },
  ],
}
	at abstractor.core.constructs.Factory.create(Factory.java:132)
	at abstractor.core.constructs.Factory.create(Factory.java:147)
	at abstractor.core.Abstractor.addArgument(Abstractor.java:742)
	at abstractor.core.Abstractor.lambda$addSignature$17(Abstractor.java:655)
	at abstractor.core.constructs.Factory.lambda$create$1(Factory.java:147)
	at abstractor.core.constructs.Factory.create(Factory.java:109)
	... 144 more
Caused by: java.lang.Exception: Error while processing object instantiation org.apache.commons.collections4.map.AbstractHashedMap @ src/main/java/org/apache/commons/collections4/map/AbstractHashedMap.java:1296:15<K @ src/main/java/org/apache/commons/collections4/map/AbstractHashedMap.java:1296:33, V @ src/main/java/org/apache/commons/collections4/map/AbstractHashedMap.java:1296:36>: {
  elem: "(CtTypeReferenceImpl) org.apache.commons.collections4.map.AbstractHashedMap @ src/main/java/org/apache/commons/collections4/map/AbstractHashedMap.java:1296:15",
  typeArgs: [
    { context: "no element ref: baker: objectInterfaceDesc", index: -1, kind: interfaceDesc, ref: true },
    { context: "type params reference (CtTypeParameterReferenceImpl) V @ src/main/java/org/apache/commons/collections4/map/AbstractHashedMap.java:1019:44", index: -1, kind: typeParam, ref: true },
  ],
}
	at abstractor.core.constructs.Factory.create(Factory.java:132)
	at abstractor.core.Abstractor.addObjectInst(Abstractor.java:1084)
	at abstractor.core.Abstractor.addTypeDesc(Abstractor.java:1229)
	at abstractor.core.Abstractor.lambda$addArgument$22(Abstractor.java:745)
	at abstractor.core.constructs.Factory.lambda$create$1(Factory.java:147)
	at abstractor.core.constructs.Factory.create(Factory.java:109)
	... 149 more
Caused by: java.lang.Exception: Error while processing constructor (CtConstructorImpl) <init> @ src/main/java/org/apache/commons/collections4/map/AbstractHashedMap.java:98:15: {
  elem: "(CtConstructorImpl) <init> @ src/main/java/org/apache/commons/collections4/map/AbstractHashedMap.java:98:15",
}
	at abstractor.core.constructs.Factory.create(Factory.java:132)
	at abstractor.core.constructs.Factory.create(Factory.java:139)
	at abstractor.core.Abstractor.addMethodDeclForConstructor(Abstractor.java:680)
	at abstractor.core.Abstractor.addMethodInstForObjectInst(Abstractor.java:394)
	at abstractor.core.Abstractor.lambda$addObjectInst$35(Abstractor.java:1105)
	at abstractor.core.constructs.Factory.create(Factory.java:127)
	... 154 more
Caused by: abstractor.core.AbstractorException: Expected the object reference is resolved for {
  context: "object decl (CtClassImpl) AbstractHashedMap @ src/main/java/org/apache/commons/collections4/map/AbstractHashedMap.java:58:14",
  index: -1,
  kind: object,
  ref: true,
}
	at abstractor.core.constructs.Ref.mustGetResolved(Ref.java:38)
	at abstractor.core.Abstractor.lambda$addMethodDeclForConstructor$18(Abstractor.java:683)
	at abstractor.core.constructs.Factory.lambda$create$0(Factory.java:139)
	at abstractor.core.constructs.Factory.create(Factory.java:109)
	... 159 more
