# cmd: java -jar /Users/grantnelson/go/src/github.com/MSUSEL/msusel-tdmetrics-go/javaAbstractor/target/abstractor-0.1-jar-with-dependencies.jar -i /Users/grantnelson/go/src/github.com/apache/commons-vfs/ -o /Users/grantnelson/go/src/github.com/MSUSEL/msusel-tdmetrics-go/tdd/abstractions/commons-vfs.json -v
# cwd: /Users/grantnelson/go/src/github.com/MSUSEL/msusel-tdmetrics-go/tdd
# repo: /Users/grantnelson/go/src/github.com/apache/commons-vfs @ d72192f18bfaed730b4f37a2f94853e1503ffd74
# started: 2026-08-17T18:24:21.895949+00:00
# timeout_min: 10
# ---
Reading /Users/grantnelson/go/src/github.com/apache/commons-vfs/
SLF4J(W): No SLF4J providers were found.
SLF4J(W): Defaulting to no-operation (NOP) logger implementation
SLF4J(W): See https://www.slf4j.org/codes.html#noProviders for further details.
Init pending package <unnamed>
Init pending package org
Init pending package org.apache
Init pending package org.apache.commons
Init pending package org.apache.commons.vfs2
Init pending package org.apache.commons.vfs2.example
Init pending package org.apache.commons.vfs2.libcheck
Init pending package org.apache.commons.vfs2.auth
Init pending package org.apache.commons.vfs2.cache
Init pending package org.apache.commons.vfs2.events
Init pending package org.apache.commons.vfs2.impl
Init pending package org.apache.commons.vfs2.operations
Init pending package org.apache.commons.vfs2.operations.vcs
Init pending package org.apache.commons.vfs2.provider
Init pending package org.apache.commons.vfs2.provider.bzip2
Init pending package org.apache.commons.vfs2.provider.compressed
Init pending package org.apache.commons.vfs2.provider.ftp
Init pending package org.apache.commons.vfs2.provider.ftps
Init pending package org.apache.commons.vfs2.provider.gzip
Init pending package org.apache.commons.vfs2.provider.hdfs
Init pending package org.apache.commons.vfs2.provider.http
Init pending package org.apache.commons.vfs2.provider.https
Init pending package org.apache.commons.vfs2.provider.jar
Init pending package org.apache.commons.vfs2.provider.local
Init pending package org.apache.commons.vfs2.provider.ram
Init pending package org.apache.commons.vfs2.provider.res
Init pending package org.apache.commons.vfs2.provider.sftp
Init pending package org.apache.commons.vfs2.provider.tar
Init pending package org.apache.commons.vfs2.provider.temp
Init pending package org.apache.commons.vfs2.provider.url
Init pending package org.apache.commons.vfs2.provider.webdav
Init pending package org.apache.commons.vfs2.provider.zip
Init pending package org.apache.commons.vfs2.tasks
Init pending package org.apache.commons.vfs2.util
[34mStarting process pending packages...[0m
  Pending package org.apache.commons.vfs2
  Pending package java.lang
  Pending package java.util
  Pending package org.apache.commons.vfs2.provider
  Pending package org.apache.commons.logging
  [34mskipping default constructor: org.apache.commons.vfs2.Capability()[0m
  Pending package java.io
  Pending package java.security.cert
  Pending package org.apache.commons.vfs2.util
  Pending package org.apache.commons.vfs2.operations
  Pending package java.lang.invoke
  Pending package java.util
  Pending package java.util.function
  getting parent type for (CtClassImpl) FileSystemOptionKey @ commons-vfs2/src/main/java/org/apache/commons/vfs2/FileSystemOptions.java:63:32
  Pending package java.net
  Pending package java.lang.reflect
  Pending package java.util.concurrent.atomic
  [34mskipping default constructor: org.apache.commons.vfs2.provider.AbstractVfsComponent()[0m
  Pending package org.apache.commons.vfs2.events
  [34mskipping default constructor: org.apache.commons.vfs2.provider.DefaultFileSelectorInfo()[0m
  [34mskipping default constructor: org.apache.commons.vfs2.provider.AbstractVfsContainer()[0m
  [34mIgnoring implicit executable reference: (CtExecutableReferenceImpl) <init>[0m
  Pending package java.util.regex
  Pending package java.lang
  Pending package java.io
  getting parent type for (CtClassImpl) PrintStreamOrWriter
  [34mIgnoring implicit executable reference: (CtExecutableReferenceImpl) <init>[0m
  [34mUnused type args: [java.lang.Object][0m
  [34mUnused type args: [java.lang.Object][0m
  [34mUnused type args: [java.lang.Object][0m
  [34mIgnoring implicit executable reference: (CtExecutableReferenceImpl) <init>[0m
  [34mUnused type args: [?][0m
  [34mUnused type args: [?][0m
  [34mUnused type args: [org.apache.commons.vfs2.FileSystemOptions$FileSystemOptionKey, java.lang.Object][0m
  [34mIgnoring implicit executable reference: (CtExecutableReferenceImpl) <init>[0m
  [34mIgnoring implicit executable reference: (CtExecutableReferenceImpl) <init>[0m
  [34mUnused type args: [?][0m
  [34mUnused type args: [?][0m
  [34mUnused type args: [?][0m
  [34mUnused type args: [java.lang.Object][0m
  [34mUnused type args: [java.lang.Object][0m
  [34mUnused type args: [java.lang.Object][0m
  [34mIgnoring implicit executable reference: (CtExecutableReferenceImpl) <init>[0m
  [34mUnused type args: [org.apache.commons.vfs2.FileObject][0m
  [34mUnused type args: [org.apache.commons.vfs2.FileObject][0m
  [34mUnused type args: [org.apache.commons.vfs2.FileObject][0m
  [34mUnused type args: [org.apache.commons.vfs2.FileObject][0m
  [34mUnused type args: [org.apache.commons.vfs2.FileObject][0m
  [34mUnused type args: [AFS][0m
  [34mUnused type args: [AFS][0m
  [34mUnused type args: [E][0m
  [34mUnused type args: [E][0m
  [34mUnused type args: [E][0m
  [34mUnused type args: [T][0m
  [34mUnused type args: [E][0m
  [34mUnused type args: [AFS][0m
  [34mIgnoring implicit executable reference: (CtExecutableReferenceImpl) <init>[0m
  [34mIgnoring implicit executable reference: (CtExecutableReferenceImpl) <init>[0m
  [34mUnused type args: [org.apache.commons.vfs2.FileName, org.apache.commons.vfs2.provider.ram.RamFileData][0m
  [34mUnused type args: [org.apache.commons.vfs2.provider.ram.RamFileData @ commons-vfs2/src/main/java/org/apache/commons/vfs2/provider/ram/RamFileSystem.java:99:26][0m
  [34mUnused type args: [org.apache.commons.vfs2.provider.ram.RamFileData][0m
  [34mUnused type args: [org.apache.commons.vfs2.provider.ram.RamFileData][0m
  [34mUnused type args: [org.apache.commons.vfs2.provider.ram.RamFileData][0m
  [34mUnused type args: [org.apache.commons.vfs2.provider.ram.RamFileData @ commons-vfs2/src/main/java/org/apache/commons/vfs2/provider/ram/RamFileSystem.java:106:28][0m
  [34mUnused type args: [org.apache.commons.vfs2.provider.ram.RamFileData][0m
  [34mUnused type args: [org.apache.commons.vfs2.provider.ram.RamFileData][0m
  [34mUnused type args: [org.apache.commons.vfs2.provider.ram.RamFileData][0m
  [34mUnused type args: [org.apache.commons.vfs2.provider.ram.RamFileData][0m
  [34mUnused type args: [?][0m
  [34mUnused type args: [?][0m
  [34mSkipping selection with no field declaration: (CtFieldReferenceImpl) class[0m
  [34mSkipping selection with no field declaration: (CtFieldReferenceImpl) class[0m
  [34mIgnoring implicit executable reference: (CtExecutableReferenceImpl) <init>[0m
  [34mIgnoring implicit executable reference: (CtExecutableReferenceImpl) <init>[0m
  [34mUnused type args: [AFS][0m
  [34mUnused type args: [AFS][0m
  [34mUnused type args: [AFS][0m
  [34mIgnoring implicit executable reference: (CtExecutableReferenceImpl) <init>[0m
  [34mUnused type args: [AFS][0m
  [34mIgnoring implicit executable reference: (CtExecutableReferenceImpl) <init>[0m
  [34mUnused type args: [org.apache.commons.vfs2.FileObject @ commons-vfs2/src/main/java/org/apache/commons/vfs2/provider/AbstractFileObject.java:271:25][0m
  [34mIgnoring implicit executable reference: (CtExecutableReferenceImpl) <init>[0m
  [34mUnused type args: [org.apache.commons.vfs2.FileObject][0m
  [34mUnused type args: [org.apache.commons.vfs2.FileObject][0m
  [34mUnused type args: [org.apache.commons.vfs2.FileObject][0m
  [34mUnused type args: [org.apache.commons.vfs2.FileObject][0m
  [34mUnused type args: [AFS][0m
  [34mIgnoring implicit executable reference: (CtExecutableReferenceImpl) <init>[0m
  [34mIgnoring implicit executable reference: (CtExecutableReferenceImpl) <init>[0m
  [34mIgnoring implicit executable reference: (CtExecutableReferenceImpl) <init>[0m
  [34mIgnoring implicit executable reference: (CtExecutableReferenceImpl) <init>[0m
  [34mUnused type args: [?][0m
  [34mUnused type args: [?][0m
  [34mUnused type args: [AFS][0m
  [34mUnused type args: [AFS][0m
  [34mIgnoring implicit executable reference: (CtExecutableReferenceImpl) <init>[0m
  [34mIgnoring implicit executable reference: (CtExecutableReferenceImpl) <init>[0m
  [34mIgnoring implicit executable reference: (CtExecutableReferenceImpl) <init>[0m
  [34mIgnoring implicit executable reference: (CtExecutableReferenceImpl) <init>[0m
  [34mUnused type args: [org.apache.commons.vfs2.provider.ram.RamFileData][0m
  [34mUnused type args: [org.apache.commons.vfs2.provider.ram.RamFileData][0m
  [34mUnused type args: [org.apache.commons.vfs2.provider.ram.RamFileData][0m
  [34mUnused type args: [org.apache.commons.vfs2.provider.ram.RamFileData][0m
  [34mUnused type args: [T][0m
  [34mIgnoring implicit executable reference: (CtExecutableReferenceImpl) <init>[0m
  [34mUnused type args: [org.apache.commons.vfs2.provider.ram.RamFileData @ commons-vfs2/src/main/java/org/apache/commons/vfs2/provider/ram/RamFileData.java:71:74][0m
  [34mIgnoring implicit executable reference: (CtExecutableReferenceImpl) <init>[0m
  [34mIgnoring implicit executable reference: (CtExecutableReferenceImpl) <init>[0m
  [34mIgnoring implicit executable reference: (CtExecutableReferenceImpl) <init>[0m
  [34mIgnoring implicit executable reference: (CtExecutableReferenceImpl) <init>[0m
  [34mUnused type args: [org.apache.commons.vfs2.FileName, org.apache.commons.vfs2.provider.ram.RamFileData][0m
  [34mUnused type args: [org.apache.commons.vfs2.provider.ram.RamFileData @ commons-vfs2/src/main/java/org/apache/commons/vfs2/provider/ram/RamFileSystem.java:261:28][0m
  [34mUnused type args: [org.apache.commons.vfs2.FileName, org.apache.commons.vfs2.provider.ram.RamFileData][0m
  [34mUnused type args: [org.apache.commons.vfs2.provider.ram.RamFileData][0m
  [34mUnused type args: [org.apache.commons.vfs2.provider.ram.RamFileData][0m
  [34mUnused type args: [org.apache.commons.vfs2.provider.ram.RamFileData][0m
  [34mUnused type args: [org.apache.commons.vfs2.provider.ram.RamFileData][0m
  [34mUnused type args: [org.apache.commons.vfs2.FileName, java.util.ArrayList][0m
  [34mUnused type args: [org.apache.commons.vfs2.FileListener][0m
  [34mUnused type args: [? @ commons-vfs2/src/main/java/org/apache/commons/vfs2/provider/AbstractFileSystem.java:479:29][0m
  [34mUnused type args: [org.apache.commons.vfs2.FileName, java.util.ArrayList][0m
  [34mUnused type args: [org.apache.commons.vfs2.FileListener][0m
  [34mUnused type args: [org.apache.commons.vfs2.FileListener][0m
  [34mUnused type args: [?][0m
  [34mUnused type args: [?][0m
  [34mUnused type args: [?][0m
  [34mUnused type args: [org.apache.commons.vfs2.FileName, java.util.ArrayList][0m
  [34mUnused type args: [org.apache.commons.vfs2.FileListener][0m
  [34mUnused type args: [org.apache.commons.vfs2.FileListener][0m
  [34mUnused type args: [AFS][0m
  [34mUnused type args: [AFS][0m
  [34mUnused type args: [AFS][0m
  [34mUnused type args: [AFS][0m
  [34mUnused type args: [AFS][0m
  [34mIgnoring implicit executable reference: (CtExecutableReferenceImpl) <init>[0m
  [34mUnused type args: [AFS][0m
  [34mIgnoring implicit executable reference: (CtExecutableReferenceImpl) <init>[0m
  [34mUnused type args: [AFS][0m
  [34mUnused type args: [?][0m
  [34mUnused type args: [?][0m
  [34mUnused type args: [AFS][0m
  [34mUnused type args: [AFS][0m
  [34mUnused type args: [AFS][0m
  [34mIgnoring implicit executable reference: (CtExecutableReferenceImpl) <init>[0m
  [34mUnused type args: [AFS][0m
  [34mUnused type args: [org.apache.commons.vfs2.FileName, org.apache.commons.vfs2.provider.ram.RamFileData][0m
  [34mIgnoring implicit executable reference: (CtExecutableReferenceImpl) <init>[0m
  [34mUnused type args: [AFS][0m
  [34mIgnoring implicit executable reference: (CtExecutableReferenceImpl) <init>[0m
  [34mUnused type args: [AFS][0m
  [34mUnused type args: [AFS][0m
  [34mIgnoring implicit executable reference: (CtExecutableReferenceImpl) <init>[0m
  [34mIgnoring implicit executable reference: (CtExecutableReferenceImpl) <init>[0m
  [34mUnused type args: [org.apache.commons.vfs2.FileName, org.apache.commons.vfs2.provider.ram.RamFileData][0m
  [34mUnused type args: [?][0m
  [34mUnused type args: [?][0m
  [34mIgnoring implicit executable reference: (CtExecutableReferenceImpl) <init>[0m
  [34mUnused type args: [AFS][0m
  [34mUnused type args: [AFS][0m
  [34mUnused type args: [AFS][0m
  [34mUnused type args: [AFS][0m
  [34mUnused type args: [AFS][0m
  [34mUnused type args: [AFS][0m
  [34mUnused type args: [AFS][0m
  [34mUnused type args: [AFS][0m
  [34mUnused type args: [AFS][0m
  [34mUnused type args: [AFS][0m
  [34mUnused type args: [org.apache.commons.vfs2.FileSystemOptions$FileSystemOptionKey, java.lang.Object][0m
  [34mIgnoring implicit executable reference: (CtExecutableReferenceImpl) <init>[0m
  [34mUnused type args: [?][0m
  [34mUnused type args: [?][0m
  [34mUnused type args: [org.apache.commons.vfs2.provider.ram.RamFileData][0m
  Pending package java.security
  [34mUnused type args: [java.net.URL][0m
  [34mUnused type args: [T][0m
  [34mIgnoring anonymous type: (CtTypeReferenceImpl) org.apache.commons.vfs2.provider.AbstractFileObject$1[0m
  [34mIgnoring implicit executable reference: (CtExecutableReferenceImpl) <init>[0m
  [34mIgnoring anonymous type: (CtTypeReferenceImpl) org.apache.commons.vfs2.provider.AbstractFileObject$1[0m
  [34mUnused type args: [java.net.URL @ commons-vfs2/src/main/java/org/apache/commons/vfs2/provider/AbstractFileObject.java:1309:80][0m
  [34mIgnoring anonymous object declaration: (CtClassImpl) 1 @ commons-vfs2/src/main/java/org/apache/commons/vfs2/provider/AbstractFileObject.java:1309:87[0m
  [34mUnused type args: [java.net.URL][0m
  [34mIgnoring implicit executable reference: (CtExecutableReferenceImpl) <init>[0m
  [34mIgnoring implicit executable reference: (CtExecutableReferenceImpl) <init>[0m
  [34mIgnoring method of an anonymous declaring type: (CtMethodImpl) run @ commons-vfs2/src/main/java/org/apache/commons/vfs2/provider/AbstractFileObject.java:1311:28 in (CtClassImpl) 1 @ commons-vfs2/src/main/java/org/apache/commons/vfs2/provider/AbstractFileObject.java:1309:87[0m
  [34mIgnoring implicit executable reference: (CtExecutableReferenceImpl) <init>[0m
  [34mUnused type args: [AFS][0m
  [34mIgnoring implicit executable reference: (CtExecutableReferenceImpl) <init>[0m
  Pending package java.net
  [34mIgnoring implicit executable reference: (CtExecutableReferenceImpl) <init>[0m
  [34mUnused type args: [AFS][0m
  [34mUnused type args: [AFS][0m
  [34mIgnoring implicit executable reference: (CtExecutableReferenceImpl) <init>[0m
  [34mUnused type args: [AFS][0m
  [34mIgnoring implicit executable reference: (CtExecutableReferenceImpl) <init>[0m
  [34mIgnoring implicit executable reference: (CtExecutableReferenceImpl) <init>[0m
  [34mUnused type args: [AFS][0m
  getting parent type for (CtClassImpl) FileContentOutputStream @ commons-vfs2/src/main/java/org/apache/commons/vfs2/provider/DefaultFileContent.java:626:17
  Pending package jdk.internal.misc
  getting parent type for (CtClassImpl) FileContentInputStream @ commons-vfs2/src/main/java/org/apache/commons/vfs2/provider/DefaultFileContent.java:555:25
  getting parent type for (CtClassImpl) FileRandomAccessContent @ commons-vfs2/src/main/java/org/apache/commons/vfs2/provider/DefaultFileContent.java:592:25
  [34mIgnoring implicit executable reference: (CtExecutableReferenceImpl) <init>[0m
  [34mUnused type args: [AFS][0m
  [34mUnused type args: [AFS][0m
  [34mUnused type args: [AFS][0m
  [34mUnused type args: [AFS][0m
  [34mUnused type args: [org.apache.commons.vfs2.provider.ram.RamFileSystem][0m
  [34mIgnoring implicit executable reference: (CtExecutableReferenceImpl) <init>[0m
  [34mIgnoring implicit executable reference: (CtExecutableReferenceImpl) <init>[0m
  [34mUnused type args: [org.apache.commons.vfs2.provider.ram.RamFileData][0m
  [34mIgnoring implicit executable reference: (CtExecutableReferenceImpl) <init>[0m
  [34mUnused type args: [org.apache.commons.vfs2.provider.ram.RamFileData][0m
  [34mIgnoring implicit executable reference: (CtExecutableReferenceImpl) <init>[0m
  [34mIgnoring implicit executable reference: (CtExecutableReferenceImpl) <init>[0m
  [34mIgnoring implicit executable reference: (CtExecutableReferenceImpl) <init>[0m
  [34mIgnoring implicit executable reference: (CtExecutableReferenceImpl) <init>[0m
  [34mUnused type args: [?][0m
  [34mUnused type args: [?][0m
  [34mUnused type args: [org.apache.commons.vfs2.provider.FileSystemKey, org.apache.commons.vfs2.FileSystem][0m
  [34mUnused type args: [org.apache.commons.vfs2.provider.FileSystemKey, org.apache.commons.vfs2.FileSystem][0m
  [34mUnused type args: [AFS][0m
  [34mUnused type args: [AFS][0m
  [34mUnused type args: [AFS][0m
  [34mUnused type args: [AFS][0m
  [34mUnused type args: [AFS][0m
  [34mUnused type args: [AFS][0m
  [34mUnused type args: [AFS][0m
  [34mUnused type args: [AFS][0m
  [34mUnused type args: [AFS][0m
  [34mUnused type args: [?][0m
  [34mUnused type args: [?][0m
  [34mUnused type args: [?][0m
  [34mUnused type args: [?][0m
  [34mUnused type args: [AFS][0m
  [34mIgnoring implicit executable reference: (CtExecutableReferenceImpl) <init>[0m
  [34mUnused type args: [AFS][0m
  [34mUnused type args: [AFS][0m
  [34mIgnoring implicit executable reference: (CtExecutableReferenceImpl) <init>[0m
  [34mUnused type args: [AFS][0m
  [34mIgnoring implicit executable reference: (CtExecutableReferenceImpl) <init>[0m
  [34mUnused type args: [org.apache.commons.vfs2.FileName, java.util.ArrayList][0m
  [34mUnused type args: [org.apache.commons.vfs2.FileListener][0m
  [34mUnused type args: [org.apache.commons.vfs2.FileListener @ commons-vfs2/src/main/java/org/apache/commons/vfs2/provider/AbstractFileSystem.java:461:23][0m
  [34mUnused type args: [org.apache.commons.vfs2.FileName, java.util.ArrayList][0m
  [34mUnused type args: [org.apache.commons.vfs2.FileListener][0m
  [34mUnused type args: [org.apache.commons.vfs2.FileListener][0m
  [34mUnused type args: [org.apache.commons.vfs2.FileListener][0m
  [34mUnused type args: [org.apache.commons.vfs2.FileListener][0m
  [34mUnused type args: [org.apache.commons.vfs2.FileListener][0m
  [34mIgnoring implicit executable reference: (CtExecutableReferenceImpl) <init>[0m
  [34mUnused type args: [org.apache.commons.vfs2.FileListener][0m
  [34mUnused type args: [org.apache.commons.vfs2.FileName, java.util.ArrayList][0m
  [34mUnused type args: [org.apache.commons.vfs2.FileListener][0m
  [34mUnused type args: [org.apache.commons.vfs2.FileListener][0m
  [34mUnused type args: [org.apache.commons.vfs2.FileListener][0m
  [34mUnused type args: [org.apache.commons.vfs2.FileListener][0m
  [34mIgnoring implicit executable reference: (CtExecutableReferenceImpl) <init>[0m
  [34mIgnoring implicit executable reference: (CtExecutableReferenceImpl) <init>[0m
  [34mIgnoring implicit executable reference: (CtExecutableReferenceImpl) <init>[0m
  [34mIgnoring implicit executable reference: (CtExecutableReferenceImpl) <init>[0m
  [34mIgnoring implicit executable reference: (CtExecutableReferenceImpl) <init>[0m
  [34mUnused type args: [?][0m
  [34mUnused type args: [AFS][0m
  [34mUnused type args: [AFS][0m
  [34mUnused type args: [AFS][0m
  [34mIgnoring implicit executable reference: (CtExecutableReferenceImpl) <init>[0m
  [34mUnused type args: [AFS][0m
  [34mUnused type args: [AFS][0m
  [34mUnused type args: [AFS][0m
  [34mUnused type args: [AFS][0m
  [34mIgnoring implicit executable reference: (CtExecutableReferenceImpl) <init>[0m
  [34mUnused type args: [AFS][0m
  [34mUnused type args: [org.apache.commons.vfs2.FileSystemOptions$FileSystemOptionKey, java.lang.Object][0m
  [34mUnused type args: [org.apache.commons.vfs2.provider.FileSystemKey, org.apache.commons.vfs2.FileSystem][0m
  [34mUnused type args: [org.apache.commons.vfs2.provider.FileSystemKey, org.apache.commons.vfs2.FileSystem][0m
  [34mUnused type args: [org.apache.commons.vfs2.FileSystem][0m
  [34mUnused type args: [org.apache.commons.vfs2.provider.AbstractFileSystem][0m
  [34mUnused type args: [AFS][0m
  [34mUnused type args: [AFS][0m
  [34mIgnoring implicit executable reference: (CtExecutableReferenceImpl) <init>[0m
  [34mUnused type args: [AFS][0m
  [34mUnused type args: [AFS][0m
  [34mUnused type args: [AFS][0m
  [34mUnused type args: [AFS][0m
  [34mUnused type args: [AFS][0m
  [34mUnused type args: [AFS][0m
  [34mUnused type args: [AFS][0m
  [34mUnused type args: [AFS][0m
  [34mIgnoring implicit executable reference: (CtExecutableReferenceImpl) <init>[0m
  [34mUnused type args: [AFS][0m
  [34mUnused type args: [AFS][0m
  [34mIgnoring implicit executable reference: (CtExecutableReferenceImpl) <init>[0m
  [34mUnused type args: [AFS][0m
  [34mIgnoring implicit executable reference: (CtExecutableReferenceImpl) <init>[0m
  [34mUnused type args: [AFS][0m
  [34mUnused type args: [AFS][0m
  [34mUnused type args: [AFS][0m
  [34mUnused type args: [AFS][0m
  [34mUnused type args: [AFS][0m
  [34mUnused type args: [AFS][0m
  [34mUnused type args: [AFS][0m
  [34mUnused type args: [AFS][0m
  [34mIgnoring implicit executable reference: (CtExecutableReferenceImpl) <init>[0m
  [34mIgnoring implicit executable reference: (CtExecutableReferenceImpl) <init>[0m
  [34mUnused type args: [org.apache.commons.vfs2.provider.ram.RamFileData][0m
  [34mIgnoring implicit executable reference: (CtExecutableReferenceImpl) <init>[0m
  [34mUnused type args: [org.apache.commons.vfs2.FileSystemOptions$FileSystemOptionKey, java.lang.Object][0m
  [34mIgnoring implicit executable reference: (CtExecutableReferenceImpl) <init>[0m
  [34mUnused type args: [org.apache.commons.vfs2.FileSystemOptions$FileSystemOptionKey, java.lang.Object][0m
  [34mUnused type args: [?, ?][0m
  [34mUnused type args: [org.apache.commons.vfs2.FileSystemOptions$FileSystemOptionKey, java.lang.Object][0m
  [34mIgnoring implicit executable reference: (CtExecutableReferenceImpl) <init>[0m
  [34mIgnoring implicit executable reference: (CtExecutableReferenceImpl) <init>[0m
  [34mIgnoring implicit executable reference: (CtExecutableReferenceImpl) <init>[0m
  [34mUnused type args: [org.apache.commons.vfs2.FileName, org.apache.commons.vfs2.provider.ram.RamFileData][0m
  [34mIgnoring implicit executable reference: (CtExecutableReferenceImpl) <init>[0m
  [34mIgnoring implicit executable reference: (CtExecutableReferenceImpl) <init>[0m
  [34mIgnoring implicit executable reference: (CtExecutableReferenceImpl) <init>[0m
  [34mUnused type args: [AFS][0m
  [34mUnused type args: [AFS][0m
  [34mUnused type args: [AFS][0m
  [34mUnused type args: [AFS][0m
  [34mUnused type args: [AFS][0m
  [34mUnused type args: [AFS][0m
  [34mUnused type args: [AFS][0m
  [34mIgnoring implicit executable reference: (CtExecutableReferenceImpl) <init>[0m
  [34mUnused type args: [AFS][0m
  [34mUnused type args: [AFS][0m
  [34mUnused type args: [AFS][0m
  [34mUnused type args: [java.lang.Object][0m
  [34mUnused type args: [java.lang.Object][0m
  [34mUnused type args: [AFS][0m
  [34mUnused type args: [java.lang.Object][0m
  [34mIgnoring implicit executable reference: (CtExecutableReferenceImpl) <init>[0m
  [34mUnused type args: [java.lang.Object][0m
  [34mUnused type args: [AFS][0m
  [34mUnused type args: [java.lang.Object][0m
  [34mIgnoring implicit executable reference: (CtExecutableReferenceImpl) <init>[0m
  [34mUnused type args: [AFS][0m
  [34mUnused type args: [AFS][0m
  [34mUnused type args: [AFS][0m
  [34mUnused type args: [AFS][0m
  [34mUnused type args: [AFS][0m
  [34mUnused type args: [AFS][0m
  [34mUnused type args: [AFS][0m
  [34mIgnoring implicit executable reference: (CtExecutableReferenceImpl) <init>[0m
  [34mUnused type args: [?][0m
  [34mUnused type args: [?][0m
  [34mUnused type args: [org.apache.commons.vfs2.FileSystemOptions$FileSystemOptionKey, java.lang.Object][0m
  [34mUnused type args: [AFS][0m
  [34mUnused type args: [AFS][0m
  [34mUnused type args: [AFS][0m
  [34mUnused type args: [AFS][0m
  [34mUnused type args: [AFS][0m
  [34mUnused type args: [AFS][0m
  [34mUnused type args: [AFS][0m
  [34mUnused type args: [org.apache.commons.vfs2.provider.ram.RamFileData][0m
  [34mUnused type args: [org.apache.commons.vfs2.FileObject @ commons-vfs2/src/main/java/org/apache/commons/vfs2/provider/AbstractFileObject.java:399:25][0m
  [34mIgnoring implicit executable reference: (CtExecutableReferenceImpl) <init>[0m
  [34mUnused type args: [org.apache.commons.vfs2.FileObject][0m
  [34mUnused type args: [AFS][0m
  [34mUnused type args: [org.apache.commons.vfs2.FileObject][0m
  [34mUnused type args: [org.apache.commons.vfs2.FileObject][0m
  [34mUnused type args: [org.apache.commons.vfs2.FileObject][0m
  [34mUnused type args: [org.apache.commons.vfs2.FileObject][0m
  [34mUnused type args: [AFS][0m
  [34mUnused type args: [AFS][0m
  [34mUnused type args: [AFS][0m
  [34mIgnoring implicit executable reference: (CtExecutableReferenceImpl) <init>[0m
  [34mUnused type args: [AFS][0m
  [34mUnused type args: [AFS][0m
  [34mUnused type args: [AFS][0m
  [34mUnused type args: [AFS][0m
  [34mIgnoring implicit executable reference: (CtExecutableReferenceImpl) <init>[0m
  [34mUnused type args: [AFS][0m
  [34mUnused type args: [AFS][0m
  [34mIgnoring implicit executable reference: (CtExecutableReferenceImpl) <init>[0m
  [34mUnused type args: [AFS][0m
  [34mUnused type args: [AFS][0m
  [34mUnused type args: [AFS][0m
  [34mUnused type args: [AFS][0m
  [34mIgnoring implicit executable reference: (CtExecutableReferenceImpl) <init>[0m
  [34mUnused type args: [AFS][0m
  [34mUnused type args: [org.apache.commons.vfs2.provider.FileSystemKey, org.apache.commons.vfs2.FileSystem][0m
  [34mUnused type args: [org.apache.commons.vfs2.provider.FileSystemKey, org.apache.commons.vfs2.FileSystem][0m
  [34mIgnoring implicit executable reference: (CtExecutableReferenceImpl) <init>[0m
  [34mIgnoring implicit executable reference: (CtExecutableReferenceImpl) <init>[0m
  [34mIgnoring implicit executable reference: (CtExecutableReferenceImpl) <init>[0m
  [34mIgnoring implicit executable reference: (CtExecutableReferenceImpl) <init>[0m
  [34mIgnoring anonymous type: (CtTypeReferenceImpl) org.apache.commons.vfs2.provider.ram.RamFileRandomAccessContent$1[0m
  [34mIgnoring implicit executable reference: (CtExecutableReferenceImpl) <init>[0m
  [34mIgnoring anonymous type: (CtTypeReferenceImpl) org.apache.commons.vfs2.provider.ram.RamFileRandomAccessContent$1[0m
  [34mIgnoring anonymous object declaration: (CtClassImpl) 1 @ commons-vfs2/src/main/java/org/apache/commons/vfs2/provider/ram/RamFileRandomAccessContent.java:79:35[0m
  [34mIgnoring implicit executable reference: (CtExecutableReferenceImpl) <init>[0m
  [34mIgnoring implicit executable reference: (CtExecutableReferenceImpl) <init>[0m
  [34mIgnoring method of an anonymous declaring type: (CtMethodImpl) read @ commons-vfs2/src/main/java/org/apache/commons/vfs2/provider/ram/RamFileRandomAccessContent.java:81:24 in (CtClassImpl) 1 @ commons-vfs2/src/main/java/org/apache/commons/vfs2/provider/ram/RamFileRandomAccessContent.java:79:35[0m
  [34mIgnoring method of an anonymous declaring type: (CtMethodImpl) skip @ commons-vfs2/src/main/java/org/apache/commons/vfs2/provider/ram/RamFileRandomAccessContent.java:90:25 in (CtClassImpl) 1 @ commons-vfs2/src/main/java/org/apache/commons/vfs2/provider/ram/RamFileRandomAccessContent.java:79:35[0m
  [34mIgnoring method of an anonymous declaring type: (CtMethodImpl) close @ commons-vfs2/src/main/java/org/apache/commons/vfs2/provider/ram/RamFileRandomAccessContent.java:96:25 in (CtClassImpl) 1 @ commons-vfs2/src/main/java/org/apache/commons/vfs2/provider/ram/RamFileRandomAccessContent.java:79:35[0m
  [34mIgnoring method of an anonymous declaring type: (CtMethodImpl) read @ commons-vfs2/src/main/java/org/apache/commons/vfs2/provider/ram/RamFileRandomAccessContent.java:100:24 in (CtClassImpl) 1 @ commons-vfs2/src/main/java/org/apache/commons/vfs2/provider/ram/RamFileRandomAccessContent.java:79:35[0m
  [34mIgnoring method of an anonymous declaring type: (CtMethodImpl) read @ commons-vfs2/src/main/java/org/apache/commons/vfs2/provider/ram/RamFileRandomAccessContent.java:105:24 in (CtClassImpl) 1 @ commons-vfs2/src/main/java/org/apache/commons/vfs2/provider/ram/RamFileRandomAccessContent.java:79:35[0m
  [34mIgnoring method of an anonymous declaring type: (CtMethodImpl) read @ commons-vfs2/src/main/java/org/apache/commons/vfs2/provider/ram/RamFileRandomAccessContent.java:105:24 in (CtClassImpl) 1 @ commons-vfs2/src/main/java/org/apache/commons/vfs2/provider/ram/RamFileRandomAccessContent.java:79:35[0m
  [34mIgnoring anonymous type: (CtTypeReferenceImpl) org.apache.commons.vfs2.provider.ram.RamFileRandomAccessContent$1[0m
  [34mIgnoring anonymous type: (CtTypeReferenceImpl) org.apache.commons.vfs2.provider.ram.RamFileRandomAccessContent$1[0m
  [34mIgnoring anonymous type: (CtTypeReferenceImpl) org.apache.commons.vfs2.provider.ram.RamFileRandomAccessContent$1[0m
  [34mIgnoring method of an anonymous declaring type: (CtMethodImpl) read @ commons-vfs2/src/main/java/org/apache/commons/vfs2/provider/ram/RamFileRandomAccessContent.java:105:24 in (CtClassImpl) 1 @ commons-vfs2/src/main/java/org/apache/commons/vfs2/provider/ram/RamFileRandomAccessContent.java:79:35[0m
  [34mIgnoring anonymous type: (CtTypeReferenceImpl) org.apache.commons.vfs2.provider.ram.RamFileRandomAccessContent$1[0m
  [34mIgnoring method of an anonymous declaring type: (CtMethodImpl) read @ commons-vfs2/src/main/java/org/apache/commons/vfs2/provider/ram/RamFileRandomAccessContent.java:105:24 in (CtClassImpl) 1 @ commons-vfs2/src/main/java/org/apache/commons/vfs2/provider/ram/RamFileRandomAccessContent.java:79:35[0m
  [34mIgnoring method of an anonymous declaring type: (CtMethodImpl) available @ commons-vfs2/src/main/java/org/apache/commons/vfs2/provider/ram/RamFileRandomAccessContent.java:116:24 in (CtClassImpl) 1 @ commons-vfs2/src/main/java/org/apache/commons/vfs2/provider/ram/RamFileRandomAccessContent.java:79:35[0m
  [34mUnused type args: [AFS][0m
  [34mUnused type args: [AFS][0m
  [34mIgnoring implicit executable reference: (CtExecutableReferenceImpl) <init>[0m
  [34mUnused type args: [AFS][0m
  [34mIgnoring implicit executable reference: (CtExecutableReferenceImpl) <init>[0m
  [34mIgnoring implicit executable reference: (CtExecutableReferenceImpl) <init>[0m
  [34mUnused type args: [java.lang.Comparable @ commons-vfs2/src/main/java/org/apache/commons/vfs2/provider/FileSystemKey.java:49:26][0m
  [34mUnused type args: [? @ commons-vfs2/src/main/java/org/apache/commons/vfs2/provider/FileSystemKey.java:49:37][0m
  [34mUnused type args: [java.lang.Comparable @ commons-vfs2/src/main/java/org/apache/commons/vfs2/provider/FileSystemKey.java:49:66][0m
  [34mUnused type args: [? @ commons-vfs2/src/main/java/org/apache/commons/vfs2/provider/FileSystemKey.java:49:77][0m
  [34mUnused type args: [?][0m
  [34mUnused type args: [java.lang.Comparable][0m
  [34mUnused type args: [?][0m
  [34mUnused type args: [?][0m
  [34mIgnoring implicit executable reference: (CtExecutableReferenceImpl) <init>[0m
  [34mIgnoring implicit executable reference: (CtExecutableReferenceImpl) <init>[0m
  [34mIgnoring implicit executable reference: (CtExecutableReferenceImpl) <init>[0m
  [34mIgnoring implicit executable reference: (CtExecutableReferenceImpl) <init>[0m
  [34mUnused type args: [AFS][0m
  [34mUnused type args: [AFS][0m
  [34mIgnoring implicit executable reference: (CtExecutableReferenceImpl) <init>[0m
  [34mUnused type args: [AFS][0m
  [34mUnused type args: [?][0m
  [34mUnused type args: [?][0m
  [34mUnused type args: [AFS][0m
  [34mUnused type args: [AFS][0m
  [34mIgnoring implicit executable reference: (CtExecutableReferenceImpl) <init>[0m
  [34mUnused type args: [org.apache.commons.vfs2.provider.ram.RamFileSystem][0m
  [34mIgnoring implicit executable reference: (CtExecutableReferenceImpl) <init>[0m
  [34mIgnoring implicit executable reference: (CtExecutableReferenceImpl) <init>[0m
  [34mUnused type args: [org.apache.commons.vfs2.FileName, org.apache.commons.vfs2.provider.ram.RamFileData][0m
  [34mUnused type args: [org.apache.commons.vfs2.FileName, org.apache.commons.vfs2.provider.ram.RamFileData][0m
  [34mUnused type args: [org.apache.commons.vfs2.Capability][0m
  [34mUnused type args: [org.apache.commons.vfs2.Capability][0m
  [34mIgnoring implicit executable reference: (CtExecutableReferenceImpl) <init>[0m
  [34mIgnoring implicit executable reference: (CtExecutableReferenceImpl) <init>[0m
  [34mUnused type args: [AFS][0m
  [34mUnused type args: [AFS][0m
  [34mUnused type args: [AFS][0m
  [34mUnused type args: [AFS][0m
  [34mUnused type args: [AFS][0m
  [34mUnused type args: [AFS][0m
  [34mUnused type args: [AFS][0m
  [34mUnused type args: [AFS][0m
  [34mUnused type args: [AFS][0m
  [34mUnused type args: [AFS][0m
  [34mIgnoring implicit executable reference: (CtExecutableReferenceImpl) <init>[0m
  [34mUnused type args: [AFS][0m
  [34mIgnoring implicit executable reference: (CtExecutableReferenceImpl) <init>[0m
  [34mUnused type args: [AFS][0m
  [34mIgnoring implicit executable reference: (CtExecutableReferenceImpl) <init>[0m
  [34mUnused type args: [AFS][0m
  [34mUnused type args: [AFS][0m
  [34mIgnoring implicit executable reference: (CtExecutableReferenceImpl) <init>[0m
  [34mIgnoring implicit executable reference: (CtExecutableReferenceImpl) <init>[0m
  [34mUnused type args: [?][0m
  [34mIgnoring implicit executable reference: (CtExecutableReferenceImpl) <init>[0m
  [34mUnused type args: [AFS][0m
  [34mUnused type args: [AFS][0m
  [34mIgnoring implicit executable reference: (CtExecutableReferenceImpl) <init>[0m
  [34mUnused type args: [AFS][0m
  [34mUnused type args: [AFS][0m
  [34mUnused type args: [AFS][0m
  [34mIgnoring implicit executable reference: (CtExecutableReferenceImpl) <init>[0m
  [34mUnused type args: [AFS][0m
  [34mUnused type args: [AFS][0m
  [34mUnused type args: [AFS][0m
  [34mIgnoring implicit executable reference: (CtExecutableReferenceImpl) <init>[0m
  [34mUnused type args: [AFS][0m
  [34mUnused type args: [AFS][0m
  [34mUnused type args: [AFS][0m
  [34mUnused type args: [AFS][0m
  [34mUnused type args: [AFS][0m
  [34mUnused type args: [AFS][0m
  [34mUnused type args: [AFS][0m
  [34mIgnoring implicit executable reference: (CtExecutableReferenceImpl) <init>[0m
  [34mUnused type args: [AFS][0m
  [34mUnused type args: [AFS][0m
  [34mUnused type args: [AFS][0m
  [34mUnused type args: [AFS][0m
  [34mUnused type args: [AFS][0m
  [34mUnused type args: [org.apache.commons.vfs2.FileObject @ commons-vfs2/src/main/java/org/apache/commons/vfs2/provider/AbstractFileObject.java:923:20][0m
  [34mUnused type args: [AFS][0m
  [34mUnused type args: [org.apache.commons.vfs2.FileObject][0m
  [34mUnused type args: [org.apache.commons.vfs2.FileObject][0m
  [34mUnused type args: [org.apache.commons.vfs2.FileObject][0m
  [34mUnused type args: [org.apache.commons.vfs2.FileObject][0m
  [34mUnused type args: [org.apache.commons.vfs2.FileObject][0m
  [34mUnused type args: [AFS][0m
  [34mUnused type args: [org.apache.commons.vfs2.FileName @ commons-vfs2/src/main/java/org/apache/commons/vfs2/provider/AbstractFileObject.java:195:29][0m
  [34mIgnoring implicit executable reference: (CtExecutableReferenceImpl) <init>[0m
  [34mUnused type args: [org.apache.commons.vfs2.FileName][0m
  [34mUnused type args: [?][0m
  [34mUnused type args: [org.apache.commons.vfs2.FileName][0m
  [34mUnused type args: [org.apache.commons.vfs2.FileName][0m
  [34mUnused type args: [AFS][0m
  [34mUnused type args: [org.apache.commons.vfs2.FileName][0m
  [34mUnused type args: [org.apache.commons.vfs2.FileName][0m
  [34mUnused type args: [AFS][0m
  [34mUnused type args: [org.apache.commons.vfs2.FileName][0m
  [34mUnused type args: [org.apache.commons.vfs2.FileName][0m
  [34mUnused type args: [org.apache.commons.vfs2.FileName][0m
  [34mUnused type args: [AFS][0m
  [34mUnused type args: [AFS][0m
  [34mIgnoring implicit executable reference: (CtExecutableReferenceImpl) <init>[0m
  [34mIgnoring implicit executable reference: (CtExecutableReferenceImpl) <init>[0m
  [34mIgnoring implicit executable reference: (CtExecutableReferenceImpl) <init>[0m
  [34mUnused type args: [?][0m
  [34mUnused type args: [?][0m
  [34mUnused type args: [?][0m
  [34mUnused type args: [?][0m
  [34mUnused type args: [?][0m
  [34mUnused type args: [AFS][0m
  [34mIgnoring implicit executable reference: (CtExecutableReferenceImpl) <init>[0m
  [34mIgnoring implicit executable reference: (CtExecutableReferenceImpl) <init>[0m
  [34mIgnoring implicit executable reference: (CtExecutableReferenceImpl) <init>[0m
  [34mIgnoring implicit executable reference: (CtExecutableReferenceImpl) <init>[0m
  Pending package org.apache.commons.vfs2.impl
  getting parent type for (CtClassImpl) DefaultFileSystem @ commons-vfs2/src/main/java/org/apache/commons/vfs2/impl/DefaultFileSystemConfigBuilder.java:65:27
  [34mskipping default constructor: org.apache.commons.vfs2.impl.DefaultFileSystemConfigBuilder$DefaultFileSystem()[0m
  [34mskipping default constructor: org.apache.commons.vfs2.impl.DefaultFileSystemConfigBuilder()[0m
  getting parent type for (CtClassImpl) Type @ commons-vfs2/src/main/java/org/apache/commons/vfs2/UserAuthenticationData.java:30:25
  Pending package org.apache.commons.vfs2.cache
  [34mIgnoring implicit executable reference: (CtExecutableReferenceImpl) <init>[0m
  [34mUnused type args: [?][0m
  [34mUnused type args: [?][0m
  [34mIgnoring implicit executable reference: (CtExecutableReferenceImpl) <init>[0m
  [34mUnused type args: [?][0m
  [34mIgnoring implicit executable reference: (CtExecutableReferenceImpl) <init>[0m
  [34mUnused type args: [?][0m
  [34mIgnoring implicit executable reference: (CtExecutableReferenceImpl) <init>[0m
  [34mUnused type args: [?][0m
  [34mUnused type args: [java.lang.Object][0m
  [34mUnused type args: [java.lang.Object][0m
  [34mUnused type args: [AFS][0m
  [34mUnused type args: [AFS][0m
  [34mUnused type args: [AFS][0m
  [34mUnused type args: [AFS][0m
  [34mIgnoring implicit executable reference: (CtExecutableReferenceImpl) <init>[0m
  [34mUnused type args: [AFS][0m
  [34mIgnoring implicit executable reference: (CtExecutableReferenceImpl) <init>[0m
  Pending package java.util.concurrent
  Pending package java.text
  [34mUnused type args: [AFS][0m
  [34mUnused type args: [java.lang.String, java.lang.Object][0m
  [34mUnused type args: [java.lang.String, java.lang.Object][0m
  [34mIgnoring implicit executable reference: (CtExecutableReferenceImpl) <init>[0m
  [34mIgnoring implicit executable reference: (CtExecutableReferenceImpl) <init>[0m
  [34mUnused type args: [org.apache.commons.vfs2.FileSystemOptions$FileSystemOptionKey, java.lang.Object][0m
  [34mUnused type args: [org.apache.commons.vfs2.FileSystemOptions$FileSystemOptionKey, java.lang.Object][0m
  [34mUnused type args: [org.apache.commons.vfs2.FileSystemOptions$FileSystemOptionKey, java.lang.Object][0m
  [34mIgnoring implicit executable reference: (CtExecutableReferenceImpl) <init>[0m
  [34mIgnoring implicit executable reference: (CtExecutableReferenceImpl) <init>[0m
  Pending package org.apache.commons.vfs2.provider.local
  [34mskipping default constructor: org.apache.commons.vfs2.provider.AbstractFileNameParser()[0m
  [34mskipping default constructor: org.apache.commons.vfs2.provider.local.LocalFileNameParser()[0m
  [34mskipping default constructor: org.apache.commons.vfs2.provider.local.GenericFileNameParser()[0m
  [34mUnused type args: [org.apache.commons.vfs2.provider.FileSystemKey, org.apache.commons.vfs2.FileSystem][0m
  [34mUnused type args: [org.apache.commons.vfs2.provider.FileSystemKey, org.apache.commons.vfs2.FileSystem][0m
  [34mUnused type args: [?][0m
  [34mUnused type args: [AFS][0m
  [34mUnused type args: [org.apache.commons.vfs2.FileObject][0m
  [34mUnused type args: [org.apache.commons.vfs2.FileObject][0m
  [34mIgnoring implicit executable reference: (CtExecutableReferenceImpl) <init>[0m
  [34mUnused type args: [AFS][0m
  [34mIgnoring implicit executable reference: (CtExecutableReferenceImpl) <init>[0m
  [34mUnused type args: [AFS][0m
  [34mUnused type args: [AFS][0m
  [34mUnused type args: [org.apache.commons.vfs2.FileObject][0m
  [34mUnused type args: [org.apache.commons.vfs2.FileObject][0m
  [34mIgnoring implicit executable reference: (CtExecutableReferenceImpl) <init>[0m
  [34mUnused type args: [AFS][0m
  [34mIgnoring implicit executable reference: (CtExecutableReferenceImpl) <init>[0m
  [34mUnused type args: [AFS][0m
  [34mIgnoring implicit executable reference: (CtExecutableReferenceImpl) <init>[0m
  [34mUnused type args: [AFS][0m
  [34mUnused type args: [org.apache.commons.vfs2.Capability][0m
  [34mUnused type args: [AFS][0m
  [34mIgnoring implicit executable reference: (CtExecutableReferenceImpl) <init>[0m
  [34mIgnoring implicit executable reference: (CtExecutableReferenceImpl) <init>[0m
  [34mIgnoring implicit executable reference: (CtExecutableReferenceImpl) <init>[0m
  [34mIgnoring implicit executable reference: (CtExecutableReferenceImpl) <init>[0m
  [34mIgnoring implicit executable reference: (CtExecutableReferenceImpl) <init>[0m
  [34mUnused type args: [org.apache.commons.vfs2.FileSystemOptions$FileSystemOptionKey, java.lang.Object][0m
  [34mIgnoring implicit executable reference: (CtExecutableReferenceImpl) <init>[0m
  [34mUnused type args: [org.apache.commons.vfs2.FileSystemOptions$FileSystemOptionKey @ commons-vfs2/src/main/java/org/apache/commons/vfs2/FileSystemOptions.java:53:26, java.lang.Object @ commons-vfs2/src/main/java/org/apache/commons/vfs2/FileSystemOptions.java:53:47][0m
  [34mUnused type args: [?][0m
  [34mUnused type args: [?][0m
  [34mUnused type args: [?][0m
  [34mIgnoring implicit executable reference: (CtExecutableReferenceImpl) <init>[0m
  [34mIgnoring implicit executable reference: (CtExecutableReferenceImpl) <init>[0m
  [34mIgnoring implicit executable reference: (CtExecutableReferenceImpl) <init>[0m
  [34mUnused type args: [org.apache.commons.vfs2.provider.ram.RamFileData][0m
  [34mIgnoring implicit executable reference: (CtExecutableReferenceImpl) <init>[0m
  [34mUnused type args: [org.apache.commons.vfs2.provider.ram.RamFileData][0m
  [34mIgnoring implicit executable reference: (CtExecutableReferenceImpl) <init>[0m
  [34mIgnoring implicit executable reference: (CtExecutableReferenceImpl) <init>[0m
  [34mUnused type args: [AFS][0m
  [34mUnused type args: [AFS][0m
  [34mIgnoring implicit executable reference: (CtExecutableReferenceImpl) <init>[0m
  [34mIgnoring implicit executable reference: (CtExecutableReferenceImpl) <init>[0m
  [34mUnused type args: [org.apache.commons.vfs2.FileName, org.apache.commons.vfs2.provider.ram.RamFileData][0m
  [34mUnused type args: [org.apache.commons.vfs2.FileName, org.apache.commons.vfs2.provider.ram.RamFileData][0m
  [34mUnused type args: [org.apache.commons.vfs2.FileName, org.apache.commons.vfs2.provider.ram.RamFileData][0m
  [34mUnused type args: [org.apache.commons.vfs2.FileName, org.apache.commons.vfs2.provider.ram.RamFileData][0m
  [34mUnused type args: [K, V][0m
  [34mIgnoring implicit executable reference: (CtExecutableReferenceImpl) <init>[0m
  [34mUnused type args: [org.apache.commons.vfs2.FileName @ commons-vfs2/src/main/java/org/apache/commons/vfs2/provider/ram/RamFileSystem.java:62:62, org.apache.commons.vfs2.provider.ram.RamFileData @ commons-vfs2/src/main/java/org/apache/commons/vfs2/provider/ram/RamFileSystem.java:62:72][0m
  [34mIgnoring implicit executable reference: (CtExecutableReferenceImpl) <init>[0m
  [34mUnused type args: [org.apache.commons.vfs2.FileName, org.apache.commons.vfs2.provider.ram.RamFileData][0m
  [34mUnused type args: [AFS][0m
  [34mIgnoring implicit executable reference: (CtExecutableReferenceImpl) <init>[0m
  [34mUnused type args: [AFS][0m
  [34mIgnoring implicit executable reference: (CtExecutableReferenceImpl) <init>[0m
  [34mUnused type args: [AFS][0m
  [34mUnused type args: [AFS][0m
  [34mIgnoring implicit executable reference: (CtExecutableReferenceImpl) <init>[0m
  [34mUnused type args: [AFS][0m
  [34mIgnoring implicit executable reference: (CtExecutableReferenceImpl) <init>[0m
  [34mUnused type args: [AFS][0m
  [34mUnused type args: [AFS][0m
  [34mIgnoring implicit executable reference: (CtExecutableReferenceImpl) <init>[0m
  [34mUnused type args: [AFS][0m
  [34mUnused type args: [AFS][0m
  [34mUnused type args: [AFS][0m
  [34mIgnoring implicit executable reference: (CtExecutableReferenceImpl) <init>[0m
  [34mUnused type args: [AFS][0m
  [34mUnused type args: [AFS][0m
  [34mUnused type args: [org.apache.commons.vfs2.Capability][0m
  [34mUnused type args: [?][0m
  [34mUnused type args: [org.apache.commons.vfs2.Capability][0m
  [34mIgnoring implicit executable reference: (CtExecutableReferenceImpl) <init>[0m
  [34mIgnoring implicit executable reference: (CtExecutableReferenceImpl) <init>[0m
  [34mUnused type args: [E @ commons-vfs2/src/main/java/org/apache/commons/vfs2/FileSystemConfigBuilder.java:364:22][0m
  [34mUnused type args: [E][0m
  [34mUnused type args: [E][0m
  [34mUnused type args: [E][0m
  [34mUnused type args: [E][0m
  [34mUnused type args: [AFS][0m
  [34mUnused type args: [AFS][0m
  [34mUnused type args: [AFS][0m
  [34mIgnoring implicit executable reference: (CtExecutableReferenceImpl) <init>[0m
  [34mUnused type args: [org.apache.commons.vfs2.FileName, org.apache.commons.vfs2.provider.ram.RamFileData][0m
  [34mIgnoring implicit executable reference: (CtExecutableReferenceImpl) <init>[0m
  [34mUnused type args: [AFS][0m
  [34mIgnoring implicit executable reference: (CtExecutableReferenceImpl) <init>[0m
  [34mIgnoring implicit executable reference: (CtExecutableReferenceImpl) <init>[0m
  [34mIgnoring implicit executable reference: (CtExecutableReferenceImpl) <init>[0m
  [34mUnused type args: [AFS][0m
  [34mIgnoring implicit executable reference: (CtExecutableReferenceImpl) <init>[0m
  [34mIgnoring implicit executable reference: (CtExecutableReferenceImpl) <init>[0m
  [34mUnused type args: [AFS][0m
  [34mUnused type args: [AFS][0m
  [34mUnused type args: [AFS][0m
  [34mUnused type args: [AFS][0m
  [34mUnused type args: [AFS][0m
  [34mIgnoring implicit executable reference: (CtExecutableReferenceImpl) <init>[0m
  [34mIgnoring implicit executable reference: (CtExecutableReferenceImpl) <init>[0m
  [34mUnused type args: [AFS][0m
  [34mUnused type args: [AFS][0m
  [34mUnused type args: [AFS][0m
  [34mUnused type args: [AFS][0m
  [34mUnused type args: [AFS][0m
  [34mIgnoring implicit executable reference: (CtExecutableReferenceImpl) <init>[0m
  [34mIgnoring implicit executable reference: (CtExecutableReferenceImpl) <init>[0m
  [34mUnused type args: [AFS][0m
  [34mUnused type args: [AFS][0m
  [34mUnused type args: [AFS][0m
  [34mUnused type args: [AFS][0m
  [34mUnused type args: [AFS][0m
  [34mUnused type args: [AFS][0m
  [34mUnused type args: [AFS][0m
  [34mIgnoring implicit executable reference: (CtExecutableReferenceImpl) <init>[0m
  [34mUnused type args: [AFS][0m
  [34mUnused type args: [AFS][0m
  [34mUnused type args: [AFS][0m
  [34mUnused type args: [AFS][0m
  [34mUnused type args: [AFS][0m
  [34mUnused type args: [AFS][0m
  [34mUnused type args: [AFS][0m
  [34mUnused type args: [AFS][0m
  [34mUnused type args: [org.apache.commons.vfs2.FileName, java.util.ArrayList][0m
  [34mUnused type args: [org.apache.commons.vfs2.FileListener][0m
  [34mUnused type args: [? @ commons-vfs2/src/main/java/org/apache/commons/vfs2/provider/AbstractFileSystem.java:538:29][0m
  [34mUnused type args: [org.apache.commons.vfs2.FileName, java.util.ArrayList][0m
  [34mUnused type args: [org.apache.commons.vfs2.FileListener][0m
  [34mUnused type args: [org.apache.commons.vfs2.FileListener][0m
  [34mUnused type args: [?][0m
  [34mUnused type args: [?][0m
  [34mUnused type args: [org.apache.commons.vfs2.FileListener][0m
  [34mUnused type args: [?][0m
  [34mIgnoring implicit executable reference: (CtExecutableReferenceImpl) <init>[0m
  [34mIgnoring implicit executable reference: (CtExecutableReferenceImpl) <init>[0m
  [34mUnused type args: [org.apache.commons.vfs2.FileSystemOptions$FileSystemOptionKey, java.lang.Object][0m
  [34mUnused type args: [org.apache.commons.vfs2.FileSystemOptions$FileSystemOptionKey, java.lang.Object][0m
  [34mUnused type args: [org.apache.commons.vfs2.FileSystemOptions$FileSystemOptionKey, java.lang.Object][0m
  [34mUnused type args: [org.apache.commons.vfs2.FileSystemOptions$FileSystemOptionKey, java.lang.Object][0m
  [34mUnused type args: [org.apache.commons.vfs2.FileSystemOptions$FileSystemOptionKey @ commons-vfs2/src/main/java/org/apache/commons/vfs2/FileSystemOptions.java:158:25, java.lang.Object @ commons-vfs2/src/main/java/org/apache/commons/vfs2/FileSystemOptions.java:158:46][0m
  [34mUnused type args: [org.apache.commons.vfs2.FileSystemOptions$FileSystemOptionKey, java.lang.Object][0m
  [34mUnused type args: [org.apache.commons.vfs2.FileSystemOptions$FileSystemOptionKey, java.lang.Object][0m
  [34mUnused type args: [org.apache.commons.vfs2.FileSystemOptions$FileSystemOptionKey @ commons-vfs2/src/main/java/org/apache/commons/vfs2/FileSystemOptions.java:159:30, java.lang.Object @ commons-vfs2/src/main/java/org/apache/commons/vfs2/FileSystemOptions.java:159:51][0m
  [34mUnused type args: [org.apache.commons.vfs2.FileSystemOptions$FileSystemOptionKey, java.lang.Object][0m
  [34mIgnoring implicit executable reference: (CtExecutableReferenceImpl) <init>[0m
  [34mUnused type args: [org.apache.commons.vfs2.FileSystemOptions$FileSystemOptionKey, java.lang.Object][0m
  [34mUnused type args: [?, ?][0m
  [34mUnused type args: [org.apache.commons.vfs2.FileSystemOptions$FileSystemOptionKey, java.lang.Object][0m
  [34mUnused type args: [org.apache.commons.vfs2.FileSystemOptions$FileSystemOptionKey @ commons-vfs2/src/main/java/org/apache/commons/vfs2/FileSystemOptions.java:161:25, java.lang.Object @ commons-vfs2/src/main/java/org/apache/commons/vfs2/FileSystemOptions.java:161:46][0m
  [34mUnused type args: [org.apache.commons.vfs2.FileSystemOptions$FileSystemOptionKey, java.lang.Object][0m
  [34mUnused type args: [org.apache.commons.vfs2.FileSystemOptions$FileSystemOptionKey, java.lang.Object][0m
  [34mUnused type args: [org.apache.commons.vfs2.FileSystemOptions$FileSystemOptionKey @ commons-vfs2/src/main/java/org/apache/commons/vfs2/FileSystemOptions.java:162:30, java.lang.Object @ commons-vfs2/src/main/java/org/apache/commons/vfs2/FileSystemOptions.java:162:51][0m
  [34mUnused type args: [org.apache.commons.vfs2.FileSystemOptions$FileSystemOptionKey, java.lang.Object][0m
  [34mIgnoring implicit executable reference: (CtExecutableReferenceImpl) <init>[0m
  [34mUnused type args: [org.apache.commons.vfs2.FileSystemOptions$FileSystemOptionKey, java.lang.Object][0m
  [34mUnused type args: [?, ?][0m
  [34mUnused type args: [org.apache.commons.vfs2.FileSystemOptions$FileSystemOptionKey, java.lang.Object][0m
  [34mUnused type args: [org.apache.commons.vfs2.FileSystemOptions$FileSystemOptionKey @ commons-vfs2/src/main/java/org/apache/commons/vfs2/FileSystemOptions.java:164:24][0m
  [34mUnused type args: [org.apache.commons.vfs2.FileSystemOptions$FileSystemOptionKey, java.lang.Object][0m
  [34mUnused type args: [org.apache.commons.vfs2.FileSystemOptions$FileSystemOptionKey][0m
  [34mUnused type args: [org.apache.commons.vfs2.FileSystemOptions$FileSystemOptionKey][0m
  [34mUnused type args: [org.apache.commons.vfs2.FileSystemOptions$FileSystemOptionKey @ commons-vfs2/src/main/java/org/apache/commons/vfs2/FileSystemOptions.java:165:24][0m
  [34mUnused type args: [org.apache.commons.vfs2.FileSystemOptions$FileSystemOptionKey, java.lang.Object][0m
  [34mUnused type args: [org.apache.commons.vfs2.FileSystemOptions$FileSystemOptionKey][0m
  [34mUnused type args: [org.apache.commons.vfs2.FileSystemOptions$FileSystemOptionKey][0m
  [34mUnused type args: [org.apache.commons.vfs2.FileSystemOptions$FileSystemOptionKey][0m
  [34mUnused type args: [org.apache.commons.vfs2.FileSystemOptions$FileSystemOptionKey][0m
  [34mUnused type args: [org.apache.commons.vfs2.FileSystemOptions$FileSystemOptionKey][0m
  [34mUnused type args: [org.apache.commons.vfs2.FileSystemOptions$FileSystemOptionKey, java.lang.Object][0m
  [34mUnused type args: [java.lang.Object][0m
  [34mUnused type args: [java.lang.Object][0m
  [34mUnused type args: [org.apache.commons.vfs2.FileSystemOptions$FileSystemOptionKey, java.lang.Object][0m
  [34mUnused type args: [java.lang.Object][0m
  [34mUnused type args: [java.lang.Object][0m
  [34mIgnoring implicit executable reference: (CtExecutableReferenceImpl) <init>[0m
  [34mUnused type args: [org.apache.commons.vfs2.FileSystemOptions$FileSystemOptionKey, java.lang.Object][0m
  [34mUnused type args: [org.apache.commons.vfs2.FileSystemOptions$FileSystemOptionKey @ commons-vfs2/src/main/java/org/apache/commons/vfs2/FileSystemOptions.java:194:29, java.lang.Object @ commons-vfs2/src/main/java/org/apache/commons/vfs2/FileSystemOptions.java:194:50][0m
  [34mUnused type args: [org.apache.commons.vfs2.FileSystemOptions$FileSystemOptionKey, java.lang.Object][0m
  [34mUnused type args: [org.apache.commons.vfs2.FileSystemOptions$FileSystemOptionKey, java.lang.Object][0m
  [34mUnused type args: [org.apache.commons.vfs2.FileSystemOptions$FileSystemOptionKey @ commons-vfs2/src/main/java/org/apache/commons/vfs2/FileSystemOptions.java:195:34, java.lang.Object @ commons-vfs2/src/main/java/org/apache/commons/vfs2/FileSystemOptions.java:195:55][0m
  [34mUnused type args: [org.apache.commons.vfs2.FileSystemOptions$FileSystemOptionKey, java.lang.Object][0m
  [34mIgnoring implicit executable reference: (CtExecutableReferenceImpl) <init>[0m
  [34mUnused type args: [org.apache.commons.vfs2.FileSystemOptions$FileSystemOptionKey, java.lang.Object][0m
  [34mUnused type args: [?, ?][0m
  [34mUnused type args: [org.apache.commons.vfs2.FileSystemOptions$FileSystemOptionKey, java.lang.Object][0m
  [34mUnused type args: [org.apache.commons.vfs2.FileSystemOptions$FileSystemOptionKey, java.lang.Object][0m
  [34mUnused type args: [org.apache.commons.vfs2.FileSystemOptions$FileSystemOptionKey][0m
  [34mUnused type args: [org.apache.commons.vfs2.FileSystemOptions$FileSystemOptionKey, java.lang.Object][0m
  [34mUnused type args: [java.lang.Object][0m
  [34mUnused type args: [java.lang.Object][0m
  [34mUnused type args: [org.apache.commons.vfs2.FileSystemOptions$FileSystemOptionKey, java.lang.Object][0m
  [34mIgnoring implicit executable reference: (CtExecutableReferenceImpl) <init>[0m
  [34mUnused type args: [AFS][0m
  [34mUnused type args: [AFS][0m
  [34mIgnoring implicit executable reference: (CtExecutableReferenceImpl) <init>[0m
  [34mUnused type args: [AFS][0m
  [34mUnused type args: [AFS][0m
  [34mUnused type args: [AFS][0m
  [34mIgnoring implicit executable reference: (CtExecutableReferenceImpl) <init>[0m
  [34mUnused type args: [?][0m
  [34mUnused type args: [?][0m
  [34mUnused type args: [org.apache.commons.vfs2.provider.FileSystemKey, org.apache.commons.vfs2.FileSystem][0m
  [34mUnused type args: [org.apache.commons.vfs2.provider.FileSystemKey, org.apache.commons.vfs2.FileSystem][0m
  [34mIgnoring implicit executable reference: (CtExecutableReferenceImpl) <init>[0m
  [34mIgnoring implicit executable reference: (CtExecutableReferenceImpl) <init>[0m
  [34mUnused type args: [AFS][0m
  [34mUnused type args: [org.apache.commons.vfs2.Capability][0m
  [34mIgnoring implicit executable reference: (CtExecutableReferenceImpl) <init>[0m
  [34mUnused type args: [AFS][0m
  [34mUnused type args: [org.apache.commons.vfs2.FileObject @ commons-vfs2/src/main/java/org/apache/commons/vfs2/provider/AbstractFileObject.java:1561:25][0m
  [34mIgnoring implicit executable reference: (CtExecutableReferenceImpl) <init>[0m
  [34mUnused type args: [org.apache.commons.vfs2.FileObject][0m
  [34mUnused type args: [AFS][0m
  [34mUnused type args: [org.apache.commons.vfs2.FileObject][0m
  [34mUnused type args: [org.apache.commons.vfs2.FileObject][0m
  [34mUnused type args: [org.apache.commons.vfs2.FileObject][0m
  [34mIgnoring implicit executable reference: (CtExecutableReferenceImpl) <init>[0m
  [34mIgnoring implicit executable reference: (CtExecutableReferenceImpl) <init>[0m
  [34mIgnoring implicit executable reference: (CtExecutableReferenceImpl) <init>[0m
  [34mIgnoring implicit executable reference: (CtExecutableReferenceImpl) <init>[0m
  [34mIgnoring implicit executable reference: (CtExecutableReferenceImpl) <init>[0m
  Pending package sun.net.www
  [34mIgnoring implicit executable reference: (CtExecutableReferenceImpl) <init>[0m
  [34mIgnoring implicit executable reference: (CtExecutableReferenceImpl) <init>[0m
  [34mUnused type args: [?][0m
  [34mUnused type args: [?][0m
  [34mUnused type args: [?][0m
  [34mIgnoring implicit executable reference: (CtExecutableReferenceImpl) <init>[0m
  [34mUnused type args: [?][0m
  [34mIgnoring implicit executable reference: (CtExecutableReferenceImpl) <init>[0m
  [34mIgnoring implicit executable reference: (CtExecutableReferenceImpl) <init>[0m
  [34mIgnoring implicit executable reference: (CtExecutableReferenceImpl) <init>[0m
  [34mIgnoring implicit executable reference: (CtExecutableReferenceImpl) <init>[0m
  [34mIgnoring implicit executable reference: (CtExecutableReferenceImpl) <init>[0m
  [34mIgnoring implicit executable reference: (CtExecutableReferenceImpl) <init>[0m
  [34mIgnoring implicit executable reference: (CtExecutableReferenceImpl) <init>[0m
  [34mIgnoring implicit executable reference: (CtExecutableReferenceImpl) <init>[0m
  [34mUnused type args: [java.lang.String, java.text.MessageFormat][0m
  [34mIgnoring implicit executable reference: (CtExecutableReferenceImpl) <init>[0m
  [34mUnused type args: [java.lang.String, java.text.MessageFormat][0m
  [34mUnused type args: [java.lang.String, java.text.MessageFormat][0m
  [34mIgnoring implicit executable reference: (CtExecutableReferenceImpl) <init>[0m
  [34mIgnoring implicit executable reference: (CtExecutableReferenceImpl) <init>[0m
  [34mIgnoring implicit executable reference: (CtExecutableReferenceImpl) <init>[0m
  [34mIgnoring implicit executable reference: (CtExecutableReferenceImpl) <init>[0m
  [34mIgnoring implicit executable reference: (CtExecutableReferenceImpl) <init>[0m
  [34mIgnoring implicit executable reference: (CtExecutableReferenceImpl) <init>[0m
  [34mUnused type args: [java.lang.String, java.lang.Object][0m
  [34mUnused type args: [java.lang.String, java.lang.Object][0m
  [34mIgnoring implicit executable reference: (CtExecutableReferenceImpl) <init>[0m
  [34mIgnoring implicit executable reference: (CtExecutableReferenceImpl) <init>[0m
  [34mIgnoring implicit executable reference: (CtExecutableReferenceImpl) <init>[0m
  [34mIgnoring implicit executable reference: (CtExecutableReferenceImpl) <init>[0m
  [34mIgnoring implicit executable reference: (CtExecutableReferenceImpl) <init>[0m
  [34mUnused type args: [java.io.InputStream][0m
  [34mIgnoring implicit executable reference: (CtExecutableReferenceImpl) <init>[0m
  [34mIgnoring implicit executable reference: (CtExecutableReferenceImpl) <init>[0m
  [34mIgnoring implicit executable reference: (CtExecutableReferenceImpl) <init>[0m
  [34mIgnoring implicit executable reference: (CtExecutableReferenceImpl) <init>[0m
  [34mSkipping selection with no field declaration: (CtFieldReferenceImpl) class[0m
  [34mSkipping selection with no field declaration: (CtFieldReferenceImpl) class[0m
  [34mUnused type args: [org.apache.commons.vfs2.FileObject][0m
  [34mUnused type args: [org.apache.commons.vfs2.FileObject][0m
  [34mUnused type args: [org.apache.commons.vfs2.provider.FileContentThreadData][0m
  [34mUnused type args: [org.apache.commons.vfs2.provider.FileContentThreadData][0m
  [34mIgnoring implicit executable reference: (CtExecutableReferenceImpl) <init>[0m
  [34mIgnoring implicit executable reference: (CtExecutableReferenceImpl) <init>[0m
  [34mUnused type args: [java.lang.Class @ commons-vfs2/src/main/java/org/apache/commons/vfs2/operations/DefaultFileOperations.java:63:20][0m
  [34mUnused type args: [? @ commons-vfs2/src/main/java/org/apache/commons/vfs2/operations/DefaultFileOperations.java:63:26][0m
  [34mIgnoring implicit executable reference: (CtExecutableReferenceImpl) <init>[0m
  [34mUnused type args: [java.lang.Class][0m
  [34mUnused type args: [?][0m
  [34mUnused type args: [java.lang.Class][0m
  [34mUnused type args: [?][0m
  [34mUnused type args: [java.lang.Class][0m
  [34mUnused type args: [?][0m
  [34mUnused type args: [? @ commons-vfs2/src/main/java/org/apache/commons/vfs2/operations/DefaultFileOperations.java:70:21][0m
  [34mUnused type args: [? @ commons-vfs2/src/main/java/org/apache/commons/vfs2/operations/DefaultFileOperations.java:70:63][0m
  [34mUnused type args: [java.lang.Class][0m
  [34mUnused type args: [?][0m
  [34mUnused type args: [java.lang.Class][0m
  [34mUnused type args: [?][0m
  [34mUnused type args: [?][0m
  [34mUnused type args: [? @ commons-vfs2/src/main/java/org/apache/commons/vfs2/operations/DefaultFileOperations.java:71:36][0m
  [34mUnused type args: [?][0m
  [34mIgnoring implicit executable reference: (CtExecutableReferenceImpl) <init>[0m
  [34mIgnoring implicit executable reference: (CtExecutableReferenceImpl) <init>[0m
  [34mUnused type args: [org.apache.commons.vfs2.RandomAccessContent][0m
  [34mIgnoring implicit executable reference: (CtExecutableReferenceImpl) <init>[0m
  [34mIgnoring implicit executable reference: (CtExecutableReferenceImpl) <init>[0m
  [34mUnused type args: [org.apache.commons.vfs2.provider.FileContentThreadData][0m
  [34mUnused type args: [org.apache.commons.vfs2.provider.FileContentThreadData][0m
  [34mIgnoring implicit executable reference: (CtExecutableReferenceImpl) <init>[0m
  [34mIgnoring implicit executable reference: (CtExecutableReferenceImpl) <init>[0m
  [34mIgnoring implicit executable reference: (CtExecutableReferenceImpl) <init>[0m
  [34mIgnoring implicit executable reference: (CtExecutableReferenceImpl) <init>[0m
  [34mIgnoring implicit executable reference: (CtExecutableReferenceImpl) <init>[0m
  [34mIgnoring implicit executable reference: (CtExecutableReferenceImpl) <init>[0m
  [34mUnused type args: [java.io.InputStream][0m
  [34mUnused type args: [org.apache.commons.vfs2.RandomAccessContent][0m
  [34mIgnoring implicit executable reference: (CtExecutableReferenceImpl) <init>[0m
  [34mIgnoring implicit executable reference: (CtExecutableReferenceImpl) <init>[0m
  [34mIgnoring implicit executable reference: (CtExecutableReferenceImpl) <init>[0m
  [34mIgnoring implicit executable reference: (CtExecutableReferenceImpl) <init>[0m
  [34mUnused type args: [java.io.InputStream][0m
  [34mIgnoring implicit executable reference: (CtExecutableReferenceImpl) <init>[0m
  [34mIgnoring implicit executable reference: (CtExecutableReferenceImpl) <init>[0m
  [34mUnused type args: [org.apache.commons.vfs2.RandomAccessContent][0m
  [34mIgnoring implicit executable reference: (CtExecutableReferenceImpl) <init>[0m
  [34mIgnoring implicit executable reference: (CtExecutableReferenceImpl) <init>[0m
  [34mIgnoring implicit executable reference: (CtExecutableReferenceImpl) <init>[0m
  [34mUnused type args: [org.apache.commons.vfs2.UserAuthenticationData$Type, char[]][0m
  [34mUnused type args: [java.io.InputStream][0m
  [34mUnused type args: [? @ commons-vfs2/src/main/java/org/apache/commons/vfs2/operations/DefaultFileOperations.java:115:21][0m
  [34mUnused type args: [?][0m
  [34mUnused type args: [?][0m
  [34mUnused type args: [? @ commons-vfs2/src/main/java/org/apache/commons/vfs2/operations/DefaultFileOperations.java:120:26][0m
  [34mUnused type args: [?][0m
  [34mUnused type args: [?][0m
  [34mUnused type args: [?][0m
  [34mUnused type args: [?][0m
  [34mIgnoring implicit executable reference: (CtExecutableReferenceImpl) <init>[0m
  [34mIgnoring implicit executable reference: (CtExecutableReferenceImpl) <init>[0m
  [34mIgnoring implicit executable reference: (CtExecutableReferenceImpl) <init>[0m
  [34mIgnoring implicit executable reference: (CtExecutableReferenceImpl) <init>[0m
  [34mIgnoring implicit executable reference: (CtExecutableReferenceImpl) <init>[0m
  [34mIgnoring implicit executable reference: (CtExecutableReferenceImpl) <init>[0m
  [34mIgnoring implicit executable reference: (CtExecutableReferenceImpl) <init>[0m
  [34mUnused type args: [java.io.InputStream][0m
  [34mIgnoring implicit executable reference: (CtExecutableReferenceImpl) <init>[0m
  [34mIgnoring implicit executable reference: (CtExecutableReferenceImpl) <init>[0m
  [34mIgnoring implicit executable reference: (CtExecutableReferenceImpl) <init>[0m
  [34mIgnoring implicit executable reference: (CtExecutableReferenceImpl) <init>[0m
  [34mIgnoring implicit executable reference: (CtExecutableReferenceImpl) <init>[0m
  [34mIgnoring implicit executable reference: (CtExecutableReferenceImpl) <init>[0m
  [34mIgnoring implicit executable reference: (CtExecutableReferenceImpl) <init>[0m
  [34mIgnoring implicit executable reference: (CtExecutableReferenceImpl) <init>[0m
  [34mIgnoring implicit executable reference: (CtExecutableReferenceImpl) <init>[0m
  [34mIgnoring implicit executable reference: (CtExecutableReferenceImpl) <init>[0m
  [34mIgnoring implicit executable reference: (CtExecutableReferenceImpl) <init>[0m
  [34mIgnoring implicit executable reference: (CtExecutableReferenceImpl) <init>[0m
  [34mIgnoring implicit executable reference: (CtExecutableReferenceImpl) <init>[0m
  [34mIgnoring implicit executable reference: (CtExecutableReferenceImpl) <init>[0m
  [34mIgnoring implicit executable reference: (CtExecutableReferenceImpl) <init>[0m
  [34mIgnoring implicit executable reference: (CtExecutableReferenceImpl) <init>[0m
  [34mIgnoring implicit executable reference: (CtExecutableReferenceImpl) <init>[0m
  [34mIgnoring implicit executable reference: (CtExecutableReferenceImpl) <init>[0m
  [34mIgnoring implicit executable reference: (CtExecutableReferenceImpl) <init>[0m
  [34mIgnoring implicit executable reference: (CtExecutableReferenceImpl) <init>[0m
  [34mUnused type args: [org.apache.commons.vfs2.RandomAccessContent][0m
  [34mIgnoring implicit executable reference: (CtExecutableReferenceImpl) <init>[0m
  [34mIgnoring implicit executable reference: (CtExecutableReferenceImpl) <init>[0m
  [34mIgnoring implicit executable reference: (CtExecutableReferenceImpl) <init>[0m
  [34mIgnoring implicit executable reference: (CtExecutableReferenceImpl) <init>[0m
  [34mIgnoring implicit executable reference: (CtExecutableReferenceImpl) <init>[0m
  [34mIgnoring implicit executable reference: (CtExecutableReferenceImpl) <init>[0m
  [34mUnused type args: [java.lang.String, java.lang.Object][0m
  [34mUnused type args: [java.lang.String, java.lang.Object][0m
  [34mUnused type args: [char[] @ commons-vfs2/src/main/java/org/apache/commons/vfs2/UserAuthenticationData.java:129:24][0m
  [34mUnused type args: [org.apache.commons.vfs2.UserAuthenticationData$Type, char[]][0m
  [34mUnused type args: [char[]][0m
  [34mUnused type args: [char[]][0m
  [34mUnused type args: [char[]][0m
  [34mUnused type args: [char[]][0m
  [34mUnused type args: [org.apache.commons.vfs2.UserAuthenticationData$Type, char[]][0m
  [34mUnused type args: [org.apache.commons.vfs2.provider.FileContentThreadData][0m
  [34mUnused type args: [org.apache.commons.vfs2.provider.FileContentThreadData][0m
  [34mUnused type args: [org.apache.commons.vfs2.FileObject][0m
  [34mUnused type args: [org.apache.commons.vfs2.provider.FileContentThreadData][0m
  [34mUnused type args: [org.apache.commons.vfs2.provider.FileContentThreadData][0m
  [34mIgnoring implicit executable reference: (CtExecutableReferenceImpl) <init>[0m
  [34mIgnoring implicit executable reference: (CtExecutableReferenceImpl) <init>[0m
  [34mIgnoring implicit executable reference: (CtExecutableReferenceImpl) <init>[0m
  [34mIgnoring implicit executable reference: (CtExecutableReferenceImpl) <init>[0m
  [34mIgnoring implicit executable reference: (CtExecutableReferenceImpl) <init>[0m
  [34mUnused type args: [?][0m
  [34mUnused type args: [?][0m
  [34mUnused type args: [? @ commons-vfs2/src/main/java/org/apache/commons/vfs2/VFS.java:60:25][0m
  [34mUnused type args: [?][0m
  [34mUnused type args: [?][0m
  [34mUnused type args: [?][0m
  [34mUnused type args: [?][0m
  [34mIgnoring implicit executable reference: (CtExecutableReferenceImpl) <init>[0m
  [34mIgnoring implicit executable reference: (CtExecutableReferenceImpl) <init>[0m
  [34mIgnoring implicit executable reference: (CtExecutableReferenceImpl) <init>[0m
  [34mUnused type args: [org.apache.commons.vfs2.provider.FileContentThreadData][0m
  [34mIgnoring implicit executable reference: (CtExecutableReferenceImpl) <init>[0m
  [34mUnused type args: [java.lang.String, java.lang.Object][0m
  [34mUnused type args: [java.lang.String, java.lang.Object][0m
  [34mUnused type args: [java.lang.String, java.lang.Object][0m
  [34mUnused type args: [java.lang.String, java.lang.Object][0m
  [34mUnused type args: [java.lang.String, java.lang.Object][0m
  [34mUnused type args: [java.lang.String, java.lang.Object][0m
  [34mUnused type args: [java.lang.String, java.lang.Object][0m
  [34mUnused type args: [?, ?][0m
  [34mUnused type args: [java.lang.String, java.lang.Object][0m
  [34mIgnoring implicit executable reference: (CtExecutableReferenceImpl) <init>[0m
  [34mUnused type args: [java.lang.String, java.lang.Object][0m
  [34mUnused type args: [org.apache.commons.vfs2.provider.FileContentThreadData][0m
  [34mIgnoring implicit executable reference: (CtExecutableReferenceImpl) <init>[0m
  [34mUnused type args: [org.apache.commons.vfs2.provider.FileContentThreadData][0m
  [34mIgnoring implicit executable reference: (CtExecutableReferenceImpl) <init>[0m
  [34mIgnoring implicit executable reference: (CtExecutableReferenceImpl) <init>[0m
  [34mIgnoring implicit executable reference: (CtExecutableReferenceImpl) <init>[0m
  [34mIgnoring implicit executable reference: (CtExecutableReferenceImpl) <init>[0m
  [34mIgnoring implicit executable reference: (CtExecutableReferenceImpl) <init>[0m
  [34mIgnoring implicit executable reference: (CtExecutableReferenceImpl) <init>[0m
  [34mIgnoring implicit executable reference: (CtExecutableReferenceImpl) <init>[0m
  [34mIgnoring implicit executable reference: (CtExecutableReferenceImpl) <init>[0m
  [34mUnused type args: [org.apache.commons.vfs2.RandomAccessContent][0m
  [34mIgnoring implicit executable reference: (CtExecutableReferenceImpl) <init>[0m
  [34mIgnoring implicit executable reference: (CtExecutableReferenceImpl) <init>[0m
  [34mIgnoring implicit executable reference: (CtExecutableReferenceImpl) <init>[0m
  [34mIgnoring implicit executable reference: (CtExecutableReferenceImpl) <init>[0m
  [34mIgnoring implicit executable reference: (CtExecutableReferenceImpl) <init>[0m
  [34mIgnoring implicit executable reference: (CtExecutableReferenceImpl) <init>[0m
  [34mUnused type args: [java.lang.String, java.lang.Object][0m
  [34mUnused type args: [java.lang.String, java.lang.Object][0m
  [34mIgnoring implicit executable reference: (CtExecutableReferenceImpl) <init>[0m
  [34mUnused type args: [?][0m
  [34mIgnoring implicit executable reference: (CtExecutableReferenceImpl) <init>[0m
  [34mIgnoring implicit executable reference: (CtExecutableReferenceImpl) <init>[0m
  [34mUnused type args: [org.apache.commons.vfs2.FileObject][0m
  [34mUnused type args: [org.apache.commons.vfs2.FileObject][0m
  [34mUnused type args: [?][0m
  [34mUnused type args: [?][0m
  [34mIgnoring implicit executable reference: (CtExecutableReferenceImpl) <init>[0m
  [34mUnused type args: [org.apache.commons.vfs2.UserAuthenticationData$Type, char[]][0m
  [34mIgnoring implicit executable reference: (CtExecutableReferenceImpl) <init>[0m
  [34mIgnoring implicit executable reference: (CtExecutableReferenceImpl) <init>[0m
  [34mIgnoring implicit executable reference: (CtExecutableReferenceImpl) <init>[0m
  [34mIgnoring implicit executable reference: (CtExecutableReferenceImpl) <init>[0m
  [34mIgnoring implicit executable reference: (CtExecutableReferenceImpl) <init>[0m
  [34mUnused type args: [java.lang.String, java.lang.Object][0m
  [34mUnused type args: [java.lang.String, java.lang.Object][0m
  [34mUnused type args: [java.lang.String, java.lang.Object][0m
  [34mUnused type args: [java.lang.String @ commons-vfs2/src/main/java/org/apache/commons/vfs2/provider/DefaultFileContent.java:244:19][0m
  [34mUnused type args: [java.lang.String, java.lang.Object][0m
  [34mUnused type args: [java.lang.String][0m
  [34mUnused type args: [java.lang.String][0m
  [34mUnused type args: [java.lang.String][0m
  [34mUnused type args: [java.lang.String][0m
  [34mIgnoring implicit executable reference: (CtExecutableReferenceImpl) <init>[0m
  [34mIgnoring implicit executable reference: (CtExecutableReferenceImpl) <init>[0m
  [34mIgnoring implicit executable reference: (CtExecutableReferenceImpl) <init>[0m
  [34mIgnoring implicit executable reference: (CtExecutableReferenceImpl) <init>[0m
  [34mIgnoring implicit executable reference: (CtExecutableReferenceImpl) <init>[0m
  [34mIgnoring implicit executable reference: (CtExecutableReferenceImpl) <init>[0m
  [34mIgnoring implicit executable reference: (CtExecutableReferenceImpl) <init>[0m
  [34mIgnoring implicit executable reference: (CtExecutableReferenceImpl) <init>[0m
  [34mUnused type args: [org.apache.commons.vfs2.util.OsFamily @ commons-vfs2/src/main/java/org/apache/commons/vfs2/util/Os.java:236:19][0m
  [34mIgnoring implicit executable reference: (CtExecutableReferenceImpl) <init>[0m
  [34mUnused type args: [org.apache.commons.vfs2.util.OsFamily][0m
  [34mUnused type args: [org.apache.commons.vfs2.util.OsFamily @ commons-vfs2/src/main/java/org/apache/commons/vfs2/util/Os.java:238:24][0m
  [34mIgnoring implicit executable reference: (CtExecutableReferenceImpl) <init>[0m
  [34mUnused type args: [org.apache.commons.vfs2.util.OsFamily][0m
  [34mUnused type args: [org.apache.commons.vfs2.util.OsFamily][0m
  [34mUnused type args: [org.apache.commons.vfs2.util.OsFamily][0m
  [34mUnused type args: [org.apache.commons.vfs2.util.OsFamily][0m
  [34mUnused type args: [org.apache.commons.vfs2.util.OsFamily][0m
  [34mUnused type args: [org.apache.commons.vfs2.util.OsFamily][0m
  [34mUnused type args: [org.apache.commons.vfs2.util.OsFamily][0m
  [34mUnused type args: [org.apache.commons.vfs2.util.OsFamily][0m
  [34mUnused type args: [org.apache.commons.vfs2.util.OsFamily][0m
  [34mIgnoring implicit executable reference: (CtExecutableReferenceImpl) <init>[0m
  [34mIgnoring implicit executable reference: (CtExecutableReferenceImpl) <init>[0m
  [34mIgnoring implicit executable reference: (CtExecutableReferenceImpl) <init>[0m
  [34mIgnoring implicit executable reference: (CtExecutableReferenceImpl) <init>[0m
  [34mIgnoring implicit executable reference: (CtExecutableReferenceImpl) <init>[0m
  [34mIgnoring implicit executable reference: (CtExecutableReferenceImpl) <init>[0m
  [34mIgnoring implicit executable reference: (CtExecutableReferenceImpl) <init>[0m
  [34mIgnoring implicit executable reference: (CtExecutableReferenceImpl) <init>[0m
  [34mIgnoring implicit executable reference: (CtExecutableReferenceImpl) <init>[0m
  getting parent type for (CtClassImpl) CacheKey
  getting parent type for (CtClassImpl) BundleReference
  Pending package java.lang.ref
  [34mskipping default constructor: org.apache.commons.vfs2.util.DefaultCryptor()[0m
  getting parent type for (CtClassImpl) Context @ commons-vfs2/src/main/java/org/apache/commons/vfs2/util/DelegatingFileSystemOptionsBuilder.java:74:32
  getting parent type for (CtEnumImpl) Type @ commons-vfs2/src/main/java/org/apache/commons/vfs2/util/PosixPermissions.java:33:24
  Pending package javax.crypto.spec
  [34mIgnoring implicit executable reference: (CtExecutableReferenceImpl) <init>[0m
  Pending package javax.crypto
  Pending package java.security
  [34mIgnoring implicit executable reference: (CtExecutableReferenceImpl) <init>[0m
  [34mUnused type args: [org.apache.commons.vfs2.util.PosixPermissions$Type @ commons-vfs2/src/main/java/org/apache/commons/vfs2/util/PosixPermissions.java:234:23, java.lang.Boolean @ commons-vfs2/src/main/java/org/apache/commons/vfs2/util/PosixPermissions.java:234:29][0m
  [34mIgnoring implicit executable reference: (CtExecutableReferenceImpl) <init>[0m
  [34mUnused type args: [org.apache.commons.vfs2.util.PosixPermissions$Type, java.lang.Boolean][0m
  [34mUnused type args: [K][0m
  [34mSkipping selection with no field declaration: (CtFieldReferenceImpl) class[0m
  [34mSkipping selection with no field declaration: (CtFieldReferenceImpl) class[0m
  [34mUnused type args: [org.apache.commons.vfs2.util.PosixPermissions$Type, java.lang.Boolean][0m
  [34mUnused type args: [K][0m
  [34mUnused type args: [org.apache.commons.vfs2.util.PosixPermissions$Type, java.lang.Boolean][0m
  [34mUnused type args: [K][0m
  [34mUnused type args: [org.apache.commons.vfs2.util.PosixPermissions$Type, java.lang.Boolean][0m
  [34mUnused type args: [K][0m
  [34mUnused type args: [org.apache.commons.vfs2.util.PosixPermissions$Type, java.lang.Boolean][0m
  [34mUnused type args: [org.apache.commons.vfs2.util.PosixPermissions$Type, java.lang.Boolean][0m
  [34mUnused type args: [org.apache.commons.vfs2.util.PosixPermissions$Type @ commons-vfs2/src/main/java/org/apache/commons/vfs2/util/PosixPermissions.java:251:23, java.lang.Boolean @ commons-vfs2/src/main/java/org/apache/commons/vfs2/util/PosixPermissions.java:251:29][0m
  [34mIgnoring implicit executable reference: (CtExecutableReferenceImpl) <init>[0m
  [34mUnused type args: [org.apache.commons.vfs2.util.PosixPermissions$Type, java.lang.Boolean][0m
  [34mUnused type args: [K][0m
  [34mSkipping selection with no field declaration: (CtFieldReferenceImpl) class[0m
  [34mSkipping selection with no field declaration: (CtFieldReferenceImpl) class[0m
  [34mUnused type args: [org.apache.commons.vfs2.util.PosixPermissions$Type, java.lang.Boolean][0m
  [34mUnused type args: [K][0m
  [34mUnused type args: [org.apache.commons.vfs2.util.PosixPermissions$Type, java.lang.Boolean][0m
  [34mUnused type args: [K][0m
  [34mUnused type args: [org.apache.commons.vfs2.util.PosixPermissions$Type, java.lang.Boolean][0m
  [34mUnused type args: [K][0m
  [34mUnused type args: [org.apache.commons.vfs2.util.PosixPermissions$Type, java.lang.Boolean][0m
  [34mUnused type args: [org.apache.commons.vfs2.util.PosixPermissions$Type, java.lang.Boolean][0m
  [34mIgnoring implicit executable reference: (CtExecutableReferenceImpl) <init>[0m
  [34mIgnoring implicit executable reference: (CtExecutableReferenceImpl) <init>[0m
  [34mIgnoring implicit executable reference: (CtExecutableReferenceImpl) <init>[0m
  [34mUnused type args: [?][0m
  [34mUnused type args: [?][0m
  [34mIgnoring implicit executable reference: (CtExecutableReferenceImpl) <init>[0m
  [34mIgnoring implicit executable reference: (CtExecutableReferenceImpl) <init>[0m
  [34mIgnoring implicit executable reference: (CtExecutableReferenceImpl) <init>[0m
  [34mIgnoring implicit executable reference: (CtExecutableReferenceImpl) <init>[0m
  [34mIgnoring implicit executable reference: (CtExecutableReferenceImpl) <init>[0m
  [34mIgnoring implicit executable reference: (CtExecutableReferenceImpl) <init>[0m
  [34mIgnoring implicit executable reference: (CtExecutableReferenceImpl) <init>[0m
  [34mIgnoring implicit executable reference: (CtExecutableReferenceImpl) <init>[0m
  [34mIgnoring implicit executable reference: (CtExecutableReferenceImpl) <init>[0m
  [34mIgnoring implicit executable reference: (CtExecutableReferenceImpl) <init>[0m
  [34mUnused type args: [java.lang.String @ commons-vfs2/src/main/java/org/apache/commons/vfs2/util/DelegatingFileSystemOptionsBuilder.java:358:19, java.util.List @ commons-vfs2/src/main/java/org/apache/commons/vfs2/util/DelegatingFileSystemOptionsBuilder.java:358:27][0m
  [34mUnused type args: [java.lang.reflect.Method @ commons-vfs2/src/main/java/org/apache/commons/vfs2/util/DelegatingFileSystemOptionsBuilder.java:358:32][0m
  [34mIgnoring implicit executable reference: (CtExecutableReferenceImpl) <init>[0m
  [34mUnused type args: [java.lang.String, java.util.List][0m
  [34mUnused type args: [java.lang.reflect.Method][0m
  [34mUnused type args: [?][0m
  [34mUnused type args: [java.lang.reflect.Method @ commons-vfs2/src/main/java/org/apache/commons/vfs2/util/DelegatingFileSystemOptionsBuilder.java:374:18][0m
  [34mUnused type args: [java.lang.String, java.util.List][0m
  [34mUnused type args: [java.lang.reflect.Method][0m
  [34mUnused type args: [java.lang.reflect.Method][0m
  [34mUnused type args: [java.lang.reflect.Method][0m
  [34mUnused type args: [java.lang.reflect.Method][0m
  [34mUnused type args: [java.lang.reflect.Method][0m
  [34mIgnoring implicit executable reference: (CtExecutableReferenceImpl) <init>[0m
  [34mUnused type args: [java.lang.reflect.Method][0m
  [34mUnused type args: [java.lang.String, java.util.List][0m
  [34mUnused type args: [java.lang.reflect.Method][0m
  [34mUnused type args: [java.lang.reflect.Method][0m
  [34mUnused type args: [java.lang.reflect.Method][0m
  [34mUnused type args: [java.lang.reflect.Method][0m
  [34mUnused type args: [java.lang.String, java.util.List][0m
  [34mUnused type args: [java.lang.reflect.Method][0m
  [34mUnused type args: [? @ commons-vfs2/src/main/java/org/apache/commons/vfs2/util/CryptorFactory.java:62:29][0m
  [34mUnused type args: [?][0m
  [34mUnused type args: [?][0m
  [34mIgnoring implicit executable reference: (CtExecutableReferenceImpl) <init>[0m
  [34mIgnoring implicit executable reference: (CtExecutableReferenceImpl) <init>[0m
  [34mIgnoring implicit executable reference: (CtExecutableReferenceImpl) <init>[0m
  [34mIgnoring implicit executable reference: (CtExecutableReferenceImpl) <init>[0m
  [34mUnused type args: [java.lang.reflect.Method @ commons-vfs2/src/main/java/org/apache/commons/vfs2/util/DelegatingFileSystemOptionsBuilder.java:189:24][0m
  [34mUnused type args: [java.lang.reflect.Method][0m
  [34mUnused type args: [java.lang.reflect.Method][0m
  [34mUnused type args: [java.lang.reflect.Method][0m
  [34mUnused type args: [java.lang.reflect.Method][0m
  [34mIgnoring implicit executable reference: (CtExecutableReferenceImpl) <init>[0m
  [34mIgnoring implicit executable reference: (CtExecutableReferenceImpl) <init>[0m
  [34mIgnoring implicit executable reference: (CtExecutableReferenceImpl) <init>[0m
  [34mUnused type args: [?][0m
  [34mUnused type args: [java.net.URL @ commons-vfs2/src/main/java/org/apache/commons/vfs2/util/CombinedResources.java:80:35][0m
  [34mUnused type args: [java.net.URL][0m
  [34mUnused type args: [java.net.URL][0m
  [34mUnused type args: [java.net.URL][0m
  [34mUnused type args: [? @ commons-vfs2/src/main/java/org/apache/commons/vfs2/util/DelegatingFileSystemOptionsBuilder.java:204:21][0m
  [34mUnused type args: [?][0m
  [34mUnused type args: [?][0m
  [34mUnused type args: [?][0m
  [34mUnused type args: [?][0m
  [34mUnused type args: [?][0m
  [34mUnused type args: [?][0m
  [34mSkipping selection with no field declaration: (CtFieldReferenceImpl) class[0m
  [34mSkipping selection with no field declaration: (CtFieldReferenceImpl) class[0m
  [34mUnused type args: [? @ commons-vfs2/src/main/java/org/apache/commons/vfs2/util/DelegatingFileSystemOptionsBuilder.java:212:21][0m
  [34mUnused type args: [?][0m
  [34mUnused type args: [?][0m
  [34mUnused type args: [? @ commons-vfs2/src/main/java/org/apache/commons/vfs2/util/DelegatingFileSystemOptionsBuilder.java:213:15][0m
  [34mUnused type args: [?][0m
  [34mUnused type args: [?][0m
  [34mUnused type args: [?][0m
  [34mUnused type args: [?][0m
  [34mUnused type args: [?][0m
  [34mUnused type args: [?][0m
  [34mUnused type args: [?][0m
  [34mUnused type args: [?][0m
  [34mUnused type args: [?][0m
  [34mUnused type args: [? @ commons-vfs2/src/main/java/org/apache/commons/vfs2/util/DelegatingFileSystemOptionsBuilder.java:225:25][0m
  [34mUnused type args: [java.lang.String, java.lang.Class][0m
  [34mUnused type args: [?][0m
  [34mUnused type args: [?][0m
  [34mUnused type args: [?][0m
  [34mUnused type args: [?][0m
  [34mUnused type args: [?][0m
  [34mUnused type args: [?][0m
  [34mUnused type args: [?][0m
  [34mUnused type args: [?][0m
  [34mUnused type args: [? @ commons-vfs2/src/main/java/org/apache/commons/vfs2/util/DelegatingFileSystemOptionsBuilder.java:233:21][0m
  [34mUnused type args: [?][0m
  [34mUnused type args: [?][0m
  [34mUnused type args: [?][0m
  [34mUnused type args: [?][0m
  [34mUnused type args: [?][0m
  [34mUnused type args: [?][0m
  [34mUnused type args: [?][0m
  [34mSkipping selection with no field declaration: (CtFieldReferenceImpl) class[0m
  [34mSkipping selection with no field declaration: (CtFieldReferenceImpl) class[0m
  [34mUnused type args: [?][0m
  [34mUnused type args: [?][0m
  [34mUnused type args: [?][0m
  [34mUnused type args: [? @ commons-vfs2/src/main/java/org/apache/commons/vfs2/util/DelegatingFileSystemOptionsBuilder.java:247:21][0m
  [34mUnused type args: [?][0m
  [34mUnused type args: [?][0m
  [34mUnused type args: [?][0m
  [34mUnused type args: [?][0m
  [34mUnused type args: [?][0m
  [34mUnused type args: [java.lang.String][0m
  [34mUnused type args: [?][0m
  [34mUnused type args: [?][0m
  [34mUnused type args: [?][0m
  [34mUnused type args: [?][0m
  [34mIgnoring implicit executable reference: (CtExecutableReferenceImpl) <init>[0m
  [34mIgnoring implicit executable reference: (CtExecutableReferenceImpl) <init>[0m
  [34mIgnoring implicit executable reference: (CtExecutableReferenceImpl) <init>[0m
  [34mUnused type args: [?][0m
  [34mUnused type args: [?][0m
  [34mUnused type args: [?][0m
  [34mUnused type args: [?][0m
  [34mUnused type args: [java.lang.String][0m
  [34mIgnoring implicit executable reference: (CtExecutableReferenceImpl) <init>[0m
  [34mIgnoring implicit executable reference: (CtExecutableReferenceImpl) <init>[0m
  [34mUnused type args: [?][0m
  [34mUnused type args: [?][0m
  [34mIgnoring implicit executable reference: (CtExecutableReferenceImpl) <init>[0m
  [34mIgnoring implicit executable reference: (CtExecutableReferenceImpl) <init>[0m
  [34mIgnoring implicit executable reference: (CtExecutableReferenceImpl) <init>[0m
  [34mIgnoring implicit executable reference: (CtExecutableReferenceImpl) <init>[0m
  [34mUnused type args: [org.apache.commons.vfs2.FileListener][0m
  [34mUnused type args: [org.apache.commons.vfs2.FileListener][0m
  [34mIgnoring implicit executable reference: (CtExecutableReferenceImpl) <init>[0m
  [34mUnused type args: [org.apache.commons.vfs2.FileListener][0m
  [34mIgnoring implicit executable reference: (CtExecutableReferenceImpl) <init>[0m
  [34mUnused type args: [?][0m
  [34mIgnoring implicit executable reference: (CtExecutableReferenceImpl) <init>[0m
  [34mIgnoring implicit executable reference: (CtExecutableReferenceImpl) <init>[0m
  [34mIgnoring implicit executable reference: (CtExecutableReferenceImpl) <init>[0m
  [34mUnused type args: [java.lang.String @ commons-vfs2/src/main/java/org/apache/commons/vfs2/util/DelegatingFileSystemOptionsBuilder.java:326:19, java.util.List @ commons-vfs2/src/main/java/org/apache/commons/vfs2/util/DelegatingFileSystemOptionsBuilder.java:326:27][0m
  [34mUnused type args: [java.lang.reflect.Method @ commons-vfs2/src/main/java/org/apache/commons/vfs2/util/DelegatingFileSystemOptionsBuilder.java:326:32][0m
  [34mUnused type args: [java.lang.String, java.util.List][0m
  [34mUnused type args: [java.lang.reflect.Method][0m
  [34mUnused type args: [java.lang.reflect.Method @ commons-vfs2/src/main/java/org/apache/commons/vfs2/util/DelegatingFileSystemOptionsBuilder.java:327:20][0m
  [34mUnused type args: [java.lang.String, java.util.List][0m
  [34mUnused type args: [java.lang.reflect.Method][0m
  [34mUnused type args: [java.lang.reflect.Method][0m
  [34mUnused type args: [java.lang.reflect.Method][0m
  [34mUnused type args: [java.lang.reflect.Method][0m
  [34mUnused type args: [java.lang.reflect.Method][0m
  [34mUnused type args: [java.lang.reflect.Method][0m
  [34mIgnoring anonymous type: (CtTypeReferenceImpl) org.apache.commons.vfs2.util.CombinedResources$1[0m
  [34mIgnoring implicit executable reference: (CtExecutableReferenceImpl) <init>[0m
  [34mIgnoring anonymous type: (CtTypeReferenceImpl) org.apache.commons.vfs2.util.CombinedResources$1[0m
  [34mUnused type args: [java.lang.String @ commons-vfs2/src/main/java/org/apache/commons/vfs2/util/CombinedResources.java:104:32][0m
  [34mIgnoring anonymous object declaration: (CtClassImpl) 1 @ commons-vfs2/src/main/java/org/apache/commons/vfs2/util/CombinedResources.java:104:42[0m
  [34mUnused type args: [java.lang.String][0m
  [34mIgnoring implicit executable reference: (CtExecutableReferenceImpl) <init>[0m
  [34mIgnoring implicit executable reference: (CtExecutableReferenceImpl) <init>[0m
  [34mIgnoring method of an anonymous declaring type: (CtMethodImpl) hasMoreElements @ commons-vfs2/src/main/java/org/apache/commons/vfs2/util/CombinedResources.java:106:28 in (CtClassImpl) 1 @ commons-vfs2/src/main/java/org/apache/commons/vfs2/util/CombinedResources.java:104:42[0m
  [34mUnused type args: [java.lang.Object][0m
  [34mIgnoring method of an anonymous declaring type: (CtMethodImpl) nextElement @ commons-vfs2/src/main/java/org/apache/commons/vfs2/util/CombinedResources.java:111:27 in (CtClassImpl) 1 @ commons-vfs2/src/main/java/org/apache/commons/vfs2/util/CombinedResources.java:104:42[0m
  [34mUnused type args: [java.lang.Object][0m
  [34mUnused type args: [org.apache.commons.vfs2.FileListener][0m
  [34mUnused type args: [?][0m
  [34mUnused type args: [?][0m
  [34mUnused type args: [?][0m
  [34mUnused type args: [?][0m
  [34mIgnoring implicit executable reference: (CtExecutableReferenceImpl) <init>[0m
  [34mIgnoring implicit executable reference: (CtExecutableReferenceImpl) <init>[0m
  [34mIgnoring implicit executable reference: (CtExecutableReferenceImpl) <init>[0m
  [34mUnused type args: [org.apache.commons.vfs2.util.PosixPermissions$Type @ commons-vfs2/src/main/java/org/apache/commons/vfs2/util/PosixPermissions.java:217:23, java.lang.Boolean @ commons-vfs2/src/main/java/org/apache/commons/vfs2/util/PosixPermissions.java:217:29][0m
  [34mIgnoring implicit executable reference: (CtExecutableReferenceImpl) <init>[0m
  [34mUnused type args: [org.apache.commons.vfs2.util.PosixPermissions$Type, java.lang.Boolean][0m
  [34mUnused type args: [K][0m
  [34mSkipping selection with no field declaration: (CtFieldReferenceImpl) class[0m
  [34mSkipping selection with no field declaration: (CtFieldReferenceImpl) class[0m
  [34mUnused type args: [org.apache.commons.vfs2.util.PosixPermissions$Type, java.lang.Boolean][0m
  [34mUnused type args: [K][0m
  [34mUnused type args: [org.apache.commons.vfs2.util.PosixPermissions$Type, java.lang.Boolean][0m
  [34mUnused type args: [K][0m
  [34mUnused type args: [org.apache.commons.vfs2.util.PosixPermissions$Type, java.lang.Boolean][0m
  [34mUnused type args: [K][0m
  [34mUnused type args: [org.apache.commons.vfs2.util.PosixPermissions$Type, java.lang.Boolean][0m
  [34mUnused type args: [org.apache.commons.vfs2.util.PosixPermissions$Type, java.lang.Boolean][0m
  [34mIgnoring implicit executable reference: (CtExecutableReferenceImpl) <init>[0m
  [34mIgnoring implicit executable reference: (CtExecutableReferenceImpl) <init>[0m
  getting parent type for (CtInterfaceImpl) Entry
  [34mUnused type args: [org.apache.commons.vfs2.util.PosixPermissions$Type @ commons-vfs2/src/main/java/org/apache/commons/vfs2/util/PosixPermissions.java:135:30, java.lang.Boolean @ commons-vfs2/src/main/java/org/apache/commons/vfs2/util/PosixPermissions.java:135:36][0m
  [34mUnused type args: [org.apache.commons.vfs2.util.PosixPermissions$Type, java.lang.Boolean][0m
  [34mUnused type args: [java.util.Map$Entry][0m
  [34mUnused type args: [org.apache.commons.vfs2.util.PosixPermissions$Type, java.lang.Boolean][0m
  [34mUnused type args: [org.apache.commons.vfs2.util.PosixPermissions$Type, java.lang.Boolean][0m
  [34mUnused type args: [org.apache.commons.vfs2.util.PosixPermissions$Type, java.lang.Boolean][0m
  [34mIgnoring implicit executable reference: (CtExecutableReferenceImpl) <init>[0m
  [34mIgnoring implicit executable reference: (CtExecutableReferenceImpl) <init>[0m
  [34mUnused type args: [java.lang.String @ commons-vfs2/src/main/java/org/apache/commons/vfs2/util/DelegatingFileSystemOptionsBuilder.java:340:13, java.util.List @ commons-vfs2/src/main/java/org/apache/commons/vfs2/util/DelegatingFileSystemOptionsBuilder.java:340:21][0m
  [34mUnused type args: [java.lang.reflect.Method @ commons-vfs2/src/main/java/org/apache/commons/vfs2/util/DelegatingFileSystemOptionsBuilder.java:340:26][0m
  [34mUnused type args: [java.lang.String, java.util.Map][0m
  [34mUnused type args: [java.lang.String, java.util.List][0m
  [34mUnused type args: [java.lang.reflect.Method][0m
  [34mUnused type args: [java.lang.String, java.util.List][0m
  [34mUnused type args: [java.lang.reflect.Method][0m
  [34mUnused type args: [java.lang.String, java.util.List][0m
  [34mUnused type args: [java.lang.reflect.Method][0m
  [34mUnused type args: [java.lang.String, java.util.List][0m
  [34mUnused type args: [java.lang.reflect.Method][0m
  [34mUnused type args: [java.lang.String, java.util.List][0m
  [34mUnused type args: [java.lang.reflect.Method][0m
  [34mUnused type args: [java.lang.String, java.util.List][0m
  [34mUnused type args: [java.lang.reflect.Method][0m
  [34mUnused type args: [java.lang.String, java.util.Map][0m
  [34mUnused type args: [java.lang.String, java.util.List][0m
  [34mUnused type args: [java.lang.reflect.Method][0m
  [34mUnused type args: [java.lang.String, java.util.List][0m
  [34mUnused type args: [java.lang.reflect.Method][0m
  [34mUnused type args: [java.lang.String, java.util.List][0m
  [34mUnused type args: [java.lang.reflect.Method][0m
  [34mUnused type args: [java.lang.String, java.util.List][0m
  [34mUnused type args: [java.lang.reflect.Method][0m
  [34mskipping default constructor: org.apache.commons.vfs2.cache.AbstractFilesCache()[0m
  [34mskipping default constructor: org.apache.commons.vfs2.cache.DefaultFilesCache()[0m
  Pending package java.util.concurrent.locks
  Pending package org.apache.commons.collections4.map
  getting parent type for (CtClassImpl) LinkEntry
  getting parent type for (CtClassImpl) HashEntry
  getting parent type for (CtClassImpl) EntrySet
  getting parent type for (CtClassImpl) KeySet
  getting parent type for (CtClassImpl) Values
  getting parent type for (CtClassImpl) MyLRUMap @ commons-vfs2/src/main/java/org/apache/commons/vfs2/cache/LRUFilesCache.java:62:19
  Pending package org.apache.commons.collections4
  [34mskipping default constructor: org.apache.commons.vfs2.cache.NullFilesCache()[0m
  getting parent type for (CtClassImpl) ThreadLocalMap
  Pending package sun.nio.ch
  getting parent type for (CtInterfaceImpl) UncaughtExceptionHandler
  getting parent type for (CtClassImpl) SoftRefReleaseThread @ commons-vfs2/src/main/java/org/apache/commons/vfs2/cache/SoftRefFilesCache.java:61:25
  getting parent type for (CtEnumImpl) State
  [34mskipping default constructor: org.apache.commons.vfs2.cache.WeakRefFilesCache()[0m
  [34mIgnoring implicit executable reference: (CtExecutableReferenceImpl) <init>[0m
  [34mIgnoring implicit executable reference: (CtExecutableReferenceImpl) <init>[0m
  [34mUnused type args: [org.apache.commons.vfs2.FileSystem, java.util.Map][0m
  [34mUnused type args: [org.apache.commons.vfs2.FileName, org.apache.commons.vfs2.FileObject][0m
  [34mIgnoring implicit executable reference: (CtExecutableReferenceImpl) <init>[0m
  [34mIgnoring implicit executable reference: (CtExecutableReferenceImpl) <init>[0m
  [34mSkipping selection with no field declaration: (CtFieldReferenceImpl) class[0m
  [34mSkipping selection with no field declaration: (CtFieldReferenceImpl) class[0m
  [34mIgnoring implicit executable reference: (CtExecutableReferenceImpl) <init>[0m
  [34mUnused type args: [org.apache.commons.vfs2.FileObject][0m
  [34mUnused type args: [?][0m
  [34mUnused type args: [org.apache.commons.vfs2.FileObject][0m
  [34mIgnoring implicit executable reference: (CtExecutableReferenceImpl) <init>[0m
  [34mUnused type args: [org.apache.commons.vfs2.FileName @ commons-vfs2/src/main/java/org/apache/commons/vfs2/cache/DefaultFilesCache.java:55:29, org.apache.commons.vfs2.FileObject @ commons-vfs2/src/main/java/org/apache/commons/vfs2/cache/DefaultFilesCache.java:55:39][0m
  [34mUnused type args: [org.apache.commons.vfs2.FileName, org.apache.commons.vfs2.FileObject][0m
  [34mUnused type args: [org.apache.commons.vfs2.FileName, org.apache.commons.vfs2.FileObject][0m
  [34mUnused type args: [org.apache.commons.vfs2.FileName @ commons-vfs2/src/main/java/org/apache/commons/vfs2/cache/SoftRefFilesCache.java:133:19, java.lang.ref.Reference @ commons-vfs2/src/main/java/org/apache/commons/vfs2/cache/SoftRefFilesCache.java:133:29][0m
  [34mUnused type args: [org.apache.commons.vfs2.FileObject @ commons-vfs2/src/main/java/org/apache/commons/vfs2/cache/SoftRefFilesCache.java:133:39][0m
  [34mUnused type args: [org.apache.commons.vfs2.FileName, java.lang.ref.Reference][0m
  [34mUnused type args: [org.apache.commons.vfs2.FileObject][0m
  [34mUnused type args: [org.apache.commons.vfs2.FileObject @ commons-vfs2/src/main/java/org/apache/commons/vfs2/cache/SoftRefFilesCache.java:135:25][0m
  [34mUnused type args: [org.apache.commons.vfs2.FileObject][0m
  [34mUnused type args: [org.apache.commons.vfs2.FileObject][0m
  [34mUnused type args: [org.apache.commons.vfs2.FileObject][0m
  [34mIgnoring implicit executable reference: (CtExecutableReferenceImpl) <init>[0m
  [34mUnused type args: [org.apache.commons.vfs2.FileObject @ commons-vfs2/src/main/java/org/apache/commons/vfs2/cache/SoftRefFilesCache.java:140:29][0m
  [34mUnused type args: [org.apache.commons.vfs2.FileName, java.lang.ref.Reference][0m
  [34mUnused type args: [org.apache.commons.vfs2.FileObject][0m
  [34mUnused type args: [org.apache.commons.vfs2.FileObject][0m
  [34mUnused type args: [org.apache.commons.vfs2.FileObject][0m
  [34mUnused type args: [org.apache.commons.vfs2.FileObject][0m
  [34mUnused type args: [java.lang.ref.Reference, org.apache.commons.vfs2.cache.FileSystemAndNameKey][0m
  [34mUnused type args: [org.apache.commons.vfs2.FileObject][0m
  [34mUnused type args: [org.apache.commons.vfs2.FileObject][0m
  [34mUnused type args: [java.lang.ref.Reference, org.apache.commons.vfs2.cache.FileSystemAndNameKey][0m
  [34mUnused type args: [org.apache.commons.vfs2.FileObject][0m
  [34mUnused type args: [org.apache.commons.vfs2.FileObject][0m
  [34mIgnoring implicit executable reference: (CtExecutableReferenceImpl) <init>[0m
  [34mUnused type args: [org.apache.commons.vfs2.FileObject][0m
  [34mUnused type args: [?][0m
  [34mUnused type args: [org.apache.commons.vfs2.FileObject][0m
  [34mUnused type args: [? @ commons-vfs2/src/main/java/org/apache/commons/vfs2/cache/LRUFilesCache.java:203:19, ? @ commons-vfs2/src/main/java/org/apache/commons/vfs2/cache/LRUFilesCache.java:203:22][0m
  [34mUnused type args: [org.apache.commons.vfs2.FileName, org.apache.commons.vfs2.FileObject][0m
  [34mUnused type args: [?, ?][0m
  [34mUnused type args: [?, ?][0m
  [34mUnused type args: [org.apache.commons.vfs2.FileSystem, java.util.Map][0m
  [34mUnused type args: [org.apache.commons.vfs2.FileName, org.apache.commons.vfs2.FileObject][0m
  [34mUnused type args: [org.apache.commons.vfs2.FileName, org.apache.commons.vfs2.FileObject][0m
  [34mUnused type args: [org.apache.commons.vfs2.FileName @ commons-vfs2/src/main/java/org/apache/commons/vfs2/cache/SoftRefFilesCache.java:164:19, java.lang.ref.Reference @ commons-vfs2/src/main/java/org/apache/commons/vfs2/cache/SoftRefFilesCache.java:164:29][0m
  [34mUnused type args: [org.apache.commons.vfs2.FileObject @ commons-vfs2/src/main/java/org/apache/commons/vfs2/cache/SoftRefFilesCache.java:164:39][0m
  [34mUnused type args: [org.apache.commons.vfs2.FileName, java.lang.ref.Reference][0m
  [34mUnused type args: [org.apache.commons.vfs2.FileObject][0m
  [34mUnused type args: [org.apache.commons.vfs2.FileObject @ commons-vfs2/src/main/java/org/apache/commons/vfs2/cache/SoftRefFilesCache.java:166:25][0m
  [34mUnused type args: [org.apache.commons.vfs2.FileObject][0m
  [34mUnused type args: [org.apache.commons.vfs2.FileObject][0m
  [34mUnused type args: [org.apache.commons.vfs2.FileObject][0m
  [34mIgnoring implicit executable reference: (CtExecutableReferenceImpl) <init>[0m
  [34mUnused type args: [org.apache.commons.vfs2.FileName, java.lang.ref.Reference][0m
  [34mUnused type args: [org.apache.commons.vfs2.FileObject][0m
  [34mUnused type args: [org.apache.commons.vfs2.FileName, java.lang.ref.Reference][0m
  [34mUnused type args: [org.apache.commons.vfs2.FileObject][0m
  [34mUnused type args: [org.apache.commons.vfs2.FileObject][0m
  [34mUnused type args: [org.apache.commons.vfs2.FileObject @ commons-vfs2/src/main/java/org/apache/commons/vfs2/cache/SoftRefFilesCache.java:174:29][0m
  [34mUnused type args: [org.apache.commons.vfs2.FileName, java.lang.ref.Reference][0m
  [34mUnused type args: [org.apache.commons.vfs2.FileObject][0m
  [34mUnused type args: [org.apache.commons.vfs2.FileObject][0m
  [34mUnused type args: [org.apache.commons.vfs2.FileObject][0m
  [34mUnused type args: [org.apache.commons.vfs2.FileObject][0m
  [34mUnused type args: [java.lang.ref.Reference, org.apache.commons.vfs2.cache.FileSystemAndNameKey][0m
  [34mUnused type args: [org.apache.commons.vfs2.FileObject][0m
  [34mUnused type args: [org.apache.commons.vfs2.FileObject][0m
  [34mUnused type args: [java.lang.ref.Reference, org.apache.commons.vfs2.cache.FileSystemAndNameKey][0m
  [34mUnused type args: [org.apache.commons.vfs2.FileObject][0m
  [34mUnused type args: [org.apache.commons.vfs2.FileObject][0m
  [34mUnused type args: [org.apache.commons.vfs2.FileSystem, java.util.Map][0m
  [34mUnused type args: [org.apache.commons.vfs2.FileName, java.lang.ref.Reference][0m
  [34mUnused type args: [org.apache.commons.vfs2.FileObject][0m
  [34mUnused type args: [org.apache.commons.vfs2.FileName, java.lang.ref.Reference][0m
  [34mUnused type args: [org.apache.commons.vfs2.FileObject][0m
  [34mUnused type args: [org.apache.commons.vfs2.FileSystem, java.util.Map][0m
  [34mUnused type args: [org.apache.commons.vfs2.FileName, java.lang.ref.Reference][0m
  [34mUnused type args: [org.apache.commons.vfs2.FileObject][0m
  [34mUnused type args: [org.apache.commons.vfs2.FileName @ commons-vfs2/src/main/java/org/apache/commons/vfs2/cache/LRUFilesCache.java:174:19, org.apache.commons.vfs2.FileObject @ commons-vfs2/src/main/java/org/apache/commons/vfs2/cache/LRUFilesCache.java:174:29][0m
  [34mUnused type args: [org.apache.commons.vfs2.FileName, org.apache.commons.vfs2.FileObject][0m
  [34mUnused type args: [org.apache.commons.vfs2.FileName, org.apache.commons.vfs2.FileObject][0m
  [34mUnused type args: [org.apache.commons.vfs2.FileSystem, java.util.Map][0m
  [34mUnused type args: [org.apache.commons.vfs2.FileName, org.apache.commons.vfs2.FileObject][0m
  [34mUnused type args: [org.apache.commons.vfs2.FileName, org.apache.commons.vfs2.FileObject][0m
  [34mIgnoring implicit executable reference: (CtExecutableReferenceImpl) <init>[0m
  [34mIgnoring implicit executable reference: (CtExecutableReferenceImpl) <init>[0m
  [34mUnused type args: [org.apache.commons.vfs2.FileName @ commons-vfs2/src/main/java/org/apache/commons/vfs2/cache/LRUFilesCache.java:162:19, org.apache.commons.vfs2.FileObject @ commons-vfs2/src/main/java/org/apache/commons/vfs2/cache/LRUFilesCache.java:162:29][0m
  [34mUnused type args: [org.apache.commons.vfs2.FileName, org.apache.commons.vfs2.FileObject][0m
  [34mUnused type args: [org.apache.commons.vfs2.FileName, org.apache.commons.vfs2.FileObject][0m
  [34mIgnoring implicit executable reference: (CtExecutableReferenceImpl) <init>[0m
  [34mUnused type args: [org.apache.commons.vfs2.FileName @ commons-vfs2/src/main/java/org/apache/commons/vfs2/cache/DefaultFilesCache.java:101:19, org.apache.commons.vfs2.FileObject @ commons-vfs2/src/main/java/org/apache/commons/vfs2/cache/DefaultFilesCache.java:101:29][0m
  [34mUnused type args: [org.apache.commons.vfs2.FileSystem, java.util.concurrent.ConcurrentMap][0m
  [34mUnused type args: [org.apache.commons.vfs2.FileName, org.apache.commons.vfs2.FileObject][0m
  [34mUnused type args: [org.apache.commons.vfs2.FileName, org.apache.commons.vfs2.FileObject][0m
  [34mUnused type args: [org.apache.commons.vfs2.FileName, org.apache.commons.vfs2.FileObject][0m
  [34mUnused type args: [org.apache.commons.vfs2.FileName, org.apache.commons.vfs2.FileObject][0m
  [34mIgnoring implicit executable reference: (CtExecutableReferenceImpl) <init>[0m
  [34mIgnoring implicit executable reference: (CtExecutableReferenceImpl) <init>[0m
  [34mIgnoring implicit executable reference: (CtExecutableReferenceImpl) <init>[0m
  [34mIgnoring implicit executable reference: (CtExecutableReferenceImpl) <init>[0m
  [34mUnused type args: [org.apache.commons.vfs2.FileName @ commons-vfs2/src/main/java/org/apache/commons/vfs2/cache/DefaultFilesCache.java:62:19, org.apache.commons.vfs2.FileObject @ commons-vfs2/src/main/java/org/apache/commons/vfs2/cache/DefaultFilesCache.java:62:29][0m
  [34mUnused type args: [org.apache.commons.vfs2.FileSystem, java.util.concurrent.ConcurrentMap][0m
  [34mUnused type args: [org.apache.commons.vfs2.FileName, org.apache.commons.vfs2.FileObject][0m
  [34mUnused type args: [org.apache.commons.vfs2.FileName, org.apache.commons.vfs2.FileObject][0m
  [34mUnused type args: [org.apache.commons.vfs2.FileName, org.apache.commons.vfs2.FileObject][0m
  [34mUnused type args: [org.apache.commons.vfs2.FileName, org.apache.commons.vfs2.FileObject][0m
  [34mUnused type args: [org.apache.commons.vfs2.FileName, org.apache.commons.vfs2.FileObject][0m
  [34mUnused type args: [org.apache.commons.vfs2.FileName, org.apache.commons.vfs2.FileObject][0m
  [34mUnused type args: [K, V][0m
  [34mUnused type args: [org.apache.commons.vfs2.FileName, org.apache.commons.vfs2.FileObject][0m
  [34mUnused type args: [? @ commons-vfs2/src/main/java/org/apache/commons/vfs2/cache/LRUFilesCache.java:100:31, ? @ commons-vfs2/src/main/java/org/apache/commons/vfs2/cache/LRUFilesCache.java:100:34][0m
  [34mUnused type args: [org.apache.commons.vfs2.FileSystem, java.util.Map][0m
  [34mUnused type args: [org.apache.commons.vfs2.FileName, org.apache.commons.vfs2.FileObject][0m
  [34mUnused type args: [org.apache.commons.vfs2.FileName, org.apache.commons.vfs2.FileObject][0m
  [34mUnused type args: [?, ?][0m
  [34mUnused type args: [org.apache.commons.vfs2.FileSystem, java.util.Map][0m
  [34mUnused type args: [org.apache.commons.vfs2.FileName, org.apache.commons.vfs2.FileObject][0m
  [34mUnused type args: [org.apache.commons.vfs2.FileName, org.apache.commons.vfs2.FileObject][0m
  [34mUnused type args: [org.apache.commons.vfs2.FileName @ commons-vfs2/src/main/java/org/apache/commons/vfs2/cache/LRUFilesCache.java:131:19, org.apache.commons.vfs2.FileObject @ commons-vfs2/src/main/java/org/apache/commons/vfs2/cache/LRUFilesCache.java:131:29][0m
  [34mUnused type args: [org.apache.commons.vfs2.FileName, org.apache.commons.vfs2.FileObject][0m
  [34mUnused type args: [org.apache.commons.vfs2.FileName, org.apache.commons.vfs2.FileObject][0m
  [34mUnused type args: [? @ commons-vfs2/src/main/java/org/apache/commons/vfs2/cache/SoftRefFilesCache.java:281:19, ? @ commons-vfs2/src/main/java/org/apache/commons/vfs2/cache/SoftRefFilesCache.java:281:22][0m
  [34mUnused type args: [org.apache.commons.vfs2.FileName, java.lang.ref.Reference][0m
  [34mUnused type args: [org.apache.commons.vfs2.FileObject][0m
  [34mUnused type args: [?, ?][0m
  [34mUnused type args: [java.lang.ref.Reference, org.apache.commons.vfs2.cache.FileSystemAndNameKey][0m
  [34mUnused type args: [org.apache.commons.vfs2.FileObject][0m
  [34mUnused type args: [?, ?][0m
  [34mUnused type args: [org.apache.commons.vfs2.FileName @ commons-vfs2/src/main/java/org/apache/commons/vfs2/cache/SoftRefFilesCache.java:212:19, java.lang.ref.Reference @ commons-vfs2/src/main/java/org/apache/commons/vfs2/cache/SoftRefFilesCache.java:212:29][0m
  [34mUnused type args: [org.apache.commons.vfs2.FileObject @ commons-vfs2/src/main/java/org/apache/commons/vfs2/cache/SoftRefFilesCache.java:212:39][0m
  [34mUnused type args: [org.apache.commons.vfs2.FileName, java.lang.ref.Reference][0m
  [34mUnused type args: [org.apache.commons.vfs2.FileObject][0m
  [34mUnused type args: [org.apache.commons.vfs2.cache.FileSystemAndNameKey @ commons-vfs2/src/main/java/org/apache/commons/vfs2/cache/SoftRefFilesCache.java:216:28][0m
  [34mUnused type args: [java.lang.ref.Reference, org.apache.commons.vfs2.cache.FileSystemAndNameKey][0m
  [34mUnused type args: [org.apache.commons.vfs2.FileObject][0m
  [34mUnused type args: [org.apache.commons.vfs2.cache.FileSystemAndNameKey][0m
  [34mUnused type args: [org.apache.commons.vfs2.cache.FileSystemAndNameKey][0m
  [34mUnused type args: [org.apache.commons.vfs2.cache.FileSystemAndNameKey][0m
  [34mUnused type args: [org.apache.commons.vfs2.cache.FileSystemAndNameKey][0m
  [34mUnused type args: [org.apache.commons.vfs2.cache.FileSystemAndNameKey][0m
  [34mUnused type args: [org.apache.commons.vfs2.FileName, java.lang.ref.Reference][0m
  [34mUnused type args: [org.apache.commons.vfs2.FileObject][0m
  [34mUnused type args: [org.apache.commons.vfs2.FileObject][0m
  [34mUnused type args: [org.apache.commons.vfs2.FileName, java.lang.ref.Reference][0m
  [34mUnused type args: [org.apache.commons.vfs2.FileObject][0m
  [34mUnused type args: [org.apache.commons.vfs2.FileSystem, java.util.Map][0m
  [34mUnused type args: [org.apache.commons.vfs2.FileName, java.lang.ref.Reference][0m
  [34mUnused type args: [org.apache.commons.vfs2.FileObject][0m
  [34mUnused type args: [org.apache.commons.vfs2.FileName @ commons-vfs2/src/main/java/org/apache/commons/vfs2/cache/SoftRefFilesCache.java:301:13, java.lang.ref.Reference @ commons-vfs2/src/main/java/org/apache/commons/vfs2/cache/SoftRefFilesCache.java:301:23][0m
  [34mUnused type args: [org.apache.commons.vfs2.FileObject @ commons-vfs2/src/main/java/org/apache/commons/vfs2/cache/SoftRefFilesCache.java:301:33][0m
  [34mUnused type args: [org.apache.commons.vfs2.FileSystem, java.util.Map][0m
  [34mUnused type args: [org.apache.commons.vfs2.FileName, java.lang.ref.Reference][0m
  [34mUnused type args: [org.apache.commons.vfs2.FileObject][0m
  [34mUnused type args: [org.apache.commons.vfs2.FileName, java.lang.ref.Reference][0m
  [34mUnused type args: [org.apache.commons.vfs2.FileObject][0m
  [34mUnused type args: [org.apache.commons.vfs2.FileName, java.lang.ref.Reference][0m
  [34mUnused type args: [org.apache.commons.vfs2.FileObject][0m
  [34mUnused type args: [org.apache.commons.vfs2.FileName, java.lang.ref.Reference][0m
  [34mUnused type args: [org.apache.commons.vfs2.FileObject][0m
  [34mUnused type args: [org.apache.commons.vfs2.FileName, java.lang.ref.Reference][0m
  [34mUnused type args: [org.apache.commons.vfs2.FileObject][0m
  [34mUnused type args: [org.apache.commons.vfs2.FileSystem, java.util.Map][0m
  [34mUnused type args: [org.apache.commons.vfs2.FileName, java.lang.ref.Reference][0m
  [34mUnused type args: [org.apache.commons.vfs2.FileObject][0m
  [34mUnused type args: [org.apache.commons.vfs2.FileName, java.lang.ref.Reference][0m
  [34mUnused type args: [org.apache.commons.vfs2.FileObject][0m
  [34mUnused type args: [org.apache.commons.vfs2.FileName, java.lang.ref.Reference][0m
  [34mUnused type args: [org.apache.commons.vfs2.FileObject][0m
  [34mUnused type args: [org.apache.commons.vfs2.FileName, java.lang.ref.Reference][0m
  [34mUnused type args: [org.apache.commons.vfs2.FileObject][0m
  [34mUnused type args: [org.apache.commons.vfs2.FileName, java.lang.ref.Reference][0m
  [34mUnused type args: [org.apache.commons.vfs2.FileObject][0m
  [34mIgnoring implicit executable reference: (CtExecutableReferenceImpl) <init>[0m
  [34mUnused type args: [org.apache.commons.vfs2.FileName, java.lang.ref.Reference][0m
  [34mUnused type args: [org.apache.commons.vfs2.FileObject][0m
  [34mUnused type args: [org.apache.commons.vfs2.FileName, java.lang.ref.Reference][0m
  [34mUnused type args: [org.apache.commons.vfs2.FileObject][0m
  [34mIgnoring implicit executable reference: (CtExecutableReferenceImpl) <init>[0m
  [34mIgnoring implicit executable reference: (CtExecutableReferenceImpl) <init>[0m
  [34mUnused type args: [? @ commons-vfs2/src/main/java/org/apache/commons/vfs2/cache/SoftRefFilesCache.java:73:37][0m
  [34mUnused type args: [org.apache.commons.vfs2.FileObject][0m
  [34mUnused type args: [?][0m
  [34mUnused type args: [?][0m
  [34mUnused type args: [java.lang.ref.Reference, org.apache.commons.vfs2.cache.FileSystemAndNameKey][0m
  [34mUnused type args: [org.apache.commons.vfs2.FileObject][0m
  [34mUnused type args: [?][0m
  [34mUnused type args: [org.apache.commons.vfs2.FileName @ commons-vfs2/src/main/java/org/apache/commons/vfs2/cache/DefaultFilesCache.java:49:19, org.apache.commons.vfs2.FileObject @ commons-vfs2/src/main/java/org/apache/commons/vfs2/cache/DefaultFilesCache.java:49:29][0m
  [34mUnused type args: [org.apache.commons.vfs2.FileName, org.apache.commons.vfs2.FileObject][0m
  [34mUnused type args: [org.apache.commons.vfs2.FileName, org.apache.commons.vfs2.FileObject][0m
  [34mUnused type args: [org.apache.commons.vfs2.FileName @ commons-vfs2/src/main/java/org/apache/commons/vfs2/cache/SoftRefFilesCache.java:191:19, java.lang.ref.Reference @ commons-vfs2/src/main/java/org/apache/commons/vfs2/cache/SoftRefFilesCache.java:191:29][0m
  [34mUnused type args: [org.apache.commons.vfs2.FileObject @ commons-vfs2/src/main/java/org/apache/commons/vfs2/cache/SoftRefFilesCache.java:191:39][0m
  [34mUnused type args: [org.apache.commons.vfs2.FileName, java.lang.ref.Reference][0m
  [34mUnused type args: [org.apache.commons.vfs2.FileObject][0m
  [34mUnused type args: [org.apache.commons.vfs2.FileObject @ commons-vfs2/src/main/java/org/apache/commons/vfs2/cache/SoftRefFilesCache.java:195:29][0m
  [34mUnused type args: [org.apache.commons.vfs2.FileName, java.lang.ref.Reference][0m
  [34mUnused type args: [org.apache.commons.vfs2.FileObject][0m
  [34mUnused type args: [org.apache.commons.vfs2.FileObject][0m
  [34mUnused type args: [org.apache.commons.vfs2.FileObject][0m
  [34mUnused type args: [org.apache.commons.vfs2.FileObject][0m
  [34mUnused type args: [org.apache.commons.vfs2.FileSystem, java.util.Map][0m
  [34mUnused type args: [org.apache.commons.vfs2.FileName, java.lang.ref.Reference][0m
  [34mUnused type args: [org.apache.commons.vfs2.FileObject][0m
  [34mUnused type args: [java.lang.ref.Reference, org.apache.commons.vfs2.cache.FileSystemAndNameKey][0m
  [34mUnused type args: [org.apache.commons.vfs2.FileObject][0m
  [34mUnused type args: [org.apache.commons.vfs2.FileSystem, java.util.concurrent.ConcurrentMap][0m
  [34mUnused type args: [org.apache.commons.vfs2.FileName, org.apache.commons.vfs2.FileObject][0m
  [34mUnused type args: [org.apache.commons.vfs2.FileName @ commons-vfs2/src/main/java/org/apache/commons/vfs2/cache/LRUFilesCache.java:187:13, org.apache.commons.vfs2.FileObject @ commons-vfs2/src/main/java/org/apache/commons/vfs2/cache/LRUFilesCache.java:187:23][0m
  [34mUnused type args: [org.apache.commons.vfs2.FileSystem, java.util.Map][0m
  [34mUnused type args: [org.apache.commons.vfs2.FileName, org.apache.commons.vfs2.FileObject][0m
  [34mUnused type args: [org.apache.commons.vfs2.FileName, org.apache.commons.vfs2.FileObject][0m
  [34mUnused type args: [org.apache.commons.vfs2.FileName, org.apache.commons.vfs2.FileObject][0m
  [34mUnused type args: [org.apache.commons.vfs2.FileName, org.apache.commons.vfs2.FileObject][0m
  [34mUnused type args: [org.apache.commons.vfs2.FileName, org.apache.commons.vfs2.FileObject][0m
  [34mIgnoring implicit executable reference: (CtExecutableReferenceImpl) <init>[0m
  [34mUnused type args: [org.apache.commons.vfs2.FileSystem, java.util.Map][0m
  [34mUnused type args: [org.apache.commons.vfs2.FileName, org.apache.commons.vfs2.FileObject][0m
  [34mUnused type args: [org.apache.commons.vfs2.FileName, org.apache.commons.vfs2.FileObject][0m
  [34mUnused type args: [org.apache.commons.vfs2.FileName, org.apache.commons.vfs2.FileObject][0m
  [34mUnused type args: [org.apache.commons.vfs2.FileName, org.apache.commons.vfs2.FileObject][0m
  [34mUnused type args: [org.apache.commons.vfs2.FileName @ commons-vfs2/src/main/java/org/apache/commons/vfs2/cache/DefaultFilesCache.java:81:23, org.apache.commons.vfs2.FileObject @ commons-vfs2/src/main/java/org/apache/commons/vfs2/cache/DefaultFilesCache.java:81:33][0m
  [34mUnused type args: [org.apache.commons.vfs2.FileSystem, java.util.concurrent.ConcurrentMap][0m
  [34mUnused type args: [org.apache.commons.vfs2.FileName, org.apache.commons.vfs2.FileObject][0m
  [34mUnused type args: [org.apache.commons.vfs2.FileName, org.apache.commons.vfs2.FileObject][0m
  [34mUnused type args: [org.apache.commons.vfs2.FileName, org.apache.commons.vfs2.FileObject][0m
  [34mUnused type args: [org.apache.commons.vfs2.FileSystem, java.util.concurrent.ConcurrentMap][0m
  [34mUnused type args: [org.apache.commons.vfs2.FileName, org.apache.commons.vfs2.FileObject][0m
  [34mUnused type args: [org.apache.commons.vfs2.FileName, org.apache.commons.vfs2.FileObject][0m
  [34mIgnoring implicit executable reference: (CtExecutableReferenceImpl) <init>[0m
  [34mUnused type args: [org.apache.commons.vfs2.FileName @ commons-vfs2/src/main/java/org/apache/commons/vfs2/cache/DefaultFilesCache.java:84:75, org.apache.commons.vfs2.FileObject @ commons-vfs2/src/main/java/org/apache/commons/vfs2/cache/DefaultFilesCache.java:84:85][0m
  [34mUnused type args: [org.apache.commons.vfs2.FileName, org.apache.commons.vfs2.FileObject][0m
  [34mUnused type args: [org.apache.commons.vfs2.FileName, org.apache.commons.vfs2.FileObject][0m
  [34mUnused type args: [org.apache.commons.vfs2.FileSystem, java.util.concurrent.ConcurrentMap][0m
  [34mUnused type args: [org.apache.commons.vfs2.FileName, org.apache.commons.vfs2.FileObject][0m
  [34mUnused type args: [org.apache.commons.vfs2.FileName, org.apache.commons.vfs2.FileObject][0m
  [34mUnused type args: [org.apache.commons.vfs2.FileName, org.apache.commons.vfs2.FileObject][0m
  [34mUnused type args: [org.apache.commons.vfs2.FileName @ commons-vfs2/src/main/java/org/apache/commons/vfs2/cache/DefaultFilesCache.java:74:19, org.apache.commons.vfs2.FileObject @ commons-vfs2/src/main/java/org/apache/commons/vfs2/cache/DefaultFilesCache.java:74:29][0m
  [34mUnused type args: [org.apache.commons.vfs2.FileSystem, java.util.concurrent.ConcurrentMap][0m
  [34mUnused type args: [org.apache.commons.vfs2.FileName, org.apache.commons.vfs2.FileObject][0m
  [34mUnused type args: [org.apache.commons.vfs2.FileName, org.apache.commons.vfs2.FileObject][0m
  [34mUnused type args: [org.apache.commons.vfs2.FileName, org.apache.commons.vfs2.FileObject][0m
  [34mUnused type args: [org.apache.commons.vfs2.FileName, org.apache.commons.vfs2.FileObject][0m
  [34mUnused type args: [org.apache.commons.vfs2.FileName @ commons-vfs2/src/main/java/org/apache/commons/vfs2/cache/LRUFilesCache.java:143:19, org.apache.commons.vfs2.FileObject @ commons-vfs2/src/main/java/org/apache/commons/vfs2/cache/LRUFilesCache.java:143:29][0m
  [34mUnused type args: [org.apache.commons.vfs2.FileName, org.apache.commons.vfs2.FileObject][0m
  [34mUnused type args: [org.apache.commons.vfs2.FileName, org.apache.commons.vfs2.FileObject][0m
  [34mUnused type args: [org.apache.commons.vfs2.FileName, org.apache.commons.vfs2.FileObject][0m
  [34mIgnoring implicit executable reference: (CtExecutableReferenceImpl) <init>[0m
  [34mSkipping selection with no field declaration: (CtFieldReferenceImpl) class[0m
  [34mSkipping selection with no field declaration: (CtFieldReferenceImpl) class[0m
  [34mIgnoring implicit executable reference: (CtExecutableReferenceImpl) <init>[0m
  [34mIgnoring implicit executable reference: (CtExecutableReferenceImpl) <init>[0m
  [34mIgnoring implicit executable reference: (CtExecutableReferenceImpl) <init>[0m
  [34mUnused type args: [?][0m
  [34mUnused type args: [?][0m
  [34mskipping default constructor: org.apache.commons.vfs2.operations.AbstractFileOperationProvider()[0m
  [34mUnused type args: [? @ commons-vfs2/src/main/java/org/apache/commons/vfs2/operations/AbstractFileOperationProvider.java:75:21][0m
  [34mUnused type args: [?][0m
  [34mUnused type args: [?][0m
  [34mUnused type args: [?][0m
  [34mUnused type args: [?][0m
  [34mUnused type args: [?][0m
  [34mIgnoring implicit executable reference: (CtExecutableReferenceImpl) <init>[0m
  [34mIgnoring implicit executable reference: (CtExecutableReferenceImpl) <init>[0m
  [34mUnused type args: [java.lang.Class][0m
  [34mUnused type args: [?][0m
  [34mUnused type args: [java.lang.Class][0m
  [34mUnused type args: [?][0m
  [34mUnused type args: [java.lang.Class][0m
  [34mUnused type args: [?][0m
  [34mUnused type args: [java.lang.Class][0m
  [34mUnused type args: [?][0m
  [34mSkipping selection with no field declaration: (CtFieldReferenceImpl) class[0m
  [34mSkipping selection with no field declaration: (CtFieldReferenceImpl) class[0m
  [34mUnused type args: [?][0m
  [34mUnused type args: [?][0m
  [34mIgnoring implicit executable reference: (CtExecutableReferenceImpl) <init>[0m
  [34mUnused type args: [?][0m
  [34mUnused type args: [? @ commons-vfs2/src/main/java/org/apache/commons/vfs2/operations/AbstractFileOperationProvider.java:108:15][0m
  [34mUnused type args: [java.lang.Class @ commons-vfs2/src/main/java/org/apache/commons/vfs2/operations/AbstractFileOperationProvider.java:109:24][0m
  [34mUnused type args: [? @ commons-vfs2/src/main/java/org/apache/commons/vfs2/operations/AbstractFileOperationProvider.java:109:30][0m
  [34mUnused type args: [java.lang.Class][0m
  [34mUnused type args: [?][0m
  [34mUnused type args: [java.lang.Class][0m
  [34mUnused type args: [?][0m
  [34mUnused type args: [java.lang.Class][0m
  [34mUnused type args: [?][0m
  [34mUnused type args: [? @ commons-vfs2/src/main/java/org/apache/commons/vfs2/operations/AbstractFileOperationProvider.java:111:25][0m
  [34mUnused type args: [java.lang.Class][0m
  [34mUnused type args: [?][0m
  [34mUnused type args: [?][0m
  [34mUnused type args: [?][0m
  [34mUnused type args: [?][0m
  [34mUnused type args: [?][0m
  [34mUnused type args: [?][0m
  [34mUnused type args: [?][0m
  [34mUnused type args: [?][0m
  [34mUnused type args: [?][0m
  [34mIgnoring implicit executable reference: (CtExecutableReferenceImpl) <init>[0m
  [34mUnused type args: [?][0m
  [34mUnused type args: [?][0m
  [34mSkipping selection with no field declaration: (CtFieldReferenceImpl) class[0m
  [34mSkipping selection with no field declaration: (CtFieldReferenceImpl) class[0m
  [34mUnused type args: [?][0m
  [34mUnused type args: [?][0m
  [34mIgnoring implicit executable reference: (CtExecutableReferenceImpl) <init>[0m
  [34mUnused type args: [?][0m
  [34mUnused type args: [java.lang.Class][0m
  [34mUnused type args: [?][0m
  [34mUnused type args: [?][0m
  Pending package java.util.jar
  Pending package java.util.zip
  Pending package org.apache.commons.vfs2.provider.zip
  getting parent type for (CtClassImpl) Name
  [34mIgnoring implicit executable reference: (CtExecutableReferenceImpl) <init>[0m
  [34mUnused type args: [org.apache.commons.vfs2.FileName, org.apache.commons.vfs2.FileObject][0m
  [34mUnused type args: [org.apache.commons.vfs2.Capability][0m
  [34mUnused type args: [?][0m
  [34mUnused type args: [org.apache.commons.vfs2.Capability][0m
  [34mIgnoring implicit executable reference: (CtExecutableReferenceImpl) <init>[0m
  [34mIgnoring implicit executable reference: (CtExecutableReferenceImpl) <init>[0m
  [34mIgnoring implicit executable reference: (CtExecutableReferenceImpl) <init>[0m
  [34mUnused type args: [?][0m
  [34mUnused type args: [?][0m
  [34mUnused type args: [java.lang.Object @ commons-vfs2/src/main/java/org/apache/commons/vfs2/provider/jar/JarFileObject.java:104:26, java.lang.Object @ commons-vfs2/src/main/java/org/apache/commons/vfs2/provider/jar/JarFileObject.java:104:34][0m
  [34mUnused type args: [java.util.Map$Entry][0m
  [34mUnused type args: [java.lang.Object, java.lang.Object][0m
  [34mUnused type args: [java.lang.Object, java.lang.Object][0m
  [34mUnused type args: [java.lang.String, java.lang.Object][0m
  [34mUnused type args: [java.lang.Object, java.lang.Object][0m
  [34mIgnoring implicit executable reference: (CtExecutableReferenceImpl) <init>[0m
  [34mUnused type args: [java.lang.String][0m
  [34mUnused type args: [java.lang.String][0m
  [34mUnused type args: [java.lang.String][0m
  [34mIgnoring implicit executable reference: (CtExecutableReferenceImpl) <init>[0m
  [34mIgnoring implicit executable reference: (CtExecutableReferenceImpl) <init>[0m
  [34mIgnoring implicit executable reference: (CtExecutableReferenceImpl) <init>[0m
  [34mUnused type args: [org.apache.commons.vfs2.Capability][0m
  [34mUnused type args: [?][0m
  [34mUnused type args: [org.apache.commons.vfs2.Capability][0m
  [34mUnused type args: [org.apache.commons.vfs2.Capability][0m
  [34mIgnoring implicit executable reference: (CtExecutableReferenceImpl) <init>[0m
  [34mIgnoring implicit executable reference: (CtExecutableReferenceImpl) <init>[0m
  [34mIgnoring implicit executable reference: (CtExecutableReferenceImpl) <init>[0m
  [34mUnused type args: [org.apache.commons.vfs2.FileName, org.apache.commons.vfs2.FileObject][0m
  [34mUnused type args: [org.apache.commons.vfs2.Capability][0m
  [34mIgnoring implicit executable reference: (CtExecutableReferenceImpl) <init>[0m
  [34mIgnoring implicit executable reference: (CtExecutableReferenceImpl) <init>[0m
  [34mIgnoring implicit executable reference: (CtExecutableReferenceImpl) <init>[0m
  [34mUnused type args: [java.lang.String][0m
  [34mUnused type args: [org.apache.commons.vfs2.provider.zip.ZipFileObject @ commons-vfs2/src/main/java/org/apache/commons/vfs2/provider/zip/ZipFileSystem.java:80:24][0m
  [34mIgnoring implicit executable reference: (CtExecutableReferenceImpl) <init>[0m
  [34mUnused type args: [org.apache.commons.vfs2.provider.zip.ZipFileObject][0m
  [34mUnused type args: [? @ commons-vfs2/src/main/java/org/apache/commons/vfs2/provider/zip/ZipFileSystem.java:81:31][0m
  [34mUnused type args: [?][0m
  [34mUnused type args: [?][0m
  [34mUnused type args: [?][0m
  [34mUnused type args: [org.apache.commons.vfs2.provider.zip.ZipFileObject][0m
  [34mUnused type args: [org.apache.commons.vfs2.provider.zip.ZipFileObject][0m
  [34mUnused type args: [org.apache.commons.vfs2.provider.zip.ZipFileObject][0m
  [34mUnused type args: [org.apache.commons.vfs2.provider.zip.ZipFileObject][0m
  [34mIgnoring implicit executable reference: (CtExecutableReferenceImpl) <init>[0m
  [34mIgnoring implicit executable reference: (CtExecutableReferenceImpl) <init>[0m
  [34mIgnoring implicit executable reference: (CtExecutableReferenceImpl) <init>[0m
  [34mIgnoring implicit executable reference: (CtExecutableReferenceImpl) <init>[0m
  [34mIgnoring implicit executable reference: (CtExecutableReferenceImpl) <init>[0m
  [34mIgnoring implicit executable reference: (CtExecutableReferenceImpl) <init>[0m
  [34mIgnoring implicit executable reference: (CtExecutableReferenceImpl) <init>[0m
  [34mUnused type args: [org.apache.commons.vfs2.FileName, org.apache.commons.vfs2.FileObject][0m
  [34mIgnoring implicit executable reference: (CtExecutableReferenceImpl) <init>[0m
  [34mIgnoring implicit executable reference: (CtExecutableReferenceImpl) <init>[0m
  [34mIgnoring implicit executable reference: (CtExecutableReferenceImpl) <init>[0m
  [34mIgnoring implicit executable reference: (CtExecutableReferenceImpl) <init>[0m
  [34mIgnoring implicit executable reference: (CtExecutableReferenceImpl) <init>[0m
  [34mIgnoring implicit executable reference: (CtExecutableReferenceImpl) <init>[0m
  [34mUnused type args: [java.lang.String @ commons-vfs2/src/main/java/org/apache/commons/vfs2/provider/jar/JarFileObject.java:88:19, java.lang.Object @ commons-vfs2/src/main/java/org/apache/commons/vfs2/provider/jar/JarFileObject.java:88:27][0m
  [34mIgnoring implicit executable reference: (CtExecutableReferenceImpl) <init>[0m
  [34mUnused type args: [java.lang.String, java.lang.Object][0m
  [34mUnused type args: [java.lang.String, java.lang.Object][0m
  [34mUnused type args: [java.lang.String, java.lang.Object][0m
  [34mUnused type args: [java.lang.String, java.lang.Object][0m
  [34mUnused type args: [java.lang.String, java.lang.Object][0m
  [34mUnused type args: [java.lang.String, java.lang.Object][0m
  [34mIgnoring implicit executable reference: (CtExecutableReferenceImpl) <init>[0m
  [34mIgnoring implicit executable reference: (CtExecutableReferenceImpl) <init>[0m
  [34mIgnoring implicit executable reference: (CtExecutableReferenceImpl) <init>[0m
  [34mskipping default constructor: org.apache.commons.vfs2.provider.LayeredFileNameParser()[0m
  [34mIgnoring implicit executable reference: (CtExecutableReferenceImpl) <init>[0m
  [34mIgnoring implicit executable reference: (CtExecutableReferenceImpl) <init>[0m
  [34mIgnoring implicit executable reference: (CtExecutableReferenceImpl) <init>[0m
  [34mIgnoring implicit executable reference: (CtExecutableReferenceImpl) <init>[0m
  [34mIgnoring implicit executable reference: (CtExecutableReferenceImpl) <init>[0m
  [34mIgnoring implicit executable reference: (CtExecutableReferenceImpl) <init>[0m
  [34mIgnoring implicit executable reference: (CtExecutableReferenceImpl) <init>[0m
  [34mIgnoring implicit executable reference: (CtExecutableReferenceImpl) <init>[0m
  [34mIgnoring implicit executable reference: (CtExecutableReferenceImpl) <init>[0m
  [34mIgnoring implicit executable reference: (CtExecutableReferenceImpl) <init>[0m
  [34mIgnoring implicit executable reference: (CtExecutableReferenceImpl) <init>[0m
  [34mIgnoring implicit executable reference: (CtExecutableReferenceImpl) <init>[0m
  [34mIgnoring implicit executable reference: (CtExecutableReferenceImpl) <init>[0m
  [34mIgnoring implicit executable reference: (CtExecutableReferenceImpl) <init>[0m
  Pending package org.apache.commons.compress.archivers.tar
  [34mIgnoring implicit executable reference: (CtExecutableReferenceImpl) <init>[0m
  [34mIgnoring implicit executable reference: (CtExecutableReferenceImpl) <init>[0m
  [34mIgnoring implicit executable reference: (CtExecutableReferenceImpl) <init>[0m
  [34mIgnoring implicit executable reference: (CtExecutableReferenceImpl) <init>[0m
  [34mIgnoring implicit executable reference: (CtExecutableReferenceImpl) <init>[0m
  [34mUnused type args: [org.apache.commons.vfs2.Capability][0m
  [34mUnused type args: [org.apache.commons.vfs2.provider.tar.TarFileObject @ commons-vfs2/src/main/java/org/apache/commons/vfs2/provider/tar/TarFileSystem.java:77:24][0m
  [34mIgnoring implicit executable reference: (CtExecutableReferenceImpl) <init>[0m
  [34mUnused type args: [org.apache.commons.vfs2.provider.tar.TarFileObject][0m
  [34mUnused type args: [org.apache.commons.vfs2.provider.tar.TarFileObject][0m
  [34mUnused type args: [org.apache.commons.vfs2.provider.tar.TarFileObject][0m
  [34mUnused type args: [org.apache.commons.vfs2.provider.tar.TarFileObject][0m
  [34mUnused type args: [org.apache.commons.vfs2.provider.tar.TarFileObject][0m
  [34mIgnoring implicit executable reference: (CtExecutableReferenceImpl) <init>[0m
  [34mIgnoring implicit executable reference: (CtExecutableReferenceImpl) <init>[0m
  [34mUnused type args: [java.lang.String][0m
  [34mUnused type args: [java.lang.String][0m
  [34mUnused type args: [java.lang.String][0m
  [34mIgnoring implicit executable reference: (CtExecutableReferenceImpl) <init>[0m
  [34mIgnoring implicit executable reference: (CtExecutableReferenceImpl) <init>[0m
  [34mIgnoring implicit executable reference: (CtExecutableReferenceImpl) <init>[0m
  [34mUnused type args: [java.lang.String][0m
  [34mIgnoring implicit executable reference: (CtExecutableReferenceImpl) <init>[0m
  [34mIgnoring implicit executable reference: (CtExecutableReferenceImpl) <init>[0m
  [34mIgnoring implicit executable reference: (CtExecutableReferenceImpl) <init>[0m
  [34mIgnoring implicit executable reference: (CtExecutableReferenceImpl) <init>[0m
  [34mUnused type args: [org.apache.commons.vfs2.Capability][0m
  [34mIgnoring implicit executable reference: (CtExecutableReferenceImpl) <init>[0m
  [34mIgnoring implicit executable reference: (CtExecutableReferenceImpl) <init>[0m
  [34mUnused type args: [org.apache.commons.vfs2.Capability][0m
  [34mIgnoring implicit executable reference: (CtExecutableReferenceImpl) <init>[0m
  [34mIgnoring implicit executable reference: (CtExecutableReferenceImpl) <init>[0m
  [34mIgnoring implicit executable reference: (CtExecutableReferenceImpl) <init>[0m
  [34mIgnoring implicit executable reference: (CtExecutableReferenceImpl) <init>[0m
  Pending package org.apache.commons.vfs2.provider.bzip2
  Pending package org.apache.commons.vfs2.provider.compressed
  [34mIgnoring implicit executable reference: (CtExecutableReferenceImpl) <init>[0m
  [34mIgnoring implicit executable reference: (CtExecutableReferenceImpl) <init>[0m
  [34mIgnoring implicit executable reference: (CtExecutableReferenceImpl) <init>[0m
  [34mIgnoring implicit executable reference: (CtExecutableReferenceImpl) <init>[0m
  Pending package org.apache.commons.compress.archivers
  [34mIgnoring implicit executable reference: (CtExecutableReferenceImpl) <init>[0m
  [34mIgnoring implicit executable reference: (CtExecutableReferenceImpl) <init>[0m
  [34mUnused type args: [org.apache.commons.vfs2.Capability][0m
  [34mUnused type args: [?][0m
  [34mUnused type args: [org.apache.commons.vfs2.Capability][0m
  [34mIgnoring implicit executable reference: (CtExecutableReferenceImpl) <init>[0m
  [34mIgnoring implicit executable reference: (CtExecutableReferenceImpl) <init>[0m
  [34mIgnoring implicit executable reference: (CtExecutableReferenceImpl) <init>[0m
  [34mIgnoring implicit executable reference: (CtExecutableReferenceImpl) <init>[0m
  Pending package org.apache.commons.compress.compressors.bzip2
  [34mIgnoring implicit executable reference: (CtExecutableReferenceImpl) <init>[0m
  [34mUnused type args: [FS][0m
  [34mIgnoring implicit executable reference: (CtExecutableReferenceImpl) <init>[0m
  [34mUnused type args: [FS][0m
  [34mIgnoring implicit executable reference: (CtExecutableReferenceImpl) <init>[0m
  [34mIgnoring implicit executable reference: (CtExecutableReferenceImpl) <init>[0m
  [34mIgnoring implicit executable reference: (CtExecutableReferenceImpl) <init>[0m
  [34mUnused type args: [FS][0m
  [34mIgnoring implicit executable reference: (CtExecutableReferenceImpl) <init>[0m
  [34mIgnoring implicit executable reference: (CtExecutableReferenceImpl) <init>[0m
  [34mIgnoring implicit executable reference: (CtExecutableReferenceImpl) <init>[0m
  [34mIgnoring implicit executable reference: (CtExecutableReferenceImpl) <init>[0m
  [34mUnused type args: [FS][0m
  [34mUnused type args: [FS][0m
  [34mUnused type args: [org.apache.commons.vfs2.Capability][0m
  [34mUnused type args: [?][0m
  [34mUnused type args: [org.apache.commons.vfs2.Capability][0m
  [34mIgnoring implicit executable reference: (CtExecutableReferenceImpl) <init>[0m
  [34mIgnoring implicit executable reference: (CtExecutableReferenceImpl) <init>[0m
  [34mUnused type args: [FS][0m
  [34mUnused type args: [FS][0m
  [34mIgnoring implicit executable reference: (CtExecutableReferenceImpl) <init>[0m
  [34mIgnoring implicit executable reference: (CtExecutableReferenceImpl) <init>[0m
  [34mUnused type args: [FS][0m
  [34mUnused type args: [FS][0m
  [34mUnused type args: [FS][0m
  [34mIgnoring implicit executable reference: (CtExecutableReferenceImpl) <init>[0m
  [34mIgnoring implicit executable reference: (CtExecutableReferenceImpl) <init>[0m
  [34mIgnoring implicit executable reference: (CtExecutableReferenceImpl) <init>[0m
  [34mUnused type args: [org.apache.commons.vfs2.Capability][0m
  [34mIgnoring implicit executable reference: (CtExecutableReferenceImpl) <init>[0m
  [34mIgnoring implicit executable reference: (CtExecutableReferenceImpl) <init>[0m
  [34mIgnoring implicit executable reference: (CtExecutableReferenceImpl) <init>[0m
  [34mIgnoring implicit executable reference: (CtExecutableReferenceImpl) <init>[0m
  getting parent type for (CtClassImpl) Authority @ commons-vfs2/src/main/java/org/apache/commons/vfs2/provider/HostFileNameParser.java:216:28
  [34mskipping default constructor: org.apache.commons.vfs2.provider.HostFileNameParser$Authority()[0m
  Pending package org.apache.commons.vfs2.provider.http
  [34mIgnoring implicit executable reference: (CtExecutableReferenceImpl) <init>[0m
  [34mIgnoring implicit executable reference: (CtExecutableReferenceImpl) <init>[0m
  [34mIgnoring implicit executable reference: (CtExecutableReferenceImpl) <init>[0m
  [34mIgnoring implicit executable reference: (CtExecutableReferenceImpl) <init>[0m
  [34mIgnoring implicit executable reference: (CtExecutableReferenceImpl) <init>[0m
  [34mIgnoring implicit executable reference: (CtExecutableReferenceImpl) <init>[0m
  Pending package org.apache.commons.httpclient
  [34mIgnoring implicit executable reference: (CtExecutableReferenceImpl) <init>[0m
  [34mIgnoring implicit executable reference: (CtExecutableReferenceImpl) <init>[0m
  [34mIgnoring implicit executable reference: (CtExecutableReferenceImpl) <init>[0m
  [34mIgnoring implicit executable reference: (CtExecutableReferenceImpl) <init>[0m
  [34mIgnoring implicit executable reference: (CtExecutableReferenceImpl) <init>[0m
  [34mUnused type args: [org.apache.commons.vfs2.Capability][0m
  [34mIgnoring implicit executable reference: (CtExecutableReferenceImpl) <init>[0m
  [34mIgnoring implicit executable reference: (CtExecutableReferenceImpl) <init>[0m
  [34mIgnoring implicit executable reference: (CtExecutableReferenceImpl) <init>[0m
  [34mIgnoring implicit executable reference: (CtExecutableReferenceImpl) <init>[0m
  [34mIgnoring implicit executable reference: (CtExecutableReferenceImpl) <init>[0m
  [34mIgnoring implicit executable reference: (CtExecutableReferenceImpl) <init>[0m
  [34mIgnoring implicit executable reference: (CtExecutableReferenceImpl) <init>[0m
  [34mIgnoring implicit executable reference: (CtExecutableReferenceImpl) <init>[0m
  [34mIgnoring implicit executable reference: (CtExecutableReferenceImpl) <init>[0m
  [34mIgnoring implicit executable reference: (CtExecutableReferenceImpl) <init>[0m
  Pending package org.apache.commons.httpclient.methods
  getting parent type for (CtClassImpl) HttpInputStream @ commons-vfs2/src/main/java/org/apache/commons/vfs2/provider/http/HttpFileObject.java:54:18
  [34mIgnoring implicit executable reference: (CtExecutableReferenceImpl) <init>[0m
  [34mUnused type args: [org.apache.commons.vfs2.provider.http.HttpFileSystem][0m
  Pending package org.apache.commons.httpclient.params
  [34mIgnoring implicit executable reference: (CtExecutableReferenceImpl) <init>[0m
  [34mIgnoring implicit executable reference: (CtExecutableReferenceImpl) <init>[0m
  [34mIgnoring implicit executable reference: (CtExecutableReferenceImpl) <init>[0m
  [34mIgnoring implicit executable reference: (CtExecutableReferenceImpl) <init>[0m
  Pending package org.apache.commons.httpclient.auth
  [34mIgnoring implicit executable reference: (CtExecutableReferenceImpl) <init>[0m
  [34mIgnoring implicit executable reference: (CtExecutableReferenceImpl) <init>[0m
  [34mIgnoring implicit executable reference: (CtExecutableReferenceImpl) <init>[0m
  [34mIgnoring implicit executable reference: (CtExecutableReferenceImpl) <init>[0m
  [34mIgnoring implicit executable reference: (CtExecutableReferenceImpl) <init>[0m
  [34mIgnoring implicit executable reference: (CtExecutableReferenceImpl) <init>[0m
  Pending package org.apache.commons.httpclient.util
  [34mIgnoring implicit executable reference: (CtExecutableReferenceImpl) <init>[0m
  [34mIgnoring implicit executable reference: (CtExecutableReferenceImpl) <init>[0m
  [34mIgnoring implicit executable reference: (CtExecutableReferenceImpl) <init>[0m
  [34mIgnoring implicit executable reference: (CtExecutableReferenceImpl) <init>[0m
  [34mIgnoring implicit executable reference: (CtExecutableReferenceImpl) <init>[0m
  [34mSkipping selection with no field declaration: (CtFieldReferenceImpl) class[0m
  [34mSkipping selection with no field declaration: (CtFieldReferenceImpl) class[0m
  [34mIgnoring implicit executable reference: (CtExecutableReferenceImpl) <init>[0m
  [34mIgnoring implicit executable reference: (CtExecutableReferenceImpl) <init>[0m
  [34mIgnoring implicit executable reference: (CtExecutableReferenceImpl) <init>[0m
  [34mIgnoring implicit executable reference: (CtExecutableReferenceImpl) <init>[0m
  [34mIgnoring implicit executable reference: (CtExecutableReferenceImpl) <init>[0m
  [34mIgnoring implicit executable reference: (CtExecutableReferenceImpl) <init>[0m
  [34mIgnoring implicit executable reference: (CtExecutableReferenceImpl) <init>[0m
  [34mUnused type args: [org.apache.commons.vfs2.Capability][0m
  [34mUnused type args: [?][0m
  [34mUnused type args: [org.apache.commons.vfs2.Capability][0m
  [34mIgnoring implicit executable reference: (CtExecutableReferenceImpl) <init>[0m
  [34mIgnoring implicit executable reference: (CtExecutableReferenceImpl) <init>[0m
  [34mIgnoring implicit executable reference: (CtExecutableReferenceImpl) <init>[0m
  [34mIgnoring implicit executable reference: (CtExecutableReferenceImpl) <init>[0m
  [34mIgnoring implicit executable reference: (CtExecutableReferenceImpl) <init>[0m
  [34mIgnoring implicit executable reference: (CtExecutableReferenceImpl) <init>[0m
  [34mIgnoring implicit executable reference: (CtExecutableReferenceImpl) <init>[0m
  [34mIgnoring implicit executable reference: (CtExecutableReferenceImpl) <init>[0m
  [34mUnused type args: [FS][0m
  [34mUnused type args: [FS][0m
  [34mUnused type args: [FS][0m
  [34mUnused type args: [FS][0m
  [34mIgnoring implicit executable reference: (CtExecutableReferenceImpl) <init>[0m
  [34mUnused type args: [FS][0m
  [34mUnused type args: [FS][0m
  [34mUnused type args: [FS][0m
  [34mIgnoring implicit executable reference: (CtExecutableReferenceImpl) <init>[0m
  [34mIgnoring implicit executable reference: (CtExecutableReferenceImpl) <init>[0m
  [34mUnused type args: [FS][0m
  [34mUnused type args: [FS][0m
  [34mUnused type args: [FS][0m
  [34mUnused type args: [FS][0m
  [34mIgnoring implicit executable reference: (CtExecutableReferenceImpl) <init>[0m
  [34mUnused type args: [FS][0m
  [34mIgnoring implicit executable reference: (CtExecutableReferenceImpl) <init>[0m
  [34mIgnoring implicit executable reference: (CtExecutableReferenceImpl) <init>[0m
  [34mUnused type args: [FS][0m
  [34mIgnoring implicit executable reference: (CtExecutableReferenceImpl) <init>[0m
  [34mUnused type args: [FS][0m
  [34mUnused type args: [FS][0m
  [34mUnused type args: [FS][0m
  [34mIgnoring implicit executable reference: (CtExecutableReferenceImpl) <init>[0m
  [34mIgnoring implicit executable reference: (CtExecutableReferenceImpl) <init>[0m
  [34mUnused type args: [FS][0m
  [34mUnused type args: [FS][0m
  [34mUnused type args: [FS][0m
  [34mUnused type args: [FS][0m
  [34mUnused type args: [FS][0m
  [34mUnused type args: [FS][0m
  [34mIgnoring implicit executable reference: (CtExecutableReferenceImpl) <init>[0m
  [34mUnused type args: [FS][0m
  [34mUnused type args: [FS][0m
  [34mUnused type args: [FS][0m
  [34mUnused type args: [FS][0m
  [34mUnused type args: [FS][0m
  [34mUnused type args: [FS][0m
  [34mIgnoring implicit executable reference: (CtExecutableReferenceImpl) <init>[0m
  [34mUnused type args: [FS][0m
  [34mUnused type args: [FS][0m
  [34mIgnoring implicit executable reference: (CtExecutableReferenceImpl) <init>[0m
  [34mUnused type args: [FS][0m
  [34mIgnoring implicit executable reference: (CtExecutableReferenceImpl) <init>[0m
  [34mUnused type args: [FS][0m
  [34mIgnoring implicit executable reference: (CtExecutableReferenceImpl) <init>[0m
  [34mskipping default constructor: org.apache.commons.vfs2.provider.http.HttpFileContentInfoFactory()[0m
  [34mIgnoring implicit executable reference: (CtExecutableReferenceImpl) <init>[0m
  [34mIgnoring implicit executable reference: (CtExecutableReferenceImpl) <init>[0m
  [34mIgnoring implicit executable reference: (CtExecutableReferenceImpl) <init>[0m
  [34mIgnoring implicit executable reference: (CtExecutableReferenceImpl) <init>[0m
  [34mUnused type args: [FS][0m
  [34mUnused type args: [FS][0m
  [34mIgnoring implicit executable reference: (CtExecutableReferenceImpl) <init>[0m
  [34mIgnoring implicit executable reference: (CtExecutableReferenceImpl) <init>[0m
  [34mUnused type args: [FS][0m
  [34mIgnoring implicit executable reference: (CtExecutableReferenceImpl) <init>[0m
  [34mUnused type args: [FS][0m
  [34mUnused type args: [FS][0m
  [34mUnused type args: [FS][0m
  [34mUnused type args: [FS][0m
  [34mUnused type args: [FS][0m
  [34mIgnoring implicit executable reference: (CtExecutableReferenceImpl) <init>[0m
  [34mUnused type args: [FS][0m
  [34mUnused type args: [FS][0m
  [34mUnused type args: [FS][0m
  [34mUnused type args: [FS][0m
  [34mIgnoring implicit executable reference: (CtExecutableReferenceImpl) <init>[0m
  [34mUnused type args: [FS][0m
  [34mUnused type args: [FS][0m
  [34mUnused type args: [FS][0m
  [34mUnused type args: [FS][0m
  [34mIgnoring implicit executable reference: (CtExecutableReferenceImpl) <init>[0m
  [34mUnused type args: [FS][0m
  [34mUnused type args: [FS][0m
  [34mUnused type args: [FS][0m
  [34mIgnoring implicit executable reference: (CtExecutableReferenceImpl) <init>[0m
  [34mUnused type args: [FS][0m
  [34mUnused type args: [FS][0m
  [34mUnused type args: [FS][0m
  [34mUnused type args: [FS][0m
  [34mIgnoring implicit executable reference: (CtExecutableReferenceImpl) <init>[0m
  [34mIgnoring anonymous type: (CtTypeReferenceImpl) org.apache.commons.vfs2.provider.http.HttpRandomAccessContent$1[0m
  [34mIgnoring implicit executable reference: (CtExecutableReferenceImpl) <init>[0m
  [34mIgnoring anonymous type: (CtTypeReferenceImpl) org.apache.commons.vfs2.provider.http.HttpRandomAccessContent$1[0m
  [34mUnused type args: [FS][0m
  [34mIgnoring anonymous object declaration: (CtClassImpl) 1 @ commons-vfs2/src/main/java/org/apache/commons/vfs2/provider/http/HttpRandomAccessContent.java:95:62[0m
  [34mIgnoring implicit executable reference: (CtExecutableReferenceImpl) <init>[0m
  [34mIgnoring implicit executable reference: (CtExecutableReferenceImpl) <init>[0m
  [34mIgnoring method of an anonymous declaring type: (CtMethodImpl) read @ commons-vfs2/src/main/java/org/apache/commons/vfs2/provider/http/HttpRandomAccessContent.java:97:24 in (CtClassImpl) 1 @ commons-vfs2/src/main/java/org/apache/commons/vfs2/provider/http/HttpRandomAccessContent.java:95:62[0m
  [34mUnused type args: [FS][0m
  [34mIgnoring method of an anonymous declaring type: (CtMethodImpl) read @ commons-vfs2/src/main/java/org/apache/commons/vfs2/provider/http/HttpRandomAccessContent.java:106:24 in (CtClassImpl) 1 @ commons-vfs2/src/main/java/org/apache/commons/vfs2/provider/http/HttpRandomAccessContent.java:95:62[0m
  [34mUnused type args: [FS][0m
  [34mIgnoring method of an anonymous declaring type: (CtMethodImpl) read @ commons-vfs2/src/main/java/org/apache/commons/vfs2/provider/http/HttpRandomAccessContent.java:115:24 in (CtClassImpl) 1 @ commons-vfs2/src/main/java/org/apache/commons/vfs2/provider/http/HttpRandomAccessContent.java:95:62[0m
  [34mUnused type args: [FS][0m
  [34mUnused type args: [FS][0m
  [34mIgnoring implicit executable reference: (CtExecutableReferenceImpl) <init>[0m
  [34mIgnoring implicit executable reference: (CtExecutableReferenceImpl) <init>[0m
  [34mIgnoring implicit executable reference: (CtExecutableReferenceImpl) <init>[0m
  [34mIgnoring implicit executable reference: (CtExecutableReferenceImpl) <init>[0m
  [34mIgnoring implicit executable reference: (CtExecutableReferenceImpl) <init>[0m
  [34mIgnoring implicit executable reference: (CtExecutableReferenceImpl) <init>[0m
  [34mIgnoring implicit executable reference: (CtExecutableReferenceImpl) <init>[0m
  [34mIgnoring implicit executable reference: (CtExecutableReferenceImpl) <init>[0m
  [34mIgnoring implicit executable reference: (CtExecutableReferenceImpl) <init>[0m
  [34mIgnoring implicit executable reference: (CtExecutableReferenceImpl) <init>[0m
  [34mIgnoring implicit executable reference: (CtExecutableReferenceImpl) <init>[0m
  [34mUnused type args: [FS][0m
  [34mUnused type args: [FS][0m
  [34mUnused type args: [FS][0m
  [34mUnused type args: [FS][0m
  [34mUnused type args: [org.apache.commons.vfs2.provider.http.HttpFileSystem @ commons-vfs2/src/main/java/org/apache/commons/vfs2/provider/http/HttpFileContentInfoFactory.java:42:35][0m
  [34mUnused type args: [org.apache.commons.vfs2.provider.http.HttpFileSystem @ commons-vfs2/src/main/java/org/apache/commons/vfs2/provider/http/HttpFileContentInfoFactory.java:42:78][0m
  [34mUnused type args: [org.apache.commons.vfs2.provider.http.HttpFileSystem][0m
  [34mIgnoring implicit executable reference: (CtExecutableReferenceImpl) <init>[0m
  [34mIgnoring implicit executable reference: (CtExecutableReferenceImpl) <init>[0m
  [34mIgnoring implicit executable reference: (CtExecutableReferenceImpl) <init>[0m
  [34mIgnoring implicit executable reference: (CtExecutableReferenceImpl) <init>[0m
  [34mUnused type args: [FS][0m
  [34mUnused type args: [FS][0m
  [34mUnused type args: [FS][0m
  [34mUnused type args: [FS][0m
  [34mUnused type args: [FS][0m
  [34mUnused type args: [FS][0m
  [34mUnused type args: [FS][0m
  [34mUnused type args: [FS][0m
  [34mUnused type args: [FS][0m
  [34mIgnoring implicit executable reference: (CtExecutableReferenceImpl) <init>[0m
  [34mUnused type args: [FS][0m
  [34mIgnoring implicit executable reference: (CtExecutableReferenceImpl) <init>[0m
  [34mIgnoring implicit executable reference: (CtExecutableReferenceImpl) <init>[0m
  [34mIgnoring implicit executable reference: (CtExecutableReferenceImpl) <init>[0m
  [34mIgnoring implicit executable reference: (CtExecutableReferenceImpl) <init>[0m
  [34mIgnoring implicit executable reference: (CtExecutableReferenceImpl) <init>[0m
  [34mIgnoring implicit executable reference: (CtExecutableReferenceImpl) <init>[0m
  [34mIgnoring implicit executable reference: (CtExecutableReferenceImpl) <init>[0m
  [34mSkipping selection with no field declaration: (CtFieldReferenceImpl) class[0m
  [34mSkipping selection with no field declaration: (CtFieldReferenceImpl) class[0m
  [34mSkipping selection with no field declaration: (CtFieldReferenceImpl) class[0m
  Pending package org.apache.commons.vfs2.provider.url
  [34mSkipping selection with no field declaration: (CtFieldReferenceImpl) class[0m
  [34mIgnoring implicit executable reference: (CtExecutableReferenceImpl) <init>[0m
  [34mUnused type args: [?][0m
  [34mIgnoring implicit executable reference: (CtExecutableReferenceImpl) <init>[0m
  [34mIgnoring implicit executable reference: (CtExecutableReferenceImpl) <init>[0m
  [34mIgnoring implicit executable reference: (CtExecutableReferenceImpl) <init>[0m
  [34mIgnoring implicit executable reference: (CtExecutableReferenceImpl) <init>[0m
  [34mUnused type args: [org.apache.commons.vfs2.Capability][0m
  [34mSkipping selection with no field declaration: (CtFieldReferenceImpl) class[0m
  [34mSkipping selection with no field declaration: (CtFieldReferenceImpl) class[0m
  [34mUnused type args: [org.apache.commons.vfs2.Capability][0m
  [34mUnused type args: [?][0m
  [34mUnused type args: [org.apache.commons.vfs2.Capability][0m
  [34mIgnoring implicit executable reference: (CtExecutableReferenceImpl) <init>[0m
  [34mIgnoring implicit executable reference: (CtExecutableReferenceImpl) <init>[0m
  [34mIgnoring implicit executable reference: (CtExecutableReferenceImpl) <init>[0m
  [34mIgnoring implicit executable reference: (CtExecutableReferenceImpl) <init>[0m
  [34mIgnoring implicit executable reference: (CtExecutableReferenceImpl) <init>[0m
  [34mUnused type args: [?][0m
  [34mUnused type args: [?][0m
  [34mIgnoring implicit executable reference: (CtExecutableReferenceImpl) <init>[0m
  [34mUnused type args: [?][0m
  [34mIgnoring implicit executable reference: (CtExecutableReferenceImpl) <init>[0m
  [34mIgnoring implicit executable reference: (CtExecutableReferenceImpl) <init>[0m
  [34mIgnoring implicit executable reference: (CtExecutableReferenceImpl) <init>[0m
  [34mUnused type args: [org.apache.commons.vfs2.Capability][0m
  [34mIgnoring implicit executable reference: (CtExecutableReferenceImpl) <init>[0m
  [34mIgnoring implicit executable reference: (CtExecutableReferenceImpl) <init>[0m
  [34mIgnoring implicit executable reference: (CtExecutableReferenceImpl) <init>[0m
  [34mIgnoring implicit executable reference: (CtExecutableReferenceImpl) <init>[0m
  [34mIgnoring implicit executable reference: (CtExecutableReferenceImpl) <init>[0m
  [34mIgnoring implicit executable reference: (CtExecutableReferenceImpl) <init>[0m
  [34mIgnoring implicit executable reference: (CtExecutableReferenceImpl) <init>[0m
  [34mIgnoring implicit executable reference: (CtExecutableReferenceImpl) <init>[0m
  [34mIgnoring implicit executable reference: (CtExecutableReferenceImpl) <init>[0m
  [34mIgnoring implicit executable reference: (CtExecutableReferenceImpl) <init>[0m
  [34mIgnoring implicit executable reference: (CtExecutableReferenceImpl) <init>[0m
  [34mIgnoring implicit executable reference: (CtExecutableReferenceImpl) <init>[0m
  [34mUnused type args: [org.apache.commons.vfs2.Capability][0m
  [34mIgnoring implicit executable reference: (CtExecutableReferenceImpl) <init>[0m
  [34mIgnoring implicit executable reference: (CtExecutableReferenceImpl) <init>[0m
  [34mIgnoring implicit executable reference: (CtExecutableReferenceImpl) <init>[0m
  [34mIgnoring implicit executable reference: (CtExecutableReferenceImpl) <init>[0m
  [34mIgnoring implicit executable reference: (CtExecutableReferenceImpl) <init>[0m
  [34mUnused type args: [org.apache.commons.vfs2.Capability][0m
  [34mUnused type args: [?][0m
  [34mUnused type args: [org.apache.commons.vfs2.Capability][0m
  [34mIgnoring implicit executable reference: (CtExecutableReferenceImpl) <init>[0m
  [34mIgnoring implicit executable reference: (CtExecutableReferenceImpl) <init>[0m
  [34mIgnoring implicit executable reference: (CtExecutableReferenceImpl) <init>[0m
  [34mIgnoring implicit executable reference: (CtExecutableReferenceImpl) <init>[0m
  getting parent type for (CtClassImpl) SourceInfo @ commons-vfs2/src/main/java/org/apache/commons/vfs2/tasks/AbstractSyncTask.java:406:25
  [34mskipping default constructor: org.apache.commons.vfs2.tasks.AbstractSyncTask$SourceInfo()[0m
  [34mskipping default constructor: org.apache.commons.vfs2.impl.FileTypeMap()[0m
  [34mskipping default constructor: org.apache.commons.vfs2.impl.VirtualFileProvider()[0m
  getting parent type for (CtClassImpl) VfsStreamHandlerFactory @ commons-vfs2/src/main/java/org/apache/commons/vfs2/impl/DefaultFileSystemManager.java:1020:17
  [34mskipping default constructor: org.apache.commons.vfs2.impl.DefaultFileSystemManager$VfsStreamHandlerFactory()[0m
  [34mskipping default constructor: org.apache.commons.vfs2.impl.DefaultFileSystemManager()[0m
  [34mskipping default constructor: org.apache.commons.vfs2.impl.StandardFileSystemManager()[0m
  Pending package org.w3c.dom
  Pending package javax.xml.parsers
  Pending package org.apache.tools.ant
  Pending package org.apache.tools.ant
  getting parent type for (CtClassImpl) CloseListener @ commons-vfs2/src/main/java/org/apache/commons/vfs2/tasks/VfsTask.java:66:19
  [34mskipping default constructor: org.apache.commons.vfs2.tasks.VfsTask$CloseListener()[0m
  getting parent type for (CtClassImpl) AntLogger @ commons-vfs2/src/main/java/org/apache/commons/vfs2/tasks/VfsTask.java:109:19
  [34mskipping default constructor: org.apache.commons.vfs2.tasks.VfsTask$AntLogger()[0m
  [34mskipping default constructor: org.apache.commons.vfs2.tasks.VfsTask()[0m
  [34mskipping default constructor: org.apache.commons.vfs2.tasks.AbstractSyncTask()[0m
  [34mskipping default constructor: org.apache.commons.vfs2.tasks.CopyTask()[0m
  [34mskipping default constructor: org.apache.commons.vfs2.tasks.DeleteTask()[0m
  [34mskipping default constructor: org.apache.commons.vfs2.tasks.MkdirTask()[0m
  [34mskipping default constructor: org.apache.commons.vfs2.tasks.MoveTask()[0m
  [34mskipping default constructor: org.apache.commons.vfs2.tasks.ShowFileTask()[0m
  [34mskipping default constructor: org.apache.commons.vfs2.tasks.SyncTask()[0m
  [34mIgnoring implicit executable reference: (CtExecutableReferenceImpl) <init>[0m
  [34mIgnoring implicit executable reference: (CtExecutableReferenceImpl) <init>[0m
  [34mIgnoring implicit executable reference: (CtExecutableReferenceImpl) <init>[0m
  [34mUnused type args: [java.lang.String, org.apache.commons.vfs2.provider.FileProvider][0m
  [34mIgnoring implicit executable reference: (CtExecutableReferenceImpl) <init>[0m
  [34mIgnoring implicit executable reference: (CtExecutableReferenceImpl) <init>[0m
  [34mUnused type args: [java.lang.String, org.apache.commons.vfs2.provider.FileProvider][0m
  [34mUnused type args: [org.apache.commons.vfs2.provider.FileProvider][0m
  [34mUnused type args: [java.lang.String, org.apache.commons.vfs2.provider.FileProvider][0m
  [34mUnused type args: [org.apache.commons.vfs2.operations.FileOperationProvider @ commons-vfs2/src/main/java/org/apache/commons/vfs2/impl/DefaultFileSystemManager.java:540:25][0m
  [34mUnused type args: [java.lang.String, java.util.List][0m
  [34mUnused type args: [org.apache.commons.vfs2.operations.FileOperationProvider][0m
  [34mUnused type args: [java.util.List][0m
  [34mUnused type args: [org.apache.commons.vfs2.operations.FileOperationProvider][0m
  [34mUnused type args: [org.apache.commons.vfs2.operations.FileOperationProvider][0m
  [34mUnused type args: [java.lang.String, java.util.List][0m
  [34mUnused type args: [org.apache.commons.vfs2.operations.FileOperationProvider][0m
  [34mUnused type args: [java.lang.Object][0m
  [34mUnused type args: [java.lang.Object][0m
  [34mUnused type args: [java.lang.Object][0m
  [34mUnused type args: [?][0m
  [34mUnused type args: [?][0m
  [34mUnused type args: [?][0m
  [34mUnused type args: [?][0m
  [34mUnused type args: [?][0m
  [34mUnused type args: [?][0m
  [34mUnused type args: [?][0m
  [34mUnused type args: [java.net.URL @ commons-vfs2/src/main/java/org/apache/commons/vfs2/impl/StandardFileSystemManager.java:120:21][0m
  [34mUnused type args: [java.net.URL][0m
  [34mUnused type args: [java.net.URL][0m
  [34mUnused type args: [java.net.URL][0m
  [34mIgnoring implicit executable reference: (CtExecutableReferenceImpl) <init>[0m
  [34mUnused type args: [java.net.URL][0m
  [34mUnused type args: [java.net.URL][0m
  [34mUnused type args: [java.lang.String, org.apache.commons.vfs2.provider.FileProvider][0m
  [34mIgnoring implicit executable reference: (CtExecutableReferenceImpl) <init>[0m
  [34mUnused type args: [org.apache.commons.vfs2.Capability][0m
  [34mUnused type args: [java.lang.String @ commons-vfs2/src/main/java/org/apache/commons/vfs2/impl/StandardFileSystemManager.java:379:25][0m
  [34mIgnoring implicit executable reference: (CtExecutableReferenceImpl) <init>[0m
  [34mUnused type args: [java.lang.String][0m
  [34mUnused type args: [java.lang.String][0m
  [34mUnused type args: [java.lang.String][0m
  [34mUnused type args: [java.lang.String][0m
  [34mUnused type args: [java.lang.String][0m
  [34mIgnoring implicit executable reference: (CtExecutableReferenceImpl) <init>[0m
  [34mIgnoring implicit executable reference: (CtExecutableReferenceImpl) <init>[0m
  [34mIgnoring implicit executable reference: (CtExecutableReferenceImpl) <init>[0m
  [34mUnused type args: [java.lang.ClassLoader][0m
  [34mUnused type args: [?][0m
  [34mIgnoring implicit executable reference: (CtExecutableReferenceImpl) <init>[0m
  [34mUnused type args: [?][0m
  [34mIgnoring implicit executable reference: (CtExecutableReferenceImpl) <init>[0m
  [34mIgnoring implicit executable reference: (CtExecutableReferenceImpl) <init>[0m
  [34mUnused type args: [java.lang.Object][0m
  [34mUnused type args: [java.lang.Object][0m
  [34mUnused type args: [java.lang.Object][0m
  [34mUnused type args: [java.lang.Object][0m
  [34mIgnoring implicit executable reference: (CtExecutableReferenceImpl) <init>[0m
  [34mIgnoring implicit executable reference: (CtExecutableReferenceImpl) <init>[0m
  [34mIgnoring implicit executable reference: (CtExecutableReferenceImpl) <init>[0m
  [34mUnused type args: [java.lang.String, org.apache.commons.vfs2.provider.FileProvider][0m
  [34mIgnoring implicit executable reference: (CtExecutableReferenceImpl) <init>[0m
  [34mIgnoring implicit executable reference: (CtExecutableReferenceImpl) <init>[0m
  [34mIgnoring implicit executable reference: (CtExecutableReferenceImpl) <init>[0m
  [34mUnused type args: [org.apache.commons.vfs2.tasks.AbstractSyncTask$SourceInfo][0m
  [34mUnused type args: [java.lang.Object][0m
  [34mUnused type args: [java.lang.Object][0m
  [34mUnused type args: [java.lang.String, org.apache.commons.vfs2.provider.FileProvider][0m
  [34mIgnoring implicit executable reference: (CtExecutableReferenceImpl) <init>[0m
  [34mUnused type args: [java.lang.String, org.apache.commons.vfs2.provider.FileProvider][0m
  [34mIgnoring implicit executable reference: (CtExecutableReferenceImpl) <init>[0m
  [34mIgnoring implicit executable reference: (CtExecutableReferenceImpl) <init>[0m
  [34mIgnoring implicit executable reference: (CtExecutableReferenceImpl) <init>[0m
  [34mIgnoring implicit executable reference: (CtExecutableReferenceImpl) <init>[0m
  [34mIgnoring implicit executable reference: (CtExecutableReferenceImpl) <init>[0m
  [34mUnused type args: [java.lang.String, org.apache.commons.vfs2.provider.FileProvider][0m
  [34mIgnoring implicit executable reference: (CtExecutableReferenceImpl) <init>[0m
  [34mIgnoring implicit executable reference: (CtExecutableReferenceImpl) <init>[0m
  [34mUnused type args: [? @ commons-vfs2/src/main/java/org/apache/commons/vfs2/impl/StandardFileSystemManager.java:420:25][0m
  [34mUnused type args: [?][0m
  [34mUnused type args: [?][0m
  [34mIgnoring implicit executable reference: (CtExecutableReferenceImpl) <init>[0m
  [34mIgnoring implicit executable reference: (CtExecutableReferenceImpl) <init>[0m
  [34mUnused type args: [java.lang.String, org.apache.commons.vfs2.provider.FileProvider][0m
  [34mUnused type args: [java.lang.String, org.apache.commons.vfs2.provider.FileProvider][0m
  [34mUnused type args: [java.lang.String][0m
  [34mUnused type args: [java.lang.String][0m
  [34mIgnoring implicit executable reference: (CtExecutableReferenceImpl) <init>[0m
  [34mIgnoring implicit executable reference: (CtExecutableReferenceImpl) <init>[0m
  [34mSkipping selection with no field declaration: (CtFieldReferenceImpl) class[0m
  [34mSkipping selection with no field declaration: (CtFieldReferenceImpl) class[0m
  [34mUnused type args: [?][0m
  [34mUnused type args: [?][0m
  [34mIgnoring implicit executable reference: (CtExecutableReferenceImpl) <init>[0m
  [34mUnused type args: [?][0m
  [34mUnused type args: [?][0m
  [34mUnused type args: [?][0m
  [34mUnused type args: [?][0m
  [34mUnused type args: [?][0m
  [34mUnused type args: [?][0m
  [34mSkipping selection with no field declaration: (CtFieldReferenceImpl) class[0m
  [34mSkipping selection with no field declaration: (CtFieldReferenceImpl) class[0m
  [34mIgnoring implicit executable reference: (CtExecutableReferenceImpl) <init>[0m
  [34mUnused type args: [?][0m
  [34mUnused type args: [?][0m
  [34mUnused type args: [?][0m
  [34mUnused type args: [?][0m
  [34mUnused type args: [java.lang.String, java.util.List][0m
  [34mUnused type args: [org.apache.commons.vfs2.operations.FileOperationProvider][0m
  [34mUnused type args: [org.apache.commons.vfs2.operations.FileOperationProvider @ commons-vfs2/src/main/java/org/apache/commons/vfs2/impl/DefaultFileSystemManager.java:1108:28][0m
  [34mIgnoring implicit executable reference: (CtExecutableReferenceImpl) <init>[0m
  [34mUnused type args: [org.apache.commons.vfs2.operations.FileOperationProvider][0m
  [34mUnused type args: [java.lang.String, java.util.List][0m
  [34mUnused type args: [org.apache.commons.vfs2.operations.FileOperationProvider][0m
  [34mUnused type args: [org.apache.commons.vfs2.operations.FileOperationProvider][0m
  [34mUnused type args: [org.apache.commons.vfs2.operations.FileOperationProvider][0m
  [34mUnused type args: [org.apache.commons.vfs2.operations.FileOperationProvider @ commons-vfs2/src/main/java/org/apache/commons/vfs2/impl/DefaultFileSystemManager.java:1112:24][0m
  [34mUnused type args: [java.lang.String, java.util.List][0m
  [34mUnused type args: [org.apache.commons.vfs2.operations.FileOperationProvider][0m
  [34mUnused type args: [org.apache.commons.vfs2.operations.FileOperationProvider][0m
  [34mUnused type args: [org.apache.commons.vfs2.operations.FileOperationProvider][0m
  [34mIgnoring implicit executable reference: (CtExecutableReferenceImpl) <init>[0m
  [34mUnused type args: [org.apache.commons.vfs2.operations.FileOperationProvider][0m
  [34mUnused type args: [java.lang.String, java.lang.String][0m
  [34mUnused type args: [java.lang.String, java.lang.String][0m
  [34mUnused type args: [java.lang.String @ commons-vfs2/src/main/java/org/apache/commons/vfs2/impl/StandardFileSystemManager.java:396:25][0m
  [34mIgnoring implicit executable reference: (CtExecutableReferenceImpl) <init>[0m
  [34mUnused type args: [java.lang.String][0m
  [34mUnused type args: [java.lang.String][0m
  [34mUnused type args: [java.lang.String][0m
  [34mUnused type args: [java.lang.String][0m
  [34mUnused type args: [java.lang.String][0m
  [34mUnused type args: [org.apache.commons.vfs2.tasks.AbstractSyncTask$SourceInfo][0m
  [34mUnused type args: [org.apache.commons.vfs2.tasks.AbstractSyncTask$SourceInfo][0m
  [34mIgnoring implicit executable reference: (CtExecutableReferenceImpl) <init>[0m
  [34mUnused type args: [?][0m
  [34mUnused type args: [java.lang.String, org.apache.commons.vfs2.provider.FileProvider][0m
  [34mIgnoring implicit executable reference: (CtExecutableReferenceImpl) <init>[0m
  [34mUnused type args: [org.apache.commons.vfs2.FileObject @ commons-vfs2/src/main/java/org/apache/commons/vfs2/tasks/AbstractSyncTask.java:228:25][0m
  [34mIgnoring implicit executable reference: (CtExecutableReferenceImpl) <init>[0m
  [34mUnused type args: [org.apache.commons.vfs2.FileObject][0m
  [34mUnused type args: [org.apache.commons.vfs2.tasks.AbstractSyncTask$SourceInfo][0m
  [34mUnused type args: [org.apache.commons.vfs2.tasks.AbstractSyncTask$SourceInfo][0m
  [34mUnused type args: [org.apache.commons.vfs2.FileObject][0m
  [34mUnused type args: [org.apache.commons.vfs2.FileObject @ commons-vfs2/src/main/java/org/apache/commons/vfs2/tasks/AbstractSyncTask.java:243:19][0m
  [34mIgnoring implicit executable reference: (CtExecutableReferenceImpl) <init>[0m
  [34mUnused type args: [org.apache.commons.vfs2.FileObject][0m
  [34mUnused type args: [org.apache.commons.vfs2.FileObject][0m
  [34mUnused type args: [org.apache.commons.vfs2.FileObject][0m
  [34mUnused type args: [org.apache.commons.vfs2.FileObject][0m
  [34mUnused type args: [org.apache.commons.vfs2.FileObject][0m
  [34mUnused type args: [org.apache.commons.vfs2.FileObject][0m
  [34mUnused type args: [org.apache.commons.vfs2.FileObject][0m
  [34mUnused type args: [org.apache.commons.vfs2.FileObject][0m
  [34mUnused type args: [java.lang.String, java.lang.String][0m
  [34mIgnoring implicit executable reference: (CtExecutableReferenceImpl) <init>[0m
  [34mIgnoring implicit executable reference: (CtExecutableReferenceImpl) <init>[0m
  [34mUnused type args: [java.lang.String, org.apache.commons.vfs2.provider.FileProvider][0m
  [34mUnused type args: [?][0m
  [34mUnused type args: [?][0m
  [34mUnused type args: [?][0m
  [34mUnused type args: [?][0m
  [34mUnused type args: [java.lang.Object][0m
  [34mUnused type args: [java.lang.Object][0m
  [34mUnused type args: [java.lang.String @ commons-vfs2/src/main/java/org/apache/commons/vfs2/impl/StandardFileSystemManager.java:362:25][0m
  [34mIgnoring implicit executable reference: (CtExecutableReferenceImpl) <init>[0m
  [34mUnused type args: [java.lang.String][0m
  [34mUnused type args: [java.lang.String][0m
  [34mUnused type args: [java.lang.String][0m
  [34mUnused type args: [java.lang.String][0m
  [34mUnused type args: [java.lang.String][0m
  [34mIgnoring implicit executable reference: (CtExecutableReferenceImpl) <init>[0m
  [34mIgnoring implicit executable reference: (CtExecutableReferenceImpl) <init>[0m
  [34mIgnoring implicit executable reference: (CtExecutableReferenceImpl) <init>[0m
  getting parent type for (CtClassImpl) InitAction @ commons-vfs2/src/main/java/org/apache/commons/vfs2/impl/PrivilegedFileReplicator.java:120:19
  [34mskipping default constructor: org.apache.commons.vfs2.impl.PrivilegedFileReplicator$InitAction()[0m
  getting parent type for (CtClassImpl) ReplicateAction @ commons-vfs2/src/main/java/org/apache/commons/vfs2/impl/PrivilegedFileReplicator.java:134:19
  getting parent type for (CtClassImpl) CloseAction @ commons-vfs2/src/main/java/org/apache/commons/vfs2/impl/PrivilegedFileReplicator.java:159:19
  [34mskipping default constructor: org.apache.commons.vfs2.impl.PrivilegedFileReplicator$CloseAction()[0m
  [34mIgnoring implicit executable reference: (CtExecutableReferenceImpl) <init>[0m
  [34mUnused type args: [?][0m
  [34mIgnoring implicit executable reference: (CtExecutableReferenceImpl) <init>[0m
  [34mUnused type args: [?][0m
  [34mIgnoring implicit executable reference: (CtExecutableReferenceImpl) <init>[0m
  [34mIgnoring implicit executable reference: (CtExecutableReferenceImpl) <init>[0m
  [34mIgnoring implicit executable reference: (CtExecutableReferenceImpl) <init>[0m
  [34mskipping default constructor: org.apache.commons.vfs2.impl.FileContentInfoFilenameFactory()[0m
  [34mIgnoring implicit executable reference: (CtExecutableReferenceImpl) <init>[0m
  [34mIgnoring implicit executable reference: (CtExecutableReferenceImpl) <init>[0m
  [34mIgnoring implicit executable reference: (CtExecutableReferenceImpl) <init>[0m
  [34mUnused type args: [java.lang.Object][0m
  [34mUnused type args: [java.lang.Object][0m
  [34mUnused type args: [java.lang.Object][0m
  [34mUnused type args: [java.lang.Object][0m
  [34mUnused type args: [?][0m
  [34mUnused type args: [?][0m
  [34mUnused type args: [java.lang.String, org.apache.commons.vfs2.provider.FileProvider][0m
  [34mIgnoring implicit executable reference: (CtExecutableReferenceImpl) <init>[0m
  [34mskipping default constructor: org.apache.commons.vfs2.impl.URLStreamHandlerProxy()[0m
  [34mIgnoring implicit executable reference: (CtExecutableReferenceImpl) <init>[0m
  [34mIgnoring implicit executable reference: (CtExecutableReferenceImpl) <init>[0m
  [34mIgnoring implicit executable reference: (CtExecutableReferenceImpl) <init>[0m
  [34mUnused type args: [java.lang.String, org.apache.commons.vfs2.provider.FileProvider][0m
  [34mIgnoring implicit executable reference: (CtExecutableReferenceImpl) <init>[0m
  [34mIgnoring implicit executable reference: (CtExecutableReferenceImpl) <init>[0m
  [34mIgnoring implicit executable reference: (CtExecutableReferenceImpl) <init>[0m
  [34mUnused type args: [org.apache.commons.vfs2.FileObject][0m
  [34mUnused type args: [org.apache.commons.vfs2.FileObject][0m
  [34mUnused type args: [java.net.URL @ commons-vfs2/src/main/java/org/apache/commons/vfs2/impl/StandardFileSystemManager.java:448:21][0m
  [34mUnused type args: [java.net.URL][0m
  [34mUnused type args: [java.net.URL][0m
  [34mUnused type args: [java.net.URL][0m
  [34mUnused type args: [java.net.URL][0m
  [34mUnused type args: [java.net.URL][0m
  [34mUnused type args: [?][0m
  [34mUnused type args: [?][0m
  [34mUnused type args: [java.net.URL][0m
  [34mUnused type args: [java.net.URL][0m
  [34mUnused type args: [java.lang.String, org.apache.commons.vfs2.provider.FileProvider][0m
  [34mIgnoring implicit executable reference: (CtExecutableReferenceImpl) <init>[0m
  [34mIgnoring implicit executable reference: (CtExecutableReferenceImpl) <init>[0m
  [34mUnused type args: [java.lang.String, java.lang.String][0m
  [34mIgnoring implicit executable reference: (CtExecutableReferenceImpl) <init>[0m
  [34mIgnoring implicit executable reference: (CtExecutableReferenceImpl) <init>[0m
  [34mUnused type args: [org.apache.commons.vfs2.tasks.AbstractSyncTask$SourceInfo][0m
  [34mIgnoring implicit executable reference: (CtExecutableReferenceImpl) <init>[0m
  [34mIgnoring implicit executable reference: (CtExecutableReferenceImpl) <init>[0m
  [34mIgnoring implicit executable reference: (CtExecutableReferenceImpl) <init>[0m
  [34mIgnoring implicit executable reference: (CtExecutableReferenceImpl) <init>[0m
  [34mIgnoring implicit executable reference: (CtExecutableReferenceImpl) <init>[0m
  [34mUnused type args: [java.lang.String, org.apache.commons.vfs2.provider.FileProvider][0m
  [34mUnused type args: [org.apache.commons.vfs2.provider.FileProvider][0m
  [34mIgnoring implicit executable reference: (CtExecutableReferenceImpl) <init>[0m
  [34mUnused type args: [java.lang.String, java.lang.String][0m
  [34mUnused type args: [java.lang.String, java.lang.String][0m
  [34mIgnoring implicit executable reference: (CtExecutableReferenceImpl) <init>[0m
  [34mIgnoring implicit executable reference: (CtExecutableReferenceImpl) <init>[0m
  [34mUnused type args: [? @ commons-vfs2/src/main/java/org/apache/commons/vfs2/impl/DefaultFileSystemManager.java:1135:20][0m
  [34mUnused type args: [java.lang.String, java.util.List][0m
  [34mUnused type args: [org.apache.commons.vfs2.operations.FileOperationProvider][0m
  [34mUnused type args: [org.apache.commons.vfs2.operations.FileOperationProvider][0m
  [34mUnused type args: [?][0m
  [34mUnused type args: [?][0m
  [34mUnused type args: [?][0m
  [34mUnused type args: [org.apache.commons.vfs2.operations.FileOperationProvider][0m
  [34mIgnoring implicit executable reference: (CtExecutableReferenceImpl) <init>[0m
  [34mUnused type args: [org.apache.commons.vfs2.Capability][0m
  [34mUnused type args: [org.apache.commons.vfs2.Capability][0m
  [34mUnused type args: [org.apache.commons.vfs2.Capability][0m
  [34mUnused type args: [org.apache.commons.vfs2.Capability][0m
  [34mUnused type args: [org.apache.commons.vfs2.Capability][0m
  [34mUnused type args: [org.apache.commons.vfs2.Capability][0m
  [34mUnused type args: [org.apache.commons.vfs2.Capability][0m
  [34mUnused type args: [org.apache.commons.vfs2.Capability][0m
  [34mUnused type args: [org.apache.commons.vfs2.Capability][0m
  [34mUnused type args: [org.apache.commons.vfs2.Capability][0m
  [34mUnused type args: [org.apache.commons.vfs2.Capability][0m
  [34mUnused type args: [org.apache.commons.vfs2.Capability][0m
  [34mUnused type args: [org.apache.commons.vfs2.Capability][0m
  [34mIgnoring implicit executable reference: (CtExecutableReferenceImpl) <init>[0m
  [34mUnused type args: [org.apache.commons.vfs2.FileName, org.apache.commons.vfs2.FileObject][0m
  [34mIgnoring implicit executable reference: (CtExecutableReferenceImpl) <init>[0m
  [34mIgnoring implicit executable reference: (CtExecutableReferenceImpl) <init>[0m
  [34mUnused type args: [org.apache.commons.vfs2.FileName, org.apache.commons.vfs2.FileObject][0m
  [34mUnused type args: [org.apache.commons.vfs2.FileName, org.apache.commons.vfs2.FileObject][0m
  [34mUnused type args: [org.apache.commons.vfs2.FileName][0m
  [34mUnused type args: [org.apache.commons.vfs2.FileName, org.apache.commons.vfs2.FileObject][0m
  [34mIgnoring implicit executable reference: (CtExecutableReferenceImpl) <init>[0m
  [34mIgnoring implicit executable reference: (CtExecutableReferenceImpl) <init>[0m
  [34mIgnoring implicit executable reference: (CtExecutableReferenceImpl) <init>[0m
  [34mIgnoring implicit executable reference: (CtExecutableReferenceImpl) <init>[0m
  [34mIgnoring implicit executable reference: (CtExecutableReferenceImpl) <init>[0m
  [34mUnused type args: [java.lang.Object][0m
  [34mUnused type args: [T][0m
  [34mIgnoring implicit executable reference: (CtExecutableReferenceImpl) <init>[0m
  [34mIgnoring implicit executable reference: (CtExecutableReferenceImpl) <init>[0m
  [34mIgnoring implicit executable reference: (CtExecutableReferenceImpl) <init>[0m
  [34mIgnoring implicit executable reference: (CtExecutableReferenceImpl) <init>[0m
  [34mIgnoring implicit executable reference: (CtExecutableReferenceImpl) <init>[0m
  [34mIgnoring implicit executable reference: (CtExecutableReferenceImpl) <init>[0m
  [34mIgnoring implicit executable reference: (CtExecutableReferenceImpl) <init>[0m
  [34mIgnoring implicit executable reference: (CtExecutableReferenceImpl) <init>[0m
  [34mIgnoring implicit executable reference: (CtExecutableReferenceImpl) <init>[0m
  [34mIgnoring implicit executable reference: (CtExecutableReferenceImpl) <init>[0m
  [34mUnused type args: [java.io.File][0m
  [34mUnused type args: [T][0m
  [34mIgnoring implicit executable reference: (CtExecutableReferenceImpl) <init>[0m
  [34mUnused type args: [org.apache.commons.vfs2.FileName, org.apache.commons.vfs2.FileObject][0m
  [34mUnused type args: [org.apache.commons.vfs2.FileName, org.apache.commons.vfs2.FileObject][0m
  [34mUnused type args: [java.lang.Object][0m
  [34mUnused type args: [T][0m
  [34mIgnoring implicit executable reference: (CtExecutableReferenceImpl) <init>[0m
  [34mIgnoring implicit executable reference: (CtExecutableReferenceImpl) <init>[0m
  [34mIgnoring implicit executable reference: (CtExecutableReferenceImpl) <init>[0m
  [34mUnused type args: [AFS][0m
  [34mUnused type args: [AFS][0m
  [34mUnused type args: [java.lang.String, java.lang.Object][0m
  [34mUnused type args: [AFS][0m
  [34mUnused type args: [AFS][0m
  [34mUnused type args: [AFS][0m
  [34mUnused type args: [AFS][0m
  [34mUnused type args: [AFS][0m
  [34mUnused type args: [AFS][0m
  [34mUnused type args: [AFS][0m
  [34mIgnoring implicit executable reference: (CtExecutableReferenceImpl) <init>[0m
  [34mUnused type args: [AFS][0m
  [34mUnused type args: [AFS][0m
  [34mUnused type args: [java.lang.String][0m
  [34mUnused type args: [java.lang.String][0m
  [34mUnused type args: [AFS][0m
  [34mUnused type args: [java.lang.String][0m
  [34mUnused type args: [AFS][0m
  [34mUnused type args: [AFS][0m
  [34mUnused type args: [AFS][0m
  [34mUnused type args: [AFS][0m
  [34mUnused type args: [AFS][0m
  [34mUnused type args: [AFS][0m
  [34mUnused type args: [AFS][0m
  [34mUnused type args: [AFS][0m
  [34mUnused type args: [AFS][0m
  [34mIgnoring implicit executable reference: (CtExecutableReferenceImpl) <init>[0m
  [34mIgnoring implicit executable reference: (CtExecutableReferenceImpl) <init>[0m
  [34mUnused type args: [AFS][0m
  [34mUnused type args: [AFS][0m
  [34mUnused type args: [AFS][0m
  [34mUnused type args: [AFS][0m
  [34mUnused type args: [AFS][0m
  [34mUnused type args: [java.lang.String][0m
  [34mUnused type args: [AFS][0m
  [34mUnused type args: [AFS][0m
  [34mUnused type args: [AFS][0m
  [34mUnused type args: [AFS][0m
  [34mUnused type args: [AFS][0m
  [34mUnused type args: [AFS][0m
  [34mUnused type args: [AFS][0m
  [34mUnused type args: [AFS][0m
  [34mUnused type args: [AFS][0m
  [34mUnused type args: [AFS][0m
  [34mUnused type args: [AFS][0m
  [34mUnused type args: [AFS][0m
  [34mUnused type args: [AFS][0m
  [34mUnused type args: [AFS][0m
  [34mUnused type args: [AFS][0m
  [34mUnused type args: [AFS][0m
  [34mUnused type args: [java.lang.String][0m
  [34mUnused type args: [AFS][0m
  [34mUnused type args: [AFS][0m
  [34mUnused type args: [AFS][0m
  [34mUnused type args: [AFS][0m
  [34mUnused type args: [AFS][0m
  [34mUnused type args: [AFS][0m
  [34mUnused type args: [AFS][0m
  [34mUnused type args: [AFS][0m
  [34mUnused type args: [AFS][0m
  [34mUnused type args: [AFS][0m
  [34mUnused type args: [AFS][0m
  [34mUnused type args: [AFS][0m
  [34mUnused type args: [AFS][0m
  [34mUnused type args: [AFS][0m
  [34mUnused type args: [AFS][0m
  [34mUnused type args: [AFS][0m
  [34mUnused type args: [AFS][0m
  [34mUnused type args: [AFS][0m
  [34mUnused type args: [AFS][0m
  [34mUnused type args: [AFS][0m
  [34mUnused type args: [AFS][0m
  [34mUnused type args: [AFS][0m
  [34mUnused type args: [AFS][0m
  [34mUnused type args: [AFS][0m
  Pending package org.apache.commons.net.ftp
  Pending package org.apache.commons.net.ftp.parser
  getting parent type for (CtClassImpl) ConnectionFactory @ commons-vfs2/src/main/java/org/apache/commons/vfs2/provider/ftp/FtpClientFactory.java:87:34
  getting parent type for (CtClassImpl) FtpConnectionFactory @ commons-vfs2/src/main/java/org/apache/commons/vfs2/provider/ftp/FtpClientFactory.java:63:31
  getting parent type for (CtClassImpl) FtpInputStream @ commons-vfs2/src/main/java/org/apache/commons/vfs2/provider/ftp/FtpFileObject.java:565:11
  getting parent type for (CtClassImpl) FtpOutputStream @ commons-vfs2/src/main/java/org/apache/commons/vfs2/provider/ftp/FtpFileObject.java:599:19
  [34mIgnoring implicit executable reference: (CtExecutableReferenceImpl) <init>[0m
  [34mIgnoring implicit executable reference: (CtExecutableReferenceImpl) <init>[0m
  [34mUnused type args: [C, B][0m
  [34mIgnoring implicit executable reference: (CtExecutableReferenceImpl) <init>[0m
  [34mUnused type args: [C, B][0m
  [34mUnused type args: [C, B][0m
  [34mUnused type args: [C, B][0m
  [34mUnused type args: [C, B][0m
  [34mUnused type args: [C, B][0m
  [34mIgnoring implicit executable reference: (CtExecutableReferenceImpl) <init>[0m
  [34mIgnoring implicit executable reference: (CtExecutableReferenceImpl) <init>[0m
  [34mIgnoring implicit executable reference: (CtExecutableReferenceImpl) <init>[0m
  [34mUnused type args: [java.lang.String, org.apache.commons.net.ftp.FTPFile][0m
  [34mUnused type args: [java.lang.String, org.apache.commons.net.ftp.FTPFile][0m
  [34mUnused type args: [org.apache.commons.net.ftp.FTPFile @ commons-vfs2/src/main/java/org/apache/commons/vfs2/provider/ftp/FtpFileObject.java:365:24][0m
  [34mUnused type args: [java.lang.String, org.apache.commons.net.ftp.FTPFile][0m
  [34mUnused type args: [org.apache.commons.net.ftp.FTPFile][0m
  [34mUnused type args: [org.apache.commons.net.ftp.FTPFile][0m
  [34mUnused type args: [org.apache.commons.net.ftp.FTPFile][0m
  [34mUnused type args: [org.apache.commons.net.ftp.FTPFile][0m
  [34mIgnoring implicit executable reference: (CtExecutableReferenceImpl) <init>[0m
  [34mIgnoring implicit executable reference: (CtExecutableReferenceImpl) <init>[0m
  [34mIgnoring implicit executable reference: (CtExecutableReferenceImpl) <init>[0m
  [34mIgnoring implicit executable reference: (CtExecutableReferenceImpl) <init>[0m
  [34mIgnoring implicit executable reference: (CtExecutableReferenceImpl) <init>[0m
  [34mIgnoring implicit executable reference: (CtExecutableReferenceImpl) <init>[0m
  [34mUnused type args: [org.apache.commons.vfs2.provider.ftp.FtpClient][0m
  [34mUnused type args: [org.apache.commons.vfs2.provider.ftp.FtpFileType][0m
  [34mUnused type args: [E][0m
  [34mSkipping selection with no field declaration: (CtFieldReferenceImpl) class[0m
  [34mSkipping selection with no field declaration: (CtFieldReferenceImpl) class[0m
  [34mIgnoring implicit executable reference: (CtExecutableReferenceImpl) <init>[0m
  [34mUnused type args: [org.apache.commons.vfs2.provider.ftp.FtpClient][0m
  [34mIgnoring implicit executable reference: (CtExecutableReferenceImpl) <init>[0m
  [34mIgnoring implicit executable reference: (CtExecutableReferenceImpl) <init>[0m
  [34mUnused type args: [java.lang.String, org.apache.commons.net.ftp.FTPFile][0m
  [34mUnused type args: [java.lang.String, org.apache.commons.net.ftp.FTPFile][0m
  [34mUnused type args: [java.lang.String, org.apache.commons.net.ftp.FTPFile][0m
  [34mUnused type args: [java.lang.String, org.apache.commons.net.ftp.FTPFile][0m
  [34mUnused type args: [java.lang.String, org.apache.commons.net.ftp.FTPFile][0m
  [34mUnused type args: [java.lang.String, org.apache.commons.net.ftp.FTPFile][0m
  [34mIgnoring implicit executable reference: (CtExecutableReferenceImpl) <init>[0m
  [34mUnused type args: [java.lang.String, org.apache.commons.net.ftp.FTPFile][0m
  [34mUnused type args: [java.lang.String, org.apache.commons.net.ftp.FTPFile][0m
  [34mSkipping selection with no field declaration: (CtFieldReferenceImpl) class[0m
  [34mSkipping selection with no field declaration: (CtFieldReferenceImpl) class[0m
  [34mIgnoring implicit executable reference: (CtExecutableReferenceImpl) <init>[0m
  [34mIgnoring implicit executable reference: (CtExecutableReferenceImpl) <init>[0m
  [34mIgnoring implicit executable reference: (CtExecutableReferenceImpl) <init>[0m
  [34mIgnoring implicit executable reference: (CtExecutableReferenceImpl) <init>[0m
  [34mUnused type args: [org.apache.commons.vfs2.provider.ftp.FtpClient][0m
  [34mIgnoring implicit executable reference: (CtExecutableReferenceImpl) <init>[0m
  [34mIgnoring implicit executable reference: (CtExecutableReferenceImpl) <init>[0m
  [34mIgnoring implicit executable reference: (CtExecutableReferenceImpl) <init>[0m
  [34mIgnoring anonymous type: (CtTypeReferenceImpl) org.apache.commons.vfs2.provider.ftp.FtpRandomAccessContent$1[0m
  [34mIgnoring implicit executable reference: (CtExecutableReferenceImpl) <init>[0m
  [34mIgnoring anonymous type: (CtTypeReferenceImpl) org.apache.commons.vfs2.provider.ftp.FtpRandomAccessContent$1[0m
  [34mIgnoring anonymous object declaration: (CtClassImpl) 1 @ commons-vfs2/src/main/java/org/apache/commons/vfs2/provider/ftp/FtpRandomAccessContent.java:74:62[0m
  [34mIgnoring implicit executable reference: (CtExecutableReferenceImpl) <init>[0m
  [34mIgnoring implicit executable reference: (CtExecutableReferenceImpl) <init>[0m
  [34mIgnoring method of an anonymous declaring type: (CtMethodImpl) read @ commons-vfs2/src/main/java/org/apache/commons/vfs2/provider/ftp/FtpRandomAccessContent.java:76:24 in (CtClassImpl) 1 @ commons-vfs2/src/main/java/org/apache/commons/vfs2/provider/ftp/FtpRandomAccessContent.java:74:62[0m
  [34mIgnoring method of an anonymous declaring type: (CtMethodImpl) read @ commons-vfs2/src/main/java/org/apache/commons/vfs2/provider/ftp/FtpRandomAccessContent.java:85:24 in (CtClassImpl) 1 @ commons-vfs2/src/main/java/org/apache/commons/vfs2/provider/ftp/FtpRandomAccessContent.java:74:62[0m
  [34mIgnoring method of an anonymous declaring type: (CtMethodImpl) read @ commons-vfs2/src/main/java/org/apache/commons/vfs2/provider/ftp/FtpRandomAccessContent.java:94:24 in (CtClassImpl) 1 @ commons-vfs2/src/main/java/org/apache/commons/vfs2/provider/ftp/FtpRandomAccessContent.java:74:62[0m
  [34mIgnoring method of an anonymous declaring type: (CtMethodImpl) close @ commons-vfs2/src/main/java/org/apache/commons/vfs2/provider/ftp/FtpRandomAccessContent.java:103:25 in (CtClassImpl) 1 @ commons-vfs2/src/main/java/org/apache/commons/vfs2/provider/ftp/FtpRandomAccessContent.java:74:62[0m
  [34mUnused type args: [java.lang.String, org.apache.commons.net.ftp.FTPFile][0m
  [34mUnused type args: [java.lang.String, org.apache.commons.net.ftp.FTPFile][0m
  [34mIgnoring implicit executable reference: (CtExecutableReferenceImpl) <init>[0m
  [34mUnused type args: [java.lang.String, org.apache.commons.net.ftp.FTPFile][0m
  [34mUnused type args: [java.lang.String, org.apache.commons.net.ftp.FTPFile][0m
  [34mIgnoring implicit executable reference: (CtExecutableReferenceImpl) <init>[0m
  [34mIgnoring implicit executable reference: (CtExecutableReferenceImpl) <init>[0m
  [34mIgnoring implicit executable reference: (CtExecutableReferenceImpl) <init>[0m
  [34mUnused type args: [java.lang.String, org.apache.commons.net.ftp.FTPFile][0m
  [34mUnused type args: [java.lang.String, org.apache.commons.net.ftp.FTPFile][0m
  [34mUnused type args: [java.lang.String, org.apache.commons.net.ftp.FTPFile][0m
  [34mUnused type args: [java.lang.String, org.apache.commons.net.ftp.FTPFile][0m
  [34mIgnoring implicit executable reference: (CtExecutableReferenceImpl) <init>[0m
  [34mUnused type args: [C, B][0m
  [34mUnused type args: [C, B][0m
  [34mIgnoring anonymous type: (CtTypeReferenceImpl) org.apache.commons.vfs2.provider.ftp.FtpClientFactory$ConnectionFactory$1[0m
  [34mIgnoring implicit executable reference: (CtExecutableReferenceImpl) <init>[0m
  [34mIgnoring anonymous type: (CtTypeReferenceImpl) org.apache.commons.vfs2.provider.ftp.FtpClientFactory$ConnectionFactory$1[0m
  [34mIgnoring anonymous object declaration: (CtClassImpl) 1 @ commons-vfs2/src/main/java/org/apache/commons/vfs2/provider/ftp/FtpClientFactory.java:113:66[0m
  [34mIgnoring implicit executable reference: (CtExecutableReferenceImpl) <init>[0m
  [34mIgnoring implicit executable reference: (CtExecutableReferenceImpl) <init>[0m
  [34mIgnoring method of an anonymous declaring type: (CtMethodImpl) flush @ commons-vfs2/src/main/java/org/apache/commons/vfs2/provider/ftp/FtpClientFactory.java:115:37 in (CtClassImpl) 1 @ commons-vfs2/src/main/java/org/apache/commons/vfs2/provider/ftp/FtpClientFactory.java:113:66[0m
  [34mIgnoring anonymous type: (CtTypeReferenceImpl) org.apache.commons.vfs2.provider.ftp.FtpClientFactory$ConnectionFactory$1[0m
  [34mIgnoring anonymous type: (CtTypeReferenceImpl) org.apache.commons.vfs2.provider.ftp.FtpClientFactory$ConnectionFactory$1[0m
  [34mIgnoring anonymous type: (CtTypeReferenceImpl) org.apache.commons.vfs2.provider.ftp.FtpClientFactory$ConnectionFactory$1[0m
  [34mUnused type args: [C, B][0m
  Pending package org.apache.commons.net
  Pending package org.apache.commons.net
  [34mIgnoring implicit executable reference: (CtExecutableReferenceImpl) <init>[0m
  [34mIgnoring implicit executable reference: (CtExecutableReferenceImpl) <init>[0m
  [34mUnused type args: [C, B][0m
  [34mUnused type args: [C, B][0m
  [34mUnused type args: [C, B][0m
  [34mUnused type args: [C, B][0m
  [34mUnused type args: [C, B][0m
  [34mUnused type args: [C, B][0m
  [34mIgnoring implicit executable reference: (CtExecutableReferenceImpl) <init>[0m
  [34mIgnoring implicit executable reference: (CtExecutableReferenceImpl) <init>[0m
  [34mUnused type args: [C, B][0m
  [34mIgnoring implicit executable reference: (CtExecutableReferenceImpl) <init>[0m
  [34mUnused type args: [C, B][0m
  [34mUnused type args: [C, B][0m
  [34mUnused type args: [C, B][0m
  [34mIgnoring implicit executable reference: (CtExecutableReferenceImpl) <init>[0m
  [34mUnused type args: [C, B][0m
  [34mUnused type args: [C, B][0m
  [34mIgnoring implicit executable reference: (CtExecutableReferenceImpl) <init>[0m
  [34mSkipping selection with no field declaration: (CtFieldReferenceImpl) class[0m
  [34mSkipping selection with no field declaration: (CtFieldReferenceImpl) class[0m
  [34mIgnoring implicit executable reference: (CtExecutableReferenceImpl) <init>[0m
  [34mIgnoring implicit executable reference: (CtExecutableReferenceImpl) <init>[0m
  [34mIgnoring implicit executable reference: (CtExecutableReferenceImpl) <init>[0m
  [34mIgnoring implicit executable reference: (CtExecutableReferenceImpl) <init>[0m
  [34mIgnoring implicit executable reference: (CtExecutableReferenceImpl) <init>[0m
  [34mIgnoring implicit executable reference: (CtExecutableReferenceImpl) <init>[0m
  [34mIgnoring implicit executable reference: (CtExecutableReferenceImpl) <init>[0m
  [34mIgnoring implicit executable reference: (CtExecutableReferenceImpl) <init>[0m
  [34mUnused type args: [org.apache.commons.vfs2.provider.ftp.FtpFileSystem][0m
  [34mIgnoring implicit executable reference: (CtExecutableReferenceImpl) <init>[0m
  [34mUnused type args: [java.lang.String, org.apache.commons.net.ftp.FTPFile][0m
  [34mUnused type args: [java.lang.String, org.apache.commons.net.ftp.FTPFile][0m
  [34mIgnoring implicit executable reference: (CtExecutableReferenceImpl) <init>[0m
  [34mIgnoring implicit executable reference: (CtExecutableReferenceImpl) <init>[0m
  [34mUnused type args: [java.lang.String, org.apache.commons.net.ftp.FTPFile][0m
  [34mUnused type args: [java.lang.String, org.apache.commons.net.ftp.FTPFile][0m
  [34mIgnoring implicit executable reference: (CtExecutableReferenceImpl) <init>[0m
  [34mIgnoring implicit executable reference: (CtExecutableReferenceImpl) <init>[0m
  [34mUnused type args: [org.apache.commons.vfs2.provider.ftp.FtpClient][0m
  [34mIgnoring implicit executable reference: (CtExecutableReferenceImpl) <init>[0m
  [34mIgnoring implicit executable reference: (CtExecutableReferenceImpl) <init>[0m
  [34mUnused type args: [java.lang.String, org.apache.commons.net.ftp.FTPFile][0m
  [34mUnused type args: [java.lang.String, org.apache.commons.net.ftp.FTPFile][0m
  [34mUnused type args: [java.lang.String, org.apache.commons.net.ftp.FTPFile][0m
  [34mUnused type args: [org.apache.commons.vfs2.Capability][0m
  [34mUnused type args: [?][0m
  [34mUnused type args: [org.apache.commons.vfs2.Capability][0m
  [34mIgnoring implicit executable reference: (CtExecutableReferenceImpl) <init>[0m
  [34mIgnoring implicit executable reference: (CtExecutableReferenceImpl) <init>[0m
  [34mUnused type args: [java.lang.String, org.apache.commons.net.ftp.FTPFile][0m
  [34mUnused type args: [java.lang.String, org.apache.commons.net.ftp.FTPFile][0m
  [34mUnused type args: [java.lang.String, org.apache.commons.net.ftp.FTPFile][0m
  [34mIgnoring implicit executable reference: (CtExecutableReferenceImpl) <init>[0m
  [34mIgnoring implicit executable reference: (CtExecutableReferenceImpl) <init>[0m
  [34mUnused type args: [C, B][0m
  [34mUnused type args: [C, B][0m
  [34mIgnoring implicit executable reference: (CtExecutableReferenceImpl) <init>[0m
  [34mIgnoring implicit executable reference: (CtExecutableReferenceImpl) <init>[0m
  [34mIgnoring implicit executable reference: (CtExecutableReferenceImpl) <init>[0m
  [34mIgnoring implicit executable reference: (CtExecutableReferenceImpl) <init>[0m
  [34mUnused type args: [org.apache.commons.vfs2.Capability][0m
  [34mIgnoring implicit executable reference: (CtExecutableReferenceImpl) <init>[0m
  [34mIgnoring implicit executable reference: (CtExecutableReferenceImpl) <init>[0m
  [34mIgnoring implicit executable reference: (CtExecutableReferenceImpl) <init>[0m
  [34mIgnoring implicit executable reference: (CtExecutableReferenceImpl) <init>[0m
  [34mUnused type args: [org.apache.commons.vfs2.provider.ftp.FtpFileSystem][0m
  [34mSkipping selection with no field declaration: (CtFieldReferenceImpl) class[0m
  [34mSkipping selection with no field declaration: (CtFieldReferenceImpl) class[0m
  [34mIgnoring implicit executable reference: (CtExecutableReferenceImpl) <init>[0m
  [34mIgnoring implicit executable reference: (CtExecutableReferenceImpl) <init>[0m
  [34mIgnoring implicit executable reference: (CtExecutableReferenceImpl) <init>[0m
  [34mUnused type args: [?][0m
  [34mSkipping selection with no field declaration: (CtFieldReferenceImpl) class[0m
  [34mSkipping selection with no field declaration: (CtFieldReferenceImpl) class[0m
  [34mUnused type args: [?][0m
  [34mUnused type args: [?][0m
  [34mUnused type args: [?][0m
  [34mUnused type args: [java.lang.String @ commons-vfs2-examples/src/main/java/org/apache/commons/vfs2/example/Shell.java:126:24][0m
  [34mIgnoring implicit executable reference: (CtExecutableReferenceImpl) <init>[0m
  [34mUnused type args: [java.lang.String][0m
  [34mUnused type args: [java.lang.String @ commons-vfs2-examples/src/main/java/org/apache/commons/vfs2/example/Shell.java:127:24][0m
  [34mIgnoring implicit executable reference: (CtExecutableReferenceImpl) <init>[0m
  [34mUnused type args: [java.lang.String][0m
  [34mUnused type args: [org.apache.commons.vfs2.Capability @ commons-vfs2-examples/src/main/java/org/apache/commons/vfs2/example/Shell.java:129:34][0m
  [34mUnused type args: [org.apache.commons.vfs2.Capability][0m
  [34mUnused type args: [org.apache.commons.vfs2.Capability][0m
  [34mUnused type args: [org.apache.commons.vfs2.Capability][0m
  [34mUnused type args: [org.apache.commons.vfs2.Capability][0m
  [34mUnused type args: [org.apache.commons.vfs2.Capability][0m
  [34mUnused type args: [java.lang.String][0m
  [34mUnused type args: [java.lang.String][0m
  [34mUnused type args: [java.lang.String][0m
  [34mUnused type args: [java.lang.String][0m
  [34mUnused type args: [java.lang.String][0m
  [34mUnused type args: [java.lang.String][0m
  [34mIgnoring implicit executable reference: (CtExecutableReferenceImpl) <init>[0m
  [34mIgnoring implicit executable reference: (CtExecutableReferenceImpl) <init>[0m
  [34mUnused type args: [?][0m
  [34mUnused type args: [org.apache.commons.vfs2.Capability @ commons-vfs2-examples/src/main/java/org/apache/commons/vfs2/example/Shell.java:150:20][0m
  [34mUnused type args: [org.apache.commons.vfs2.Capability][0m
  [34mUnused type args: [org.apache.commons.vfs2.Capability][0m
  [34mUnused type args: [org.apache.commons.vfs2.Capability][0m
  [34mUnused type args: [org.apache.commons.vfs2.Capability][0m
  [34mUnused type args: [org.apache.commons.vfs2.Capability][0m
  [34mUnused type args: [org.apache.commons.vfs2.Capability][0m
  [34mIgnoring implicit executable reference: (CtExecutableReferenceImpl) <init>[0m
  [34mIgnoring implicit executable reference: (CtExecutableReferenceImpl) <init>[0m
  [34mIgnoring implicit executable reference: (CtExecutableReferenceImpl) <init>[0m
  [34mIgnoring implicit executable reference: (CtExecutableReferenceImpl) <init>[0m
  [34mIgnoring implicit executable reference: (CtExecutableReferenceImpl) <init>[0m
  [34mIgnoring implicit executable reference: (CtExecutableReferenceImpl) <init>[0m
  [34mIgnoring implicit executable reference: (CtExecutableReferenceImpl) <init>[0m
  [34mIgnoring implicit executable reference: (CtExecutableReferenceImpl) <init>[0m
  [34mIgnoring implicit executable reference: (CtExecutableReferenceImpl) <init>[0m
  [34mIgnoring implicit executable reference: (CtExecutableReferenceImpl) <init>[0m
  [34mIgnoring implicit executable reference: (CtExecutableReferenceImpl) <init>[0m
  [34mIgnoring implicit executable reference: (CtExecutableReferenceImpl) <init>[0m
  Pending package java.nio.charset
  [34mIgnoring implicit executable reference: (CtExecutableReferenceImpl) <init>[0m
  [34mUnused type args: [java.lang.String @ commons-vfs2-examples/src/main/java/org/apache/commons/vfs2/example/Shell.java:329:25][0m
  [34mIgnoring implicit executable reference: (CtExecutableReferenceImpl) <init>[0m
  [34mUnused type args: [java.lang.String][0m
  [34mIgnoring implicit executable reference: (CtExecutableReferenceImpl) <init>[0m
  [34mUnused type args: [java.lang.String][0m
  [34mUnused type args: [java.lang.String][0m
  [34mUnused type args: [java.lang.String][0m
  [34mUnused type args: [java.lang.String][0m
  Pending package org.apache.jackrabbit.webdav
  Pending package org.apache.jackrabbit.webdav.client.methods
  [34mskipping default constructor: org.apache.commons.vfs2.provider.webdav.WebdavFileContentInfoFactory()[0m
  Pending package org.apache.jackrabbit.webdav.property
  getting parent type for (CtClassImpl) WebdavOutputStream @ commons-vfs2/src/main/java/org/apache/commons/vfs2/provider/webdav/WebdavFileObject.java:86:19
  [34mUnused type args: [org.apache.commons.vfs2.Capability][0m
  [34mUnused type args: [?][0m
  [34mUnused type args: [org.apache.commons.vfs2.Capability][0m
  [34mIgnoring implicit executable reference: (CtExecutableReferenceImpl) <init>[0m
  [34mUnused type args: [java.lang.String @ commons-vfs2/src/main/java/org/apache/commons/vfs2/provider/webdav/WebdavFileObject.java:259:19, java.lang.Object @ commons-vfs2/src/main/java/org/apache/commons/vfs2/provider/webdav/WebdavFileObject.java:259:27][0m
  [34mIgnoring implicit executable reference: (CtExecutableReferenceImpl) <init>[0m
  [34mUnused type args: [java.lang.String, java.lang.Object][0m
  [34mIgnoring implicit executable reference: (CtExecutableReferenceImpl) <init>[0m
  [34mUnused type args: [org.apache.jackrabbit.webdav.property.DavProperty @ commons-vfs2/src/main/java/org/apache/commons/vfs2/provider/webdav/WebdavFileObject.java:265:28][0m
  Pending package org.apache.jackrabbit.webdav.property
  [34mUnused type args: [org.apache.jackrabbit.webdav.property.DavProperty][0m
  [34mUnused type args: [org.apache.jackrabbit.webdav.property.DavProperty][0m
  [34mUnused type args: [java.lang.String, java.lang.Object][0m
  [34mUnused type args: [org.apache.jackrabbit.webdav.property.DavProperty @ commons-vfs2/src/main/java/org/apache/commons/vfs2/provider/webdav/WebdavFileObject.java:272:28][0m
  [34mUnused type args: [org.apache.jackrabbit.webdav.property.DavProperty][0m
  [34mUnused type args: [org.apache.jackrabbit.webdav.property.DavProperty][0m
  [34mUnused type args: [java.lang.String, java.lang.Object][0m
  [34mUnused type args: [java.lang.String, java.lang.Object][0m
  [34mUnused type args: [java.lang.String, java.lang.Object][0m
  [34mIgnoring implicit executable reference: (CtExecutableReferenceImpl) <init>[0m
  [34mIgnoring implicit executable reference: (CtExecutableReferenceImpl) <init>[0m
  [34mIgnoring implicit executable reference: (CtExecutableReferenceImpl) <init>[0m
  [34mIgnoring implicit executable reference: (CtExecutableReferenceImpl) <init>[0m
  Pending package org.apache.jackrabbit.webdav.xml
  [34mUnused type args: [? @ commons-vfs2/src/main/java/org/apache/commons/vfs2/provider/webdav/ExceptionConverter.java:55:41][0m
  [34mUnused type args: [?][0m
  [34mUnused type args: [? @ commons-vfs2/src/main/java/org/apache/commons/vfs2/provider/webdav/ExceptionConverter.java:56:47][0m
  [34mUnused type args: [?][0m
  [34mUnused type args: [?][0m
  [34mUnused type args: [?][0m
  [34mSkipping selection with no field declaration: (CtFieldReferenceImpl) class[0m
  [34mSkipping selection with no field declaration: (CtFieldReferenceImpl) class[0m
  [34mUnused type args: [?][0m
  [34mUnused type args: [?][0m
  [34mIgnoring implicit executable reference: (CtExecutableReferenceImpl) <init>[0m
  [34mIgnoring implicit executable reference: (CtExecutableReferenceImpl) <init>[0m
  [34mIgnoring implicit executable reference: (CtExecutableReferenceImpl) <init>[0m
  [34mIgnoring implicit executable reference: (CtExecutableReferenceImpl) <init>[0m
  [34mIgnoring implicit executable reference: (CtExecutableReferenceImpl) <init>[0m
  [34mIgnoring implicit executable reference: (CtExecutableReferenceImpl) <init>[0m
  [34mIgnoring implicit executable reference: (CtExecutableReferenceImpl) <init>[0m
  [34mIgnoring implicit executable reference: (CtExecutableReferenceImpl) <init>[0m
  [34mIgnoring implicit executable reference: (CtExecutableReferenceImpl) <init>[0m
  [34mIgnoring implicit executable reference: (CtExecutableReferenceImpl) <init>[0m
  [34mIgnoring implicit executable reference: (CtExecutableReferenceImpl) <init>[0m
  [34mIgnoring implicit executable reference: (CtExecutableReferenceImpl) <init>[0m
  [34mSkipping selection with no field declaration: (CtFieldReferenceImpl) class[0m
  [34mSkipping selection with no field declaration: (CtFieldReferenceImpl) class[0m
  [34mIgnoring implicit executable reference: (CtExecutableReferenceImpl) <init>[0m
  [34mIgnoring implicit executable reference: (CtExecutableReferenceImpl) <init>[0m
  [34mIgnoring implicit executable reference: (CtExecutableReferenceImpl) <init>[0m
  [34mUnused type args: [org.apache.commons.vfs2.provider.webdav.WebdavFileObject @ commons-vfs2/src/main/java/org/apache/commons/vfs2/provider/webdav/WebdavFileObject.java:378:28][0m
  [34mIgnoring implicit executable reference: (CtExecutableReferenceImpl) <init>[0m
  [34mUnused type args: [org.apache.commons.vfs2.provider.webdav.WebdavFileObject][0m
  [34mUnused type args: [org.apache.commons.vfs2.provider.webdav.WebdavFileObject][0m
  [34mUnused type args: [org.apache.commons.vfs2.provider.webdav.WebdavFileObject][0m
  [34mUnused type args: [org.apache.commons.vfs2.provider.webdav.WebdavFileObject][0m
  [34mUnused type args: [org.apache.commons.vfs2.provider.webdav.WebdavFileObject][0m
  [34mIgnoring implicit executable reference: (CtExecutableReferenceImpl) <init>[0m
  [34mIgnoring implicit executable reference: (CtExecutableReferenceImpl) <init>[0m
  [34mIgnoring implicit executable reference: (CtExecutableReferenceImpl) <init>[0m
  [34mIgnoring implicit executable reference: (CtExecutableReferenceImpl) <init>[0m
  [34mIgnoring implicit executable reference: (CtExecutableReferenceImpl) <init>[0m
  [34mIgnoring implicit executable reference: (CtExecutableReferenceImpl) <init>[0m
  Pending package org.apache.commons.httpclient
  [34mIgnoring implicit executable reference: (CtExecutableReferenceImpl) <init>[0m
  [34mIgnoring implicit executable reference: (CtExecutableReferenceImpl) <init>[0m
  [34mIgnoring implicit executable reference: (CtExecutableReferenceImpl) <init>[0m
  [34mIgnoring implicit executable reference: (CtExecutableReferenceImpl) <init>[0m
  [34mIgnoring implicit executable reference: (CtExecutableReferenceImpl) <init>[0m
  [34mIgnoring implicit executable reference: (CtExecutableReferenceImpl) <init>[0m
  [34mIgnoring implicit executable reference: (CtExecutableReferenceImpl) <init>[0m
  [34mIgnoring implicit executable reference: (CtExecutableReferenceImpl) <init>[0m
  [34mIgnoring implicit executable reference: (CtExecutableReferenceImpl) <init>[0m
  [34mIgnoring implicit executable reference: (CtExecutableReferenceImpl) <init>[0m
  [34mIgnoring implicit executable reference: (CtExecutableReferenceImpl) <init>[0m
  [34mIgnoring implicit executable reference: (CtExecutableReferenceImpl) <init>[0m
  [34mUnused type args: [org.apache.jackrabbit.webdav.property.DefaultDavProperty @ commons-vfs2/src/main/java/org/apache/commons/vfs2/provider/webdav/WebdavFileObject.java:194:24][0m
  [34mIgnoring implicit executable reference: (CtExecutableReferenceImpl) <init>[0m
  [34mUnused type args: [org.apache.jackrabbit.webdav.property.DefaultDavProperty][0m
  [34mUnused type args: [org.apache.jackrabbit.webdav.property.DefaultDavProperty][0m
  [34mIgnoring implicit executable reference: (CtExecutableReferenceImpl) <init>[0m
  Pending package org.apache.jackrabbit.webdav.version
  [34mUnused type args: [org.apache.jackrabbit.webdav.property.DefaultDavProperty][0m
  [34mIgnoring implicit executable reference: (CtExecutableReferenceImpl) <init>[0m
  [34mIgnoring implicit executable reference: (CtExecutableReferenceImpl) <init>[0m
  [34mUnused type args: [org.apache.jackrabbit.webdav.property.DefaultDavProperty][0m
  [34mIgnoring implicit executable reference: (CtExecutableReferenceImpl) <init>[0m
  [34mIgnoring implicit executable reference: (CtExecutableReferenceImpl) <init>[0m
  [34mIgnoring implicit executable reference: (CtExecutableReferenceImpl) <init>[0m
  [34mIgnoring implicit executable reference: (CtExecutableReferenceImpl) <init>[0m
  [34mIgnoring implicit executable reference: (CtExecutableReferenceImpl) <init>[0m
  [34mIgnoring implicit executable reference: (CtExecutableReferenceImpl) <init>[0m
  [34mIgnoring implicit executable reference: (CtExecutableReferenceImpl) <init>[0m
  [34mIgnoring implicit executable reference: (CtExecutableReferenceImpl) <init>[0m
  [34mIgnoring implicit executable reference: (CtExecutableReferenceImpl) <init>[0m
  [34mIgnoring implicit executable reference: (CtExecutableReferenceImpl) <init>[0m
  [34mIgnoring implicit executable reference: (CtExecutableReferenceImpl) <init>[0m
  [34mIgnoring implicit executable reference: (CtExecutableReferenceImpl) <init>[0m
  [34mUnused type args: [org.apache.commons.vfs2.Capability][0m
  [34mIgnoring implicit executable reference: (CtExecutableReferenceImpl) <init>[0m
  [34mIgnoring implicit executable reference: (CtExecutableReferenceImpl) <init>[0m
  [34mIgnoring implicit executable reference: (CtExecutableReferenceImpl) <init>[0m
  [34mIgnoring implicit executable reference: (CtExecutableReferenceImpl) <init>[0m
  [34mIgnoring implicit executable reference: (CtExecutableReferenceImpl) <init>[0m
  [34mIgnoring implicit executable reference: (CtExecutableReferenceImpl) <init>[0m
  [34mIgnoring implicit executable reference: (CtExecutableReferenceImpl) <init>[0m
  [34mIgnoring implicit executable reference: (CtExecutableReferenceImpl) <init>[0m
  [34mIgnoring implicit executable reference: (CtExecutableReferenceImpl) <init>[0m
  [34mIgnoring implicit executable reference: (CtExecutableReferenceImpl) <init>[0m
  [34mIgnoring implicit executable reference: (CtExecutableReferenceImpl) <init>[0m
  [34mIgnoring implicit executable reference: (CtExecutableReferenceImpl) <init>[0m
  [34mIgnoring implicit executable reference: (CtExecutableReferenceImpl) <init>[0m
  [34mIgnoring implicit executable reference: (CtExecutableReferenceImpl) <init>[0m
  [34mIgnoring implicit executable reference: (CtExecutableReferenceImpl) <init>[0m
  [34mIgnoring implicit executable reference: (CtExecutableReferenceImpl) <init>[0m
  [34mIgnoring implicit executable reference: (CtExecutableReferenceImpl) <init>[0m
  [34mIgnoring implicit executable reference: (CtExecutableReferenceImpl) <init>[0m
  [34mIgnoring implicit executable reference: (CtExecutableReferenceImpl) <init>[0m
  Pending package com.jcraft.jsch
  getting parent type for (CtClassImpl) JSchLogger @ commons-vfs2/src/main/java/org/apache/commons/vfs2/provider/sftp/SftpClientFactory.java:267:26
  [34mskipping default constructor: org.apache.commons.vfs2.provider.sftp.SftpClientFactory$JSchLogger()[0m
  getting parent type for (CtClassImpl) ProxyType @ commons-vfs2/src/main/java/org/apache/commons/vfs2/provider/sftp/SftpFileSystemConfigBuilder.java:40:31
  getting parent type for (CtClassImpl) SftpInputStream @ commons-vfs2/src/main/java/org/apache/commons/vfs2/provider/sftp/SftpFileObject.java:505:19
  getting parent type for (CtClassImpl) SftpOutputStream @ commons-vfs2/src/main/java/org/apache/commons/vfs2/provider/sftp/SftpFileObject.java:525:19
  [34mskipping default constructor: org.apache.commons.vfs2.provider.sftp.TrustEveryoneUserInfo()[0m
  [34mIgnoring implicit executable reference: (CtExecutableReferenceImpl) <init>[0m
  [34mIgnoring implicit executable reference: (CtExecutableReferenceImpl) <init>[0m
  [34mSkipping selection with no field declaration: (CtFieldReferenceImpl) class[0m
  [34mSkipping selection with no field declaration: (CtFieldReferenceImpl) class[0m
  [34mIgnoring implicit executable reference: (CtExecutableReferenceImpl) <init>[0m
  [34mIgnoring implicit executable reference: (CtExecutableReferenceImpl) <init>[0m
  [34mIgnoring implicit executable reference: (CtExecutableReferenceImpl) <init>[0m
  [34mIgnoring implicit executable reference: (CtExecutableReferenceImpl) <init>[0m
  [34mIgnoring implicit executable reference: (CtExecutableReferenceImpl) <init>[0m
  [34mIgnoring implicit executable reference: (CtExecutableReferenceImpl) <init>[0m
  [34mIgnoring implicit executable reference: (CtExecutableReferenceImpl) <init>[0m
  [34mIgnoring implicit executable reference: (CtExecutableReferenceImpl) <init>[0m
  [34mIgnoring implicit executable reference: (CtExecutableReferenceImpl) <init>[0m
  [34mIgnoring implicit executable reference: (CtExecutableReferenceImpl) <init>[0m
  [34mIgnoring implicit executable reference: (CtExecutableReferenceImpl) <init>[0m
  [34mIgnoring implicit executable reference: (CtExecutableReferenceImpl) <init>[0m
  [34mIgnoring implicit executable reference: (CtExecutableReferenceImpl) <init>[0m
  [34mUnused type args: [org.apache.commons.vfs2.Capability][0m
  [34mUnused type args: [?][0m
  [34mUnused type args: [org.apache.commons.vfs2.Capability][0m
  [34mIgnoring implicit executable reference: (CtExecutableReferenceImpl) <init>[0m
  [34mIgnoring implicit executable reference: (CtExecutableReferenceImpl) <init>[0m
  [34mIgnoring implicit executable reference: (CtExecutableReferenceImpl) <init>[0m
  [34mIgnoring implicit executable reference: (CtExecutableReferenceImpl) <init>[0m
  [34mIgnoring implicit executable reference: (CtExecutableReferenceImpl) <init>[0m
  [34mIgnoring implicit executable reference: (CtExecutableReferenceImpl) <init>[0m
  [34mIgnoring implicit executable reference: (CtExecutableReferenceImpl) <init>[0m
  [34mIgnoring implicit executable reference: (CtExecutableReferenceImpl) <init>[0m
  [34mIgnoring implicit executable reference: (CtExecutableReferenceImpl) <init>[0m
  [34mIgnoring anonymous type: (CtTypeReferenceImpl) org.apache.commons.vfs2.provider.sftp.SftpRandomAccessContent$1[0m
  [34mIgnoring implicit executable reference: (CtExecutableReferenceImpl) <init>[0m
  [34mIgnoring anonymous type: (CtTypeReferenceImpl) org.apache.commons.vfs2.provider.sftp.SftpRandomAccessContent$1[0m
  [34mIgnoring anonymous object declaration: (CtClassImpl) 1 @ commons-vfs2/src/main/java/org/apache/commons/vfs2/provider/sftp/SftpRandomAccessContent.java:76:62[0m
  [34mIgnoring implicit executable reference: (CtExecutableReferenceImpl) <init>[0m
  [34mIgnoring implicit executable reference: (CtExecutableReferenceImpl) <init>[0m
  [34mIgnoring method of an anonymous declaring type: (CtMethodImpl) read @ commons-vfs2/src/main/java/org/apache/commons/vfs2/provider/sftp/SftpRandomAccessContent.java:78:24 in (CtClassImpl) 1 @ commons-vfs2/src/main/java/org/apache/commons/vfs2/provider/sftp/SftpRandomAccessContent.java:76:62[0m
  [34mIgnoring method of an anonymous declaring type: (CtMethodImpl) read @ commons-vfs2/src/main/java/org/apache/commons/vfs2/provider/sftp/SftpRandomAccessContent.java:87:24 in (CtClassImpl) 1 @ commons-vfs2/src/main/java/org/apache/commons/vfs2/provider/sftp/SftpRandomAccessContent.java:76:62[0m
  [34mIgnoring method of an anonymous declaring type: (CtMethodImpl) read @ commons-vfs2/src/main/java/org/apache/commons/vfs2/provider/sftp/SftpRandomAccessContent.java:96:24 in (CtClassImpl) 1 @ commons-vfs2/src/main/java/org/apache/commons/vfs2/provider/sftp/SftpRandomAccessContent.java:76:62[0m
  [34mIgnoring method of an anonymous declaring type: (CtMethodImpl) close @ commons-vfs2/src/main/java/org/apache/commons/vfs2/provider/sftp/SftpRandomAccessContent.java:105:25 in (CtClassImpl) 1 @ commons-vfs2/src/main/java/org/apache/commons/vfs2/provider/sftp/SftpRandomAccessContent.java:76:62[0m
  [34mIgnoring implicit executable reference: (CtExecutableReferenceImpl) <init>[0m
  [34mIgnoring implicit executable reference: (CtExecutableReferenceImpl) <init>[0m
  [34mUnused type args: [org.apache.commons.vfs2.provider.sftp.SftpFileSystem][0m
  [34mIgnoring implicit executable reference: (CtExecutableReferenceImpl) <init>[0m
  [34mIgnoring implicit executable reference: (CtExecutableReferenceImpl) <init>[0m
  [34mIgnoring implicit executable reference: (CtExecutableReferenceImpl) <init>[0m
  [34mIgnoring implicit executable reference: (CtExecutableReferenceImpl) <init>[0m
  [34mIgnoring implicit executable reference: (CtExecutableReferenceImpl) <init>[0m
  [34mIgnoring implicit executable reference: (CtExecutableReferenceImpl) <init>[0m
  [34mIgnoring implicit executable reference: (CtExecutableReferenceImpl) <init>[0m
  [34mIgnoring implicit executable reference: (CtExecutableReferenceImpl) <init>[0m
  [34mIgnoring implicit executable reference: (CtExecutableReferenceImpl) <init>[0m
  [34mIgnoring implicit executable reference: (CtExecutableReferenceImpl) <init>[0m
  [34mIgnoring implicit executable reference: (CtExecutableReferenceImpl) <init>[0m
  [34mIgnoring implicit executable reference: (CtExecutableReferenceImpl) <init>[0m
  [34mIgnoring implicit executable reference: (CtExecutableReferenceImpl) <init>[0m
  Pending package com.jcraft.jsch
  [34mIgnoring implicit executable reference: (CtExecutableReferenceImpl) <init>[0m
  [34mIgnoring implicit executable reference: (CtExecutableReferenceImpl) <init>[0m
  [34mIgnoring implicit executable reference: (CtExecutableReferenceImpl) <init>[0m
  [34mIgnoring implicit executable reference: (CtExecutableReferenceImpl) <init>[0m
  [34mIgnoring implicit executable reference: (CtExecutableReferenceImpl) <init>[0m
  [34mIgnoring implicit executable reference: (CtExecutableReferenceImpl) <init>[0m
  [34mIgnoring implicit executable reference: (CtExecutableReferenceImpl) <init>[0m
  [34mIgnoring implicit executable reference: (CtExecutableReferenceImpl) <init>[0m
  [34mIgnoring implicit executable reference: (CtExecutableReferenceImpl) <init>[0m
  [34mIgnoring implicit executable reference: (CtExecutableReferenceImpl) <init>[0m
  [34mIgnoring implicit executable reference: (CtExecutableReferenceImpl) <init>[0m
  [34mSkipping selection with no field declaration: (CtFieldReferenceImpl) class[0m
  [34mSkipping selection with no field declaration: (CtFieldReferenceImpl) class[0m
  [34mUnused type args: [?][0m
  [34mUnused type args: [?][0m
  [34mIgnoring implicit executable reference: (CtExecutableReferenceImpl) <init>[0m
  [34mIgnoring implicit executable reference: (CtExecutableReferenceImpl) <init>[0m
  [34mIgnoring implicit executable reference: (CtExecutableReferenceImpl) <init>[0m
  [34mIgnoring implicit executable reference: (CtExecutableReferenceImpl) <init>[0m
  [34mIgnoring implicit executable reference: (CtExecutableReferenceImpl) <init>[0m
  [34mIgnoring implicit executable reference: (CtExecutableReferenceImpl) <init>[0m
  [34mIgnoring implicit executable reference: (CtExecutableReferenceImpl) <init>[0m
  [34mIgnoring implicit executable reference: (CtExecutableReferenceImpl) <init>[0m
  [34mIgnoring implicit executable reference: (CtExecutableReferenceImpl) <init>[0m
  [34mIgnoring implicit executable reference: (CtExecutableReferenceImpl) <init>[0m
  [34mIgnoring implicit executable reference: (CtExecutableReferenceImpl) <init>[0m
  [34mIgnoring implicit executable reference: (CtExecutableReferenceImpl) <init>[0m
  [34mIgnoring implicit executable reference: (CtExecutableReferenceImpl) <init>[0m
  [34mIgnoring implicit executable reference: (CtExecutableReferenceImpl) <init>[0m
  [34mIgnoring implicit executable reference: (CtExecutableReferenceImpl) <init>[0m
  [34mIgnoring implicit executable reference: (CtExecutableReferenceImpl) <init>[0m
  [34mIgnoring implicit executable reference: (CtExecutableReferenceImpl) <init>[0m
  [34mIgnoring implicit executable reference: (CtExecutableReferenceImpl) <init>[0m
  [34mIgnoring implicit executable reference: (CtExecutableReferenceImpl) <init>[0m
  [34mIgnoring implicit executable reference: (CtExecutableReferenceImpl) <init>[0m
  [34mIgnoring implicit executable reference: (CtExecutableReferenceImpl) <init>[0m
  [34mIgnoring implicit executable reference: (CtExecutableReferenceImpl) <init>[0m
  [34mUnused type args: [? @ commons-vfs2/src/main/java/org/apache/commons/vfs2/provider/sftp/SftpFileObject.java:330:16][0m
  [34mUnused type args: [?][0m
  [34mUnused type args: [?][0m
  [34mUnused type args: [?][0m
  [34mUnused type args: [?][0m
  [34mIgnoring implicit executable reference: (CtExecutableReferenceImpl) <init>[0m
  [34mUnused type args: [?][0m
  [34mIgnoring implicit executable reference: (CtExecutableReferenceImpl) <init>[0m
  [34mUnused type args: [org.apache.commons.vfs2.FileObject @ commons-vfs2/src/main/java/org/apache/commons/vfs2/provider/sftp/SftpFileObject.java:375:25][0m
  [34mIgnoring implicit executable reference: (CtExecutableReferenceImpl) <init>[0m
  [34mUnused type args: [org.apache.commons.vfs2.FileObject][0m
  getting parent type for (CtClassImpl) LsEntry
  [34mUnused type args: [com.jcraft.jsch.ChannelSftp$LsEntry @ commons-vfs2/src/main/java/org/apache/commons/vfs2/provider/sftp/SftpFileObject.java:377:24][0m
  [34mUnused type args: [com.jcraft.jsch.ChannelSftp$LsEntry @ commons-vfs2/src/main/java/org/apache/commons/vfs2/provider/sftp/SftpFileObject.java:377:54][0m
  [34mUnused type args: [?][0m
  [34mUnused type args: [?][0m
  [34mUnused type args: [com.jcraft.jsch.ChannelSftp$LsEntry][0m
  [34mUnused type args: [com.jcraft.jsch.ChannelSftp$LsEntry][0m
  [34mUnused type args: [org.apache.commons.vfs2.FileObject][0m
  [34mUnused type args: [org.apache.commons.vfs2.FileObject][0m
  [34mUnused type args: [org.apache.commons.vfs2.FileObject][0m
  [34mUnused type args: [org.apache.commons.vfs2.FileObject][0m
  [34mIgnoring implicit executable reference: (CtExecutableReferenceImpl) <init>[0m
  [34mIgnoring implicit executable reference: (CtExecutableReferenceImpl) <init>[0m
  [34mIgnoring implicit executable reference: (CtExecutableReferenceImpl) <init>[0m
  [34mIgnoring implicit executable reference: (CtExecutableReferenceImpl) <init>[0m
  [34mSkipping selection with no field declaration: (CtFieldReferenceImpl) class[0m
  [34mSkipping selection with no field declaration: (CtFieldReferenceImpl) class[0m
  [34mUnused type args: [org.apache.commons.vfs2.Capability][0m
  [34mIgnoring implicit executable reference: (CtExecutableReferenceImpl) <init>[0m
  [34mIgnoring implicit executable reference: (CtExecutableReferenceImpl) <init>[0m
  [34mskipping default constructor: org.apache.commons.vfs2.provider.hdfs.HdfsFileAttributes()[0m
  [34mskipping default constructor: org.apache.commons.vfs2.provider.hdfs.HdfsFileContentInfoFactory()[0m
  Pending package org.apache.hadoop.fs
  Pending package org.apache.hadoop.conf
  [34mIgnoring implicit executable reference: (CtExecutableReferenceImpl) <init>[0m
  [34mIgnoring implicit executable reference: (CtExecutableReferenceImpl) <init>[0m
  [34mIgnoring implicit executable reference: (CtExecutableReferenceImpl) <init>[0m
  [34mIgnoring implicit executable reference: (CtExecutableReferenceImpl) <init>[0m
  [34mIgnoring implicit executable reference: (CtExecutableReferenceImpl) <init>[0m
  [34mIgnoring implicit executable reference: (CtExecutableReferenceImpl) <init>[0m
  [34mIgnoring implicit executable reference: (CtExecutableReferenceImpl) <init>[0m
  [34mIgnoring implicit executable reference: (CtExecutableReferenceImpl) <init>[0m
  [34mUnused type args: [org.apache.commons.vfs2.Capability][0m
  [34mUnused type args: [?][0m
  [34mUnused type args: [org.apache.commons.vfs2.Capability][0m
  [34mIgnoring implicit executable reference: (CtExecutableReferenceImpl) <init>[0m
  [34mIgnoring implicit executable reference: (CtExecutableReferenceImpl) <init>[0m
  [34mIgnoring implicit executable reference: (CtExecutableReferenceImpl) <init>[0m
  [34mSkipping selection with no field declaration: (CtFieldReferenceImpl) class[0m
  [34mSkipping selection with no field declaration: (CtFieldReferenceImpl) class[0m
  [34mUnused type args: [org.apache.commons.vfs2.Capability][0m
  [34mIgnoring implicit executable reference: (CtExecutableReferenceImpl) <init>[0m
  [34mIgnoring implicit executable reference: (CtExecutableReferenceImpl) <init>[0m
  [34mIgnoring implicit executable reference: (CtExecutableReferenceImpl) <init>[0m
  [34mIgnoring implicit executable reference: (CtExecutableReferenceImpl) <init>[0m
  [34mUnused type args: [org.apache.commons.vfs2.provider.hdfs.HdfsFileSystem][0m
  [34mUnused type args: [java.lang.String, java.lang.Object][0m
  [34mUnused type args: [java.lang.String @ commons-vfs2/src/main/java/org/apache/commons/vfs2/provider/hdfs/HdfsFileObject.java:92:19, java.lang.Object @ commons-vfs2/src/main/java/org/apache/commons/vfs2/provider/hdfs/HdfsFileObject.java:92:27][0m
  [34mIgnoring implicit executable reference: (CtExecutableReferenceImpl) <init>[0m
  [34mUnused type args: [java.lang.String, java.lang.Object][0m
  [34mUnused type args: [java.lang.String, java.lang.Object][0m
  [34mUnused type args: [java.lang.String, java.lang.Object][0m
  [34mUnused type args: [java.lang.String, java.lang.Object][0m
  [34mUnused type args: [java.lang.String, java.lang.Object][0m
  [34mUnused type args: [java.lang.String, java.lang.Object][0m
  Pending package org.apache.hadoop.fs.permission
  [34mUnused type args: [java.lang.String, java.lang.Object][0m
  [34mUnused type args: [java.lang.String, java.lang.Object][0m
  [34mUnused type args: [java.lang.String, java.lang.Object][0m
  [34mIgnoring implicit executable reference: (CtExecutableReferenceImpl) <init>[0m
  [34mIgnoring implicit executable reference: (CtExecutableReferenceImpl) <init>[0m
  [34mIgnoring implicit executable reference: (CtExecutableReferenceImpl) <init>[0m
  [34mIgnoring implicit executable reference: (CtExecutableReferenceImpl) <init>[0m
  [34mIgnoring implicit executable reference: (CtExecutableReferenceImpl) <init>[0m
  [34mIgnoring implicit executable reference: (CtExecutableReferenceImpl) <init>[0m
  [34mIgnoring implicit executable reference: (CtExecutableReferenceImpl) <init>[0m
  [34mIgnoring implicit executable reference: (CtExecutableReferenceImpl) <init>[0m
  [34mIgnoring implicit executable reference: (CtExecutableReferenceImpl) <init>[0m
  [34mIgnoring implicit executable reference: (CtExecutableReferenceImpl) <init>[0m
  [34mIgnoring implicit executable reference: (CtExecutableReferenceImpl) <init>[0m
  [34mIgnoring implicit executable reference: (CtExecutableReferenceImpl) <init>[0m
  [34mIgnoring implicit executable reference: (CtExecutableReferenceImpl) <init>[0m
  [34mIgnoring implicit executable reference: (CtExecutableReferenceImpl) <init>[0m
  [34mIgnoring implicit executable reference: (CtExecutableReferenceImpl) <init>[0m
  [34mIgnoring implicit executable reference: (CtExecutableReferenceImpl) <init>[0m
  [34mIgnoring implicit executable reference: (CtExecutableReferenceImpl) <init>[0m
  [34mIgnoring implicit executable reference: (CtExecutableReferenceImpl) <init>[0m
  [34mskipping default constructor: org.apache.commons.vfs2.AllFileSelector()[0m
  [34mIgnoring implicit executable reference: (CtExecutableReferenceImpl) <init>[0m
  [34mIgnoring implicit executable reference: (CtExecutableReferenceImpl) <init>[0m
  [34mIgnoring implicit executable reference: (CtExecutableReferenceImpl) <init>[0m
  [34mIgnoring implicit executable reference: (CtExecutableReferenceImpl) <init>[0m
  [34mUnused type args: [java.lang.String][0m
  [34mUnused type args: [?][0m
  [34mUnused type args: [java.lang.String][0m
  [34mUnused type args: [java.lang.String][0m
  [34mIgnoring implicit executable reference: (CtExecutableReferenceImpl) <init>[0m
  [34mUnused type args: [java.lang.String][0m
  [34mUnused type args: [java.lang.String][0m
  [34mIgnoring implicit executable reference: (CtExecutableReferenceImpl) <init>[0m
  [34mIgnoring implicit executable reference: (CtExecutableReferenceImpl) <init>[0m
  [34mIgnoring implicit executable reference: (CtExecutableReferenceImpl) <init>[0m
  [34mIgnoring implicit executable reference: (CtExecutableReferenceImpl) <init>[0m
  [34mIgnoring implicit executable reference: (CtExecutableReferenceImpl) <init>[0m
  [34mIgnoring implicit executable reference: (CtExecutableReferenceImpl) <init>[0m
  [34mIgnoring implicit executable reference: (CtExecutableReferenceImpl) <init>[0m
  [34mIgnoring implicit executable reference: (CtExecutableReferenceImpl) <init>[0m
  [34mIgnoring implicit executable reference: (CtExecutableReferenceImpl) <init>[0m
  [34mIgnoring implicit executable reference: (CtExecutableReferenceImpl) <init>[0m
  [34mIgnoring implicit executable reference: (CtExecutableReferenceImpl) <init>[0m
  [34mIgnoring implicit executable reference: (CtExecutableReferenceImpl) <init>[0m
  [34mUnused type args: [org.apache.commons.vfs2.FileSelector][0m
  [34mIgnoring implicit executable reference: (CtExecutableReferenceImpl) <init>[0m
  [34mIgnoring implicit executable reference: (CtExecutableReferenceImpl) <init>[0m
  [34mIgnoring implicit executable reference: (CtExecutableReferenceImpl) <init>[0m
  [34mIgnoring implicit executable reference: (CtExecutableReferenceImpl) <init>[0m
  [34mIgnoring implicit executable reference: (CtExecutableReferenceImpl) <init>[0m
  [34mIgnoring implicit executable reference: (CtExecutableReferenceImpl) <init>[0m
  [34mIgnoring implicit executable reference: (CtExecutableReferenceImpl) <init>[0m
  [34mIgnoring implicit executable reference: (CtExecutableReferenceImpl) <init>[0m
  [34mIgnoring implicit executable reference: (CtExecutableReferenceImpl) <init>[0m
  [34mIgnoring implicit executable reference: (CtExecutableReferenceImpl) <init>[0m
  [34mIgnoring implicit executable reference: (CtExecutableReferenceImpl) <init>[0m
  [34mIgnoring implicit executable reference: (CtExecutableReferenceImpl) <init>[0m
  [34mUnused type args: [java.lang.String][0m
  [34mUnused type args: [java.lang.String][0m
  [34mUnused type args: [?][0m
  [34mUnused type args: [java.lang.String][0m
  Pending package javax.net.ssl
  [34mskipping default constructor: org.apache.commons.vfs2.provider.ftps.FtpsMode()[0m
  [34mskipping default constructor: org.apache.commons.vfs2.provider.ftps.FtpsDataChannelProtectionLevel()[0m
  getting parent type for (CtClassImpl) FtpsConnectionFactory @ commons-vfs2/src/main/java/org/apache/commons/vfs2/provider/ftps/FtpsClientFactory.java:59:32
  [34mIgnoring implicit executable reference: (CtExecutableReferenceImpl) <init>[0m
  [34mIgnoring implicit executable reference: (CtExecutableReferenceImpl) <init>[0m
  [34mIgnoring implicit method: (CtMethodImpl) valueOf in (CtEnumImpl) FtpsMode @ commons-vfs2/src/main/java/org/apache/commons/vfs2/provider/ftps/FtpsMode.java:31:13[0m
  [34mIgnoring implicit method: (CtMethodImpl) valueOf in (CtEnumImpl) FtpsMode @ commons-vfs2/src/main/java/org/apache/commons/vfs2/provider/ftps/FtpsMode.java:31:13[0m
  [34mIgnoring implicit method: (CtMethodImpl) valueOf in (CtEnumImpl) FtpsMode @ commons-vfs2/src/main/java/org/apache/commons/vfs2/provider/ftps/FtpsMode.java:31:13[0m
  [34mIgnoring implicit executable reference: (CtExecutableReferenceImpl) <init>[0m
  [34mIgnoring implicit executable reference: (CtExecutableReferenceImpl) <init>[0m
  [34mIgnoring implicit executable reference: (CtExecutableReferenceImpl) <init>[0m
  [34mUnused type args: [org.apache.commons.vfs2.provider.ftps.FtpsMode][0m
  [34mUnused type args: [E][0m
  [34mUnused type args: [E][0m
  [34mSkipping selection with no field declaration: (CtFieldReferenceImpl) class[0m
  [34mSkipping selection with no field declaration: (CtFieldReferenceImpl) class[0m
  [34mUnused type args: [org.apache.commons.net.ftp.FTPSClient, org.apache.commons.vfs2.provider.ftps.FtpsFileSystemConfigBuilder][0m
  [34mIgnoring implicit executable reference: (CtExecutableReferenceImpl) <init>[0m
  [34mIgnoring implicit executable reference: (CtExecutableReferenceImpl) <init>[0m
  [34mUnused type args: [org.apache.commons.net.ftp.FTPSClient, org.apache.commons.vfs2.provider.ftps.FtpsFileSystemConfigBuilder][0m
  [34mUnused type args: [org.apache.commons.net.ftp.FTPSClient, org.apache.commons.vfs2.provider.ftps.FtpsFileSystemConfigBuilder][0m
  [34mIgnoring implicit executable reference: (CtExecutableReferenceImpl) <init>[0m
  [34mIgnoring implicit executable reference: (CtExecutableReferenceImpl) <init>[0m
  [34mIgnoring implicit executable reference: (CtExecutableReferenceImpl) <init>[0m
  [34mIgnoring implicit executable reference: (CtExecutableReferenceImpl) <init>[0m
  [34mIgnoring implicit executable reference: (CtExecutableReferenceImpl) <init>[0m
  [34mIgnoring implicit executable reference: (CtExecutableReferenceImpl) <init>[0m
  [34mUnused type args: [org.apache.commons.net.ftp.FTPSClient, org.apache.commons.vfs2.provider.ftps.FtpsFileSystemConfigBuilder][0m
  [34mIgnoring implicit executable reference: (CtExecutableReferenceImpl) <init>[0m
  [34mIgnoring implicit executable reference: (CtExecutableReferenceImpl) <init>[0m
  [34mIgnoring implicit executable reference: (CtExecutableReferenceImpl) <init>[0m
  Pending package org.apache.commons.net.util
  Pending package javax.net.ssl
  [34mIgnoring implicit executable reference: (CtExecutableReferenceImpl) <init>[0m
  [34mIgnoring implicit executable reference: (CtExecutableReferenceImpl) <init>[0m
  [34mUnused type args: [org.apache.commons.vfs2.provider.ftps.FtpsDataChannelProtectionLevel][0m
  [34mUnused type args: [E][0m
  [34mSkipping selection with no field declaration: (CtFieldReferenceImpl) class[0m
  [34mSkipping selection with no field declaration: (CtFieldReferenceImpl) class[0m
  [34mIgnoring implicit executable reference: (CtExecutableReferenceImpl) <init>[0m
  [34mIgnoring implicit executable reference: (CtExecutableReferenceImpl) <init>[0m
  [34mIgnoring implicit executable reference: (CtExecutableReferenceImpl) <init>[0m
  [34mIgnoring implicit executable reference: (CtExecutableReferenceImpl) <init>[0m
  [34mIgnoring implicit executable reference: (CtExecutableReferenceImpl) <init>[0m
  [34mIgnoring implicit executable reference: (CtExecutableReferenceImpl) <init>[0m
  [34mUnused type args: [org.apache.commons.vfs2.Capability][0m
  [34mIgnoring implicit executable reference: (CtExecutableReferenceImpl) <init>[0m
  [34mUnused type args: [?][0m
  [34mIgnoring implicit executable reference: (CtExecutableReferenceImpl) <init>[0m
  [34mUnused type args: [?][0m
  [34mIgnoring implicit executable reference: (CtExecutableReferenceImpl) <init>[0m
  [34mIgnoring implicit executable reference: (CtExecutableReferenceImpl) <init>[0m
  [34mUnused type args: [org.apache.commons.vfs2.Capability][0m
  [34mIgnoring implicit executable reference: (CtExecutableReferenceImpl) <init>[0m
  [34mIgnoring implicit executable reference: (CtExecutableReferenceImpl) <init>[0m
  [34mIgnoring implicit executable reference: (CtExecutableReferenceImpl) <init>[0m
  [34mUnused type args: [org.apache.commons.vfs2.Capability][0m
  [34mUnused type args: [?][0m
  [34mUnused type args: [org.apache.commons.vfs2.Capability][0m
  [34mIgnoring implicit executable reference: (CtExecutableReferenceImpl) <init>[0m
  [34mIgnoring implicit executable reference: (CtExecutableReferenceImpl) <init>[0m
  [34mIgnoring implicit executable reference: (CtExecutableReferenceImpl) <init>[0m
  [34mskipping default constructor: org.apache.commons.vfs2.provider.local.WindowsFileNameParser()[0m
  [34mIgnoring implicit executable reference: (CtExecutableReferenceImpl) <init>[0m
  [34mIgnoring implicit executable reference: (CtExecutableReferenceImpl) <init>[0m
  [34mIgnoring implicit executable reference: (CtExecutableReferenceImpl) <init>[0m
  [34mIgnoring implicit executable reference: (CtExecutableReferenceImpl) <init>[0m
  [34mIgnoring implicit executable reference: (CtExecutableReferenceImpl) <init>[0m
  [34mIgnoring implicit executable reference: (CtExecutableReferenceImpl) <init>[0m
  [34mIgnoring implicit executable reference: (CtExecutableReferenceImpl) <init>[0m
  [34mIgnoring implicit executable reference: (CtExecutableReferenceImpl) <init>[0m
  [34mIgnoring implicit executable reference: (CtExecutableReferenceImpl) <init>[0m
  [34mIgnoring implicit executable reference: (CtExecutableReferenceImpl) <init>[0m
  [34mIgnoring implicit executable reference: (CtExecutableReferenceImpl) <init>[0m
  [34mIgnoring implicit executable reference: (CtExecutableReferenceImpl) <init>[0m
  [34mIgnoring implicit executable reference: (CtExecutableReferenceImpl) <init>[0m
  [34mUnused type args: [?][0m
  [34mSkipping selection with no field declaration: (CtFieldReferenceImpl) class[0m
  [34mSkipping selection with no field declaration: (CtFieldReferenceImpl) class[0m
  [34mIgnoring implicit executable reference: (CtExecutableReferenceImpl) <init>[0m
  [34mIgnoring implicit executable reference: (CtExecutableReferenceImpl) <init>[0m
  [34mIgnoring implicit executable reference: (CtExecutableReferenceImpl) <init>[0m
  [34mIgnoring implicit executable reference: (CtExecutableReferenceImpl) <init>[0m
  [34mIgnoring implicit executable reference: (CtExecutableReferenceImpl) <init>[0m
  [34mIgnoring implicit executable reference: (CtExecutableReferenceImpl) <init>[0m
  [34mIgnoring implicit executable reference: (CtExecutableReferenceImpl) <init>[0m
  [34mIgnoring anonymous type: (CtTypeReferenceImpl) org.apache.commons.vfs2.provider.local.LocalFileRandomAccessContent$1[0m
  [34mIgnoring implicit executable reference: (CtExecutableReferenceImpl) <init>[0m
  [34mIgnoring anonymous type: (CtTypeReferenceImpl) org.apache.commons.vfs2.provider.local.LocalFileRandomAccessContent$1[0m
  [34mIgnoring anonymous object declaration: (CtClassImpl) 1 @ commons-vfs2/src/main/java/org/apache/commons/vfs2/provider/local/LocalFileRandomAccessContent.java:43:39[0m
  [34mIgnoring implicit executable reference: (CtExecutableReferenceImpl) <init>[0m
  [34mIgnoring implicit executable reference: (CtExecutableReferenceImpl) <init>[0m
  [34mIgnoring method of an anonymous declaring type: (CtMethodImpl) read @ commons-vfs2/src/main/java/org/apache/commons/vfs2/provider/local/LocalFileRandomAccessContent.java:45:28 in (CtClassImpl) 1 @ commons-vfs2/src/main/java/org/apache/commons/vfs2/provider/local/LocalFileRandomAccessContent.java:43:39[0m
  [34mIgnoring method of an anonymous declaring type: (CtMethodImpl) skip @ commons-vfs2/src/main/java/org/apache/commons/vfs2/provider/local/LocalFileRandomAccessContent.java:54:29 in (CtClassImpl) 1 @ commons-vfs2/src/main/java/org/apache/commons/vfs2/provider/local/LocalFileRandomAccessContent.java:43:39[0m
  [34mIgnoring method of an anonymous declaring type: (CtMethodImpl) close @ commons-vfs2/src/main/java/org/apache/commons/vfs2/provider/local/LocalFileRandomAccessContent.java:60:29 in (CtClassImpl) 1 @ commons-vfs2/src/main/java/org/apache/commons/vfs2/provider/local/LocalFileRandomAccessContent.java:43:39[0m
  [34mIgnoring method of an anonymous declaring type: (CtMethodImpl) read @ commons-vfs2/src/main/java/org/apache/commons/vfs2/provider/local/LocalFileRandomAccessContent.java:65:28 in (CtClassImpl) 1 @ commons-vfs2/src/main/java/org/apache/commons/vfs2/provider/local/LocalFileRandomAccessContent.java:43:39[0m
  [34mIgnoring method of an anonymous declaring type: (CtMethodImpl) read @ commons-vfs2/src/main/java/org/apache/commons/vfs2/provider/local/LocalFileRandomAccessContent.java:70:28 in (CtClassImpl) 1 @ commons-vfs2/src/main/java/org/apache/commons/vfs2/provider/local/LocalFileRandomAccessContent.java:43:39[0m
  [34mIgnoring method of an anonymous declaring type: (CtMethodImpl) available @ commons-vfs2/src/main/java/org/apache/commons/vfs2/provider/local/LocalFileRandomAccessContent.java:75:28 in (CtClassImpl) 1 @ commons-vfs2/src/main/java/org/apache/commons/vfs2/provider/local/LocalFileRandomAccessContent.java:43:39[0m
  [34mIgnoring implicit executable reference: (CtExecutableReferenceImpl) <init>[0m
  [34mIgnoring implicit executable reference: (CtExecutableReferenceImpl) <init>[0m
  [34mIgnoring implicit executable reference: (CtExecutableReferenceImpl) <init>[0m
  [34mIgnoring implicit executable reference: (CtExecutableReferenceImpl) <init>[0m
  getting parent type for (CtClassImpl) FileMonitorAgent @ commons-vfs2/src/main/java/org/apache/commons/vfs2/impl/DefaultFileMonitor.java:367:32
  [34mskipping default constructor: org.apache.commons.vfs2.impl.DefaultProviderConfiguration()[0m
  getting parent type for (CtClassImpl) CodeSourceKey
  Pending package java.util.stream
  Pending package java.nio
  [34mIgnoring implicit executable reference: (CtExecutableReferenceImpl) <init>[0m
  [34mIgnoring implicit executable reference: (CtExecutableReferenceImpl) <init>[0m
  [34mIgnoring implicit executable reference: (CtExecutableReferenceImpl) <init>[0m
  [34mUnused type args: [?][0m
  [34mIgnoring implicit executable reference: (CtExecutableReferenceImpl) <init>[0m
  [34mIgnoring implicit executable reference: (CtExecutableReferenceImpl) <init>[0m
  [34mUnused type args: [org.apache.commons.vfs2.FileObject @ commons-vfs2/src/main/java/org/apache/commons/vfs2/impl/VFSClassLoader.java:268:24][0m
  [34mUnused type args: [org.apache.commons.vfs2.FileObject][0m
  [34mUnused type args: [org.apache.commons.vfs2.FileObject][0m
  [34mUnused type args: [org.apache.commons.vfs2.FileObject][0m
  [34mUnused type args: [org.apache.commons.vfs2.FileObject][0m
  [34mUnused type args: [org.apache.commons.vfs2.FileObject][0m
  [34mUnused type args: [java.lang.String][0m
  [34mIgnoring implicit executable reference: (CtExecutableReferenceImpl) <init>[0m
  [34mIgnoring implicit executable reference: (CtExecutableReferenceImpl) <init>[0m
  [34mIgnoring implicit executable reference: (CtExecutableReferenceImpl) <init>[0m
  [34mIgnoring implicit executable reference: (CtExecutableReferenceImpl) <init>[0m
  [34mUnused type args: [org.apache.commons.vfs2.FileObject][0m
  [34mUnused type args: [org.apache.commons.vfs2.FileObject][0m
  [34mUnused type args: [org.apache.commons.vfs2.FileObject][0m
  [34mIgnoring implicit executable reference: (CtExecutableReferenceImpl) <init>[0m
  [34mIgnoring implicit executable reference: (CtExecutableReferenceImpl) <init>[0m
  [34mIgnoring implicit executable reference: (CtExecutableReferenceImpl) <init>[0m
  [34mUnused type args: [org.apache.commons.vfs2.FileObject][0m
  [34mIgnoring implicit executable reference: (CtExecutableReferenceImpl) <init>[0m
  [34mIgnoring implicit executable reference: (CtExecutableReferenceImpl) <init>[0m
  [34mIgnoring implicit executable reference: (CtExecutableReferenceImpl) <init>[0m
  [34mUnused type args: [java.net.URL @ commons-vfs2/src/main/java/org/apache/commons/vfs2/impl/VFSClassLoader.java:308:20][0m
  [34mIgnoring implicit executable reference: (CtExecutableReferenceImpl) <init>[0m
  [34mUnused type args: [java.net.URL][0m
  [34mUnused type args: [org.apache.commons.vfs2.FileObject][0m
  [34mUnused type args: [java.net.URL][0m
  [34mIgnoring implicit executable reference: (CtExecutableReferenceImpl) <init>[0m
  [34mUnused type args: [java.net.URL][0m
  [34mUnused type args: [java.net.URL][0m
  [34mUnused type args: [T][0m
  [34mUnused type args: [java.net.URL][0m
  [34mUnused type args: [java.lang.String][0m
  [34mUnused type args: [org.apache.commons.vfs2.FileName, org.apache.commons.vfs2.impl.DefaultFileMonitor$FileMonitorAgent][0m
  [34mUnused type args: [org.apache.commons.vfs2.FileName, org.apache.commons.vfs2.impl.DefaultFileMonitor$FileMonitorAgent][0m
  [34mUnused type args: [org.apache.commons.vfs2.FileName][0m
  [34mUnused type args: [org.apache.commons.vfs2.FileName, org.apache.commons.vfs2.impl.DefaultFileMonitor$FileMonitorAgent][0m
  [34mUnused type args: [org.apache.commons.vfs2.FileName, org.apache.commons.vfs2.impl.DefaultFileMonitor$FileMonitorAgent][0m
  [34mUnused type args: [org.apache.commons.vfs2.FileObject][0m
  [34mUnused type args: [org.apache.commons.vfs2.FileObject][0m
  [34mUnused type args: [org.apache.commons.vfs2.FileObject][0m
  [34mUnused type args: [org.apache.commons.vfs2.FileObject][0m
  [34mIgnoring implicit executable reference: (CtExecutableReferenceImpl) <init>[0m
  [34mUnused type args: [?][0m
  [34mIgnoring implicit executable reference: (CtExecutableReferenceImpl) <init>[0m
  [34mUnused type args: [java.lang.String][0m
  [34mUnused type args: [java.lang.String][0m
  [34mUnused type args: [org.apache.commons.vfs2.FileObject][0m
  [34mUnused type args: [org.apache.commons.vfs2.FileName, org.apache.commons.vfs2.impl.DefaultFileMonitor$FileMonitorAgent][0m
  [34mUnused type args: [org.apache.commons.vfs2.FileName, org.apache.commons.vfs2.impl.DefaultFileMonitor$FileMonitorAgent][0m
  [34mUnused type args: [org.apache.commons.vfs2.FileName, org.apache.commons.vfs2.impl.DefaultFileMonitor$FileMonitorAgent][0m
  [34mUnused type args: [org.apache.commons.vfs2.FileName, org.apache.commons.vfs2.impl.DefaultFileMonitor$FileMonitorAgent][0m
  [34mIgnoring implicit executable reference: (CtExecutableReferenceImpl) <init>[0m
  [34mIgnoring implicit executable reference: (CtExecutableReferenceImpl) <init>[0m
  [34mUnused type args: [org.apache.commons.vfs2.FileObject][0m
  [34mUnused type args: [org.apache.commons.vfs2.FileObject][0m
  [34mUnused type args: [java.security.Permission @ commons-vfs2/src/main/java/org/apache/commons/vfs2/impl/VFSClassLoader.java:258:32][0m
  [34mUnused type args: [java.security.Permission][0m
  [34mUnused type args: [java.security.Permission][0m
  [34mUnused type args: [java.security.Permission][0m
  [34mIgnoring implicit executable reference: (CtExecutableReferenceImpl) <init>[0m
  [34mIgnoring implicit executable reference: (CtExecutableReferenceImpl) <init>[0m
  [34mUnused type args: [org.apache.commons.vfs2.FileObject][0m
  [34mIgnoring implicit executable reference: (CtExecutableReferenceImpl) <init>[0m
  [34mIgnoring implicit executable reference: (CtExecutableReferenceImpl) <init>[0m
  [34mUnused type args: [org.apache.commons.vfs2.FileName, java.lang.Object][0m
  [34mUnused type args: [org.apache.commons.vfs2.FileName @ commons-vfs2/src/main/java/org/apache/commons/vfs2/impl/DefaultFileMonitor.java:465:35, java.lang.Object @ commons-vfs2/src/main/java/org/apache/commons/vfs2/impl/DefaultFileMonitor.java:465:45][0m
  [34mIgnoring implicit executable reference: (CtExecutableReferenceImpl) <init>[0m
  [34mUnused type args: [org.apache.commons.vfs2.FileName, java.lang.Object][0m
  [34mUnused type args: [org.apache.commons.vfs2.FileObject @ commons-vfs2/src/main/java/org/apache/commons/vfs2/impl/DefaultFileMonitor.java:466:37][0m
  [34mIgnoring implicit executable reference: (CtExecutableReferenceImpl) <init>[0m
  [34mUnused type args: [org.apache.commons.vfs2.FileObject][0m
  [34mUnused type args: [org.apache.commons.vfs2.FileName, java.lang.Object][0m
[34mFinished process pending packages (13.847738s)[0m
Exception in thread "main" java.lang.Exception: Error while processing metrics (CtMethodImpl) checkForNewChildren @ commons-vfs2/src/main/java/org/apache/commons/vfs2/impl/DefaultFileMonitor.java:459:22: {
  elem: "(CtMethodImpl) checkForNewChildren @ commons-vfs2/src/main/java/org/apache/commons/vfs2/impl/DefaultFileMonitor.java:459:22",
}
	at abstractor.core.constructs.Factory.create(Factory.java:132)
	at abstractor.core.constructs.Factory.create(Factory.java:147)
	at abstractor.core.Abstractor.addMetrics(Abstractor.java:962)
	at abstractor.core.Abstractor.processPendingMetrics(Abstractor.java:1392)
	at abstractor.core.Abstractor.processPendingPackages(Abstractor.java:1346)
	at abstractor.core.Abstractor.lambda$performAbstraction$40(Abstractor.java:1332)
	at abstractor.core.log.Logger.measure(Logger.java:123)
	at abstractor.core.Abstractor.performAbstraction(Abstractor.java:1332)
	at abstractor.app.App.run(App.java:26)
	at abstractor.app.App.main(App.java:17)
Caused by: abstractor.core.AbstractorException: required a type to not be the default Object: (CtTypeReferenceImpl) java.lang.Object
	at abstractor.core.require.Require.fail(Require.java:19)
	at abstractor.core.require.Require.require(Require.java:24)
	at abstractor.core.require.Require.notObject(Require.java:79)
	at abstractor.core.require.Require.notObject(Require.java:77)
	at abstractor.core.Abstractor.addObjectDecl(Abstractor.java:973)
	at abstractor.core.Abstractor.addMethodDeclForConstructor(Abstractor.java:668)
	at abstractor.core.tools.Analyzer.addConstructorCallUsage(Analyzer.java:551)
	at abstractor.core.tools.Analyzer.addUsage(Analyzer.java:401)
	at abstractor.core.tools.Analyzer.addElement(Analyzer.java:133)
	at abstractor.core.tools.Analyzer.addElement(Analyzer.java:140)
	at abstractor.core.tools.Analyzer.addElement(Analyzer.java:140)
	at abstractor.core.tools.Analyzer.addElement(Analyzer.java:140)
	at abstractor.core.tools.Analyzer.addElement(Analyzer.java:140)
	at abstractor.core.tools.Analyzer.addElement(Analyzer.java:140)
	at abstractor.core.tools.Analyzer.addElement(Analyzer.java:140)
	at abstractor.core.tools.Analyzer.addElement(Analyzer.java:140)
	at abstractor.core.tools.Analyzer.addElement(Analyzer.java:140)
	at abstractor.core.tools.Analyzer.addElement(Analyzer.java:140)
	at abstractor.core.tools.Analyzer.addMethod(Analyzer.java:111)
	at abstractor.core.Abstractor.lambda$addMetrics$31(Abstractor.java:967)
	at abstractor.core.constructs.Factory.lambda$create$1(Factory.java:147)
	at abstractor.core.constructs.Factory.create(Factory.java:109)
	... 9 more
