# cmd: java -jar /Users/grantnelson/go/src/github.com/MSUSEL/msusel-tdmetrics-go/javaAbstractor/target/abstractor-0.1-jar-with-dependencies.jar -i /Users/grantnelson/go/src/github.com/apache/commons-net/ -o /Users/grantnelson/go/src/github.com/MSUSEL/msusel-tdmetrics-go/tdd/abstractions/commons-net.json -v
# cwd: /Users/grantnelson/go/src/github.com/MSUSEL/msusel-tdmetrics-go/tdd
# repo: /Users/grantnelson/go/src/github.com/apache/commons-net @ fb7aae4c64f7d2bf6dced00c49c3ffc428b2d572
# started: 2026-07-28T00:46:52.657074+00:00
# timeout_min: 10
# ---
Reading /Users/grantnelson/go/src/github.com/apache/commons-net/
SLF4J(W): No SLF4J providers were found.
SLF4J(W): Defaulting to no-operation (NOP) logger implementation
SLF4J(W): See https://www.slf4j.org/codes.html#noProviders for further details.
Init pending package <unnamed>
Init pending package org
Init pending package org.apache
Init pending package org.apache.commons
Init pending package org.apache.commons.net
Init pending package org.apache.commons.net.bsd
Init pending package org.apache.commons.net.chargen
Init pending package org.apache.commons.net.daytime
Init pending package org.apache.commons.net.discard
Init pending package org.apache.commons.net.echo
Init pending package org.apache.commons.net.examples
Init pending package org.apache.commons.net.examples.cidr
Init pending package org.apache.commons.net.examples.ftp
Init pending package org.apache.commons.net.examples.mail
Init pending package org.apache.commons.net.examples.nntp
Init pending package org.apache.commons.net.examples.ntp
Init pending package org.apache.commons.net.examples.telnet
Init pending package org.apache.commons.net.examples.unix
Init pending package org.apache.commons.net.examples.util
Init pending package org.apache.commons.net.finger
Init pending package org.apache.commons.net.ftp
Init pending package org.apache.commons.net.ftp.parser
Init pending package org.apache.commons.net.imap
Init pending package org.apache.commons.net.io
Init pending package org.apache.commons.net.nntp
Init pending package org.apache.commons.net.ntp
Init pending package org.apache.commons.net.pop3
Init pending package org.apache.commons.net.smtp
Init pending package org.apache.commons.net.telnet
Init pending package org.apache.commons.net.tftp
Init pending package org.apache.commons.net.time
Init pending package org.apache.commons.net.util
Init pending package org.apache.commons.net.whois
[34mStarting process pending packages...[0m
  [34mskipping default constructor: org.apache.commons.net.examples.unix.chargen()[0m
  [34mskipping default constructor: org.apache.commons.net.examples.unix.daytime()[0m
  [34mskipping default constructor: org.apache.commons.net.examples.unix.echo()[0m
  [34mskipping default constructor: org.apache.commons.net.examples.unix.finger()[0m
  [34mskipping default constructor: org.apache.commons.net.examples.unix.fwhois()[0m
  [34mskipping default constructor: org.apache.commons.net.examples.unix.rdate()[0m
  [34mskipping default constructor: org.apache.commons.net.examples.unix.rexec()[0m
  [34mskipping default constructor: org.apache.commons.net.examples.unix.rlogin()[0m
  [34mskipping default constructor: org.apache.commons.net.examples.unix.rshell()[0m
  Pending package org.apache.commons.net.echo
  Pending package javax.net
  Pending package org.apache.commons.net
  Pending package org.apache.commons.net.util
  Pending package java.util.concurrent
  Pending package java.util
  Pending package java.util
  Pending package java.util.function
  Pending package java.net
  Pending package java.io
  Pending package java.nio.charset
  Pending package org.apache.commons.net.discard
  [34mIgnoring implicit executable reference: (CtExecutableReferenceImpl) <init>[0m
  Pending package java.lang
  [34mIgnoring implicit executable reference: (CtExecutableReferenceImpl) <init>[0m
  [34mIgnoring implicit executable reference: (CtExecutableReferenceImpl) <init>[0m
  [34mIgnoring implicit executable reference: (CtExecutableReferenceImpl) <init>[0m
  [34mIgnoring implicit executable reference: (CtExecutableReferenceImpl) <init>[0m
  [34mIgnoring implicit executable reference: (CtExecutableReferenceImpl) <init>[0m
  [34mIgnoring implicit executable reference: (CtExecutableReferenceImpl) <init>[0m
  Pending package org.apache.commons.net.finger
  [34mIgnoring implicit executable reference: (CtExecutableReferenceImpl) <init>[0m
  Pending package org.apache.commons.net.bsd
  [34mIgnoring implicit executable reference: (CtExecutableReferenceImpl) <init>[0m
  Pending package org.apache.commons.net.examples.util
  [34mskipping default constructor: org.apache.commons.net.examples.util.IOUtil()[0m
  [34mskipping default constructor: org.apache.commons.net.echo.EchoUDPClient()[0m
  [34mIgnoring implicit executable reference: (CtExecutableReferenceImpl) <init>[0m
  [34mIgnoring implicit executable reference: (CtExecutableReferenceImpl) <init>[0m
  [34mIgnoring implicit executable reference: (CtExecutableReferenceImpl) <init>[0m
  [34mIgnoring implicit executable reference: (CtExecutableReferenceImpl) <init>[0m
  Pending package org.apache.commons.net.chargen
  [34mIgnoring implicit executable reference: (CtExecutableReferenceImpl) <init>[0m
  [34mIgnoring implicit executable reference: (CtExecutableReferenceImpl) <init>[0m
  [34mIgnoring implicit executable reference: (CtExecutableReferenceImpl) <init>[0m
  [34mIgnoring implicit executable reference: (CtExecutableReferenceImpl) <init>[0m
  Pending package org.apache.commons.net.whois
  [34mIgnoring implicit executable reference: (CtExecutableReferenceImpl) <init>[0m
  Pending package org.apache.commons.net.time
  [34mIgnoring implicit executable reference: (CtExecutableReferenceImpl) <init>[0m
  [34mIgnoring implicit executable reference: (CtExecutableReferenceImpl) <init>[0m
  Pending package org.apache.commons.net.daytime
  [34mIgnoring implicit executable reference: (CtExecutableReferenceImpl) <init>[0m
  [34mskipping default constructor: org.apache.commons.net.daytime.DaytimeUDPClient()[0m
  [34mIgnoring implicit executable reference: (CtExecutableReferenceImpl) <init>[0m
  [34mIgnoring implicit executable reference: (CtExecutableReferenceImpl) <init>[0m
  [34mskipping default constructor: org.apache.commons.net.time.TimeUDPClient()[0m
  [34mIgnoring implicit executable reference: (CtExecutableReferenceImpl) <init>[0m
  [34mIgnoring implicit executable reference: (CtExecutableReferenceImpl) <init>[0m
  [34mIgnoring implicit executable reference: (CtExecutableReferenceImpl) <init>[0m
  [34mUnused type args: [java.util.EventListener][0m
  [34mUnused type args: [java.util.EventListener][0m
  [34mIgnoring implicit executable reference: (CtExecutableReferenceImpl) <init>[0m
  [34mIgnoring implicit executable reference: (CtExecutableReferenceImpl) <init>[0m
  [34mIgnoring implicit executable reference: (CtExecutableReferenceImpl) <init>[0m
  [34mIgnoring implicit executable reference: (CtExecutableReferenceImpl) <init>[0m
  [34mIgnoring implicit executable reference: (CtExecutableReferenceImpl) <init>[0m
  [34mIgnoring implicit executable reference: (CtExecutableReferenceImpl) <init>[0m
  [34mIgnoring implicit executable reference: (CtExecutableReferenceImpl) <init>[0m
  [34mIgnoring implicit executable reference: (CtExecutableReferenceImpl) <init>[0m
  [34mIgnoring implicit executable reference: (CtExecutableReferenceImpl) <init>[0m
  [34mIgnoring implicit executable reference: (CtExecutableReferenceImpl) <init>[0m
  [34mIgnoring implicit executable reference: (CtExecutableReferenceImpl) <init>[0m
  Pending package java.net
  [34mIgnoring implicit executable reference: (CtExecutableReferenceImpl) <init>[0m
  [34mskipping default constructor: org.apache.commons.net.util.Charsets()[0m
  [34mIgnoring implicit executable reference: (CtExecutableReferenceImpl) <init>[0m
  [34mIgnoring implicit executable reference: (CtExecutableReferenceImpl) <init>[0m
  [34mIgnoring anonymous type: (CtTypeReferenceImpl) org.apache.commons.net.examples.util.IOUtil$1[0m
  [34mIgnoring implicit executable reference: (CtExecutableReferenceImpl) <init>[0m
  [34mIgnoring anonymous type: (CtTypeReferenceImpl) org.apache.commons.net.examples.util.IOUtil$1[0m
  [34mIgnoring anonymous object declaration: (CtClassImpl) 1 @ src/main/java/org/apache/commons/net/examples/util/IOUtil.java:47:18[0m
  [34mIgnoring implicit executable reference: (CtExecutableReferenceImpl) <init>[0m
  [34mIgnoring implicit executable reference: (CtExecutableReferenceImpl) <init>[0m
  [34mIgnoring method of an anonymous declaring type: (CtMethodImpl) run @ src/main/java/org/apache/commons/net/examples/util/IOUtil.java:49:34 in (CtClassImpl) 1 @ src/main/java/org/apache/commons/net/examples/util/IOUtil.java:47:18[0m
  [34mIgnoring anonymous type: (CtTypeReferenceImpl) org.apache.commons.net.examples.util.IOUtil$2[0m
  [34mIgnoring implicit executable reference: (CtExecutableReferenceImpl) <init>[0m
  [34mIgnoring anonymous type: (CtTypeReferenceImpl) org.apache.commons.net.examples.util.IOUtil$2[0m
  [34mIgnoring anonymous object declaration: (CtClassImpl) 2 @ src/main/java/org/apache/commons/net/examples/util/IOUtil.java:71:18[0m
  [34mIgnoring implicit executable reference: (CtExecutableReferenceImpl) <init>[0m
  [34mIgnoring implicit executable reference: (CtExecutableReferenceImpl) <init>[0m
  [34mIgnoring method of an anonymous declaring type: (CtMethodImpl) run @ src/main/java/org/apache/commons/net/examples/util/IOUtil.java:73:34 in (CtClassImpl) 2 @ src/main/java/org/apache/commons/net/examples/util/IOUtil.java:71:18[0m
  Pending package org.apache.commons.net.io
  [34mIgnoring implicit executable reference: (CtExecutableReferenceImpl) <init>[0m
  [34mIgnoring implicit executable reference: (CtExecutableReferenceImpl) <init>[0m
  [34mIgnoring implicit executable reference: (CtExecutableReferenceImpl) <init>[0m
  [34mIgnoring implicit executable reference: (CtExecutableReferenceImpl) <init>[0m
  [34mIgnoring implicit executable reference: (CtExecutableReferenceImpl) <init>[0m
  [34mIgnoring implicit executable reference: (CtExecutableReferenceImpl) <init>[0m
  [34mIgnoring implicit executable reference: (CtExecutableReferenceImpl) <init>[0m
  [34mIgnoring implicit executable reference: (CtExecutableReferenceImpl) <init>[0m
  [34mIgnoring implicit executable reference: (CtExecutableReferenceImpl) <init>[0m
  [34mIgnoring implicit executable reference: (CtExecutableReferenceImpl) <init>[0m
  [34mIgnoring implicit executable reference: (CtExecutableReferenceImpl) <init>[0m
  [34mIgnoring implicit executable reference: (CtExecutableReferenceImpl) <init>[0m
  [34mIgnoring implicit executable reference: (CtExecutableReferenceImpl) <init>[0m
  [34mIgnoring implicit executable reference: (CtExecutableReferenceImpl) <init>[0m
  [34mIgnoring implicit executable reference: (CtExecutableReferenceImpl) <init>[0m
  [34mIgnoring implicit executable reference: (CtExecutableReferenceImpl) <init>[0m
  [34mIgnoring implicit executable reference: (CtExecutableReferenceImpl) <init>[0m
  [34mIgnoring implicit executable reference: (CtExecutableReferenceImpl) <init>[0m
  [34mIgnoring implicit executable reference: (CtExecutableReferenceImpl) <init>[0m
  [34mIgnoring implicit executable reference: (CtExecutableReferenceImpl) <init>[0m
  [34mIgnoring implicit executable reference: (CtExecutableReferenceImpl) <init>[0m
  [34mIgnoring implicit executable reference: (CtExecutableReferenceImpl) <init>[0m
  [34mIgnoring implicit executable reference: (CtExecutableReferenceImpl) <init>[0m
  [34mIgnoring implicit executable reference: (CtExecutableReferenceImpl) <init>[0m
  [34mIgnoring implicit executable reference: (CtExecutableReferenceImpl) <init>[0m
  [34mIgnoring implicit executable reference: (CtExecutableReferenceImpl) <init>[0m
  [34mIgnoring implicit executable reference: (CtExecutableReferenceImpl) <init>[0m
  [34mIgnoring implicit executable reference: (CtExecutableReferenceImpl) <init>[0m
  [34mIgnoring implicit executable reference: (CtExecutableReferenceImpl) <init>[0m
  [34mIgnoring implicit executable reference: (CtExecutableReferenceImpl) <init>[0m
  [34mIgnoring implicit executable reference: (CtExecutableReferenceImpl) <init>[0m
  [34mIgnoring implicit executable reference: (CtExecutableReferenceImpl) <init>[0m
  [34mIgnoring implicit executable reference: (CtExecutableReferenceImpl) <init>[0m
  [34mIgnoring implicit executable reference: (CtExecutableReferenceImpl) <init>[0m
  [34mIgnoring implicit executable reference: (CtExecutableReferenceImpl) <init>[0m
  [34mIgnoring implicit executable reference: (CtExecutableReferenceImpl) <init>[0m
  [34mIgnoring implicit executable reference: (CtExecutableReferenceImpl) <init>[0m
  [34mIgnoring implicit executable reference: (CtExecutableReferenceImpl) <init>[0m
  [34mUnused type args: [java.util.EventListener][0m
  [34mIgnoring implicit executable reference: (CtExecutableReferenceImpl) <init>[0m
  [34mIgnoring implicit executable reference: (CtExecutableReferenceImpl) <init>[0m
  [34mIgnoring implicit executable reference: (CtExecutableReferenceImpl) <init>[0m
  [34mIgnoring implicit executable reference: (CtExecutableReferenceImpl) <init>[0m
  [34mIgnoring implicit executable reference: (CtExecutableReferenceImpl) <init>[0m
  [34mIgnoring implicit executable reference: (CtExecutableReferenceImpl) <init>[0m
  [34mUnused type args: [java.util.EventListener][0m
  [34mUnused type args: [java.util.EventListener][0m
  [34mIgnoring implicit executable reference: (CtExecutableReferenceImpl) <init>[0m
  [34mUnused type args: [java.util.EventListener @ src/main/java/org/apache/commons/net/util/ListenerList.java:36:48][0m
  [34mUnused type args: [java.util.EventListener][0m
  [34mIgnoring implicit executable reference: (CtExecutableReferenceImpl) <init>[0m
  [34mIgnoring implicit executable reference: (CtExecutableReferenceImpl) <init>[0m
  [34mIgnoring implicit executable reference: (CtExecutableReferenceImpl) <init>[0m
  [34mIgnoring implicit executable reference: (CtExecutableReferenceImpl) <init>[0m
  [34mIgnoring implicit executable reference: (CtExecutableReferenceImpl) <init>[0m
  [34mIgnoring implicit executable reference: (CtExecutableReferenceImpl) <init>[0m
  [34mIgnoring implicit executable reference: (CtExecutableReferenceImpl) <init>[0m
  [34mIgnoring implicit executable reference: (CtExecutableReferenceImpl) <init>[0m
  [34mIgnoring implicit executable reference: (CtExecutableReferenceImpl) <init>[0m
  [34mIgnoring implicit executable reference: (CtExecutableReferenceImpl) <init>[0m
  [34mUnused type args: [java.util.EventListener][0m
  [34mIgnoring implicit executable reference: (CtExecutableReferenceImpl) <init>[0m
  [34mIgnoring implicit executable reference: (CtExecutableReferenceImpl) <init>[0m
  [34mIgnoring implicit executable reference: (CtExecutableReferenceImpl) <init>[0m
  [34mIgnoring implicit executable reference: (CtExecutableReferenceImpl) <init>[0m
  [34mIgnoring implicit executable reference: (CtExecutableReferenceImpl) <init>[0m
  [34mIgnoring implicit executable reference: (CtExecutableReferenceImpl) <init>[0m
  [34mIgnoring implicit executable reference: (CtExecutableReferenceImpl) <init>[0m
  [34mIgnoring implicit executable reference: (CtExecutableReferenceImpl) <init>[0m
  [34mIgnoring implicit executable reference: (CtExecutableReferenceImpl) <init>[0m
  [34mIgnoring implicit executable reference: (CtExecutableReferenceImpl) <init>[0m
  [34mIgnoring implicit executable reference: (CtExecutableReferenceImpl) <init>[0m
  [34mIgnoring implicit executable reference: (CtExecutableReferenceImpl) <init>[0m
  [34mIgnoring implicit executable reference: (CtExecutableReferenceImpl) <init>[0m
  [34mIgnoring implicit executable reference: (CtExecutableReferenceImpl) <init>[0m
  [34mIgnoring implicit executable reference: (CtExecutableReferenceImpl) <init>[0m
  Pending package java.lang.invoke
  [34mUnused type args: [?][0m
  [34mIgnoring implicit executable reference: (CtExecutableReferenceImpl) <init>[0m
  [34mIgnoring implicit executable reference: (CtExecutableReferenceImpl) <init>[0m
  [34mIgnoring implicit executable reference: (CtExecutableReferenceImpl) <init>[0m
  [34mIgnoring implicit executable reference: (CtExecutableReferenceImpl) <init>[0m
  [34mIgnoring implicit executable reference: (CtExecutableReferenceImpl) <init>[0m
  [34mIgnoring implicit executable reference: (CtExecutableReferenceImpl) <init>[0m
  [34mIgnoring implicit executable reference: (CtExecutableReferenceImpl) <init>[0m
  Pending package java.lang
  getting parent type for (CtClassImpl) PrintStreamOrWriter
  Pending package java.io
  [34mIgnoring implicit executable reference: (CtExecutableReferenceImpl) <init>[0m
  [34mIgnoring implicit executable reference: (CtExecutableReferenceImpl) <init>[0m
  [34mIgnoring implicit executable reference: (CtExecutableReferenceImpl) <init>[0m
  [34mIgnoring implicit executable reference: (CtExecutableReferenceImpl) <init>[0m
  [34mIgnoring implicit executable reference: (CtExecutableReferenceImpl) <init>[0m
  [34mIgnoring implicit executable reference: (CtExecutableReferenceImpl) <init>[0m
  [34mIgnoring implicit executable reference: (CtExecutableReferenceImpl) <init>[0m
  [34mIgnoring implicit executable reference: (CtExecutableReferenceImpl) <init>[0m
  [34mIgnoring implicit executable reference: (CtExecutableReferenceImpl) <init>[0m
  [34mIgnoring implicit executable reference: (CtExecutableReferenceImpl) <init>[0m
  [34mIgnoring implicit executable reference: (CtExecutableReferenceImpl) <init>[0m
  [34mIgnoring implicit executable reference: (CtExecutableReferenceImpl) <init>[0m
  [34mIgnoring implicit executable reference: (CtExecutableReferenceImpl) <init>[0m
  [34mIgnoring implicit executable reference: (CtExecutableReferenceImpl) <init>[0m
  [34mIgnoring implicit executable reference: (CtExecutableReferenceImpl) <init>[0m
  [34mIgnoring implicit executable reference: (CtExecutableReferenceImpl) <init>[0m
  [34mskipping default constructor: org.apache.commons.net.examples.Main()[0m
  [34mIgnoring implicit executable reference: (CtExecutableReferenceImpl) <init>[0m
  [34mSkipping selection with no field declaration: (CtFieldReferenceImpl) class[0m
  [34mSkipping selection with no field declaration: (CtFieldReferenceImpl) class[0m
  [34mUnused type args: [java.lang.String @ src/main/java/org/apache/commons/net/examples/Main.java:68:18][0m
  [34mUnused type args: [java.lang.String @ src/main/java/org/apache/commons/net/examples/Main.java:68:36][0m
  [34mUnused type args: [?][0m
  [34mUnused type args: [?][0m
  [34mUnused type args: [T][0m
  [34mUnused type args: [?][0m
  [34mUnused type args: [java.lang.String][0m
  [34mUnused type args: [java.lang.String][0m
  [34mUnused type args: [T][0m
  [34mUnused type args: [java.lang.String][0m
  [34mUnused type args: [java.lang.String][0m
  [34mUnused type args: [? @ src/main/java/org/apache/commons/net/examples/Main.java:87:19][0m
  [34mUnused type args: [?][0m
  Pending package java.lang.reflect
  [34mUnused type args: [?][0m
  [34mUnused type args: [?][0m
  [34mUnused type args: [?][0m
  Pending package java.security
  [34mSkipping selection with no field declaration: (CtFieldReferenceImpl) class[0m
  [34mSkipping selection with no field declaration: (CtFieldReferenceImpl) class[0m
  Pending package org.apache.commons.net.ftp
  Pending package java.util.regex
  Pending package java.text
  [34mskipping default constructor: org.apache.commons.net.ftp.parser.DefaultFTPFileEntryParserFactory()[0m
  [34mIgnoring implicit executable reference: (CtExecutableReferenceImpl) <init>[0m
  [34mIgnoring implicit executable reference: (CtExecutableReferenceImpl) <init>[0m
  [34mIgnoring implicit executable reference: (CtExecutableReferenceImpl) <init>[0m
  [34mIgnoring implicit executable reference: (CtExecutableReferenceImpl) <init>[0m
  [34mUnused type args: [java.lang.String, java.lang.Object][0m
  [34mUnused type args: [java.lang.String][0m
  [34mUnused type args: [java.lang.String, java.lang.Object][0m
  [34mIgnoring implicit executable reference: (CtExecutableReferenceImpl) <init>[0m
  [34mIgnoring implicit executable reference: (CtExecutableReferenceImpl) <init>[0m
  [34mIgnoring implicit executable reference: (CtExecutableReferenceImpl) <init>[0m
  [34mIgnoring implicit executable reference: (CtExecutableReferenceImpl) <init>[0m
  [34mUnused type args: [? @ src/main/java/org/apache/commons/net/ftp/parser/DefaultFTPFileEntryParserFactory.java:105:23][0m
  [34mUnused type args: [?][0m
  [34mUnused type args: [?][0m
  [34mIgnoring implicit executable reference: (CtExecutableReferenceImpl) <init>[0m
  [34mUnused type args: [?][0m
  [34mIgnoring implicit executable reference: (CtExecutableReferenceImpl) <init>[0m
  [34mIgnoring implicit executable reference: (CtExecutableReferenceImpl) <init>[0m
  [34mIgnoring implicit executable reference: (CtExecutableReferenceImpl) <init>[0m
  [34mIgnoring implicit executable reference: (CtExecutableReferenceImpl) <init>[0m
  [34mIgnoring implicit executable reference: (CtExecutableReferenceImpl) <init>[0m
  [34mIgnoring implicit executable reference: (CtExecutableReferenceImpl) <init>[0m
  [34mIgnoring implicit executable reference: (CtExecutableReferenceImpl) <init>[0m
  [34mIgnoring implicit executable reference: (CtExecutableReferenceImpl) <init>[0m
  [34mIgnoring implicit executable reference: (CtExecutableReferenceImpl) <init>[0m
  [34mIgnoring implicit executable reference: (CtExecutableReferenceImpl) <init>[0m
  [34mIgnoring implicit executable reference: (CtExecutableReferenceImpl) <init>[0m
  [34mUnused type args: [java.lang.String @ src/main/java/org/apache/commons/net/ftp/parser/UnixFTPEntryParser.java:208:22][0m
  [34mUnused type args: [java.lang.String][0m
  [34mUnused type args: [java.lang.String][0m
  [34mUnused type args: [java.lang.String][0m
  [34mUnused type args: [java.lang.String][0m
  [34mUnused type args: [java.lang.String][0m
  [34mUnused type args: [java.lang.String][0m
  [34mIgnoring implicit executable reference: (CtExecutableReferenceImpl) <init>[0m
  [34mIgnoring implicit executable reference: (CtExecutableReferenceImpl) <init>[0m
  [34mIgnoring implicit executable reference: (CtExecutableReferenceImpl) <init>[0m
  [34mIgnoring implicit executable reference: (CtExecutableReferenceImpl) <init>[0m
  [34mIgnoring implicit executable reference: (CtExecutableReferenceImpl) <init>[0m
  [34mIgnoring implicit executable reference: (CtExecutableReferenceImpl) <init>[0m
  [34mUnused type args: [java.lang.String, java.lang.Integer][0m
  [34mUnused type args: [java.lang.String][0m
  [34mUnused type args: [java.lang.String][0m
  [34mUnused type args: [java.lang.String][0m
  [34mIgnoring implicit executable reference: (CtExecutableReferenceImpl) <init>[0m
  [34mUnused type args: [java.lang.String][0m
  [34mUnused type args: [java.lang.String][0m
  [34mIgnoring implicit executable reference: (CtExecutableReferenceImpl) <init>[0m
  [34mIgnoring implicit executable reference: (CtExecutableReferenceImpl) <init>[0m
  [34mIgnoring implicit executable reference: (CtExecutableReferenceImpl) <init>[0m
  [34mIgnoring implicit executable reference: (CtExecutableReferenceImpl) <init>[0m
  [34mIgnoring implicit executable reference: (CtExecutableReferenceImpl) <init>[0m
  [34mIgnoring implicit executable reference: (CtExecutableReferenceImpl) <init>[0m
  [34mIgnoring implicit executable reference: (CtExecutableReferenceImpl) <init>[0m
  [34mIgnoring implicit executable reference: (CtExecutableReferenceImpl) <init>[0m
  [34mIgnoring implicit executable reference: (CtExecutableReferenceImpl) <init>[0m
  [34mIgnoring implicit executable reference: (CtExecutableReferenceImpl) <init>[0m
  [34mIgnoring implicit executable reference: (CtExecutableReferenceImpl) <init>[0m
  [34mIgnoring implicit executable reference: (CtExecutableReferenceImpl) <init>[0m
  [34mIgnoring implicit executable reference: (CtExecutableReferenceImpl) <init>[0m
  [34mIgnoring implicit executable reference: (CtExecutableReferenceImpl) <init>[0m
  [34mIgnoring implicit executable reference: (CtExecutableReferenceImpl) <init>[0m
  [34mIgnoring implicit executable reference: (CtExecutableReferenceImpl) <init>[0m
  [34mIgnoring implicit executable reference: (CtExecutableReferenceImpl) <init>[0m
  [34mIgnoring implicit executable reference: (CtExecutableReferenceImpl) <init>[0m
  [34mIgnoring implicit executable reference: (CtExecutableReferenceImpl) <init>[0m
  [34mIgnoring implicit executable reference: (CtExecutableReferenceImpl) <init>[0m
  [34mIgnoring implicit executable reference: (CtExecutableReferenceImpl) <init>[0m
  [34mUnused type args: [java.lang.String][0m
  [34mIgnoring implicit executable reference: (CtExecutableReferenceImpl) <init>[0m
  [34mIgnoring implicit executable reference: (CtExecutableReferenceImpl) <init>[0m
  [34mIgnoring implicit executable reference: (CtExecutableReferenceImpl) <init>[0m
  [34mIgnoring implicit executable reference: (CtExecutableReferenceImpl) <init>[0m
  [34mIgnoring implicit executable reference: (CtExecutableReferenceImpl) <init>[0m
  [34mIgnoring implicit executable reference: (CtExecutableReferenceImpl) <init>[0m
  [34mIgnoring implicit executable reference: (CtExecutableReferenceImpl) <init>[0m
  [34mIgnoring implicit executable reference: (CtExecutableReferenceImpl) <init>[0m
  [34mIgnoring implicit executable reference: (CtExecutableReferenceImpl) <init>[0m
  [34mIgnoring implicit executable reference: (CtExecutableReferenceImpl) <init>[0m
  [34mIgnoring implicit executable reference: (CtExecutableReferenceImpl) <init>[0m
  [34mIgnoring implicit executable reference: (CtExecutableReferenceImpl) <init>[0m
  [34mIgnoring implicit executable reference: (CtExecutableReferenceImpl) <init>[0m
  [34mIgnoring implicit executable reference: (CtExecutableReferenceImpl) <init>[0m
  [34mIgnoring implicit executable reference: (CtExecutableReferenceImpl) <init>[0m
  [34mIgnoring implicit executable reference: (CtExecutableReferenceImpl) <init>[0m
  [34mIgnoring implicit executable reference: (CtExecutableReferenceImpl) <init>[0m
  [34mIgnoring implicit executable reference: (CtExecutableReferenceImpl) <init>[0m
  [34mIgnoring implicit executable reference: (CtExecutableReferenceImpl) <init>[0m
  [34mIgnoring implicit executable reference: (CtExecutableReferenceImpl) <init>[0m
  [34mIgnoring implicit executable reference: (CtExecutableReferenceImpl) <init>[0m
  [34mIgnoring implicit executable reference: (CtExecutableReferenceImpl) <init>[0m
  [34mIgnoring implicit executable reference: (CtExecutableReferenceImpl) <init>[0m
  [34mIgnoring implicit executable reference: (CtExecutableReferenceImpl) <init>[0m
  [34mIgnoring implicit executable reference: (CtExecutableReferenceImpl) <init>[0m
  [34mUnused type args: [java.lang.String @ src/main/java/org/apache/commons/net/ftp/parser/VMSVersioningFTPEntryParser.java:106:17, java.lang.Integer @ src/main/java/org/apache/commons/net/ftp/parser/VMSVersioningFTPEntryParser.java:106:25][0m
  [34mIgnoring implicit executable reference: (CtExecutableReferenceImpl) <init>[0m
  [34mUnused type args: [java.lang.String @ src/main/java/org/apache/commons/net/ftp/parser/VMSVersioningFTPEntryParser.java:106:64, java.lang.Integer @ src/main/java/org/apache/commons/net/ftp/parser/VMSVersioningFTPEntryParser.java:106:72][0m
  [34mUnused type args: [java.lang.String @ src/main/java/org/apache/commons/net/ftp/parser/VMSVersioningFTPEntryParser.java:107:22][0m
  [34mUnused type args: [java.lang.String][0m
  [34mUnused type args: [java.lang.String][0m
  [34mUnused type args: [java.lang.String][0m
  [34mUnused type args: [java.lang.String][0m
  [34mUnused type args: [java.lang.String, java.lang.Integer][0m
  [34mUnused type args: [java.lang.String][0m
  [34mUnused type args: [java.lang.String, java.lang.Integer][0m
  [34mUnused type args: [java.lang.String][0m
  [34mUnused type args: [java.lang.String][0m
  [34mUnused type args: [java.lang.String, java.lang.Integer][0m
  [34mUnused type args: [java.lang.String][0m
  [34mUnused type args: [java.lang.String][0m
  [34mIgnoring implicit executable reference: (CtExecutableReferenceImpl) <init>[0m
  [34mIgnoring implicit executable reference: (CtExecutableReferenceImpl) <init>[0m
  [34mIgnoring implicit executable reference: (CtExecutableReferenceImpl) <init>[0m
  [34mIgnoring implicit executable reference: (CtExecutableReferenceImpl) <init>[0m
  [34mIgnoring implicit executable reference: (CtExecutableReferenceImpl) <init>[0m
  [34mIgnoring implicit executable reference: (CtExecutableReferenceImpl) <init>[0m
  [34mIgnoring implicit executable reference: (CtExecutableReferenceImpl) <init>[0m
  [34mIgnoring implicit executable reference: (CtExecutableReferenceImpl) <init>[0m
  [34mIgnoring implicit executable reference: (CtExecutableReferenceImpl) <init>[0m
  [34mIgnoring implicit executable reference: (CtExecutableReferenceImpl) <init>[0m
  [34mIgnoring implicit executable reference: (CtExecutableReferenceImpl) <init>[0m
  [34mIgnoring implicit executable reference: (CtExecutableReferenceImpl) <init>[0m
  [34mIgnoring implicit executable reference: (CtExecutableReferenceImpl) <init>[0m
  [34mIgnoring implicit executable reference: (CtExecutableReferenceImpl) <init>[0m
  [34mIgnoring implicit executable reference: (CtExecutableReferenceImpl) <init>[0m
  [34mIgnoring implicit executable reference: (CtExecutableReferenceImpl) <init>[0m
  [34mIgnoring implicit executable reference: (CtExecutableReferenceImpl) <init>[0m
  [34mIgnoring implicit executable reference: (CtExecutableReferenceImpl) <init>[0m
  [34mIgnoring implicit executable reference: (CtExecutableReferenceImpl) <init>[0m
  [34mIgnoring implicit executable reference: (CtExecutableReferenceImpl) <init>[0m
  [34mIgnoring implicit executable reference: (CtExecutableReferenceImpl) <init>[0m
  [34mIgnoring implicit executable reference: (CtExecutableReferenceImpl) <init>[0m
  [34mIgnoring implicit executable reference: (CtExecutableReferenceImpl) <init>[0m
  [34mIgnoring implicit executable reference: (CtExecutableReferenceImpl) <init>[0m
  [34mIgnoring implicit executable reference: (CtExecutableReferenceImpl) <init>[0m
  [34mIgnoring implicit executable reference: (CtExecutableReferenceImpl) <init>[0m
  [34mIgnoring implicit executable reference: (CtExecutableReferenceImpl) <init>[0m
  [34mIgnoring implicit executable reference: (CtExecutableReferenceImpl) <init>[0m
  [34mIgnoring implicit executable reference: (CtExecutableReferenceImpl) <init>[0m
  [34mIgnoring implicit executable reference: (CtExecutableReferenceImpl) <init>[0m
  [34mIgnoring implicit executable reference: (CtExecutableReferenceImpl) <init>[0m
  [34mIgnoring implicit executable reference: (CtExecutableReferenceImpl) <init>[0m
  [34mIgnoring implicit executable reference: (CtExecutableReferenceImpl) <init>[0m
  [34mIgnoring implicit executable reference: (CtExecutableReferenceImpl) <init>[0m
  [34mIgnoring implicit executable reference: (CtExecutableReferenceImpl) <init>[0m
  [34mIgnoring implicit executable reference: (CtExecutableReferenceImpl) <init>[0m
  [34mIgnoring implicit executable reference: (CtExecutableReferenceImpl) <init>[0m
  [34mIgnoring implicit executable reference: (CtExecutableReferenceImpl) <init>[0m
  [34mIgnoring implicit executable reference: (CtExecutableReferenceImpl) <init>[0m
  [34mIgnoring implicit executable reference: (CtExecutableReferenceImpl) <init>[0m
  [34mIgnoring implicit executable reference: (CtExecutableReferenceImpl) <init>[0m
  [34mIgnoring implicit executable reference: (CtExecutableReferenceImpl) <init>[0m
  [34mIgnoring implicit executable reference: (CtExecutableReferenceImpl) <init>[0m
  [34mIgnoring implicit executable reference: (CtExecutableReferenceImpl) <init>[0m
  [34mIgnoring implicit executable reference: (CtExecutableReferenceImpl) <init>[0m
  [34mIgnoring implicit executable reference: (CtExecutableReferenceImpl) <init>[0m
  [34mIgnoring implicit executable reference: (CtExecutableReferenceImpl) <init>[0m
  [34mIgnoring implicit executable reference: (CtExecutableReferenceImpl) <init>[0m
  [34mIgnoring implicit executable reference: (CtExecutableReferenceImpl) <init>[0m
  [34mIgnoring implicit executable reference: (CtExecutableReferenceImpl) <init>[0m
  [34mIgnoring implicit executable reference: (CtExecutableReferenceImpl) <init>[0m
  [34mIgnoring implicit executable reference: (CtExecutableReferenceImpl) <init>[0m
  [34mIgnoring implicit executable reference: (CtExecutableReferenceImpl) <init>[0m
  [34mIgnoring implicit executable reference: (CtExecutableReferenceImpl) <init>[0m
  [34mIgnoring implicit executable reference: (CtExecutableReferenceImpl) <init>[0m
  [34mIgnoring implicit executable reference: (CtExecutableReferenceImpl) <init>[0m
  [34mIgnoring implicit executable reference: (CtExecutableReferenceImpl) <init>[0m
  [34mIgnoring implicit executable reference: (CtExecutableReferenceImpl) <init>[0m
  [34mIgnoring implicit executable reference: (CtExecutableReferenceImpl) <init>[0m
  [34mIgnoring implicit executable reference: (CtExecutableReferenceImpl) <init>[0m
  [34mIgnoring implicit executable reference: (CtExecutableReferenceImpl) <init>[0m
  [34mIgnoring implicit executable reference: (CtExecutableReferenceImpl) <init>[0m
  [34mIgnoring implicit executable reference: (CtExecutableReferenceImpl) <init>[0m
  [34mIgnoring implicit executable reference: (CtExecutableReferenceImpl) <init>[0m
  [34mIgnoring implicit executable reference: (CtExecutableReferenceImpl) <init>[0m
  [34mIgnoring implicit executable reference: (CtExecutableReferenceImpl) <init>[0m
  [34mIgnoring implicit executable reference: (CtExecutableReferenceImpl) <init>[0m
  [34mIgnoring implicit executable reference: (CtExecutableReferenceImpl) <init>[0m
  [34mIgnoring implicit executable reference: (CtExecutableReferenceImpl) <init>[0m
  [34mIgnoring implicit executable reference: (CtExecutableReferenceImpl) <init>[0m
  [34mIgnoring implicit executable reference: (CtExecutableReferenceImpl) <init>[0m
  [34mIgnoring implicit executable reference: (CtExecutableReferenceImpl) <init>[0m
  [34mIgnoring implicit executable reference: (CtExecutableReferenceImpl) <init>[0m
  [34mIgnoring implicit executable reference: (CtExecutableReferenceImpl) <init>[0m
  [34mIgnoring implicit executable reference: (CtExecutableReferenceImpl) <init>[0m
  [34mIgnoring implicit executable reference: (CtExecutableReferenceImpl) <init>[0m
  [34mIgnoring implicit executable reference: (CtExecutableReferenceImpl) <init>[0m
  [34mIgnoring implicit executable reference: (CtExecutableReferenceImpl) <init>[0m
  [34mIgnoring implicit executable reference: (CtExecutableReferenceImpl) <init>[0m
  [34mIgnoring implicit executable reference: (CtExecutableReferenceImpl) <init>[0m
  [34mIgnoring implicit executable reference: (CtExecutableReferenceImpl) <init>[0m
  [34mIgnoring implicit executable reference: (CtExecutableReferenceImpl) <init>[0m
  [34mIgnoring implicit executable reference: (CtExecutableReferenceImpl) <init>[0m
  [34mIgnoring implicit executable reference: (CtExecutableReferenceImpl) <init>[0m
  [34mIgnoring implicit executable reference: (CtExecutableReferenceImpl) <init>[0m
  [34mIgnoring implicit executable reference: (CtExecutableReferenceImpl) <init>[0m
  [34mIgnoring implicit executable reference: (CtExecutableReferenceImpl) <init>[0m
  [34mIgnoring implicit executable reference: (CtExecutableReferenceImpl) <init>[0m
  [34mIgnoring implicit executable reference: (CtExecutableReferenceImpl) <init>[0m
  [34mUnused type args: [java.lang.String][0m
  [34mUnused type args: [java.lang.String][0m
  [34mIgnoring implicit executable reference: (CtExecutableReferenceImpl) <init>[0m
  [34mUnused type args: [java.lang.String @ src/main/java/org/apache/commons/net/ftp/FTPListParseEngine.java:118:39][0m
  [34mUnused type args: [java.lang.String][0m
  [34mUnused type args: [java.lang.String][0m
  [34mUnused type args: [java.lang.String][0m
  [34mUnused type args: [java.lang.String][0m
  [34mUnused type args: [java.lang.String][0m
  [34mUnused type args: [java.lang.String][0m
  [34mUnused type args: [java.lang.String][0m
  [34mUnused type args: [org.apache.commons.net.ftp.FTPFile @ src/main/java/org/apache/commons/net/ftp/FTPListParseEngine.java:177:14][0m
  [34mIgnoring implicit executable reference: (CtExecutableReferenceImpl) <init>[0m
  [34mUnused type args: [org.apache.commons.net.ftp.FTPFile @ src/main/java/org/apache/commons/net/ftp/FTPListParseEngine.java:177:51][0m
  [34mUnused type args: [java.lang.String][0m
  [34mUnused type args: [java.lang.String][0m
  [34mIgnoring implicit executable reference: (CtExecutableReferenceImpl) <init>[0m
  [34mUnused type args: [org.apache.commons.net.ftp.FTPFile][0m
  [34mUnused type args: [org.apache.commons.net.ftp.FTPFile][0m
  [34mUnused type args: [org.apache.commons.net.ftp.FTPFile][0m
  [34mUnused type args: [org.apache.commons.net.ftp.FTPFile][0m
  [34mUnused type args: [org.apache.commons.net.ftp.FTPFile @ src/main/java/org/apache/commons/net/ftp/FTPListParseEngine.java:219:14][0m
  [34mIgnoring implicit executable reference: (CtExecutableReferenceImpl) <init>[0m
  [34mUnused type args: [org.apache.commons.net.ftp.FTPFile @ src/main/java/org/apache/commons/net/ftp/FTPListParseEngine.java:219:51][0m
  [34mUnused type args: [java.lang.String][0m
  [34mUnused type args: [java.lang.String][0m
  [34mIgnoring implicit executable reference: (CtExecutableReferenceImpl) <init>[0m
  [34mUnused type args: [org.apache.commons.net.ftp.FTPFile][0m
  [34mUnused type args: [org.apache.commons.net.ftp.FTPFile][0m
  [34mUnused type args: [org.apache.commons.net.ftp.FTPFile][0m
  [34mUnused type args: [org.apache.commons.net.ftp.FTPFile][0m
  [34mUnused type args: [org.apache.commons.net.ftp.FTPFile @ src/main/java/org/apache/commons/net/ftp/FTPListParseEngine.java:269:14][0m
  [34mIgnoring implicit executable reference: (CtExecutableReferenceImpl) <init>[0m
  [34mUnused type args: [org.apache.commons.net.ftp.FTPFile @ src/main/java/org/apache/commons/net/ftp/FTPListParseEngine.java:269:50][0m
  [34mUnused type args: [java.lang.String @ src/main/java/org/apache/commons/net/ftp/FTPListParseEngine.java:270:18][0m
  [34mUnused type args: [java.lang.String][0m
  [34mUnused type args: [java.lang.String][0m
  [34mUnused type args: [java.lang.String][0m
  [34mUnused type args: [java.lang.String][0m
  [34mIgnoring implicit executable reference: (CtExecutableReferenceImpl) <init>[0m
  [34mUnused type args: [org.apache.commons.net.ftp.FTPFile][0m
  [34mUnused type args: [org.apache.commons.net.ftp.FTPFile][0m
  [34mUnused type args: [org.apache.commons.net.ftp.FTPFile][0m
  [34mUnused type args: [org.apache.commons.net.ftp.FTPFile][0m
  [34mUnused type args: [java.lang.String][0m
  [34mIgnoring implicit executable reference: (CtExecutableReferenceImpl) <init>[0m
  [34mIgnoring implicit executable reference: (CtExecutableReferenceImpl) <init>[0m
  [34mskipping default constructor: org.apache.commons.net.ftp.FTPFileFilters()[0m
  [34mIgnoring implicit executable reference: (CtExecutableReferenceImpl) <init>[0m
  [34mIgnoring implicit executable reference: (CtExecutableReferenceImpl) <init>[0m
  [34mUnused type args: [java.lang.String][0m
  [34mUnused type args: [java.lang.String][0m
  [34mskipping default constructor: org.apache.commons.net.examples.ftp.FTPClientExample()[0m
  getting parent type for (CtInterfaceImpl) HostnameResolver @ src/main/java/org/apache/commons/net/ftp/FTPClient.java:3867:29
  getting parent type for (CtClassImpl) PropertiesSingleton @ src/main/java/org/apache/commons/net/ftp/FTPClient.java:433:26
  [34mskipping default constructor: org.apache.commons.net.ftp.FTPClient$PropertiesSingleton()[0m
  getting parent type for (CtClassImpl) NatServerResolverImpl @ src/main/java/org/apache/commons/net/ftp/FTPClient.java:3876:25
  getting parent type for (CtClassImpl) CSL @ src/main/java/org/apache/commons/net/ftp/FTPClient.java:3913:26
  [34mskipping default constructor: org.apache.commons.net.examples.ftp.ServerToServerFTP()[0m
  [34mskipping default constructor: org.apache.commons.net.examples.ftp.TFTPExample()[0m
  Pending package org.apache.commons.net.tftp
  [34mUnused type args: [java.lang.String][0m
  [34mUnused type args: [java.lang.String][0m
  [34mUnused type args: [java.lang.String][0m
  [34mIgnoring implicit executable reference: (CtExecutableReferenceImpl) <init>[0m
  [34mIgnoring implicit executable reference: (CtExecutableReferenceImpl) <init>[0m
  [34mUnused type args: [java.lang.String][0m
  [34mUnused type args: [java.lang.String][0m
  [34mIgnoring implicit executable reference: (CtExecutableReferenceImpl) <init>[0m
  [34mIgnoring implicit executable reference: (CtExecutableReferenceImpl) <init>[0m
  [34mIgnoring implicit executable reference: (CtExecutableReferenceImpl) <init>[0m
  [34mIgnoring implicit executable reference: (CtExecutableReferenceImpl) <init>[0m
  [34mIgnoring anonymous type: (CtTypeReferenceImpl) org.apache.commons.net.examples.ftp.FTPClientExample$1[0m
  [34mIgnoring implicit executable reference: (CtExecutableReferenceImpl) <init>[0m
  [34mIgnoring anonymous type: (CtTypeReferenceImpl) org.apache.commons.net.examples.ftp.FTPClientExample$1[0m
  [34mIgnoring anonymous object declaration: (CtClassImpl) 1 @ src/main/java/org/apache/commons/net/examples/ftp/FTPClientExample.java:562:40[0m
  [34mIgnoring implicit executable reference: (CtExecutableReferenceImpl) <init>[0m
  [34mIgnoring implicit executable reference: (CtExecutableReferenceImpl) <init>[0m
  [34mIgnoring method of an anonymous declaring type: (CtMethodImpl) bytesTransferred @ src/main/java/org/apache/commons/net/examples/ftp/FTPClientExample.java:566:25 in (CtClassImpl) 1 @ src/main/java/org/apache/commons/net/examples/ftp/FTPClientExample.java:562:40[0m
  [34mIgnoring method of an anonymous declaring type: (CtMethodImpl) bytesTransferred @ src/main/java/org/apache/commons/net/examples/ftp/FTPClientExample.java:571:25 in (CtClassImpl) 1 @ src/main/java/org/apache/commons/net/examples/ftp/FTPClientExample.java:562:40[0m
  [34mIgnoring method of an anonymous declaring type: (CtMethodImpl) bytesTransferred @ src/main/java/org/apache/commons/net/examples/ftp/FTPClientExample.java:571:25 in (CtClassImpl) 1 @ src/main/java/org/apache/commons/net/examples/ftp/FTPClientExample.java:562:40[0m
  [34mIgnoring anonymous type: (CtTypeReferenceImpl) org.apache.commons.net.examples.ftp.FTPClientExample$1[0m
  [34mIgnoring anonymous type: (CtTypeReferenceImpl) org.apache.commons.net.examples.ftp.FTPClientExample$1[0m
  [34mIgnoring anonymous type: (CtTypeReferenceImpl) org.apache.commons.net.examples.ftp.FTPClientExample$1[0m
  [34mIgnoring method of an anonymous declaring type: (CtMethodImpl) bytesTransferred @ src/main/java/org/apache/commons/net/examples/ftp/FTPClientExample.java:571:25 in (CtClassImpl) 1 @ src/main/java/org/apache/commons/net/examples/ftp/FTPClientExample.java:562:40[0m
  [34mIgnoring anonymous type: (CtTypeReferenceImpl) org.apache.commons.net.examples.ftp.FTPClientExample$1[0m
  [34mIgnoring method of an anonymous declaring type: (CtMethodImpl) bytesTransferred @ src/main/java/org/apache/commons/net/examples/ftp/FTPClientExample.java:571:25 in (CtClassImpl) 1 @ src/main/java/org/apache/commons/net/examples/ftp/FTPClientExample.java:562:40[0m
  [34mIgnoring anonymous type: (CtTypeReferenceImpl) org.apache.commons.net.examples.ftp.FTPClientExample$1[0m
  [34mIgnoring anonymous object declaration: (CtClassImpl) 1 @ src/main/java/org/apache/commons/net/examples/ftp/FTPClientExample.java:562:40[0m
  [34mSkipping selection with no resolvable origin: (CtFieldImpl) megsTotal @ src/main/java/org/apache/commons/net/examples/ftp/FTPClientExample.java:563:26[0m
  [34mIgnoring anonymous type: (CtTypeReferenceImpl) org.apache.commons.net.examples.ftp.FTPClientExample$1[0m
  [34mIgnoring anonymous type: (CtTypeReferenceImpl) org.apache.commons.net.examples.ftp.FTPClientExample$1[0m
  [34mIgnoring anonymous type: (CtTypeReferenceImpl) org.apache.commons.net.examples.ftp.FTPClientExample$1[0m
  [34mIgnoring anonymous type: (CtTypeReferenceImpl) org.apache.commons.net.examples.ftp.FTPClientExample$1[0m
  [34mIgnoring anonymous object declaration: (CtClassImpl) 1 @ src/main/java/org/apache/commons/net/examples/ftp/FTPClientExample.java:562:40[0m
  [34mSkipping selection with no resolvable origin: (CtFieldImpl) megsTotal @ src/main/java/org/apache/commons/net/examples/ftp/FTPClientExample.java:563:26[0m
  [34mIgnoring anonymous type: (CtTypeReferenceImpl) org.apache.commons.net.examples.ftp.FTPClientExample$1[0m
  [34mIgnoring anonymous type: (CtTypeReferenceImpl) org.apache.commons.net.examples.ftp.FTPClientExample$1[0m
  [34mIgnoring anonymous object declaration: (CtClassImpl) 1 @ src/main/java/org/apache/commons/net/examples/ftp/FTPClientExample.java:562:40[0m
  [34mSkipping selection with no resolvable origin: (CtFieldImpl) megsTotal @ src/main/java/org/apache/commons/net/examples/ftp/FTPClientExample.java:563:26[0m
  [34mIgnoring anonymous type: (CtTypeReferenceImpl) org.apache.commons.net.examples.ftp.FTPClientExample$1[0m
  [34mIgnoring anonymous type: (CtTypeReferenceImpl) org.apache.commons.net.examples.ftp.FTPClientExample$1[0m
  [34mIgnoring anonymous type: (CtTypeReferenceImpl) org.apache.commons.net.examples.ftp.FTPClientExample$1[0m
  [34mIgnoring anonymous type: (CtTypeReferenceImpl) org.apache.commons.net.examples.ftp.FTPClientExample$1[0m
  [34mIgnoring anonymous object declaration: (CtClassImpl) 1 @ src/main/java/org/apache/commons/net/examples/ftp/FTPClientExample.java:562:40[0m
  [34mSkipping selection with no resolvable origin: (CtFieldImpl) megsTotal @ src/main/java/org/apache/commons/net/examples/ftp/FTPClientExample.java:563:26[0m
  [34mIgnoring anonymous type: (CtTypeReferenceImpl) org.apache.commons.net.examples.ftp.FTPClientExample$1[0m
  [34mIgnoring implicit executable reference: (CtExecutableReferenceImpl) <init>[0m
  [34mIgnoring implicit executable reference: (CtExecutableReferenceImpl) <init>[0m
  [34mIgnoring implicit executable reference: (CtExecutableReferenceImpl) <init>[0m
  [34mIgnoring implicit executable reference: (CtExecutableReferenceImpl) <init>[0m
  [34mIgnoring implicit executable reference: (CtExecutableReferenceImpl) <init>[0m
  [34mIgnoring implicit executable reference: (CtExecutableReferenceImpl) <init>[0m
  [34mIgnoring implicit executable reference: (CtExecutableReferenceImpl) <init>[0m
  [34mIgnoring implicit executable reference: (CtExecutableReferenceImpl) <init>[0m
  [34mIgnoring implicit executable reference: (CtExecutableReferenceImpl) <init>[0m
  [34mIgnoring implicit executable reference: (CtExecutableReferenceImpl) <init>[0m
  [34mIgnoring implicit executable reference: (CtExecutableReferenceImpl) <init>[0m
  [34mIgnoring implicit executable reference: (CtExecutableReferenceImpl) <init>[0m
  [34mIgnoring implicit executable reference: (CtExecutableReferenceImpl) <init>[0m
  [34mIgnoring implicit executable reference: (CtExecutableReferenceImpl) <init>[0m
  [34mIgnoring implicit executable reference: (CtExecutableReferenceImpl) <init>[0m
  [34mIgnoring implicit executable reference: (CtExecutableReferenceImpl) <init>[0m
  [34mIgnoring implicit executable reference: (CtExecutableReferenceImpl) <init>[0m
  [34mIgnoring implicit executable reference: (CtExecutableReferenceImpl) <init>[0m
  [34mIgnoring implicit executable reference: (CtExecutableReferenceImpl) <init>[0m
  [34mIgnoring implicit executable reference: (CtExecutableReferenceImpl) <init>[0m
  [34mIgnoring implicit executable reference: (CtExecutableReferenceImpl) <init>[0m
  [34mIgnoring implicit executable reference: (CtExecutableReferenceImpl) <init>[0m
  [34mIgnoring implicit executable reference: (CtExecutableReferenceImpl) <init>[0m
  [34mIgnoring implicit executable reference: (CtExecutableReferenceImpl) <init>[0m
  [34mUnused type args: [java.lang.String][0m
  [34mUnused type args: [java.lang.String, java.util.Set][0m
  [34mUnused type args: [java.lang.String][0m
  [34mUnused type args: [java.lang.String, java.util.Set][0m
  [34mUnused type args: [java.lang.String][0m
  [34mIgnoring implicit executable reference: (CtExecutableReferenceImpl) <init>[0m
  [34mIgnoring implicit executable reference: (CtExecutableReferenceImpl) <init>[0m
  [34mIgnoring implicit executable reference: (CtExecutableReferenceImpl) <init>[0m
  [34mIgnoring implicit executable reference: (CtExecutableReferenceImpl) <init>[0m
  [34mIgnoring implicit executable reference: (CtExecutableReferenceImpl) <init>[0m
  [34mIgnoring implicit executable reference: (CtExecutableReferenceImpl) <init>[0m
  [34mIgnoring implicit executable reference: (CtExecutableReferenceImpl) <init>[0m
  [34mUnused type args: [java.lang.String][0m
  [34mUnused type args: [java.lang.String][0m
  [34mIgnoring implicit executable reference: (CtExecutableReferenceImpl) <init>[0m
  [34mIgnoring implicit executable reference: (CtExecutableReferenceImpl) <init>[0m
  [34mIgnoring implicit executable reference: (CtExecutableReferenceImpl) <init>[0m
  Pending package java.math
  [34mIgnoring implicit executable reference: (CtExecutableReferenceImpl) <init>[0m
  [34mIgnoring implicit executable reference: (CtExecutableReferenceImpl) <init>[0m
  Pending package javax.net.ssl
  [34mIgnoring implicit executable reference: (CtExecutableReferenceImpl) <init>[0m
  [34mIgnoring implicit executable reference: (CtExecutableReferenceImpl) <init>[0m
  [34mIgnoring implicit executable reference: (CtExecutableReferenceImpl) <init>[0m
  [34mIgnoring implicit executable reference: (CtExecutableReferenceImpl) <init>[0m
  Pending package java.security.cert
  getting parent type for (CtClassImpl) TrustManager @ src/main/java/org/apache/commons/net/util/TrustManagerUtils.java:37:26
  [34mskipping default constructor: org.apache.commons.net.util.TrustManagerUtils()[0m
  [34mIgnoring implicit executable reference: (CtExecutableReferenceImpl) <init>[0m
  [34mIgnoring implicit executable reference: (CtExecutableReferenceImpl) <init>[0m
  [34mIgnoring implicit executable reference: (CtExecutableReferenceImpl) <init>[0m
  [34mIgnoring implicit executable reference: (CtExecutableReferenceImpl) <init>[0m
  [34mIgnoring implicit executable reference: (CtExecutableReferenceImpl) <init>[0m
  [34mIgnoring implicit executable reference: (CtExecutableReferenceImpl) <init>[0m
  [34mIgnoring implicit executable reference: (CtExecutableReferenceImpl) <init>[0m
  [34mIgnoring implicit executable reference: (CtExecutableReferenceImpl) <init>[0m
  [34mIgnoring implicit executable reference: (CtExecutableReferenceImpl) <init>[0m
  [34mIgnoring implicit executable reference: (CtExecutableReferenceImpl) <init>[0m
  [34mIgnoring implicit executable reference: (CtExecutableReferenceImpl) <init>[0m
  [34mIgnoring implicit executable reference: (CtExecutableReferenceImpl) <init>[0m
  [34mIgnoring implicit executable reference: (CtExecutableReferenceImpl) <init>[0m
  [34mIgnoring implicit executable reference: (CtExecutableReferenceImpl) <init>[0m
  [34mIgnoring implicit executable reference: (CtExecutableReferenceImpl) <init>[0m
  [34mIgnoring implicit executable reference: (CtExecutableReferenceImpl) <init>[0m
  [34mIgnoring implicit executable reference: (CtExecutableReferenceImpl) <init>[0m
  [34mIgnoring implicit executable reference: (CtExecutableReferenceImpl) <init>[0m
  [34mUnused type args: [java.lang.String][0m
  [34mUnused type args: [java.lang.String][0m
  [34mIgnoring implicit executable reference: (CtExecutableReferenceImpl) <init>[0m
  [34mIgnoring implicit executable reference: (CtExecutableReferenceImpl) <init>[0m
  [34mIgnoring implicit executable reference: (CtExecutableReferenceImpl) <init>[0m
  [34mIgnoring implicit executable reference: (CtExecutableReferenceImpl) <init>[0m
  [34mIgnoring anonymous type: (CtTypeReferenceImpl) org.apache.commons.net.examples.ftp.TFTPExample$1[0m
  [34mIgnoring implicit executable reference: (CtExecutableReferenceImpl) <init>[0m
  [34mIgnoring anonymous type: (CtTypeReferenceImpl) org.apache.commons.net.examples.ftp.TFTPExample$1[0m
  [34mIgnoring anonymous object declaration: (CtClassImpl) 1 @ src/main/java/org/apache/commons/net/examples/ftp/TFTPExample.java:118:37[0m
  [34mIgnoring implicit executable reference: (CtExecutableReferenceImpl) <init>[0m
  [34mIgnoring implicit executable reference: (CtExecutableReferenceImpl) <init>[0m
  [34mIgnoring method of an anonymous declaring type: (CtMethodImpl) trace @ src/main/java/org/apache/commons/net/examples/ftp/TFTPExample.java:120:32 in (CtClassImpl) 1 @ src/main/java/org/apache/commons/net/examples/ftp/TFTPExample.java:118:37[0m
  [34mIgnoring implicit executable reference: (CtExecutableReferenceImpl) <init>[0m
  [34mUnused type args: [java.lang.String @ src/main/java/org/apache/commons/net/ftp/FTPClient.java:2383:13][0m
  [34mUnused type args: [java.lang.String, java.util.Set][0m
  [34mUnused type args: [java.lang.String][0m
  [34mUnused type args: [java.lang.String][0m
  [34mUnused type args: [java.lang.String][0m
  [34mUnused type args: [java.lang.String][0m
  [34mUnused type args: [java.lang.String @ src/main/java/org/apache/commons/net/ftp/FTPClient.java:972:23][0m
  [34mIgnoring implicit executable reference: (CtExecutableReferenceImpl) <init>[0m
  [34mUnused type args: [java.lang.String @ src/main/java/org/apache/commons/net/ftp/FTPClient.java:972:61][0m
  [34mUnused type args: [?][0m
  [34mUnused type args: [java.lang.String][0m
  Pending package java.nio
  Pending package java.util.stream
  [34mIgnoring implicit executable reference: (CtExecutableReferenceImpl) <init>[0m
  [34mIgnoring implicit executable reference: (CtExecutableReferenceImpl) <init>[0m
  [34mIgnoring implicit executable reference: (CtExecutableReferenceImpl) <init>[0m
  [34mIgnoring implicit executable reference: (CtExecutableReferenceImpl) <init>[0m
  [34mUnused type args: [java.lang.String][0m
  [34mUnused type args: [java.lang.String][0m
  [34mUnused type args: [?][0m
  [34mUnused type args: [java.lang.String][0m
  [34mIgnoring implicit executable reference: (CtExecutableReferenceImpl) <init>[0m
  [34mIgnoring implicit executable reference: (CtExecutableReferenceImpl) <init>[0m
  [34mIgnoring implicit executable reference: (CtExecutableReferenceImpl) <init>[0m
  [34mIgnoring implicit executable reference: (CtExecutableReferenceImpl) <init>[0m
  [34mIgnoring implicit executable reference: (CtExecutableReferenceImpl) <init>[0m
  [34mIgnoring implicit executable reference: (CtExecutableReferenceImpl) <init>[0m
  [34mIgnoring implicit executable reference: (CtExecutableReferenceImpl) <init>[0m
  [34mIgnoring implicit executable reference: (CtExecutableReferenceImpl) <init>[0m
  [34mIgnoring implicit executable reference: (CtExecutableReferenceImpl) <init>[0m
  [34mIgnoring implicit executable reference: (CtExecutableReferenceImpl) <init>[0m
  [34mIgnoring implicit executable reference: (CtExecutableReferenceImpl) <init>[0m
  [34mUnused type args: [java.lang.String][0m
  [34mUnused type args: [java.lang.String][0m
  [34mIgnoring implicit executable reference: (CtExecutableReferenceImpl) <init>[0m
  [34mUnused type args: [java.lang.String @ src/main/java/org/apache/commons/net/ftp/FTP.java:273:37][0m
  [34mIgnoring implicit executable reference: (CtExecutableReferenceImpl) <init>[0m
  [34mIgnoring implicit executable reference: (CtExecutableReferenceImpl) <init>[0m
  [34mIgnoring implicit executable reference: (CtExecutableReferenceImpl) <init>[0m
  [34mUnused type args: [java.lang.String][0m
  [34mUnused type args: [java.lang.String][0m
  [34mIgnoring implicit executable reference: (CtExecutableReferenceImpl) <init>[0m
  [34mIgnoring implicit executable reference: (CtExecutableReferenceImpl) <init>[0m
  [34mIgnoring implicit executable reference: (CtExecutableReferenceImpl) <init>[0m
  [34mIgnoring implicit executable reference: (CtExecutableReferenceImpl) <init>[0m
  [34mIgnoring implicit executable reference: (CtExecutableReferenceImpl) <init>[0m
  [34mIgnoring implicit executable reference: (CtExecutableReferenceImpl) <init>[0m
  [34mIgnoring implicit executable reference: (CtExecutableReferenceImpl) <init>[0m
  [34mIgnoring implicit executable reference: (CtExecutableReferenceImpl) <init>[0m
  [34mUnused type args: [java.lang.String @ src/main/java/org/apache/commons/net/ftp/FTPClient.java:2917:19][0m
  [34mIgnoring implicit executable reference: (CtExecutableReferenceImpl) <init>[0m
  [34mUnused type args: [java.lang.String @ src/main/java/org/apache/commons/net/ftp/FTPClient.java:2917:51][0m
  [34mUnused type args: [java.lang.String][0m
  [34mUnused type args: [java.lang.String][0m
  [34mUnused type args: [java.lang.String][0m
  [34mUnused type args: [java.lang.String][0m
  [34mUnused type args: [java.lang.String][0m
  [34mIgnoring implicit executable reference: (CtExecutableReferenceImpl) <init>[0m
  [34mIgnoring implicit executable reference: (CtExecutableReferenceImpl) <init>[0m
  [34mIgnoring implicit executable reference: (CtExecutableReferenceImpl) <init>[0m
  [34mUnused type args: [java.lang.String][0m
  [34mIgnoring implicit executable reference: (CtExecutableReferenceImpl) <init>[0m
  [34mUnused type args: [java.lang.String][0m
  [34mIgnoring implicit executable reference: (CtExecutableReferenceImpl) <init>[0m
  [34mIgnoring implicit executable reference: (CtExecutableReferenceImpl) <init>[0m
  [34mIgnoring implicit executable reference: (CtExecutableReferenceImpl) <init>[0m
  [34mIgnoring implicit executable reference: (CtExecutableReferenceImpl) <init>[0m
  [34mIgnoring implicit executable reference: (CtExecutableReferenceImpl) <init>[0m
  [34mIgnoring implicit executable reference: (CtExecutableReferenceImpl) <init>[0m
  [34mIgnoring implicit executable reference: (CtExecutableReferenceImpl) <init>[0m
  [34mIgnoring implicit executable reference: (CtExecutableReferenceImpl) <init>[0m
  [34mIgnoring implicit executable reference: (CtExecutableReferenceImpl) <init>[0m
  [34mUnused type args: [java.lang.String, java.util.Set][0m
  [34mUnused type args: [java.lang.String][0m
  [34mIgnoring implicit executable reference: (CtExecutableReferenceImpl) <init>[0m
  [34mIgnoring implicit executable reference: (CtExecutableReferenceImpl) <init>[0m
  [34mIgnoring implicit executable reference: (CtExecutableReferenceImpl) <init>[0m
  [34mUnused type args: [java.lang.String, java.util.Set][0m
  [34mUnused type args: [java.lang.String][0m
  [34mUnused type args: [java.lang.String, java.util.Set][0m
  [34mUnused type args: [java.lang.String][0m
  [34mUnused type args: [java.lang.String, java.util.Set][0m
  [34mUnused type args: [java.lang.String][0m
  [34mIgnoring implicit executable reference: (CtExecutableReferenceImpl) <init>[0m
  [34mUnused type args: [java.lang.String @ src/main/java/org/apache/commons/net/ftp/FTPClient.java:2402:41, java.util.Set @ src/main/java/org/apache/commons/net/ftp/FTPClient.java:2402:49][0m
  [34mUnused type args: [java.lang.String @ src/main/java/org/apache/commons/net/ftp/FTPClient.java:2402:53][0m
  [34mUnused type args: [java.lang.String @ src/main/java/org/apache/commons/net/ftp/FTPClient.java:2418:25][0m
  [34mUnused type args: [java.lang.String, java.util.Set][0m
  [34mUnused type args: [java.lang.String][0m
  [34mUnused type args: [java.lang.String][0m
  [34mUnused type args: [java.lang.String][0m
  [34mUnused type args: [java.lang.String][0m
  [34mUnused type args: [java.lang.String][0m
  [34mIgnoring implicit executable reference: (CtExecutableReferenceImpl) <init>[0m
  [34mUnused type args: [java.lang.String @ src/main/java/org/apache/commons/net/ftp/FTPClient.java:2420:47][0m
  [34mUnused type args: [java.lang.String, java.util.Set][0m
  [34mUnused type args: [java.lang.String][0m
  [34mUnused type args: [java.lang.String][0m
  [34mUnused type args: [java.lang.String][0m
  [34mUnused type args: [java.lang.String][0m
  [34mIgnoring implicit executable reference: (CtExecutableReferenceImpl) <init>[0m
  [34mUnused type args: [java.lang.String @ src/main/java/org/apache/commons/net/ftp/FTPClient.java:2318:13][0m
  [34mUnused type args: [java.lang.String, java.util.Set][0m
  [34mUnused type args: [java.lang.String][0m
  [34mUnused type args: [java.lang.String][0m
  [34mUnused type args: [java.lang.String][0m
  [34mUnused type args: [java.lang.String][0m
  [34mUnused type args: [java.lang.String][0m
  [34mUnused type args: [java.lang.String][0m
  [34mIgnoring implicit executable reference: (CtExecutableReferenceImpl) <init>[0m
  [34mIgnoring implicit executable reference: (CtExecutableReferenceImpl) <init>[0m
  [34mIgnoring implicit executable reference: (CtExecutableReferenceImpl) <init>[0m
  [34mIgnoring implicit executable reference: (CtExecutableReferenceImpl) <init>[0m
  [34mIgnoring implicit executable reference: (CtExecutableReferenceImpl) <init>[0m
  [34mIgnoring implicit executable reference: (CtExecutableReferenceImpl) <init>[0m
  [34mIgnoring implicit executable reference: (CtExecutableReferenceImpl) <init>[0m
  [34mIgnoring implicit executable reference: (CtExecutableReferenceImpl) <init>[0m
  [34mIgnoring implicit executable reference: (CtExecutableReferenceImpl) <init>[0m
  [34mUnused type args: [java.lang.String][0m
  [34mIgnoring implicit executable reference: (CtExecutableReferenceImpl) <init>[0m
  [34mIgnoring implicit executable reference: (CtExecutableReferenceImpl) <init>[0m
  [34mIgnoring implicit executable reference: (CtExecutableReferenceImpl) <init>[0m
  [34mIgnoring implicit executable reference: (CtExecutableReferenceImpl) <init>[0m
  [34mIgnoring implicit executable reference: (CtExecutableReferenceImpl) <init>[0m
  [34mIgnoring implicit executable reference: (CtExecutableReferenceImpl) <init>[0m
  [34mIgnoring implicit executable reference: (CtExecutableReferenceImpl) <init>[0m
  [34mIgnoring implicit executable reference: (CtExecutableReferenceImpl) <init>[0m
  [34mIgnoring implicit executable reference: (CtExecutableReferenceImpl) <init>[0m
  [34mIgnoring implicit executable reference: (CtExecutableReferenceImpl) <init>[0m
  [34mIgnoring implicit executable reference: (CtExecutableReferenceImpl) <init>[0m
  [34mIgnoring implicit executable reference: (CtExecutableReferenceImpl) <init>[0m
  [34mIgnoring implicit executable reference: (CtExecutableReferenceImpl) <init>[0m
  [34mIgnoring implicit executable reference: (CtExecutableReferenceImpl) <init>[0m
  [34mIgnoring implicit executable reference: (CtExecutableReferenceImpl) <init>[0m
  [34mIgnoring implicit executable reference: (CtExecutableReferenceImpl) <init>[0m
  [34mIgnoring implicit executable reference: (CtExecutableReferenceImpl) <init>[0m
  [34mIgnoring implicit executable reference: (CtExecutableReferenceImpl) <init>[0m
  [34mIgnoring implicit executable reference: (CtExecutableReferenceImpl) <init>[0m
  [34mIgnoring implicit executable reference: (CtExecutableReferenceImpl) <init>[0m
  [34mIgnoring implicit executable reference: (CtExecutableReferenceImpl) <init>[0m
  [34mIgnoring implicit executable reference: (CtExecutableReferenceImpl) <init>[0m
  [34mIgnoring implicit executable reference: (CtExecutableReferenceImpl) <init>[0m
  [34mIgnoring implicit executable reference: (CtExecutableReferenceImpl) <init>[0m
  [34mIgnoring implicit executable reference: (CtExecutableReferenceImpl) <init>[0m
  [34mIgnoring implicit executable reference: (CtExecutableReferenceImpl) <init>[0m
  [34mIgnoring implicit executable reference: (CtExecutableReferenceImpl) <init>[0m
  [34mIgnoring implicit executable reference: (CtExecutableReferenceImpl) <init>[0m
  [34mIgnoring implicit executable reference: (CtExecutableReferenceImpl) <init>[0m
  [34mIgnoring implicit executable reference: (CtExecutableReferenceImpl) <init>[0m
  [34mIgnoring implicit executable reference: (CtExecutableReferenceImpl) <init>[0m
  [34mIgnoring implicit executable reference: (CtExecutableReferenceImpl) <init>[0m
  [34mIgnoring implicit executable reference: (CtExecutableReferenceImpl) <init>[0m
  [34mIgnoring implicit executable reference: (CtExecutableReferenceImpl) <init>[0m
  [34mIgnoring implicit executable reference: (CtExecutableReferenceImpl) <init>[0m
  [34mIgnoring implicit executable reference: (CtExecutableReferenceImpl) <init>[0m
  [34mIgnoring implicit executable reference: (CtExecutableReferenceImpl) <init>[0m
  [34mIgnoring implicit executable reference: (CtExecutableReferenceImpl) <init>[0m
  [34mIgnoring implicit executable reference: (CtExecutableReferenceImpl) <init>[0m
  [34mIgnoring implicit executable reference: (CtExecutableReferenceImpl) <init>[0m
  [34mIgnoring implicit executable reference: (CtExecutableReferenceImpl) <init>[0m
  [34mIgnoring implicit executable reference: (CtExecutableReferenceImpl) <init>[0m
  [34mIgnoring implicit executable reference: (CtExecutableReferenceImpl) <init>[0m
  [34mIgnoring implicit executable reference: (CtExecutableReferenceImpl) <init>[0m
  [34mIgnoring implicit executable reference: (CtExecutableReferenceImpl) <init>[0m
  [34mIgnoring implicit executable reference: (CtExecutableReferenceImpl) <init>[0m
  [34mIgnoring implicit executable reference: (CtExecutableReferenceImpl) <init>[0m
  [34mIgnoring implicit executable reference: (CtExecutableReferenceImpl) <init>[0m
  [34mIgnoring implicit executable reference: (CtExecutableReferenceImpl) <init>[0m
  [34mIgnoring implicit executable reference: (CtExecutableReferenceImpl) <init>[0m
  [34mIgnoring implicit executable reference: (CtExecutableReferenceImpl) <init>[0m
  [34mIgnoring implicit executable reference: (CtExecutableReferenceImpl) <init>[0m
  [34mIgnoring implicit executable reference: (CtExecutableReferenceImpl) <init>[0m
  [34mUnused type args: [java.lang.String][0m
  [34mUnused type args: [java.lang.String][0m
  [34mIgnoring implicit executable reference: (CtExecutableReferenceImpl) <init>[0m
  [34mIgnoring implicit executable reference: (CtExecutableReferenceImpl) <init>[0m
  [34mIgnoring implicit executable reference: (CtExecutableReferenceImpl) <init>[0m
  [34mIgnoring implicit executable reference: (CtExecutableReferenceImpl) <init>[0m
  [34mIgnoring implicit executable reference: (CtExecutableReferenceImpl) <init>[0m
  [34mIgnoring implicit executable reference: (CtExecutableReferenceImpl) <init>[0m
  [34mIgnoring implicit executable reference: (CtExecutableReferenceImpl) <init>[0m
  [34mIgnoring implicit executable reference: (CtExecutableReferenceImpl) <init>[0m
  [34mIgnoring implicit executable reference: (CtExecutableReferenceImpl) <init>[0m
  [34mIgnoring implicit executable reference: (CtExecutableReferenceImpl) <init>[0m
  [34mIgnoring implicit executable reference: (CtExecutableReferenceImpl) <init>[0m
  [34mIgnoring implicit executable reference: (CtExecutableReferenceImpl) <init>[0m
  [34mIgnoring implicit executable reference: (CtExecutableReferenceImpl) <init>[0m
  [34mIgnoring implicit executable reference: (CtExecutableReferenceImpl) <init>[0m
  [34mIgnoring implicit executable reference: (CtExecutableReferenceImpl) <init>[0m
  [34mIgnoring implicit executable reference: (CtExecutableReferenceImpl) <init>[0m
  [34mIgnoring implicit executable reference: (CtExecutableReferenceImpl) <init>[0m
  [34mIgnoring implicit executable reference: (CtExecutableReferenceImpl) <init>[0m
  [34mIgnoring implicit executable reference: (CtExecutableReferenceImpl) <init>[0m
  [34mIgnoring implicit executable reference: (CtExecutableReferenceImpl) <init>[0m
  [34mIgnoring implicit executable reference: (CtExecutableReferenceImpl) <init>[0m
  [34mIgnoring implicit executable reference: (CtExecutableReferenceImpl) <init>[0m
  [34mIgnoring implicit executable reference: (CtExecutableReferenceImpl) <init>[0m
  [34mIgnoring implicit executable reference: (CtExecutableReferenceImpl) <init>[0m
  [34mIgnoring implicit executable reference: (CtExecutableReferenceImpl) <init>[0m
  [34mIgnoring implicit executable reference: (CtExecutableReferenceImpl) <init>[0m
  [34mIgnoring implicit executable reference: (CtExecutableReferenceImpl) <init>[0m
  [34mUnused type args: [java.lang.String @ src/main/java/org/apache/commons/net/ftp/FTPHTTPClient.java:208:14][0m
  [34mIgnoring implicit executable reference: (CtExecutableReferenceImpl) <init>[0m
  [34mUnused type args: [java.lang.String @ src/main/java/org/apache/commons/net/ftp/FTPHTTPClient.java:208:47][0m
  [34mIgnoring implicit executable reference: (CtExecutableReferenceImpl) <init>[0m
  [34mIgnoring implicit executable reference: (CtExecutableReferenceImpl) <init>[0m
  [34mUnused type args: [java.lang.String][0m
  [34mUnused type args: [java.lang.String][0m
  [34mIgnoring implicit executable reference: (CtExecutableReferenceImpl) <init>[0m
  [34mUnused type args: [java.lang.String][0m
  [34mIgnoring implicit executable reference: (CtExecutableReferenceImpl) <init>[0m
  [34mIgnoring implicit executable reference: (CtExecutableReferenceImpl) <init>[0m
  [34mUnused type args: [java.lang.String][0m
  [34mIgnoring implicit executable reference: (CtExecutableReferenceImpl) <init>[0m
  [34mIgnoring implicit executable reference: (CtExecutableReferenceImpl) <init>[0m
  [34mIgnoring implicit executable reference: (CtExecutableReferenceImpl) <init>[0m
  [34mIgnoring implicit executable reference: (CtExecutableReferenceImpl) <init>[0m
  [34mIgnoring implicit executable reference: (CtExecutableReferenceImpl) <init>[0m
  [34mIgnoring implicit executable reference: (CtExecutableReferenceImpl) <init>[0m
  [34mIgnoring implicit executable reference: (CtExecutableReferenceImpl) <init>[0m
  [34mIgnoring implicit executable reference: (CtExecutableReferenceImpl) <init>[0m
  [34mIgnoring implicit executable reference: (CtExecutableReferenceImpl) <init>[0m
  [34mIgnoring implicit executable reference: (CtExecutableReferenceImpl) <init>[0m
  [34mIgnoring implicit executable reference: (CtExecutableReferenceImpl) <init>[0m
  [34mIgnoring implicit executable reference: (CtExecutableReferenceImpl) <init>[0m
  [34mIgnoring implicit executable reference: (CtExecutableReferenceImpl) <init>[0m
  [34mIgnoring implicit executable reference: (CtExecutableReferenceImpl) <init>[0m
  [34mIgnoring implicit executable reference: (CtExecutableReferenceImpl) <init>[0m
  [34mIgnoring implicit executable reference: (CtExecutableReferenceImpl) <init>[0m
  [34mIgnoring implicit executable reference: (CtExecutableReferenceImpl) <init>[0m
  [34mIgnoring implicit executable reference: (CtExecutableReferenceImpl) <init>[0m
  [34mIgnoring implicit executable reference: (CtExecutableReferenceImpl) <init>[0m
  [34mIgnoring implicit executable reference: (CtExecutableReferenceImpl) <init>[0m
  [34mIgnoring implicit executable reference: (CtExecutableReferenceImpl) <init>[0m
  [34mIgnoring implicit executable reference: (CtExecutableReferenceImpl) <init>[0m
  [34mIgnoring implicit executable reference: (CtExecutableReferenceImpl) <init>[0m
  [34mIgnoring implicit executable reference: (CtExecutableReferenceImpl) <init>[0m
  [34mIgnoring implicit executable reference: (CtExecutableReferenceImpl) <init>[0m
  [34mIgnoring implicit executable reference: (CtExecutableReferenceImpl) <init>[0m
  [34mIgnoring implicit executable reference: (CtExecutableReferenceImpl) <init>[0m
  [34mIgnoring implicit executable reference: (CtExecutableReferenceImpl) <init>[0m
  [34mIgnoring implicit executable reference: (CtExecutableReferenceImpl) <init>[0m
  [34mIgnoring implicit executable reference: (CtExecutableReferenceImpl) <init>[0m
  [34mIgnoring implicit executable reference: (CtExecutableReferenceImpl) <init>[0m
  [34mIgnoring implicit executable reference: (CtExecutableReferenceImpl) <init>[0m
  [34mIgnoring implicit executable reference: (CtExecutableReferenceImpl) <init>[0m
  [34mIgnoring implicit executable reference: (CtExecutableReferenceImpl) <init>[0m
  [34mIgnoring implicit executable reference: (CtExecutableReferenceImpl) <init>[0m
  [34mIgnoring implicit executable reference: (CtExecutableReferenceImpl) <init>[0m
  [34mIgnoring implicit executable reference: (CtExecutableReferenceImpl) <init>[0m
  [34mIgnoring implicit executable reference: (CtExecutableReferenceImpl) <init>[0m
  [34mIgnoring implicit executable reference: (CtExecutableReferenceImpl) <init>[0m
  [34mIgnoring implicit executable reference: (CtExecutableReferenceImpl) <init>[0m
  [34mIgnoring implicit executable reference: (CtExecutableReferenceImpl) <init>[0m
  [34mIgnoring implicit executable reference: (CtExecutableReferenceImpl) <init>[0m
  [34mIgnoring implicit executable reference: (CtExecutableReferenceImpl) <init>[0m
  [34mIgnoring implicit executable reference: (CtExecutableReferenceImpl) <init>[0m
  [34mIgnoring implicit executable reference: (CtExecutableReferenceImpl) <init>[0m
  [34mIgnoring implicit executable reference: (CtExecutableReferenceImpl) <init>[0m
  [34mIgnoring implicit executable reference: (CtExecutableReferenceImpl) <init>[0m
  [34mIgnoring implicit executable reference: (CtExecutableReferenceImpl) <init>[0m
  [34mIgnoring implicit executable reference: (CtExecutableReferenceImpl) <init>[0m
  [34mIgnoring implicit executable reference: (CtExecutableReferenceImpl) <init>[0m
  [34mIgnoring implicit executable reference: (CtExecutableReferenceImpl) <init>[0m
  [34mIgnoring implicit executable reference: (CtExecutableReferenceImpl) <init>[0m
  [34mIgnoring implicit executable reference: (CtExecutableReferenceImpl) <init>[0m
  [34mIgnoring implicit executable reference: (CtExecutableReferenceImpl) <init>[0m
  [34mIgnoring implicit executable reference: (CtExecutableReferenceImpl) <init>[0m
  [34mIgnoring implicit executable reference: (CtExecutableReferenceImpl) <init>[0m
  [34mIgnoring implicit executable reference: (CtExecutableReferenceImpl) <init>[0m
  [34mIgnoring implicit executable reference: (CtExecutableReferenceImpl) <init>[0m
  [34mIgnoring implicit executable reference: (CtExecutableReferenceImpl) <init>[0m
  [34mIgnoring implicit executable reference: (CtExecutableReferenceImpl) <init>[0m
  [34mIgnoring implicit executable reference: (CtExecutableReferenceImpl) <init>[0m
  [34mIgnoring implicit executable reference: (CtExecutableReferenceImpl) <init>[0m
  [34mIgnoring implicit executable reference: (CtExecutableReferenceImpl) <init>[0m
  [34mIgnoring implicit executable reference: (CtExecutableReferenceImpl) <init>[0m
  [34mIgnoring implicit executable reference: (CtExecutableReferenceImpl) <init>[0m
  [34mIgnoring implicit executable reference: (CtExecutableReferenceImpl) <init>[0m
  [34mIgnoring implicit executable reference: (CtExecutableReferenceImpl) <init>[0m
  [34mIgnoring implicit executable reference: (CtExecutableReferenceImpl) <init>[0m
  [34mIgnoring implicit executable reference: (CtExecutableReferenceImpl) <init>[0m
  [34mIgnoring implicit executable reference: (CtExecutableReferenceImpl) <init>[0m
  [34mIgnoring implicit executable reference: (CtExecutableReferenceImpl) <init>[0m
  [34mIgnoring implicit executable reference: (CtExecutableReferenceImpl) <init>[0m
  [34mIgnoring implicit executable reference: (CtExecutableReferenceImpl) <init>[0m
  [34mIgnoring implicit executable reference: (CtExecutableReferenceImpl) <init>[0m
  [34mIgnoring implicit executable reference: (CtExecutableReferenceImpl) <init>[0m
  [34mIgnoring implicit executable reference: (CtExecutableReferenceImpl) <init>[0m
  Pending package javax.net.ssl
  [34mIgnoring implicit executable reference: (CtExecutableReferenceImpl) <init>[0m
  [34mIgnoring implicit executable reference: (CtExecutableReferenceImpl) <init>[0m
  [34mIgnoring implicit executable reference: (CtExecutableReferenceImpl) <init>[0m
  [34mIgnoring implicit executable reference: (CtExecutableReferenceImpl) <init>[0m
  [34mIgnoring implicit executable reference: (CtExecutableReferenceImpl) <init>[0m
  [34mIgnoring implicit executable reference: (CtExecutableReferenceImpl) <init>[0m
  [34mIgnoring implicit executable reference: (CtExecutableReferenceImpl) <init>[0m
  [34mIgnoring implicit executable reference: (CtExecutableReferenceImpl) <init>[0m
  [34mIgnoring implicit executable reference: (CtExecutableReferenceImpl) <init>[0m
  [34mIgnoring implicit executable reference: (CtExecutableReferenceImpl) <init>[0m
  [34mIgnoring implicit executable reference: (CtExecutableReferenceImpl) <init>[0m
  [34mIgnoring implicit executable reference: (CtExecutableReferenceImpl) <init>[0m
  [34mIgnoring implicit executable reference: (CtExecutableReferenceImpl) <init>[0m
  Pending package java.security
  [34mIgnoring implicit executable reference: (CtExecutableReferenceImpl) <init>[0m
  [34mIgnoring implicit executable reference: (CtExecutableReferenceImpl) <init>[0m
  [34mIgnoring implicit executable reference: (CtExecutableReferenceImpl) <init>[0m
  [34mIgnoring implicit executable reference: (CtExecutableReferenceImpl) <init>[0m
  [34mIgnoring implicit executable reference: (CtExecutableReferenceImpl) <init>[0m
  [34mUnused type args: [? @ src/main/java/org/apache/commons/net/util/SSLSocketUtils.java:42:19][0m
  [34mUnused type args: [?][0m
  [34mUnused type args: [?][0m
  [34mUnused type args: [?][0m
  [34mSkipping selection with no field declaration: (CtFieldReferenceImpl) class[0m
  [34mSkipping selection with no field declaration: (CtFieldReferenceImpl) class[0m
  [34mSkipping selection with no field declaration: (CtFieldReferenceImpl) class[0m
  [34mSkipping selection with no field declaration: (CtFieldReferenceImpl) class[0m
  [34mUnused type args: [?][0m
  [34mSkipping selection with no field declaration: (CtFieldReferenceImpl) class[0m
  [34mSkipping selection with no field declaration: (CtFieldReferenceImpl) class[0m
  [34mUnused type args: [?][0m
  [34mUnused type args: [?][0m
  [34mIgnoring implicit executable reference: (CtExecutableReferenceImpl) <init>[0m
  [34mIgnoring implicit executable reference: (CtExecutableReferenceImpl) <init>[0m
  getting parent type for (CtClassImpl) MboxListener @ src/main/java/org/apache/commons/net/examples/mail/IMAPExportMbox.java:330:26
  Pending package org.apache.commons.net.imap
  getting parent type for (CtEnumImpl) IMAPState @ src/main/java/org/apache/commons/net/imap/IMAP.java:42:17
  getting parent type for (CtInterfaceImpl) IMAPChunkListener @ src/main/java/org/apache/commons/net/imap/IMAP.java:72:22
  [34mskipping default constructor: org.apache.commons.net.examples.mail.IMAPExportMbox()[0m
  [34mskipping default constructor: org.apache.commons.net.examples.mail.IMAPImportMbox()[0m
  getting parent type for (CtEnumImpl) STATUS_DATA_ITEMS @ src/main/java/org/apache/commons/net/imap/IMAPClient.java:438:17
  getting parent type for (CtEnumImpl) SEARCH_CRITERIA @ src/main/java/org/apache/commons/net/imap/IMAPClient.java:455:17
  getting parent type for (CtEnumImpl) FETCH_ITEM_NAMES @ src/main/java/org/apache/commons/net/imap/IMAPClient.java:594:17
  [34mskipping default constructor: org.apache.commons.net.imap.IMAPClient()[0m
  [34mskipping default constructor: org.apache.commons.net.examples.mail.IMAPMail()[0m
  [34mskipping default constructor: org.apache.commons.net.examples.mail.IMAPUtils()[0m
  [34mskipping default constructor: org.apache.commons.net.examples.mail.POP3ExportMbox()[0m
  Pending package org.apache.commons.net.pop3
  [34mskipping default constructor: org.apache.commons.net.pop3.POP3Client()[0m
  [34mskipping default constructor: org.apache.commons.net.examples.mail.POP3Mail()[0m
  [34mskipping default constructor: org.apache.commons.net.examples.mail.SMTPMail()[0m
  [34mIgnoring implicit executable reference: (CtExecutableReferenceImpl) <init>[0m
  [34mIgnoring implicit executable reference: (CtExecutableReferenceImpl) <init>[0m
  [34mIgnoring implicit executable reference: (CtExecutableReferenceImpl) <init>[0m
  [34mIgnoring implicit executable reference: (CtExecutableReferenceImpl) <init>[0m
  [34mIgnoring implicit executable reference: (CtExecutableReferenceImpl) <init>[0m
  [34mIgnoring implicit executable reference: (CtExecutableReferenceImpl) <init>[0m
  [34mIgnoring implicit executable reference: (CtExecutableReferenceImpl) <init>[0m
  [34mIgnoring implicit executable reference: (CtExecutableReferenceImpl) <init>[0m
  [34mIgnoring implicit executable reference: (CtExecutableReferenceImpl) <init>[0m
  [34mIgnoring implicit executable reference: (CtExecutableReferenceImpl) <init>[0m
  [34mIgnoring implicit executable reference: (CtExecutableReferenceImpl) <init>[0m
  [34mIgnoring implicit executable reference: (CtExecutableReferenceImpl) <init>[0m
  [34mIgnoring implicit executable reference: (CtExecutableReferenceImpl) <init>[0m
  [34mIgnoring implicit executable reference: (CtExecutableReferenceImpl) <init>[0m
  [34mUnused type args: [java.lang.String][0m
  [34mIgnoring implicit executable reference: (CtExecutableReferenceImpl) <init>[0m
  [34mIgnoring implicit executable reference: (CtExecutableReferenceImpl) <init>[0m
  [34mIgnoring implicit executable reference: (CtExecutableReferenceImpl) <init>[0m
  [34mIgnoring implicit executable reference: (CtExecutableReferenceImpl) <init>[0m
  [34mIgnoring implicit executable reference: (CtExecutableReferenceImpl) <init>[0m
  [34mIgnoring implicit executable reference: (CtExecutableReferenceImpl) <init>[0m
  [34mIgnoring implicit executable reference: (CtExecutableReferenceImpl) <init>[0m
  [34mIgnoring implicit executable reference: (CtExecutableReferenceImpl) <init>[0m
  [34mIgnoring implicit executable reference: (CtExecutableReferenceImpl) <init>[0m
  [34mIgnoring implicit executable reference: (CtExecutableReferenceImpl) <init>[0m
  [34mIgnoring implicit executable reference: (CtExecutableReferenceImpl) <init>[0m
  [34mIgnoring implicit executable reference: (CtExecutableReferenceImpl) <init>[0m
  [34mUnused type args: [java.lang.String][0m
  [34mUnused type args: [java.lang.String][0m
  [34mIgnoring implicit executable reference: (CtExecutableReferenceImpl) <init>[0m
  [34mIgnoring implicit executable reference: (CtExecutableReferenceImpl) <init>[0m
  [34mUnused type args: [java.lang.String][0m
  [34mIgnoring implicit executable reference: (CtExecutableReferenceImpl) <init>[0m
  [34mIgnoring implicit executable reference: (CtExecutableReferenceImpl) <init>[0m
  [34mIgnoring implicit executable reference: (CtExecutableReferenceImpl) <init>[0m
  [34mIgnoring implicit executable reference: (CtExecutableReferenceImpl) <init>[0m
  [34mIgnoring implicit executable reference: (CtExecutableReferenceImpl) <init>[0m
  [34mIgnoring implicit executable reference: (CtExecutableReferenceImpl) <init>[0m
  [34mIgnoring implicit executable reference: (CtExecutableReferenceImpl) <init>[0m
  [34mIgnoring implicit executable reference: (CtExecutableReferenceImpl) <init>[0m
  [34mIgnoring implicit executable reference: (CtExecutableReferenceImpl) <init>[0m
  [34mUnused type args: [java.lang.String][0m
  [34mUnused type args: [java.lang.String][0m
  [34mIgnoring implicit executable reference: (CtExecutableReferenceImpl) <init>[0m
  [34mUnused type args: [java.lang.String @ src/main/java/org/apache/commons/net/imap/IMAP.java:124:37][0m
  [34mIgnoring implicit executable reference: (CtExecutableReferenceImpl) <init>[0m
  [34mUnused type args: [java.lang.String][0m
  [34mUnused type args: [java.lang.String][0m
  [34mUnused type args: [java.lang.String][0m
  [34mUnused type args: [java.lang.String][0m
  [34mIgnoring implicit executable reference: (CtExecutableReferenceImpl) <init>[0m
  [34mIgnoring implicit executable reference: (CtExecutableReferenceImpl) <init>[0m
  [34mUnused type args: [java.lang.String][0m
  [34mIgnoring implicit executable reference: (CtExecutableReferenceImpl) <init>[0m
  [34mIgnoring implicit executable reference: (CtExecutableReferenceImpl) <init>[0m
  [34mIgnoring implicit executable reference: (CtExecutableReferenceImpl) <init>[0m
  [34mIgnoring implicit executable reference: (CtExecutableReferenceImpl) <init>[0m
  [34mUnused type args: [java.lang.String @ src/main/java/org/apache/commons/net/examples/mail/SMTPMail.java:48:14][0m
  [34mIgnoring implicit executable reference: (CtExecutableReferenceImpl) <init>[0m
  [34mUnused type args: [java.lang.String @ src/main/java/org/apache/commons/net/examples/mail/SMTPMail.java:48:45][0m
  Pending package org.apache.commons.net.smtp
  [34mIgnoring implicit executable reference: (CtExecutableReferenceImpl) <init>[0m
  [34mIgnoring implicit executable reference: (CtExecutableReferenceImpl) <init>[0m
  [34mIgnoring implicit executable reference: (CtExecutableReferenceImpl) <init>[0m
  [34mUnused type args: [java.lang.String][0m
  [34mIgnoring implicit executable reference: (CtExecutableReferenceImpl) <init>[0m
  [34mIgnoring implicit executable reference: (CtExecutableReferenceImpl) <init>[0m
  [34mIgnoring implicit executable reference: (CtExecutableReferenceImpl) <init>[0m
  [34mIgnoring implicit executable reference: (CtExecutableReferenceImpl) <init>[0m
  [34mUnused type args: [java.lang.String][0m
  [34mUnused type args: [java.lang.String][0m
  [34mIgnoring implicit executable reference: (CtExecutableReferenceImpl) <init>[0m
  [34mIgnoring implicit executable reference: (CtExecutableReferenceImpl) <init>[0m
  [34mIgnoring implicit executable reference: (CtExecutableReferenceImpl) <init>[0m
  [34mIgnoring implicit executable reference: (CtExecutableReferenceImpl) <init>[0m
  [34mUnused type args: [java.lang.String][0m
  [34mUnused type args: [java.lang.String][0m
  [34mUnused type args: [java.lang.String][0m
  [34mUnused type args: [java.lang.String][0m
  [34mUnused type args: [java.lang.String][0m
  [34mUnused type args: [java.lang.String][0m
  [34mIgnoring implicit executable reference: (CtExecutableReferenceImpl) <init>[0m
  [34mIgnoring implicit executable reference: (CtExecutableReferenceImpl) <init>[0m
  [34mIgnoring implicit executable reference: (CtExecutableReferenceImpl) <init>[0m
  [34mIgnoring implicit executable reference: (CtExecutableReferenceImpl) <init>[0m
  [34mUnused type args: [java.lang.String][0m
  [34mUnused type args: [java.lang.String][0m
  [34mIgnoring implicit executable reference: (CtExecutableReferenceImpl) <init>[0m
  [34mUnused type args: [java.lang.String @ src/main/java/org/apache/commons/net/pop3/POP3.java:105:37][0m
  [34mIgnoring implicit executable reference: (CtExecutableReferenceImpl) <init>[0m
  [34mIgnoring implicit executable reference: (CtExecutableReferenceImpl) <init>[0m
  [34mIgnoring implicit executable reference: (CtExecutableReferenceImpl) <init>[0m
  [34mIgnoring implicit executable reference: (CtExecutableReferenceImpl) <init>[0m
  [34mIgnoring implicit executable reference: (CtExecutableReferenceImpl) <init>[0m
  [34mIgnoring implicit executable reference: (CtExecutableReferenceImpl) <init>[0m
  [34mIgnoring implicit executable reference: (CtExecutableReferenceImpl) <init>[0m
  [34mUnused type args: [java.lang.String][0m
  [34mUnused type args: [java.lang.String @ src/main/java/org/apache/commons/net/pop3/POP3Client.java:420:22][0m
  [34mUnused type args: [java.lang.String][0m
  [34mUnused type args: [java.lang.String][0m
  [34mUnused type args: [java.lang.String][0m
  [34mIgnoring implicit executable reference: (CtExecutableReferenceImpl) <init>[0m
  [34mIgnoring implicit executable reference: (CtExecutableReferenceImpl) <init>[0m
  [34mIgnoring implicit executable reference: (CtExecutableReferenceImpl) <init>[0m
  [34mIgnoring implicit executable reference: (CtExecutableReferenceImpl) <init>[0m
  [34mIgnoring implicit executable reference: (CtExecutableReferenceImpl) <init>[0m
  [34mUnused type args: [java.lang.String @ src/main/java/org/apache/commons/net/examples/mail/IMAPImportMbox.java:78:14][0m
  [34mIgnoring implicit executable reference: (CtExecutableReferenceImpl) <init>[0m
  [34mUnused type args: [java.lang.String @ src/main/java/org/apache/commons/net/examples/mail/IMAPImportMbox.java:78:47][0m
  [34mIgnoring implicit executable reference: (CtExecutableReferenceImpl) <init>[0m
  [34mUnused type args: [java.lang.String][0m
  [34mIgnoring implicit executable reference: (CtExecutableReferenceImpl) <init>[0m
  [34mIgnoring implicit executable reference: (CtExecutableReferenceImpl) <init>[0m
  [34mIgnoring implicit executable reference: (CtExecutableReferenceImpl) <init>[0m
  [34mUnused type args: [java.lang.String][0m
  [34mUnused type args: [java.lang.String][0m
  [34mUnused type args: [java.lang.String][0m
  [34mUnused type args: [java.lang.String @ src/main/java/org/apache/commons/net/pop3/POP3Client.java:491:22][0m
  [34mUnused type args: [java.lang.String][0m
  [34mUnused type args: [java.lang.String][0m
  [34mUnused type args: [java.lang.String][0m
  [34mIgnoring implicit executable reference: (CtExecutableReferenceImpl) <init>[0m
  [34mIgnoring implicit executable reference: (CtExecutableReferenceImpl) <init>[0m
  [34mIgnoring implicit executable reference: (CtExecutableReferenceImpl) <init>[0m
  [34mIgnoring implicit executable reference: (CtExecutableReferenceImpl) <init>[0m
  [34mUnused type args: [java.lang.String][0m
  [34mIgnoring implicit executable reference: (CtExecutableReferenceImpl) <init>[0m
  [34mIgnoring implicit executable reference: (CtExecutableReferenceImpl) <init>[0m
  [34mIgnoring implicit executable reference: (CtExecutableReferenceImpl) <init>[0m
  [34mIgnoring implicit executable reference: (CtExecutableReferenceImpl) <init>[0m
  [34mIgnoring implicit executable reference: (CtExecutableReferenceImpl) <init>[0m
  [34mIgnoring implicit executable reference: (CtExecutableReferenceImpl) <init>[0m
  [34mIgnoring implicit executable reference: (CtExecutableReferenceImpl) <init>[0m
  [34mIgnoring implicit executable reference: (CtExecutableReferenceImpl) <init>[0m
  [34mIgnoring implicit executable reference: (CtExecutableReferenceImpl) <init>[0m
  [34mIgnoring implicit executable reference: (CtExecutableReferenceImpl) <init>[0m
  [34mIgnoring implicit executable reference: (CtExecutableReferenceImpl) <init>[0m
  [34mIgnoring implicit executable reference: (CtExecutableReferenceImpl) <init>[0m
  [34mIgnoring implicit executable reference: (CtExecutableReferenceImpl) <init>[0m
  [34mIgnoring implicit executable reference: (CtExecutableReferenceImpl) <init>[0m
  [34mIgnoring implicit executable reference: (CtExecutableReferenceImpl) <init>[0m
  [34mIgnoring implicit executable reference: (CtExecutableReferenceImpl) <init>[0m
  [34mIgnoring anonymous type: (CtTypeReferenceImpl) org.apache.commons.net.examples.mail.IMAPExportMbox$1[0m
  [34mIgnoring implicit executable reference: (CtExecutableReferenceImpl) <init>[0m
  [34mIgnoring anonymous type: (CtTypeReferenceImpl) org.apache.commons.net.examples.mail.IMAPExportMbox$1[0m
  [34mIgnoring anonymous object declaration: (CtClassImpl) 1 @ src/main/java/org/apache/commons/net/examples/mail/IMAPExportMbox.java:222:90[0m
  [34mIgnoring implicit executable reference: (CtExecutableReferenceImpl) <init>[0m
  [34mIgnoring implicit executable reference: (CtExecutableReferenceImpl) <init>[0m
  [34mIgnoring method of an anonymous declaring type: (CtMethodImpl) protocolReplyReceived @ src/main/java/org/apache/commons/net/examples/mail/IMAPExportMbox.java:224:25 in (CtClassImpl) 1 @ src/main/java/org/apache/commons/net/examples/mail/IMAPExportMbox.java:222:90[0m
  [34mIgnoring implicit executable reference: (CtExecutableReferenceImpl) <init>[0m
  [34mIgnoring implicit executable reference: (CtExecutableReferenceImpl) <init>[0m
  [34mUnused type args: [java.lang.String @ src/main/java/org/apache/commons/net/examples/mail/IMAPExportMbox.java:293:32][0m
  [34mUnused type args: [java.lang.String][0m
  [34mUnused type args: [java.lang.String][0m
  [34mUnused type args: [java.lang.String][0m
  [34mIgnoring implicit executable reference: (CtExecutableReferenceImpl) <init>[0m
  [34mUnused type args: [java.lang.String][0m
  [34mUnused type args: [java.lang.String][0m
  [34mIgnoring implicit executable reference: (CtExecutableReferenceImpl) <init>[0m
  [34mIgnoring implicit executable reference: (CtExecutableReferenceImpl) <init>[0m
  [34mIgnoring implicit executable reference: (CtExecutableReferenceImpl) <init>[0m
  [34mUnused type args: [java.lang.String][0m
  [34mIgnoring implicit executable reference: (CtExecutableReferenceImpl) <init>[0m
  [34mUnused type args: [java.lang.String][0m
  [34mIgnoring implicit executable reference: (CtExecutableReferenceImpl) <init>[0m
  [34mUnused type args: [java.lang.String][0m
  [34mUnused type args: [java.lang.String][0m
  [34mIgnoring implicit executable reference: (CtExecutableReferenceImpl) <init>[0m
  [34mUnused type args: [java.lang.String][0m
  [34mIgnoring implicit executable reference: (CtExecutableReferenceImpl) <init>[0m
  [34mIgnoring implicit executable reference: (CtExecutableReferenceImpl) <init>[0m
  [34mIgnoring implicit executable reference: (CtExecutableReferenceImpl) <init>[0m
  [34mIgnoring implicit executable reference: (CtExecutableReferenceImpl) <init>[0m
  [34mUnused type args: [java.lang.String][0m
  [34mIgnoring implicit executable reference: (CtExecutableReferenceImpl) <init>[0m
  [34mIgnoring implicit executable reference: (CtExecutableReferenceImpl) <init>[0m
  [34mIgnoring implicit executable reference: (CtExecutableReferenceImpl) <init>[0m
  [34mIgnoring implicit executable reference: (CtExecutableReferenceImpl) <init>[0m
  [34mIgnoring implicit executable reference: (CtExecutableReferenceImpl) <init>[0m
  [34mIgnoring implicit executable reference: (CtExecutableReferenceImpl) <init>[0m
  [34mIgnoring implicit executable reference: (CtExecutableReferenceImpl) <init>[0m
  [34mIgnoring implicit executable reference: (CtExecutableReferenceImpl) <init>[0m
  [34mIgnoring implicit executable reference: (CtExecutableReferenceImpl) <init>[0m
  [34mUnused type args: [java.lang.String @ src/main/java/org/apache/commons/net/smtp/RelayPath.java:75:21][0m
  [34mUnused type args: [java.lang.String][0m
  [34mUnused type args: [java.lang.String][0m
  [34mUnused type args: [java.lang.String][0m
  [34mUnused type args: [java.lang.String][0m
  [34mUnused type args: [java.lang.String][0m
  [34mUnused type args: [java.lang.String][0m
  [34mUnused type args: [java.lang.String][0m
  [34mUnused type args: [java.lang.String][0m
  [34mIgnoring implicit executable reference: (CtExecutableReferenceImpl) <init>[0m
  [34mIgnoring implicit executable reference: (CtExecutableReferenceImpl) <init>[0m
  [34mUnused type args: [java.lang.String][0m
  [34mUnused type args: [java.lang.String][0m
  [34mIgnoring implicit executable reference: (CtExecutableReferenceImpl) <init>[0m
  [34mUnused type args: [java.lang.String @ src/main/java/org/apache/commons/net/smtp/SMTP.java:132:37][0m
  [34mIgnoring implicit executable reference: (CtExecutableReferenceImpl) <init>[0m
  [34mIgnoring implicit executable reference: (CtExecutableReferenceImpl) <init>[0m
  [34mIgnoring implicit executable reference: (CtExecutableReferenceImpl) <init>[0m
  [34mIgnoring implicit executable reference: (CtExecutableReferenceImpl) <init>[0m
  [34mIgnoring implicit executable reference: (CtExecutableReferenceImpl) <init>[0m
  [34mIgnoring implicit executable reference: (CtExecutableReferenceImpl) <init>[0m
  [34mIgnoring implicit executable reference: (CtExecutableReferenceImpl) <init>[0m
  [34mIgnoring implicit executable reference: (CtExecutableReferenceImpl) <init>[0m
  [34mIgnoring implicit executable reference: (CtExecutableReferenceImpl) <init>[0m
  [34mUnused type args: [java.lang.String][0m
  [34mIgnoring implicit executable reference: (CtExecutableReferenceImpl) <init>[0m
  [34mIgnoring implicit executable reference: (CtExecutableReferenceImpl) <init>[0m
  [34mIgnoring implicit executable reference: (CtExecutableReferenceImpl) <init>[0m
  [34mIgnoring implicit executable reference: (CtExecutableReferenceImpl) <init>[0m
  [34mIgnoring implicit executable reference: (CtExecutableReferenceImpl) <init>[0m
  [34mIgnoring implicit executable reference: (CtExecutableReferenceImpl) <init>[0m
  [34mIgnoring implicit executable reference: (CtExecutableReferenceImpl) <init>[0m
  [34mIgnoring implicit executable reference: (CtExecutableReferenceImpl) <init>[0m
  [34mIgnoring implicit executable reference: (CtExecutableReferenceImpl) <init>[0m
  [34mIgnoring implicit executable reference: (CtExecutableReferenceImpl) <init>[0m
  [34mIgnoring implicit executable reference: (CtExecutableReferenceImpl) <init>[0m
  [34mIgnoring implicit executable reference: (CtExecutableReferenceImpl) <init>[0m
  [34mIgnoring implicit executable reference: (CtExecutableReferenceImpl) <init>[0m
  [34mIgnoring implicit executable reference: (CtExecutableReferenceImpl) <init>[0m
  [34mIgnoring implicit executable reference: (CtExecutableReferenceImpl) <init>[0m
  [34mUnused type args: [java.lang.String][0m
  [34mIgnoring implicit executable reference: (CtExecutableReferenceImpl) <init>[0m
  [34mIgnoring implicit executable reference: (CtExecutableReferenceImpl) <init>[0m
  [34mIgnoring implicit executable reference: (CtExecutableReferenceImpl) <init>[0m
  [34mUnused type args: [java.lang.String][0m
  [34mIgnoring implicit executable reference: (CtExecutableReferenceImpl) <init>[0m
  [34mUnused type args: [java.lang.String][0m
  [34mIgnoring implicit executable reference: (CtExecutableReferenceImpl) <init>[0m
  [34mIgnoring implicit executable reference: (CtExecutableReferenceImpl) <init>[0m
  [34mIgnoring implicit executable reference: (CtExecutableReferenceImpl) <init>[0m
  [34mIgnoring implicit executable reference: (CtExecutableReferenceImpl) <init>[0m
  [34mIgnoring implicit executable reference: (CtExecutableReferenceImpl) <init>[0m
  [34mIgnoring implicit executable reference: (CtExecutableReferenceImpl) <init>[0m
  [34mUnused type args: [java.lang.String][0m
  [34mIgnoring implicit executable reference: (CtExecutableReferenceImpl) <init>[0m
  [34mIgnoring implicit executable reference: (CtExecutableReferenceImpl) <init>[0m
  [34mIgnoring implicit executable reference: (CtExecutableReferenceImpl) <init>[0m
  [34mIgnoring implicit executable reference: (CtExecutableReferenceImpl) <init>[0m
  [34mIgnoring implicit executable reference: (CtExecutableReferenceImpl) <init>[0m
  [34mUnused type args: [java.lang.String][0m
  [34mUnused type args: [java.lang.String][0m
  [34mUnused type args: [java.lang.String][0m
  [34mUnused type args: [java.lang.String][0m
  [34mIgnoring implicit executable reference: (CtExecutableReferenceImpl) <init>[0m
  [34mIgnoring implicit executable reference: (CtExecutableReferenceImpl) <init>[0m
  [34mIgnoring implicit executable reference: (CtExecutableReferenceImpl) <init>[0m
  [34mIgnoring implicit executable reference: (CtExecutableReferenceImpl) <init>[0m
  [34mIgnoring implicit executable reference: (CtExecutableReferenceImpl) <init>[0m
  [34mIgnoring implicit executable reference: (CtExecutableReferenceImpl) <init>[0m
  [34mIgnoring implicit executable reference: (CtExecutableReferenceImpl) <init>[0m
  [34mIgnoring implicit executable reference: (CtExecutableReferenceImpl) <init>[0m
  [34mIgnoring implicit executable reference: (CtExecutableReferenceImpl) <init>[0m
  [34mIgnoring implicit executable reference: (CtExecutableReferenceImpl) <init>[0m
  [34mIgnoring implicit executable reference: (CtExecutableReferenceImpl) <init>[0m
  [34mIgnoring implicit executable reference: (CtExecutableReferenceImpl) <init>[0m
  [34mIgnoring implicit executable reference: (CtExecutableReferenceImpl) <init>[0m
  [34mIgnoring implicit executable reference: (CtExecutableReferenceImpl) <init>[0m
  [34mIgnoring implicit executable reference: (CtExecutableReferenceImpl) <init>[0m
  [34mIgnoring implicit executable reference: (CtExecutableReferenceImpl) <init>[0m
  [34mIgnoring implicit executable reference: (CtExecutableReferenceImpl) <init>[0m
  [34mIgnoring implicit executable reference: (CtExecutableReferenceImpl) <init>[0m
  [34mUnused type args: [java.lang.String][0m
  [34mUnused type args: [java.lang.String][0m
  [34mIgnoring implicit executable reference: (CtExecutableReferenceImpl) <init>[0m
  [34mUnused type args: [java.lang.String @ src/main/java/org/apache/commons/net/smtp/RelayPath.java:45:28][0m
  [34mIgnoring implicit executable reference: (CtExecutableReferenceImpl) <init>[0m
  [34mIgnoring implicit executable reference: (CtExecutableReferenceImpl) <init>[0m
  [34mIgnoring implicit executable reference: (CtExecutableReferenceImpl) <init>[0m
  [34mIgnoring implicit executable reference: (CtExecutableReferenceImpl) <init>[0m
  [34mIgnoring implicit executable reference: (CtExecutableReferenceImpl) <init>[0m
  [34mIgnoring implicit executable reference: (CtExecutableReferenceImpl) <init>[0m
  [34mIgnoring implicit executable reference: (CtExecutableReferenceImpl) <init>[0m
  [34mIgnoring implicit executable reference: (CtExecutableReferenceImpl) <init>[0m
  [34mIgnoring implicit executable reference: (CtExecutableReferenceImpl) <init>[0m
  [34mIgnoring implicit executable reference: (CtExecutableReferenceImpl) <init>[0m
  [34mIgnoring implicit executable reference: (CtExecutableReferenceImpl) <init>[0m
  [34mIgnoring implicit executable reference: (CtExecutableReferenceImpl) <init>[0m
  [34mIgnoring implicit executable reference: (CtExecutableReferenceImpl) <init>[0m
  [34mIgnoring implicit executable reference: (CtExecutableReferenceImpl) <init>[0m
  [34mIgnoring implicit executable reference: (CtExecutableReferenceImpl) <init>[0m
  [34mIgnoring implicit executable reference: (CtExecutableReferenceImpl) <init>[0m
  [34mIgnoring implicit executable reference: (CtExecutableReferenceImpl) <init>[0m
  [34mIgnoring implicit executable reference: (CtExecutableReferenceImpl) <init>[0m
  [34mIgnoring implicit executable reference: (CtExecutableReferenceImpl) <init>[0m
  [34mIgnoring implicit executable reference: (CtExecutableReferenceImpl) <init>[0m
  [34mIgnoring implicit executable reference: (CtExecutableReferenceImpl) <init>[0m
  [34mIgnoring implicit executable reference: (CtExecutableReferenceImpl) <init>[0m
  [34mIgnoring implicit executable reference: (CtExecutableReferenceImpl) <init>[0m
  [34mskipping default constructor: org.apache.commons.net.examples.cidr.SubnetUtilsExample()[0m
  getting parent type for (CtClassImpl) SubnetInfo @ src/main/java/org/apache/commons/net/util/SubnetUtils.java:128:24
  [34mIgnoring implicit executable reference: (CtExecutableReferenceImpl) <init>[0m
  [34mIgnoring implicit executable reference: (CtExecutableReferenceImpl) <init>[0m
  [34mIgnoring implicit executable reference: (CtExecutableReferenceImpl) <init>[0m
  [34mIgnoring implicit executable reference: (CtExecutableReferenceImpl) <init>[0m
  [34mIgnoring implicit executable reference: (CtExecutableReferenceImpl) <init>[0m
  [34mIgnoring implicit executable reference: (CtExecutableReferenceImpl) <init>[0m
  [34mIgnoring implicit executable reference: (CtExecutableReferenceImpl) <init>[0m
  [34mIgnoring implicit executable reference: (CtExecutableReferenceImpl) <init>[0m
  [34mIgnoring implicit executable reference: (CtExecutableReferenceImpl) <init>[0m
  [34mIgnoring implicit executable reference: (CtExecutableReferenceImpl) <init>[0m
  [34mIgnoring implicit executable reference: (CtExecutableReferenceImpl) <init>[0m
  [34mIgnoring implicit executable reference: (CtExecutableReferenceImpl) <init>[0m
  [34mIgnoring implicit executable reference: (CtExecutableReferenceImpl) <init>[0m
  [34mIgnoring implicit executable reference: (CtExecutableReferenceImpl) <init>[0m
  [34mIgnoring implicit executable reference: (CtExecutableReferenceImpl) <init>[0m
  [34mIgnoring implicit executable reference: (CtExecutableReferenceImpl) <init>[0m
  [34mskipping default constructor: org.apache.commons.net.ftp.FTPSCommand()[0m
  [34mskipping default constructor: org.apache.commons.net.ftp.FTPSTrustManager()[0m
  [34mskipping default constructor: org.apache.commons.net.nntp.ArticlePointer()[0m
  [34mskipping default constructor: org.apache.commons.net.nntp.NNTPClient()[0m
  [34mskipping default constructor: org.apache.commons.net.nntp.NewsgroupInfo()[0m
  [34mskipping default constructor: org.apache.commons.net.nntp.ThreadContainer()[0m
  [34mskipping default constructor: org.apache.commons.net.nntp.Threader()[0m
  [34mIgnoring implicit executable reference: (CtExecutableReferenceImpl) <init>[0m
  [34mIgnoring implicit executable reference: (CtExecutableReferenceImpl) <init>[0m
  [34mUnused type args: [java.lang.String][0m
  [34mIgnoring implicit executable reference: (CtExecutableReferenceImpl) <init>[0m
  [34mUnused type args: [java.lang.String @ src/main/java/org/apache/commons/net/nntp/NNTPClient.java:1267:16][0m
  [34mIgnoring implicit executable reference: (CtExecutableReferenceImpl) <init>[0m
  [34mUnused type args: [java.lang.String @ src/main/java/org/apache/commons/net/nntp/NNTPClient.java:1267:42][0m
  [34mIgnoring implicit executable reference: (CtExecutableReferenceImpl) <init>[0m
  [34mUnused type args: [java.lang.String][0m
  [34mUnused type args: [java.lang.String][0m
  [34mUnused type args: [java.lang.String][0m
  [34mIgnoring implicit executable reference: (CtExecutableReferenceImpl) <init>[0m
  [34mIgnoring implicit executable reference: (CtExecutableReferenceImpl) <init>[0m
  [34mIgnoring implicit executable reference: (CtExecutableReferenceImpl) <init>[0m
  [34mIgnoring implicit executable reference: (CtExecutableReferenceImpl) <init>[0m
  [34mIgnoring implicit executable reference: (CtExecutableReferenceImpl) <init>[0m
  [34mUnused type args: [org.apache.commons.net.nntp.NewsgroupInfo @ src/main/java/org/apache/commons/net/nntp/NNTPClient.java:250:16][0m
  [34mIgnoring implicit executable reference: (CtExecutableReferenceImpl) <init>[0m
  [34mUnused type args: [org.apache.commons.net.nntp.NewsgroupInfo @ src/main/java/org/apache/commons/net/nntp/NNTPClient.java:250:49][0m
  [34mUnused type args: [org.apache.commons.net.nntp.NewsgroupInfo][0m
  [34mIgnoring implicit executable reference: (CtExecutableReferenceImpl) <init>[0m
  [34mUnused type args: [org.apache.commons.net.nntp.NewsgroupInfo][0m
  [34mUnused type args: [org.apache.commons.net.nntp.NewsgroupInfo][0m
  [34mIgnoring implicit executable reference: (CtExecutableReferenceImpl) <init>[0m
  [34mIgnoring implicit executable reference: (CtExecutableReferenceImpl) <init>[0m
  [34mIgnoring implicit executable reference: (CtExecutableReferenceImpl) <init>[0m
  [34mIgnoring implicit executable reference: (CtExecutableReferenceImpl) <init>[0m
  [34mIgnoring implicit executable reference: (CtExecutableReferenceImpl) <init>[0m
  [34mIgnoring implicit executable reference: (CtExecutableReferenceImpl) <init>[0m
  [34mUnused type args: [java.lang.String][0m
  [34mUnused type args: [java.lang.String][0m
  [34mUnused type args: [java.lang.String][0m
  [34mUnused type args: [java.lang.String][0m
  [34mIgnoring implicit executable reference: (CtExecutableReferenceImpl) <init>[0m
  [34mIgnoring implicit executable reference: (CtExecutableReferenceImpl) <init>[0m
  [34mIgnoring implicit executable reference: (CtExecutableReferenceImpl) <init>[0m
  [34mIgnoring implicit executable reference: (CtExecutableReferenceImpl) <init>[0m
  [34mUnused type args: [java.lang.String][0m
  [34mUnused type args: [java.lang.String][0m
  [34mIgnoring implicit executable reference: (CtExecutableReferenceImpl) <init>[0m
  [34mIgnoring implicit executable reference: (CtExecutableReferenceImpl) <init>[0m
  [34mIgnoring implicit executable reference: (CtExecutableReferenceImpl) <init>[0m
  [34mUnused type args: [java.lang.String][0m
  [34mIgnoring implicit executable reference: (CtExecutableReferenceImpl) <init>[0m
  [34mIgnoring implicit executable reference: (CtExecutableReferenceImpl) <init>[0m
  [34mIgnoring implicit executable reference: (CtExecutableReferenceImpl) <init>[0m
  [34mIgnoring implicit executable reference: (CtExecutableReferenceImpl) <init>[0m
  [34mIgnoring implicit executable reference: (CtExecutableReferenceImpl) <init>[0m
  [34mIgnoring implicit executable reference: (CtExecutableReferenceImpl) <init>[0m
  [34mIgnoring implicit executable reference: (CtExecutableReferenceImpl) <init>[0m
  [34mIgnoring implicit executable reference: (CtExecutableReferenceImpl) <init>[0m
  [34mUnused type args: [java.lang.String][0m
  [34mUnused type args: [java.lang.String][0m
  [34mIgnoring implicit executable reference: (CtExecutableReferenceImpl) <init>[0m
  [34mIgnoring implicit executable reference: (CtExecutableReferenceImpl) <init>[0m
  [34mIgnoring implicit executable reference: (CtExecutableReferenceImpl) <init>[0m
  [34mIgnoring implicit executable reference: (CtExecutableReferenceImpl) <init>[0m
  [34mIgnoring implicit executable reference: (CtExecutableReferenceImpl) <init>[0m
  [34mIgnoring implicit executable reference: (CtExecutableReferenceImpl) <init>[0m
  getting parent type for (CtInterfaceImpl) Entry
  [34mUnused type args: [java.util.Map$Entry @ src/main/java/org/apache/commons/net/nntp/Threader.java:216:18][0m
  [34mUnused type args: [java.lang.String @ src/main/java/org/apache/commons/net/nntp/Threader.java:216:28, org.apache.commons.net.nntp.ThreadContainer @ src/main/java/org/apache/commons/net/nntp/Threader.java:216:36][0m
  [34mUnused type args: [java.lang.String, org.apache.commons.net.nntp.ThreadContainer][0m
  [34mUnused type args: [java.util.Map$Entry][0m
  [34mUnused type args: [java.lang.String, org.apache.commons.net.nntp.ThreadContainer][0m
  [34mUnused type args: [java.util.Map$Entry][0m
  [34mUnused type args: [java.lang.String, org.apache.commons.net.nntp.ThreadContainer][0m
  [34mUnused type args: [java.util.Map$Entry][0m
  [34mUnused type args: [java.lang.String, org.apache.commons.net.nntp.ThreadContainer][0m
  [34mUnused type args: [java.lang.String @ src/main/java/org/apache/commons/net/nntp/Threader.java:219:23, org.apache.commons.net.nntp.ThreadContainer @ src/main/java/org/apache/commons/net/nntp/Threader.java:219:31][0m
  [34mUnused type args: [java.util.Map$Entry][0m
  [34mUnused type args: [java.lang.String, org.apache.commons.net.nntp.ThreadContainer][0m
  [34mUnused type args: [java.lang.String, org.apache.commons.net.nntp.ThreadContainer][0m
  [34mUnused type args: [java.lang.String, org.apache.commons.net.nntp.ThreadContainer][0m
  [34mIgnoring implicit executable reference: (CtExecutableReferenceImpl) <init>[0m
  [34mIgnoring implicit executable reference: (CtExecutableReferenceImpl) <init>[0m
  [34mUnused type args: [java.lang.String @ src/main/java/org/apache/commons/net/nntp/Threader.java:312:17, org.apache.commons.net.nntp.ThreadContainer @ src/main/java/org/apache/commons/net/nntp/Threader.java:312:25][0m
  [34mIgnoring implicit executable reference: (CtExecutableReferenceImpl) <init>[0m
  [34mUnused type args: [java.lang.String @ src/main/java/org/apache/commons/net/nntp/Threader.java:312:69, org.apache.commons.net.nntp.ThreadContainer @ src/main/java/org/apache/commons/net/nntp/Threader.java:312:77][0m
  [34mUnused type args: [java.lang.String, org.apache.commons.net.nntp.ThreadContainer][0m
  [34mUnused type args: [java.lang.String, org.apache.commons.net.nntp.ThreadContainer][0m
  [34mUnused type args: [java.lang.String, org.apache.commons.net.nntp.ThreadContainer][0m
  [34mIgnoring implicit executable reference: (CtExecutableReferenceImpl) <init>[0m
  [34mUnused type args: [java.lang.String, org.apache.commons.net.nntp.ThreadContainer][0m
  [34mUnused type args: [java.lang.String, org.apache.commons.net.nntp.ThreadContainer][0m
  [34mUnused type args: [java.lang.String, org.apache.commons.net.nntp.ThreadContainer][0m
  [34mIgnoring implicit executable reference: (CtExecutableReferenceImpl) <init>[0m
  [34mIgnoring implicit executable reference: (CtExecutableReferenceImpl) <init>[0m
  [34mUnused type args: [java.lang.String][0m
  [34mIgnoring implicit executable reference: (CtExecutableReferenceImpl) <init>[0m
  [34mUnused type args: [?][0m
  [34mUnused type args: [java.lang.String @ src/main/java/org/apache/commons/net/nntp/Threader.java:60:17, org.apache.commons.net.nntp.ThreadContainer @ src/main/java/org/apache/commons/net/nntp/Threader.java:60:24][0m
  [34mIgnoring implicit executable reference: (CtExecutableReferenceImpl) <init>[0m
  [34mUnused type args: [java.lang.String @ src/main/java/org/apache/commons/net/nntp/Threader.java:60:63, org.apache.commons.net.nntp.ThreadContainer @ src/main/java/org/apache/commons/net/nntp/Threader.java:60:70][0m
  [34mUnused type args: [?][0m
  [34mUnused type args: [java.lang.String, org.apache.commons.net.nntp.ThreadContainer][0m
  [34mUnused type args: [java.lang.String, org.apache.commons.net.nntp.ThreadContainer][0m
  [34mUnused type args: [java.lang.String, org.apache.commons.net.nntp.ThreadContainer][0m
  [34mUnused type args: [java.lang.String, org.apache.commons.net.nntp.ThreadContainer][0m
  [34mUnused type args: [java.lang.String, org.apache.commons.net.nntp.ThreadContainer][0m
  [34mUnused type args: [java.lang.String, org.apache.commons.net.nntp.ThreadContainer][0m
  [34mUnused type args: [java.lang.String, org.apache.commons.net.nntp.ThreadContainer][0m
  [34mUnused type args: [java.lang.String, org.apache.commons.net.nntp.ThreadContainer][0m
  [34mIgnoring implicit executable reference: (CtExecutableReferenceImpl) <init>[0m
  [34mIgnoring implicit executable reference: (CtExecutableReferenceImpl) <init>[0m
  [34mIgnoring implicit executable reference: (CtExecutableReferenceImpl) <init>[0m
  [34mIgnoring implicit executable reference: (CtExecutableReferenceImpl) <init>[0m
  [34mIgnoring implicit executable reference: (CtExecutableReferenceImpl) <init>[0m
  [34mIgnoring implicit executable reference: (CtExecutableReferenceImpl) <init>[0m
  [34mIgnoring implicit executable reference: (CtExecutableReferenceImpl) <init>[0m
  [34mIgnoring implicit executable reference: (CtExecutableReferenceImpl) <init>[0m
  [34mUnused type args: [java.lang.String][0m
  [34mUnused type args: [java.lang.String][0m
  [34mUnused type args: [java.lang.String][0m
  [34mUnused type args: [java.lang.String][0m
  [34mIgnoring implicit executable reference: (CtExecutableReferenceImpl) <init>[0m
  [34mIgnoring implicit executable reference: (CtExecutableReferenceImpl) <init>[0m
  [34mIgnoring implicit executable reference: (CtExecutableReferenceImpl) <init>[0m
  [34mIgnoring implicit executable reference: (CtExecutableReferenceImpl) <init>[0m
  [34mIgnoring implicit executable reference: (CtExecutableReferenceImpl) <init>[0m
  [34mIgnoring implicit executable reference: (CtExecutableReferenceImpl) <init>[0m
  [34mIgnoring implicit executable reference: (CtExecutableReferenceImpl) <init>[0m
  [34mIgnoring implicit executable reference: (CtExecutableReferenceImpl) <init>[0m
  [34mIgnoring implicit executable reference: (CtExecutableReferenceImpl) <init>[0m
  [34mIgnoring implicit executable reference: (CtExecutableReferenceImpl) <init>[0m
  [34mIgnoring implicit executable reference: (CtExecutableReferenceImpl) <init>[0m
  [34mIgnoring implicit executable reference: (CtExecutableReferenceImpl) <init>[0m
  [34mUnused type args: [java.lang.String][0m
  [34mUnused type args: [java.lang.String][0m
  [34mIgnoring implicit executable reference: (CtExecutableReferenceImpl) <init>[0m
  [34mUnused type args: [java.lang.String][0m
  [34mUnused type args: [java.lang.String][0m
  [34mUnused type args: [?][0m
  [34mUnused type args: [? @ src/main/java/org/apache/commons/net/nntp/Threader.java:45:33][0m
  [34mUnused type args: [?][0m
  [34mIgnoring implicit executable reference: (CtExecutableReferenceImpl) <init>[0m
  [34mUnused type args: [java.lang.String @ src/main/java/org/apache/commons/net/nntp/NNTPClient.java:794:19][0m
  [34mIgnoring implicit executable reference: (CtExecutableReferenceImpl) <init>[0m
  [34mUnused type args: [java.lang.String @ src/main/java/org/apache/commons/net/nntp/NNTPClient.java:794:48][0m
  [34mUnused type args: [java.lang.String][0m
  [34mUnused type args: [java.lang.String][0m
  [34mUnused type args: [java.lang.String][0m
  [34mUnused type args: [java.lang.String][0m
  [34mIgnoring implicit executable reference: (CtExecutableReferenceImpl) <init>[0m
  [34mIgnoring implicit executable reference: (CtExecutableReferenceImpl) <init>[0m
  [34mIgnoring implicit executable reference: (CtExecutableReferenceImpl) <init>[0m
  [34mIgnoring implicit executable reference: (CtExecutableReferenceImpl) <init>[0m
  [34mIgnoring implicit executable reference: (CtExecutableReferenceImpl) <init>[0m
  [34mIgnoring implicit executable reference: (CtExecutableReferenceImpl) <init>[0m
  [34mIgnoring implicit executable reference: (CtExecutableReferenceImpl) <init>[0m
  [34mIgnoring implicit executable reference: (CtExecutableReferenceImpl) <init>[0m
  [34mIgnoring implicit executable reference: (CtExecutableReferenceImpl) <init>[0m
  [34mIgnoring implicit executable reference: (CtExecutableReferenceImpl) <init>[0m
  [34mUnused type args: [?][0m
  [34mUnused type args: [org.apache.commons.net.nntp.Threadable][0m
  [34mUnused type args: [org.apache.commons.net.nntp.Threadable][0m
  [34mUnused type args: [java.lang.String, org.apache.commons.net.nntp.ThreadContainer][0m
  [34mIgnoring implicit executable reference: (CtExecutableReferenceImpl) <init>[0m
  [34mUnused type args: [java.lang.String, org.apache.commons.net.nntp.ThreadContainer][0m
  [34mUnused type args: [java.lang.String, org.apache.commons.net.nntp.ThreadContainer][0m
  [34mIgnoring implicit executable reference: (CtExecutableReferenceImpl) <init>[0m
  [34mUnused type args: [java.lang.String, org.apache.commons.net.nntp.ThreadContainer][0m
  [34mIgnoring implicit executable reference: (CtExecutableReferenceImpl) <init>[0m
  [34mUnused type args: [java.lang.String][0m
  [34mUnused type args: [java.lang.String][0m
  [34mUnused type args: [java.lang.String][0m
  [34mUnused type args: [java.lang.String][0m
  [34mIgnoring implicit executable reference: (CtExecutableReferenceImpl) <init>[0m
  [34mUnused type args: [java.lang.String @ src/main/java/org/apache/commons/net/nntp/Article.java:52:40][0m
  [34mUnused type args: [java.lang.String][0m
  [34mUnused type args: [java.lang.String][0m
  [34mUnused type args: [java.lang.String][0m
  [34mUnused type args: [java.lang.String][0m
  [34mUnused type args: [java.lang.String][0m
  [34mIgnoring implicit executable reference: (CtExecutableReferenceImpl) <init>[0m
  [34mIgnoring implicit executable reference: (CtExecutableReferenceImpl) <init>[0m
  [34mIgnoring implicit executable reference: (CtExecutableReferenceImpl) <init>[0m
  [34mIgnoring implicit executable reference: (CtExecutableReferenceImpl) <init>[0m
  [34mIgnoring implicit executable reference: (CtExecutableReferenceImpl) <init>[0m
  [34mIgnoring implicit executable reference: (CtExecutableReferenceImpl) <init>[0m
  [34mIgnoring implicit executable reference: (CtExecutableReferenceImpl) <init>[0m
  [34mIgnoring implicit executable reference: (CtExecutableReferenceImpl) <init>[0m
  [34mIgnoring implicit executable reference: (CtExecutableReferenceImpl) <init>[0m
  [34mIgnoring implicit executable reference: (CtExecutableReferenceImpl) <init>[0m
  [34mIgnoring implicit executable reference: (CtExecutableReferenceImpl) <init>[0m
  [34mIgnoring implicit executable reference: (CtExecutableReferenceImpl) <init>[0m
  [34mUnused type args: [java.lang.String][0m
  [34mIgnoring implicit executable reference: (CtExecutableReferenceImpl) <init>[0m
  getting parent type for (CtEnumImpl) AUTH_METHOD @ src/main/java/org/apache/commons/net/smtp/AuthenticatingSMTPClient.java:293:24
  [34mIgnoring implicit executable reference: (CtExecutableReferenceImpl) <init>[0m
  [34mIgnoring implicit executable reference: (CtExecutableReferenceImpl) <init>[0m
  [34mIgnoring implicit executable reference: (CtExecutableReferenceImpl) <init>[0m
  [34mIgnoring implicit executable reference: (CtExecutableReferenceImpl) <init>[0m
  [34mIgnoring implicit executable reference: (CtExecutableReferenceImpl) <init>[0m
  [34mIgnoring implicit executable reference: (CtExecutableReferenceImpl) <init>[0m
  [34mIgnoring implicit executable reference: (CtExecutableReferenceImpl) <init>[0m
  [34mIgnoring implicit executable reference: (CtExecutableReferenceImpl) <init>[0m
  [34mIgnoring implicit executable reference: (CtExecutableReferenceImpl) <init>[0m
  [34mIgnoring implicit executable reference: (CtExecutableReferenceImpl) <init>[0m
  [34mIgnoring implicit executable reference: (CtExecutableReferenceImpl) <init>[0m
  [34mIgnoring implicit executable reference: (CtExecutableReferenceImpl) <init>[0m
  [34mIgnoring implicit executable reference: (CtExecutableReferenceImpl) <init>[0m
  [34mIgnoring implicit executable reference: (CtExecutableReferenceImpl) <init>[0m
  [34mIgnoring implicit executable reference: (CtExecutableReferenceImpl) <init>[0m
  [34mIgnoring implicit executable reference: (CtExecutableReferenceImpl) <init>[0m
  [34mIgnoring implicit executable reference: (CtExecutableReferenceImpl) <init>[0m
  [34mIgnoring implicit executable reference: (CtExecutableReferenceImpl) <init>[0m
  [34mIgnoring implicit executable reference: (CtExecutableReferenceImpl) <init>[0m
  [34mIgnoring implicit executable reference: (CtExecutableReferenceImpl) <init>[0m
  [34mIgnoring implicit executable reference: (CtExecutableReferenceImpl) <init>[0m
  [34mIgnoring implicit executable reference: (CtExecutableReferenceImpl) <init>[0m
  [34mIgnoring implicit executable reference: (CtExecutableReferenceImpl) <init>[0m
  [34mIgnoring implicit executable reference: (CtExecutableReferenceImpl) <init>[0m
  [34mIgnoring implicit executable reference: (CtExecutableReferenceImpl) <init>[0m
  [34mIgnoring implicit executable reference: (CtExecutableReferenceImpl) <init>[0m
  [34mIgnoring implicit executable reference: (CtExecutableReferenceImpl) <init>[0m
  [34mIgnoring implicit executable reference: (CtExecutableReferenceImpl) <init>[0m
  [34mIgnoring implicit executable reference: (CtExecutableReferenceImpl) <init>[0m
  [34mIgnoring implicit executable reference: (CtExecutableReferenceImpl) <init>[0m
  Pending package javax.crypto
  Pending package javax.crypto.spec
  [34mIgnoring implicit executable reference: (CtExecutableReferenceImpl) <init>[0m
  [34mIgnoring implicit executable reference: (CtExecutableReferenceImpl) <init>[0m
  [34mIgnoring implicit executable reference: (CtExecutableReferenceImpl) <init>[0m
  [34mskipping default constructor: org.apache.commons.net.DefaultDatagramSocketFactory()[0m
  [34mIgnoring implicit executable reference: (CtExecutableReferenceImpl) <init>[0m
  [34mIgnoring implicit executable reference: (CtExecutableReferenceImpl) <init>[0m
  [34mIgnoring implicit executable reference: (CtExecutableReferenceImpl) <init>[0m
  [34mskipping default constructor: org.apache.commons.net.examples.nntp.ArticleReader()[0m
  [34mskipping default constructor: org.apache.commons.net.examples.nntp.ListNewsgroups()[0m
  [34mskipping default constructor: org.apache.commons.net.examples.nntp.NNTPUtils()[0m
  [34mskipping default constructor: org.apache.commons.net.examples.nntp.PostMessage()[0m
  [34mIgnoring implicit executable reference: (CtExecutableReferenceImpl) <init>[0m
  [34mIgnoring implicit executable reference: (CtExecutableReferenceImpl) <init>[0m
  [34mIgnoring implicit executable reference: (CtExecutableReferenceImpl) <init>[0m
  [34mIgnoring implicit executable reference: (CtExecutableReferenceImpl) <init>[0m
  [34mIgnoring implicit executable reference: (CtExecutableReferenceImpl) <init>[0m
  [34mIgnoring implicit executable reference: (CtExecutableReferenceImpl) <init>[0m
  [34mIgnoring implicit executable reference: (CtExecutableReferenceImpl) <init>[0m
  [34mIgnoring implicit executable reference: (CtExecutableReferenceImpl) <init>[0m
  [34mUnused type args: [org.apache.commons.net.nntp.Article @ src/main/java/org/apache/commons/net/examples/nntp/ExtendedNNTPOps.java:62:22][0m
  [34mUnused type args: [org.apache.commons.net.nntp.Article][0m
  [34mUnused type args: [org.apache.commons.net.nntp.Article][0m
  [34mIgnoring implicit executable reference: (CtExecutableReferenceImpl) <init>[0m
  [34mIgnoring implicit executable reference: (CtExecutableReferenceImpl) <init>[0m
  [34mIgnoring implicit executable reference: (CtExecutableReferenceImpl) <init>[0m
  [34mIgnoring implicit executable reference: (CtExecutableReferenceImpl) <init>[0m
  [34mIgnoring implicit executable reference: (CtExecutableReferenceImpl) <init>[0m
  [34mIgnoring implicit executable reference: (CtExecutableReferenceImpl) <init>[0m
  [34mIgnoring implicit executable reference: (CtExecutableReferenceImpl) <init>[0m
  [34mIgnoring implicit executable reference: (CtExecutableReferenceImpl) <init>[0m
  [34mIgnoring implicit executable reference: (CtExecutableReferenceImpl) <init>[0m
  [34mIgnoring implicit executable reference: (CtExecutableReferenceImpl) <init>[0m
  [34mIgnoring implicit executable reference: (CtExecutableReferenceImpl) <init>[0m
  [34mIgnoring implicit executable reference: (CtExecutableReferenceImpl) <init>[0m
  [34mUnused type args: [java.lang.String][0m
  [34mUnused type args: [org.apache.commons.net.nntp.NewsgroupInfo][0m
  [34mIgnoring implicit executable reference: (CtExecutableReferenceImpl) <init>[0m
  [34mUnused type args: [org.apache.commons.net.nntp.Article @ src/main/java/org/apache/commons/net/examples/nntp/NNTPUtils.java:41:14][0m
  [34mIgnoring implicit executable reference: (CtExecutableReferenceImpl) <init>[0m
  [34mUnused type args: [org.apache.commons.net.nntp.Article @ src/main/java/org/apache/commons/net/examples/nntp/NNTPUtils.java:41:48][0m
  [34mUnused type args: [org.apache.commons.net.nntp.Article @ src/main/java/org/apache/commons/net/examples/nntp/NNTPUtils.java:42:18][0m
  [34mUnused type args: [org.apache.commons.net.nntp.Article][0m
  [34mUnused type args: [org.apache.commons.net.nntp.Article][0m
  [34mUnused type args: [org.apache.commons.net.nntp.Article][0m
  [34mUnused type args: [org.apache.commons.net.nntp.Article][0m
  [34mIgnoring implicit executable reference: (CtExecutableReferenceImpl) <init>[0m
  [34mIgnoring implicit executable reference: (CtExecutableReferenceImpl) <init>[0m
  [34mIgnoring implicit executable reference: (CtExecutableReferenceImpl) <init>[0m
  [34mIgnoring implicit executable reference: (CtExecutableReferenceImpl) <init>[0m
  [34mUnused type args: [org.apache.commons.net.nntp.Article @ src/main/java/org/apache/commons/net/examples/nntp/MessageThreading.java:76:18][0m
  [34mUnused type args: [org.apache.commons.net.nntp.Article][0m
  [34mIgnoring implicit executable reference: (CtExecutableReferenceImpl) <init>[0m
  [34mUnused type args: [?][0m
  [34mUnused type args: [org.apache.commons.net.nntp.Article][0m
  Pending package jdk.internal.misc
  [34mIgnoring implicit executable reference: (CtExecutableReferenceImpl) <init>[0m
  [34mIgnoring implicit executable reference: (CtExecutableReferenceImpl) <init>[0m
  [34mIgnoring implicit executable reference: (CtExecutableReferenceImpl) <init>[0m
  [34mIgnoring implicit executable reference: (CtExecutableReferenceImpl) <init>[0m
  [34mIgnoring implicit executable reference: (CtExecutableReferenceImpl) <init>[0m
  [34mIgnoring implicit executable reference: (CtExecutableReferenceImpl) <init>[0m
  [34mIgnoring implicit executable reference: (CtExecutableReferenceImpl) <init>[0m
  [34mIgnoring implicit executable reference: (CtExecutableReferenceImpl) <init>[0m
  [34mIgnoring implicit executable reference: (CtExecutableReferenceImpl) <init>[0m
  [34mIgnoring implicit executable reference: (CtExecutableReferenceImpl) <init>[0m
  [34mIgnoring implicit executable reference: (CtExecutableReferenceImpl) <init>[0m
  [34mIgnoring implicit executable reference: (CtExecutableReferenceImpl) <init>[0m
  [34mIgnoring implicit executable reference: (CtExecutableReferenceImpl) <init>[0m
  [34mIgnoring implicit executable reference: (CtExecutableReferenceImpl) <init>[0m
  [34mIgnoring implicit executable reference: (CtExecutableReferenceImpl) <init>[0m
  [34mIgnoring implicit executable reference: (CtExecutableReferenceImpl) <init>[0m
  [34mIgnoring implicit executable reference: (CtExecutableReferenceImpl) <init>[0m
  [34mIgnoring implicit executable reference: (CtExecutableReferenceImpl) <init>[0m
  [34mIgnoring implicit executable reference: (CtExecutableReferenceImpl) <init>[0m
  [34mIgnoring implicit executable reference: (CtExecutableReferenceImpl) <init>[0m
  [34mIgnoring implicit executable reference: (CtExecutableReferenceImpl) <init>[0m
  [34mIgnoring implicit executable reference: (CtExecutableReferenceImpl) <init>[0m
  [34mIgnoring implicit executable reference: (CtExecutableReferenceImpl) <init>[0m
  [34mIgnoring implicit executable reference: (CtExecutableReferenceImpl) <init>[0m
  [34mIgnoring implicit executable reference: (CtExecutableReferenceImpl) <init>[0m
  [34mIgnoring implicit executable reference: (CtExecutableReferenceImpl) <init>[0m
  [34mIgnoring implicit executable reference: (CtExecutableReferenceImpl) <init>[0m
  [34mIgnoring implicit executable reference: (CtExecutableReferenceImpl) <init>[0m
  [34mIgnoring implicit executable reference: (CtExecutableReferenceImpl) <init>[0m
  [34mIgnoring implicit executable reference: (CtExecutableReferenceImpl) <init>[0m
  [34mIgnoring implicit executable reference: (CtExecutableReferenceImpl) <init>[0m
  [34mIgnoring implicit executable reference: (CtExecutableReferenceImpl) <init>[0m
  [34mIgnoring implicit executable reference: (CtExecutableReferenceImpl) <init>[0m
  [34mIgnoring implicit executable reference: (CtExecutableReferenceImpl) <init>[0m
  [34mIgnoring implicit executable reference: (CtExecutableReferenceImpl) <init>[0m
  [34mIgnoring implicit executable reference: (CtExecutableReferenceImpl) <init>[0m
  [34mIgnoring implicit executable reference: (CtExecutableReferenceImpl) <init>[0m
  [34mIgnoring implicit executable reference: (CtExecutableReferenceImpl) <init>[0m
  [34mIgnoring implicit executable reference: (CtExecutableReferenceImpl) <init>[0m
  [34mIgnoring implicit executable reference: (CtExecutableReferenceImpl) <init>[0m
  [34mIgnoring implicit executable reference: (CtExecutableReferenceImpl) <init>[0m
  [34mIgnoring implicit executable reference: (CtExecutableReferenceImpl) <init>[0m
  [34mIgnoring implicit executable reference: (CtExecutableReferenceImpl) <init>[0m
  [34mIgnoring implicit executable reference: (CtExecutableReferenceImpl) <init>[0m
  [34mIgnoring implicit executable reference: (CtExecutableReferenceImpl) <init>[0m
  [34mIgnoring implicit executable reference: (CtExecutableReferenceImpl) <init>[0m
  [34mIgnoring implicit executable reference: (CtExecutableReferenceImpl) <init>[0m
  [34mIgnoring implicit executable reference: (CtExecutableReferenceImpl) <init>[0m
  [34mIgnoring implicit executable reference: (CtExecutableReferenceImpl) <init>[0m
  [34mIgnoring implicit executable reference: (CtExecutableReferenceImpl) <init>[0m
  [34mIgnoring implicit executable reference: (CtExecutableReferenceImpl) <init>[0m
  [34mIgnoring implicit executable reference: (CtExecutableReferenceImpl) <init>[0m
  [34mIgnoring implicit executable reference: (CtExecutableReferenceImpl) <init>[0m
  [34mIgnoring implicit executable reference: (CtExecutableReferenceImpl) <init>[0m
  [34mIgnoring implicit executable reference: (CtExecutableReferenceImpl) <init>[0m
  [34mIgnoring implicit executable reference: (CtExecutableReferenceImpl) <init>[0m
  [34mIgnoring implicit executable reference: (CtExecutableReferenceImpl) <init>[0m
  [34mIgnoring implicit executable reference: (CtExecutableReferenceImpl) <init>[0m
  [34mIgnoring implicit executable reference: (CtExecutableReferenceImpl) <init>[0m
  [34mIgnoring implicit executable reference: (CtExecutableReferenceImpl) <init>[0m
  getting parent type for (CtClassImpl) ClientKeyStore @ src/main/java/org/apache/commons/net/util/KeyManagerUtils.java:171:26
  getting parent type for (CtClassImpl) X509KeyManager @ src/main/java/org/apache/commons/net/util/KeyManagerUtils.java:202:26
  [34mIgnoring implicit executable reference: (CtExecutableReferenceImpl) <init>[0m
  [34mIgnoring implicit executable reference: (CtExecutableReferenceImpl) <init>[0m
  [34mIgnoring implicit executable reference: (CtExecutableReferenceImpl) <init>[0m
  [34mIgnoring implicit executable reference: (CtExecutableReferenceImpl) <init>[0m
  [34mIgnoring implicit executable reference: (CtExecutableReferenceImpl) <init>[0m
  [34mIgnoring implicit executable reference: (CtExecutableReferenceImpl) <init>[0m
  [34mIgnoring implicit executable reference: (CtExecutableReferenceImpl) <init>[0m
  [34mIgnoring implicit executable reference: (CtExecutableReferenceImpl) <init>[0m
  [34mUnused type args: [java.lang.String @ src/main/java/org/apache/commons/net/util/KeyManagerUtils.java:161:21][0m
  [34mUnused type args: [java.lang.String][0m
  [34mUnused type args: [java.lang.String][0m
  [34mUnused type args: [java.lang.String][0m
  [34mIgnoring implicit executable reference: (CtExecutableReferenceImpl) <init>[0m
  [34mIgnoring implicit executable reference: (CtExecutableReferenceImpl) <init>[0m
  [34mskipping default constructor: org.apache.commons.net.examples.telnet.TelnetClientExample()[0m
  [34mskipping default constructor: org.apache.commons.net.examples.telnet.WeatherTelnet()[0m
  [34mIgnoring implicit executable reference: (CtExecutableReferenceImpl) <init>[0m
  [34mIgnoring implicit executable reference: (CtExecutableReferenceImpl) <init>[0m
  [34mIgnoring implicit executable reference: (CtExecutableReferenceImpl) <init>[0m
  [34mIgnoring implicit executable reference: (CtExecutableReferenceImpl) <init>[0m
  [34mIgnoring implicit executable reference: (CtExecutableReferenceImpl) <init>[0m
  [34mIgnoring implicit executable reference: (CtExecutableReferenceImpl) <init>[0m
  [34mIgnoring implicit executable reference: (CtExecutableReferenceImpl) <init>[0m
  [34mIgnoring implicit executable reference: (CtExecutableReferenceImpl) <init>[0m
  [34mIgnoring implicit executable reference: (CtExecutableReferenceImpl) <init>[0m
  [34mIgnoring implicit executable reference: (CtExecutableReferenceImpl) <init>[0m
  [34mIgnoring implicit executable reference: (CtExecutableReferenceImpl) <init>[0m
  [34mIgnoring implicit executable reference: (CtExecutableReferenceImpl) <init>[0m
  [34mIgnoring implicit executable reference: (CtExecutableReferenceImpl) <init>[0m
  [34mIgnoring implicit executable reference: (CtExecutableReferenceImpl) <init>[0m
  [34mIgnoring implicit executable reference: (CtExecutableReferenceImpl) <init>[0m
  [34mIgnoring implicit executable reference: (CtExecutableReferenceImpl) <init>[0m
  [34mIgnoring implicit executable reference: (CtExecutableReferenceImpl) <init>[0m
  getting parent type for (CtEnumImpl) AUTH_METHOD @ src/main/java/org/apache/commons/net/imap/AuthenticatingIMAPClient.java:243:24
  [34mIgnoring implicit executable reference: (CtExecutableReferenceImpl) <init>[0m
  [34mIgnoring implicit executable reference: (CtExecutableReferenceImpl) <init>[0m
  [34mIgnoring implicit executable reference: (CtExecutableReferenceImpl) <init>[0m
  [34mIgnoring implicit executable reference: (CtExecutableReferenceImpl) <init>[0m
  [34mIgnoring implicit executable reference: (CtExecutableReferenceImpl) <init>[0m
  [34mIgnoring implicit executable reference: (CtExecutableReferenceImpl) <init>[0m
  [34mIgnoring implicit executable reference: (CtExecutableReferenceImpl) <init>[0m
  [34mIgnoring implicit executable reference: (CtExecutableReferenceImpl) <init>[0m
  [34mIgnoring implicit executable reference: (CtExecutableReferenceImpl) <init>[0m
  [34mIgnoring implicit executable reference: (CtExecutableReferenceImpl) <init>[0m
  [34mIgnoring implicit executable reference: (CtExecutableReferenceImpl) <init>[0m
  [34mIgnoring implicit executable reference: (CtExecutableReferenceImpl) <init>[0m
  [34mIgnoring implicit executable reference: (CtExecutableReferenceImpl) <init>[0m
  [34mIgnoring implicit executable reference: (CtExecutableReferenceImpl) <init>[0m
  [34mIgnoring implicit executable reference: (CtExecutableReferenceImpl) <init>[0m
  [34mIgnoring implicit executable reference: (CtExecutableReferenceImpl) <init>[0m
  [34mskipping default constructor: org.apache.commons.net.ntp.NTPUDPClient()[0m
  [34mskipping default constructor: org.apache.commons.net.ntp.NtpUtils()[0m
  [34mIgnoring implicit executable reference: (CtExecutableReferenceImpl) <init>[0m
  [34mIgnoring implicit executable reference: (CtExecutableReferenceImpl) <init>[0m
  [34mIgnoring implicit executable reference: (CtExecutableReferenceImpl) <init>[0m
  [34mUnused type args: [?][0m
  [34mUnused type args: [?][0m
  [34mIgnoring implicit executable reference: (CtExecutableReferenceImpl) <init>[0m
  [34mIgnoring implicit executable reference: (CtExecutableReferenceImpl) <init>[0m
  [34mUnused type args: [?][0m
  [34mUnused type args: [?][0m
  [34mIgnoring implicit executable reference: (CtExecutableReferenceImpl) <init>[0m
  [34mIgnoring implicit executable reference: (CtExecutableReferenceImpl) <init>[0m
  [34mIgnoring implicit executable reference: (CtExecutableReferenceImpl) <init>[0m
  [34mUnused type args: [java.lang.String][0m
  [34mUnused type args: [java.lang.String][0m
  [34mUnused type args: [java.lang.String][0m
  [34mIgnoring implicit executable reference: (CtExecutableReferenceImpl) <init>[0m
  [34mIgnoring implicit executable reference: (CtExecutableReferenceImpl) <init>[0m
  [34mUnused type args: [java.lang.String][0m
  [34mUnused type args: [java.lang.String][0m
  [34mUnused type args: [java.lang.String][0m
  [34mIgnoring implicit executable reference: (CtExecutableReferenceImpl) <init>[0m
  [34mUnused type args: [java.lang.String @ src/main/java/org/apache/commons/net/ntp/TimeInfo.java:140:39][0m
  [34mUnused type args: [java.lang.String][0m
  [34mUnused type args: [java.lang.String][0m
  [34mUnused type args: [java.lang.String][0m
  [34mUnused type args: [java.lang.String][0m
  [34mUnused type args: [java.lang.String][0m
  [34mUnused type args: [java.lang.String][0m
  [34mUnused type args: [java.lang.String][0m
  [34mUnused type args: [java.lang.String][0m
  [34mIgnoring implicit executable reference: (CtExecutableReferenceImpl) <init>[0m
  [34mIgnoring implicit executable reference: (CtExecutableReferenceImpl) <init>[0m
  [34mIgnoring implicit executable reference: (CtExecutableReferenceImpl) <init>[0m
  [34mIgnoring implicit executable reference: (CtExecutableReferenceImpl) <init>[0m
  [34mIgnoring implicit executable reference: (CtExecutableReferenceImpl) <init>[0m
  [34mIgnoring implicit executable reference: (CtExecutableReferenceImpl) <init>[0m
  [34mUnused type args: [java.lang.String][0m
  [34mUnused type args: [java.lang.String][0m
  [34mUnused type args: [java.lang.String][0m
  [34mIgnoring implicit executable reference: (CtExecutableReferenceImpl) <init>[0m
  [34mUnused type args: [java.lang.String @ src/main/java/org/apache/commons/net/ntp/TimeInfo.java:124:39][0m
  [34mUnused type args: [java.lang.String][0m
  [34mIgnoring implicit executable reference: (CtExecutableReferenceImpl) <init>[0m
  [34mIgnoring implicit executable reference: (CtExecutableReferenceImpl) <init>[0m
  [34mIgnoring implicit executable reference: (CtExecutableReferenceImpl) <init>[0m
  [34mIgnoring implicit executable reference: (CtExecutableReferenceImpl) <init>[0m
  [34mIgnoring implicit executable reference: (CtExecutableReferenceImpl) <init>[0m
  [34mIgnoring implicit executable reference: (CtExecutableReferenceImpl) <init>[0m
  [34mIgnoring implicit executable reference: (CtExecutableReferenceImpl) <init>[0m
  [34mIgnoring implicit executable reference: (CtExecutableReferenceImpl) <init>[0m
  [34mUnused type args: [java.lang.String][0m
  [34mUnused type args: [java.lang.String][0m
  [34mIgnoring implicit executable reference: (CtExecutableReferenceImpl) <init>[0m
  [34mIgnoring implicit executable reference: (CtExecutableReferenceImpl) <init>[0m
  [34mUnused type args: [java.lang.String][0m
  [34mIgnoring implicit executable reference: (CtExecutableReferenceImpl) <init>[0m
  [34mIgnoring implicit executable reference: (CtExecutableReferenceImpl) <init>[0m
  [34mUnused type args: [java.lang.String][0m
  [34mUnused type args: [java.lang.String][0m
  [34mIgnoring implicit executable reference: (CtExecutableReferenceImpl) <init>[0m
  [34mIgnoring implicit executable reference: (CtExecutableReferenceImpl) <init>[0m
  [34mIgnoring implicit executable reference: (CtExecutableReferenceImpl) <init>[0m
  [34mIgnoring implicit executable reference: (CtExecutableReferenceImpl) <init>[0m
  getting parent type for (CtEnumImpl) AUTH_METHOD @ src/main/java/org/apache/commons/net/pop3/ExtendedPOP3Client.java:127:24
  [34mIgnoring implicit executable reference: (CtExecutableReferenceImpl) <init>[0m
  [34mIgnoring implicit executable reference: (CtExecutableReferenceImpl) <init>[0m
  [34mIgnoring implicit executable reference: (CtExecutableReferenceImpl) <init>[0m
  [34mIgnoring implicit executable reference: (CtExecutableReferenceImpl) <init>[0m
  [34mIgnoring implicit executable reference: (CtExecutableReferenceImpl) <init>[0m
  [34mskipping default constructor: org.apache.commons.net.examples.ntp.NTPClient()[0m
  [34mskipping default constructor: org.apache.commons.net.examples.ntp.TimeClient()[0m
  [34mIgnoring implicit executable reference: (CtExecutableReferenceImpl) <init>[0m
  [34mIgnoring implicit executable reference: (CtExecutableReferenceImpl) <init>[0m
  [34mIgnoring implicit executable reference: (CtExecutableReferenceImpl) <init>[0m
  [34mIgnoring implicit executable reference: (CtExecutableReferenceImpl) <init>[0m
  [34mIgnoring implicit executable reference: (CtExecutableReferenceImpl) <init>[0m
  [34mIgnoring implicit executable reference: (CtExecutableReferenceImpl) <init>[0m
  [34mIgnoring implicit executable reference: (CtExecutableReferenceImpl) <init>[0m
  [34mIgnoring implicit executable reference: (CtExecutableReferenceImpl) <init>[0m
  [34mIgnoring implicit executable reference: (CtExecutableReferenceImpl) <init>[0m
  [34mIgnoring implicit executable reference: (CtExecutableReferenceImpl) <init>[0m
  [34mIgnoring implicit executable reference: (CtExecutableReferenceImpl) <init>[0m
  [34mIgnoring implicit executable reference: (CtExecutableReferenceImpl) <init>[0m
  [34mIgnoring implicit executable reference: (CtExecutableReferenceImpl) <init>[0m
  [34mIgnoring implicit executable reference: (CtExecutableReferenceImpl) <init>[0m
[34mFinished process pending packages (11.858420s)[0m
[34mStarting short validation...[0m
  [34mStarting performShortValidation...[0m
  [34mFinished performShortValidation (0.009429s)[0m
[34mFinished short validation (0.011278s)[0m
[34mStarting consolidate constructs...[0m
  Consolidating all constructs
    Removed 3620 collisions
    Removed 0 collisions
[34mFinished consolidate constructs (0.181233s)[0m
[34mStarting connect nests...[0m
[34mFinished connect nests (0.015244s)[0m
[34mStarting collect package declarations...[0m
[34mFinished collect package declarations (1.411239s)[0m
[34mStarting addImports from usage...[0m
[34mFinished addImports from usage (0.005653s)[0m
[34mStarting remove empty packages...[0m
[34mFinished remove empty packages (0.001439s)[0m
[34mStarting performValidation...[0m
[34mFinished performValidation (8.240990s)[0m
[34mFinished Abstraction (34.906758s)[0m
Success
