# cmd: java -jar /Users/grantnelson/go/src/github.com/MSUSEL/msusel-tdmetrics-go/javaAbstractor/target/abstractor-0.1-jar-with-dependencies.jar -i /Users/grantnelson/go/src/github.com/apache/httpcomponents-client/ -o /Users/grantnelson/go/src/github.com/MSUSEL/msusel-tdmetrics-go/tdd/abstractions/httpcomponents-client.json -v
# cwd: /Users/grantnelson/go/src/github.com/MSUSEL/msusel-tdmetrics-go/tdd
# repo: /Users/grantnelson/go/src/github.com/apache/httpcomponents-client @ 8a1b96bfa75382c0b94d70f6914fbb9bfeb0451e
# started: 2026-08-17T18:31:11.065131+00:00
# timeout_min: 10
# ---
Reading /Users/grantnelson/go/src/github.com/apache/httpcomponents-client/
SLF4J(W): No SLF4J providers were found.
SLF4J(W): Defaulting to no-operation (NOP) logger implementation
SLF4J(W): See https://www.slf4j.org/codes.html#noProviders for further details.
ERROR StatusLogger Log4j2 could not find a logging implementation. Please add log4j-core to the classpath. Using SimpleLogger to log to the console...
Init pending package <unnamed>
Init pending package org
Init pending package org.apache
Init pending package org.apache.hc
Init pending package org.apache.hc.client5
Init pending package org.apache.hc.client5.http
Init pending package org.apache.hc.client5.http.cache
Init pending package org.apache.hc.client5.http.impl
Init pending package org.apache.hc.client5.http.impl.cache
Init pending package org.apache.hc.client5.http.impl.cache.ehcache
Init pending package org.apache.hc.client5.http.impl.cache.memcached
Init pending package org.apache.hc.client5.http.impl.win
Init pending package org.apache.hc.client5.http.impl.async
Init pending package org.apache.hc.client5.http.impl.auth
Init pending package org.apache.hc.client5.http.impl.cookie
Init pending package org.apache.hc.client5.http.impl.io
Init pending package org.apache.hc.client5.http.impl.logging
Init pending package org.apache.hc.client5.http.impl.nio
Init pending package org.apache.hc.client5.http.impl.protocol
Init pending package org.apache.hc.client5.http.impl.routing
Init pending package org.apache.hc.client5.http.impl.sync
Init pending package org.apache.hc.client5.http.fluent
Init pending package org.apache.hc.client5.http.osgi
Init pending package org.apache.hc.client5.http.osgi.impl
Init pending package org.apache.hc.client5.http.osgi.services
Init pending package org.apache.hc.client5.http.async
Init pending package org.apache.hc.client5.http.async.methods
Init pending package org.apache.hc.client5.http.auth
Init pending package org.apache.hc.client5.http.auth.util
Init pending package org.apache.hc.client5.http.config
Init pending package org.apache.hc.client5.http.cookie
Init pending package org.apache.hc.client5.http.entity
Init pending package org.apache.hc.client5.http.entity.mime
Init pending package org.apache.hc.client5.http.io
Init pending package org.apache.hc.client5.http.nio
Init pending package org.apache.hc.client5.http.protocol
Init pending package org.apache.hc.client5.http.psl
Init pending package org.apache.hc.client5.http.routing
Init pending package org.apache.hc.client5.http.socket
Init pending package org.apache.hc.client5.http.ssl
Init pending package org.apache.hc.client5.http.sync
Init pending package org.apache.hc.client5.http.sync.methods
Init pending package org.apache.hc.client5.http.utils
Init pending package org.apache.hc.client5.testing
Init pending package org.apache.hc.client5.testing.async
Init pending package org.apache.hc.client5.testing.auth
Init pending package org.apache.hc.client5.testing.classic
[34mStarting process pending packages...[0m
  [34mskipping default constructor: org.apache.hc.client5.http.impl.AuthSupport()[0m
  Pending package org.apache.hc.core5.net
  Pending package org.apache.hc.client5.http.auth
  Pending package org.apache.hc.core5.http
  Pending package org.apache.hc.core5.http.protocol
  Pending package java.security
  Pending package org.apache.hc.client5.http
  Pending package java.net
  Pending package java.util
  Pending package java.lang
  getting parent type for (CtEnumImpl) TunnelType @ httpclient5/src/main/java/org/apache/hc/client5/http/RouteInfo.java:49:10
    getting parent type for (CtEnumImpl) LayerType @ httpclient5/src/main/java/org/apache/hc/client5/http/RouteInfo.java:65:10
    [34mskipping default constructor: org.apache.hc.client5.http.RouteInfo$LayerType()[0m
  [34mskipping default constructor: org.apache.hc.client5.http.RouteInfo$TunnelType()[0m
  [34mskipping default constructor: org.apache.hc.client5.http.impl.ConnPoolSupport()[0m
  Pending package org.apache.hc.core5.pool
  Pending package java.lang
  Pending package java.io
  getting parent type for (CtClassImpl) PrintStreamOrWriter
  Pending package java.io
  [34mskipping default constructor: org.apache.hc.client5.http.impl.DefaultConnectionKeepAliveStrategy()[0m
  Pending package org.apache.hc.core5.util
  [34mskipping default constructor: org.apache.hc.client5.http.impl.DefaultSchemePortResolver()[0m
  [34mskipping default constructor: org.apache.hc.client5.http.impl.DefaultUserTokenHandler()[0m
  getting parent type for (CtEnumImpl) State @ httpclient5/src/main/java/org/apache/hc/client5/http/auth/AuthExchange.java:41:17
  [34mskipping default constructor: org.apache.hc.client5.http.auth.AuthExchange$State()[0m
  [34mskipping default constructor: org.apache.hc.client5.http.auth.ChallengeType()[0m
  Pending package java.util.concurrent.atomic
  [34mskipping default constructor: org.apache.hc.client5.http.impl.ExecSupport()[0m
  Pending package java.util.concurrent
  Pending package org.apache.logging.log4j
  getting parent type for (CtClassImpl) Node @ httpclient5/src/main/java/org/apache/hc/client5/http/impl/NamedElementChain.java:169:18
  [34mskipping default constructor: org.apache.hc.client5.http.impl.NoopUserTokenHandler()[0m
  [34mIgnoring implicit executable reference: (CtExecutableReferenceImpl) <init>[0m
  [34mIgnoring implicit executable reference: (CtExecutableReferenceImpl) <init>[0m
  [34mUnused type args: [org.apache.hc.core5.http.HttpHost][0m
  [34mUnused type args: [org.apache.hc.core5.http.HttpHost][0m
  [34mUnused type args: [org.apache.hc.core5.http.HttpHost][0m
  [34mUnused type args: [org.apache.hc.core5.http.HttpHost][0m
  [34mIgnoring implicit executable reference: (CtExecutableReferenceImpl) <init>[0m
  Pending package org.apache.hc.core5.http.message
  [34mIgnoring implicit executable reference: (CtExecutableReferenceImpl) <init>[0m
  [34mIgnoring implicit executable reference: (CtExecutableReferenceImpl) <init>[0m
  [34mUnused type args: [E][0m
  [34mUnused type args: [E][0m
  [34mUnused type args: [E][0m
  [34mUnused type args: [E][0m
  [34mUnused type args: [E][0m
  [34mUnused type args: [E][0m
  [34mUnused type args: [E][0m
  [34mUnused type args: [E][0m
  [34mUnused type args: [E][0m
  [34mUnused type args: [E][0m
  [34mUnused type args: [E][0m
  [34mUnused type args: [E][0m
  [34mUnused type args: [org.apache.hc.core5.http.NameValuePair][0m
  [34mUnused type args: [java.lang.String][0m
  [34mUnused type args: [E][0m
  [34mUnused type args: [E][0m
  [34mIgnoring implicit executable reference: (CtExecutableReferenceImpl) <init>[0m
  [34mUnused type args: [E][0m
  [34mUnused type args: [E][0m
  [34mUnused type args: [E][0m
  [34mUnused type args: [E][0m
  [34mUnused type args: [E][0m
  [34mUnused type args: [E][0m
  [34mUnused type args: [E][0m
  [34mUnused type args: [E][0m
  [34mUnused type args: [E][0m
  [34mUnused type args: [E][0m
  [34mUnused type args: [E][0m
  [34mUnused type args: [E][0m
  [34mUnused type args: [E][0m
  [34mUnused type args: [E][0m
  [34mUnused type args: [E][0m
  [34mUnused type args: [E][0m
  [34mUnused type args: [E][0m
  [34mUnused type args: [E][0m
  [34mUnused type args: [E][0m
  [34mUnused type args: [E][0m
  [34mUnused type args: [E][0m
  [34mUnused type args: [E][0m
  [34mUnused type args: [E][0m
  [34mUnused type args: [E][0m
  [34mUnused type args: [E][0m
  [34mUnused type args: [E][0m
  [34mUnused type args: [E][0m
  [34mUnused type args: [E][0m
  [34mUnused type args: [E][0m
  [34mUnused type args: [E][0m
  [34mUnused type args: [E][0m
  [34mUnused type args: [E][0m
  [34mUnused type args: [E][0m
  [34mUnused type args: [E][0m
  [34mUnused type args: [E][0m
  [34mUnused type args: [E][0m
  [34mUnused type args: [E][0m
  [34mUnused type args: [E][0m
  [34mUnused type args: [E][0m
  [34mUnused type args: [E][0m
  [34mUnused type args: [E][0m
  [34mUnused type args: [E][0m
  [34mUnused type args: [E][0m
  [34mUnused type args: [E][0m
  [34mUnused type args: [E][0m
  [34mUnused type args: [E][0m
  [34mUnused type args: [E][0m
  [34mUnused type args: [E][0m
  [34mUnused type args: [E][0m
  [34mUnused type args: [org.apache.hc.core5.http.HttpResponse][0m
  [34mUnused type args: [org.apache.hc.core5.http.HeaderElement @ httpclient5/src/main/java/org/apache/hc/client5/http/impl/DefaultConnectionKeepAliveStrategy.java:59:24][0m
  [34mUnused type args: [org.apache.hc.core5.http.HeaderElement][0m
  [34mUnused type args: [org.apache.hc.core5.http.HeaderElement][0m
  [34mUnused type args: [org.apache.hc.core5.http.HeaderElement][0m
  [34mIgnoring implicit executable reference: (CtExecutableReferenceImpl) <init>[0m
  [34mUnused type args: [E][0m
  [34mUnused type args: [E][0m
  [34mUnused type args: [E][0m
  [34mUnused type args: [E][0m
  [34mUnused type args: [E][0m
  [34mUnused type args: [E][0m
  [34mUnused type args: [E][0m
  [34mUnused type args: [E][0m
  [34mIgnoring implicit executable reference: (CtExecutableReferenceImpl) <init>[0m
  [34mUnused type args: [org.apache.hc.client5.http.HttpRoute][0m
  [34mUnused type args: [org.apache.hc.client5.http.HttpRoute][0m
  [34mUnused type args: [java.lang.String, java.net.InetAddress[]][0m
  [34mIgnoring implicit executable reference: (CtExecutableReferenceImpl) <init>[0m
  [34mIgnoring implicit executable reference: (CtExecutableReferenceImpl) <init>[0m
  [34mIgnoring implicit executable reference: (CtExecutableReferenceImpl) <init>[0m
  [34mUnused type args: [org.apache.hc.core5.http.HttpHost][0m
  [34mUnused type args: [org.apache.hc.client5.http.auth.AuthScheme][0m
  [34mUnused type args: [java.lang.String][0m
  [34mUnused type args: [E][0m
  [34mUnused type args: [E][0m
  [34mUnused type args: [E][0m
  [34mUnused type args: [E][0m
  [34mUnused type args: [E][0m
  [34mUnused type args: [E][0m
  [34mIgnoring implicit executable reference: (CtExecutableReferenceImpl) <init>[0m
  [34mUnused type args: [E][0m
  [34mUnused type args: [E][0m
  [34mUnused type args: [E][0m
  [34mUnused type args: [E][0m
  [34mUnused type args: [E][0m
  [34mUnused type args: [E][0m
  [34mUnused type args: [E][0m
  [34mUnused type args: [E][0m
  [34mUnused type args: [E][0m
  [34mUnused type args: [E][0m
  [34mUnused type args: [E][0m
  [34mUnused type args: [E][0m
  [34mUnused type args: [E][0m
  [34mUnused type args: [E][0m
  [34mUnused type args: [E][0m
  [34mUnused type args: [E][0m
  [34mUnused type args: [E][0m
  [34mUnused type args: [E][0m
  [34mUnused type args: [E][0m
  [34mUnused type args: [E][0m
  [34mUnused type args: [E][0m
  [34mUnused type args: [E][0m
  [34mUnused type args: [E][0m
  [34mUnused type args: [E][0m
  [34mUnused type args: [E][0m
  [34mUnused type args: [E][0m
  [34mUnused type args: [E][0m
  [34mIgnoring implicit executable reference: (CtExecutableReferenceImpl) <init>[0m
  [34mIgnoring implicit executable reference: (CtExecutableReferenceImpl) <init>[0m
  [34mIgnoring implicit executable reference: (CtExecutableReferenceImpl) <init>[0m
  [34mIgnoring implicit executable reference: (CtExecutableReferenceImpl) <init>[0m
  [34mUnused type args: [org.apache.hc.core5.http.HttpHost][0m
  [34mUnused type args: [org.apache.hc.core5.http.HttpHost][0m
  [34mUnused type args: [org.apache.hc.core5.http.HttpHost][0m
  [34mUnused type args: [org.apache.hc.core5.http.HttpHost][0m
  [34mIgnoring implicit executable reference: (CtExecutableReferenceImpl) <init>[0m
  [34mIgnoring implicit executable reference: (CtExecutableReferenceImpl) <init>[0m
  [34mUnused type args: [org.apache.hc.core5.pool.ConnPoolControl][0m
  [34mUnused type args: [?][0m
  [34mUnused type args: [?][0m
  [34mUnused type args: [?][0m
  Pending package org.apache.hc.core5.concurrent
  [34mIgnoring implicit executable reference: (CtExecutableReferenceImpl) <init>[0m
  [34mIgnoring anonymous type: (CtTypeReferenceImpl) org.apache.hc.client5.http.impl.IdleConnectionEvictor$1[0m
  [34mIgnoring implicit executable reference: (CtExecutableReferenceImpl) <init>[0m
  [34mIgnoring anonymous type: (CtTypeReferenceImpl) org.apache.hc.client5.http.impl.IdleConnectionEvictor$1[0m
  [34mIgnoring anonymous object declaration: (CtClassImpl) 1 @ httpclient5/src/main/java/org/apache/hc/client5/http/impl/IdleConnectionEvictor.java:54:67[0m
  [34mIgnoring implicit executable reference: (CtExecutableReferenceImpl) <init>[0m
  [34mIgnoring implicit executable reference: (CtExecutableReferenceImpl) <init>[0m
  [34mIgnoring method of an anonymous declaring type: (CtMethodImpl) run @ httpclient5/src/main/java/org/apache/hc/client5/http/impl/IdleConnectionEvictor.java:56:25 in (CtClassImpl) 1 @ httpclient5/src/main/java/org/apache/hc/client5/http/impl/IdleConnectionEvictor.java:54:67[0m
  [34mUnused type args: [?][0m
  [34mUnused type args: [?][0m
  [34mUnused type args: [org.apache.hc.core5.http.HttpHost][0m
  [34mUnused type args: [org.apache.hc.core5.http.HttpHost][0m
  [34mUnused type args: [E][0m
  [34mUnused type args: [E][0m
  [34mUnused type args: [E][0m
  [34mUnused type args: [E][0m
  [34mUnused type args: [E][0m
  [34mUnused type args: [E][0m
  [34mUnused type args: [E][0m
  [34mUnused type args: [E][0m
  [34mUnused type args: [E][0m
  [34mUnused type args: [E][0m
  [34mUnused type args: [E][0m
  [34mUnused type args: [E][0m
  [34mUnused type args: [E][0m
  [34mUnused type args: [E][0m
  [34mUnused type args: [java.lang.String][0m
  [34mUnused type args: [E][0m
  [34mUnused type args: [E][0m
  [34mUnused type args: [E][0m
  [34mUnused type args: [E][0m
  [34mUnused type args: [E][0m
  [34mUnused type args: [E][0m
  [34mIgnoring implicit executable reference: (CtExecutableReferenceImpl) <init>[0m
  [34mUnused type args: [E][0m
  [34mUnused type args: [E][0m
  [34mUnused type args: [E][0m
  [34mUnused type args: [E][0m
  [34mUnused type args: [E][0m
  [34mUnused type args: [E][0m
  [34mUnused type args: [E][0m
  [34mUnused type args: [E][0m
  [34mUnused type args: [E][0m
  [34mUnused type args: [E][0m
  [34mUnused type args: [E][0m
  [34mUnused type args: [E][0m
  [34mUnused type args: [E][0m
  [34mUnused type args: [E][0m
  [34mUnused type args: [E][0m
  [34mUnused type args: [E][0m
  [34mUnused type args: [E][0m
  [34mUnused type args: [E][0m
  [34mUnused type args: [E][0m
  [34mUnused type args: [E][0m
  [34mUnused type args: [E][0m
  [34mUnused type args: [E][0m
  [34mUnused type args: [E][0m
  [34mUnused type args: [E][0m
  [34mUnused type args: [E][0m
  [34mUnused type args: [E][0m
  [34mUnused type args: [E][0m
  [34mIgnoring implicit executable reference: (CtExecutableReferenceImpl) <init>[0m
  [34mIgnoring implicit executable reference: (CtExecutableReferenceImpl) <init>[0m
  [34mUnused type args: [java.lang.String, java.net.InetAddress[]][0m
  [34mUnused type args: [java.lang.String, java.net.InetAddress[]][0m
  [34mIgnoring implicit executable reference: (CtExecutableReferenceImpl) <init>[0m
  [34mUnused type args: [java.lang.String, java.net.InetAddress[]][0m
  [34mUnused type args: [E][0m
  [34mUnused type args: [E][0m
  [34mUnused type args: [E][0m
  [34mUnused type args: [E][0m
  [34mUnused type args: [E][0m
  [34mUnused type args: [E][0m
  [34mUnused type args: [E][0m
  [34mUnused type args: [E][0m
  [34mUnused type args: [E][0m
  [34mUnused type args: [E][0m
  [34mUnused type args: [E][0m
  [34mUnused type args: [E][0m
  [34mUnused type args: [E][0m
  [34mUnused type args: [E][0m
  [34mUnused type args: [E][0m
  [34mUnused type args: [E][0m
  [34mUnused type args: [E][0m
  [34mUnused type args: [E][0m
  [34mUnused type args: [E][0m
  [34mUnused type args: [E][0m
  [34mUnused type args: [E][0m
  [34mUnused type args: [E][0m
  [34mUnused type args: [E][0m
  [34mUnused type args: [E][0m
  [34mUnused type args: [E][0m
  [34mUnused type args: [E][0m
  [34mUnused type args: [E][0m
  [34mUnused type args: [E][0m
  [34mUnused type args: [E][0m
  [34mUnused type args: [E][0m
  [34mUnused type args: [E][0m
  [34mUnused type args: [org.apache.hc.core5.http.HttpHost][0m
  [34mIgnoring implicit executable reference: (CtExecutableReferenceImpl) <init>[0m
  [34mUnused type args: [org.apache.hc.client5.http.auth.CredentialsStore][0m
  [34mIgnoring implicit executable reference: (CtExecutableReferenceImpl) <init>[0m
  Pending package org.apache.hc.client5.http.config
  Pending package javax.security.auth
  [34mIgnoring implicit executable reference: (CtExecutableReferenceImpl) <init>[0m
  [34mUnused type args: [org.apache.hc.core5.http.HttpHost][0m
  [34mUnused type args: [org.apache.hc.core5.http.HttpHost][0m
  [34mIgnoring implicit executable reference: (CtExecutableReferenceImpl) <init>[0m
  Pending package org.apache.hc.client5.http.protocol
  Pending package org.apache.hc.client5.http.cookie
  Pending package java.lang.invoke
  Pending package org.apache.hc.core5.http.config
  getting parent type for (CtClassImpl) Builder @ httpclient5/src/main/java/org/apache/hc/client5/http/config/RequestConfig.java:341:25
  Pending package javax.net.ssl
  [34mIgnoring implicit executable reference: (CtExecutableReferenceImpl) <init>[0m
  [34mUnused type args: [org.apache.hc.core5.http.HttpHost][0m
  [34mUnused type args: [org.apache.hc.core5.http.HttpHost][0m
  [34mUnused type args: [E][0m
  [34mUnused type args: [E][0m
  [34mUnused type args: [E][0m
  [34mUnused type args: [E][0m
  [34mUnused type args: [E][0m
  [34mUnused type args: [E][0m
  [34mUnused type args: [E][0m
  [34mUnused type args: [E][0m
  [34mUnused type args: [E][0m
  [34mUnused type args: [E][0m
  [34mUnused type args: [E][0m
  [34mUnused type args: [E][0m
  [34mIgnoring implicit executable reference: (CtExecutableReferenceImpl) <init>[0m
  [34mIgnoring implicit executable reference: (CtExecutableReferenceImpl) <init>[0m
  [34mUnused type args: [org.apache.hc.client5.http.auth.AuthScope][0m
  [34mIgnoring implicit executable reference: (CtExecutableReferenceImpl) <init>[0m
  [34mIgnoring implicit executable reference: (CtExecutableReferenceImpl) <init>[0m
  [34mUnused type args: [org.apache.hc.core5.http.HttpHost][0m
  [34mUnused type args: [org.apache.hc.core5.http.HttpHost][0m
  [34mUnused type args: [org.apache.hc.core5.http.HttpHost][0m
  [34mUnused type args: [org.apache.hc.core5.http.HttpHost][0m
  [34mUnused type args: [org.apache.hc.core5.http.HttpHost][0m
  [34mIgnoring implicit executable reference: (CtExecutableReferenceImpl) <init>[0m
  [34mUnused type args: [org.apache.hc.core5.http.HttpHost][0m
  [34mUnused type args: [?][0m
  [34mUnused type args: [org.apache.hc.core5.http.HttpHost][0m
  [34mUnused type args: [org.apache.hc.core5.http.HttpHost][0m
  [34mUnused type args: [org.apache.hc.core5.http.HttpHost][0m
  [34mUnused type args: [org.apache.hc.core5.http.HttpHost][0m
  [34mIgnoring implicit executable reference: (CtExecutableReferenceImpl) <init>[0m
  [34mUnused type args: [org.apache.hc.core5.http.HttpHost][0m
  [34mUnused type args: [org.apache.hc.core5.http.HttpHost][0m
  [34mIgnoring implicit executable reference: (CtExecutableReferenceImpl) <init>[0m
  [34mIgnoring implicit executable reference: (CtExecutableReferenceImpl) <init>[0m
  [34mUnused type args: [E][0m
  [34mUnused type args: [E][0m
  [34mUnused type args: [E][0m
  [34mUnused type args: [E][0m
  [34mIgnoring implicit executable reference: (CtExecutableReferenceImpl) <init>[0m
  [34mUnused type args: [E][0m
  [34mUnused type args: [E][0m
  [34mUnused type args: [E][0m
  [34mUnused type args: [E][0m
  [34mUnused type args: [E][0m
  [34mUnused type args: [E][0m
  [34mUnused type args: [E][0m
  [34mUnused type args: [E][0m
  [34mUnused type args: [E][0m
  [34mUnused type args: [E][0m
  [34mUnused type args: [E][0m
  [34mUnused type args: [E][0m
  [34mUnused type args: [E][0m
  [34mUnused type args: [E][0m
  [34mUnused type args: [E][0m
  [34mUnused type args: [E][0m
  [34mUnused type args: [E][0m
  [34mUnused type args: [E][0m
  [34mUnused type args: [E][0m
  [34mUnused type args: [E][0m
  [34mUnused type args: [E][0m
  [34mUnused type args: [java.lang.String][0m
  [34mUnused type args: [E][0m
  [34mUnused type args: [E][0m
  [34mIgnoring implicit executable reference: (CtExecutableReferenceImpl) <init>[0m
  [34mUnused type args: [E][0m
  [34mUnused type args: [E][0m
  [34mUnused type args: [E][0m
  [34mUnused type args: [E][0m
  [34mUnused type args: [E][0m
  [34mUnused type args: [E][0m
  [34mUnused type args: [E][0m
  [34mUnused type args: [E][0m
  [34mUnused type args: [E][0m
  [34mUnused type args: [E][0m
  [34mUnused type args: [E][0m
  [34mUnused type args: [E][0m
  [34mUnused type args: [E][0m
  [34mUnused type args: [E][0m
  [34mUnused type args: [E][0m
  [34mUnused type args: [E][0m
  [34mUnused type args: [E][0m
  [34mUnused type args: [E][0m
  [34mUnused type args: [E][0m
  [34mUnused type args: [E][0m
  [34mUnused type args: [E][0m
  [34mUnused type args: [E][0m
  [34mUnused type args: [E][0m
  [34mUnused type args: [E][0m
  [34mUnused type args: [E][0m
  [34mUnused type args: [E][0m
  [34mUnused type args: [E][0m
  [34mUnused type args: [E][0m
  [34mUnused type args: [E][0m
  [34mUnused type args: [E][0m
  [34mUnused type args: [E][0m
  [34mUnused type args: [E][0m
  [34mIgnoring implicit executable reference: (CtExecutableReferenceImpl) <init>[0m
  [34mIgnoring implicit executable reference: (CtExecutableReferenceImpl) <init>[0m
  [34mUnused type args: [?][0m
  [34mUnused type args: [?][0m
  [34mUnused type args: [E][0m
  [34mUnused type args: [E][0m
  [34mUnused type args: [org.apache.hc.client5.http.auth.AuthScheme, java.util.Queue][0m
  [34mUnused type args: [org.apache.hc.client5.http.auth.AuthScheme][0m
  [34mUnused type args: [E][0m
  [34mUnused type args: [org.apache.hc.client5.http.auth.AuthScheme][0m
  [34mUnused type args: [org.apache.hc.client5.http.auth.AuthScheme][0m
  [34mUnused type args: [org.apache.hc.client5.http.auth.AuthScheme][0m
  [34mUnused type args: [org.apache.hc.client5.http.auth.AuthScheme][0m
  [34mUnused type args: [org.apache.hc.client5.http.auth.AuthScheme][0m
  [34mIgnoring implicit executable reference: (CtExecutableReferenceImpl) <init>[0m
  [34mIgnoring implicit executable reference: (CtExecutableReferenceImpl) <init>[0m
  [34mUnused type args: [E][0m
  [34mUnused type args: [E][0m
  [34mUnused type args: [E][0m
  [34mUnused type args: [E][0m
  [34mUnused type args: [E][0m
  [34mUnused type args: [E][0m
  [34mIgnoring implicit executable reference: (CtExecutableReferenceImpl) <init>[0m
  [34mIgnoring implicit executable reference: (CtExecutableReferenceImpl) <init>[0m
  [34mUnused type args: [E][0m
  [34mUnused type args: [E][0m
  [34mIgnoring implicit executable reference: (CtExecutableReferenceImpl) <init>[0m
  [34mIgnoring implicit executable reference: (CtExecutableReferenceImpl) <init>[0m
  [34mUnused type args: [org.apache.hc.core5.http.HttpHost][0m
  [34mUnused type args: [org.apache.hc.core5.http.HttpHost][0m
  [34mUnused type args: [org.apache.hc.core5.http.HttpHost][0m
  [34mUnused type args: [org.apache.hc.core5.http.HttpHost][0m
  [34mUnused type args: [?][0m
  [34mUnused type args: [org.apache.hc.core5.http.Header @ httpclient5/src/main/java/org/apache/hc/client5/http/impl/ExecSupport.java:54:29][0m
  [34mUnused type args: [org.apache.hc.core5.http.Header][0m
  [34mUnused type args: [org.apache.hc.core5.http.Header][0m
  [34mUnused type args: [org.apache.hc.core5.http.Header][0m
  [34mUnused type args: [java.lang.String][0m
  [34mUnused type args: [E][0m
  [34mUnused type args: [E][0m
  [34mIgnoring implicit executable reference: (CtExecutableReferenceImpl) <init>[0m
  [34mIgnoring implicit executable reference: (CtExecutableReferenceImpl) <init>[0m
  [34mIgnoring implicit executable reference: (CtExecutableReferenceImpl) <init>[0m
  [34mIgnoring implicit executable reference: (CtExecutableReferenceImpl) <init>[0m
  [34mUnused type args: [org.apache.hc.core5.http.HttpHost][0m
  [34mUnused type args: [org.apache.hc.core5.http.HttpHost @ httpclient5/src/main/java/org/apache/hc/client5/http/HttpRoute.java:154:41][0m
  [34mUnused type args: [org.apache.hc.core5.http.HttpHost][0m
  [34mUnused type args: [org.apache.hc.core5.http.HttpRequest][0m
  [34mUnused type args: [org.apache.hc.client5.http.HttpRoute][0m
  [34mIgnoring implicit executable reference: (CtExecutableReferenceImpl) <init>[0m
  [34mIgnoring implicit executable reference: (CtExecutableReferenceImpl) <init>[0m
  [34mIgnoring implicit executable reference: (CtExecutableReferenceImpl) <init>[0m
  [34mIgnoring implicit executable reference: (CtExecutableReferenceImpl) <init>[0m
  [34mUnused type args: [?][0m
  [34mUnused type args: [org.apache.hc.core5.http.NameValuePair][0m
  [34mUnused type args: [org.apache.hc.core5.http.NameValuePair][0m
  [34mIgnoring implicit executable reference: (CtExecutableReferenceImpl) <init>[0m
  [34mIgnoring implicit executable reference: (CtExecutableReferenceImpl) <init>[0m
  [34mIgnoring implicit executable reference: (CtExecutableReferenceImpl) <init>[0m
  [34mIgnoring implicit executable reference: (CtExecutableReferenceImpl) <init>[0m
  [34mUnused type args: [org.apache.hc.client5.http.auth.ChallengeType][0m
  [34mUnused type args: [java.lang.String][0m
  [34mUnused type args: [org.apache.hc.core5.http.NameValuePair][0m
  [34mUnused type args: [org.apache.hc.core5.http.NameValuePair][0m
  [34mUnused type args: [org.apache.hc.core5.http.NameValuePair][0m
  [34mUnused type args: [?][0m
  [34mUnused type args: [org.apache.hc.core5.http.NameValuePair][0m
  [34mUnused type args: [org.apache.hc.core5.http.NameValuePair][0m
  [34mUnused type args: [?][0m
  [34mIgnoring implicit executable reference: (CtExecutableReferenceImpl) <init>[0m
  [34mUnused type args: [?][0m
  [34mUnused type args: [?][0m
  [34mUnused type args: [?][0m
  [34mUnused type args: [org.apache.hc.core5.http.HttpHost][0m
  [34mIgnoring implicit executable reference: (CtExecutableReferenceImpl) <init>[0m
  [34mUnused type args: [org.apache.hc.core5.http.NameValuePair][0m
  [34mUnused type args: [org.apache.hc.core5.http.NameValuePair][0m
  [34mIgnoring implicit executable reference: (CtExecutableReferenceImpl) <init>[0m
  [34mIgnoring implicit executable reference: (CtExecutableReferenceImpl) <init>[0m
  [34mUnused type args: [org.apache.hc.core5.http.HttpHost][0m
  [34mUnused type args: [org.apache.hc.core5.http.HttpHost @ httpclient5/src/main/java/org/apache/hc/client5/http/HttpRoute.java:144:42][0m
  [34mUnused type args: [org.apache.hc.core5.http.HttpHost][0m
  [34mIgnoring implicit executable reference: (CtExecutableReferenceImpl) <init>[0m
  [34mIgnoring implicit executable reference: (CtExecutableReferenceImpl) <init>[0m
  [34mUnused type args: [?][0m
  [34mUnused type args: [?][0m
  [34mUnused type args: [org.apache.hc.client5.http.auth.AuthScheme][0m
  [34mUnused type args: [org.apache.hc.client5.http.auth.AuthScheme][0m
  [34mUnused type args: [org.apache.hc.client5.http.auth.AuthScheme][0m
  [34mIgnoring implicit executable reference: (CtExecutableReferenceImpl) <init>[0m
  [34mIgnoring implicit executable reference: (CtExecutableReferenceImpl) <init>[0m
  [34mUnused type args: [org.apache.hc.client5.http.auth.AuthScheme][0m
  [34mUnused type args: [org.apache.hc.client5.http.auth.AuthScheme][0m
  [34mUnused type args: [org.apache.hc.core5.http.HttpHost][0m
  [34mUnused type args: [org.apache.hc.core5.http.HttpHost][0m
  [34mUnused type args: [org.apache.hc.core5.http.HttpHost][0m
  [34mUnused type args: [java.lang.String][0m
  [34mUnused type args: [java.net.InetAddress[]][0m
  [34mUnused type args: [java.lang.String, java.net.InetAddress[]][0m
  [34mUnused type args: [E][0m
  [34mUnused type args: [E][0m
  [34mUnused type args: [E][0m
  [34mUnused type args: [E][0m
  [34mIgnoring implicit executable reference: (CtExecutableReferenceImpl) <init>[0m
  [34mIgnoring implicit executable reference: (CtExecutableReferenceImpl) <init>[0m
  [34mIgnoring implicit executable reference: (CtExecutableReferenceImpl) <init>[0m
  [34mUnused type args: [E][0m
  [34mIgnoring implicit executable reference: (CtExecutableReferenceImpl) <init>[0m
  [34mIgnoring implicit executable reference: (CtExecutableReferenceImpl) <init>[0m
  [34mIgnoring implicit executable reference: (CtExecutableReferenceImpl) <init>[0m
  [34mIgnoring implicit executable reference: (CtExecutableReferenceImpl) <init>[0m
  [34mUnused type args: [java.lang.String][0m
  [34mUnused type args: [java.lang.String][0m
  [34mUnused type args: [java.lang.String][0m
  [34mIgnoring implicit executable reference: (CtExecutableReferenceImpl) <init>[0m
  [34mIgnoring implicit executable reference: (CtExecutableReferenceImpl) <init>[0m
  [34mUnused type args: [java.lang.String][0m
  [34mUnused type args: [java.lang.String][0m
  [34mUnused type args: [java.lang.String][0m
  [34mUnused type args: [java.lang.String][0m
  [34mUnused type args: [java.lang.String][0m
  [34mUnused type args: [java.lang.String][0m
  [34mUnused type args: [java.lang.String][0m
  [34mIgnoring implicit executable reference: (CtExecutableReferenceImpl) <init>[0m
  [34mIgnoring implicit executable reference: (CtExecutableReferenceImpl) <init>[0m
  [34mUnused type args: [java.lang.String][0m
  [34mIgnoring implicit executable reference: (CtExecutableReferenceImpl) <init>[0m
  [34mUnused type args: [java.lang.String][0m
  [34mUnused type args: [org.apache.hc.client5.http.cookie.CookieStore][0m
  [34mUnused type args: [T][0m
  [34mSkipping selection with no field declaration: (CtFieldReferenceImpl) class[0m
  [34mSkipping selection with no field declaration: (CtFieldReferenceImpl) class[0m
  [34mUnused type args: [org.apache.hc.client5.http.cookie.CookieSpecProvider][0m
  [34mUnused type args: [org.apache.hc.client5.http.cookie.CookieSpecProvider][0m
  [34mUnused type args: [T][0m
  [34mSkipping selection with no field declaration: (CtFieldReferenceImpl) class[0m
  [34mSkipping selection with no field declaration: (CtFieldReferenceImpl) class[0m
  [34mUnused type args: [org.apache.hc.client5.http.HttpRoute][0m
  [34mUnused type args: [T][0m
  [34mSkipping selection with no field declaration: (CtFieldReferenceImpl) class[0m
  [34mSkipping selection with no field declaration: (CtFieldReferenceImpl) class[0m
  [34mIgnoring implicit executable reference: (CtExecutableReferenceImpl) <init>[0m
  [34mIgnoring implicit executable reference: (CtExecutableReferenceImpl) <init>[0m
  [34mIgnoring implicit executable reference: (CtExecutableReferenceImpl) <init>[0m
  [34mIgnoring implicit executable reference: (CtExecutableReferenceImpl) <init>[0m
  [34mUnused type args: [java.lang.String][0m
  [34mUnused type args: [java.lang.String][0m
  [34mUnused type args: [org.apache.hc.client5.http.auth.CredentialsProvider][0m
  [34mUnused type args: [T][0m
  [34mSkipping selection with no field declaration: (CtFieldReferenceImpl) class[0m
  [34mSkipping selection with no field declaration: (CtFieldReferenceImpl) class[0m
  [34mUnused type args: [org.apache.hc.core5.http.protocol.HttpContext][0m
  [34mIgnoring implicit executable reference: (CtExecutableReferenceImpl) <init>[0m
  [34mIgnoring implicit executable reference: (CtExecutableReferenceImpl) <init>[0m
  [34mIgnoring implicit executable reference: (CtExecutableReferenceImpl) <init>[0m
  [34mUnused type args: [org.apache.hc.client5.http.cookie.CookieOrigin][0m
  [34mUnused type args: [T][0m
  [34mSkipping selection with no field declaration: (CtFieldReferenceImpl) class[0m
  [34mSkipping selection with no field declaration: (CtFieldReferenceImpl) class[0m
  [34mIgnoring implicit executable reference: (CtExecutableReferenceImpl) <init>[0m
  [34mIgnoring implicit executable reference: (CtExecutableReferenceImpl) <init>[0m
  [34mIgnoring implicit executable reference: (CtExecutableReferenceImpl) <init>[0m
  [34mUnused type args: [java.lang.String][0m
  [34mUnused type args: [java.lang.String][0m
  [34mUnused type args: [java.lang.String][0m
  [34mUnused type args: [java.lang.String][0m
  [34mIgnoring implicit executable reference: (CtExecutableReferenceImpl) <init>[0m
  [34mUnused type args: [java.lang.String][0m
  [34mUnused type args: [java.lang.String][0m
  [34mUnused type args: [java.lang.String][0m
  [34mUnused type args: [java.lang.String][0m
  [34mUnused type args: [org.apache.hc.core5.http.HttpHost @ httpclient5/src/main/java/org/apache/hc/client5/http/protocol/HttpClientContext.java:234:19, org.apache.hc.client5.http.auth.AuthExchange @ httpclient5/src/main/java/org/apache/hc/client5/http/protocol/HttpClientContext.java:234:29][0m
  [34mUnused type args: [org.apache.hc.core5.http.HttpHost, org.apache.hc.client5.http.auth.AuthExchange][0m
  [34mUnused type args: [org.apache.hc.core5.http.HttpHost, org.apache.hc.client5.http.auth.AuthExchange][0m
  [34mIgnoring implicit executable reference: (CtExecutableReferenceImpl) <init>[0m
  [34mUnused type args: [org.apache.hc.core5.http.HttpHost, org.apache.hc.client5.http.auth.AuthExchange][0m
  [34mUnused type args: [org.apache.hc.client5.http.auth.AuthSchemeProvider][0m
  [34mUnused type args: [org.apache.hc.client5.http.auth.AuthSchemeProvider][0m
  [34mUnused type args: [T][0m
  [34mSkipping selection with no field declaration: (CtFieldReferenceImpl) class[0m
  [34mSkipping selection with no field declaration: (CtFieldReferenceImpl) class[0m
  [34mUnused type args: [org.apache.hc.core5.http.HttpHost @ httpclient5/src/main/java/org/apache/hc/client5/http/protocol/HttpClientContext.java:247:19, org.apache.hc.client5.http.auth.AuthExchange @ httpclient5/src/main/java/org/apache/hc/client5/http/protocol/HttpClientContext.java:247:29][0m
  [34mUnused type args: [org.apache.hc.core5.http.HttpHost, org.apache.hc.client5.http.auth.AuthExchange][0m
  [34mUnused type args: [org.apache.hc.core5.http.HttpHost, org.apache.hc.client5.http.auth.AuthExchange][0m
  [34mIgnoring implicit executable reference: (CtExecutableReferenceImpl) <init>[0m
  [34mIgnoring implicit executable reference: (CtExecutableReferenceImpl) <init>[0m
  [34mIgnoring implicit executable reference: (CtExecutableReferenceImpl) <init>[0m
  [34mUnused type args: [java.lang.String][0m
  [34mUnused type args: [java.lang.String][0m
  [34mUnused type args: [org.apache.hc.client5.http.config.RequestConfig][0m
  [34mUnused type args: [T][0m
  [34mSkipping selection with no field declaration: (CtFieldReferenceImpl) class[0m
  [34mSkipping selection with no field declaration: (CtFieldReferenceImpl) class[0m
  [34mUnused type args: [org.apache.hc.client5.http.cookie.CookieSpecProvider][0m
  [34mIgnoring implicit executable reference: (CtExecutableReferenceImpl) <init>[0m
  [34mUnused type args: [org.apache.hc.core5.http.HttpHost @ httpclient5/src/main/java/org/apache/hc/client5/http/protocol/HttpClientContext.java:257:19, org.apache.hc.client5.http.auth.AuthExchange @ httpclient5/src/main/java/org/apache/hc/client5/http/protocol/HttpClientContext.java:257:29][0m
  [34mUnused type args: [org.apache.hc.core5.http.HttpHost, org.apache.hc.client5.http.auth.AuthExchange][0m
  [34mUnused type args: [org.apache.hc.core5.http.HttpHost, org.apache.hc.client5.http.auth.AuthExchange][0m
  [34mUnused type args: [T][0m
  [34mUnused type args: [T][0m
  [34mUnused type args: [T][0m
  [34mIgnoring implicit executable reference: (CtExecutableReferenceImpl) <init>[0m
  [34mUnused type args: [org.apache.hc.client5.http.auth.AuthSchemeProvider][0m
  [34mIgnoring implicit executable reference: (CtExecutableReferenceImpl) <init>[0m
  [34mUnused type args: [org.apache.hc.client5.http.auth.AuthCache][0m
  [34mUnused type args: [T][0m
  [34mSkipping selection with no field declaration: (CtFieldReferenceImpl) class[0m
  [34mSkipping selection with no field declaration: (CtFieldReferenceImpl) class[0m
  [34mUnused type args: [org.apache.hc.client5.http.cookie.CookieSpec][0m
  [34mUnused type args: [T][0m
  [34mSkipping selection with no field declaration: (CtFieldReferenceImpl) class[0m
  [34mSkipping selection with no field declaration: (CtFieldReferenceImpl) class[0m
  [34mUnused type args: [org.apache.hc.core5.http.config.Lookup][0m
  [34mUnused type args: [T][0m
  [34mSkipping selection with no field declaration: (CtFieldReferenceImpl) class[0m
  [34mSkipping selection with no field declaration: (CtFieldReferenceImpl) class[0m
  [34mUnused type args: [org.apache.hc.core5.http.HttpHost @ httpclient5/src/main/java/org/apache/hc/client5/http/protocol/HttpClientContext.java:222:13, org.apache.hc.client5.http.auth.AuthExchange @ httpclient5/src/main/java/org/apache/hc/client5/http/protocol/HttpClientContext.java:222:23][0m
  [34mUnused type args: [org.apache.hc.core5.http.HttpHost @ httpclient5/src/main/java/org/apache/hc/client5/http/protocol/HttpClientContext.java:222:48, org.apache.hc.client5.http.auth.AuthExchange @ httpclient5/src/main/java/org/apache/hc/client5/http/protocol/HttpClientContext.java:222:58][0m
  [34mUnused type args: [org.apache.hc.core5.http.HttpHost, org.apache.hc.client5.http.auth.AuthExchange][0m
  [34mUnused type args: [org.apache.hc.core5.http.HttpHost, org.apache.hc.client5.http.auth.AuthExchange][0m
  [34mUnused type args: [org.apache.hc.core5.http.HttpHost, org.apache.hc.client5.http.auth.AuthExchange][0m
  [34mIgnoring implicit executable reference: (CtExecutableReferenceImpl) <init>[0m
  [34mUnused type args: [org.apache.hc.core5.http.HttpHost, org.apache.hc.client5.http.auth.AuthExchange][0m
  [34mUnused type args: [org.apache.hc.core5.http.HttpHost, org.apache.hc.client5.http.auth.AuthExchange][0m
  [34mUnused type args: [org.apache.hc.core5.http.HttpHost, org.apache.hc.client5.http.auth.AuthExchange][0m
  [34mUnused type args: [java.lang.String][0m
  [34mUnused type args: [java.lang.String][0m
  [34mUnused type args: [java.lang.String][0m
  [34mUnused type args: [java.util.List][0m
  [34mUnused type args: [T][0m
  [34mSkipping selection with no field declaration: (CtFieldReferenceImpl) class[0m
  [34mSkipping selection with no field declaration: (CtFieldReferenceImpl) class[0m
  [34mIgnoring implicit executable reference: (CtExecutableReferenceImpl) <init>[0m
  [34mIgnoring implicit executable reference: (CtExecutableReferenceImpl) <init>[0m
  [34mIgnoring implicit executable reference: (CtExecutableReferenceImpl) <init>[0m
  [34mIgnoring implicit executable reference: (CtExecutableReferenceImpl) <init>[0m
  [34mUnused type args: [java.lang.String][0m
  [34mIgnoring implicit executable reference: (CtExecutableReferenceImpl) <init>[0m
  [34mIgnoring implicit executable reference: (CtExecutableReferenceImpl) <init>[0m
  [34mIgnoring implicit executable reference: (CtExecutableReferenceImpl) <init>[0m
  [34mUnused type args: [java.lang.String][0m
  [34mUnused type args: [java.lang.String][0m
  Pending package org.apache.hc.core5.http.nio
  Pending package org.apache.hc.core5.http.nio
  Pending package org.apache.hc.core5.http.nio.support
  Pending package org.apache.hc.client5.http.async.methods
  [34mskipping default constructor: org.apache.hc.client5.testing.async.AbstractSimpleServerExchangeHandler()[0m
  Pending package java.nio
  Pending package org.apache.hc.core5.http.nio.entity
  getting parent type for (CtClassImpl) RandomBinAsyncEntityProducer @ httpclient5-testing/src/main/java/org/apache/hc/client5/testing/async/AsyncRandomHandler.java:154:25
  Pending package java.nio
  [34mIgnoring implicit executable reference: (CtExecutableReferenceImpl) <init>[0m
  [34mIgnoring implicit executable reference: (CtExecutableReferenceImpl) <init>[0m
  [34mUnused type args: [java.nio.ByteBuffer][0m
  [34mUnused type args: [java.nio.ByteBuffer][0m
  [34mUnused type args: [org.apache.hc.core5.http.nio.AsyncEntityProducer][0m
  [34mUnused type args: [java.net.URI][0m
  [34mIgnoring implicit executable reference: (CtExecutableReferenceImpl) <init>[0m
  [34mIgnoring implicit method: (CtMethodImpl) valueOf in (CtEnumImpl) StandardMethods @ httpclient5/src/main/java/org/apache/hc/client5/http/StandardMethods.java:32:13[0m
  [34mIgnoring implicit method: (CtMethodImpl) valueOf in (CtEnumImpl) StandardMethods @ httpclient5/src/main/java/org/apache/hc/client5/http/StandardMethods.java:32:13[0m
  [34mIgnoring implicit method: (CtMethodImpl) valueOf in (CtEnumImpl) StandardMethods @ httpclient5/src/main/java/org/apache/hc/client5/http/StandardMethods.java:32:13[0m
  [34mUnused type args: [org.apache.hc.core5.http.HttpHost][0m
  [34mIgnoring implicit executable reference: (CtExecutableReferenceImpl) <init>[0m
  [34mUnused type args: [org.apache.hc.core5.http.HttpHost][0m
  [34mIgnoring implicit executable reference: (CtExecutableReferenceImpl) <init>[0m
  [34mUnused type args: [java.net.URI][0m
  [34mIgnoring implicit executable reference: (CtExecutableReferenceImpl) <init>[0m
  [34mUnused type args: [org.apache.hc.core5.http.HttpHost][0m
  [34mIgnoring implicit executable reference: (CtExecutableReferenceImpl) <init>[0m
  [34mUnused type args: [org.apache.hc.core5.http.HttpHost][0m
  [34mIgnoring implicit executable reference: (CtExecutableReferenceImpl) <init>[0m
  [34mIgnoring implicit executable reference: (CtExecutableReferenceImpl) <init>[0m
  [34mIgnoring implicit executable reference: (CtExecutableReferenceImpl) <init>[0m
  [34mIgnoring implicit executable reference: (CtExecutableReferenceImpl) <init>[0m
  [34mIgnoring implicit executable reference: (CtExecutableReferenceImpl) <init>[0m
  [34mIgnoring implicit executable reference: (CtExecutableReferenceImpl) <init>[0m
  [34mIgnoring implicit executable reference: (CtExecutableReferenceImpl) <init>[0m
  [34mUnused type args: [org.apache.hc.core5.http.HttpHost][0m
  [34mIgnoring implicit executable reference: (CtExecutableReferenceImpl) <init>[0m
  [34mUnused type args: [org.apache.hc.core5.http.nio.AsyncEntityProducer][0m
  [34mUnused type args: [java.net.URI][0m
  [34mIgnoring implicit executable reference: (CtExecutableReferenceImpl) <init>[0m
  [34mUnused type args: [org.apache.hc.core5.http.nio.AsyncEntityProducer][0m
  [34mIgnoring implicit executable reference: (CtExecutableReferenceImpl) <init>[0m
  [34mUnused type args: [?][0m
  [34mIgnoring implicit executable reference: (CtExecutableReferenceImpl) <init>[0m
  [34mIgnoring implicit executable reference: (CtExecutableReferenceImpl) <init>[0m
  [34mIgnoring implicit executable reference: (CtExecutableReferenceImpl) <init>[0m
  [34mIgnoring implicit executable reference: (CtExecutableReferenceImpl) <init>[0m
  [34mUnused type args: [org.apache.hc.core5.http.nio.AsyncEntityProducer][0m
  [34mIgnoring implicit executable reference: (CtExecutableReferenceImpl) <init>[0m
  [34mUnused type args: [java.net.URI][0m
  [34mIgnoring implicit executable reference: (CtExecutableReferenceImpl) <init>[0m
  [34mUnused type args: [org.apache.hc.core5.http.nio.AsyncEntityProducer][0m
  [34mUnused type args: [org.apache.hc.core5.http.HttpHost][0m
  [34mIgnoring implicit executable reference: (CtExecutableReferenceImpl) <init>[0m
  [34mIgnoring implicit executable reference: (CtExecutableReferenceImpl) <init>[0m
  [34mIgnoring implicit executable reference: (CtExecutableReferenceImpl) <init>[0m
  [34mIgnoring implicit executable reference: (CtExecutableReferenceImpl) <init>[0m
  [34mUnused type args: [org.apache.hc.core5.http.nio.AsyncEntityProducer][0m
  [34mUnused type args: [org.apache.hc.core5.http.nio.AsyncEntityProducer][0m
  [34mIgnoring implicit executable reference: (CtExecutableReferenceImpl) <init>[0m
  [34mUnused type args: [org.apache.hc.core5.http.nio.AsyncEntityProducer][0m
  [34mIgnoring implicit executable reference: (CtExecutableReferenceImpl) <init>[0m
  [34mIgnoring implicit executable reference: (CtExecutableReferenceImpl) <init>[0m
  [34mUnused type args: [?][0m
  [34mUnused type args: [?][0m
  [34mUnused type args: [org.apache.hc.core5.http.HttpHost][0m
  [34mIgnoring implicit executable reference: (CtExecutableReferenceImpl) <init>[0m
  [34mIgnoring anonymous type: (CtTypeReferenceImpl) org.apache.hc.client5.testing.async.AbstractSimpleServerExchangeHandler$1[0m
  [34mIgnoring implicit executable reference: (CtExecutableReferenceImpl) <init>[0m
  [34mIgnoring anonymous type: (CtTypeReferenceImpl) org.apache.hc.client5.testing.async.AbstractSimpleServerExchangeHandler$1[0m
  [34mUnused type args: [org.apache.hc.client5.http.async.methods.SimpleHttpRequest @ httpclient5-testing/src/main/java/org/apache/hc/client5/testing/async/AbstractSimpleServerExchangeHandler.java:54:51, java.lang.String @ httpclient5-testing/src/main/java/org/apache/hc/client5/testing/async/AbstractSimpleServerExchangeHandler.java:54:70][0m
  [34mUnused type args: [java.lang.String][0m
  [34mIgnoring implicit executable reference: (CtExecutableReferenceImpl) <init>[0m
  [34mIgnoring anonymous object declaration: (CtClassImpl) 1 @ httpclient5-testing/src/main/java/org/apache/hc/client5/testing/async/AbstractSimpleServerExchangeHandler.java:54:111[0m
  [34mUnused type args: [org.apache.hc.client5.http.async.methods.SimpleHttpRequest, java.lang.String][0m
  [34mUnused type args: [java.lang.String][0m
  [34mIgnoring implicit executable reference: (CtExecutableReferenceImpl) <init>[0m
  [34mIgnoring implicit executable reference: (CtExecutableReferenceImpl) <init>[0m
  [34mUnused type args: [E][0m
  [34mUnused type args: [java.lang.String][0m
  [34mIgnoring method of an anonymous declaring type: (CtMethodImpl) buildResult @ httpclient5-testing/src/main/java/org/apache/hc/client5/testing/async/AbstractSimpleServerExchangeHandler.java:57:41 in (CtClassImpl) 1 @ httpclient5-testing/src/main/java/org/apache/hc/client5/testing/async/AbstractSimpleServerExchangeHandler.java:54:111[0m
  [34mIgnoring implicit executable reference: (CtExecutableReferenceImpl) <init>[0m
  [34mIgnoring implicit executable reference: (CtExecutableReferenceImpl) <init>[0m
  [34mIgnoring implicit executable reference: (CtExecutableReferenceImpl) <init>[0m
  [34mIgnoring implicit executable reference: (CtExecutableReferenceImpl) <init>[0m
  [34mIgnoring implicit executable reference: (CtExecutableReferenceImpl) <init>[0m
  [34mUnused type args: [java.net.URI][0m
  [34mIgnoring implicit executable reference: (CtExecutableReferenceImpl) <init>[0m
  [34mIgnoring implicit executable reference: (CtExecutableReferenceImpl) <init>[0m
  [34mIgnoring implicit executable reference: (CtExecutableReferenceImpl) <init>[0m
  [34mIgnoring implicit executable reference: (CtExecutableReferenceImpl) <init>[0m
  [34mIgnoring implicit executable reference: (CtExecutableReferenceImpl) <init>[0m
  [34mIgnoring implicit executable reference: (CtExecutableReferenceImpl) <init>[0m
  [34mIgnoring implicit executable reference: (CtExecutableReferenceImpl) <init>[0m
  [34mUnused type args: [java.net.URI][0m
  [34mIgnoring implicit executable reference: (CtExecutableReferenceImpl) <init>[0m
  [34mUnused type args: [org.apache.hc.core5.http.nio.AsyncEntityProducer][0m
  [34mIgnoring implicit executable reference: (CtExecutableReferenceImpl) <init>[0m
  [34mIgnoring implicit executable reference: (CtExecutableReferenceImpl) <init>[0m
  [34mIgnoring implicit executable reference: (CtExecutableReferenceImpl) <init>[0m
  [34mIgnoring implicit executable reference: (CtExecutableReferenceImpl) <init>[0m
  [34mIgnoring implicit executable reference: (CtExecutableReferenceImpl) <init>[0m
  [34mIgnoring implicit executable reference: (CtExecutableReferenceImpl) <init>[0m
  [34mIgnoring implicit executable reference: (CtExecutableReferenceImpl) <init>[0m
  [34mIgnoring implicit executable reference: (CtExecutableReferenceImpl) <init>[0m
  [34mIgnoring implicit executable reference: (CtExecutableReferenceImpl) <init>[0m
  [34mIgnoring implicit method: (CtMethodImpl) valueOf in (CtEnumImpl) StandardMethods @ httpclient5/src/main/java/org/apache/hc/client5/http/StandardMethods.java:32:13[0m
  [34mIgnoring implicit method: (CtMethodImpl) valueOf in (CtEnumImpl) StandardMethods @ httpclient5/src/main/java/org/apache/hc/client5/http/StandardMethods.java:32:13[0m
  [34mIgnoring implicit method: (CtMethodImpl) valueOf in (CtEnumImpl) StandardMethods @ httpclient5/src/main/java/org/apache/hc/client5/http/StandardMethods.java:32:13[0m
  [34mUnused type args: [org.apache.hc.core5.http.HttpHost][0m
  [34mIgnoring implicit executable reference: (CtExecutableReferenceImpl) <init>[0m
  [34mIgnoring implicit executable reference: (CtExecutableReferenceImpl) <init>[0m
  [34mUnused type args: [?][0m
  [34mUnused type args: [T][0m
  [34mIgnoring anonymous type: (CtTypeReferenceImpl) org.apache.hc.client5.testing.async.AsyncEchoHandler$1[0m
  [34mIgnoring implicit executable reference: (CtExecutableReferenceImpl) <init>[0m
  [34mIgnoring anonymous type: (CtTypeReferenceImpl) org.apache.hc.client5.testing.async.AsyncEchoHandler$1[0m
  [34mUnused type args: [byte[] @ httpclient5-testing/src/main/java/org/apache/hc/client5/testing/async/AsyncEchoHandler.java:90:74][0m
  [34mIgnoring anonymous object declaration: (CtClassImpl) 1 @ httpclient5-testing/src/main/java/org/apache/hc/client5/testing/async/AsyncEchoHandler.java:90:84[0m
  [34mUnused type args: [byte[]][0m
  [34mIgnoring implicit executable reference: (CtExecutableReferenceImpl) <init>[0m
  [34mIgnoring implicit executable reference: (CtExecutableReferenceImpl) <init>[0m
  [34mIgnoring method of an anonymous declaring type: (CtMethodImpl) completed @ httpclient5-testing/src/main/java/org/apache/hc/client5/testing/async/AsyncEchoHandler.java:93:29 in (CtClassImpl) 1 @ httpclient5-testing/src/main/java/org/apache/hc/client5/testing/async/AsyncEchoHandler.java:90:84[0m
  [34mIgnoring implicit executable reference: (CtExecutableReferenceImpl) <init>[0m
  [34mUnused type args: [org.apache.hc.core5.http.nio.AsyncEntityProducer][0m
  [34mIgnoring implicit executable reference: (CtExecutableReferenceImpl) <init>[0m
  [34mIgnoring method of an anonymous declaring type: (CtMethodImpl) failed @ httpclient5-testing/src/main/java/org/apache/hc/client5/testing/async/AsyncEchoHandler.java:104:29 in (CtClassImpl) 1 @ httpclient5-testing/src/main/java/org/apache/hc/client5/testing/async/AsyncEchoHandler.java:90:84[0m
  [34mIgnoring method of an anonymous declaring type: (CtMethodImpl) failed @ httpclient5-testing/src/main/java/org/apache/hc/client5/testing/async/AsyncEchoHandler.java:104:29 in (CtClassImpl) 1 @ httpclient5-testing/src/main/java/org/apache/hc/client5/testing/async/AsyncEchoHandler.java:90:84[0m
  [34mIgnoring anonymous type: (CtTypeReferenceImpl) org.apache.hc.client5.testing.async.AsyncEchoHandler$1[0m
  [34mIgnoring anonymous type: (CtTypeReferenceImpl) org.apache.hc.client5.testing.async.AsyncEchoHandler$1[0m
  [34mIgnoring anonymous type: (CtTypeReferenceImpl) org.apache.hc.client5.testing.async.AsyncEchoHandler$1[0m
  [34mIgnoring method of an anonymous declaring type: (CtMethodImpl) failed @ httpclient5-testing/src/main/java/org/apache/hc/client5/testing/async/AsyncEchoHandler.java:104:29 in (CtClassImpl) 1 @ httpclient5-testing/src/main/java/org/apache/hc/client5/testing/async/AsyncEchoHandler.java:90:84[0m
  [34mIgnoring anonymous type: (CtTypeReferenceImpl) org.apache.hc.client5.testing.async.AsyncEchoHandler$1[0m
  [34mIgnoring method of an anonymous declaring type: (CtMethodImpl) failed @ httpclient5-testing/src/main/java/org/apache/hc/client5/testing/async/AsyncEchoHandler.java:104:29 in (CtClassImpl) 1 @ httpclient5-testing/src/main/java/org/apache/hc/client5/testing/async/AsyncEchoHandler.java:90:84[0m
  [34mIgnoring method of an anonymous declaring type: (CtMethodImpl) cancelled @ httpclient5-testing/src/main/java/org/apache/hc/client5/testing/async/AsyncEchoHandler.java:109:29 in (CtClassImpl) 1 @ httpclient5-testing/src/main/java/org/apache/hc/client5/testing/async/AsyncEchoHandler.java:90:84[0m
  [34mIgnoring implicit executable reference: (CtExecutableReferenceImpl) <init>[0m
  [34mUnused type args: [java.net.URI][0m
  [34mIgnoring implicit executable reference: (CtExecutableReferenceImpl) <init>[0m
  [34mIgnoring implicit executable reference: (CtExecutableReferenceImpl) <init>[0m
  [34mIgnoring implicit executable reference: (CtExecutableReferenceImpl) <init>[0m
  [34mIgnoring implicit executable reference: (CtExecutableReferenceImpl) <init>[0m
  [34mIgnoring implicit executable reference: (CtExecutableReferenceImpl) <init>[0m
  [34mIgnoring implicit executable reference: (CtExecutableReferenceImpl) <init>[0m
  [34mUnused type args: [java.net.URI][0m
  [34mIgnoring implicit executable reference: (CtExecutableReferenceImpl) <init>[0m
  [34mUnused type args: [org.apache.hc.core5.http.nio.AsyncEntityProducer][0m
  [34mIgnoring implicit executable reference: (CtExecutableReferenceImpl) <init>[0m
  [34mIgnoring implicit executable reference: (CtExecutableReferenceImpl) <init>[0m
  [34mIgnoring implicit executable reference: (CtExecutableReferenceImpl) <init>[0m
  [34mIgnoring implicit executable reference: (CtExecutableReferenceImpl) <init>[0m
  [34mUnused type args: [org.apache.hc.core5.http.nio.AsyncEntityProducer][0m
  [34mUnused type args: [org.apache.hc.core5.http.nio.AsyncEntityProducer][0m
  [34mIgnoring implicit executable reference: (CtExecutableReferenceImpl) <init>[0m
  [34mUnused type args: [org.apache.hc.core5.http.nio.AsyncEntityProducer][0m
  [34mskipping default constructor: org.apache.hc.client5.http.cookie.CookieIdentityComparator()[0m
  Pending package java.util.function
  [34mskipping default constructor: org.apache.hc.client5.http.cookie.CookiePathComparator()[0m
  [34mskipping default constructor: org.apache.hc.client5.http.cookie.CookiePriorityComparator()[0m
  [34mIgnoring implicit executable reference: (CtExecutableReferenceImpl) <init>[0m
  [34mIgnoring implicit executable reference: (CtExecutableReferenceImpl) <init>[0m
  [34mIgnoring implicit executable reference: (CtExecutableReferenceImpl) <init>[0m
  [34mIgnoring implicit executable reference: (CtExecutableReferenceImpl) <init>[0m
  [34mIgnoring implicit executable reference: (CtExecutableReferenceImpl) <init>[0m
  [34mIgnoring implicit executable reference: (CtExecutableReferenceImpl) <init>[0m
  [34mUnused type args: [org.apache.hc.client5.http.cookie.Cookie @ httpclient5/src/main/java/org/apache/hc/client5/http/cookie/BasicCookieStore.java:122:29][0m
  [34mUnused type args: [org.apache.hc.client5.http.cookie.Cookie][0m
  [34mUnused type args: [org.apache.hc.client5.http.cookie.Cookie][0m
  [34mUnused type args: [org.apache.hc.client5.http.cookie.Cookie][0m
  [34mUnused type args: [org.apache.hc.client5.http.cookie.Cookie][0m
  [34mUnused type args: [org.apache.hc.client5.http.cookie.Cookie][0m
  [34mUnused type args: [org.apache.hc.client5.http.cookie.Cookie][0m
  [34mIgnoring implicit executable reference: (CtExecutableReferenceImpl) <init>[0m
  [34mIgnoring implicit executable reference: (CtExecutableReferenceImpl) <init>[0m
  [34mIgnoring implicit executable reference: (CtExecutableReferenceImpl) <init>[0m
  [34mUnused type args: [org.apache.hc.client5.http.cookie.Cookie][0m
  [34mUnused type args: [?][0m
  [34mUnused type args: [org.apache.hc.client5.http.cookie.Cookie][0m
  [34mIgnoring implicit executable reference: (CtExecutableReferenceImpl) <init>[0m
  [34mIgnoring implicit executable reference: (CtExecutableReferenceImpl) <init>[0m
  [34mUnused type args: [org.apache.hc.client5.http.cookie.Cookie][0m
  [34mUnused type args: [org.apache.hc.client5.http.cookie.Cookie][0m
  [34mIgnoring implicit executable reference: (CtExecutableReferenceImpl) <init>[0m
  [34mUnused type args: [org.apache.hc.client5.http.cookie.Cookie][0m
  [34mUnused type args: [?][0m
  [34mIgnoring implicit executable reference: (CtExecutableReferenceImpl) <init>[0m
  [34mUnused type args: [org.apache.hc.client5.http.cookie.Cookie][0m
  [34mIgnoring implicit executable reference: (CtExecutableReferenceImpl) <init>[0m
  [34mUnused type args: [org.apache.hc.client5.http.cookie.Cookie][0m
  [34mIgnoring implicit executable reference: (CtExecutableReferenceImpl) <init>[0m
  [34mIgnoring implicit executable reference: (CtExecutableReferenceImpl) <init>[0m
  [34mUnused type args: [org.apache.hc.client5.http.cookie.Cookie][0m
  [34mskipping default constructor: org.apache.hc.client5.http.impl.cookie.AbstractCookieAttributeHandler()[0m
  [34mskipping default constructor: org.apache.hc.client5.http.impl.cookie.IgnoreSpec()[0m
  Pending package java.util.regex
  Pending package org.apache.hc.client5.http.psl
  [34mskipping default constructor: org.apache.hc.client5.http.psl.DomainType()[0m
  getting parent type for (CtEnumImpl) CompatibilityLevel @ httpclient5/src/main/java/org/apache/hc/client5/http/impl/cookie/RFC6265CookieSpecProvider.java:50:17
  [34mskipping default constructor: org.apache.hc.client5.http.impl.cookie.RFC6265CookieSpecProvider$CompatibilityLevel()[0m
  [34mUnused type args: [org.apache.hc.client5.http.cookie.SetCookie][0m
  [34mIgnoring implicit executable reference: (CtExecutableReferenceImpl) <init>[0m
  [34mIgnoring implicit executable reference: (CtExecutableReferenceImpl) <init>[0m
  [34mIgnoring implicit executable reference: (CtExecutableReferenceImpl) <init>[0m
  [34mIgnoring implicit executable reference: (CtExecutableReferenceImpl) <init>[0m
  [34mUnused type args: [org.apache.hc.client5.http.cookie.SetCookie][0m
  [34mIgnoring implicit executable reference: (CtExecutableReferenceImpl) <init>[0m
  [34mUnused type args: [org.apache.hc.client5.http.cookie.CommonCookieAttributeHandler][0m
  [34mIgnoring implicit executable reference: (CtExecutableReferenceImpl) <init>[0m
  [34mUnused type args: [java.lang.String, java.lang.String][0m
  [34mUnused type args: [java.lang.String, java.lang.String][0m
  [34mIgnoring implicit executable reference: (CtExecutableReferenceImpl) <init>[0m
  [34mUnused type args: [java.lang.String, java.lang.String][0m
  [34mUnused type args: [?, ?][0m
  [34mUnused type args: [java.lang.String, java.lang.String][0m
  [34mUnused type args: [java.lang.String, java.lang.String][0m
  [34mUnused type args: [java.util.Date][0m
  [34mUnused type args: [org.apache.hc.client5.http.cookie.Cookie][0m
  [34mUnused type args: [org.apache.hc.client5.http.cookie.CookieOrigin][0m
  [34mUnused type args: [org.apache.hc.client5.http.cookie.CookieAttributeHandler][0m
  [34mIgnoring implicit executable reference: (CtExecutableReferenceImpl) <init>[0m
  [34mIgnoring implicit executable reference: (CtExecutableReferenceImpl) <init>[0m
  [34mIgnoring implicit executable reference: (CtExecutableReferenceImpl) <init>[0m
  [34mIgnoring implicit executable reference: (CtExecutableReferenceImpl) <init>[0m
  [34mUnused type args: [java.lang.String, org.apache.hc.client5.http.cookie.CookieAttributeHandler][0m
  [34mUnused type args: [java.lang.String, org.apache.hc.client5.http.cookie.CookieAttributeHandler][0m
  [34mIgnoring implicit executable reference: (CtExecutableReferenceImpl) <init>[0m
  [34mUnused type args: [java.lang.String, org.apache.hc.client5.http.cookie.CookieAttributeHandler][0m
  [34mUnused type args: [java.lang.String, org.apache.hc.client5.http.cookie.CookieAttributeHandler][0m
  [34mIgnoring implicit executable reference: (CtExecutableReferenceImpl) <init>[0m
  [34mIgnoring implicit executable reference: (CtExecutableReferenceImpl) <init>[0m
  [34mIgnoring implicit executable reference: (CtExecutableReferenceImpl) <init>[0m
  [34mIgnoring implicit executable reference: (CtExecutableReferenceImpl) <init>[0m
  [34mIgnoring implicit executable reference: (CtExecutableReferenceImpl) <init>[0m
  [34mIgnoring implicit executable reference: (CtExecutableReferenceImpl) <init>[0m
  [34mIgnoring implicit executable reference: (CtExecutableReferenceImpl) <init>[0m
  [34mIgnoring implicit executable reference: (CtExecutableReferenceImpl) <init>[0m
  [34mIgnoring implicit executable reference: (CtExecutableReferenceImpl) <init>[0m
  [34mUnused type args: [java.lang.String, java.lang.String][0m
  [34mIgnoring implicit executable reference: (CtExecutableReferenceImpl) <init>[0m
  [34mIgnoring implicit executable reference: (CtExecutableReferenceImpl) <init>[0m
  [34mUnused type args: [java.lang.String, org.apache.hc.client5.http.cookie.CookieAttributeHandler][0m
  [34mUnused type args: [java.lang.String, org.apache.hc.client5.http.cookie.CookieAttributeHandler][0m
  [34mUnused type args: [org.apache.hc.client5.http.cookie.Cookie][0m
  [34mUnused type args: [org.apache.hc.client5.http.cookie.CookieOrigin][0m
  [34mUnused type args: [org.apache.hc.client5.http.cookie.Cookie][0m
  [34mUnused type args: [org.apache.hc.client5.http.cookie.CookieOrigin][0m
  [34mIgnoring implicit executable reference: (CtExecutableReferenceImpl) <init>[0m
  [34mIgnoring implicit executable reference: (CtExecutableReferenceImpl) <init>[0m
  [34mUnused type args: [java.lang.String, org.apache.hc.client5.http.psl.DomainType][0m
  [34mUnused type args: [java.lang.String, org.apache.hc.client5.http.psl.DomainType][0m
  [34mIgnoring implicit executable reference: (CtExecutableReferenceImpl) <init>[0m
  [34mIgnoring implicit executable reference: (CtExecutableReferenceImpl) <init>[0m
  [34mUnused type args: [org.apache.hc.client5.http.psl.DomainType][0m
  [34mUnused type args: [java.util.Collection][0m
  [34mUnused type args: [java.lang.String][0m
  [34mUnused type args: [java.lang.String][0m
  [34mUnused type args: [java.lang.String][0m
  [34mUnused type args: [java.lang.String, org.apache.hc.client5.http.psl.DomainType][0m
  [34mUnused type args: [java.lang.String, org.apache.hc.client5.http.psl.DomainType][0m
  [34mIgnoring implicit executable reference: (CtExecutableReferenceImpl) <init>[0m
  [34mUnused type args: [java.lang.String, org.apache.hc.client5.http.psl.DomainType][0m
  [34mUnused type args: [java.lang.String][0m
  [34mUnused type args: [java.lang.String][0m
  [34mUnused type args: [java.lang.String, org.apache.hc.client5.http.psl.DomainType][0m
  [34mUnused type args: [java.lang.String, org.apache.hc.client5.http.psl.DomainType][0m
  [34mUnused type args: [java.lang.String, org.apache.hc.client5.http.psl.DomainType][0m
  [34mIgnoring implicit executable reference: (CtExecutableReferenceImpl) <init>[0m
  [34mUnused type args: [java.lang.String, org.apache.hc.client5.http.psl.DomainType][0m
  [34mUnused type args: [java.lang.String][0m
  [34mUnused type args: [java.lang.String][0m
  [34mUnused type args: [java.lang.String, org.apache.hc.client5.http.psl.DomainType][0m
  [34mUnused type args: [org.apache.hc.client5.http.cookie.Cookie][0m
  [34mUnused type args: [org.apache.hc.client5.http.cookie.Cookie][0m
  [34mUnused type args: [java.lang.String, org.apache.hc.client5.http.cookie.CookieAttributeHandler][0m
  [34mIgnoring implicit executable reference: (CtExecutableReferenceImpl) <init>[0m
  [34mIgnoring implicit executable reference: (CtExecutableReferenceImpl) <init>[0m
  [34mIgnoring implicit executable reference: (CtExecutableReferenceImpl) <init>[0m
  [34mIgnoring implicit executable reference: (CtExecutableReferenceImpl) <init>[0m
  [34mIgnoring implicit executable reference: (CtExecutableReferenceImpl) <init>[0m
  [34mIgnoring implicit executable reference: (CtExecutableReferenceImpl) <init>[0m
  [34mIgnoring implicit executable reference: (CtExecutableReferenceImpl) <init>[0m
  [34mIgnoring implicit executable reference: (CtExecutableReferenceImpl) <init>[0m
  [34mIgnoring implicit executable reference: (CtExecutableReferenceImpl) <init>[0m
  [34mUnused type args: [java.lang.String, org.apache.hc.client5.http.cookie.CookieAttributeHandler][0m
  [34mUnused type args: [java.lang.String, org.apache.hc.client5.http.cookie.CookieAttributeHandler][0m
  [34mIgnoring implicit executable reference: (CtExecutableReferenceImpl) <init>[0m
  [34mUnused type args: [java.lang.String, org.apache.hc.client5.http.cookie.CookieAttributeHandler][0m
  [34mUnused type args: [java.lang.String, org.apache.hc.client5.http.cookie.CookieAttributeHandler][0m
  [34mUnused type args: [org.apache.hc.client5.http.cookie.Cookie][0m
  [34mUnused type args: [org.apache.hc.client5.http.cookie.CookieOrigin][0m
  [34mUnused type args: [org.apache.hc.client5.http.cookie.Cookie][0m
  [34mUnused type args: [org.apache.hc.client5.http.cookie.CookieOrigin][0m
  [34mIgnoring implicit executable reference: (CtExecutableReferenceImpl) <init>[0m
  [34mIgnoring implicit executable reference: (CtExecutableReferenceImpl) <init>[0m
  [34mUnused type args: [org.apache.hc.client5.http.cookie.SetCookie][0m
  [34mIgnoring implicit executable reference: (CtExecutableReferenceImpl) <init>[0m
  [34mUnused type args: [java.lang.String, org.apache.hc.client5.http.cookie.CookieAttributeHandler][0m
  [34mUnused type args: [org.apache.hc.client5.http.cookie.CookieAttributeHandler][0m
  [34mUnused type args: [java.lang.String, java.lang.String][0m
  [34mUnused type args: [java.lang.String @ httpclient5/src/main/java/org/apache/hc/client5/http/impl/cookie/PublicSuffixDomainFilter.java:62:33, java.lang.Boolean @ httpclient5/src/main/java/org/apache/hc/client5/http/impl/cookie/PublicSuffixDomainFilter.java:62:41][0m
  [34mIgnoring implicit executable reference: (CtExecutableReferenceImpl) <init>[0m
  [34mUnused type args: [java.lang.String, java.lang.Boolean][0m
  [34mUnused type args: [java.lang.String, java.lang.Boolean][0m
  [34mUnused type args: [java.lang.String, java.lang.Boolean][0m
  [34mUnused type args: [java.lang.String, java.lang.Boolean][0m
  [34mUnused type args: [java.lang.String, java.lang.Boolean][0m
  [34mUnused type args: [java.lang.String, java.lang.Boolean][0m
  [34mUnused type args: [java.lang.String, java.lang.Boolean][0m
  [34mIgnoring implicit executable reference: (CtExecutableReferenceImpl) <init>[0m
  [34mIgnoring implicit executable reference: (CtExecutableReferenceImpl) <init>[0m
  [34mUnused type args: [java.lang.String][0m
  [34mUnused type args: [java.lang.String, java.lang.String][0m
  [34mUnused type args: [java.lang.String, java.lang.String][0m
  [34mIgnoring implicit executable reference: (CtExecutableReferenceImpl) <init>[0m
  [34mUnused type args: [java.lang.String, java.lang.String][0m
  [34mUnused type args: [org.apache.hc.client5.http.cookie.SetCookie][0m
  [34mIgnoring implicit executable reference: (CtExecutableReferenceImpl) <init>[0m
  Pending package org.apache.hc.client5.http.utils
  Pending package java.lang.ref
  Pending package java.text
  getting parent type for (CtClassImpl) DateFormatHolder @ httpclient5/src/main/java/org/apache/hc/client5/http/utils/DateUtils.java:201:24
  [34mskipping default constructor: org.apache.hc.client5.http.utils.DateUtils$DateFormatHolder()[0m
  [34mIgnoring implicit executable reference: (CtExecutableReferenceImpl) <init>[0m
  [34mIgnoring implicit executable reference: (CtExecutableReferenceImpl) <init>[0m
  [34mIgnoring implicit executable reference: (CtExecutableReferenceImpl) <init>[0m
  [34mIgnoring implicit executable reference: (CtExecutableReferenceImpl) <init>[0m
  [34mIgnoring implicit executable reference: (CtExecutableReferenceImpl) <init>[0m
  [34mUnused type args: [java.lang.String][0m
  [34mUnused type args: [java.lang.String][0m
  [34mUnused type args: [java.lang.String][0m
  [34mUnused type args: [java.lang.String][0m
  [34mIgnoring implicit executable reference: (CtExecutableReferenceImpl) <init>[0m
  [34mIgnoring implicit executable reference: (CtExecutableReferenceImpl) <init>[0m
  [34mUnused type args: [java.lang.String][0m
  [34mUnused type args: [java.lang.String][0m
  [34mUnused type args: [java.lang.String][0m
  [34mUnused type args: [java.lang.String][0m
  [34mIgnoring implicit executable reference: (CtExecutableReferenceImpl) <init>[0m
  [34mIgnoring implicit executable reference: (CtExecutableReferenceImpl) <init>[0m
  [34mUnused type args: [org.apache.hc.core5.http.Header][0m
  [34mUnused type args: [org.apache.hc.client5.http.cookie.CookieOrigin][0m
  [34mIgnoring implicit executable reference: (CtExecutableReferenceImpl) <init>[0m
  [34mIgnoring implicit executable reference: (CtExecutableReferenceImpl) <init>[0m
  [34mIgnoring implicit executable reference: (CtExecutableReferenceImpl) <init>[0m
  [34mIgnoring implicit executable reference: (CtExecutableReferenceImpl) <init>[0m
  [34mIgnoring implicit executable reference: (CtExecutableReferenceImpl) <init>[0m
  [34mUnused type args: [org.apache.hc.client5.http.cookie.Cookie][0m
  [34mUnused type args: [org.apache.hc.client5.http.cookie.Cookie][0m
  [34mUnused type args: [org.apache.hc.client5.http.cookie.Cookie][0m
  [34mUnused type args: [org.apache.hc.client5.http.cookie.Cookie][0m
  [34mIgnoring implicit executable reference: (CtExecutableReferenceImpl) <init>[0m
  [34mIgnoring implicit executable reference: (CtExecutableReferenceImpl) <init>[0m
  [34mIgnoring implicit executable reference: (CtExecutableReferenceImpl) <init>[0m
  [34mUnused type args: [java.lang.String @ httpclient5/src/main/java/org/apache/hc/client5/http/impl/cookie/RFC6265CookieSpec.java:152:19, java.lang.String @ httpclient5/src/main/java/org/apache/hc/client5/http/impl/cookie/RFC6265CookieSpec.java:152:27][0m
  [34mIgnoring implicit executable reference: (CtExecutableReferenceImpl) <init>[0m
  [34mUnused type args: [java.lang.String, java.lang.String][0m
  [34mUnused type args: [java.lang.String, java.lang.String][0m
  [34mUnused type args: [java.lang.String, java.lang.String][0m
  [34mUnused type args: [java.lang.String, java.lang.String][0m
  getting parent type for (CtInterfaceImpl) Entry
  [34mUnused type args: [java.lang.String @ httpclient5/src/main/java/org/apache/hc/client5/http/impl/cookie/RFC6265CookieSpec.java:175:30, java.lang.String @ httpclient5/src/main/java/org/apache/hc/client5/http/impl/cookie/RFC6265CookieSpec.java:175:38][0m
  [34mUnused type args: [java.lang.String, java.lang.String][0m
  [34mUnused type args: [java.util.Map$Entry][0m
  [34mUnused type args: [java.lang.String, java.lang.String][0m
  [34mUnused type args: [java.lang.String, java.lang.String][0m
  [34mUnused type args: [java.lang.String, java.lang.String][0m
  [34mUnused type args: [java.lang.String, org.apache.hc.client5.http.cookie.CookieAttributeHandler][0m
  [34mUnused type args: [org.apache.hc.client5.http.cookie.Cookie @ httpclient5/src/main/java/org/apache/hc/client5/http/impl/cookie/RFC6265CookieSpec.java:184:29][0m
  [34mUnused type args: [org.apache.hc.client5.http.cookie.Cookie][0m
  [34mIgnoring implicit executable reference: (CtExecutableReferenceImpl) <init>[0m
  [34mIgnoring implicit executable reference: (CtExecutableReferenceImpl) <init>[0m
  [34mIgnoring implicit executable reference: (CtExecutableReferenceImpl) <init>[0m
  [34mIgnoring implicit executable reference: (CtExecutableReferenceImpl) <init>[0m
  [34mIgnoring implicit executable reference: (CtExecutableReferenceImpl) <init>[0m
  [34mIgnoring implicit executable reference: (CtExecutableReferenceImpl) <init>[0m
  [34mUnused type args: [org.apache.hc.client5.http.cookie.SetCookie][0m
  [34mIgnoring implicit executable reference: (CtExecutableReferenceImpl) <init>[0m
  [34mIgnoring implicit executable reference: (CtExecutableReferenceImpl) <init>[0m
  [34mUnused type args: [org.apache.hc.client5.http.psl.DomainType][0m
  [34mUnused type args: [java.lang.String][0m
  [34mUnused type args: [java.lang.String][0m
  [34mUnused type args: [java.lang.String][0m
  [34mUnused type args: [java.lang.String][0m
  [34mUnused type args: [?][0m
  [34mUnused type args: [java.util.List][0m
  [34mUnused type args: [java.lang.String][0m
  [34mUnused type args: [java.lang.String][0m
  [34mUnused type args: [java.lang.String][0m
  [34mUnused type args: [java.lang.String][0m
  [34mUnused type args: [java.lang.String][0m
  [34mUnused type args: [java.lang.String][0m
  [34mUnused type args: [java.lang.String][0m
  [34mUnused type args: [?][0m
  [34mUnused type args: [?][0m
  [34mUnused type args: [java.lang.String][0m
  [34mUnused type args: [java.lang.String][0m
  [34mUnused type args: [java.lang.String @ httpclient5/src/main/java/org/apache/hc/client5/http/psl/PublicSuffixList.java:58:103][0m
  [34mUnused type args: [java.lang.String][0m
  [34mUnused type args: [org.apache.hc.client5.http.cookie.Cookie][0m
  [34mUnused type args: [org.apache.hc.client5.http.cookie.CookieOrigin][0m
  [34mUnused type args: [java.lang.String, java.lang.Boolean][0m
  [34mIgnoring implicit executable reference: (CtExecutableReferenceImpl) <init>[0m
  [34mIgnoring implicit executable reference: (CtExecutableReferenceImpl) <init>[0m
  [34mUnused type args: [org.apache.hc.client5.http.cookie.CommonCookieAttributeHandler][0m
  [34mUnused type args: [org.apache.hc.client5.http.psl.PublicSuffixList][0m
  [34mIgnoring implicit executable reference: (CtExecutableReferenceImpl) <init>[0m
  [34mUnused type args: [java.lang.String][0m
  [34mUnused type args: [java.lang.String][0m
  [34mUnused type args: [java.lang.String][0m
  [34mUnused type args: [java.lang.String][0m
  [34mUnused type args: [java.lang.String, java.lang.Boolean][0m
  [34mUnused type args: [java.lang.String, java.lang.Boolean][0m
  [34mUnused type args: [java.lang.String, java.lang.Boolean][0m
  [34mIgnoring implicit executable reference: (CtExecutableReferenceImpl) <init>[0m
  [34mIgnoring implicit executable reference: (CtExecutableReferenceImpl) <init>[0m
  [34mIgnoring implicit executable reference: (CtExecutableReferenceImpl) <init>[0m
  [34mIgnoring implicit executable reference: (CtExecutableReferenceImpl) <init>[0m
  [34mIgnoring implicit executable reference: (CtExecutableReferenceImpl) <init>[0m
  [34mIgnoring implicit executable reference: (CtExecutableReferenceImpl) <init>[0m
  [34mIgnoring implicit executable reference: (CtExecutableReferenceImpl) <init>[0m
  [34mIgnoring anonymous type: (CtTypeReferenceImpl) org.apache.hc.client5.http.impl.cookie.RFC6265CookieSpecProvider$1[0m
  [34mIgnoring implicit executable reference: (CtExecutableReferenceImpl) <init>[0m
  [34mIgnoring anonymous type: (CtTypeReferenceImpl) org.apache.hc.client5.http.impl.cookie.RFC6265CookieSpecProvider$1[0m
  [34mIgnoring anonymous object declaration: (CtClassImpl) 1 @ httpclient5/src/main/java/org/apache/hc/client5/http/impl/cookie/RFC6265CookieSpecProvider.java:94:60[0m
  [34mIgnoring implicit executable reference: (CtExecutableReferenceImpl) <init>[0m
  [34mIgnoring implicit executable reference: (CtExecutableReferenceImpl) <init>[0m
  [34mIgnoring method of an anonymous declaring type: (CtMethodImpl) validate @ httpclient5/src/main/java/org/apache/hc/client5/http/impl/cookie/RFC6265CookieSpecProvider.java:96:53 in (CtClassImpl) 1 @ httpclient5/src/main/java/org/apache/hc/client5/http/impl/cookie/RFC6265CookieSpecProvider.java:94:60[0m
  [34mIgnoring implicit executable reference: (CtExecutableReferenceImpl) <init>[0m
  [34mIgnoring implicit executable reference: (CtExecutableReferenceImpl) <init>[0m
  [34mIgnoring implicit executable reference: (CtExecutableReferenceImpl) <init>[0m
  [34mIgnoring implicit executable reference: (CtExecutableReferenceImpl) <init>[0m
  [34mIgnoring implicit executable reference: (CtExecutableReferenceImpl) <init>[0m
  [34mIgnoring implicit executable reference: (CtExecutableReferenceImpl) <init>[0m
  [34mIgnoring implicit executable reference: (CtExecutableReferenceImpl) <init>[0m
  [34mIgnoring implicit executable reference: (CtExecutableReferenceImpl) <init>[0m
  [34mIgnoring implicit executable reference: (CtExecutableReferenceImpl) <init>[0m
  [34mIgnoring implicit executable reference: (CtExecutableReferenceImpl) <init>[0m
  [34mIgnoring implicit executable reference: (CtExecutableReferenceImpl) <init>[0m
  [34mIgnoring implicit executable reference: (CtExecutableReferenceImpl) <init>[0m
  [34mUnused type args: [java.util.Collection][0m
  [34mUnused type args: [org.apache.hc.client5.http.psl.PublicSuffixList][0m
  [34mUnused type args: [org.apache.hc.client5.http.psl.PublicSuffixList][0m
  [34mUnused type args: [org.apache.hc.client5.http.psl.PublicSuffixList][0m
  [34mUnused type args: [java.lang.String, org.apache.hc.client5.http.psl.DomainType][0m
  [34mUnused type args: [java.lang.String, org.apache.hc.client5.http.psl.DomainType][0m
  [34mIgnoring implicit executable reference: (CtExecutableReferenceImpl) <init>[0m
  [34mUnused type args: [java.lang.String, org.apache.hc.client5.http.psl.DomainType][0m
  [34mUnused type args: [java.lang.String, org.apache.hc.client5.http.psl.DomainType][0m
  [34mUnused type args: [java.lang.String, org.apache.hc.client5.http.psl.DomainType][0m
  [34mIgnoring implicit executable reference: (CtExecutableReferenceImpl) <init>[0m
  [34mUnused type args: [java.lang.String, org.apache.hc.client5.http.psl.DomainType][0m
  [34mUnused type args: [org.apache.hc.client5.http.psl.PublicSuffixList][0m
  [34mUnused type args: [java.lang.String @ httpclient5/src/main/java/org/apache/hc/client5/http/psl/PublicSuffixMatcher.java:88:24][0m
  [34mUnused type args: [java.lang.String][0m
  [34mUnused type args: [java.lang.String][0m
  [34mUnused type args: [java.lang.String, org.apache.hc.client5.http.psl.DomainType][0m
  [34mUnused type args: [java.lang.String @ httpclient5/src/main/java/org/apache/hc/client5/http/psl/PublicSuffixMatcher.java:92:24][0m
  [34mUnused type args: [java.lang.String][0m
  [34mUnused type args: [java.lang.String][0m
  [34mUnused type args: [java.lang.String][0m
  [34mUnused type args: [java.lang.String, org.apache.hc.client5.http.psl.DomainType][0m
  [34mUnused type args: [org.apache.hc.client5.http.cookie.Cookie, java.util.List][0m
  [34mUnused type args: [org.apache.hc.client5.http.cookie.Cookie][0m
  [34mUnused type args: [E][0m
  [34mUnused type args: [org.apache.hc.client5.http.cookie.Cookie][0m
  [34mUnused type args: [org.apache.hc.client5.http.cookie.Cookie][0m
  [34mUnused type args: [? @ httpclient5/src/main/java/org/apache/hc/client5/http/impl/cookie/RFC6265CookieSpec.java:212:20][0m
  [34mUnused type args: [org.apache.hc.client5.http.cookie.Cookie][0m
  [34mUnused type args: [?][0m
  [34mUnused type args: [?][0m
  [34mIgnoring implicit executable reference: (CtExecutableReferenceImpl) <init>[0m
  [34mUnused type args: [org.apache.hc.client5.http.cookie.Cookie][0m
  [34mUnused type args: [?][0m
  [34mUnused type args: [org.apache.hc.client5.http.cookie.Cookie][0m
  [34mUnused type args: [?][0m
  [34mUnused type args: [T][0m
  [34mUnused type args: [?][0m
  [34mUnused type args: [?][0m
  [34mUnused type args: [?][0m
  [34mUnused type args: [?][0m
  [34mUnused type args: [org.apache.hc.client5.http.cookie.Cookie][0m
  [34mIgnoring implicit executable reference: (CtExecutableReferenceImpl) <init>[0m
  [34mUnused type args: [?][0m
  [34mUnused type args: [?][0m
  [34mUnused type args: [?][0m
  [34mUnused type args: [org.apache.hc.core5.http.Header @ httpclient5/src/main/java/org/apache/hc/client5/http/impl/cookie/RFC6265CookieSpec.java:248:20][0m
  [34mIgnoring implicit executable reference: (CtExecutableReferenceImpl) <init>[0m
  [34mUnused type args: [org.apache.hc.core5.http.Header][0m
  [34mUnused type args: [org.apache.hc.core5.http.Header][0m
  [34mIgnoring implicit executable reference: (CtExecutableReferenceImpl) <init>[0m
  [34mUnused type args: [org.apache.hc.core5.http.Header][0m
  [34mUnused type args: [org.apache.hc.client5.http.cookie.SetCookie][0m
  [34mIgnoring implicit executable reference: (CtExecutableReferenceImpl) <init>[0m
  [34mIgnoring implicit executable reference: (CtExecutableReferenceImpl) <init>[0m
  [34mUnused type args: [java.lang.String, java.lang.String][0m
  [34mIgnoring implicit executable reference: (CtExecutableReferenceImpl) <init>[0m
  [34mIgnoring implicit executable reference: (CtExecutableReferenceImpl) <init>[0m
  [34mUnused type args: [org.apache.hc.client5.http.cookie.CommonCookieAttributeHandler][0m
  [34mUnused type args: [org.apache.hc.client5.http.psl.PublicSuffixMatcher][0m
  [34mUnused type args: [java.lang.String, java.lang.Boolean][0m
  [34mUnused type args: [java.lang.String, java.lang.Boolean][0m
  [34mUnused type args: [java.lang.String, java.lang.Boolean][0m
  [34mUnused type args: [org.apache.hc.client5.http.cookie.Cookie @ httpclient5/src/main/java/org/apache/hc/client5/http/impl/cookie/CookieSpecBase.java:91:20][0m
  [34mIgnoring implicit executable reference: (CtExecutableReferenceImpl) <init>[0m
  [34mUnused type args: [org.apache.hc.client5.http.cookie.Cookie][0m
  [34mIgnoring implicit executable reference: (CtExecutableReferenceImpl) <init>[0m
  [34mIgnoring implicit executable reference: (CtExecutableReferenceImpl) <init>[0m
  [34mUnused type args: [org.apache.hc.client5.http.cookie.Cookie][0m
  [34mUnused type args: [org.apache.hc.client5.http.cookie.Cookie][0m
  [34mUnused type args: [java.lang.String][0m
  [34mUnused type args: [java.lang.String, org.apache.hc.client5.http.psl.DomainType][0m
  [34mUnused type args: [java.lang.String, org.apache.hc.client5.http.psl.DomainType][0m
  [34mIgnoring implicit executable reference: (CtExecutableReferenceImpl) <init>[0m
  [34mIgnoring implicit executable reference: (CtExecutableReferenceImpl) <init>[0m
  [34mIgnoring implicit executable reference: (CtExecutableReferenceImpl) <init>[0m
  [34mIgnoring implicit executable reference: (CtExecutableReferenceImpl) <init>[0m
  [34mUnused type args: [java.lang.String, org.apache.hc.client5.http.psl.DomainType][0m
  [34mUnused type args: [java.lang.String, org.apache.hc.client5.http.psl.DomainType][0m
  [34mIgnoring implicit executable reference: (CtExecutableReferenceImpl) <init>[0m
  [34mIgnoring implicit executable reference: (CtExecutableReferenceImpl) <init>[0m
  [34mUnused type args: [org.apache.hc.client5.http.cookie.SetCookie][0m
  [34mIgnoring implicit executable reference: (CtExecutableReferenceImpl) <init>[0m
  [34mIgnoring implicit executable reference: (CtExecutableReferenceImpl) <init>[0m
  [34mUnused type args: [java.lang.String, java.lang.Integer][0m
  [34mIgnoring implicit executable reference: (CtExecutableReferenceImpl) <init>[0m
  [34mIgnoring implicit executable reference: (CtExecutableReferenceImpl) <init>[0m
  [34mIgnoring implicit executable reference: (CtExecutableReferenceImpl) <init>[0m
  [34mIgnoring implicit executable reference: (CtExecutableReferenceImpl) <init>[0m
  [34mIgnoring implicit executable reference: (CtExecutableReferenceImpl) <init>[0m
  [34mIgnoring implicit executable reference: (CtExecutableReferenceImpl) <init>[0m
  [34mIgnoring implicit executable reference: (CtExecutableReferenceImpl) <init>[0m
  [34mUnused type args: [java.lang.String, org.apache.hc.client5.http.cookie.CookieAttributeHandler][0m
  [34mUnused type args: [java.lang.String, org.apache.hc.client5.http.cookie.CookieAttributeHandler][0m
  [34mIgnoring implicit executable reference: (CtExecutableReferenceImpl) <init>[0m
  [34mUnused type args: [java.lang.String, org.apache.hc.client5.http.cookie.CookieAttributeHandler][0m
  [34mIgnoring implicit executable reference: (CtExecutableReferenceImpl) <init>[0m
  [34mUnused type args: [java.lang.String][0m
  [34mIgnoring implicit executable reference: (CtExecutableReferenceImpl) <init>[0m
  [34mIgnoring implicit executable reference: (CtExecutableReferenceImpl) <init>[0m
  [34mUnused type args: [java.lang.String, org.apache.hc.client5.http.cookie.CookieAttributeHandler][0m
  [34mUnused type args: [java.lang.String, org.apache.hc.client5.http.cookie.CookieAttributeHandler][0m
  [34mUnused type args: [java.lang.String, org.apache.hc.client5.http.cookie.CookieAttributeHandler][0m
  [34mIgnoring implicit executable reference: (CtExecutableReferenceImpl) <init>[0m
  [34mUnused type args: [java.lang.String, org.apache.hc.client5.http.cookie.CookieAttributeHandler][0m
  [34mUnused type args: [?, ?][0m
  [34mUnused type args: [java.lang.String, org.apache.hc.client5.http.cookie.CookieAttributeHandler][0m
  [34mIgnoring implicit executable reference: (CtExecutableReferenceImpl) <init>[0m
  [34mIgnoring implicit executable reference: (CtExecutableReferenceImpl) <init>[0m
  [34mUnused type args: [org.apache.hc.client5.http.cookie.Cookie][0m
  [34mUnused type args: [org.apache.hc.client5.http.cookie.CookieOrigin][0m
  [34mUnused type args: [org.apache.hc.client5.http.cookie.CookieAttributeHandler][0m
  [34mIgnoring implicit executable reference: (CtExecutableReferenceImpl) <init>[0m
  [34mIgnoring implicit executable reference: (CtExecutableReferenceImpl) <init>[0m
  [34mUnused type args: [org.apache.hc.core5.http.Header][0m
  [34mUnused type args: [org.apache.hc.core5.http.Header][0m
  [34mUnused type args: [org.apache.hc.client5.http.cookie.Cookie][0m
  [34mUnused type args: [org.apache.hc.client5.http.cookie.CookieOrigin][0m
  [34mIgnoring implicit executable reference: (CtExecutableReferenceImpl) <init>[0m
  [34mIgnoring implicit executable reference: (CtExecutableReferenceImpl) <init>[0m
  [34mIgnoring implicit executable reference: (CtExecutableReferenceImpl) <init>[0m
  [34mIgnoring implicit executable reference: (CtExecutableReferenceImpl) <init>[0m
  [34mUnused type args: [java.lang.String[]][0m
  [34mUnused type args: [java.lang.ref.SoftReference][0m
  [34mUnused type args: [java.util.Map][0m
  [34mUnused type args: [java.lang.String, java.text.SimpleDateFormat][0m
  [34mUnused type args: [java.util.Map @ httpclient5/src/main/java/org/apache/hc/client5/http/utils/DateUtils.java:218:33][0m
  [34mUnused type args: [java.lang.String @ httpclient5/src/main/java/org/apache/hc/client5/http/utils/DateUtils.java:218:37, java.text.SimpleDateFormat @ httpclient5/src/main/java/org/apache/hc/client5/http/utils/DateUtils.java:218:45][0m
  [34mUnused type args: [java.lang.ref.SoftReference][0m
  [34mUnused type args: [java.util.Map][0m
  [34mUnused type args: [java.lang.String, java.text.SimpleDateFormat][0m
  [34mUnused type args: [java.util.Map][0m
  [34mUnused type args: [java.lang.String, java.text.SimpleDateFormat][0m
  [34mUnused type args: [java.lang.String @ httpclient5/src/main/java/org/apache/hc/client5/http/utils/DateUtils.java:219:17, java.text.SimpleDateFormat @ httpclient5/src/main/java/org/apache/hc/client5/http/utils/DateUtils.java:219:25][0m
  [34mUnused type args: [java.lang.String, java.text.SimpleDateFormat][0m
  [34mUnused type args: [java.util.Map][0m
  [34mUnused type args: [java.lang.String, java.text.SimpleDateFormat][0m
  [34mUnused type args: [java.util.Map][0m
  [34mUnused type args: [java.lang.String, java.text.SimpleDateFormat][0m
  [34mUnused type args: [java.lang.String, java.text.SimpleDateFormat][0m
  [34mUnused type args: [java.lang.String, java.text.SimpleDateFormat][0m
  [34mUnused type args: [java.lang.String, java.text.SimpleDateFormat][0m
  [34mUnused type args: [java.lang.String, java.text.SimpleDateFormat][0m
  [34mIgnoring implicit executable reference: (CtExecutableReferenceImpl) <init>[0m
  [34mUnused type args: [java.lang.String, java.text.SimpleDateFormat][0m
  [34mUnused type args: [java.lang.ref.SoftReference][0m
  [34mUnused type args: [java.util.Map][0m
  [34mUnused type args: [java.lang.String, java.text.SimpleDateFormat][0m
  [34mIgnoring implicit executable reference: (CtExecutableReferenceImpl) <init>[0m
  [34mUnused type args: [java.util.Map][0m
  [34mUnused type args: [java.lang.String, java.text.SimpleDateFormat][0m
  [34mUnused type args: [java.lang.String, java.text.SimpleDateFormat][0m
  [34mUnused type args: [java.lang.String, java.text.SimpleDateFormat][0m
  [34mIgnoring implicit executable reference: (CtExecutableReferenceImpl) <init>[0m
  [34mUnused type args: [java.lang.String, java.text.SimpleDateFormat][0m
  [34mUnused type args: [java.lang.String][0m
  [34mIgnoring implicit executable reference: (CtExecutableReferenceImpl) <init>[0m
  [34mIgnoring implicit executable reference: (CtExecutableReferenceImpl) <init>[0m
  [34mIgnoring implicit executable reference: (CtExecutableReferenceImpl) <init>[0m
  [34mUnused type args: [java.util.Date][0m
  [34mUnused type args: [java.lang.String][0m
  Pending package org.apache.hc.client5.http.impl.sync
  [34mskipping default constructor: org.apache.hc.client5.http.impl.sync.CloseableHttpClient()[0m
  Pending package org.apache.hc.client5.http.sync
  Pending package org.apache.hc.core5.http.io
  Pending package org.apache.hc.client5.http.sync.methods
  Pending package java.nio.charset
  getting parent type for (CtClassImpl) ExecRunnable @ httpclient5-fluent/src/main/java/org/apache/hc/client5/http/fluent/Async.java:58:18
  [34mskipping default constructor: org.apache.hc.client5.http.impl.sync.AbstractResponseHandler()[0m
  [34mskipping default constructor: org.apache.hc.client5.http.impl.sync.AbstractResponseHandler()[0m
  [34mskipping default constructor: org.apache.hc.client5.http.fluent.ContentResponseHandler()[0m
  [34mskipping default constructor: org.apache.hc.client5.http.fluent.HttpHeader()[0m
  [34mIgnoring implicit executable reference: (CtExecutableReferenceImpl) <init>[0m
  [34mIgnoring implicit executable reference: (CtExecutableReferenceImpl) <init>[0m
  [34mUnused type args: [org.apache.hc.client5.http.fluent.Content][0m
  [34mUnused type args: [org.apache.hc.client5.http.fluent.Content][0m
  [34mUnused type args: [T][0m
  [34mUnused type args: [T][0m
  [34mIgnoring implicit executable reference: (CtExecutableReferenceImpl) <init>[0m
  [34mUnused type args: [org.apache.hc.client5.http.fluent.Content][0m
  Pending package org.apache.hc.core5.http.io.entity
  [34mIgnoring implicit executable reference: (CtExecutableReferenceImpl) <init>[0m
  [34mIgnoring implicit executable reference: (CtExecutableReferenceImpl) <init>[0m
  [34mIgnoring implicit executable reference: (CtExecutableReferenceImpl) <init>[0m
  [34mIgnoring implicit executable reference: (CtExecutableReferenceImpl) <init>[0m
  [34mUnused type args: [org.apache.hc.core5.concurrent.Cancellable][0m
  [34mUnused type args: [org.apache.hc.core5.concurrent.Cancellable][0m
  [34mIgnoring implicit executable reference: (CtExecutableReferenceImpl) <init>[0m
  [34mUnused type args: [org.apache.hc.core5.concurrent.Cancellable][0m
  [34mIgnoring implicit executable reference: (CtExecutableReferenceImpl) <init>[0m
  [34mIgnoring implicit executable reference: (CtExecutableReferenceImpl) <init>[0m
  [34mUnused type args: [org.apache.hc.core5.http.Header][0m
  [34mIgnoring implicit executable reference: (CtExecutableReferenceImpl) <init>[0m
  [34mIgnoring implicit executable reference: (CtExecutableReferenceImpl) <init>[0m
  [34mIgnoring implicit executable reference: (CtExecutableReferenceImpl) <init>[0m
  [34mIgnoring implicit executable reference: (CtExecutableReferenceImpl) <init>[0m
  [34mIgnoring implicit executable reference: (CtExecutableReferenceImpl) <init>[0m
  [34mUnused type args: [?][0m
  [34mUnused type args: [?][0m
  [34mUnused type args: [?][0m
  [34mUnused type args: [org.apache.hc.core5.http.ClassicHttpRequest][0m
  [34mIgnoring implicit executable reference: (CtExecutableReferenceImpl) <init>[0m
  [34mIgnoring implicit executable reference: (CtExecutableReferenceImpl) <init>[0m
  [34mIgnoring implicit executable reference: (CtExecutableReferenceImpl) <init>[0m
  [34mIgnoring implicit executable reference: (CtExecutableReferenceImpl) <init>[0m
  [34mIgnoring implicit executable reference: (CtExecutableReferenceImpl) <init>[0m
  [34mUnused type args: [T][0m
  [34mUnused type args: [T][0m
  [34mUnused type args: [T][0m
  [34mUnused type args: [T][0m
  [34mUnused type args: [T][0m
  [34mUnused type args: [T][0m
  [34mUnused type args: [T][0m
  [34mUnused type args: [T][0m
  [34mUnused type args: [T][0m
  [34mUnused type args: [T][0m
  [34mUnused type args: [T][0m
  [34mUnused type args: [T][0m
  [34mUnused type args: [T][0m
  [34mUnused type args: [T][0m
  [34mUnused type args: [T @ httpclient5-fluent/src/main/java/org/apache/hc/client5/http/fluent/Async.java:92:27][0m
  [34mIgnoring implicit executable reference: (CtExecutableReferenceImpl) <init>[0m
  [34mUnused type args: [T][0m
  [34mUnused type args: [T][0m
  [34mUnused type args: [T][0m
  [34mUnused type args: [T @ httpclient5-fluent/src/main/java/org/apache/hc/client5/http/fluent/Async.java:93:28][0m
  [34mIgnoring implicit executable reference: (CtExecutableReferenceImpl) <init>[0m
  [34mUnused type args: [T][0m
  [34mUnused type args: [T][0m
  [34mUnused type args: [T][0m
  [34mUnused type args: [T][0m
  [34mUnused type args: [T][0m
  [34mUnused type args: [T][0m
  [34mIgnoring implicit executable reference: (CtExecutableReferenceImpl) <init>[0m
  [34mUnused type args: [T][0m
  [34mUnused type args: [T][0m
  [34mUnused type args: [?][0m
  [34mUnused type args: [?][0m
  [34mUnused type args: [?][0m
  [34mUnused type args: [org.apache.hc.core5.concurrent.Cancellable][0m
  [34mIgnoring implicit executable reference: (CtExecutableReferenceImpl) <init>[0m
  [34mIgnoring implicit executable reference: (CtExecutableReferenceImpl) <init>[0m
  [34mUnused type args: [org.apache.hc.core5.concurrent.Cancellable][0m
  [34mIgnoring implicit executable reference: (CtExecutableReferenceImpl) <init>[0m
  [34mIgnoring implicit executable reference: (CtExecutableReferenceImpl) <init>[0m
  [34mIgnoring implicit executable reference: (CtExecutableReferenceImpl) <init>[0m
  [34mIgnoring implicit executable reference: (CtExecutableReferenceImpl) <init>[0m
  [34mIgnoring implicit executable reference: (CtExecutableReferenceImpl) <init>[0m
  [34mIgnoring implicit executable reference: (CtExecutableReferenceImpl) <init>[0m
  [34mIgnoring implicit executable reference: (CtExecutableReferenceImpl) <init>[0m
  [34mUnused type args: [org.apache.hc.core5.http.ClassicHttpResponse][0m
  [34mIgnoring implicit executable reference: (CtExecutableReferenceImpl) <init>[0m
  [34mUnused type args: [?][0m
  [34mUnused type args: [?][0m
  [34mIgnoring implicit executable reference: (CtExecutableReferenceImpl) <init>[0m
  [34mIgnoring implicit executable reference: (CtExecutableReferenceImpl) <init>[0m
  [34mIgnoring implicit executable reference: (CtExecutableReferenceImpl) <init>[0m
  [34mUnused type args: [org.apache.hc.core5.http.Header][0m
  [34mIgnoring implicit executable reference: (CtExecutableReferenceImpl) <init>[0m
  [34mUnused type args: [org.apache.hc.core5.concurrent.Cancellable][0m
  [34mIgnoring implicit executable reference: (CtExecutableReferenceImpl) <init>[0m
  [34mIgnoring implicit executable reference: (CtExecutableReferenceImpl) <init>[0m
  [34mIgnoring implicit executable reference: (CtExecutableReferenceImpl) <init>[0m
  [34mIgnoring implicit executable reference: (CtExecutableReferenceImpl) <init>[0m
  [34mUnused type args: [org.apache.hc.core5.http.NameValuePair][0m
  [34mIgnoring implicit executable reference: (CtExecutableReferenceImpl) <init>[0m
  [34mIgnoring implicit executable reference: (CtExecutableReferenceImpl) <init>[0m
  [34mIgnoring implicit executable reference: (CtExecutableReferenceImpl) <init>[0m
  [34mIgnoring implicit executable reference: (CtExecutableReferenceImpl) <init>[0m
  [34mUnused type args: [org.apache.hc.client5.http.fluent.Content][0m
  [34mUnused type args: [T][0m
  [34mIgnoring implicit executable reference: (CtExecutableReferenceImpl) <init>[0m
  [34mIgnoring implicit executable reference: (CtExecutableReferenceImpl) <init>[0m
  [34mIgnoring implicit executable reference: (CtExecutableReferenceImpl) <init>[0m
  [34mIgnoring implicit executable reference: (CtExecutableReferenceImpl) <init>[0m
  [34mUnused type args: [T][0m
  [34mIgnoring implicit executable reference: (CtExecutableReferenceImpl) <init>[0m
  [34mIgnoring implicit executable reference: (CtExecutableReferenceImpl) <init>[0m
  [34mIgnoring implicit executable reference: (CtExecutableReferenceImpl) <init>[0m
  [34mUnused type args: [org.apache.hc.core5.http.NameValuePair][0m
  [34mUnused type args: [?][0m
  [34mUnused type args: [org.apache.hc.core5.http.NameValuePair][0m
  [34mIgnoring implicit executable reference: (CtExecutableReferenceImpl) <init>[0m
  [34mUnused type args: [org.apache.hc.core5.http.io.ResponseHandler][0m
  [34mUnused type args: [?][0m
  [34mUnused type args: [?][0m
  [34mUnused type args: [?][0m
  [34mUnused type args: [?][0m
  [34mIgnoring implicit executable reference: (CtExecutableReferenceImpl) <init>[0m
  [34mIgnoring implicit executable reference: (CtExecutableReferenceImpl) <init>[0m
  [34mIgnoring implicit executable reference: (CtExecutableReferenceImpl) <init>[0m
  [34mIgnoring implicit executable reference: (CtExecutableReferenceImpl) <init>[0m
  [34mUnused type args: [?][0m
  [34mUnused type args: [org.apache.hc.core5.http.NameValuePair][0m
  [34mUnused type args: [org.apache.hc.core5.http.NameValuePair][0m
  [34mIgnoring implicit executable reference: (CtExecutableReferenceImpl) <init>[0m
  Pending package org.apache.hc.client5.http.impl.auth
  Pending package org.apache.hc.client5.http.auth.util
  Pending package org.apache.commons.codec.binary
  [34mIgnoring implicit executable reference: (CtExecutableReferenceImpl) <init>[0m
  [34mIgnoring implicit executable reference: (CtExecutableReferenceImpl) <init>[0m
  [34mUnused type args: [T][0m
  [34mIgnoring implicit executable reference: (CtExecutableReferenceImpl) <init>[0m
  [34mIgnoring implicit executable reference: (CtExecutableReferenceImpl) <init>[0m
  [34mIgnoring implicit executable reference: (CtExecutableReferenceImpl) <init>[0m
  [34mIgnoring implicit executable reference: (CtExecutableReferenceImpl) <init>[0m
  [34mIgnoring implicit executable reference: (CtExecutableReferenceImpl) <init>[0m
  [34mIgnoring implicit executable reference: (CtExecutableReferenceImpl) <init>[0m
  [34mUnused type args: [T][0m
  [34mUnused type args: [T][0m
  [34mUnused type args: [T][0m
  [34mUnused type args: [T][0m
  [34mUnused type args: [T][0m
  [34mIgnoring implicit executable reference: (CtExecutableReferenceImpl) <init>[0m
  [34mIgnoring implicit executable reference: (CtExecutableReferenceImpl) <init>[0m
  [34mIgnoring implicit executable reference: (CtExecutableReferenceImpl) <init>[0m
  [34mIgnoring implicit executable reference: (CtExecutableReferenceImpl) <init>[0m
  [34mIgnoring implicit executable reference: (CtExecutableReferenceImpl) <init>[0m
  [34mIgnoring implicit executable reference: (CtExecutableReferenceImpl) <init>[0m
  [34mIgnoring implicit executable reference: (CtExecutableReferenceImpl) <init>[0m
  [34mIgnoring implicit executable reference: (CtExecutableReferenceImpl) <init>[0m
  [34mIgnoring implicit executable reference: (CtExecutableReferenceImpl) <init>[0m
  [34mIgnoring implicit executable reference: (CtExecutableReferenceImpl) <init>[0m
  [34mIgnoring implicit executable reference: (CtExecutableReferenceImpl) <init>[0m
  [34mUnused type args: [org.apache.hc.core5.http.NameValuePair @ httpclient5-fluent/src/main/java/org/apache/hc/client5/http/fluent/Request.java:323:20][0m
  [34mIgnoring implicit executable reference: (CtExecutableReferenceImpl) <init>[0m
  [34mUnused type args: [org.apache.hc.core5.http.NameValuePair][0m
  [34mUnused type args: [?][0m
  [34mUnused type args: [org.apache.hc.core5.http.NameValuePair][0m
  [34mUnused type args: [?][0m
  [34mUnused type args: [org.apache.hc.core5.http.NameValuePair][0m
  [34mIgnoring implicit executable reference: (CtExecutableReferenceImpl) <init>[0m
  [34mIgnoring implicit executable reference: (CtExecutableReferenceImpl) <init>[0m
  [34mIgnoring implicit executable reference: (CtExecutableReferenceImpl) <init>[0m
  [34mIgnoring implicit executable reference: (CtExecutableReferenceImpl) <init>[0m
  [34mIgnoring implicit executable reference: (CtExecutableReferenceImpl) <init>[0m
  [34mIgnoring implicit executable reference: (CtExecutableReferenceImpl) <init>[0m
  [34mIgnoring implicit executable reference: (CtExecutableReferenceImpl) <init>[0m
  [34mUnused type args: [?][0m
  [34mUnused type args: [?][0m
  [34mUnused type args: [?][0m
  [34mUnused type args: [org.apache.hc.client5.http.fluent.Content][0m
  [34mUnused type args: [org.apache.hc.client5.http.fluent.Content][0m
  [34mUnused type args: [T][0m
  [34mUnused type args: [T][0m
  [34mIgnoring implicit executable reference: (CtExecutableReferenceImpl) <init>[0m
  [34mIgnoring implicit executable reference: (CtExecutableReferenceImpl) <init>[0m
  [34mIgnoring implicit executable reference: (CtExecutableReferenceImpl) <init>[0m
  [34mIgnoring implicit executable reference: (CtExecutableReferenceImpl) <init>[0m
  [34mIgnoring implicit executable reference: (CtExecutableReferenceImpl) <init>[0m
  [34mIgnoring implicit executable reference: (CtExecutableReferenceImpl) <init>[0m
  [34mIgnoring implicit executable reference: (CtExecutableReferenceImpl) <init>[0m
  [34mIgnoring implicit executable reference: (CtExecutableReferenceImpl) <init>[0m
  [34mUnused type args: [org.apache.hc.core5.http.NameValuePair][0m
  [34mUnused type args: [org.apache.hc.core5.http.NameValuePair][0m
  [34mIgnoring implicit executable reference: (CtExecutableReferenceImpl) <init>[0m
  [34mUnused type args: [org.apache.hc.core5.http.NameValuePair][0m
  [34mIgnoring implicit executable reference: (CtExecutableReferenceImpl) <init>[0m
  [34mIgnoring implicit executable reference: (CtExecutableReferenceImpl) <init>[0m
  [34mIgnoring implicit executable reference: (CtExecutableReferenceImpl) <init>[0m
  [34mIgnoring implicit executable reference: (CtExecutableReferenceImpl) <init>[0m
  [34mIgnoring implicit executable reference: (CtExecutableReferenceImpl) <init>[0m
  [34mIgnoring implicit executable reference: (CtExecutableReferenceImpl) <init>[0m
  [34mIgnoring implicit executable reference: (CtExecutableReferenceImpl) <init>[0m
  [34mIgnoring implicit executable reference: (CtExecutableReferenceImpl) <init>[0m
  [34mUnused type args: [T][0m
  [34mUnused type args: [T][0m
  [34mUnused type args: [T][0m
  [34mUnused type args: [T][0m
  [34mUnused type args: [T][0m
  [34mUnused type args: [T][0m
  [34mUnused type args: [T][0m
  [34mUnused type args: [T][0m
  [34mUnused type args: [T][0m
  [34mUnused type args: [T][0m
  [34mUnused type args: [T][0m
  [34mUnused type args: [T][0m
  [34mUnused type args: [T][0m
  [34mUnused type args: [T][0m
  [34mUnused type args: [T][0m
  [34mIgnoring implicit executable reference: (CtExecutableReferenceImpl) <init>[0m
  [34mIgnoring implicit executable reference: (CtExecutableReferenceImpl) <init>[0m
  [34mIgnoring implicit executable reference: (CtExecutableReferenceImpl) <init>[0m
  [34mIgnoring implicit executable reference: (CtExecutableReferenceImpl) <init>[0m
  [34mIgnoring implicit executable reference: (CtExecutableReferenceImpl) <init>[0m
  [34mIgnoring implicit executable reference: (CtExecutableReferenceImpl) <init>[0m
  [34mIgnoring implicit executable reference: (CtExecutableReferenceImpl) <init>[0m
  [34mIgnoring implicit executable reference: (CtExecutableReferenceImpl) <init>[0m
  [34mIgnoring implicit executable reference: (CtExecutableReferenceImpl) <init>[0m
  [34mUnused type args: [org.apache.hc.core5.http.HttpHost][0m
  [34mUnused type args: [org.apache.hc.core5.http.HttpHost, byte[]][0m
  [34mIgnoring implicit executable reference: (CtExecutableReferenceImpl) <init>[0m
  [34mIgnoring implicit executable reference: (CtExecutableReferenceImpl) <init>[0m
  [34mIgnoring implicit executable reference: (CtExecutableReferenceImpl) <init>[0m
  [34mIgnoring implicit executable reference: (CtExecutableReferenceImpl) <init>[0m
  [34mIgnoring implicit executable reference: (CtExecutableReferenceImpl) <init>[0m
  [34mIgnoring implicit executable reference: (CtExecutableReferenceImpl) <init>[0m
  [34mIgnoring implicit executable reference: (CtExecutableReferenceImpl) <init>[0m
  [34mIgnoring implicit executable reference: (CtExecutableReferenceImpl) <init>[0m
  [34mIgnoring implicit executable reference: (CtExecutableReferenceImpl) <init>[0m
  [34mIgnoring implicit executable reference: (CtExecutableReferenceImpl) <init>[0m
  [34mUnused type args: [org.apache.hc.core5.http.HttpHost, byte[]][0m
  [34mUnused type args: [org.apache.hc.core5.http.HttpHost, byte[]][0m
  [34mIgnoring implicit executable reference: (CtExecutableReferenceImpl) <init>[0m
  [34mUnused type args: [org.apache.hc.core5.http.HttpHost, byte[]][0m
  [34mIgnoring implicit executable reference: (CtExecutableReferenceImpl) <init>[0m
  [34mIgnoring implicit executable reference: (CtExecutableReferenceImpl) <init>[0m
  [34mIgnoring implicit executable reference: (CtExecutableReferenceImpl) <init>[0m
  [34mIgnoring implicit executable reference: (CtExecutableReferenceImpl) <init>[0m
  [34mIgnoring implicit executable reference: (CtExecutableReferenceImpl) <init>[0m
  [34mIgnoring implicit executable reference: (CtExecutableReferenceImpl) <init>[0m
  [34mIgnoring implicit executable reference: (CtExecutableReferenceImpl) <init>[0m
  [34mIgnoring implicit executable reference: (CtExecutableReferenceImpl) <init>[0m
  [34mUnused type args: [java.net.URI][0m
  [34mIgnoring implicit executable reference: (CtExecutableReferenceImpl) <init>[0m
  [34mIgnoring implicit executable reference: (CtExecutableReferenceImpl) <init>[0m
  [34mIgnoring implicit executable reference: (CtExecutableReferenceImpl) <init>[0m
  [34mIgnoring implicit executable reference: (CtExecutableReferenceImpl) <init>[0m
  [34mIgnoring implicit executable reference: (CtExecutableReferenceImpl) <init>[0m
  [34mIgnoring implicit executable reference: (CtExecutableReferenceImpl) <init>[0m
  [34mIgnoring implicit executable reference: (CtExecutableReferenceImpl) <init>[0m
  [34mUnused type args: [org.apache.hc.core5.http.HttpHost][0m
  [34mUnused type args: [org.apache.hc.client5.http.auth.CredentialsProvider][0m
  [34mIgnoring implicit executable reference: (CtExecutableReferenceImpl) <init>[0m
  [34mUnused type args: [org.apache.hc.core5.http.HttpHost][0m
  [34mUnused type args: [org.apache.hc.core5.http.HttpHost, byte[]][0m
  [34mIgnoring implicit executable reference: (CtExecutableReferenceImpl) <init>[0m
  [34mIgnoring implicit executable reference: (CtExecutableReferenceImpl) <init>[0m
  [34mIgnoring implicit executable reference: (CtExecutableReferenceImpl) <init>[0m
  [34mIgnoring implicit executable reference: (CtExecutableReferenceImpl) <init>[0m
  [34mIgnoring implicit executable reference: (CtExecutableReferenceImpl) <init>[0m
  [34mUnused type args: [org.apache.hc.client5.http.auth.AuthScope, org.apache.hc.client5.http.auth.Credentials][0m
  [34mUnused type args: [org.apache.hc.client5.http.auth.AuthScope, org.apache.hc.client5.http.auth.Credentials][0m
  [34mUnused type args: [org.apache.hc.client5.http.auth.AuthScope][0m
  [34mUnused type args: [org.apache.hc.client5.http.auth.AuthScope, org.apache.hc.client5.http.auth.Credentials][0m
  [34mIgnoring implicit executable reference: (CtExecutableReferenceImpl) <init>[0m
  [34mIgnoring implicit executable reference: (CtExecutableReferenceImpl) <init>[0m
  [34mUnused type args: [java.lang.String, java.lang.String][0m
  [34mIgnoring implicit executable reference: (CtExecutableReferenceImpl) <init>[0m
  [34mUnused type args: [org.apache.hc.client5.http.auth.AuthScope][0m
  [34mUnused type args: [org.apache.hc.client5.http.auth.AuthScope, org.apache.hc.client5.http.auth.Credentials][0m
  [34mUnused type args: [org.apache.hc.core5.http.HttpHost, byte[]][0m
  [34mIgnoring implicit executable reference: (CtExecutableReferenceImpl) <init>[0m
  [34mIgnoring implicit executable reference: (CtExecutableReferenceImpl) <init>[0m
  [34mIgnoring implicit executable reference: (CtExecutableReferenceImpl) <init>[0m
  [34mIgnoring implicit executable reference: (CtExecutableReferenceImpl) <init>[0m
  [34mUnused type args: [java.lang.String][0m
  [34mIgnoring implicit executable reference: (CtExecutableReferenceImpl) <init>[0m
  [34mIgnoring implicit executable reference: (CtExecutableReferenceImpl) <init>[0m
  [34mIgnoring implicit executable reference: (CtExecutableReferenceImpl) <init>[0m
  [34mIgnoring implicit executable reference: (CtExecutableReferenceImpl) <init>[0m
  [34mUnused type args: [org.apache.hc.core5.http.HttpResponse][0m
  [34mUnused type args: [org.apache.hc.core5.http.HeaderElement @ httpclient5/src/main/java/org/apache/hc/client5/http/sync/methods/HttpOptions.java:82:24][0m
  [34mUnused type args: [org.apache.hc.core5.http.HeaderElement][0m
  [34mUnused type args: [java.lang.String @ httpclient5/src/main/java/org/apache/hc/client5/http/sync/methods/HttpOptions.java:83:19][0m
  [34mIgnoring implicit executable reference: (CtExecutableReferenceImpl) <init>[0m
  [34mUnused type args: [java.lang.String][0m
  [34mUnused type args: [org.apache.hc.core5.http.HeaderElement][0m
  [34mUnused type args: [org.apache.hc.core5.http.HeaderElement][0m
  [34mUnused type args: [java.lang.String][0m
  [34mUnused type args: [java.lang.String][0m
  [34mUnused type args: [org.apache.hc.client5.http.auth.AuthScope, org.apache.hc.client5.http.auth.Credentials][0m
  [34mIgnoring implicit executable reference: (CtExecutableReferenceImpl) <init>[0m
  [34mIgnoring implicit executable reference: (CtExecutableReferenceImpl) <init>[0m
  [34mIgnoring implicit executable reference: (CtExecutableReferenceImpl) <init>[0m
  [34mUnused type args: [java.lang.String, java.lang.String][0m
  [34mUnused type args: [org.apache.hc.core5.http.NameValuePair @ httpclient5/src/main/java/org/apache/hc/client5/http/impl/auth/BasicScheme.java:118:20][0m
  [34mUnused type args: [org.apache.hc.core5.http.NameValuePair][0m
  [34mUnused type args: [org.apache.hc.core5.http.NameValuePair][0m
  [34mUnused type args: [org.apache.hc.core5.http.NameValuePair][0m
  [34mUnused type args: [java.lang.String, java.lang.String][0m
  [34mIgnoring implicit executable reference: (CtExecutableReferenceImpl) <init>[0m
  [34mIgnoring implicit executable reference: (CtExecutableReferenceImpl) <init>[0m
  [34mIgnoring implicit executable reference: (CtExecutableReferenceImpl) <init>[0m
  [34mUnused type args: [java.lang.String @ httpclient5/src/main/java/org/apache/hc/client5/http/utils/URIUtils.java:196:25][0m
  [34mIgnoring implicit executable reference: (CtExecutableReferenceImpl) <init>[0m
  [34mUnused type args: [java.lang.String][0m
  [34mUnused type args: [java.lang.String][0m
  [34mUnused type args: [java.lang.String][0m
  [34mUnused type args: [java.lang.String][0m
  [34mIgnoring implicit executable reference: (CtExecutableReferenceImpl) <init>[0m
  [34mUnused type args: [java.lang.String][0m
  [34mIgnoring implicit executable reference: (CtExecutableReferenceImpl) <init>[0m
  [34mIgnoring implicit executable reference: (CtExecutableReferenceImpl) <init>[0m
  [34mIgnoring implicit executable reference: (CtExecutableReferenceImpl) <init>[0m
  [34mIgnoring implicit executable reference: (CtExecutableReferenceImpl) <init>[0m
  [34mIgnoring implicit executable reference: (CtExecutableReferenceImpl) <init>[0m
  [34mUnused type args: [java.lang.String][0m
  [34mIgnoring implicit executable reference: (CtExecutableReferenceImpl) <init>[0m
  [34mIgnoring implicit executable reference: (CtExecutableReferenceImpl) <init>[0m
  [34mIgnoring implicit executable reference: (CtExecutableReferenceImpl) <init>[0m
  [34mIgnoring implicit executable reference: (CtExecutableReferenceImpl) <init>[0m
  [34mIgnoring implicit executable reference: (CtExecutableReferenceImpl) <init>[0m
  [34mIgnoring implicit executable reference: (CtExecutableReferenceImpl) <init>[0m
  [34mIgnoring implicit executable reference: (CtExecutableReferenceImpl) <init>[0m
  [34mUnused type args: [org.apache.hc.client5.http.auth.AuthScope, org.apache.hc.client5.http.auth.Credentials][0m
  [34mUnused type args: [org.apache.hc.client5.http.auth.AuthScope, org.apache.hc.client5.http.auth.Credentials][0m
  [34mIgnoring implicit executable reference: (CtExecutableReferenceImpl) <init>[0m
  [34mUnused type args: [org.apache.hc.client5.http.auth.AuthScope, org.apache.hc.client5.http.auth.Credentials][0m
  [34mUnused type args: [org.apache.hc.core5.http.HttpHost, byte[]][0m
  [34mIgnoring implicit executable reference: (CtExecutableReferenceImpl) <init>[0m
  [34mIgnoring implicit executable reference: (CtExecutableReferenceImpl) <init>[0m
  [34mIgnoring implicit executable reference: (CtExecutableReferenceImpl) <init>[0m
  [34mUnused type args: [java.net.URI][0m
  [34mIgnoring implicit executable reference: (CtExecutableReferenceImpl) <init>[0m
  [34mUnused type args: [java.net.URI][0m
  [34mUnused type args: [java.net.URI][0m
  [34mIgnoring implicit executable reference: (CtExecutableReferenceImpl) <init>[0m
  [34mIgnoring implicit executable reference: (CtExecutableReferenceImpl) <init>[0m
  [34mIgnoring implicit executable reference: (CtExecutableReferenceImpl) <init>[0m
  [34mIgnoring implicit executable reference: (CtExecutableReferenceImpl) <init>[0m
  [34mIgnoring implicit executable reference: (CtExecutableReferenceImpl) <init>[0m
  [34mIgnoring implicit executable reference: (CtExecutableReferenceImpl) <init>[0m
  [34mIgnoring implicit executable reference: (CtExecutableReferenceImpl) <init>[0m
  [34mIgnoring implicit executable reference: (CtExecutableReferenceImpl) <init>[0m
  [34mIgnoring implicit executable reference: (CtExecutableReferenceImpl) <init>[0m
  [34mUnused type args: [org.apache.hc.client5.http.auth.AuthScope, org.apache.hc.client5.http.auth.Credentials][0m
  [34mIgnoring implicit executable reference: (CtExecutableReferenceImpl) <init>[0m
  [34mIgnoring implicit executable reference: (CtExecutableReferenceImpl) <init>[0m
  [34mUnused type args: [java.lang.String, java.lang.String][0m
  [34mIgnoring implicit executable reference: (CtExecutableReferenceImpl) <init>[0m
  [34mIgnoring implicit executable reference: (CtExecutableReferenceImpl) <init>[0m
  [34mUnused type args: [org.apache.hc.core5.http.HttpHost][0m
  [34mIgnoring implicit executable reference: (CtExecutableReferenceImpl) <init>[0m
  [34mIgnoring implicit executable reference: (CtExecutableReferenceImpl) <init>[0m
  [34mUnused type args: [org.apache.hc.core5.http.HttpHost, byte[]][0m
  [34mUnused type args: [?][0m
  [34mUnused type args: [java.net.URI][0m
  [34mUnused type args: [java.net.URI][0m
  [34mUnused type args: [java.net.URI][0m
  [34mIgnoring implicit executable reference: (CtExecutableReferenceImpl) <init>[0m
  [34mIgnoring implicit executable reference: (CtExecutableReferenceImpl) <init>[0m
  [34mUnused type args: [java.net.URI][0m
  [34mUnused type args: [java.net.URI][0m
  [34mUnused type args: [java.net.URI][0m
  [34mUnused type args: [java.net.URI][0m
  [34mIgnoring implicit executable reference: (CtExecutableReferenceImpl) <init>[0m
  [34mIgnoring implicit executable reference: (CtExecutableReferenceImpl) <init>[0m
  [34mUnused type args: [java.lang.String, java.lang.String][0m
  [34mUnused type args: [java.lang.String, java.lang.String][0m
  [34mIgnoring implicit executable reference: (CtExecutableReferenceImpl) <init>[0m
  [34mUnused type args: [java.lang.String, java.lang.String][0m
  [34mIgnoring implicit executable reference: (CtExecutableReferenceImpl) <init>[0m
  [34mIgnoring implicit executable reference: (CtExecutableReferenceImpl) <init>[0m
  [34mIgnoring implicit executable reference: (CtExecutableReferenceImpl) <init>[0m
  [34mUnused type args: [org.apache.hc.client5.http.auth.AuthScope][0m
  [34mUnused type args: [org.apache.hc.client5.http.auth.AuthScope, org.apache.hc.client5.http.auth.Credentials][0m
  [34mUnused type args: [org.apache.hc.client5.http.auth.AuthScope, org.apache.hc.client5.http.auth.Credentials][0m
  [34mskipping default constructor: org.apache.hc.client5.testing.classic.EchoHandler()[0m
  getting parent type for (CtClassImpl) RandomEntity @ httpclient5-testing/src/main/java/org/apache/hc/client5/testing/classic/RandomHandler.java:113:25
  Pending package org.apache.hc.core5.function
  [34mskipping default constructor: org.apache.hc.client5.testing.classic.RandomHandler()[0m
  [34mIgnoring implicit executable reference: (CtExecutableReferenceImpl) <init>[0m
  [34mUnused type args: [?][0m
  [34mIgnoring implicit executable reference: (CtExecutableReferenceImpl) <init>[0m
  [34mIgnoring implicit executable reference: (CtExecutableReferenceImpl) <init>[0m
  [34mUnused type args: [?][0m
  [34mIgnoring implicit executable reference: (CtExecutableReferenceImpl) <init>[0m
  [34mIgnoring implicit executable reference: (CtExecutableReferenceImpl) <init>[0m
  [34mIgnoring implicit executable reference: (CtExecutableReferenceImpl) <init>[0m
  [34mIgnoring implicit executable reference: (CtExecutableReferenceImpl) <init>[0m
  [34mIgnoring implicit executable reference: (CtExecutableReferenceImpl) <init>[0m
  [34mIgnoring implicit executable reference: (CtExecutableReferenceImpl) <init>[0m
  [34mIgnoring implicit executable reference: (CtExecutableReferenceImpl) <init>[0m
  Pending package org.apache.hc.core5.http.nio.ssl
  Pending package org.apache.hc.core5.reactor
  Pending package org.apache.hc.core5.reactor.ssl
  Pending package org.apache.hc.core5.io
  Pending package org.apache.hc.client5.http.nio
  [34mskipping default constructor: org.apache.hc.client5.http.nio.AsyncConnectionEndpoint()[0m
  getting parent type for (CtClassImpl) InternalConnectionEndpoint @ httpclient5/src/main/java/org/apache/hc/client5/http/impl/nio/PoolingAsyncClientConnectionManager.java:388:11
  [34mUnused type args: [org.apache.hc.client5.http.HttpRoute, org.apache.hc.client5.http.impl.nio.ManagedAsyncClientConnection][0m
  [34mUnused type args: [org.apache.hc.client5.http.HttpRoute @ httpclient5/src/main/java/org/apache/hc/client5/http/impl/nio/PoolingAsyncClientConnectionManager.java:404:29, org.apache.hc.client5.http.impl.nio.ManagedAsyncClientConnection @ httpclient5/src/main/java/org/apache/hc/client5/http/impl/nio/PoolingAsyncClientConnectionManager.java:404:40][0m
  [34mUnused type args: [org.apache.hc.core5.pool.PoolEntry][0m
  [34mUnused type args: [org.apache.hc.client5.http.HttpRoute, org.apache.hc.client5.http.impl.nio.ManagedAsyncClientConnection][0m
  [34mUnused type args: [org.apache.hc.client5.http.HttpRoute, org.apache.hc.client5.http.impl.nio.ManagedAsyncClientConnection][0m
  [34mUnused type args: [org.apache.hc.client5.http.HttpRoute, org.apache.hc.client5.http.impl.nio.ManagedAsyncClientConnection][0m
  [34mIgnoring implicit executable reference: (CtExecutableReferenceImpl) <init>[0m
  [34mUnused type args: [org.apache.hc.client5.http.HttpRoute, org.apache.hc.client5.http.impl.nio.ManagedAsyncClientConnection][0m
  [34mUnused type args: [org.apache.hc.client5.http.HttpRoute][0m
  [34mUnused type args: [org.apache.hc.client5.http.HttpRoute][0m
  [34mUnused type args: [org.apache.hc.client5.http.HttpRoute][0m
  [34mUnused type args: [org.apache.hc.client5.http.HttpRoute, org.apache.hc.client5.http.impl.nio.ManagedAsyncClientConnection][0m
  [34mIgnoring implicit executable reference: (CtExecutableReferenceImpl) <init>[0m
  [34mUnused type args: [?][0m
  [34mUnused type args: [org.apache.hc.client5.http.HttpRoute, org.apache.hc.client5.http.impl.nio.ManagedAsyncClientConnection][0m
  [34mUnused type args: [org.apache.hc.client5.http.HttpRoute @ httpclient5/src/main/java/org/apache/hc/client5/http/impl/nio/PoolingAsyncClientConnectionManager.java:412:29, org.apache.hc.client5.http.impl.nio.ManagedAsyncClientConnection @ httpclient5/src/main/java/org/apache/hc/client5/http/impl/nio/PoolingAsyncClientConnectionManager.java:412:40][0m
  [34mUnused type args: [org.apache.hc.client5.http.HttpRoute, org.apache.hc.client5.http.impl.nio.ManagedAsyncClientConnection][0m
  [34mUnused type args: [org.apache.hc.client5.http.HttpRoute, org.apache.hc.client5.http.impl.nio.ManagedAsyncClientConnection][0m
  [34mUnused type args: [org.apache.hc.client5.http.HttpRoute, org.apache.hc.client5.http.impl.nio.ManagedAsyncClientConnection][0m
  [34mUnused type args: [org.apache.hc.client5.http.HttpRoute, org.apache.hc.client5.http.impl.nio.ManagedAsyncClientConnection][0m
  Pending package org.apache.hc.core5.http.nio.command
  [34mIgnoring implicit executable reference: (CtExecutableReferenceImpl) <init>[0m
  [34mUnused type args: [org.apache.hc.client5.http.HttpRoute, org.apache.hc.client5.http.impl.nio.ManagedAsyncClientConnection][0m
  [34mUnused type args: [org.apache.hc.core5.reactor.ConnectionInitiator][0m
  [34mUnused type args: [org.apache.hc.core5.http.HttpHost][0m
  [34mUnused type args: [org.apache.hc.client5.http.impl.nio.ManagedAsyncClientConnection @ httpclient5/src/main/java/org/apache/hc/client5/http/impl/nio/AsyncClientConnectionOperator.java:81:29][0m
  [34mIgnoring implicit executable reference: (CtExecutableReferenceImpl) <init>[0m
  [34mUnused type args: [org.apache.hc.client5.http.impl.nio.ManagedAsyncClientConnection][0m
  [34mUnused type args: [T][0m
  [34mUnused type args: [org.apache.hc.client5.http.impl.nio.ManagedAsyncClientConnection][0m
  [34mUnused type args: [org.apache.hc.client5.http.impl.nio.ManagedAsyncClientConnection][0m
  [34mUnused type args: [org.apache.hc.client5.http.impl.nio.ManagedAsyncClientConnection][0m
  [34mUnused type args: [org.apache.hc.client5.http.impl.nio.ManagedAsyncClientConnection][0m
  [34mUnused type args: [org.apache.hc.client5.http.impl.nio.ManagedAsyncClientConnection][0m
  [34mUnused type args: [org.apache.hc.core5.http.nio.ssl.TlsStrategy][0m
  [34mUnused type args: [org.apache.hc.core5.http.nio.ssl.TlsStrategy][0m
  [34mIgnoring anonymous type: (CtTypeReferenceImpl) org.apache.hc.client5.http.impl.nio.AsyncClientConnectionOperator$1[0m
  [34mIgnoring implicit executable reference: (CtExecutableReferenceImpl) <init>[0m
  [34mIgnoring anonymous type: (CtTypeReferenceImpl) org.apache.hc.client5.http.impl.nio.AsyncClientConnectionOperator$1[0m
  [34mIgnoring anonymous object declaration: (CtClassImpl) 1 @ httpclient5/src/main/java/org/apache/hc/client5/http/impl/nio/AsyncClientConnectionOperator.java:97:50[0m
  [34mIgnoring implicit executable reference: (CtExecutableReferenceImpl) <init>[0m
  [34mIgnoring implicit executable reference: (CtExecutableReferenceImpl) <init>[0m
  [34mIgnoring implicit executable reference: (CtExecutableReferenceImpl) <init>[0m
  [34mIgnoring method of an anonymous declaring type: (CtMethodImpl) executeNext @ httpclient5/src/main/java/org/apache/hc/client5/http/impl/nio/AsyncClientConnectionOperator.java:101:18 in (CtClassImpl) 1 @ httpclient5/src/main/java/org/apache/hc/client5/http/impl/nio/AsyncClientConnectionOperator.java:97:50[0m
  [34mIgnoring anonymous type: (CtTypeReferenceImpl) org.apache.hc.client5.http.impl.nio.AsyncClientConnectionOperator$1[0m
  [34mIgnoring anonymous object declaration: (CtClassImpl) 1 @ httpclient5/src/main/java/org/apache/hc/client5/http/impl/nio/AsyncClientConnectionOperator.java:97:50[0m
  [34mSkipping selection with no resolvable origin: (CtFieldImpl) attempt @ httpclient5/src/main/java/org/apache/hc/client5/http/impl/nio/AsyncClientConnectionOperator.java:99:41[0m
  [34mIgnoring anonymous type: (CtTypeReferenceImpl) org.apache.hc.client5.http.impl.nio.AsyncClientConnectionOperator$1[0m
  [34mIgnoring anonymous type: (CtTypeReferenceImpl) org.apache.hc.client5.http.impl.nio.AsyncClientConnectionOperator$1[0m
  [34mIgnoring anonymous type: (CtTypeReferenceImpl) org.apache.hc.client5.http.impl.nio.AsyncClientConnectionOperator$1[0m
  [34mIgnoring anonymous type: (CtTypeReferenceImpl) org.apache.hc.client5.http.impl.nio.AsyncClientConnectionOperator$1[0m
  [34mIgnoring anonymous object declaration: (CtClassImpl) 1 @ httpclient5/src/main/java/org/apache/hc/client5/http/impl/nio/AsyncClientConnectionOperator.java:97:50[0m
  [34mSkipping selection with no resolvable origin: (CtFieldImpl) attempt @ httpclient5/src/main/java/org/apache/hc/client5/http/impl/nio/AsyncClientConnectionOperator.java:99:41[0m
  [34mIgnoring anonymous type: (CtTypeReferenceImpl) org.apache.hc.client5.http.impl.nio.AsyncClientConnectionOperator$1[0m
  [34mIgnoring implicit executable reference: (CtExecutableReferenceImpl) <init>[0m
  [34mIgnoring anonymous type: (CtTypeReferenceImpl) org.apache.hc.client5.http.impl.nio.AsyncClientConnectionOperator$1$1[0m
  [34mIgnoring implicit executable reference: (CtExecutableReferenceImpl) <init>[0m
  [34mIgnoring anonymous type: (CtTypeReferenceImpl) org.apache.hc.client5.http.impl.nio.AsyncClientConnectionOperator$1$1[0m
  [34mIgnoring anonymous type: (CtTypeReferenceImpl) org.apache.hc.client5.http.impl.nio.AsyncClientConnectionOperator$1[0m
  [34mIgnoring anonymous object declaration: (CtClassImpl) 1 @ httpclient5/src/main/java/org/apache/hc/client5/http/impl/nio/AsyncClientConnectionOperator.java:109:54[0m
  [34mIgnoring implicit executable reference: (CtExecutableReferenceImpl) <init>[0m
  [34mIgnoring implicit executable reference: (CtExecutableReferenceImpl) <init>[0m
  [34mIgnoring method of an anonymous declaring type: (CtMethodImpl) completed @ httpclient5/src/main/java/org/apache/hc/client5/http/impl/nio/AsyncClientConnectionOperator.java:112:41 in (CtClassImpl) 1 @ httpclient5/src/main/java/org/apache/hc/client5/http/impl/nio/AsyncClientConnectionOperator.java:109:54[0m
  [34mIgnoring implicit executable reference: (CtExecutableReferenceImpl) <init>[0m
  [34mUnused type args: [org.apache.hc.client5.http.impl.nio.ManagedAsyncClientConnection][0m
  [34mIgnoring method of an anonymous declaring type: (CtMethodImpl) failed @ httpclient5/src/main/java/org/apache/hc/client5/http/impl/nio/AsyncClientConnectionOperator.java:127:41 in (CtClassImpl) 1 @ httpclient5/src/main/java/org/apache/hc/client5/http/impl/nio/AsyncClientConnectionOperator.java:109:54[0m
  [34mIgnoring anonymous type: (CtTypeReferenceImpl) org.apache.hc.client5.http.impl.nio.AsyncClientConnectionOperator$1[0m
  [34mIgnoring anonymous object declaration: (CtClassImpl) 1 @ httpclient5/src/main/java/org/apache/hc/client5/http/impl/nio/AsyncClientConnectionOperator.java:97:50[0m
  [34mSkipping selection with no resolvable origin: (CtFieldImpl) attempt @ httpclient5/src/main/java/org/apache/hc/client5/http/impl/nio/AsyncClientConnectionOperator.java:99:41[0m
  [34mIgnoring anonymous type: (CtTypeReferenceImpl) org.apache.hc.client5.http.impl.nio.AsyncClientConnectionOperator$1[0m
  [34mIgnoring anonymous type: (CtTypeReferenceImpl) org.apache.hc.client5.http.impl.nio.AsyncClientConnectionOperator$1[0m
  [34mIgnoring anonymous type: (CtTypeReferenceImpl) org.apache.hc.client5.http.impl.nio.AsyncClientConnectionOperator$1[0m
  [34mIgnoring anonymous type: (CtTypeReferenceImpl) org.apache.hc.client5.http.impl.nio.AsyncClientConnectionOperator$1[0m
  [34mIgnoring anonymous object declaration: (CtClassImpl) 1 @ httpclient5/src/main/java/org/apache/hc/client5/http/impl/nio/AsyncClientConnectionOperator.java:97:50[0m
  [34mSkipping selection with no resolvable origin: (CtFieldImpl) attempt @ httpclient5/src/main/java/org/apache/hc/client5/http/impl/nio/AsyncClientConnectionOperator.java:99:41[0m
  [34mIgnoring anonymous type: (CtTypeReferenceImpl) org.apache.hc.client5.http.impl.nio.AsyncClientConnectionOperator$1[0m
  [34mUnused type args: [org.apache.hc.client5.http.impl.nio.ManagedAsyncClientConnection][0m
  [34mIgnoring implicit executable reference: (CtExecutableReferenceImpl) <init>[0m
  [34mIgnoring method of an anonymous declaring type: (CtMethodImpl) executeNext @ httpclient5/src/main/java/org/apache/hc/client5/http/impl/nio/AsyncClientConnectionOperator.java:101:18 in (CtClassImpl) 1 @ httpclient5/src/main/java/org/apache/hc/client5/http/impl/nio/AsyncClientConnectionOperator.java:97:50[0m
  [34mIgnoring method of an anonymous declaring type: (CtMethodImpl) executeNext @ httpclient5/src/main/java/org/apache/hc/client5/http/impl/nio/AsyncClientConnectionOperator.java:101:18 in (CtClassImpl) 1 @ httpclient5/src/main/java/org/apache/hc/client5/http/impl/nio/AsyncClientConnectionOperator.java:97:50[0m
  [34mIgnoring anonymous type: (CtTypeReferenceImpl) org.apache.hc.client5.http.impl.nio.AsyncClientConnectionOperator$1[0m
  [34mIgnoring anonymous type: (CtTypeReferenceImpl) org.apache.hc.client5.http.impl.nio.AsyncClientConnectionOperator$1[0m
  [34mIgnoring anonymous type: (CtTypeReferenceImpl) org.apache.hc.client5.http.impl.nio.AsyncClientConnectionOperator$1[0m
  [34mIgnoring method of an anonymous declaring type: (CtMethodImpl) executeNext @ httpclient5/src/main/java/org/apache/hc/client5/http/impl/nio/AsyncClientConnectionOperator.java:101:18 in (CtClassImpl) 1 @ httpclient5/src/main/java/org/apache/hc/client5/http/impl/nio/AsyncClientConnectionOperator.java:97:50[0m
  [34mIgnoring anonymous type: (CtTypeReferenceImpl) org.apache.hc.client5.http.impl.nio.AsyncClientConnectionOperator$1[0m
  [34mIgnoring method of an anonymous declaring type: (CtMethodImpl) timeout @ httpclient5/src/main/java/org/apache/hc/client5/http/impl/nio/AsyncClientConnectionOperator.java:136:41 in (CtClassImpl) 1 @ httpclient5/src/main/java/org/apache/hc/client5/http/impl/nio/AsyncClientConnectionOperator.java:109:54[0m
  [34mUnused type args: [org.apache.hc.client5.http.impl.nio.ManagedAsyncClientConnection][0m
  [34mIgnoring implicit executable reference: (CtExecutableReferenceImpl) <init>[0m
  [34mIgnoring implicit executable reference: (CtExecutableReferenceImpl) <init>[0m
  [34mIgnoring method of an anonymous declaring type: (CtMethodImpl) cancelled @ httpclient5/src/main/java/org/apache/hc/client5/http/impl/nio/AsyncClientConnectionOperator.java:141:41 in (CtClassImpl) 1 @ httpclient5/src/main/java/org/apache/hc/client5/http/impl/nio/AsyncClientConnectionOperator.java:109:54[0m
  [34mUnused type args: [org.apache.hc.client5.http.impl.nio.ManagedAsyncClientConnection][0m
  [34mUnused type args: [org.apache.hc.client5.http.impl.nio.ManagedAsyncClientConnection][0m
  [34mIgnoring method of an anonymous declaring type: (CtMethodImpl) run @ httpclient5/src/main/java/org/apache/hc/client5/http/impl/nio/AsyncClientConnectionOperator.java:151:25 in (CtClassImpl) 1 @ httpclient5/src/main/java/org/apache/hc/client5/http/impl/nio/AsyncClientConnectionOperator.java:97:50[0m
  [34mIgnoring method of an anonymous declaring type: (CtMethodImpl) executeNext @ httpclient5/src/main/java/org/apache/hc/client5/http/impl/nio/AsyncClientConnectionOperator.java:101:18 in (CtClassImpl) 1 @ httpclient5/src/main/java/org/apache/hc/client5/http/impl/nio/AsyncClientConnectionOperator.java:97:50[0m
  [34mIgnoring method of an anonymous declaring type: (CtMethodImpl) executeNext @ httpclient5/src/main/java/org/apache/hc/client5/http/impl/nio/AsyncClientConnectionOperator.java:101:18 in (CtClassImpl) 1 @ httpclient5/src/main/java/org/apache/hc/client5/http/impl/nio/AsyncClientConnectionOperator.java:97:50[0m
  [34mIgnoring anonymous type: (CtTypeReferenceImpl) org.apache.hc.client5.http.impl.nio.AsyncClientConnectionOperator$1[0m
  [34mIgnoring anonymous type: (CtTypeReferenceImpl) org.apache.hc.client5.http.impl.nio.AsyncClientConnectionOperator$1[0m
  [34mIgnoring anonymous type: (CtTypeReferenceImpl) org.apache.hc.client5.http.impl.nio.AsyncClientConnectionOperator$1[0m
  [34mIgnoring method of an anonymous declaring type: (CtMethodImpl) executeNext @ httpclient5/src/main/java/org/apache/hc/client5/http/impl/nio/AsyncClientConnectionOperator.java:101:18 in (CtClassImpl) 1 @ httpclient5/src/main/java/org/apache/hc/client5/http/impl/nio/AsyncClientConnectionOperator.java:97:50[0m
  [34mIgnoring anonymous type: (CtTypeReferenceImpl) org.apache.hc.client5.http.impl.nio.AsyncClientConnectionOperator$1[0m
  [34mUnused type args: [org.apache.hc.client5.http.impl.nio.ManagedAsyncClientConnection][0m
  [34mIgnoring implicit executable reference: (CtExecutableReferenceImpl) <init>[0m
  [34mIgnoring implicit executable reference: (CtExecutableReferenceImpl) <init>[0m
  [34mIgnoring implicit executable reference: (CtExecutableReferenceImpl) <init>[0m
  [34mUnused type args: [org.apache.hc.client5.http.HttpRoute][0m
  [34mUnused type args: [org.apache.hc.client5.http.HttpRoute, org.apache.hc.client5.http.impl.nio.ManagedAsyncClientConnection][0m
  [34mUnused type args: [org.apache.hc.client5.http.nio.AsyncConnectionEndpoint @ httpclient5/src/main/java/org/apache/hc/client5/http/impl/nio/PoolingAsyncClientConnectionManager.java:150:29][0m
  [34mIgnoring implicit executable reference: (CtExecutableReferenceImpl) <init>[0m
  [34mUnused type args: [org.apache.hc.client5.http.nio.AsyncConnectionEndpoint][0m
  [34mUnused type args: [T][0m
  [34mUnused type args: [org.apache.hc.client5.http.nio.AsyncConnectionEndpoint][0m
  [34mUnused type args: [org.apache.hc.core5.pool.PoolEntry @ httpclient5/src/main/java/org/apache/hc/client5/http/impl/nio/PoolingAsyncClientConnectionManager.java:151:22][0m
  [34mUnused type args: [org.apache.hc.client5.http.HttpRoute @ httpclient5/src/main/java/org/apache/hc/client5/http/impl/nio/PoolingAsyncClientConnectionManager.java:151:32, org.apache.hc.client5.http.impl.nio.ManagedAsyncClientConnection @ httpclient5/src/main/java/org/apache/hc/client5/http/impl/nio/PoolingAsyncClientConnectionManager.java:151:43][0m
  [34mUnused type args: [org.apache.hc.client5.http.HttpRoute, org.apache.hc.client5.http.impl.nio.ManagedAsyncClientConnection][0m
  [34mUnused type args: [org.apache.hc.core5.pool.PoolEntry][0m
  [34mUnused type args: [org.apache.hc.client5.http.HttpRoute, org.apache.hc.client5.http.impl.nio.ManagedAsyncClientConnection][0m
  [34mUnused type args: [org.apache.hc.core5.pool.PoolEntry][0m
  [34mUnused type args: [T, C][0m
  [34mIgnoring anonymous type: (CtTypeReferenceImpl) org.apache.hc.client5.http.impl.nio.PoolingAsyncClientConnectionManager$1[0m
  [34mIgnoring implicit executable reference: (CtExecutableReferenceImpl) <init>[0m
  [34mIgnoring anonymous type: (CtTypeReferenceImpl) org.apache.hc.client5.http.impl.nio.PoolingAsyncClientConnectionManager$1[0m
  [34mUnused type args: [org.apache.hc.core5.pool.PoolEntry @ httpclient5/src/main/java/org/apache/hc/client5/http/impl/nio/PoolingAsyncClientConnectionManager.java:152:59][0m
  [34mUnused type args: [org.apache.hc.client5.http.HttpRoute @ httpclient5/src/main/java/org/apache/hc/client5/http/impl/nio/PoolingAsyncClientConnectionManager.java:152:69, org.apache.hc.client5.http.impl.nio.ManagedAsyncClientConnection @ httpclient5/src/main/java/org/apache/hc/client5/http/impl/nio/PoolingAsyncClientConnectionManager.java:152:80][0m
  [34mIgnoring anonymous object declaration: (CtClassImpl) 1 @ httpclient5/src/main/java/org/apache/hc/client5/http/impl/nio/PoolingAsyncClientConnectionManager.java:152:113[0m
  [34mUnused type args: [org.apache.hc.core5.pool.PoolEntry][0m
  [34mUnused type args: [org.apache.hc.client5.http.HttpRoute, org.apache.hc.client5.http.impl.nio.ManagedAsyncClientConnection][0m
  [34mIgnoring implicit executable reference: (CtExecutableReferenceImpl) <init>[0m
  [34mIgnoring implicit executable reference: (CtExecutableReferenceImpl) <init>[0m
  [34mIgnoring method of an anonymous declaring type: (CtMethodImpl) leaseCompleted @ httpclient5/src/main/java/org/apache/hc/client5/http/impl/nio/PoolingAsyncClientConnectionManager.java:154:26 in (CtClassImpl) 1 @ httpclient5/src/main/java/org/apache/hc/client5/http/impl/nio/PoolingAsyncClientConnectionManager.java:152:113[0m
  [34mUnused type args: [org.apache.hc.client5.http.HttpRoute @ httpclient5/src/main/java/org/apache/hc/client5/http/impl/nio/PoolingAsyncClientConnectionManager.java:154:57, org.apache.hc.client5.http.impl.nio.ManagedAsyncClientConnection @ httpclient5/src/main/java/org/apache/hc/client5/http/impl/nio/PoolingAsyncClientConnectionManager.java:154:68][0m
  [34mUnused type args: [org.apache.hc.client5.http.HttpRoute][0m
  [34mUnused type args: [org.apache.hc.client5.http.HttpRoute, org.apache.hc.client5.http.impl.nio.ManagedAsyncClientConnection][0m
  [34mUnused type args: [org.apache.hc.client5.http.HttpRoute, org.apache.hc.client5.http.impl.nio.ManagedAsyncClientConnection][0m
  [34mIgnoring implicit executable reference: (CtExecutableReferenceImpl) <init>[0m
  [34mUnused type args: [org.apache.hc.client5.http.HttpRoute, org.apache.hc.client5.http.impl.nio.ManagedAsyncClientConnection][0m
  [34mUnused type args: [org.apache.hc.client5.http.HttpRoute, org.apache.hc.client5.http.impl.nio.ManagedAsyncClientConnection][0m
  [34mUnused type args: [org.apache.hc.client5.http.HttpRoute, org.apache.hc.client5.http.impl.nio.ManagedAsyncClientConnection][0m
  [34mUnused type args: [org.apache.hc.client5.http.nio.AsyncConnectionEndpoint][0m
  [34mIgnoring method of an anonymous declaring type: (CtMethodImpl) completed @ httpclient5/src/main/java/org/apache/hc/client5/http/impl/nio/PoolingAsyncClientConnectionManager.java:166:33 in (CtClassImpl) 1 @ httpclient5/src/main/java/org/apache/hc/client5/http/impl/nio/PoolingAsyncClientConnectionManager.java:152:113[0m
  [34mUnused type args: [org.apache.hc.client5.http.HttpRoute @ httpclient5/src/main/java/org/apache/hc/client5/http/impl/nio/PoolingAsyncClientConnectionManager.java:166:59, org.apache.hc.client5.http.impl.nio.ManagedAsyncClientConnection @ httpclient5/src/main/java/org/apache/hc/client5/http/impl/nio/PoolingAsyncClientConnectionManager.java:166:70][0m
  [34mUnused type args: [org.apache.hc.client5.http.HttpRoute, org.apache.hc.client5.http.impl.nio.ManagedAsyncClientConnection][0m
  Pending package org.apache.hc.core5.http2.nio.command
  Pending package org.apache.hc.core5.http2.nio
  [34mIgnoring implicit executable reference: (CtExecutableReferenceImpl) <init>[0m
  Pending package org.apache.hc.core5.http2.nio
  Pending package org.apache.hc.core5.http2.nio.support
  [34mIgnoring implicit executable reference: (CtExecutableReferenceImpl) <init>[0m
  [34mUnused type args: [java.lang.Boolean][0m
  [34mIgnoring anonymous type: (CtTypeReferenceImpl) org.apache.hc.client5.http.impl.nio.PoolingAsyncClientConnectionManager$1$1[0m
  [34mIgnoring implicit executable reference: (CtExecutableReferenceImpl) <init>[0m
  [34mIgnoring anonymous type: (CtTypeReferenceImpl) org.apache.hc.client5.http.impl.nio.PoolingAsyncClientConnectionManager$1$1[0m
  [34mIgnoring anonymous type: (CtTypeReferenceImpl) org.apache.hc.client5.http.impl.nio.PoolingAsyncClientConnectionManager$1[0m
  [34mUnused type args: [java.lang.Boolean @ httpclient5/src/main/java/org/apache/hc/client5/http/impl/nio/PoolingAsyncClientConnectionManager.java:171:116][0m
  [34mIgnoring anonymous object declaration: (CtClassImpl) 1 @ httpclient5/src/main/java/org/apache/hc/client5/http/impl/nio/PoolingAsyncClientConnectionManager.java:171:127[0m
  [34mUnused type args: [java.lang.Boolean][0m
  [34mIgnoring implicit executable reference: (CtExecutableReferenceImpl) <init>[0m
  [34mIgnoring implicit executable reference: (CtExecutableReferenceImpl) <init>[0m
  [34mIgnoring method of an anonymous declaring type: (CtMethodImpl) execute @ httpclient5/src/main/java/org/apache/hc/client5/http/impl/nio/PoolingAsyncClientConnectionManager.java:174:49 in (CtClassImpl) 1 @ httpclient5/src/main/java/org/apache/hc/client5/http/impl/nio/PoolingAsyncClientConnectionManager.java:171:127[0m
  [34mUnused type args: [org.apache.hc.client5.http.HttpRoute, org.apache.hc.client5.http.impl.nio.ManagedAsyncClientConnection][0m
  [34mIgnoring method of an anonymous declaring type: (CtMethodImpl) leaseCompleted @ httpclient5/src/main/java/org/apache/hc/client5/http/impl/nio/PoolingAsyncClientConnectionManager.java:154:26 in (CtClassImpl) 1 @ httpclient5/src/main/java/org/apache/hc/client5/http/impl/nio/PoolingAsyncClientConnectionManager.java:152:113[0m
  [34mIgnoring method of an anonymous declaring type: (CtMethodImpl) leaseCompleted @ httpclient5/src/main/java/org/apache/hc/client5/http/impl/nio/PoolingAsyncClientConnectionManager.java:154:26 in (CtClassImpl) 1 @ httpclient5/src/main/java/org/apache/hc/client5/http/impl/nio/PoolingAsyncClientConnectionManager.java:152:113[0m
  [34mIgnoring anonymous type: (CtTypeReferenceImpl) org.apache.hc.client5.http.impl.nio.PoolingAsyncClientConnectionManager$1[0m
  [34mIgnoring anonymous type: (CtTypeReferenceImpl) org.apache.hc.client5.http.impl.nio.PoolingAsyncClientConnectionManager$1[0m
  [34mIgnoring anonymous type: (CtTypeReferenceImpl) org.apache.hc.client5.http.impl.nio.PoolingAsyncClientConnectionManager$1[0m
  [34mIgnoring method of an anonymous declaring type: (CtMethodImpl) leaseCompleted @ httpclient5/src/main/java/org/apache/hc/client5/http/impl/nio/PoolingAsyncClientConnectionManager.java:154:26 in (CtClassImpl) 1 @ httpclient5/src/main/java/org/apache/hc/client5/http/impl/nio/PoolingAsyncClientConnectionManager.java:152:113[0m
  [34mIgnoring anonymous type: (CtTypeReferenceImpl) org.apache.hc.client5.http.impl.nio.PoolingAsyncClientConnectionManager$1[0m
  [34mUnused type args: [org.apache.hc.client5.http.HttpRoute, org.apache.hc.client5.http.impl.nio.ManagedAsyncClientConnection][0m
  [34mUnused type args: [org.apache.hc.client5.http.HttpRoute, org.apache.hc.client5.http.impl.nio.ManagedAsyncClientConnection][0m
  [34mIgnoring method of an anonymous declaring type: (CtMethodImpl) leaseCompleted @ httpclient5/src/main/java/org/apache/hc/client5/http/impl/nio/PoolingAsyncClientConnectionManager.java:154:26 in (CtClassImpl) 1 @ httpclient5/src/main/java/org/apache/hc/client5/http/impl/nio/PoolingAsyncClientConnectionManager.java:152:113[0m
  [34mIgnoring method of an anonymous declaring type: (CtMethodImpl) leaseCompleted @ httpclient5/src/main/java/org/apache/hc/client5/http/impl/nio/PoolingAsyncClientConnectionManager.java:154:26 in (CtClassImpl) 1 @ httpclient5/src/main/java/org/apache/hc/client5/http/impl/nio/PoolingAsyncClientConnectionManager.java:152:113[0m
  [34mIgnoring anonymous type: (CtTypeReferenceImpl) org.apache.hc.client5.http.impl.nio.PoolingAsyncClientConnectionManager$1[0m
  [34mIgnoring anonymous type: (CtTypeReferenceImpl) org.apache.hc.client5.http.impl.nio.PoolingAsyncClientConnectionManager$1[0m
  [34mIgnoring anonymous type: (CtTypeReferenceImpl) org.apache.hc.client5.http.impl.nio.PoolingAsyncClientConnectionManager$1[0m
  [34mIgnoring method of an anonymous declaring type: (CtMethodImpl) leaseCompleted @ httpclient5/src/main/java/org/apache/hc/client5/http/impl/nio/PoolingAsyncClientConnectionManager.java:154:26 in (CtClassImpl) 1 @ httpclient5/src/main/java/org/apache/hc/client5/http/impl/nio/PoolingAsyncClientConnectionManager.java:152:113[0m
  [34mIgnoring anonymous type: (CtTypeReferenceImpl) org.apache.hc.client5.http.impl.nio.PoolingAsyncClientConnectionManager$1[0m
  [34mUnused type args: [org.apache.hc.client5.http.HttpRoute, org.apache.hc.client5.http.impl.nio.ManagedAsyncClientConnection][0m
  [34mUnused type args: [org.apache.hc.client5.http.HttpRoute, org.apache.hc.client5.http.impl.nio.ManagedAsyncClientConnection][0m
  [34mIgnoring method of an anonymous declaring type: (CtMethodImpl) leaseCompleted @ httpclient5/src/main/java/org/apache/hc/client5/http/impl/nio/PoolingAsyncClientConnectionManager.java:154:26 in (CtClassImpl) 1 @ httpclient5/src/main/java/org/apache/hc/client5/http/impl/nio/PoolingAsyncClientConnectionManager.java:152:113[0m
  [34mIgnoring method of an anonymous declaring type: (CtMethodImpl) leaseCompleted @ httpclient5/src/main/java/org/apache/hc/client5/http/impl/nio/PoolingAsyncClientConnectionManager.java:154:26 in (CtClassImpl) 1 @ httpclient5/src/main/java/org/apache/hc/client5/http/impl/nio/PoolingAsyncClientConnectionManager.java:152:113[0m
  [34mIgnoring anonymous type: (CtTypeReferenceImpl) org.apache.hc.client5.http.impl.nio.PoolingAsyncClientConnectionManager$1[0m
  [34mIgnoring anonymous type: (CtTypeReferenceImpl) org.apache.hc.client5.http.impl.nio.PoolingAsyncClientConnectionManager$1[0m
  [34mIgnoring anonymous type: (CtTypeReferenceImpl) org.apache.hc.client5.http.impl.nio.PoolingAsyncClientConnectionManager$1[0m
  [34mIgnoring method of an anonymous declaring type: (CtMethodImpl) leaseCompleted @ httpclient5/src/main/java/org/apache/hc/client5/http/impl/nio/PoolingAsyncClientConnectionManager.java:154:26 in (CtClassImpl) 1 @ httpclient5/src/main/java/org/apache/hc/client5/http/impl/nio/PoolingAsyncClientConnectionManager.java:152:113[0m
  [34mIgnoring anonymous type: (CtTypeReferenceImpl) org.apache.hc.client5.http.impl.nio.PoolingAsyncClientConnectionManager$1[0m
  [34mUnused type args: [org.apache.hc.client5.http.HttpRoute, org.apache.hc.client5.http.impl.nio.ManagedAsyncClientConnection][0m
  [34mUnused type args: [org.apache.hc.client5.http.HttpRoute, org.apache.hc.client5.http.impl.nio.ManagedAsyncClientConnection][0m
  [34mIgnoring method of an anonymous declaring type: (CtMethodImpl) failed @ httpclient5/src/main/java/org/apache/hc/client5/http/impl/nio/PoolingAsyncClientConnectionManager.java:194:33 in (CtClassImpl) 1 @ httpclient5/src/main/java/org/apache/hc/client5/http/impl/nio/PoolingAsyncClientConnectionManager.java:152:113[0m
  [34mUnused type args: [org.apache.hc.client5.http.nio.AsyncConnectionEndpoint][0m
  [34mIgnoring method of an anonymous declaring type: (CtMethodImpl) cancelled @ httpclient5/src/main/java/org/apache/hc/client5/http/impl/nio/PoolingAsyncClientConnectionManager.java:199:33 in (CtClassImpl) 1 @ httpclient5/src/main/java/org/apache/hc/client5/http/impl/nio/PoolingAsyncClientConnectionManager.java:152:113[0m
  [34mUnused type args: [org.apache.hc.client5.http.nio.AsyncConnectionEndpoint][0m
  [34mUnused type args: [org.apache.hc.client5.http.nio.AsyncConnectionEndpoint][0m
  [34mUnused type args: [?][0m
  [34mUnused type args: [org.apache.hc.core5.pool.PoolEntry][0m
  [34mUnused type args: [org.apache.hc.client5.http.HttpRoute, org.apache.hc.client5.http.impl.nio.ManagedAsyncClientConnection][0m
  [34mUnused type args: [org.apache.hc.client5.http.nio.AsyncConnectionEndpoint][0m
  [34mIgnoring implicit executable reference: (CtExecutableReferenceImpl) <init>[0m
  [34mIgnoring implicit executable reference: (CtExecutableReferenceImpl) <init>[0m
  [34mUnused type args: [org.apache.hc.client5.http.HttpRoute @ httpclient5/src/main/java/org/apache/hc/client5/http/impl/nio/PoolingAsyncClientConnectionManager.java:424:29, org.apache.hc.client5.http.impl.nio.ManagedAsyncClientConnection @ httpclient5/src/main/java/org/apache/hc/client5/http/impl/nio/PoolingAsyncClientConnectionManager.java:424:40][0m
  [34mUnused type args: [org.apache.hc.core5.pool.PoolEntry][0m
  [34mUnused type args: [org.apache.hc.client5.http.HttpRoute, org.apache.hc.client5.http.impl.nio.ManagedAsyncClientConnection][0m
  [34mUnused type args: [org.apache.hc.client5.http.HttpRoute, org.apache.hc.client5.http.impl.nio.ManagedAsyncClientConnection][0m
  [34mUnused type args: [org.apache.hc.client5.http.HttpRoute, org.apache.hc.client5.http.impl.nio.ManagedAsyncClientConnection][0m
  [34mUnused type args: [org.apache.hc.client5.http.HttpRoute, org.apache.hc.client5.http.impl.nio.ManagedAsyncClientConnection][0m
  [34mUnused type args: [org.apache.hc.client5.http.nio.AsyncConnectionEndpoint][0m
  [34mUnused type args: [org.apache.hc.client5.http.HttpRoute @ httpclient5/src/main/java/org/apache/hc/client5/http/impl/nio/PoolingAsyncClientConnectionManager.java:312:25, org.apache.hc.client5.http.impl.nio.ManagedAsyncClientConnection @ httpclient5/src/main/java/org/apache/hc/client5/http/impl/nio/PoolingAsyncClientConnectionManager.java:312:36][0m
  [34mUnused type args: [org.apache.hc.client5.http.HttpRoute, org.apache.hc.client5.http.impl.nio.ManagedAsyncClientConnection][0m
  [34mUnused type args: [org.apache.hc.client5.http.HttpRoute, org.apache.hc.client5.http.impl.nio.ManagedAsyncClientConnection][0m
  [34mUnused type args: [org.apache.hc.client5.http.HttpRoute, org.apache.hc.client5.http.impl.nio.ManagedAsyncClientConnection][0m
  [34mUnused type args: [org.apache.hc.client5.http.HttpRoute, org.apache.hc.client5.http.impl.nio.ManagedAsyncClientConnection][0m
  [34mUnused type args: [org.apache.hc.client5.http.HttpRoute @ httpclient5/src/main/java/org/apache/hc/client5/http/impl/nio/PoolingAsyncClientConnectionManager.java:446:29, org.apache.hc.client5.http.impl.nio.ManagedAsyncClientConnection @ httpclient5/src/main/java/org/apache/hc/client5/http/impl/nio/PoolingAsyncClientConnectionManager.java:446:40][0m
  [34mUnused type args: [org.apache.hc.core5.pool.PoolEntry][0m
  [34mUnused type args: [org.apache.hc.client5.http.HttpRoute, org.apache.hc.client5.http.impl.nio.ManagedAsyncClientConnection][0m
  [34mUnused type args: [org.apache.hc.client5.http.HttpRoute, org.apache.hc.client5.http.impl.nio.ManagedAsyncClientConnection][0m
  [34mUnused type args: [org.apache.hc.client5.http.HttpRoute, org.apache.hc.client5.http.impl.nio.ManagedAsyncClientConnection][0m
  [34mUnused type args: [org.apache.hc.client5.http.HttpRoute, org.apache.hc.client5.http.impl.nio.ManagedAsyncClientConnection][0m
  [34mUnused type args: [org.apache.hc.client5.http.HttpRoute, org.apache.hc.client5.http.impl.nio.ManagedAsyncClientConnection][0m
  [34mUnused type args: [org.apache.hc.client5.http.HttpRoute, org.apache.hc.client5.http.impl.nio.ManagedAsyncClientConnection][0m
  [34mUnused type args: [org.apache.hc.client5.http.nio.AsyncConnectionEndpoint][0m
  [34mUnused type args: [org.apache.hc.core5.reactor.ConnectionInitiator][0m
  [34mUnused type args: [org.apache.hc.core5.util.TimeValue][0m
  [34mUnused type args: [org.apache.hc.client5.http.nio.AsyncConnectionEndpoint @ httpclient5/src/main/java/org/apache/hc/client5/http/impl/nio/PoolingAsyncClientConnectionManager.java:260:29][0m
  [34mIgnoring implicit executable reference: (CtExecutableReferenceImpl) <init>[0m
  [34mUnused type args: [org.apache.hc.client5.http.nio.AsyncConnectionEndpoint][0m
  [34mUnused type args: [T][0m
  [34mUnused type args: [org.apache.hc.client5.http.nio.AsyncConnectionEndpoint][0m
  [34mUnused type args: [org.apache.hc.client5.http.nio.AsyncConnectionEndpoint][0m
  [34mUnused type args: [org.apache.hc.client5.http.nio.AsyncConnectionEndpoint][0m
  [34mUnused type args: [org.apache.hc.client5.http.HttpRoute @ httpclient5/src/main/java/org/apache/hc/client5/http/impl/nio/PoolingAsyncClientConnectionManager.java:265:25, org.apache.hc.client5.http.impl.nio.ManagedAsyncClientConnection @ httpclient5/src/main/java/org/apache/hc/client5/http/impl/nio/PoolingAsyncClientConnectionManager.java:265:36][0m
  [34mUnused type args: [org.apache.hc.client5.http.HttpRoute, org.apache.hc.client5.http.impl.nio.ManagedAsyncClientConnection][0m
  [34mUnused type args: [org.apache.hc.client5.http.HttpRoute, org.apache.hc.client5.http.impl.nio.ManagedAsyncClientConnection][0m
  [34mUnused type args: [org.apache.hc.client5.http.impl.nio.ManagedAsyncClientConnection @ httpclient5/src/main/java/org/apache/hc/client5/http/impl/nio/PoolingAsyncClientConnectionManager.java:274:22][0m
  [34mUnused type args: [org.apache.hc.client5.http.impl.nio.ManagedAsyncClientConnection][0m
  [34mUnused type args: [org.apache.hc.client5.http.impl.nio.ManagedAsyncClientConnection][0m
  [34mIgnoring anonymous type: (CtTypeReferenceImpl) org.apache.hc.client5.http.impl.nio.PoolingAsyncClientConnectionManager$2[0m
  [34mIgnoring implicit executable reference: (CtExecutableReferenceImpl) <init>[0m
  [34mIgnoring anonymous type: (CtTypeReferenceImpl) org.apache.hc.client5.http.impl.nio.PoolingAsyncClientConnectionManager$2[0m
  [34mUnused type args: [org.apache.hc.client5.http.impl.nio.ManagedAsyncClientConnection @ httpclient5/src/main/java/org/apache/hc/client5/http/impl/nio/PoolingAsyncClientConnectionManager.java:275:98][0m
  [34mIgnoring anonymous object declaration: (CtClassImpl) 2 @ httpclient5/src/main/java/org/apache/hc/client5/http/impl/nio/PoolingAsyncClientConnectionManager.java:275:130[0m
  [34mUnused type args: [org.apache.hc.client5.http.impl.nio.ManagedAsyncClientConnection][0m
  [34mIgnoring implicit executable reference: (CtExecutableReferenceImpl) <init>[0m
  [34mIgnoring implicit executable reference: (CtExecutableReferenceImpl) <init>[0m
  [34mIgnoring method of an anonymous declaring type: (CtMethodImpl) completed @ httpclient5/src/main/java/org/apache/hc/client5/http/impl/nio/PoolingAsyncClientConnectionManager.java:278:33 in (CtClassImpl) 2 @ httpclient5/src/main/java/org/apache/hc/client5/http/impl/nio/PoolingAsyncClientConnectionManager.java:275:130[0m
  [34mUnused type args: [org.apache.hc.client5.http.HttpRoute, org.apache.hc.client5.http.impl.nio.ManagedAsyncClientConnection][0m
  [34mUnused type args: [org.apache.hc.client5.http.nio.AsyncConnectionEndpoint][0m
  [34mUnused type args: [org.apache.hc.client5.http.nio.AsyncConnectionEndpoint][0m
  [34mIgnoring method of an anonymous declaring type: (CtMethodImpl) failed @ httpclient5/src/main/java/org/apache/hc/client5/http/impl/nio/PoolingAsyncClientConnectionManager.java:291:33 in (CtClassImpl) 2 @ httpclient5/src/main/java/org/apache/hc/client5/http/impl/nio/PoolingAsyncClientConnectionManager.java:275:130[0m
  [34mUnused type args: [org.apache.hc.client5.http.nio.AsyncConnectionEndpoint][0m
  [34mIgnoring method of an anonymous declaring type: (CtMethodImpl) cancelled @ httpclient5/src/main/java/org/apache/hc/client5/http/impl/nio/PoolingAsyncClientConnectionManager.java:296:33 in (CtClassImpl) 2 @ httpclient5/src/main/java/org/apache/hc/client5/http/impl/nio/PoolingAsyncClientConnectionManager.java:275:130[0m
  [34mUnused type args: [org.apache.hc.client5.http.nio.AsyncConnectionEndpoint][0m
  [34mUnused type args: [org.apache.hc.client5.http.nio.AsyncConnectionEndpoint][0m
  [34mUnused type args: [?][0m
  [34mUnused type args: [org.apache.hc.client5.http.impl.nio.ManagedAsyncClientConnection][0m
  [34mUnused type args: [org.apache.hc.client5.http.nio.AsyncConnectionEndpoint][0m
  [34mUnused type args: [org.apache.hc.client5.http.HttpRoute, org.apache.hc.client5.http.impl.nio.ManagedAsyncClientConnection][0m
  [34mUnused type args: [org.apache.hc.client5.http.HttpRoute, org.apache.hc.client5.http.impl.nio.ManagedAsyncClientConnection][0m
  [34mUnused type args: [org.apache.hc.client5.http.HttpRoute, org.apache.hc.client5.http.impl.nio.ManagedAsyncClientConnection][0m
  [34mIgnoring implicit executable reference: (CtExecutableReferenceImpl) <init>[0m
  [34mUnused type args: [org.apache.hc.core5.pool.PoolEntry][0m
  [34mUnused type args: [org.apache.hc.client5.http.HttpRoute, org.apache.hc.client5.http.impl.nio.ManagedAsyncClientConnection][0m
  [34mUnused type args: [org.apache.hc.client5.http.HttpRoute, org.apache.hc.client5.http.impl.nio.ManagedAsyncClientConnection][0m
  [34mUnused type args: [org.apache.hc.client5.http.HttpRoute, org.apache.hc.client5.http.impl.nio.ManagedAsyncClientConnection][0m
  [34mUnused type args: [org.apache.hc.client5.http.HttpRoute, org.apache.hc.client5.http.impl.nio.ManagedAsyncClientConnection][0m
  [34mIgnoring implicit executable reference: (CtExecutableReferenceImpl) <init>[0m
  [34mIgnoring implicit executable reference: (CtExecutableReferenceImpl) <init>[0m
  [34mskipping default constructor: org.apache.hc.client5.http.SystemDefaultDnsResolver()[0m
  [34mUnused type args: [org.apache.hc.core5.http.nio.ssl.TlsStrategy][0m
  [34mUnused type args: [org.apache.hc.core5.http.nio.ssl.TlsStrategy][0m
  [34mUnused type args: [org.apache.hc.core5.http.nio.ssl.TlsStrategy][0m
  [34mIgnoring implicit executable reference: (CtExecutableReferenceImpl) <init>[0m
  [34mUnused type args: [org.apache.hc.client5.http.nio.AsyncConnectionEndpoint][0m
  [34mUnused type args: [org.apache.hc.core5.util.TimeValue][0m
  [34mUnused type args: [org.apache.hc.client5.http.HttpRoute @ httpclient5/src/main/java/org/apache/hc/client5/http/impl/nio/PoolingAsyncClientConnectionManager.java:213:25, org.apache.hc.client5.http.impl.nio.ManagedAsyncClientConnection @ httpclient5/src/main/java/org/apache/hc/client5/http/impl/nio/PoolingAsyncClientConnectionManager.java:213:36][0m
  [34mUnused type args: [org.apache.hc.client5.http.HttpRoute, org.apache.hc.client5.http.impl.nio.ManagedAsyncClientConnection][0m
  [34mUnused type args: [org.apache.hc.client5.http.HttpRoute, org.apache.hc.client5.http.impl.nio.ManagedAsyncClientConnection][0m
  [34mUnused type args: [org.apache.hc.client5.http.HttpRoute, org.apache.hc.client5.http.impl.nio.ManagedAsyncClientConnection][0m
  [34mUnused type args: [org.apache.hc.client5.http.HttpRoute, org.apache.hc.client5.http.impl.nio.ManagedAsyncClientConnection][0m
  [34mUnused type args: [org.apache.hc.client5.http.HttpRoute, org.apache.hc.client5.http.impl.nio.ManagedAsyncClientConnection][0m
  [34mUnused type args: [org.apache.hc.client5.http.HttpRoute, org.apache.hc.client5.http.impl.nio.ManagedAsyncClientConnection][0m
  [34mUnused type args: [T, C][0m
  [34mUnused type args: [org.apache.hc.client5.http.HttpRoute, org.apache.hc.client5.http.impl.nio.ManagedAsyncClientConnection][0m
  [34mUnused type args: [org.apache.hc.client5.http.HttpRoute][0m
  [34mUnused type args: [org.apache.hc.client5.http.HttpRoute, org.apache.hc.client5.http.impl.nio.ManagedAsyncClientConnection][0m
  [34mUnused type args: [org.apache.hc.client5.http.HttpRoute, org.apache.hc.client5.http.impl.nio.ManagedAsyncClientConnection][0m
  [34mUnused type args: [org.apache.hc.client5.http.HttpRoute, org.apache.hc.client5.http.impl.nio.ManagedAsyncClientConnection][0m
  [34mUnused type args: [T @ httpclient5/src/main/java/org/apache/hc/client5/http/nio/AsyncConnectionEndpoint.java:60:27][0m
  [34mIgnoring implicit executable reference: (CtExecutableReferenceImpl) <init>[0m
  [34mUnused type args: [T][0m
  [34mUnused type args: [T][0m
  [34mUnused type args: [T][0m
  [34mIgnoring implicit executable reference: (CtExecutableReferenceImpl) <init>[0m
  [34mUnused type args: [T][0m
  [34mUnused type args: [T][0m
  [34mUnused type args: [T][0m
  [34mUnused type args: [T][0m
  [34mIgnoring anonymous type: (CtTypeReferenceImpl) org.apache.hc.client5.http.nio.AsyncConnectionEndpoint$1[0m
  [34mIgnoring implicit executable reference: (CtExecutableReferenceImpl) <init>[0m
  [34mIgnoring anonymous type: (CtTypeReferenceImpl) org.apache.hc.client5.http.nio.AsyncConnectionEndpoint$1[0m
  [34mUnused type args: [T @ httpclient5/src/main/java/org/apache/hc/client5/http/nio/AsyncConnectionEndpoint.java:62:44][0m
  [34mIgnoring anonymous object declaration: (CtClassImpl) 1 @ httpclient5/src/main/java/org/apache/hc/client5/http/nio/AsyncConnectionEndpoint.java:62:49[0m
  [34mUnused type args: [T][0m
  [34mIgnoring implicit executable reference: (CtExecutableReferenceImpl) <init>[0m
  [34mIgnoring implicit executable reference: (CtExecutableReferenceImpl) <init>[0m
  [34mIgnoring method of an anonymous declaring type: (CtMethodImpl) completed @ httpclient5/src/main/java/org/apache/hc/client5/http/nio/AsyncConnectionEndpoint.java:65:41 in (CtClassImpl) 1 @ httpclient5/src/main/java/org/apache/hc/client5/http/nio/AsyncConnectionEndpoint.java:62:49[0m
  [34mUnused type args: [T][0m
  [34mIgnoring method of an anonymous declaring type: (CtMethodImpl) failed @ httpclient5/src/main/java/org/apache/hc/client5/http/nio/AsyncConnectionEndpoint.java:70:41 in (CtClassImpl) 1 @ httpclient5/src/main/java/org/apache/hc/client5/http/nio/AsyncConnectionEndpoint.java:62:49[0m
  [34mUnused type args: [T][0m
  [34mIgnoring method of an anonymous declaring type: (CtMethodImpl) cancelled @ httpclient5/src/main/java/org/apache/hc/client5/http/nio/AsyncConnectionEndpoint.java:75:41 in (CtClassImpl) 1 @ httpclient5/src/main/java/org/apache/hc/client5/http/nio/AsyncConnectionEndpoint.java:62:49[0m
  [34mUnused type args: [T][0m
  [34mUnused type args: [T][0m
  [34mUnused type args: [T][0m
  [34mUnused type args: [T][0m
  [34mUnused type args: [T][0m
  [34mUnused type args: [T][0m
  [34mUnused type args: [T][0m
  [34mUnused type args: [T][0m
  [34mUnused type args: [org.apache.hc.client5.http.HttpRoute, org.apache.hc.client5.http.impl.nio.ManagedAsyncClientConnection][0m
  [34mIgnoring implicit executable reference: (CtExecutableReferenceImpl) <init>[0m
  [34mUnused type args: [org.apache.hc.core5.http.nio.ssl.TlsStrategy][0m
  [34mUnused type args: [org.apache.hc.client5.http.HttpRoute][0m
  [34mUnused type args: [org.apache.hc.core5.http.nio.ssl.TlsStrategy @ httpclient5/src/main/java/org/apache/hc/client5/http/impl/nio/PoolingAsyncClientConnectionManagerBuilder.java:178:34][0m
  [34mUnused type args: [org.apache.hc.core5.http.nio.ssl.TlsStrategy][0m
  [34mUnused type args: [org.apache.hc.core5.http.nio.ssl.TlsStrategy][0m
  Pending package org.apache.hc.client5.http.ssl
  [34mUnused type args: [org.apache.hc.core5.http.nio.ssl.TlsStrategy][0m
  [34mUnused type args: [org.apache.hc.client5.http.HttpRoute][0m
  [34mUnused type args: [org.apache.hc.client5.http.HttpRoute, org.apache.hc.client5.http.impl.nio.ManagedAsyncClientConnection][0m
  [34mIgnoring implicit executable reference: (CtExecutableReferenceImpl) <init>[0m
  [34mIgnoring implicit executable reference: (CtExecutableReferenceImpl) <init>[0m
  [34mUnused type args: [org.apache.hc.core5.pool.PoolEntry][0m
  [34mUnused type args: [org.apache.hc.client5.http.HttpRoute, org.apache.hc.client5.http.impl.nio.ManagedAsyncClientConnection][0m
  [34mUnused type args: [org.apache.hc.core5.pool.PoolEntry][0m
  [34mUnused type args: [org.apache.hc.client5.http.HttpRoute, org.apache.hc.client5.http.impl.nio.ManagedAsyncClientConnection][0m
  [34mIgnoring implicit executable reference: (CtExecutableReferenceImpl) <init>[0m
  [34mUnused type args: [org.apache.hc.core5.pool.PoolEntry][0m
  [34mUnused type args: [org.apache.hc.client5.http.HttpRoute, org.apache.hc.client5.http.impl.nio.ManagedAsyncClientConnection][0m
  [34mUnused type args: [org.apache.hc.client5.http.HttpRoute, org.apache.hc.client5.http.impl.nio.ManagedAsyncClientConnection][0m
  [34mUnused type args: [org.apache.hc.client5.http.HttpRoute @ httpclient5/src/main/java/org/apache/hc/client5/http/impl/nio/PoolingAsyncClientConnectionManager.java:435:29, org.apache.hc.client5.http.impl.nio.ManagedAsyncClientConnection @ httpclient5/src/main/java/org/apache/hc/client5/http/impl/nio/PoolingAsyncClientConnectionManager.java:435:40][0m
  [34mUnused type args: [org.apache.hc.core5.pool.PoolEntry][0m
  [34mUnused type args: [org.apache.hc.client5.http.HttpRoute, org.apache.hc.client5.http.impl.nio.ManagedAsyncClientConnection][0m
  [34mUnused type args: [org.apache.hc.client5.http.HttpRoute, org.apache.hc.client5.http.impl.nio.ManagedAsyncClientConnection][0m
  [34mUnused type args: [org.apache.hc.client5.http.HttpRoute, org.apache.hc.client5.http.impl.nio.ManagedAsyncClientConnection][0m
  [34mUnused type args: [org.apache.hc.client5.http.HttpRoute, org.apache.hc.client5.http.impl.nio.ManagedAsyncClientConnection][0m
  [34mUnused type args: [org.apache.hc.core5.http.nio.ssl.TlsStrategy][0m
  [34mUnused type args: [org.apache.hc.core5.http.nio.ssl.TlsStrategy][0m
  [34mIgnoring implicit executable reference: (CtExecutableReferenceImpl) <init>[0m
  [34mIgnoring implicit executable reference: (CtExecutableReferenceImpl) <init>[0m
  [34mIgnoring implicit executable reference: (CtExecutableReferenceImpl) <init>[0m
  [34mUnused type args: [org.apache.hc.core5.http.nio.ssl.TlsStrategy][0m
  [34mUnused type args: [org.apache.hc.core5.http.nio.ssl.TlsStrategy][0m
  [34mUnused type args: [org.apache.hc.client5.http.HttpRoute, org.apache.hc.client5.http.impl.nio.ManagedAsyncClientConnection][0m
  [34mUnused type args: [org.apache.hc.client5.http.HttpRoute, org.apache.hc.client5.http.impl.nio.ManagedAsyncClientConnection][0m
  [34mIgnoring implicit executable reference: (CtExecutableReferenceImpl) <init>[0m
  [34mUnused type args: [org.apache.hc.client5.http.HttpRoute, org.apache.hc.client5.http.impl.nio.ManagedAsyncClientConnection][0m
  [34mUnused type args: [T][0m
  [34mUnused type args: [org.apache.hc.client5.http.HttpRoute][0m
  [34mIgnoring implicit executable reference: (CtExecutableReferenceImpl) <init>[0m
  [34mIgnoring implicit executable reference: (CtExecutableReferenceImpl) <init>[0m
  [34mIgnoring implicit executable reference: (CtExecutableReferenceImpl) <init>[0m
  [34mUnused type args: [java.net.InetAddress][0m
  [34mUnused type args: [java.net.InetAddress][0m
  [34mIgnoring implicit executable reference: (CtExecutableReferenceImpl) <init>[0m
  [34mIgnoring implicit executable reference: (CtExecutableReferenceImpl) <init>[0m
  [34mIgnoring implicit executable reference: (CtExecutableReferenceImpl) <init>[0m
  [34mIgnoring implicit executable reference: (CtExecutableReferenceImpl) <init>[0m
  [34mIgnoring implicit executable reference: (CtExecutableReferenceImpl) <init>[0m
  Pending package org.apache.hc.core5.ssl
  Pending package org.apache.hc.core5.http2.ssl
  [34mIgnoring anonymous type: (CtTypeReferenceImpl) org.apache.hc.client5.http.ssl.H2TlsStrategy$1[0m
  [34mIgnoring implicit executable reference: (CtExecutableReferenceImpl) <init>[0m
  [34mIgnoring anonymous type: (CtTypeReferenceImpl) org.apache.hc.client5.http.ssl.H2TlsStrategy$1[0m
  [34mIgnoring anonymous object declaration: (CtClassImpl) 1 @ httpclient5/src/main/java/org/apache/hc/client5/http/ssl/H2TlsStrategy.java:134:135[0m
  [34mIgnoring implicit executable reference: (CtExecutableReferenceImpl) <init>[0m
  [34mIgnoring implicit executable reference: (CtExecutableReferenceImpl) <init>[0m
  [34mIgnoring method of an anonymous declaring type: (CtMethodImpl) initialize @ httpclient5/src/main/java/org/apache/hc/client5/http/ssl/H2TlsStrategy.java:137:25 in (CtClassImpl) 1 @ httpclient5/src/main/java/org/apache/hc/client5/http/ssl/H2TlsStrategy.java:134:135[0m
  [34mUnused type args: [java.lang.String][0m
  [34mUnused type args: [java.lang.String][0m
  [34mUnused type args: [java.lang.String][0m
  [34mUnused type args: [java.lang.String][0m
  [34mIgnoring anonymous type: (CtTypeReferenceImpl) org.apache.hc.client5.http.ssl.H2TlsStrategy$2[0m
  [34mIgnoring implicit executable reference: (CtExecutableReferenceImpl) <init>[0m
  [34mIgnoring anonymous type: (CtTypeReferenceImpl) org.apache.hc.client5.http.ssl.H2TlsStrategy$2[0m
  [34mIgnoring anonymous object declaration: (CtClassImpl) 2 @ httpclient5/src/main/java/org/apache/hc/client5/http/ssl/H2TlsStrategy.java:152:38[0m
  [34mIgnoring implicit executable reference: (CtExecutableReferenceImpl) <init>[0m
  [34mIgnoring implicit executable reference: (CtExecutableReferenceImpl) <init>[0m
  [34mIgnoring method of an anonymous declaring type: (CtMethodImpl) verify @ httpclient5/src/main/java/org/apache/hc/client5/http/ssl/H2TlsStrategy.java:155:31 in (CtClassImpl) 2 @ httpclient5/src/main/java/org/apache/hc/client5/http/ssl/H2TlsStrategy.java:152:38[0m
  [34mIgnoring implicit executable reference: (CtExecutableReferenceImpl) <init>[0m
  Pending package java.security.cert
  Pending package javax.security.auth.x500
  [34mUnused type args: [java.util.List @ httpclient5/src/main/java/org/apache/hc/client5/http/ssl/H2TlsStrategy.java:183:34][0m
  [34mUnused type args: [? @ httpclient5/src/main/java/org/apache/hc/client5/http/ssl/H2TlsStrategy.java:183:39][0m
  [34mUnused type args: [java.util.List][0m
  [34mUnused type args: [?][0m
  [34mUnused type args: [java.util.List][0m
  [34mUnused type args: [?][0m
  [34mUnused type args: [java.lang.String @ httpclient5/src/main/java/org/apache/hc/client5/http/ssl/H2TlsStrategy.java:185:32][0m
  [34mIgnoring implicit executable reference: (CtExecutableReferenceImpl) <init>[0m
  [34mUnused type args: [java.lang.String][0m
  [34mUnused type args: [? @ httpclient5/src/main/java/org/apache/hc/client5/http/ssl/H2TlsStrategy.java:186:37][0m
  [34mUnused type args: [java.util.List][0m
  [34mUnused type args: [?][0m
  [34mUnused type args: [?][0m
  [34mUnused type args: [java.lang.String][0m
  [34mUnused type args: [?][0m
  [34mUnused type args: [java.lang.String][0m
  [34mUnused type args: [java.util.List @ httpclient5/src/main/java/org/apache/hc/client5/http/ssl/H2TlsStrategy.java:196:34][0m
  [34mUnused type args: [? @ httpclient5/src/main/java/org/apache/hc/client5/http/ssl/H2TlsStrategy.java:196:39][0m
  [34mUnused type args: [java.util.List][0m
  [34mUnused type args: [?][0m
  [34mUnused type args: [java.util.List][0m
  [34mUnused type args: [?][0m
  [34mUnused type args: [java.lang.String @ httpclient5/src/main/java/org/apache/hc/client5/http/ssl/H2TlsStrategy.java:198:32][0m
  [34mIgnoring implicit executable reference: (CtExecutableReferenceImpl) <init>[0m
  [34mUnused type args: [java.lang.String][0m
  [34mUnused type args: [? @ httpclient5/src/main/java/org/apache/hc/client5/http/ssl/H2TlsStrategy.java:199:37][0m
  [34mUnused type args: [java.util.List][0m
  [34mUnused type args: [?][0m
  [34mUnused type args: [?][0m
  [34mUnused type args: [java.lang.String][0m
  [34mUnused type args: [?][0m
  [34mUnused type args: [java.lang.String][0m
  [34mUnused type args: [org.apache.hc.client5.http.ssl.SubjectName @ httpclient5/src/main/java/org/apache/hc/client5/http/ssl/H2TlsStrategy.java:217:24][0m
  getting parent type for (CtEnumImpl) HostNameType @ httpclient5/src/main/java/org/apache/hc/client5/http/ssl/DefaultHostnameVerifier.java:69:10
  [34mUnused type args: [org.apache.hc.client5.http.ssl.SubjectName][0m
  [34mIgnoring implicit executable reference: (CtExecutableReferenceImpl) <init>[0m
  [34mUnused type args: [org.apache.hc.client5.http.ssl.SubjectName][0m
  [34mIgnoring implicit executable reference: (CtExecutableReferenceImpl) <init>[0m
  [34mIgnoring implicit executable reference: (CtExecutableReferenceImpl) <init>[0m
  [34mIgnoring implicit executable reference: (CtExecutableReferenceImpl) <init>[0m
  [34mIgnoring implicit executable reference: (CtExecutableReferenceImpl) <init>[0m
  [34mUnused type args: [java.net.InetAddress][0m
  [34mUnused type args: [java.net.InetAddress][0m
  [34mIgnoring implicit executable reference: (CtExecutableReferenceImpl) <init>[0m
  [34mskipping default constructor: org.apache.hc.client5.http.psl.PublicSuffixMatcherLoader()[0m
  [34mIgnoring implicit executable reference: (CtExecutableReferenceImpl) <init>[0m
  [34mIgnoring implicit executable reference: (CtExecutableReferenceImpl) <init>[0m
  [34mUnused type args: [javax.net.ssl.SSLContext][0m
  [34mIgnoring implicit executable reference: (CtExecutableReferenceImpl) <init>[0m
  [34mIgnoring implicit executable reference: (CtExecutableReferenceImpl) <init>[0m
  [34mIgnoring implicit executable reference: (CtExecutableReferenceImpl) <init>[0m
  [34mUnused type args: [java.net.URL][0m
  [34mUnused type args: [org.apache.hc.client5.http.ssl.SubjectName][0m
  [34mUnused type args: [org.apache.hc.client5.http.ssl.SubjectName][0m
  [34mIgnoring implicit executable reference: (CtExecutableReferenceImpl) <init>[0m
  [34mUnused type args: [org.apache.hc.client5.http.ssl.SubjectName][0m
  [34mIgnoring implicit executable reference: (CtExecutableReferenceImpl) <init>[0m
  [34mIgnoring implicit executable reference: (CtExecutableReferenceImpl) <init>[0m
  [34mIgnoring implicit executable reference: (CtExecutableReferenceImpl) <init>[0m
  [34mUnused type args: [java.lang.String][0m
  [34mIgnoring implicit executable reference: (CtExecutableReferenceImpl) <init>[0m
  [34mIgnoring implicit executable reference: (CtExecutableReferenceImpl) <init>[0m
  [34mIgnoring implicit executable reference: (CtExecutableReferenceImpl) <init>[0m
  [34mUnused type args: [java.io.File][0m
  [34mIgnoring implicit executable reference: (CtExecutableReferenceImpl) <init>[0m
  [34mIgnoring implicit executable reference: (CtExecutableReferenceImpl) <init>[0m
  [34mIgnoring implicit executable reference: (CtExecutableReferenceImpl) <init>[0m
  [34mUnused type args: [java.util.List @ httpclient5/src/main/java/org/apache/hc/client5/http/ssl/DefaultHostnameVerifier.java:298:30][0m
  [34mUnused type args: [? @ httpclient5/src/main/java/org/apache/hc/client5/http/ssl/DefaultHostnameVerifier.java:298:35][0m
  [34mUnused type args: [java.util.List][0m
  [34mUnused type args: [?][0m
  [34mUnused type args: [java.util.List][0m
  [34mUnused type args: [?][0m
  [34mUnused type args: [org.apache.hc.client5.http.ssl.SubjectName][0m
  [34mUnused type args: [org.apache.hc.client5.http.ssl.SubjectName][0m
  [34mUnused type args: [org.apache.hc.client5.http.ssl.SubjectName @ httpclient5/src/main/java/org/apache/hc/client5/http/ssl/DefaultHostnameVerifier.java:302:24][0m
  [34mIgnoring implicit executable reference: (CtExecutableReferenceImpl) <init>[0m
  [34mUnused type args: [org.apache.hc.client5.http.ssl.SubjectName][0m
  [34mUnused type args: [? @ httpclient5/src/main/java/org/apache/hc/client5/http/ssl/DefaultHostnameVerifier.java:303:29][0m
  [34mUnused type args: [java.util.List][0m
  [34mUnused type args: [?][0m
  [34mUnused type args: [?][0m
  [34mUnused type args: [?][0m
  [34mUnused type args: [?][0m
  [34mUnused type args: [org.apache.hc.client5.http.ssl.SubjectName][0m
  [34mIgnoring implicit executable reference: (CtExecutableReferenceImpl) <init>[0m
  [34mUnused type args: [org.apache.hc.client5.http.ssl.SubjectName][0m
  [34mUnused type args: [org.apache.hc.client5.http.ssl.SubjectName][0m
  [34mUnused type args: [org.apache.hc.client5.http.ssl.SubjectName][0m
  [34mUnused type args: [org.apache.hc.client5.http.ssl.SubjectName][0m
  [34mUnused type args: [org.apache.hc.client5.http.ssl.SubjectName][0m
  [34mIgnoring implicit executable reference: (CtExecutableReferenceImpl) <init>[0m
  [34mUnused type args: [org.apache.hc.client5.http.ssl.SubjectName][0m
  [34mIgnoring implicit executable reference: (CtExecutableReferenceImpl) <init>[0m
  [34mIgnoring implicit executable reference: (CtExecutableReferenceImpl) <init>[0m
  [34mUnused type args: [org.apache.hc.client5.http.ssl.SubjectName @ httpclient5/src/main/java/org/apache/hc/client5/http/ssl/DefaultHostnameVerifier.java:112:20][0m
  [34mUnused type args: [org.apache.hc.client5.http.ssl.SubjectName][0m
  [34mUnused type args: [org.apache.hc.client5.http.ssl.SubjectName][0m
  [34mUnused type args: [org.apache.hc.client5.http.ssl.SubjectName][0m
  [34mUnused type args: [org.apache.hc.client5.http.ssl.SubjectName][0m
  [34mUnused type args: [org.apache.hc.client5.http.ssl.SubjectName][0m
  [34mUnused type args: [org.apache.hc.client5.http.ssl.SubjectName][0m
  [34mUnused type args: [org.apache.hc.client5.http.ssl.SubjectName][0m
  [34mUnused type args: [org.apache.hc.client5.http.ssl.SubjectName][0m
  [34mUnused type args: [org.apache.hc.client5.http.ssl.SubjectName][0m
  [34mIgnoring implicit executable reference: (CtExecutableReferenceImpl) <init>[0m
  [34mSkipping selection with no field declaration: (CtFieldReferenceImpl) class[0m
  [34mSkipping selection with no field declaration: (CtFieldReferenceImpl) class[0m
  [34mSkipping selection with no field declaration: (CtFieldReferenceImpl) class[0m
  [34mSkipping selection with no field declaration: (CtFieldReferenceImpl) class[0m
  [34mUnused type args: [?][0m
  [34mSkipping selection with no field declaration: (CtFieldReferenceImpl) class[0m
  [34mSkipping selection with no field declaration: (CtFieldReferenceImpl) class[0m
  [34mIgnoring implicit executable reference: (CtExecutableReferenceImpl) <init>[0m
  [34mUnused type args: [java.lang.String][0m
  [34mUnused type args: [java.lang.String][0m
  [34mUnused type args: [java.lang.String][0m
  [34mUnused type args: [java.lang.String][0m
  [34mUnused type args: [org.apache.hc.client5.http.ssl.SubjectName][0m
  [34mUnused type args: [org.apache.hc.client5.http.ssl.SubjectName][0m
  [34mIgnoring implicit executable reference: (CtExecutableReferenceImpl) <init>[0m
  [34mUnused type args: [org.apache.hc.client5.http.ssl.SubjectName][0m
  Pending package javax.naming.ldap
  [34mIgnoring implicit executable reference: (CtExecutableReferenceImpl) <init>[0m
  [34mUnused type args: [javax.naming.ldap.Rdn @ httpclient5/src/main/java/org/apache/hc/client5/http/ssl/DefaultHostnameVerifier.java:260:24][0m
  [34mUnused type args: [javax.naming.ldap.Rdn][0m
  [34mUnused type args: [javax.naming.ldap.Rdn][0m
  [34mUnused type args: [javax.naming.ldap.Rdn][0m
  Pending package javax.naming.directory
  Pending package javax.naming
  [34mIgnoring implicit executable reference: (CtExecutableReferenceImpl) <init>[0m
  [34mUnused type args: [org.apache.hc.client5.http.psl.PublicSuffixList @ httpclient5/src/main/java/org/apache/hc/client5/http/psl/PublicSuffixMatcherLoader.java:54:20][0m
  [34mIgnoring implicit executable reference: (CtExecutableReferenceImpl) <init>[0m
  [34mUnused type args: [org.apache.hc.client5.http.psl.PublicSuffixList][0m
  [34mIgnoring implicit executable reference: (CtExecutableReferenceImpl) <init>[0m
  [34mIgnoring implicit executable reference: (CtExecutableReferenceImpl) <init>[0m
  [34mUnused type args: [org.apache.hc.client5.http.psl.PublicSuffixList][0m
  [34mUnused type args: [org.apache.hc.client5.http.psl.PublicSuffixList][0m
  [34mUnused type args: [org.apache.hc.client5.http.psl.PublicSuffixList @ httpclient5/src/main/java/org/apache/hc/client5/http/psl/PublicSuffixListParser.java:102:20][0m
  [34mIgnoring implicit executable reference: (CtExecutableReferenceImpl) <init>[0m
  [34mUnused type args: [org.apache.hc.client5.http.psl.PublicSuffixList][0m
  [34mIgnoring implicit executable reference: (CtExecutableReferenceImpl) <init>[0m
  [34mIgnoring implicit executable reference: (CtExecutableReferenceImpl) <init>[0m
  [34mUnused type args: [java.lang.String @ httpclient5/src/main/java/org/apache/hc/client5/http/psl/PublicSuffixListParser.java:108:14][0m
  [34mUnused type args: [java.lang.String @ httpclient5/src/main/java/org/apache/hc/client5/http/psl/PublicSuffixListParser.java:109:14][0m
  [34mUnused type args: [java.lang.String][0m
  [34mUnused type args: [org.apache.hc.client5.http.psl.PublicSuffixList][0m
  [34mIgnoring implicit executable reference: (CtExecutableReferenceImpl) <init>[0m
  [34mUnused type args: [java.lang.String][0m
  [34mUnused type args: [java.lang.String][0m
  [34mUnused type args: [java.lang.String][0m
  [34mUnused type args: [java.lang.String][0m
  [34mUnused type args: [java.lang.String][0m
  [34mUnused type args: [java.lang.String][0m
  [34mUnused type args: [java.lang.String][0m
  [34mUnused type args: [java.lang.String][0m
  [34mUnused type args: [java.lang.String][0m
  [34mUnused type args: [java.lang.String][0m
  [34mUnused type args: [java.lang.String][0m
  [34mIgnoring implicit executable reference: (CtExecutableReferenceImpl) <init>[0m
  [34mUnused type args: [java.lang.String][0m
  [34mUnused type args: [java.lang.String][0m
  [34mUnused type args: [java.lang.String][0m
  [34mUnused type args: [java.lang.String][0m
  [34mUnused type args: [java.lang.String][0m
  [34mIgnoring implicit executable reference: (CtExecutableReferenceImpl) <init>[0m
  [34mUnused type args: [java.lang.String][0m
  [34mUnused type args: [java.lang.String][0m
  [34mUnused type args: [org.apache.hc.client5.http.psl.PublicSuffixList][0m
  [34mIgnoring implicit executable reference: (CtExecutableReferenceImpl) <init>[0m
  [34mIgnoring implicit executable reference: (CtExecutableReferenceImpl) <init>[0m
  [34mUnused type args: [java.lang.String @ httpclient5/src/main/java/org/apache/hc/client5/http/psl/PublicSuffixListParser.java:60:20][0m
  [34mIgnoring implicit executable reference: (CtExecutableReferenceImpl) <init>[0m
  [34mUnused type args: [java.lang.String][0m
  [34mUnused type args: [java.lang.String @ httpclient5/src/main/java/org/apache/hc/client5/http/psl/PublicSuffixListParser.java:61:20][0m
  [34mIgnoring implicit executable reference: (CtExecutableReferenceImpl) <init>[0m
  [34mUnused type args: [java.lang.String][0m
  [34mIgnoring implicit executable reference: (CtExecutableReferenceImpl) <init>[0m
  [34mUnused type args: [java.lang.String][0m
  [34mUnused type args: [java.lang.String][0m
  [34mIgnoring implicit executable reference: (CtExecutableReferenceImpl) <init>[0m
  [34mUnused type args: [java.lang.String][0m
  [34mUnused type args: [java.lang.String][0m
  [34mUnused type args: [java.lang.String][0m
  [34mUnused type args: [java.lang.String][0m
  Pending package java.util.stream
  Pending package java.util
  [34mUnused type args: [java.net.URI][0m
  [34mIgnoring implicit executable reference: (CtExecutableReferenceImpl) <init>[0m
  [34mUnused type args: [java.net.URI][0m
  [34mUnused type args: [?][0m
  [34mUnused type args: [java.net.URI][0m
  [34mIgnoring implicit executable reference: (CtExecutableReferenceImpl) <init>[0m
  [34mIgnoring implicit executable reference: (CtExecutableReferenceImpl) <init>[0m
  [34mUnused type args: [java.net.URI][0m
  [34mUnused type args: [java.net.URI][0m
  [34mUnused type args: [java.net.URI][0m
  [34mUnused type args: [java.net.URI][0m
  [34mUnused type args: [java.net.URI][0m
  [34mUnused type args: [?][0m
  [34mUnused type args: [java.net.URI][0m
  [34mIgnoring implicit executable reference: (CtExecutableReferenceImpl) <init>[0m
  [34mIgnoring implicit executable reference: (CtExecutableReferenceImpl) <init>[0m
  [34mIgnoring implicit executable reference: (CtExecutableReferenceImpl) <init>[0m
  [34mIgnoring implicit executable reference: (CtExecutableReferenceImpl) <init>[0m
  [34mUnused type args: [?][0m
  [34mUnused type args: [?][0m
  [34mUnused type args: [?][0m
  [34mUnused type args: [java.net.URI][0m
  [34mUnused type args: [java.net.URI][0m
  [34mUnused type args: [java.net.URI][0m
  [34mUnused type args: [java.net.URI][0m
  [34mUnused type args: [java.net.URI][0m
  [34mUnused type args: [java.net.URI][0m
  [34mUnused type args: [?][0m
  [34mUnused type args: [java.net.URI][0m
  [34mIgnoring implicit executable reference: (CtExecutableReferenceImpl) <init>[0m
  [34mIgnoring implicit executable reference: (CtExecutableReferenceImpl) <init>[0m
  [34mUnused type args: [java.net.URI][0m
  [34mIgnoring implicit executable reference: (CtExecutableReferenceImpl) <init>[0m
  [34mIgnoring implicit executable reference: (CtExecutableReferenceImpl) <init>[0m
  [34mIgnoring implicit executable reference: (CtExecutableReferenceImpl) <init>[0m
  [34mIgnoring implicit executable reference: (CtExecutableReferenceImpl) <init>[0m
  [34mUnused type args: [java.net.URI][0m
  [34mUnused type args: [java.net.URI][0m
  [34mIgnoring implicit executable reference: (CtExecutableReferenceImpl) <init>[0m
  [34mUnused type args: [java.net.URI][0m
  [34mUnused type args: [java.net.URI][0m
  [34mUnused type args: [java.net.URI][0m
  [34mIgnoring implicit executable reference: (CtExecutableReferenceImpl) <init>[0m
  [34mUnused type args: [java.net.URI][0m
  [34mUnused type args: [java.net.URI][0m
  [34mUnused type args: [java.net.URI @ httpclient5/src/main/java/org/apache/hc/client5/http/protocol/RedirectLocations.java:76:28][0m
  [34mUnused type args: [java.net.URI][0m
  [34mUnused type args: [java.net.URI][0m
  [34mUnused type args: [java.net.URI][0m
  [34mUnused type args: [java.net.URI][0m
  [34mUnused type args: [java.net.URI][0m
  [34mUnused type args: [org.apache.hc.core5.http.HttpRequest][0m
  [34mUnused type args: [org.apache.hc.core5.http.HttpRequest][0m
  [34mUnused type args: [org.apache.hc.core5.http.protocol.HttpContext][0m
  [34mUnused type args: [org.apache.hc.client5.http.cookie.CookieSpecProvider @ httpclient5/src/main/java/org/apache/hc/client5/http/protocol/RequestAddCookies.java:95:22][0m
  [34mUnused type args: [org.apache.hc.client5.http.cookie.CookieSpecProvider][0m
  [34mUnused type args: [org.apache.hc.client5.http.cookie.CookieSpecProvider][0m
  [34mIgnoring implicit executable reference: (CtExecutableReferenceImpl) <init>[0m
  [34mUnused type args: [org.apache.hc.client5.http.cookie.CookieSpecProvider][0m
  [34mUnused type args: [org.apache.hc.client5.http.cookie.Cookie @ httpclient5/src/main/java/org/apache/hc/client5/http/protocol/RequestAddCookies.java:143:20][0m
  [34mUnused type args: [org.apache.hc.client5.http.cookie.Cookie][0m
  [34mUnused type args: [org.apache.hc.client5.http.cookie.Cookie @ httpclient5/src/main/java/org/apache/hc/client5/http/protocol/RequestAddCookies.java:145:20][0m
  [34mIgnoring implicit executable reference: (CtExecutableReferenceImpl) <init>[0m
  [34mUnused type args: [org.apache.hc.client5.http.cookie.Cookie][0m
  [34mIgnoring implicit executable reference: (CtExecutableReferenceImpl) <init>[0m
  [34mUnused type args: [org.apache.hc.client5.http.cookie.Cookie][0m
  [34mUnused type args: [org.apache.hc.client5.http.cookie.Cookie][0m
  [34mUnused type args: [org.apache.hc.client5.http.cookie.Cookie][0m
  [34mUnused type args: [org.apache.hc.core5.http.Header @ httpclient5/src/main/java/org/apache/hc/client5/http/protocol/RequestAddCookies.java:171:24][0m
  [34mUnused type args: [org.apache.hc.core5.http.Header][0m
  [34mUnused type args: [org.apache.hc.client5.http.cookie.Cookie][0m
  [34mUnused type args: [org.apache.hc.client5.http.cookie.Cookie][0m
  [34mUnused type args: [org.apache.hc.core5.http.Header][0m
  [34mUnused type args: [java.net.URI][0m
  [34mUnused type args: [java.net.URI][0m
  [34mUnused type args: [java.net.URI][0m
  [34mUnused type args: [java.net.URI][0m
  [34mIgnoring implicit executable reference: (CtExecutableReferenceImpl) <init>[0m
  [34mIgnoring implicit executable reference: (CtExecutableReferenceImpl) <init>[0m
  [34mIgnoring implicit executable reference: (CtExecutableReferenceImpl) <init>[0m
  [34mIgnoring implicit executable reference: (CtExecutableReferenceImpl) <init>[0m
  [34mUnused type args: [org.apache.hc.core5.http.HttpRequest][0m
  [34mIgnoring implicit executable reference: (CtExecutableReferenceImpl) <init>[0m
  [34mIgnoring implicit executable reference: (CtExecutableReferenceImpl) <init>[0m
  [34mUnused type args: [org.apache.hc.core5.http.Header][0m
  [34mUnused type args: [org.apache.hc.core5.http.Header][0m
  [34mUnused type args: [org.apache.hc.client5.http.cookie.Cookie @ httpclient5/src/main/java/org/apache/hc/client5/http/protocol/ResponseProcessCookies.java:104:28][0m
  [34mUnused type args: [org.apache.hc.client5.http.cookie.Cookie][0m
  [34mUnused type args: [org.apache.hc.client5.http.cookie.Cookie][0m
  [34mIgnoring implicit executable reference: (CtExecutableReferenceImpl) <init>[0m
  [34mIgnoring implicit executable reference: (CtExecutableReferenceImpl) <init>[0m
  [34mIgnoring implicit executable reference: (CtExecutableReferenceImpl) <init>[0m
  [34mIgnoring implicit executable reference: (CtExecutableReferenceImpl) <init>[0m
  [34mIgnoring implicit executable reference: (CtExecutableReferenceImpl) <init>[0m
  [34mIgnoring implicit executable reference: (CtExecutableReferenceImpl) <init>[0m
  [34mIgnoring implicit executable reference: (CtExecutableReferenceImpl) <init>[0m
  [34mIgnoring implicit executable reference: (CtExecutableReferenceImpl) <init>[0m
  [34mUnused type args: [org.apache.hc.core5.http.HttpRequest][0m
  [34mUnused type args: [org.apache.hc.core5.http.protocol.HttpContext][0m
  [34mIgnoring implicit executable reference: (CtExecutableReferenceImpl) <init>[0m
  [34mIgnoring implicit executable reference: (CtExecutableReferenceImpl) <init>[0m
  [34mIgnoring implicit executable reference: (CtExecutableReferenceImpl) <init>[0m
  [34mUnused type args: [?][0m
  [34mUnused type args: [java.net.URI][0m
  [34mUnused type args: [java.net.URI][0m
  [34mIgnoring implicit executable reference: (CtExecutableReferenceImpl) <init>[0m
  [34mIgnoring implicit executable reference: (CtExecutableReferenceImpl) <init>[0m
  [34mIgnoring implicit executable reference: (CtExecutableReferenceImpl) <init>[0m
  [34mIgnoring implicit executable reference: (CtExecutableReferenceImpl) <init>[0m
  [34mUnused type args: [org.apache.hc.core5.http.HttpRequest][0m
  [34mUnused type args: [?][0m
  [34mUnused type args: [?][0m
  [34mUnused type args: [org.apache.hc.core5.http.HttpResponse][0m
  [34mUnused type args: [org.apache.hc.core5.http.protocol.HttpContext][0m
  [34mUnused type args: [org.apache.hc.core5.http.Header @ httpclient5/src/main/java/org/apache/hc/client5/http/protocol/ResponseProcessCookies.java:92:24][0m
  [34mUnused type args: [org.apache.hc.core5.http.Header][0m
  [34mUnused type args: [org.apache.hc.core5.http.Header][0m
  [34mUnused type args: [org.apache.hc.core5.http.Header][0m
  [34mIgnoring implicit executable reference: (CtExecutableReferenceImpl) <init>[0m
  [34mIgnoring implicit executable reference: (CtExecutableReferenceImpl) <init>[0m
  [34mIgnoring implicit executable reference: (CtExecutableReferenceImpl) <init>[0m
  [34mIgnoring implicit executable reference: (CtExecutableReferenceImpl) <init>[0m
  [34mIgnoring implicit executable reference: (CtExecutableReferenceImpl) <init>[0m
  Pending package org.apache.hc.client5.http.impl.cache
  Pending package org.apache.hc.client5.http.cache
  getting parent type for (CtClassImpl) Builder @ httpclient5-cache/src/main/java/org/apache/hc/client5/http/impl/cache/CacheConfig.java:352:25
  [34mskipping default constructor: org.apache.hc.client5.http.impl.cache.CacheKeyGenerator()[0m
  [34mskipping default constructor: org.apache.hc.client5.http.impl.cache.CacheableRequestPolicy()[0m
  [34mskipping default constructor: org.apache.hc.client5.http.impl.cache.ConditionalRequestBuilder()[0m
  [34mskipping default constructor: org.apache.hc.client5.http.impl.cache.ResponseProtocolCompliance()[0m
  [34mskipping default constructor: org.apache.hc.client5.http.impl.cache.RequestProtocolError()[0m
  getting parent type for (CtClassImpl) Scope @ httpclient5/src/main/java/org/apache/hc/client5/http/sync/ExecChain.java:41:17
  [34mskipping default constructor: org.apache.hc.client5.http.cache.CacheResponseStatus()[0m
  Pending package org.apache.hc.core5.http.impl.io
  Pending package org.apache.hc.client5.http.io
  [34mskipping default constructor: org.apache.hc.client5.http.io.ConnectionEndpoint()[0m
  getting parent type for (CtEnumImpl) Postion @ httpclient5/src/main/java/org/apache/hc/client5/http/impl/sync/HttpClientBuilder.java:140:14
  [34mskipping default constructor: org.apache.hc.client5.http.impl.sync.HttpClientBuilder$RequestInterceptorEntry$Postion()[0m
  getting parent type for (CtEnumImpl) Postion @ httpclient5/src/main/java/org/apache/hc/client5/http/impl/sync/HttpClientBuilder.java:153:14
  [34mskipping default constructor: org.apache.hc.client5.http.impl.sync.HttpClientBuilder$ResponseInterceptorEntry$Postion()[0m
  getting parent type for (CtClassImpl) ResponseInterceptorEntry @ httpclient5/src/main/java/org/apache/hc/client5/http/impl/sync/HttpClientBuilder.java:151:26
  getting parent type for (CtEnumImpl) Postion @ httpclient5/src/main/java/org/apache/hc/client5/http/impl/sync/HttpClientBuilder.java:166:14
  [34mskipping default constructor: org.apache.hc.client5.http.impl.sync.HttpClientBuilder$ExecInterceptorEntry$Postion()[0m
  getting parent type for (CtClassImpl) ExecInterceptorEntry @ httpclient5/src/main/java/org/apache/hc/client5/http/impl/sync/HttpClientBuilder.java:164:26
  Pending package org.apache.hc.client5.http.entity
  getting parent type for (CtClassImpl) RequestInterceptorEntry @ httpclient5/src/main/java/org/apache/hc/client5/http/impl/sync/HttpClientBuilder.java:138:26
  [34mIgnoring implicit executable reference: (CtExecutableReferenceImpl) <init>[0m
  [34mUnused type args: [java.io.Closeable][0m
  [34mUnused type args: [java.io.Closeable][0m
  [34mUnused type args: [java.io.Closeable][0m
  [34mIgnoring implicit executable reference: (CtExecutableReferenceImpl) <init>[0m
  [34mUnused type args: [java.io.Closeable][0m
  [34mUnused type args: [java.io.Closeable][0m
  [34mIgnoring implicit executable reference: (CtExecutableReferenceImpl) <init>[0m
  [34mIgnoring implicit executable reference: (CtExecutableReferenceImpl) <init>[0m
  [34mskipping default constructor: org.apache.hc.client5.http.cache.HeaderConstants()[0m
  [34mIgnoring implicit executable reference: (CtExecutableReferenceImpl) <init>[0m
  [34mUnused type args: [org.apache.hc.core5.http.HeaderElement @ httpclient5-cache/src/main/java/org/apache/hc/client5/http/impl/cache/CacheableRequestPolicy.java:79:24][0m
  [34mUnused type args: [org.apache.hc.core5.http.HeaderElement][0m
  [34mUnused type args: [org.apache.hc.core5.http.HeaderElement][0m
  [34mUnused type args: [org.apache.hc.core5.http.HeaderElement][0m
  [34mUnused type args: [org.apache.hc.core5.http.HeaderElement @ httpclient5-cache/src/main/java/org/apache/hc/client5/http/impl/cache/CacheValidityPolicy.java:157:24][0m
  [34mUnused type args: [org.apache.hc.core5.http.HeaderElement][0m
  [34mUnused type args: [org.apache.hc.core5.http.HeaderElement][0m
  [34mUnused type args: [org.apache.hc.core5.http.HeaderElement][0m
  [34mIgnoring implicit executable reference: (CtExecutableReferenceImpl) <init>[0m
  [34mUnused type args: [java.lang.String, org.apache.hc.client5.http.impl.cache.Variant][0m
  [34mUnused type args: [java.lang.String][0m
  [34mIgnoring implicit executable reference: (CtExecutableReferenceImpl) <init>[0m
  [34mUnused type args: [org.apache.hc.core5.http.HeaderElement @ httpclient5-cache/src/main/java/org/apache/hc/client5/http/impl/cache/ResponseCachingPolicy.java:297:24][0m
  [34mUnused type args: [org.apache.hc.core5.http.HeaderElement][0m
  [34mUnused type args: [org.apache.hc.core5.http.HeaderElement][0m
  [34mUnused type args: [org.apache.hc.core5.http.HeaderElement][0m
  [34mIgnoring implicit executable reference: (CtExecutableReferenceImpl) <init>[0m
  [34mIgnoring implicit executable reference: (CtExecutableReferenceImpl) <init>[0m
  [34mIgnoring implicit executable reference: (CtExecutableReferenceImpl) <init>[0m
  [34mUnused type args: [org.apache.hc.core5.http.Header @ httpclient5-cache/src/main/java/org/apache/hc/client5/http/impl/cache/ResponseProtocolCompliance.java:120:20][0m
  [34mIgnoring implicit executable reference: (CtExecutableReferenceImpl) <init>[0m
  [34mUnused type args: [org.apache.hc.core5.http.Header][0m
  [34mUnused type args: [org.apache.hc.core5.http.Header][0m
  [34mIgnoring implicit executable reference: (CtExecutableReferenceImpl) <init>[0m
  [34mUnused type args: [org.apache.hc.core5.http.Header][0m
  [34mUnused type args: [java.lang.String][0m
  [34mUnused type args: [java.lang.String][0m
  [34mUnused type args: [?][0m
  [34mUnused type args: [java.lang.String][0m
  [34mUnused type args: [org.apache.hc.core5.http.HttpRequestInterceptor][0m
  [34mUnused type args: [org.apache.hc.client5.http.impl.sync.HttpClientBuilder$RequestInterceptorEntry][0m
  [34mUnused type args: [org.apache.hc.client5.http.impl.sync.HttpClientBuilder$RequestInterceptorEntry][0m
  [34mUnused type args: [org.apache.hc.client5.http.impl.sync.HttpClientBuilder$RequestInterceptorEntry][0m
  [34mIgnoring implicit executable reference: (CtExecutableReferenceImpl) <init>[0m
  [34mUnused type args: [org.apache.hc.client5.http.impl.sync.HttpClientBuilder$RequestInterceptorEntry][0m
  [34mUnused type args: [org.apache.hc.client5.http.impl.sync.HttpClientBuilder$RequestInterceptorEntry][0m
  [34mIgnoring implicit executable reference: (CtExecutableReferenceImpl) <init>[0m
  [34mIgnoring implicit executable reference: (CtExecutableReferenceImpl) <init>[0m
  [34mUnused type args: [org.apache.hc.core5.http.HeaderElement @ httpclient5-cache/src/main/java/org/apache/hc/client5/http/impl/cache/CachedResponseSuitabilityChecker.java:176:24][0m
  [34mUnused type args: [org.apache.hc.core5.http.HeaderElement][0m
  [34mUnused type args: [org.apache.hc.core5.http.HeaderElement][0m
  [34mUnused type args: [org.apache.hc.core5.http.HeaderElement][0m
  [34mUnused type args: [org.apache.hc.core5.http.HeaderElement @ httpclient5-cache/src/main/java/org/apache/hc/client5/http/impl/cache/CachingExec.java:476:24][0m
  [34mUnused type args: [org.apache.hc.core5.http.HeaderElement][0m
  [34mUnused type args: [org.apache.hc.core5.http.HeaderElement][0m
  [34mUnused type args: [org.apache.hc.core5.http.HeaderElement][0m
  [34mIgnoring implicit executable reference: (CtExecutableReferenceImpl) <init>[0m
  [34mIgnoring implicit executable reference: (CtExecutableReferenceImpl) <init>[0m
  [34mIgnoring implicit executable reference: (CtExecutableReferenceImpl) <init>[0m
  [34mUnused type args: [?][0m
  [34mUnused type args: [?][0m
  [34mUnused type args: [?][0m
  [34mIgnoring implicit executable reference: (CtExecutableReferenceImpl) <init>[0m
  [34mIgnoring implicit executable reference: (CtExecutableReferenceImpl) <init>[0m
  [34mUnused type args: [java.lang.String][0m
  [34mUnused type args: [java.lang.String][0m
  [34mIgnoring implicit executable reference: (CtExecutableReferenceImpl) <init>[0m
  [34mUnused type args: [java.lang.String][0m
  [34mIgnoring implicit executable reference: (CtExecutableReferenceImpl) <init>[0m
  [34mIgnoring implicit executable reference: (CtExecutableReferenceImpl) <init>[0m
  [34mIgnoring implicit executable reference: (CtExecutableReferenceImpl) <init>[0m
  [34mUnused type args: [org.apache.hc.core5.http.HeaderElement @ httpclient5-cache/src/main/java/org/apache/hc/client5/http/impl/cache/RequestProtocolCompliance.java:218:14][0m
  [34mIgnoring implicit executable reference: (CtExecutableReferenceImpl) <init>[0m
  [34mUnused type args: [org.apache.hc.core5.http.HeaderElement][0m
  [34mUnused type args: [org.apache.hc.core5.http.HeaderElement][0m
  [34mUnused type args: [org.apache.hc.core5.http.HeaderElement][0m
  [34mIgnoring implicit executable reference: (CtExecutableReferenceImpl) <init>[0m
  [34mUnused type args: [org.apache.hc.core5.http.HeaderElement][0m
  [34mUnused type args: [org.apache.hc.core5.http.HeaderElement][0m
  [34mIgnoring implicit executable reference: (CtExecutableReferenceImpl) <init>[0m
  [34mUnused type args: [org.apache.hc.core5.http.HeaderElement][0m
  [34mIgnoring implicit executable reference: (CtExecutableReferenceImpl) <init>[0m
  [34mIgnoring implicit executable reference: (CtExecutableReferenceImpl) <init>[0m
  [34mUnused type args: [org.apache.hc.core5.http.ProtocolVersion, java.lang.String][0m
  [34mUnused type args: [?][0m
  [34mUnused type args: [org.apache.hc.core5.http.ProtocolVersion, java.lang.String][0m
  [34mIgnoring implicit executable reference: (CtExecutableReferenceImpl) <init>[0m
  [34mIgnoring implicit executable reference: (CtExecutableReferenceImpl) <init>[0m
  [34mUnused type args: [java.util.Date][0m
  [34mUnused type args: [java.util.Date][0m
  [34mUnused type args: [org.apache.hc.core5.http.Header[]][0m
  [34mIgnoring implicit executable reference: (CtExecutableReferenceImpl) <init>[0m
  [34mUnused type args: [java.lang.String, java.lang.String][0m
  [34mUnused type args: [java.lang.String, java.lang.String][0m
  [34mUnused type args: [java.lang.String, java.lang.String][0m
  [34mUnused type args: [java.lang.String, java.lang.String][0m
  [34mIgnoring implicit executable reference: (CtExecutableReferenceImpl) <init>[0m
  [34mUnused type args: [java.lang.String, java.lang.String][0m
  [34mUnused type args: [?, ?][0m
  [34mUnused type args: [java.lang.String, java.lang.String][0m
  [34mUnused type args: [java.lang.String, java.lang.String][0m
  [34mUnused type args: [java.lang.String, java.lang.String][0m
  [34mUnused type args: [?, ?][0m
  [34mUnused type args: [java.lang.String, java.lang.String][0m
  [34mUnused type args: [org.apache.hc.core5.http.Header][0m
  [34mIgnoring implicit executable reference: (CtExecutableReferenceImpl) <init>[0m
  [34mIgnoring implicit executable reference: (CtExecutableReferenceImpl) <init>[0m
  [34mIgnoring implicit executable reference: (CtExecutableReferenceImpl) <init>[0m
  [34mIgnoring implicit executable reference: (CtExecutableReferenceImpl) <init>[0m
  [34mIgnoring implicit executable reference: (CtExecutableReferenceImpl) <init>[0m
  [34mIgnoring implicit executable reference: (CtExecutableReferenceImpl) <init>[0m
  [34mIgnoring implicit executable reference: (CtExecutableReferenceImpl) <init>[0m
  [34mIgnoring implicit executable reference: (CtExecutableReferenceImpl) <init>[0m
  [34mUnused type args: [java.lang.String][0m
  [34mIgnoring implicit executable reference: (CtExecutableReferenceImpl) <init>[0m
  [34mUnused type args: [java.lang.String][0m
  [34mIgnoring implicit executable reference: (CtExecutableReferenceImpl) <init>[0m
  [34mIgnoring implicit executable reference: (CtExecutableReferenceImpl) <init>[0m
  [34mUnused type args: [org.apache.hc.core5.http.HeaderElement @ httpclient5-cache/src/main/java/org/apache/hc/client5/http/impl/cache/CacheValidityPolicy.java:263:24][0m
  [34mUnused type args: [org.apache.hc.core5.http.HeaderElement][0m
  [34mUnused type args: [org.apache.hc.core5.http.HeaderElement][0m
  [34mUnused type args: [org.apache.hc.core5.http.HeaderElement][0m
  [34mIgnoring implicit executable reference: (CtExecutableReferenceImpl) <init>[0m
  [34mIgnoring implicit executable reference: (CtExecutableReferenceImpl) <init>[0m
  [34mUnused type args: [org.apache.hc.client5.http.auth.AuthSchemeProvider][0m
  [34mUnused type args: [org.apache.hc.client5.http.auth.AuthSchemeProvider][0m
  [34mUnused type args: [org.apache.hc.client5.http.auth.AuthSchemeProvider][0m
  [34mUnused type args: [org.apache.hc.core5.http.HeaderElement @ httpclient5-cache/src/main/java/org/apache/hc/client5/http/impl/cache/RequestProtocolCompliance.java:245:24][0m
  [34mUnused type args: [org.apache.hc.core5.http.HeaderElement][0m
  [34mUnused type args: [org.apache.hc.core5.http.HeaderElement][0m
  [34mUnused type args: [org.apache.hc.core5.http.HeaderElement][0m
  [34mIgnoring implicit executable reference: (CtExecutableReferenceImpl) <init>[0m
  [34mIgnoring implicit executable reference: (CtExecutableReferenceImpl) <init>[0m
  [34mIgnoring implicit executable reference: (CtExecutableReferenceImpl) <init>[0m
  [34mIgnoring implicit executable reference: (CtExecutableReferenceImpl) <init>[0m
  [34mUnused type args: [org.apache.hc.core5.http.HttpRequestInterceptor][0m
  [34mUnused type args: [org.apache.hc.client5.http.impl.sync.HttpClientBuilder$RequestInterceptorEntry][0m
  [34mUnused type args: [org.apache.hc.client5.http.impl.sync.HttpClientBuilder$RequestInterceptorEntry][0m
  [34mUnused type args: [org.apache.hc.client5.http.impl.sync.HttpClientBuilder$RequestInterceptorEntry][0m
  [34mIgnoring implicit executable reference: (CtExecutableReferenceImpl) <init>[0m
  [34mUnused type args: [org.apache.hc.client5.http.impl.sync.HttpClientBuilder$RequestInterceptorEntry][0m
  [34mUnused type args: [org.apache.hc.client5.http.impl.sync.HttpClientBuilder$RequestInterceptorEntry][0m
  [34mIgnoring implicit executable reference: (CtExecutableReferenceImpl) <init>[0m
  [34mUnused type args: [java.lang.Integer][0m
  [34mUnused type args: [java.lang.Integer][0m
  [34mUnused type args: [org.apache.hc.core5.http.HeaderElement @ httpclient5-cache/src/main/java/org/apache/hc/client5/http/impl/cache/ResponseCachingPolicy.java:161:24][0m
  [34mUnused type args: [org.apache.hc.core5.http.HeaderElement][0m
  [34mUnused type args: [org.apache.hc.core5.http.HeaderElement][0m
  [34mUnused type args: [org.apache.hc.core5.http.HeaderElement][0m
  [34mUnused type args: [org.apache.hc.core5.http.ClassicHttpRequest][0m
  [34mUnused type args: [org.apache.hc.client5.http.sync.ExecChain$Scope][0m
  [34mIgnoring implicit executable reference: (CtExecutableReferenceImpl) <init>[0m
  [34mskipping default constructor: org.apache.hc.client5.http.impl.cache.OptionsHttp11Response()[0m
  [34mIgnoring implicit executable reference: (CtExecutableReferenceImpl) <init>[0m
  [34mIgnoring implicit executable reference: (CtExecutableReferenceImpl) <init>[0m
  [34mIgnoring implicit executable reference: (CtExecutableReferenceImpl) <init>[0m
  [34mIgnoring implicit executable reference: (CtExecutableReferenceImpl) <init>[0m
  [34mIgnoring implicit executable reference: (CtExecutableReferenceImpl) <init>[0m
  [34mUnused type args: [java.lang.String @ httpclient5-cache/src/main/java/org/apache/hc/client5/http/impl/cache/CachingExec.java:331:19, org.apache.hc.client5.http.impl.cache.Variant @ httpclient5-cache/src/main/java/org/apache/hc/client5/http/impl/cache/CachingExec.java:331:27][0m
  [34mUnused type args: [java.lang.String, org.apache.hc.client5.http.impl.cache.Variant][0m
  [34mUnused type args: [java.lang.String, org.apache.hc.client5.http.impl.cache.Variant][0m
  [34mUnused type args: [java.lang.String, org.apache.hc.client5.http.impl.cache.Variant][0m
  [34mUnused type args: [java.lang.String, org.apache.hc.client5.http.impl.cache.Variant][0m
  [34mUnused type args: [java.lang.String, org.apache.hc.client5.http.impl.cache.Variant][0m
  [34mIgnoring implicit executable reference: (CtExecutableReferenceImpl) <init>[0m
  [34mIgnoring implicit executable reference: (CtExecutableReferenceImpl) <init>[0m
  [34mIgnoring implicit executable reference: (CtExecutableReferenceImpl) <init>[0m
  [34mIgnoring implicit executable reference: (CtExecutableReferenceImpl) <init>[0m
  [34mUnused type args: [org.apache.hc.client5.http.impl.cache.HttpCache][0m
  [34mIgnoring implicit executable reference: (CtExecutableReferenceImpl) <init>[0m
  [34mIgnoring implicit executable reference: (CtExecutableReferenceImpl) <init>[0m
  [34mIgnoring implicit executable reference: (CtExecutableReferenceImpl) <init>[0m
  [34mIgnoring implicit executable reference: (CtExecutableReferenceImpl) <init>[0m
  [34mIgnoring implicit executable reference: (CtExecutableReferenceImpl) <init>[0m
  [34mIgnoring implicit executable reference: (CtExecutableReferenceImpl) <init>[0m
  [34mIgnoring implicit executable reference: (CtExecutableReferenceImpl) <init>[0m
  [34mIgnoring implicit executable reference: (CtExecutableReferenceImpl) <init>[0m
  [34mIgnoring implicit executable reference: (CtExecutableReferenceImpl) <init>[0m
  [34mUnused type args: [org.apache.hc.core5.http.HeaderElement][0m
  [34mUnused type args: [java.lang.String, org.apache.hc.client5.http.impl.cache.Variant][0m
  [34mUnused type args: [java.lang.String, org.apache.hc.client5.http.impl.cache.Variant][0m
  [34mskipping default constructor: org.apache.hc.client5.http.impl.cache.IOUtils()[0m
  [34mUnused type args: [java.lang.String, org.apache.hc.client5.http.impl.cache.Variant][0m
  [34mIgnoring implicit executable reference: (CtExecutableReferenceImpl) <init>[0m
  [34mIgnoring implicit executable reference: (CtExecutableReferenceImpl) <init>[0m
  [34mUnused type args: [org.apache.hc.core5.http.HeaderElement @ httpclient5-cache/src/main/java/org/apache/hc/client5/http/impl/cache/CachedResponseSuitabilityChecker.java:317:24][0m
  [34mUnused type args: [org.apache.hc.core5.http.HeaderElement][0m
  [34mUnused type args: [org.apache.hc.core5.http.HeaderElement][0m
  [34mUnused type args: [org.apache.hc.core5.http.HeaderElement][0m
  [34mIgnoring implicit executable reference: (CtExecutableReferenceImpl) <init>[0m
  [34mIgnoring implicit executable reference: (CtExecutableReferenceImpl) <init>[0m
  [34mUnused type args: [java.lang.Integer][0m
  [34mUnused type args: [java.lang.Integer][0m
  [34mIgnoring implicit executable reference: (CtExecutableReferenceImpl) <init>[0m
  [34mUnused type args: [java.lang.Integer][0m
  [34mUnused type args: [?][0m
  [34mUnused type args: [java.lang.Integer][0m
  [34mUnused type args: [java.lang.Integer][0m
  [34mUnused type args: [java.lang.Integer][0m
  [34mUnused type args: [java.lang.Integer][0m
  [34mIgnoring implicit executable reference: (CtExecutableReferenceImpl) <init>[0m
  [34mUnused type args: [java.lang.Integer][0m
  [34mUnused type args: [?][0m
  [34mUnused type args: [java.lang.Integer][0m
  [34mUnused type args: [java.lang.Integer][0m
  [34mUnused type args: [org.apache.hc.client5.http.impl.cache.RequestProtocolError @ httpclient5-cache/src/main/java/org/apache/hc/client5/http/impl/cache/RequestProtocolCompliance.java:83:20][0m
  [34mIgnoring implicit executable reference: (CtExecutableReferenceImpl) <init>[0m
  [34mUnused type args: [org.apache.hc.client5.http.impl.cache.RequestProtocolError][0m
  [34mUnused type args: [org.apache.hc.client5.http.impl.cache.RequestProtocolError][0m
  [34mUnused type args: [org.apache.hc.client5.http.impl.cache.RequestProtocolError][0m
  [34mUnused type args: [org.apache.hc.client5.http.impl.cache.RequestProtocolError][0m
  [34mUnused type args: [org.apache.hc.client5.http.impl.cache.RequestProtocolError][0m
  [34mIgnoring implicit executable reference: (CtExecutableReferenceImpl) <init>[0m
  Pending package org.apache.hc.client5.http.impl.io
  Pending package org.apache.hc.client5.http.socket
  getting parent type for (CtClassImpl) InternalConnectionEndpoint @ httpclient5/src/main/java/org/apache/hc/client5/http/impl/io/PoolingHttpClientConnectionManager.java:483:11
  Pending package org.apache.hc.core5.http.impl
  [34mIgnoring anonymous type: (CtTypeReferenceImpl) org.apache.hc.client5.http.impl.sync.HttpClientBuilder$1[0m
  [34mIgnoring implicit executable reference: (CtExecutableReferenceImpl) <init>[0m
  [34mIgnoring anonymous type: (CtTypeReferenceImpl) org.apache.hc.client5.http.impl.sync.HttpClientBuilder$1[0m
  [34mIgnoring anonymous object declaration: (CtClassImpl) 1 @ httpclient5/src/main/java/org/apache/hc/client5/http/impl/sync/HttpClientBuilder.java:717:71[0m
  [34mIgnoring implicit executable reference: (CtExecutableReferenceImpl) <init>[0m
  [34mIgnoring implicit executable reference: (CtExecutableReferenceImpl) <init>[0m
  [34mIgnoring method of an anonymous declaring type: (CtMethodImpl) keepAlive @ httpclient5/src/main/java/org/apache/hc/client5/http/impl/sync/HttpClientBuilder.java:719:40 in (CtClassImpl) 1 @ httpclient5/src/main/java/org/apache/hc/client5/http/impl/sync/HttpClientBuilder.java:717:71[0m
  Pending package org.apache.hc.client5.http.impl.protocol
  [34mskipping default constructor: org.apache.hc.client5.http.impl.protocol.DefaultAuthenticationStrategy()[0m
  [34mUnused type args: [?][0m
  [34mUnused type args: [?][0m
  [34mUnused type args: [org.apache.hc.client5.http.sync.ExecChainHandler @ httpclient5/src/main/java/org/apache/hc/client5/http/impl/sync/HttpClientBuilder.java:762:33][0m
  [34mIgnoring implicit executable reference: (CtExecutableReferenceImpl) <init>[0m
  [34mUnused type args: [org.apache.hc.client5.http.sync.ExecChainHandler][0m
  [34mUnused type args: [org.apache.hc.client5.http.sync.ExecChainHandler][0m
  [34mUnused type args: [org.apache.hc.client5.http.sync.ExecChainHandler][0m
  [34mIgnoring implicit executable reference: (CtExecutableReferenceImpl) <init>[0m
  [34mskipping default constructor: org.apache.hc.client5.http.impl.sync.ChainElements()[0m
  [34mUnused type args: [org.apache.hc.client5.http.sync.ExecChainHandler][0m
  [34mUnused type args: [org.apache.hc.client5.http.sync.ExecChainHandler][0m
  [34mskipping default constructor: org.apache.hc.client5.http.impl.auth.AuthChallengeParser()[0m
  [34mIgnoring implicit executable reference: (CtExecutableReferenceImpl) <init>[0m
  [34mIgnoring implicit executable reference: (CtExecutableReferenceImpl) <init>[0m
  [34mIgnoring implicit executable reference: (CtExecutableReferenceImpl) <init>[0m
  [34mIgnoring implicit executable reference: (CtExecutableReferenceImpl) <init>[0m
  [34mUnused type args: [org.apache.hc.client5.http.impl.sync.HttpClientBuilder$RequestInterceptorEntry][0m
  [34mUnused type args: [org.apache.hc.client5.http.impl.sync.HttpClientBuilder$RequestInterceptorEntry][0m
  [34mUnused type args: [org.apache.hc.client5.http.impl.sync.HttpClientBuilder$ResponseInterceptorEntry][0m
  [34mUnused type args: [org.apache.hc.client5.http.impl.sync.HttpClientBuilder$ResponseInterceptorEntry][0m
  [34mIgnoring implicit executable reference: (CtExecutableReferenceImpl) <init>[0m
  [34mUnused type args: [?][0m
  [34mUnused type args: [?][0m
  [34mIgnoring implicit executable reference: (CtExecutableReferenceImpl) <init>[0m
  [34mIgnoring implicit executable reference: (CtExecutableReferenceImpl) <init>[0m
  [34mIgnoring implicit executable reference: (CtExecutableReferenceImpl) <init>[0m
  [34mIgnoring implicit executable reference: (CtExecutableReferenceImpl) <init>[0m
  [34mIgnoring implicit executable reference: (CtExecutableReferenceImpl) <init>[0m
  [34mIgnoring implicit executable reference: (CtExecutableReferenceImpl) <init>[0m
  [34mIgnoring implicit executable reference: (CtExecutableReferenceImpl) <init>[0m
  [34mIgnoring implicit executable reference: (CtExecutableReferenceImpl) <init>[0m
  [34mUnused type args: [org.apache.hc.client5.http.impl.sync.HttpClientBuilder$RequestInterceptorEntry][0m
  [34mUnused type args: [org.apache.hc.client5.http.impl.sync.HttpClientBuilder$RequestInterceptorEntry][0m
  [34mUnused type args: [org.apache.hc.client5.http.impl.sync.HttpClientBuilder$ResponseInterceptorEntry][0m
  [34mUnused type args: [org.apache.hc.client5.http.impl.sync.HttpClientBuilder$ResponseInterceptorEntry][0m
  [34mUnused type args: [org.apache.hc.client5.http.sync.ExecChainHandler][0m
  [34mUnused type args: [org.apache.hc.client5.http.sync.ExecChainHandler][0m
  [34mIgnoring implicit executable reference: (CtExecutableReferenceImpl) <init>[0m
  [34mUnused type args: [org.apache.hc.client5.http.sync.ExecChainHandler][0m
  [34mUnused type args: [org.apache.hc.client5.http.sync.ExecChainHandler][0m
  [34mIgnoring implicit executable reference: (CtExecutableReferenceImpl) <init>[0m
  Pending package org.apache.hc.client5.http.impl.routing
  [34mIgnoring implicit executable reference: (CtExecutableReferenceImpl) <init>[0m
  [34mIgnoring implicit executable reference: (CtExecutableReferenceImpl) <init>[0m
  [34mIgnoring implicit executable reference: (CtExecutableReferenceImpl) <init>[0m
  [34mUnused type args: [org.apache.hc.client5.http.sync.ExecChainHandler][0m
  [34mUnused type args: [org.apache.hc.client5.http.sync.ExecChainHandler][0m
  [34mIgnoring implicit executable reference: (CtExecutableReferenceImpl) <init>[0m
  [34mUnused type args: [org.apache.hc.client5.http.sync.ExecChainHandler][0m
  [34mUnused type args: [org.apache.hc.client5.http.sync.ExecChainHandler][0m
  [34mIgnoring implicit executable reference: (CtExecutableReferenceImpl) <init>[0m
  [34mUnused type args: [java.lang.String, org.apache.hc.client5.http.entity.InputStreamFactory][0m
  [34mUnused type args: [java.lang.String @ httpclient5/src/main/java/org/apache/hc/client5/http/impl/sync/HttpClientBuilder.java:871:28][0m
  [34mIgnoring implicit executable reference: (CtExecutableReferenceImpl) <init>[0m
  [34mUnused type args: [java.lang.String][0m
  [34mUnused type args: [?][0m
  [34mUnused type args: [java.lang.String, org.apache.hc.client5.http.entity.InputStreamFactory][0m
  [34mUnused type args: [java.lang.String][0m
  [34mUnused type args: [org.apache.hc.client5.http.entity.InputStreamFactory @ httpclient5/src/main/java/org/apache/hc/client5/http/impl/sync/HttpClientBuilder.java:872:39][0m
  [34mUnused type args: [org.apache.hc.client5.http.entity.InputStreamFactory][0m
  [34mUnused type args: [org.apache.hc.client5.http.entity.InputStreamFactory][0m
  [34mUnused type args: [java.lang.String @ httpclient5/src/main/java/org/apache/hc/client5/http/impl/sync/HttpClientBuilder.java:873:38, org.apache.hc.client5.http.entity.InputStreamFactory @ httpclient5/src/main/java/org/apache/hc/client5/http/impl/sync/HttpClientBuilder.java:873:46][0m
  [34mUnused type args: [java.lang.String, org.apache.hc.client5.http.entity.InputStreamFactory][0m
  [34mUnused type args: [java.util.Map$Entry][0m
  [34mUnused type args: [java.lang.String, org.apache.hc.client5.http.entity.InputStreamFactory][0m
  [34mUnused type args: [org.apache.hc.client5.http.entity.InputStreamFactory][0m
  [34mUnused type args: [org.apache.hc.client5.http.entity.InputStreamFactory][0m
  [34mUnused type args: [java.lang.String, org.apache.hc.client5.http.entity.InputStreamFactory][0m
  [34mUnused type args: [java.lang.String, org.apache.hc.client5.http.entity.InputStreamFactory][0m
  [34mUnused type args: [org.apache.hc.client5.http.entity.InputStreamFactory @ httpclient5/src/main/java/org/apache/hc/client5/http/impl/sync/HttpClientBuilder.java:876:32][0m
  [34mUnused type args: [org.apache.hc.client5.http.entity.InputStreamFactory][0m
  [34mUnused type args: [org.apache.hc.client5.http.entity.InputStreamFactory][0m
  [34mUnused type args: [org.apache.hc.client5.http.sync.ExecChainHandler][0m
  [34mUnused type args: [org.apache.hc.client5.http.sync.ExecChainHandler][0m
  [34mIgnoring implicit executable reference: (CtExecutableReferenceImpl) <init>[0m
  [34mUnused type args: [java.lang.String][0m
  [34mUnused type args: [org.apache.hc.client5.http.entity.InputStreamFactory][0m
  [34mUnused type args: [java.lang.String][0m
  [34mUnused type args: [org.apache.hc.client5.http.entity.InputStreamFactory][0m
  [34mUnused type args: [org.apache.hc.client5.http.sync.ExecChainHandler][0m
  [34mUnused type args: [org.apache.hc.client5.http.sync.ExecChainHandler][0m
  [34mIgnoring implicit executable reference: (CtExecutableReferenceImpl) <init>[0m
  [34mUnused type args: [org.apache.hc.client5.http.sync.ExecChainHandler][0m
  [34mUnused type args: [org.apache.hc.client5.http.sync.ExecChainHandler][0m
  [34mIgnoring implicit executable reference: (CtExecutableReferenceImpl) <init>[0m
  [34mUnused type args: [org.apache.hc.client5.http.impl.sync.HttpClientBuilder$ExecInterceptorEntry][0m
  [34mUnused type args: [org.apache.hc.client5.http.impl.sync.HttpClientBuilder$ExecInterceptorEntry][0m
  [34mUnused type args: [org.apache.hc.client5.http.sync.ExecChainHandler][0m
  [34mUnused type args: [org.apache.hc.client5.http.sync.ExecChainHandler][0m
  [34mUnused type args: [org.apache.hc.client5.http.sync.ExecChainHandler][0m
  [34mUnused type args: [org.apache.hc.client5.http.sync.ExecChainHandler][0m
  [34mUnused type args: [org.apache.hc.client5.http.sync.ExecChainHandler][0m
  [34mUnused type args: [org.apache.hc.client5.http.sync.ExecChainHandler][0m
  [34mUnused type args: [org.apache.hc.client5.http.sync.ExecChainHandler][0m
  [34mUnused type args: [org.apache.hc.client5.http.sync.ExecChainHandler][0m
  [34mUnused type args: [org.apache.hc.client5.http.sync.ExecChainHandler][0m
  [34mUnused type args: [org.apache.hc.client5.http.sync.ExecChainHandler][0m
  [34mUnused type args: [org.apache.hc.client5.http.sync.ExecChainHandler][0m
  [34mIgnoring implicit executable reference: (CtExecutableReferenceImpl) <init>[0m
  [34mUnused type args: [org.apache.hc.client5.http.sync.ExecChainHandler][0m
  [34mUnused type args: [org.apache.hc.client5.http.sync.ExecChainHandler][0m
  [34mUnused type args: [org.apache.hc.client5.http.sync.ExecChainHandler][0m
  [34mUnused type args: [org.apache.hc.client5.http.sync.ExecChainHandler][0m
  [34mUnused type args: [org.apache.hc.client5.http.sync.ExecChainHandler][0m
  [34mUnused type args: [org.apache.hc.client5.http.auth.AuthSchemeProvider @ httpclient5/src/main/java/org/apache/hc/client5/http/impl/sync/HttpClientBuilder.java:918:16][0m
  [34mUnused type args: [org.apache.hc.client5.http.auth.AuthSchemeProvider][0m
  [34mUnused type args: [org.apache.hc.client5.http.auth.AuthSchemeProvider][0m
  [34mUnused type args: [org.apache.hc.client5.http.auth.AuthSchemeProvider][0m
  [34mUnused type args: [org.apache.hc.client5.http.auth.AuthSchemeProvider][0m
  [34mUnused type args: [org.apache.hc.client5.http.auth.AuthSchemeProvider @ httpclient5/src/main/java/org/apache/hc/client5/http/impl/sync/HttpClientBuilder.java:920:55][0m
  [34mUnused type args: [org.apache.hc.client5.http.auth.AuthSchemeProvider][0m
  [34mUnused type args: [org.apache.hc.client5.http.auth.AuthSchemeProvider][0m
  [34mIgnoring implicit executable reference: (CtExecutableReferenceImpl) <init>[0m
  [34mUnused type args: [org.apache.hc.client5.http.auth.AuthSchemeProvider][0m
  [34mskipping default constructor: org.apache.hc.client5.http.impl.auth.DigestSchemeFactory()[0m
  [34mIgnoring implicit executable reference: (CtExecutableReferenceImpl) <init>[0m
  [34mUnused type args: [org.apache.hc.client5.http.auth.AuthSchemeProvider][0m
  [34mskipping default constructor: org.apache.hc.client5.http.impl.auth.CredSspSchemeFactory()[0m
  [34mIgnoring implicit executable reference: (CtExecutableReferenceImpl) <init>[0m
  [34mUnused type args: [org.apache.hc.client5.http.auth.AuthSchemeProvider][0m
  [34mskipping default constructor: org.apache.hc.client5.http.impl.auth.NTLMSchemeFactory()[0m
  [34mIgnoring implicit executable reference: (CtExecutableReferenceImpl) <init>[0m
  [34mUnused type args: [org.apache.hc.client5.http.auth.AuthSchemeProvider][0m
  [34mIgnoring implicit executable reference: (CtExecutableReferenceImpl) <init>[0m
  [34mUnused type args: [org.apache.hc.client5.http.auth.AuthSchemeProvider][0m
  [34mIgnoring implicit executable reference: (CtExecutableReferenceImpl) <init>[0m
  [34mUnused type args: [org.apache.hc.client5.http.auth.AuthSchemeProvider][0m
  [34mUnused type args: [org.apache.hc.client5.http.cookie.CookieSpecProvider @ httpclient5/src/main/java/org/apache/hc/client5/http/impl/sync/HttpClientBuilder.java:929:16][0m
  [34mUnused type args: [org.apache.hc.client5.http.cookie.CookieSpecProvider][0m
  [34mUnused type args: [org.apache.hc.client5.http.cookie.CookieSpecProvider][0m
  [34mUnused type args: [org.apache.hc.client5.http.cookie.CookieSpecProvider][0m
  [34mUnused type args: [org.apache.hc.client5.http.cookie.CookieSpecProvider][0m
  [34mUnused type args: [org.apache.hc.client5.http.cookie.CookieSpecProvider][0m
  [34mIgnoring implicit executable reference: (CtExecutableReferenceImpl) <init>[0m
  getting parent type for (CtEnumImpl) RequestorType
  [34mIgnoring implicit executable reference: (CtExecutableReferenceImpl) <init>[0m
  [34mIgnoring implicit executable reference: (CtExecutableReferenceImpl) <init>[0m
  [34mUnused type args: [java.io.Closeable @ httpclient5/src/main/java/org/apache/hc/client5/http/impl/sync/HttpClientBuilder.java:948:14][0m
  [34mUnused type args: [java.io.Closeable][0m
  [34mUnused type args: [java.io.Closeable][0m
  [34mIgnoring implicit executable reference: (CtExecutableReferenceImpl) <init>[0m
  [34mUnused type args: [java.io.Closeable][0m
  [34mUnused type args: [?][0m
  [34mUnused type args: [java.io.Closeable][0m
  [34mUnused type args: [java.io.Closeable][0m
  [34mUnused type args: [java.io.Closeable][0m
  [34mUnused type args: [java.io.Closeable][0m
  [34mIgnoring implicit executable reference: (CtExecutableReferenceImpl) <init>[0m
  [34mUnused type args: [java.io.Closeable][0m
  [34mIgnoring implicit executable reference: (CtExecutableReferenceImpl) <init>[0m
  [34mUnused type args: [?][0m
  [34mUnused type args: [? @ httpclient5/src/main/java/org/apache/hc/client5/http/impl/sync/HttpClientBuilder.java:955:112][0m
  [34mUnused type args: [java.io.Closeable][0m
  [34mIgnoring anonymous type: (CtTypeReferenceImpl) org.apache.hc.client5.http.impl.sync.HttpClientBuilder$2[0m
  [34mIgnoring implicit executable reference: (CtExecutableReferenceImpl) <init>[0m
  [34mIgnoring anonymous type: (CtTypeReferenceImpl) org.apache.hc.client5.http.impl.sync.HttpClientBuilder$2[0m
  [34mIgnoring anonymous object declaration: (CtClassImpl) 2 @ httpclient5/src/main/java/org/apache/hc/client5/http/impl/sync/HttpClientBuilder.java:957:56[0m
  [34mIgnoring implicit executable reference: (CtExecutableReferenceImpl) <init>[0m
  [34mIgnoring implicit executable reference: (CtExecutableReferenceImpl) <init>[0m
  [34mIgnoring method of an anonymous declaring type: (CtMethodImpl) close @ httpclient5/src/main/java/org/apache/hc/client5/http/impl/sync/HttpClientBuilder.java:960:37 in (CtClassImpl) 2 @ httpclient5/src/main/java/org/apache/hc/client5/http/impl/sync/HttpClientBuilder.java:957:56[0m
  [34mUnused type args: [java.io.Closeable][0m
  [34mIgnoring implicit executable reference: (CtExecutableReferenceImpl) <init>[0m
  [34mUnused type args: [org.apache.hc.client5.http.cookie.CookieSpecProvider][0m
  [34mUnused type args: [org.apache.hc.client5.http.auth.AuthSchemeProvider][0m
  [34mUnused type args: [java.io.Closeable][0m
  [34mUnused type args: [org.apache.hc.client5.http.cookie.CookieSpecProvider][0m
  [34mUnused type args: [org.apache.hc.client5.http.auth.AuthSchemeProvider][0m
  [34mUnused type args: [java.io.Closeable][0m
  [34mUnused type args: [java.lang.String @ httpclient5-cache/src/main/java/org/apache/hc/client5/http/impl/cache/CachingExec.java:366:13, org.apache.hc.client5.http.impl.cache.Variant @ httpclient5-cache/src/main/java/org/apache/hc/client5/http/impl/cache/CachingExec.java:366:20][0m
  [34mUnused type args: [java.lang.String, org.apache.hc.client5.http.impl.cache.Variant][0m
  [34mUnused type args: [java.lang.String, org.apache.hc.client5.http.impl.cache.Variant][0m
  [34mUnused type args: [java.lang.String, org.apache.hc.client5.http.impl.cache.Variant][0m
  [34mUnused type args: [java.lang.String, org.apache.hc.client5.http.impl.cache.Variant][0m
  [34mUnused type args: [org.apache.hc.core5.http.HeaderElement @ httpclient5-cache/src/main/java/org/apache/hc/client5/http/impl/cache/ConditionalRequestBuilder.java:73:24][0m
  [34mUnused type args: [org.apache.hc.core5.http.HeaderElement][0m
  [34mUnused type args: [org.apache.hc.core5.http.HeaderElement][0m
  [34mUnused type args: [org.apache.hc.core5.http.HeaderElement][0m
  [34mIgnoring implicit executable reference: (CtExecutableReferenceImpl) <init>[0m
  [34mUnused type args: [org.apache.hc.core5.http.Header @ httpclient5-cache/src/main/java/org/apache/hc/client5/http/cache/HttpCacheEntry.java:172:29][0m
  [34mUnused type args: [org.apache.hc.core5.http.Header][0m
  [34mUnused type args: [org.apache.hc.core5.http.Header][0m
  [34mUnused type args: [org.apache.hc.core5.http.Header][0m
  [34mUnused type args: [org.apache.hc.core5.http.HttpResponseInterceptor][0m
  [34mUnused type args: [org.apache.hc.client5.http.impl.sync.HttpClientBuilder$ResponseInterceptorEntry][0m
  [34mUnused type args: [org.apache.hc.client5.http.impl.sync.HttpClientBuilder$ResponseInterceptorEntry][0m
  [34mUnused type args: [org.apache.hc.client5.http.impl.sync.HttpClientBuilder$ResponseInterceptorEntry][0m
  [34mIgnoring implicit executable reference: (CtExecutableReferenceImpl) <init>[0m
  [34mUnused type args: [org.apache.hc.client5.http.impl.sync.HttpClientBuilder$ResponseInterceptorEntry][0m
  [34mUnused type args: [org.apache.hc.client5.http.impl.sync.HttpClientBuilder$ResponseInterceptorEntry][0m
  [34mIgnoring implicit executable reference: (CtExecutableReferenceImpl) <init>[0m
  [34mIgnoring implicit executable reference: (CtExecutableReferenceImpl) <init>[0m
  [34mIgnoring implicit executable reference: (CtExecutableReferenceImpl) <init>[0m
  [34mIgnoring implicit executable reference: (CtExecutableReferenceImpl) <init>[0m
  [34mUnused type args: [org.apache.hc.core5.http.HeaderElement @ httpclient5-cache/src/main/java/org/apache/hc/client5/http/impl/cache/CacheValidityPolicy.java:131:24][0m
  [34mUnused type args: [org.apache.hc.core5.http.HeaderElement][0m
  [34mUnused type args: [org.apache.hc.core5.http.HeaderElement][0m
  [34mUnused type args: [org.apache.hc.core5.http.HeaderElement][0m
  [34mIgnoring implicit executable reference: (CtExecutableReferenceImpl) <init>[0m
  [34mUnused type args: [org.apache.hc.core5.http.HeaderElement @ httpclient5-cache/src/main/java/org/apache/hc/client5/http/impl/cache/CachedResponseSuitabilityChecker.java:108:24][0m
  [34mUnused type args: [org.apache.hc.core5.http.HeaderElement][0m
  [34mUnused type args: [org.apache.hc.core5.http.HeaderElement][0m
  [34mUnused type args: [org.apache.hc.core5.http.HeaderElement][0m
  [34mIgnoring implicit executable reference: (CtExecutableReferenceImpl) <init>[0m
  [34mUnused type args: [org.apache.hc.core5.http.Header @ httpclient5-cache/src/main/java/org/apache/hc/client5/http/impl/cache/ResponseProtocolCompliance.java:145:20][0m
  [34mIgnoring implicit executable reference: (CtExecutableReferenceImpl) <init>[0m
  [34mUnused type args: [org.apache.hc.core5.http.Header][0m
  [34mIgnoring implicit executable reference: (CtExecutableReferenceImpl) <init>[0m
  [34mUnused type args: [org.apache.hc.core5.http.Header][0m
  [34mIgnoring implicit executable reference: (CtExecutableReferenceImpl) <init>[0m
  [34mUnused type args: [org.apache.hc.core5.http.Header][0m
  [34mIgnoring implicit executable reference: (CtExecutableReferenceImpl) <init>[0m
  [34mUnused type args: [org.apache.hc.core5.http.Header][0m
  [34mIgnoring anonymous type: (CtTypeReferenceImpl) org.apache.hc.client5.http.impl.cache.RequestProtocolCompliance$1[0m
  [34mIgnoring implicit executable reference: (CtExecutableReferenceImpl) <init>[0m
  [34mIgnoring anonymous type: (CtTypeReferenceImpl) org.apache.hc.client5.http.impl.cache.RequestProtocolCompliance$1[0m
  [34mIgnoring anonymous object declaration: (CtClassImpl) 1 @ httpclient5-cache/src/main/java/org/apache/hc/client5/http/impl/cache/RequestProtocolCompliance.java:194:83[0m
  [34mIgnoring implicit executable reference: (CtExecutableReferenceImpl) <init>[0m
  [34mIgnoring implicit executable reference: (CtExecutableReferenceImpl) <init>[0m
  [34mIgnoring method of an anonymous declaring type: (CtMethodImpl) getContentType @ httpclient5-cache/src/main/java/org/apache/hc/client5/http/impl/cache/RequestProtocolCompliance.java:197:31 in (CtClassImpl) 1 @ httpclient5-cache/src/main/java/org/apache/hc/client5/http/impl/cache/RequestProtocolCompliance.java:194:83[0m
  [34mIgnoring implicit executable reference: (CtExecutableReferenceImpl) <init>[0m
  [34mIgnoring implicit executable reference: (CtExecutableReferenceImpl) <init>[0m
  [34mUnused type args: [java.lang.String][0m
  [34mUnused type args: [java.lang.String][0m
  [34mUnused type args: [org.apache.hc.client5.http.sync.ExecChainHandler][0m
  [34mUnused type args: [org.apache.hc.client5.http.impl.sync.HttpClientBuilder$ExecInterceptorEntry][0m
  [34mUnused type args: [org.apache.hc.client5.http.impl.sync.HttpClientBuilder$ExecInterceptorEntry][0m
  [34mUnused type args: [org.apache.hc.client5.http.impl.sync.HttpClientBuilder$ExecInterceptorEntry][0m
  [34mIgnoring implicit executable reference: (CtExecutableReferenceImpl) <init>[0m
  [34mUnused type args: [org.apache.hc.client5.http.impl.sync.HttpClientBuilder$ExecInterceptorEntry][0m
  [34mUnused type args: [org.apache.hc.client5.http.impl.sync.HttpClientBuilder$ExecInterceptorEntry][0m
  [34mIgnoring implicit executable reference: (CtExecutableReferenceImpl) <init>[0m
  [34mskipping default constructor: org.apache.hc.client5.http.impl.cache.HeapResourceFactory()[0m
  [34mIgnoring implicit executable reference: (CtExecutableReferenceImpl) <init>[0m
  [34mIgnoring implicit executable reference: (CtExecutableReferenceImpl) <init>[0m
  getting parent type for (CtClassImpl) Entry
  getting parent type for (CtClassImpl) Node
  getting parent type for (CtClassImpl) TreeNode
  [34mIgnoring implicit executable reference: (CtExecutableReferenceImpl) <init>[0m
  [34mIgnoring implicit executable reference: (CtExecutableReferenceImpl) <init>[0m
  [34mIgnoring anonymous type: (CtTypeReferenceImpl) org.apache.hc.client5.http.impl.cache.CachingHttpClientBuilder$1[0m
  [34mIgnoring implicit executable reference: (CtExecutableReferenceImpl) <init>[0m
  [34mIgnoring anonymous type: (CtTypeReferenceImpl) org.apache.hc.client5.http.impl.cache.CachingHttpClientBuilder$1[0m
  [34mIgnoring anonymous object declaration: (CtClassImpl) 1 @ httpclient5-cache/src/main/java/org/apache/hc/client5/http/impl/cache/CachingHttpClientBuilder.java:126:50[0m
  [34mIgnoring implicit executable reference: (CtExecutableReferenceImpl) <init>[0m
  [34mIgnoring implicit executable reference: (CtExecutableReferenceImpl) <init>[0m
  [34mIgnoring method of an anonymous declaring type: (CtMethodImpl) close @ httpclient5-cache/src/main/java/org/apache/hc/client5/http/impl/cache/CachingHttpClientBuilder.java:129:37 in (CtClassImpl) 1 @ httpclient5-cache/src/main/java/org/apache/hc/client5/http/impl/cache/CachingHttpClientBuilder.java:126:50[0m
  [34mIgnoring implicit executable reference: (CtExecutableReferenceImpl) <init>[0m
  [34mIgnoring implicit executable reference: (CtExecutableReferenceImpl) <init>[0m
  [34mIgnoring implicit executable reference: (CtExecutableReferenceImpl) <init>[0m
  [34mIgnoring implicit executable reference: (CtExecutableReferenceImpl) <init>[0m
  [34mIgnoring implicit executable reference: (CtExecutableReferenceImpl) <init>[0m
  [34mIgnoring implicit executable reference: (CtExecutableReferenceImpl) <init>[0m
  [34mUnused type args: [org.apache.hc.client5.http.sync.ExecChainHandler][0m
  [34mUnused type args: [org.apache.hc.client5.http.sync.ExecChainHandler][0m
  [34mIgnoring implicit executable reference: (CtExecutableReferenceImpl) <init>[0m
  [34mIgnoring implicit executable reference: (CtExecutableReferenceImpl) <init>[0m
  [34mUnused type args: [java.lang.String, org.apache.hc.client5.http.entity.InputStreamFactory][0m
  [34mUnused type args: [java.lang.String, org.apache.hc.client5.http.entity.InputStreamFactory][0m
  [34mUnused type args: [java.lang.String, org.apache.hc.client5.http.entity.InputStreamFactory][0m
  [34mIgnoring implicit executable reference: (CtExecutableReferenceImpl) <init>[0m
  [34mIgnoring implicit executable reference: (CtExecutableReferenceImpl) <init>[0m
  [34mUnused type args: [org.apache.hc.client5.http.HttpRoute][0m
  [34mUnused type args: [org.apache.hc.core5.http.ClassicHttpRequest][0m
  [34mUnused type args: [org.apache.hc.client5.http.sync.ExecRuntime][0m
  [34mUnused type args: [org.apache.hc.core5.http.HeaderElement @ httpclient5-cache/src/main/java/org/apache/hc/client5/http/impl/cache/CacheValidityPolicy.java:290:24][0m
  [34mUnused type args: [org.apache.hc.core5.http.HeaderElement][0m
  [34mUnused type args: [org.apache.hc.core5.http.HeaderElement][0m
  [34mUnused type args: [org.apache.hc.core5.http.HeaderElement][0m
  [34mUnused type args: [org.apache.hc.client5.http.impl.cache.CacheConfig][0m
  [34mIgnoring implicit executable reference: (CtExecutableReferenceImpl) <init>[0m
  [34mIgnoring implicit executable reference: (CtExecutableReferenceImpl) <init>[0m
  [34mIgnoring implicit executable reference: (CtExecutableReferenceImpl) <init>[0m
  [34mIgnoring implicit executable reference: (CtExecutableReferenceImpl) <init>[0m
  [34mIgnoring implicit executable reference: (CtExecutableReferenceImpl) <init>[0m
  [34mUnused type args: [org.apache.hc.core5.http.HeaderElement @ httpclient5-cache/src/main/java/org/apache/hc/client5/http/impl/cache/RequestProtocolCompliance.java:361:24][0m
  [34mUnused type args: [org.apache.hc.core5.http.HeaderElement][0m
  [34mUnused type args: [org.apache.hc.core5.http.HeaderElement][0m
  [34mUnused type args: [org.apache.hc.core5.http.HeaderElement][0m
  [34mUnused type args: [org.apache.hc.client5.http.impl.cache.RequestProtocolError @ httpclient5-cache/src/main/java/org/apache/hc/client5/http/impl/cache/CachingExec.java:354:20][0m
  [34mUnused type args: [org.apache.hc.client5.http.impl.cache.RequestProtocolError][0m
  [34mUnused type args: [org.apache.hc.client5.http.impl.cache.RequestProtocolError][0m
  [34mIgnoring implicit executable reference: (CtExecutableReferenceImpl) <init>[0m
  [34mIgnoring implicit executable reference: (CtExecutableReferenceImpl) <init>[0m
  [34mUnused type args: [org.apache.hc.core5.http.HttpResponseInterceptor][0m
  [34mUnused type args: [org.apache.hc.client5.http.impl.sync.HttpClientBuilder$ResponseInterceptorEntry][0m
  [34mUnused type args: [org.apache.hc.client5.http.impl.sync.HttpClientBuilder$ResponseInterceptorEntry][0m
  [34mUnused type args: [org.apache.hc.client5.http.impl.sync.HttpClientBuilder$ResponseInterceptorEntry][0m
  [34mIgnoring implicit executable reference: (CtExecutableReferenceImpl) <init>[0m
  [34mUnused type args: [org.apache.hc.client5.http.impl.sync.HttpClientBuilder$ResponseInterceptorEntry][0m
  [34mUnused type args: [org.apache.hc.client5.http.impl.sync.HttpClientBuilder$ResponseInterceptorEntry][0m
  [34mIgnoring implicit executable reference: (CtExecutableReferenceImpl) <init>[0m
  [34mUnused type args: [java.lang.String][0m
  [34mUnused type args: [java.lang.String][0m
  [34mUnused type args: [org.apache.hc.client5.http.sync.ExecChainHandler][0m
  [34mUnused type args: [org.apache.hc.client5.http.impl.sync.HttpClientBuilder$ExecInterceptorEntry][0m
  [34mUnused type args: [org.apache.hc.client5.http.impl.sync.HttpClientBuilder$ExecInterceptorEntry][0m
  [34mUnused type args: [org.apache.hc.client5.http.impl.sync.HttpClientBuilder$ExecInterceptorEntry][0m
  [34mIgnoring implicit executable reference: (CtExecutableReferenceImpl) <init>[0m
  [34mUnused type args: [org.apache.hc.client5.http.impl.sync.HttpClientBuilder$ExecInterceptorEntry][0m
  [34mUnused type args: [org.apache.hc.client5.http.impl.sync.HttpClientBuilder$ExecInterceptorEntry][0m
  [34mIgnoring implicit executable reference: (CtExecutableReferenceImpl) <init>[0m
  [34mUnused type args: [org.apache.hc.core5.http.HeaderElement @ httpclient5-cache/src/main/java/org/apache/hc/client5/http/impl/cache/RequestProtocolCompliance.java:130:20][0m
  [34mIgnoring implicit executable reference: (CtExecutableReferenceImpl) <init>[0m
  [34mUnused type args: [org.apache.hc.core5.http.HeaderElement][0m
  [34mUnused type args: [org.apache.hc.core5.http.HeaderElement @ httpclient5-cache/src/main/java/org/apache/hc/client5/http/impl/cache/RequestProtocolCompliance.java:132:24][0m
  [34mUnused type args: [org.apache.hc.core5.http.HeaderElement][0m
  [34mUnused type args: [org.apache.hc.core5.http.HeaderElement][0m
  [34mUnused type args: [org.apache.hc.core5.http.HeaderElement][0m
  [34mUnused type args: [java.lang.String][0m
  [34mUnused type args: [org.apache.hc.core5.http.HeaderElement][0m
  [34mUnused type args: [org.apache.hc.core5.http.HeaderElement][0m
  [34mUnused type args: [org.apache.hc.core5.http.HeaderElement][0m
  [34mUnused type args: [org.apache.hc.core5.http.HeaderElement @ httpclient5-cache/src/main/java/org/apache/hc/client5/http/impl/cache/ResponseCachingPolicy.java:196:24][0m
  [34mUnused type args: [org.apache.hc.core5.http.HeaderElement][0m
  [34mUnused type args: [org.apache.hc.core5.http.HeaderElement][0m
  [34mUnused type args: [org.apache.hc.core5.http.HeaderElement][0m
  [34mIgnoring implicit executable reference: (CtExecutableReferenceImpl) <init>[0m
  [34mIgnoring implicit executable reference: (CtExecutableReferenceImpl) <init>[0m
  [34mIgnoring implicit executable reference: (CtExecutableReferenceImpl) <init>[0m
  [34mIgnoring implicit executable reference: (CtExecutableReferenceImpl) <init>[0m
  [34mIgnoring implicit executable reference: (CtExecutableReferenceImpl) <init>[0m
  [34mIgnoring implicit executable reference: (CtExecutableReferenceImpl) <init>[0m
  [34mUnused type args: [java.lang.String @ httpclient5-cache/src/main/java/org/apache/hc/client5/http/impl/cache/CacheKeyGenerator.java:153:20][0m
  [34mIgnoring implicit executable reference: (CtExecutableReferenceImpl) <init>[0m
  [34mUnused type args: [java.lang.String][0m
  [34mUnused type args: [org.apache.hc.core5.http.HeaderElement @ httpclient5-cache/src/main/java/org/apache/hc/client5/http/impl/cache/CacheKeyGenerator.java:154:24][0m
  [34mUnused type args: [org.apache.hc.core5.http.HeaderElement][0m
  [34mUnused type args: [org.apache.hc.core5.http.HeaderElement][0m
  [34mUnused type args: [org.apache.hc.core5.http.HeaderElement][0m
  [34mUnused type args: [java.lang.String][0m
  [34mUnused type args: [java.lang.String][0m
  [34mUnused type args: [T][0m
  [34mUnused type args: [java.lang.String][0m
  [34mIgnoring implicit executable reference: (CtExecutableReferenceImpl) <init>[0m
  [34mUnused type args: [java.lang.String][0m
  [34mIgnoring implicit executable reference: (CtExecutableReferenceImpl) <init>[0m
  [34mUnused type args: [org.apache.hc.core5.http.HeaderElement @ httpclient5-cache/src/main/java/org/apache/hc/client5/http/impl/cache/ResponseCachingPolicy.java:209:24][0m
  [34mUnused type args: [org.apache.hc.core5.http.HeaderElement][0m
  [34mUnused type args: [org.apache.hc.core5.http.HeaderElement][0m
  [34mUnused type args: [org.apache.hc.core5.http.HeaderElement][0m
  [34mIgnoring implicit executable reference: (CtExecutableReferenceImpl) <init>[0m
  [34mIgnoring implicit executable reference: (CtExecutableReferenceImpl) <init>[0m
  [34mIgnoring implicit executable reference: (CtExecutableReferenceImpl) <init>[0m
  [34mIgnoring implicit executable reference: (CtExecutableReferenceImpl) <init>[0m
  [34mIgnoring implicit executable reference: (CtExecutableReferenceImpl) <init>[0m
  [34mIgnoring implicit executable reference: (CtExecutableReferenceImpl) <init>[0m
  [34mIgnoring implicit executable reference: (CtExecutableReferenceImpl) <init>[0m
  [34mIgnoring implicit executable reference: (CtExecutableReferenceImpl) <init>[0m
  [34mIgnoring implicit executable reference: (CtExecutableReferenceImpl) <init>[0m
  [34mIgnoring implicit executable reference: (CtExecutableReferenceImpl) <init>[0m
  [34mIgnoring implicit executable reference: (CtExecutableReferenceImpl) <init>[0m
  [34mIgnoring implicit executable reference: (CtExecutableReferenceImpl) <init>[0m
  [34mUnused type args: [java.lang.String][0m
  [34mUnused type args: [org.apache.hc.client5.http.sync.ExecChainHandler][0m
  [34mUnused type args: [org.apache.hc.client5.http.impl.sync.HttpClientBuilder$ExecInterceptorEntry][0m
  [34mUnused type args: [org.apache.hc.client5.http.impl.sync.HttpClientBuilder$ExecInterceptorEntry][0m
  [34mUnused type args: [org.apache.hc.client5.http.impl.sync.HttpClientBuilder$ExecInterceptorEntry][0m
  [34mIgnoring implicit executable reference: (CtExecutableReferenceImpl) <init>[0m
  [34mUnused type args: [org.apache.hc.client5.http.impl.sync.HttpClientBuilder$ExecInterceptorEntry][0m
  [34mUnused type args: [org.apache.hc.client5.http.impl.sync.HttpClientBuilder$ExecInterceptorEntry][0m
  [34mIgnoring implicit executable reference: (CtExecutableReferenceImpl) <init>[0m
  [34mUnused type args: [org.apache.hc.client5.http.cookie.CookieSpecProvider][0m
  [34mUnused type args: [org.apache.hc.client5.http.cookie.CookieSpecProvider][0m
  [34mUnused type args: [org.apache.hc.client5.http.cookie.CookieSpecProvider][0m
  [34mIgnoring implicit executable reference: (CtExecutableReferenceImpl) <init>[0m
  [34mIgnoring implicit executable reference: (CtExecutableReferenceImpl) <init>[0m
  [34mIgnoring implicit executable reference: (CtExecutableReferenceImpl) <init>[0m
  [34mUnused type args: [java.lang.String][0m
  [34mIgnoring implicit executable reference: (CtExecutableReferenceImpl) <init>[0m
  [34mIgnoring implicit executable reference: (CtExecutableReferenceImpl) <init>[0m
  [34mUnused type args: [java.lang.String, java.lang.String][0m
  [34mIgnoring implicit executable reference: (CtExecutableReferenceImpl) <init>[0m
  [34mUnused type args: [java.lang.String @ httpclient5-cache/src/main/java/org/apache/hc/client5/http/cache/HttpCacheEntry.java:127:88, java.lang.String @ httpclient5-cache/src/main/java/org/apache/hc/client5/http/cache/HttpCacheEntry.java:127:95][0m
  [34mUnused type args: [org.apache.hc.core5.http.HeaderElement @ httpclient5-cache/src/main/java/org/apache/hc/client5/http/impl/cache/CachingExec.java:461:24][0m
  [34mUnused type args: [org.apache.hc.core5.http.HeaderElement][0m
  [34mUnused type args: [org.apache.hc.core5.http.HeaderElement][0m
  [34mUnused type args: [org.apache.hc.core5.http.HeaderElement][0m
  [34mUnused type args: [org.apache.hc.client5.http.HttpRoute @ httpclient5/src/main/java/org/apache/hc/client5/http/impl/io/PoolingHttpClientConnectionManager.java:493:29, org.apache.hc.client5.http.io.ManagedHttpClientConnection @ httpclient5/src/main/java/org/apache/hc/client5/http/impl/io/PoolingHttpClientConnectionManager.java:493:40][0m
  [34mUnused type args: [org.apache.hc.core5.pool.PoolEntry][0m
  [34mUnused type args: [org.apache.hc.client5.http.HttpRoute, org.apache.hc.client5.http.io.ManagedHttpClientConnection][0m
  [34mUnused type args: [org.apache.hc.client5.http.HttpRoute, org.apache.hc.client5.http.io.ManagedHttpClientConnection][0m
  [34mUnused type args: [org.apache.hc.client5.http.HttpRoute, org.apache.hc.client5.http.io.ManagedHttpClientConnection][0m
  [34mIgnoring implicit executable reference: (CtExecutableReferenceImpl) <init>[0m
  [34mUnused type args: [org.apache.hc.client5.http.HttpRoute, org.apache.hc.client5.http.io.ManagedHttpClientConnection][0m
  [34mUnused type args: [org.apache.hc.client5.http.cookie.CookieSpecProvider][0m
  [34mUnused type args: [java.lang.String][0m
  [34mUnused type args: [org.apache.hc.client5.http.cache.HttpCacheEntry][0m
  [34mUnused type args: [org.apache.hc.client5.http.io.ConnectionEndpoint][0m
  [34mUnused type args: [org.apache.hc.client5.http.HttpRoute @ httpclient5/src/main/java/org/apache/hc/client5/http/impl/io/PoolingHttpClientConnectionManager.java:353:25, org.apache.hc.client5.http.io.ManagedHttpClientConnection @ httpclient5/src/main/java/org/apache/hc/client5/http/impl/io/PoolingHttpClientConnectionManager.java:353:36][0m
  [34mUnused type args: [org.apache.hc.client5.http.HttpRoute, org.apache.hc.client5.http.io.ManagedHttpClientConnection][0m
  [34mUnused type args: [org.apache.hc.client5.http.HttpRoute, org.apache.hc.client5.http.io.ManagedHttpClientConnection][0m
  [34mUnused type args: [org.apache.hc.client5.http.HttpRoute, org.apache.hc.client5.http.io.ManagedHttpClientConnection][0m
  [34mUnused type args: [org.apache.hc.client5.http.io.ManagedHttpClientConnection][0m
  [34mUnused type args: [org.apache.hc.client5.http.HttpRoute, org.apache.hc.client5.http.io.ManagedHttpClientConnection][0m
  [34mUnused type args: [org.apache.hc.client5.http.HttpRoute, org.apache.hc.client5.http.io.ManagedHttpClientConnection][0m
  [34mUnused type args: [org.apache.hc.core5.http.HttpRequest][0m
  [34mUnused type args: [java.io.IOException][0m
  [34mUnused type args: [java.lang.Class][0m
  [34mUnused type args: [?][0m
  [34mUnused type args: [?][0m
  [34mUnused type args: [? @ httpclient5/src/main/java/org/apache/hc/client5/http/impl/sync/DefaultHttpRequestRetryHandler.java:150:30][0m
  [34mUnused type args: [java.lang.Class][0m
  [34mUnused type args: [?][0m
  [34mUnused type args: [?][0m
  [34mIgnoring implicit executable reference: (CtExecutableReferenceImpl) <init>[0m
  [34mIgnoring implicit executable reference: (CtExecutableReferenceImpl) <init>[0m
  [34mIgnoring implicit executable reference: (CtExecutableReferenceImpl) <init>[0m
  [34mIgnoring anonymous type: (CtTypeReferenceImpl) org.apache.hc.client5.http.impl.sync.ExecChainElement$1[0m
  [34mIgnoring implicit executable reference: (CtExecutableReferenceImpl) <init>[0m
  [34mIgnoring anonymous type: (CtTypeReferenceImpl) org.apache.hc.client5.http.impl.sync.ExecChainElement$1[0m
  [34mIgnoring anonymous object declaration: (CtClassImpl) 1 @ httpclient5/src/main/java/org/apache/hc/client5/http/impl/sync/ExecChainElement.java:51:64[0m
  [34mIgnoring implicit executable reference: (CtExecutableReferenceImpl) <init>[0m
  [34mIgnoring implicit executable reference: (CtExecutableReferenceImpl) <init>[0m
  [34mIgnoring method of an anonymous declaring type: (CtMethodImpl) proceed @ httpclient5/src/main/java/org/apache/hc/client5/http/impl/sync/ExecChainElement.java:54:40 in (CtClassImpl) 1 @ httpclient5/src/main/java/org/apache/hc/client5/http/impl/sync/ExecChainElement.java:51:64[0m
  [34mIgnoring implicit executable reference: (CtExecutableReferenceImpl) <init>[0m
  [34mIgnoring implicit executable reference: (CtExecutableReferenceImpl) <init>[0m
  [34mUnused type args: [org.apache.hc.client5.http.io.ManagedHttpClientConnection][0m
  [34mUnused type args: [org.apache.hc.client5.http.HttpRoute][0m
  [34mIgnoring implicit executable reference: (CtExecutableReferenceImpl) <init>[0m
  [34mUnused type args: [org.apache.hc.client5.http.socket.ConnectionSocketFactory][0m
  [34mUnused type args: [org.apache.hc.client5.http.socket.ConnectionSocketFactory][0m
  [34mUnused type args: [org.apache.hc.client5.http.io.ManagedHttpClientConnection][0m
  [34mUnused type args: [org.apache.hc.client5.http.HttpRoute][0m
  [34mIgnoring implicit executable reference: (CtExecutableReferenceImpl) <init>[0m
  [34mIgnoring implicit executable reference: (CtExecutableReferenceImpl) <init>[0m
  [34mIgnoring implicit executable reference: (CtExecutableReferenceImpl) <init>[0m
  [34mIgnoring implicit executable reference: (CtExecutableReferenceImpl) <init>[0m
  [34mUnused type args: [org.apache.hc.core5.http.protocol.HttpProcessor][0m
  [34mUnused type args: [org.apache.hc.client5.http.protocol.AuthenticationStrategy][0m
  [34mUnused type args: [org.apache.hc.client5.http.protocol.AuthenticationStrategy][0m
  [34mIgnoring implicit executable reference: (CtExecutableReferenceImpl) <init>[0m
  [34mUnused type args: [java.lang.String @ httpclient5-cache/src/main/java/org/apache/hc/client5/http/impl/cache/DefaultFailureCache.java:137:30, org.apache.hc.client5.http.impl.cache.FailureCacheValue @ httpclient5-cache/src/main/java/org/apache/hc/client5/http/impl/cache/DefaultFailureCache.java:137:38][0m
  [34mUnused type args: [java.lang.String, org.apache.hc.client5.http.impl.cache.FailureCacheValue][0m
  [34mUnused type args: [java.util.Map$Entry][0m
  [34mUnused type args: [java.lang.String, org.apache.hc.client5.http.impl.cache.FailureCacheValue][0m
  [34mUnused type args: [java.lang.String, org.apache.hc.client5.http.impl.cache.FailureCacheValue][0m
  [34mUnused type args: [java.lang.String, org.apache.hc.client5.http.impl.cache.FailureCacheValue][0m
  [34mIgnoring implicit executable reference: (CtExecutableReferenceImpl) <init>[0m
  [34mIgnoring implicit executable reference: (CtExecutableReferenceImpl) <init>[0m
  [34mUnused type args: [org.apache.hc.client5.http.socket.ConnectionSocketFactory][0m
  [34mUnused type args: [org.apache.hc.client5.http.io.ManagedHttpClientConnection][0m
  [34mUnused type args: [org.apache.hc.client5.http.socket.ConnectionSocketFactory][0m
  [34mIgnoring implicit executable reference: (CtExecutableReferenceImpl) <init>[0m
  [34mIgnoring implicit executable reference: (CtExecutableReferenceImpl) <init>[0m
  [34mUnused type args: [org.apache.hc.core5.http.ClassicHttpRequest][0m
  [34mUnused type args: [org.apache.hc.client5.http.sync.ExecChain$Scope][0m
  [34mIgnoring implicit executable reference: (CtExecutableReferenceImpl) <init>[0m
  [34mIgnoring implicit executable reference: (CtExecutableReferenceImpl) <init>[0m
  [34mIgnoring implicit executable reference: (CtExecutableReferenceImpl) <init>[0m
  [34mUnused type args: [org.apache.hc.core5.http.Header @ httpclient5/src/main/java/org/apache/hc/client5/http/impl/sync/ProtocolExec.java:203:41][0m
  [34mUnused type args: [org.apache.hc.core5.http.Header][0m
  [34mUnused type args: [org.apache.hc.core5.http.Header][0m
  [34mUnused type args: [org.apache.hc.core5.http.Header][0m
  [34mIgnoring implicit executable reference: (CtExecutableReferenceImpl) <init>[0m
  [34mIgnoring implicit executable reference: (CtExecutableReferenceImpl) <init>[0m
  [34mIgnoring implicit executable reference: (CtExecutableReferenceImpl) <init>[0m
  [34mIgnoring anonymous type: (CtTypeReferenceImpl) org.apache.hc.client5.http.impl.cache.BasicHttpCache$2[0m
  [34mIgnoring implicit executable reference: (CtExecutableReferenceImpl) <init>[0m
  [34mIgnoring anonymous type: (CtTypeReferenceImpl) org.apache.hc.client5.http.impl.cache.BasicHttpCache$2[0m
  [34mIgnoring anonymous object declaration: (CtClassImpl) 2 @ httpclient5-cache/src/main/java/org/apache/hc/client5/http/impl/cache/BasicHttpCache.java:178:80[0m
  [34mIgnoring implicit executable reference: (CtExecutableReferenceImpl) <init>[0m
  [34mIgnoring implicit executable reference: (CtExecutableReferenceImpl) <init>[0m
  [34mIgnoring method of an anonymous declaring type: (CtMethodImpl) update @ httpclient5-cache/src/main/java/org/apache/hc/client5/http/impl/cache/BasicHttpCache.java:180:35 in (CtClassImpl) 2 @ httpclient5-cache/src/main/java/org/apache/hc/client5/http/impl/cache/BasicHttpCache.java:178:80[0m
  [34mIgnoring implicit executable reference: (CtExecutableReferenceImpl) <init>[0m
  [34mIgnoring implicit executable reference: (CtExecutableReferenceImpl) <init>[0m
  [34mIgnoring implicit executable reference: (CtExecutableReferenceImpl) <init>[0m
  [34mIgnoring implicit executable reference: (CtExecutableReferenceImpl) <init>[0m
  [34mIgnoring implicit executable reference: (CtExecutableReferenceImpl) <init>[0m
  [34mIgnoring implicit executable reference: (CtExecutableReferenceImpl) <init>[0m
  [34mUnused type args: [org.apache.hc.client5.http.sync.ServiceUnavailableRetryStrategy][0m
  [34mIgnoring implicit executable reference: (CtExecutableReferenceImpl) <init>[0m
  [34mIgnoring implicit executable reference: (CtExecutableReferenceImpl) <init>[0m
  [34mUnused type args: [java.lang.String][0m
  [34mUnused type args: [org.apache.hc.client5.http.entity.InputStreamFactory][0m
  [34mIgnoring implicit executable reference: (CtExecutableReferenceImpl) <init>[0m
  [34mIgnoring implicit executable reference: (CtExecutableReferenceImpl) <init>[0m
  [34mIgnoring implicit executable reference: (CtExecutableReferenceImpl) <init>[0m
  [34mUnused type args: [java.lang.String][0m
  [34mUnused type args: [org.apache.hc.client5.http.entity.InputStreamFactory][0m
  [34mUnused type args: [java.lang.String, java.lang.String][0m
  [34mIgnoring implicit executable reference: (CtExecutableReferenceImpl) <init>[0m
  [34mUnused type args: [org.apache.hc.client5.http.socket.ConnectionSocketFactory][0m
  [34mUnused type args: [org.apache.hc.client5.http.io.ManagedHttpClientConnection][0m
  [34mUnused type args: [org.apache.hc.client5.http.HttpRoute][0m
  [34mUnused type args: [org.apache.hc.client5.http.socket.ConnectionSocketFactory @ httpclient5/src/main/java/org/apache/hc/client5/http/impl/io/PoolingHttpClientConnectionManagerBuilder.java:202:34][0m
  [34mUnused type args: [org.apache.hc.client5.http.socket.ConnectionSocketFactory][0m
  [34mUnused type args: [org.apache.hc.client5.http.socket.ConnectionSocketFactory][0m
  [34mUnused type args: [org.apache.hc.client5.http.socket.ConnectionSocketFactory][0m
  [34mUnused type args: [org.apache.hc.client5.http.socket.ConnectionSocketFactory][0m
  [34mUnused type args: [org.apache.hc.client5.http.io.ManagedHttpClientConnection][0m
  [34mUnused type args: [org.apache.hc.client5.http.HttpRoute][0m
  [34mIgnoring implicit executable reference: (CtExecutableReferenceImpl) <init>[0m
  [34mIgnoring implicit executable reference: (CtExecutableReferenceImpl) <init>[0m
  [34mUnused type args: [org.apache.hc.client5.http.HttpRoute][0m
  [34mUnused type args: [org.apache.hc.client5.http.HttpRoute][0m
  [34mUnused type args: [org.apache.hc.client5.http.HttpRoute][0m
  [34mUnused type args: [org.apache.hc.client5.http.HttpRoute, org.apache.hc.client5.http.io.ManagedHttpClientConnection][0m
  [34mUnused type args: [org.apache.hc.client5.http.HttpRoute][0m
  [34mIgnoring implicit executable reference: (CtExecutableReferenceImpl) <init>[0m
  [34mUnused type args: [org.apache.hc.client5.http.cache.HttpCacheEntry][0m
  [34mUnused type args: [org.apache.hc.client5.http.cache.HttpCacheEntry][0m
  [34mUnused type args: [org.apache.hc.client5.http.impl.cache.ResourceReference][0m
  [34mIgnoring implicit executable reference: (CtExecutableReferenceImpl) <init>[0m
  [34mIgnoring implicit executable reference: (CtExecutableReferenceImpl) <init>[0m
  [34mIgnoring implicit executable reference: (CtExecutableReferenceImpl) <init>[0m
  [34mIgnoring implicit executable reference: (CtExecutableReferenceImpl) <init>[0m
  [34mIgnoring implicit executable reference: (CtExecutableReferenceImpl) <init>[0m
  [34mIgnoring implicit executable reference: (CtExecutableReferenceImpl) <init>[0m
  [34mUnused type args: [org.apache.hc.core5.http.Header][0m
  [34mUnused type args: [org.apache.hc.core5.http.Header][0m
  [34mIgnoring implicit executable reference: (CtExecutableReferenceImpl) <init>[0m
  [34mIgnoring implicit executable reference: (CtExecutableReferenceImpl) <init>[0m
  [34mUnused type args: [java.lang.Class][0m
  [34mUnused type args: [?][0m
  [34mUnused type args: [java.lang.Class][0m
  [34mUnused type args: [java.lang.Class][0m
  [34mUnused type args: [?][0m
  [34mUnused type args: [?][0m
  [34mSkipping selection with no field declaration: (CtFieldReferenceImpl) class[0m
  [34mSkipping selection with no field declaration: (CtFieldReferenceImpl) class[0m
  [34mSkipping selection with no field declaration: (CtFieldReferenceImpl) class[0m
  [34mSkipping selection with no field declaration: (CtFieldReferenceImpl) class[0m
  [34mSkipping selection with no field declaration: (CtFieldReferenceImpl) class[0m
  [34mSkipping selection with no field declaration: (CtFieldReferenceImpl) class[0m
  [34mSkipping selection with no field declaration: (CtFieldReferenceImpl) class[0m
  [34mSkipping selection with no field declaration: (CtFieldReferenceImpl) class[0m
  [34mUnused type args: [org.apache.hc.core5.http.Header @ httpclient5-cache/src/main/java/org/apache/hc/client5/http/impl/cache/CacheEntryUpdater.java:111:20][0m
  [34mIgnoring implicit executable reference: (CtExecutableReferenceImpl) <init>[0m
  [34mUnused type args: [org.apache.hc.core5.http.Header][0m
  [34mUnused type args: [?][0m
  [34mUnused type args: [org.apache.hc.core5.http.Header][0m
  [34mUnused type args: [org.apache.hc.core5.http.Header][0m
  [34mUnused type args: [org.apache.hc.core5.http.Header][0m
  [34mUnused type args: [org.apache.hc.core5.http.Header][0m
  [34mUnused type args: [org.apache.hc.core5.http.Header][0m
  [34mUnused type args: [org.apache.hc.core5.http.Header][0m
  [34mUnused type args: [org.apache.hc.core5.http.Header][0m
  [34mUnused type args: [?][0m
  [34mUnused type args: [org.apache.hc.core5.http.Header][0m
  [34mUnused type args: [org.apache.hc.core5.http.Header][0m
  [34mUnused type args: [org.apache.hc.core5.http.Header][0m
  [34mUnused type args: [org.apache.hc.core5.http.Header][0m
  [34mUnused type args: [org.apache.hc.core5.http.Header][0m
  [34mIgnoring implicit executable reference: (CtExecutableReferenceImpl) <init>[0m
  [34mIgnoring implicit executable reference: (CtExecutableReferenceImpl) <init>[0m
  [34mUnused type args: [java.net.Proxy @ httpclient5/src/main/java/org/apache/hc/client5/http/impl/routing/SystemDefaultRoutePlanner.java:90:20][0m
  [34mUnused type args: [java.net.Proxy][0m
  [34mUnused type args: [java.net.Proxy][0m
  [34mUnused type args: [java.net.Proxy][0m
  getting parent type for (CtEnumImpl) Type
  [34mIgnoring implicit executable reference: (CtExecutableReferenceImpl) <init>[0m
  [34mIgnoring implicit executable reference: (CtExecutableReferenceImpl) <init>[0m
  [34mUnused type args: [org.apache.hc.core5.http.ClassicHttpRequest][0m
  [34mUnused type args: [org.apache.hc.client5.http.sync.ExecChain$Scope][0m
  [34mIgnoring implicit executable reference: (CtExecutableReferenceImpl) <init>[0m
  [34mUnused type args: [?][0m
  [34mIgnoring implicit executable reference: (CtExecutableReferenceImpl) <init>[0m
  [34mIgnoring implicit executable reference: (CtExecutableReferenceImpl) <init>[0m
  [34mUnused type args: [java.lang.String, org.apache.hc.client5.http.impl.cache.Variant][0m
  [34mIgnoring implicit executable reference: (CtExecutableReferenceImpl) <init>[0m
  [34mIgnoring implicit executable reference: (CtExecutableReferenceImpl) <init>[0m
  [34mIgnoring implicit executable reference: (CtExecutableReferenceImpl) <init>[0m
  [34mIgnoring implicit executable reference: (CtExecutableReferenceImpl) <init>[0m
  [34mIgnoring implicit executable reference: (CtExecutableReferenceImpl) <init>[0m
  [34mIgnoring implicit executable reference: (CtExecutableReferenceImpl) <init>[0m
  [34mUnused type args: [org.apache.hc.client5.http.HttpRoute, org.apache.hc.client5.http.io.ManagedHttpClientConnection][0m
  [34mUnused type args: [org.apache.hc.core5.http.ClassicHttpRequest][0m
  [34mUnused type args: [org.apache.hc.client5.http.sync.ExecChain$Scope][0m
  [34mIgnoring implicit executable reference: (CtExecutableReferenceImpl) <init>[0m
  [34mIgnoring implicit executable reference: (CtExecutableReferenceImpl) <init>[0m
  [34mIgnoring implicit executable reference: (CtExecutableReferenceImpl) <init>[0m
  [34mUnused type args: [java.lang.String @ httpclient5-cache/src/main/java/org/apache/hc/client5/http/impl/cache/BasicHttpCache.java:353:19, org.apache.hc.client5.http.impl.cache.Variant @ httpclient5-cache/src/main/java/org/apache/hc/client5/http/impl/cache/BasicHttpCache.java:353:26][0m
  [34mIgnoring implicit executable reference: (CtExecutableReferenceImpl) <init>[0m
  [34mUnused type args: [java.lang.String, org.apache.hc.client5.http.impl.cache.Variant][0m
  [34mUnused type args: [java.lang.String, org.apache.hc.client5.http.impl.cache.Variant][0m
  [34mUnused type args: [java.lang.String @ httpclient5-cache/src/main/java/org/apache/hc/client5/http/impl/cache/BasicHttpCache.java:358:29, java.lang.String @ httpclient5-cache/src/main/java/org/apache/hc/client5/http/impl/cache/BasicHttpCache.java:358:37][0m
  [34mUnused type args: [java.lang.String, java.lang.String][0m
  [34mUnused type args: [java.util.Map$Entry][0m
  [34mUnused type args: [java.lang.String, java.lang.String][0m
  [34mUnused type args: [java.lang.String, java.lang.String][0m
  [34mUnused type args: [java.lang.String, java.lang.String][0m
  [34mUnused type args: [java.lang.String, org.apache.hc.client5.http.impl.cache.Variant][0m
  [34mUnused type args: [java.lang.String, org.apache.hc.client5.http.impl.cache.Variant][0m
  [34mUnused type args: [java.lang.String, org.apache.hc.client5.http.impl.cache.Variant][0m
  [34mUnused type args: [org.apache.hc.client5.http.io.ConnectionEndpoint][0m
  [34mUnused type args: [org.apache.hc.client5.http.HttpRoute @ httpclient5/src/main/java/org/apache/hc/client5/http/impl/io/PoolingHttpClientConnectionManager.java:311:25, org.apache.hc.client5.http.io.ManagedHttpClientConnection @ httpclient5/src/main/java/org/apache/hc/client5/http/impl/io/PoolingHttpClientConnectionManager.java:311:36][0m
  [34mUnused type args: [org.apache.hc.client5.http.HttpRoute, org.apache.hc.client5.http.io.ManagedHttpClientConnection][0m
  [34mUnused type args: [org.apache.hc.client5.http.HttpRoute, org.apache.hc.client5.http.io.ManagedHttpClientConnection][0m
  [34mUnused type args: [org.apache.hc.client5.http.HttpRoute, org.apache.hc.client5.http.io.ManagedHttpClientConnection][0m
  [34mUnused type args: [org.apache.hc.client5.http.HttpRoute, org.apache.hc.client5.http.io.ManagedHttpClientConnection][0m
  [34mUnused type args: [org.apache.hc.client5.http.HttpRoute, org.apache.hc.client5.http.io.ManagedHttpClientConnection][0m
  [34mUnused type args: [org.apache.hc.client5.http.HttpRoute, org.apache.hc.client5.http.io.ManagedHttpClientConnection][0m
  [34mUnused type args: [T, C][0m
  [34mUnused type args: [org.apache.hc.client5.http.HttpRoute, org.apache.hc.client5.http.io.ManagedHttpClientConnection][0m
  [34mUnused type args: [org.apache.hc.client5.http.HttpRoute][0m
  [34mUnused type args: [org.apache.hc.client5.http.HttpRoute, org.apache.hc.client5.http.io.ManagedHttpClientConnection][0m
  [34mUnused type args: [org.apache.hc.client5.http.HttpRoute, org.apache.hc.client5.http.io.ManagedHttpClientConnection][0m
  [34mUnused type args: [org.apache.hc.client5.http.HttpRoute, org.apache.hc.client5.http.io.ManagedHttpClientConnection][0m
  [34mUnused type args: [java.lang.String][0m
  [34mUnused type args: [org.apache.hc.client5.http.cache.HttpCacheUpdateCallback][0m
  [34mIgnoring implicit executable reference: (CtExecutableReferenceImpl) <init>[0m
  [34mIgnoring implicit executable reference: (CtExecutableReferenceImpl) <init>[0m
  [34mIgnoring implicit executable reference: (CtExecutableReferenceImpl) <init>[0m
  [34mUnused type args: [java.lang.Runnable][0m
  [34mIgnoring implicit executable reference: (CtExecutableReferenceImpl) <init>[0m
  [34mUnused type args: [java.lang.Runnable @ httpclient5-cache/src/main/java/org/apache/hc/client5/http/impl/cache/ImmediateSchedulingStrategy.java:64:40][0m
  [34mIgnoring implicit executable reference: (CtExecutableReferenceImpl) <init>[0m
  [34mIgnoring implicit executable reference: (CtExecutableReferenceImpl) <init>[0m
  [34mIgnoring implicit executable reference: (CtExecutableReferenceImpl) <init>[0m
  [34mUnused type args: [org.apache.hc.client5.http.socket.ConnectionSocketFactory][0m
  [34mUnused type args: [org.apache.hc.client5.http.socket.ConnectionSocketFactory][0m
  [34mIgnoring implicit executable reference: (CtExecutableReferenceImpl) <init>[0m
  [34mIgnoring implicit executable reference: (CtExecutableReferenceImpl) <init>[0m
  [34mUnused type args: [java.lang.String, org.apache.hc.client5.http.impl.cache.FailureCacheValue][0m
  [34mUnused type args: [java.lang.String, org.apache.hc.client5.http.impl.cache.FailureCacheValue][0m
  [34mIgnoring implicit executable reference: (CtExecutableReferenceImpl) <init>[0m
  [34mUnused type args: [java.lang.String, org.apache.hc.client5.http.impl.cache.FailureCacheValue][0m
  [34mUnused type args: [org.apache.hc.client5.http.HttpRoute, org.apache.hc.client5.http.io.ManagedHttpClientConnection][0m
  [34mUnused type args: [org.apache.hc.core5.pool.PoolEntry][0m
  [34mUnused type args: [T, C][0m
  [34mUnused type args: [org.apache.hc.core5.pool.PoolEntry][0m
  [34mUnused type args: [org.apache.hc.client5.http.HttpRoute, org.apache.hc.client5.http.io.ManagedHttpClientConnection][0m
  [34mUnused type args: [org.apache.hc.core5.http.ClassicHttpRequest][0m
  [34mUnused type args: [org.apache.hc.client5.http.sync.ExecChain$Scope][0m
  [34mIgnoring implicit executable reference: (CtExecutableReferenceImpl) <init>[0m
  [34mIgnoring implicit executable reference: (CtExecutableReferenceImpl) <init>[0m
  [34mIgnoring implicit executable reference: (CtExecutableReferenceImpl) <init>[0m
  [34mIgnoring implicit executable reference: (CtExecutableReferenceImpl) <init>[0m
  [34mUnused type args: [java.io.Closeable][0m
  [34mUnused type args: [java.io.Closeable][0m
  [34mIgnoring implicit executable reference: (CtExecutableReferenceImpl) <init>[0m
  [34mIgnoring implicit executable reference: (CtExecutableReferenceImpl) <init>[0m
  [34mIgnoring implicit executable reference: (CtExecutableReferenceImpl) <init>[0m
  [34mUnused type args: [org.apache.hc.client5.http.HttpRoute @ httpclient5/src/main/java/org/apache/hc/client5/http/impl/io/PoolingHttpClientConnectionManager.java:501:29, org.apache.hc.client5.http.io.ManagedHttpClientConnection @ httpclient5/src/main/java/org/apache/hc/client5/http/impl/io/PoolingHttpClientConnectionManager.java:501:40][0m
  [34mUnused type args: [org.apache.hc.client5.http.HttpRoute, org.apache.hc.client5.http.io.ManagedHttpClientConnection][0m
  [34mUnused type args: [org.apache.hc.client5.http.HttpRoute, org.apache.hc.client5.http.io.ManagedHttpClientConnection][0m
  [34mUnused type args: [org.apache.hc.client5.http.HttpRoute, org.apache.hc.client5.http.io.ManagedHttpClientConnection][0m
  [34mIgnoring anonymous type: (CtTypeReferenceImpl) org.apache.hc.client5.http.impl.cache.SizeLimitedResponseReader$1[0m
  [34mIgnoring implicit executable reference: (CtExecutableReferenceImpl) <init>[0m
  [34mIgnoring anonymous type: (CtTypeReferenceImpl) org.apache.hc.client5.http.impl.cache.SizeLimitedResponseReader$1[0m
  [34mIgnoring anonymous object declaration: (CtClassImpl) 1 @ httpclient5-cache/src/main/java/org/apache/hc/client5/http/impl/cache/SizeLimitedResponseReader.java:122:100[0m
  [34mIgnoring implicit executable reference: (CtExecutableReferenceImpl) <init>[0m
  [34mIgnoring implicit executable reference: (CtExecutableReferenceImpl) <init>[0m
  [34mIgnoring method of an anonymous declaring type: (CtMethodImpl) close @ httpclient5-cache/src/main/java/org/apache/hc/client5/http/impl/cache/SizeLimitedResponseReader.java:125:25 in (CtClassImpl) 1 @ httpclient5-cache/src/main/java/org/apache/hc/client5/http/impl/cache/SizeLimitedResponseReader.java:122:100[0m
  getting parent type for (CtClassImpl) ResourceStream @ httpclient5-cache/src/main/java/org/apache/hc/client5/http/impl/cache/CombinedEntity.java:92:11
  [34mIgnoring implicit executable reference: (CtExecutableReferenceImpl) <init>[0m
  [34mIgnoring implicit executable reference: (CtExecutableReferenceImpl) <init>[0m
  [34mUnused type args: [org.apache.hc.core5.http.NameValuePair][0m
  [34mUnused type args: [org.apache.hc.core5.http.NameValuePair][0m
  [34mIgnoring implicit executable reference: (CtExecutableReferenceImpl) <init>[0m
  [34mUnused type args: [?][0m
  [34mIgnoring implicit executable reference: (CtExecutableReferenceImpl) <init>[0m
  [34mUnused type args: [?][0m
  [34mUnused type args: [?][0m
  [34mUnused type args: [org.apache.hc.core5.http.NameValuePair][0m
  [34mUnused type args: [org.apache.hc.core5.http.NameValuePair][0m
  [34mUnused type args: [org.apache.hc.core5.http.NameValuePair][0m
  [34mUnused type args: [org.apache.hc.core5.http.NameValuePair][0m
  [34mIgnoring implicit executable reference: (CtExecutableReferenceImpl) <init>[0m
  [34mUnused type args: [?][0m
  [34mIgnoring implicit executable reference: (CtExecutableReferenceImpl) <init>[0m
  [34mUnused type args: [org.apache.hc.client5.http.cookie.CookieSpecProvider][0m
  [34mUnused type args: [org.apache.hc.client5.http.HttpRoute @ httpclient5/src/main/java/org/apache/hc/client5/http/impl/io/PoolingHttpClientConnectionManager.java:521:29, org.apache.hc.client5.http.io.ManagedHttpClientConnection @ httpclient5/src/main/java/org/apache/hc/client5/http/impl/io/PoolingHttpClientConnectionManager.java:521:40][0m
  [34mUnused type args: [org.apache.hc.core5.pool.PoolEntry][0m
  [34mUnused type args: [org.apache.hc.client5.http.HttpRoute, org.apache.hc.client5.http.io.ManagedHttpClientConnection][0m
  [34mUnused type args: [org.apache.hc.client5.http.HttpRoute, org.apache.hc.client5.http.io.ManagedHttpClientConnection][0m
  [34mUnused type args: [org.apache.hc.client5.http.HttpRoute, org.apache.hc.client5.http.io.ManagedHttpClientConnection][0m
  [34mUnused type args: [org.apache.hc.client5.http.HttpRoute, org.apache.hc.client5.http.io.ManagedHttpClientConnection][0m
  [34mIgnoring implicit executable reference: (CtExecutableReferenceImpl) <init>[0m
  [34mUnused type args: [java.lang.String, org.apache.hc.client5.http.impl.cache.FailureCacheValue][0m
  [34mIgnoring implicit executable reference: (CtExecutableReferenceImpl) <init>[0m
  [34mIgnoring implicit executable reference: (CtExecutableReferenceImpl) <init>[0m
  [34mUnused type args: [org.apache.hc.client5.http.sync.HttpRequestRetryHandler][0m
  [34mUnused type args: [org.apache.hc.client5.http.auth.AuthScope][0m
  [34mIgnoring implicit executable reference: (CtExecutableReferenceImpl) <init>[0m
  [34mIgnoring implicit executable reference: (CtExecutableReferenceImpl) <init>[0m
  [34mIgnoring implicit executable reference: (CtExecutableReferenceImpl) <init>[0m
  [34mIgnoring implicit executable reference: (CtExecutableReferenceImpl) <init>[0m
  [34mIgnoring implicit executable reference: (CtExecutableReferenceImpl) <init>[0m
  [34mIgnoring implicit executable reference: (CtExecutableReferenceImpl) <init>[0m
  [34mIgnoring implicit executable reference: (CtExecutableReferenceImpl) <init>[0m
  [34mUnused type args: [org.apache.hc.core5.pool.PoolEntry][0m
  [34mUnused type args: [org.apache.hc.client5.http.HttpRoute, org.apache.hc.client5.http.io.ManagedHttpClientConnection][0m
  [34mUnused type args: [org.apache.hc.core5.pool.PoolEntry][0m
  [34mUnused type args: [org.apache.hc.client5.http.HttpRoute, org.apache.hc.client5.http.io.ManagedHttpClientConnection][0m
  [34mIgnoring implicit executable reference: (CtExecutableReferenceImpl) <init>[0m
  [34mUnused type args: [org.apache.hc.core5.pool.PoolEntry][0m
  [34mUnused type args: [org.apache.hc.client5.http.HttpRoute, org.apache.hc.client5.http.io.ManagedHttpClientConnection][0m
  [34mUnused type args: [org.apache.hc.client5.http.HttpRoute, org.apache.hc.client5.http.io.ManagedHttpClientConnection][0m
  [34mIgnoring implicit executable reference: (CtExecutableReferenceImpl) <init>[0m
  [34mIgnoring implicit executable reference: (CtExecutableReferenceImpl) <init>[0m
  [34mUnused type args: [org.apache.hc.core5.http.ConnectionReuseStrategy][0m
  [34mUnused type args: [org.apache.hc.client5.http.ConnectionKeepAliveStrategy][0m
  [34mUnused type args: [org.apache.hc.client5.http.protocol.UserTokenHandler][0m
  [34mUnused type args: [org.apache.hc.client5.http.HttpRoute @ httpclient5/src/main/java/org/apache/hc/client5/http/impl/io/PoolingHttpClientConnectionManager.java:513:29, org.apache.hc.client5.http.io.ManagedHttpClientConnection @ httpclient5/src/main/java/org/apache/hc/client5/http/impl/io/PoolingHttpClientConnectionManager.java:513:40][0m
  [34mUnused type args: [org.apache.hc.core5.pool.PoolEntry][0m
  [34mUnused type args: [org.apache.hc.client5.http.HttpRoute, org.apache.hc.client5.http.io.ManagedHttpClientConnection][0m
  [34mUnused type args: [org.apache.hc.client5.http.HttpRoute, org.apache.hc.client5.http.io.ManagedHttpClientConnection][0m
  [34mUnused type args: [org.apache.hc.client5.http.HttpRoute, org.apache.hc.client5.http.io.ManagedHttpClientConnection][0m
  [34mUnused type args: [org.apache.hc.client5.http.HttpRoute, org.apache.hc.client5.http.io.ManagedHttpClientConnection][0m
  [34mUnused type args: [org.apache.hc.client5.http.auth.AuthScheme @ httpclient5/src/main/java/org/apache/hc/client5/http/impl/auth/HttpAuthenticator.java:275:25][0m
  [34mUnused type args: [org.apache.hc.client5.http.auth.AuthScheme][0m
  [34mUnused type args: [org.apache.hc.client5.http.auth.AuthScheme][0m
  [34mUnused type args: [org.apache.hc.client5.http.auth.AuthScheme][0m
  [34mUnused type args: [org.apache.hc.client5.http.auth.AuthScheme][0m
  [34mIgnoring implicit executable reference: (CtExecutableReferenceImpl) <init>[0m
  [34mIgnoring implicit executable reference: (CtExecutableReferenceImpl) <init>[0m
  [34mIgnoring implicit executable reference: (CtExecutableReferenceImpl) <init>[0m
  [34mIgnoring implicit executable reference: (CtExecutableReferenceImpl) <init>[0m
  [34mUnused type args: [java.lang.String, java.lang.Boolean][0m
  [34mUnused type args: [java.lang.String, java.lang.Boolean][0m
  [34mIgnoring implicit executable reference: (CtExecutableReferenceImpl) <init>[0m
  [34mUnused type args: [java.lang.String, java.lang.Boolean][0m
  [34mUnused type args: [java.lang.String, java.lang.Boolean][0m
  [34mUnused type args: [java.lang.String, java.lang.Boolean][0m
  [34mUnused type args: [java.lang.String, java.lang.Boolean][0m
  [34mUnused type args: [java.lang.String, java.lang.Boolean][0m
  [34mUnused type args: [java.lang.String, java.lang.Boolean][0m
  [34mUnused type args: [java.lang.String, java.lang.Boolean][0m
  [34mUnused type args: [java.lang.Class][0m
  [34mUnused type args: [?][0m
  [34mUnused type args: [java.lang.Class][0m
  [34mUnused type args: [?][0m
  [34mIgnoring implicit executable reference: (CtExecutableReferenceImpl) <init>[0m
  [34mUnused type args: [java.lang.Class][0m
  [34mUnused type args: [?][0m
  [34mUnused type args: [? @ httpclient5/src/main/java/org/apache/hc/client5/http/impl/sync/DefaultHttpRequestRetryHandler.java:90:26][0m
  [34mUnused type args: [java.lang.Class][0m
  [34mUnused type args: [?][0m
  [34mUnused type args: [java.lang.Class][0m
  [34mUnused type args: [?][0m
  [34mUnused type args: [?][0m
  [34mIgnoring implicit executable reference: (CtExecutableReferenceImpl) <init>[0m
  [34mIgnoring implicit executable reference: (CtExecutableReferenceImpl) <init>[0m
  [34mIgnoring implicit executable reference: (CtExecutableReferenceImpl) <init>[0m
  [34mIgnoring implicit executable reference: (CtExecutableReferenceImpl) <init>[0m
  [34mUnused type args: [org.apache.hc.client5.http.sync.ConnectionBackoffStrategy][0m
  [34mUnused type args: [org.apache.hc.client5.http.sync.BackoffManager][0m
  getting parent type for (CtEnumImpl) State @ httpclient5/src/main/java/org/apache/hc/client5/http/impl/auth/CredSspScheme.java:92:10
  [34mskipping default constructor: org.apache.hc.client5.http.impl.auth.CredSspScheme$State()[0m
  getting parent type for (CtClassImpl) CipherGen @ httpclient5/src/main/java/org/apache/hc/client5/http/impl/auth/NTLMEngineImpl.java:316:18
  getting parent type for (CtEnumImpl) Mode @ httpclient5/src/main/java/org/apache/hc/client5/http/impl/auth/NTLMEngineImpl.java:806:10
  [34mskipping default constructor: org.apache.hc.client5.http.impl.auth.NTLMEngineImpl$Mode()[0m
  Pending package javax.crypto
  getting parent type for (CtClassImpl) Handle @ httpclient5/src/main/java/org/apache/hc/client5/http/impl/auth/NTLMEngineImpl.java:811:18
  getting parent type for (CtClassImpl) Type2Message @ httpclient5/src/main/java/org/apache/hc/client5/http/impl/auth/NTLMEngineImpl.java:1378:18
  getting parent type for (CtClassImpl) Type3Message @ httpclient5/src/main/java/org/apache/hc/client5/http/impl/auth/NTLMEngineImpl.java:1457:18
  getting parent type for (CtClassImpl) MD4 @ httpclient5/src/main/java/org/apache/hc/client5/http/impl/auth/NTLMEngineImpl.java:1869:18
  getting parent type for (CtClassImpl) HMACMD5 @ httpclient5/src/main/java/org/apache/hc/client5/http/impl/auth/NTLMEngineImpl.java:2033:18
  getting parent type for (CtClassImpl) NTLMMessage @ httpclient5/src/main/java/org/apache/hc/client5/http/impl/auth/NTLMEngineImpl.java:1089:18
  getting parent type for (CtClassImpl) Type1Message @ httpclient5/src/main/java/org/apache/hc/client5/http/impl/auth/NTLMEngineImpl.java:1260:18
  getting parent type for (CtClassImpl) CredSspTsRequest @ httpclient5/src/main/java/org/apache/hc/client5/http/impl/auth/CredSspScheme.java:762:18
  [34mIgnoring implicit executable reference: (CtExecutableReferenceImpl) <init>[0m
  [34mIgnoring implicit executable reference: (CtExecutableReferenceImpl) <init>[0m
  [34mUnused type args: [?][0m
  [34mIgnoring implicit executable reference: (CtExecutableReferenceImpl) <init>[0m
  [34mIgnoring implicit executable reference: (CtExecutableReferenceImpl) <init>[0m
  [34mUnused type args: [org.apache.hc.client5.http.impl.cache.WarningValue @ httpclient5-cache/src/main/java/org/apache/hc/client5/http/impl/cache/WarningValue.java:72:20][0m
  [34mIgnoring implicit executable reference: (CtExecutableReferenceImpl) <init>[0m
  [34mUnused type args: [org.apache.hc.client5.http.impl.cache.WarningValue][0m
  [34mIgnoring implicit executable reference: (CtExecutableReferenceImpl) <init>[0m
  [34mUnused type args: [org.apache.hc.client5.http.impl.cache.WarningValue][0m
  [34mUnused type args: [org.apache.hc.client5.http.impl.cache.WarningValue][0m
  [34mUnused type args: [org.apache.hc.client5.http.impl.cache.WarningValue][0m
  [34mIgnoring implicit executable reference: (CtExecutableReferenceImpl) <init>[0m
  [34mIgnoring implicit executable reference: (CtExecutableReferenceImpl) <init>[0m
  [34mUnused type args: [org.apache.hc.client5.http.impl.cache.AsynchronousValidationRequest][0m
  [34mUnused type args: [java.net.Proxy][0m
  [34mUnused type args: [java.net.Proxy][0m
  [34mUnused type args: [org.apache.hc.core5.http.ClassicHttpRequest][0m
  [34mUnused type args: [org.apache.hc.client5.http.sync.ExecChain$Scope][0m
  [34mIgnoring implicit executable reference: (CtExecutableReferenceImpl) <init>[0m
  [34mUnused type args: [org.apache.hc.core5.http.ClassicHttpRequest][0m
  [34mUnused type args: [org.apache.hc.client5.http.sync.ExecChain$Scope][0m
  [34mUnused type args: [java.lang.String][0m
  [34mIgnoring implicit executable reference: (CtExecutableReferenceImpl) <init>[0m
  [34mUnused type args: [org.apache.hc.client5.http.entity.InputStreamFactory][0m
  [34mIgnoring implicit executable reference: (CtExecutableReferenceImpl) <init>[0m
  [34mIgnoring implicit executable reference: (CtExecutableReferenceImpl) <init>[0m
  [34mUnused type args: [org.apache.hc.core5.pool.PoolEntry][0m
  [34mUnused type args: [org.apache.hc.client5.http.HttpRoute, org.apache.hc.client5.http.io.ManagedHttpClientConnection][0m
  [34mUnused type args: [org.apache.hc.client5.http.HttpRoute, org.apache.hc.client5.http.io.ManagedHttpClientConnection][0m
  [34mIgnoring implicit executable reference: (CtExecutableReferenceImpl) <init>[0m
  [34mIgnoring implicit executable reference: (CtExecutableReferenceImpl) <init>[0m
  [34mIgnoring implicit executable reference: (CtExecutableReferenceImpl) <init>[0m
  [34mIgnoring implicit executable reference: (CtExecutableReferenceImpl) <init>[0m
  [34mUnused type args: [org.apache.hc.client5.http.io.HttpClientConnectionManager][0m
  [34mUnused type args: [org.apache.hc.core5.http.impl.io.HttpRequestExecutor][0m
  [34mUnused type args: [org.apache.hc.client5.http.impl.sync.ExecChainElement][0m
  [34mUnused type args: [org.apache.hc.client5.http.routing.HttpRoutePlanner][0m
  [34mUnused type args: [org.apache.hc.client5.http.cookie.CookieSpecProvider][0m
  [34mUnused type args: [org.apache.hc.client5.http.cookie.CookieSpecProvider][0m
  [34mUnused type args: [org.apache.hc.client5.http.cookie.CookieSpecProvider][0m
  [34mUnused type args: [org.apache.hc.client5.http.auth.AuthSchemeProvider][0m
  [34mUnused type args: [org.apache.hc.client5.http.auth.AuthSchemeProvider][0m
  [34mUnused type args: [org.apache.hc.client5.http.auth.AuthSchemeProvider][0m
  [34mUnused type args: [java.io.Closeable][0m
  [34mUnused type args: [java.io.Closeable][0m
  [34mUnused type args: [java.io.Closeable][0m
  [34mUnused type args: [org.apache.hc.client5.http.HttpRoute, org.apache.hc.client5.http.io.ManagedHttpClientConnection][0m
  [34mIgnoring implicit executable reference: (CtExecutableReferenceImpl) <init>[0m
  [34mIgnoring implicit executable reference: (CtExecutableReferenceImpl) <init>[0m
  [34mIgnoring implicit executable reference: (CtExecutableReferenceImpl) <init>[0m
  [34mUnused type args: [org.apache.hc.client5.http.cache.HttpCacheEntry][0m
  [34mUnused type args: [org.apache.hc.client5.http.cache.HttpCacheEntry][0m
  [34mIgnoring implicit executable reference: (CtExecutableReferenceImpl) <init>[0m
  [34mUnused type args: [org.apache.hc.client5.http.cache.HttpCacheEntry][0m
  [34mUnused type args: [org.apache.hc.client5.http.impl.cache.ResourceReference][0m
  [34mUnused type args: [org.apache.hc.client5.http.impl.cache.ResourceReference][0m
  [34mIgnoring implicit executable reference: (CtExecutableReferenceImpl) <init>[0m
  [34mUnused type args: [org.apache.hc.client5.http.impl.cache.ResourceReference][0m
  [34mIgnoring implicit executable reference: (CtExecutableReferenceImpl) <init>[0m
  [34mUnused type args: [org.apache.hc.client5.http.cache.HttpCacheEntry][0m
  [34mUnused type args: [?][0m
  [34mUnused type args: [org.apache.hc.client5.http.impl.cache.ResourceReference][0m
  [34mIgnoring implicit executable reference: (CtExecutableReferenceImpl) <init>[0m
  [34mIgnoring implicit executable reference: (CtExecutableReferenceImpl) <init>[0m
  [34mUnused type args: [org.apache.hc.client5.http.auth.AuthChallenge @ httpclient5/src/main/java/org/apache/hc/client5/http/impl/auth/AuthChallengeParser.java:76:20][0m
  [34mIgnoring implicit executable reference: (CtExecutableReferenceImpl) <init>[0m
  [34mUnused type args: [org.apache.hc.client5.http.auth.AuthChallenge][0m
  [34mUnused type args: [org.apache.hc.core5.http.NameValuePair @ httpclient5/src/main/java/org/apache/hc/client5/http/impl/auth/AuthChallengeParser.java:78:20][0m
  [34mIgnoring implicit executable reference: (CtExecutableReferenceImpl) <init>[0m
  [34mUnused type args: [org.apache.hc.core5.http.NameValuePair][0m
  [34mUnused type args: [org.apache.hc.core5.http.NameValuePair][0m
  [34mIgnoring implicit executable reference: (CtExecutableReferenceImpl) <init>[0m
  [34mUnused type args: [org.apache.hc.client5.http.auth.AuthChallenge][0m
  [34mUnused type args: [org.apache.hc.core5.http.NameValuePair][0m
  [34mUnused type args: [org.apache.hc.core5.http.NameValuePair][0m
  [34mUnused type args: [org.apache.hc.core5.http.NameValuePair][0m
  [34mUnused type args: [org.apache.hc.core5.http.NameValuePair][0m
  [34mUnused type args: [org.apache.hc.client5.http.auth.AuthChallenge][0m
  [34mUnused type args: [org.apache.hc.core5.http.NameValuePair][0m
  [34mUnused type args: [org.apache.hc.core5.http.NameValuePair][0m
  [34mUnused type args: [org.apache.hc.client5.http.auth.AuthChallenge][0m
  [34mUnused type args: [org.apache.hc.core5.http.ClassicHttpRequest][0m
  [34mIgnoring implicit executable reference: (CtExecutableReferenceImpl) <init>[0m
  [34mIgnoring implicit executable reference: (CtExecutableReferenceImpl) <init>[0m
  [34mIgnoring implicit executable reference: (CtExecutableReferenceImpl) <init>[0m
  [34mIgnoring implicit executable reference: (CtExecutableReferenceImpl) <init>[0m
  [34mIgnoring implicit executable reference: (CtExecutableReferenceImpl) <init>[0m
  [34mUnused type args: [org.apache.hc.core5.http.ClassicHttpRequest][0m
  [34mUnused type args: [org.apache.hc.client5.http.sync.ExecChain$Scope][0m
  [34mUnused type args: [java.net.URI @ httpclient5/src/main/java/org/apache/hc/client5/http/impl/sync/RedirectExec.java:100:20][0m
  [34mUnused type args: [java.net.URI][0m
  [34mUnused type args: [java.net.URI][0m
  [34mUnused type args: [java.net.URI][0m
  [34mIgnoring implicit executable reference: (CtExecutableReferenceImpl) <init>[0m
  [34mIgnoring implicit executable reference: (CtExecutableReferenceImpl) <init>[0m
  [34mIgnoring implicit executable reference: (CtExecutableReferenceImpl) <init>[0m
  [34mIgnoring implicit executable reference: (CtExecutableReferenceImpl) <init>[0m
  [34mIgnoring implicit executable reference: (CtExecutableReferenceImpl) <init>[0m
  [34mIgnoring implicit executable reference: (CtExecutableReferenceImpl) <init>[0m
  [34mIgnoring implicit executable reference: (CtExecutableReferenceImpl) <init>[0m
  [34mIgnoring implicit executable reference: (CtExecutableReferenceImpl) <init>[0m
  [34mIgnoring implicit executable reference: (CtExecutableReferenceImpl) <init>[0m
  [34mIgnoring implicit executable reference: (CtExecutableReferenceImpl) <init>[0m
  [34mUnused type args: [java.lang.String @ httpclient5/src/main/java/org/apache/hc/client5/http/impl/auth/HttpAuthenticator.java:140:19, org.apache.hc.client5.http.auth.AuthChallenge @ httpclient5/src/main/java/org/apache/hc/client5/http/impl/auth/HttpAuthenticator.java:140:27][0m
  [34mIgnoring implicit executable reference: (CtExecutableReferenceImpl) <init>[0m
  [34mUnused type args: [java.lang.String, org.apache.hc.client5.http.auth.AuthChallenge][0m
  [34mIgnoring implicit executable reference: (CtExecutableReferenceImpl) <init>[0m
  [34mIgnoring implicit executable reference: (CtExecutableReferenceImpl) <init>[0m
  [34mUnused type args: [org.apache.hc.client5.http.auth.AuthChallenge @ httpclient5/src/main/java/org/apache/hc/client5/http/impl/auth/HttpAuthenticator.java:157:24][0m
  [34mUnused type args: [org.apache.hc.client5.http.auth.AuthChallenge][0m
  [34mUnused type args: [org.apache.hc.client5.http.auth.AuthChallenge][0m
  [34mUnused type args: [org.apache.hc.client5.http.auth.AuthChallenge][0m
  [34mUnused type args: [org.apache.hc.client5.http.auth.AuthChallenge][0m
  [34mUnused type args: [java.lang.String, org.apache.hc.client5.http.auth.AuthChallenge][0m
  [34mUnused type args: [java.lang.String, org.apache.hc.client5.http.auth.AuthChallenge][0m
  [34mUnused type args: [java.lang.String, org.apache.hc.client5.http.auth.AuthChallenge][0m
  [34mUnused type args: [java.lang.String, org.apache.hc.client5.http.auth.AuthChallenge][0m
  [34mUnused type args: [org.apache.hc.client5.http.auth.AuthScheme @ httpclient5/src/main/java/org/apache/hc/client5/http/impl/auth/HttpAuthenticator.java:221:20][0m
  [34mUnused type args: [org.apache.hc.client5.http.auth.AuthScheme][0m
  [34mUnused type args: [java.lang.String, org.apache.hc.client5.http.auth.AuthChallenge][0m
  [34mUnused type args: [java.lang.String, org.apache.hc.client5.http.auth.AuthChallenge][0m
  [34mUnused type args: [org.apache.hc.client5.http.auth.AuthScheme @ httpclient5/src/main/java/org/apache/hc/client5/http/impl/auth/HttpAuthenticator.java:228:21][0m
  [34mIgnoring implicit executable reference: (CtExecutableReferenceImpl) <init>[0m
  [34mUnused type args: [org.apache.hc.client5.http.auth.AuthScheme][0m
  [34mUnused type args: [org.apache.hc.client5.http.auth.AuthScheme][0m
  [34mUnused type args: [java.lang.String, org.apache.hc.client5.http.auth.AuthChallenge][0m
  [34mUnused type args: [org.apache.hc.client5.http.auth.AuthScheme][0m
  [34mUnused type args: [org.apache.hc.client5.http.auth.AuthScheme][0m
  [34mUnused type args: [org.apache.hc.client5.http.auth.AuthScheme][0m
  [34mUnused type args: [org.apache.hc.client5.http.auth.AuthScheme][0m
  [34mUnused type args: [org.apache.hc.client5.http.auth.AuthScheme][0m
  [34mIgnoring implicit executable reference: (CtExecutableReferenceImpl) <init>[0m
  [34mUnused type args: [org.apache.hc.client5.http.HttpRoute, org.apache.hc.client5.http.io.ManagedHttpClientConnection][0m
  [34mUnused type args: [java.lang.String, org.apache.hc.client5.http.impl.cache.FailureCacheValue][0m
  [34mIgnoring implicit executable reference: (CtExecutableReferenceImpl) <init>[0m
  [34mUnused type args: [java.lang.String, org.apache.hc.client5.http.impl.cache.FailureCacheValue][0m
  [34mIgnoring implicit executable reference: (CtExecutableReferenceImpl) <init>[0m
  [34mUnused type args: [java.lang.String, org.apache.hc.client5.http.impl.cache.FailureCacheValue][0m
  [34mUnused type args: [java.lang.String][0m
  [34mIgnoring implicit executable reference: (CtExecutableReferenceImpl) <init>[0m
  [34mIgnoring implicit executable reference: (CtExecutableReferenceImpl) <init>[0m
  [34mIgnoring implicit executable reference: (CtExecutableReferenceImpl) <init>[0m
  [34mIgnoring implicit executable reference: (CtExecutableReferenceImpl) <init>[0m
  [34mIgnoring implicit executable reference: (CtExecutableReferenceImpl) <init>[0m
  [34mUnused type args: [java.lang.String, java.lang.Boolean][0m
  [34mIgnoring implicit executable reference: (CtExecutableReferenceImpl) <init>[0m
  [34mIgnoring implicit executable reference: (CtExecutableReferenceImpl) <init>[0m
  [34mUnused type args: [org.apache.hc.client5.http.HttpRoute, org.apache.hc.client5.http.io.ManagedHttpClientConnection][0m
  [34mUnused type args: [org.apache.hc.core5.pool.PoolEntry][0m
  [34mUnused type args: [T, C][0m
  [34mUnused type args: [org.apache.hc.core5.pool.PoolEntry][0m
  [34mUnused type args: [org.apache.hc.client5.http.HttpRoute, org.apache.hc.client5.http.io.ManagedHttpClientConnection][0m
  [34mIgnoring implicit executable reference: (CtExecutableReferenceImpl) <init>[0m
  [34mIgnoring implicit executable reference: (CtExecutableReferenceImpl) <init>[0m
  [34mIgnoring implicit executable reference: (CtExecutableReferenceImpl) <init>[0m
  [34mIgnoring implicit executable reference: (CtExecutableReferenceImpl) <init>[0m
  Pending package java.nio.channels
  Pending package java.nio.channels
  Pending package java.nio.channels.spi
  [34mIgnoring implicit executable reference: (CtExecutableReferenceImpl) <init>[0m
  [34mIgnoring implicit executable reference: (CtExecutableReferenceImpl) <init>[0m
  [34mIgnoring implicit executable reference: (CtExecutableReferenceImpl) <init>[0m
  [34mIgnoring implicit executable reference: (CtExecutableReferenceImpl) <init>[0m
  [34mIgnoring implicit executable reference: (CtExecutableReferenceImpl) <init>[0m
  [34mIgnoring implicit executable reference: (CtExecutableReferenceImpl) <init>[0m
  [34mUnused type args: [java.lang.String][0m
  [34mIgnoring implicit executable reference: (CtExecutableReferenceImpl) <init>[0m
  [34mIgnoring implicit executable reference: (CtExecutableReferenceImpl) <init>[0m
  [34mUnused type args: [org.apache.hc.client5.http.socket.ConnectionSocketFactory @ httpclient5/src/main/java/org/apache/hc/client5/http/impl/io/PoolingHttpClientConnectionManager.java:120:33][0m
  [34mUnused type args: [org.apache.hc.client5.http.socket.ConnectionSocketFactory][0m
  [34mUnused type args: [org.apache.hc.client5.http.socket.ConnectionSocketFactory][0m
  [34mUnused type args: [org.apache.hc.client5.http.socket.ConnectionSocketFactory][0m
  [34mUnused type args: [org.apache.hc.client5.http.socket.ConnectionSocketFactory][0m
  [34mIgnoring implicit executable reference: (CtExecutableReferenceImpl) <init>[0m
  [34mIgnoring implicit executable reference: (CtExecutableReferenceImpl) <init>[0m
  [34mUnused type args: [java.lang.String][0m
  [34mUnused type args: [java.lang.String][0m
  [34mUnused type args: [java.lang.String][0m
  [34mUnused type args: [java.lang.String][0m
  [34mUnused type args: [java.lang.String][0m
  [34mUnused type args: [java.lang.String][0m
  [34mUnused type args: [java.lang.String][0m
  [34mUnused type args: [org.apache.hc.client5.http.entity.InputStreamFactory][0m
  [34mUnused type args: [org.apache.hc.client5.http.entity.InputStreamFactory][0m
  [34mUnused type args: [org.apache.hc.client5.http.entity.InputStreamFactory][0m
  [34mUnused type args: [org.apache.hc.client5.http.entity.InputStreamFactory][0m
  [34mUnused type args: [org.apache.hc.client5.http.entity.InputStreamFactory][0m
  [34mUnused type args: [org.apache.hc.client5.http.entity.InputStreamFactory @ httpclient5/src/main/java/org/apache/hc/client5/http/impl/sync/ContentCompressionExec.java:81:34][0m
  [34mUnused type args: [org.apache.hc.client5.http.entity.InputStreamFactory][0m
  [34mUnused type args: [org.apache.hc.client5.http.entity.InputStreamFactory][0m
  [34mskipping default constructor: org.apache.hc.client5.http.entity.GZIPInputStreamFactory()[0m
  [34mUnused type args: [org.apache.hc.client5.http.entity.InputStreamFactory][0m
  [34mUnused type args: [org.apache.hc.client5.http.entity.InputStreamFactory][0m
  [34mskipping default constructor: org.apache.hc.client5.http.entity.DeflateInputStreamFactory()[0m
  [34mUnused type args: [org.apache.hc.client5.http.entity.InputStreamFactory][0m
  [34mUnused type args: [org.apache.hc.client5.http.cache.HttpCacheEntry][0m
  [34mUnused type args: [?][0m
  [34mUnused type args: [org.apache.hc.client5.http.impl.cache.ResourceReference][0m
  [34mIgnoring implicit executable reference: (CtExecutableReferenceImpl) <init>[0m
  [34mIgnoring implicit executable reference: (CtExecutableReferenceImpl) <init>[0m
  [34mIgnoring implicit executable reference: (CtExecutableReferenceImpl) <init>[0m
  [34mIgnoring implicit executable reference: (CtExecutableReferenceImpl) <init>[0m
  [34mIgnoring implicit executable reference: (CtExecutableReferenceImpl) <init>[0m
  [34mIgnoring implicit executable reference: (CtExecutableReferenceImpl) <init>[0m
  getting parent type for (CtEnumImpl) State @ httpclient5/src/main/java/org/apache/hc/client5/http/impl/auth/GGSSchemeBase.java:63:10
    Pending package org.ietf.jgss
  [34mskipping default constructor: org.apache.hc.client5.http.impl.auth.GGSSchemeBase$State()[0m
  [34mIgnoring implicit executable reference: (CtExecutableReferenceImpl) <init>[0m
  [34mUnused type args: [org.apache.hc.core5.http.ClassicHttpRequest][0m
  [34mUnused type args: [org.apache.hc.core5.http.impl.io.HttpRequestExecutor][0m
  [34mUnused type args: [org.apache.hc.client5.http.HttpRoute, org.apache.hc.client5.http.io.ManagedHttpClientConnection][0m
  [34mIgnoring anonymous type: (CtTypeReferenceImpl) org.apache.hc.client5.http.impl.cache.BasicHttpCache$1[0m
  [34mIgnoring implicit executable reference: (CtExecutableReferenceImpl) <init>[0m
  [34mIgnoring anonymous type: (CtTypeReferenceImpl) org.apache.hc.client5.http.impl.cache.BasicHttpCache$1[0m
  [34mIgnoring anonymous object declaration: (CtClassImpl) 1 @ httpclient5-cache/src/main/java/org/apache/hc/client5/http/impl/cache/BasicHttpCache.java:151:80[0m
  [34mIgnoring implicit executable reference: (CtExecutableReferenceImpl) <init>[0m
  [34mIgnoring implicit executable reference: (CtExecutableReferenceImpl) <init>[0m
  [34mIgnoring method of an anonymous declaring type: (CtMethodImpl) update @ httpclient5-cache/src/main/java/org/apache/hc/client5/http/impl/cache/BasicHttpCache.java:154:35 in (CtClassImpl) 1 @ httpclient5-cache/src/main/java/org/apache/hc/client5/http/impl/cache/BasicHttpCache.java:151:80[0m
  [34mIgnoring implicit executable reference: (CtExecutableReferenceImpl) <init>[0m
  [34mUnused type args: [org.apache.hc.client5.http.io.ManagedHttpClientConnection][0m
  [34mUnused type args: [org.apache.hc.client5.http.io.ManagedHttpClientConnection][0m
  [34mUnused type args: [org.apache.hc.client5.http.io.ManagedHttpClientConnection][0m
  [34mUnused type args: [org.apache.hc.core5.http.Header @ httpclient5-cache/src/main/java/org/apache/hc/client5/http/impl/cache/CacheEntryUpdater.java:136:28][0m
  [34mUnused type args: [org.apache.hc.core5.http.Header][0m
  [34mUnused type args: [org.apache.hc.core5.http.Header][0m
  [34mUnused type args: [org.apache.hc.core5.http.Header][0m
  [34mUnused type args: [org.apache.hc.core5.http.Header][0m
  [34mUnused type args: [org.apache.hc.core5.http.Header][0m
  [34mIgnoring implicit executable reference: (CtExecutableReferenceImpl) <init>[0m
  [34mIgnoring implicit executable reference: (CtExecutableReferenceImpl) <init>[0m
  [34mUnused type args: [org.apache.hc.core5.http.HttpRequest][0m
  [34mUnused type args: [org.apache.hc.core5.http.HttpResponse][0m
  [34mIgnoring implicit executable reference: (CtExecutableReferenceImpl) <init>[0m
  [34mIgnoring implicit executable reference: (CtExecutableReferenceImpl) <init>[0m
  [34mUnused type args: [org.apache.hc.client5.http.auth.ChallengeType][0m
  [34mUnused type args: [java.util.Map][0m
  [34mUnused type args: [java.lang.String, org.apache.hc.client5.http.auth.AuthChallenge][0m
  [34mUnused type args: [java.lang.String, org.apache.hc.client5.http.auth.AuthChallenge][0m
  [34mUnused type args: [java.lang.String, org.apache.hc.client5.http.auth.AuthChallenge][0m
  [34mUnused type args: [org.apache.hc.core5.http.protocol.HttpContext][0m
  [34mUnused type args: [org.apache.hc.client5.http.auth.AuthScheme @ httpclient5/src/main/java/org/apache/hc/client5/http/impl/protocol/DefaultAuthenticationStrategy.java:85:20][0m
  [34mIgnoring implicit executable reference: (CtExecutableReferenceImpl) <init>[0m
  [34mUnused type args: [org.apache.hc.client5.http.auth.AuthScheme][0m
  [34mUnused type args: [org.apache.hc.client5.http.auth.AuthSchemeProvider @ httpclient5/src/main/java/org/apache/hc/client5/http/impl/protocol/DefaultAuthenticationStrategy.java:86:22][0m
  [34mUnused type args: [org.apache.hc.client5.http.auth.AuthSchemeProvider][0m
  [34mUnused type args: [org.apache.hc.client5.http.auth.AuthSchemeProvider][0m
  [34mUnused type args: [org.apache.hc.client5.http.auth.AuthScheme][0m
  [34mUnused type args: [java.lang.String @ httpclient5/src/main/java/org/apache/hc/client5/http/impl/protocol/DefaultAuthenticationStrategy.java:92:20][0m
  [34mUnused type args: [java.lang.String][0m
  [34mUnused type args: [java.lang.String][0m
  [34mUnused type args: [java.lang.String][0m
  [34mUnused type args: [java.lang.String][0m
  [34mUnused type args: [java.lang.String][0m
  [34mUnused type args: [java.lang.String][0m
  [34mUnused type args: [java.lang.String][0m
  [34mUnused type args: [java.lang.String][0m
  [34mUnused type args: [java.lang.String][0m
  [34mUnused type args: [java.lang.String, org.apache.hc.client5.http.auth.AuthChallenge][0m
  [34mUnused type args: [org.apache.hc.client5.http.auth.AuthSchemeProvider][0m
  [34mUnused type args: [org.apache.hc.client5.http.auth.AuthScheme][0m
  [34mUnused type args: [org.apache.hc.client5.http.auth.AuthScheme][0m
  [34mUnused type args: [org.apache.hc.client5.http.HttpRoute, org.apache.hc.client5.http.io.ManagedHttpClientConnection][0m
  [34mUnused type args: [java.lang.String, java.lang.String][0m
  [34mIgnoring implicit executable reference: (CtExecutableReferenceImpl) <init>[0m
  [34mIgnoring implicit executable reference: (CtExecutableReferenceImpl) <init>[0m
  [34mUnused type args: [org.apache.hc.core5.http.ConnectionReuseStrategy][0m
  [34mUnused type args: [org.apache.hc.core5.http.protocol.HttpProcessor][0m
  [34mUnused type args: [org.apache.hc.client5.http.protocol.AuthenticationStrategy][0m
  [34mIgnoring implicit executable reference: (CtExecutableReferenceImpl) <init>[0m
  [34mskipping default constructor: org.apache.hc.client5.http.impl.routing.BasicRouteDirector()[0m
  [34mIgnoring implicit executable reference: (CtExecutableReferenceImpl) <init>[0m
  [34mUnused type args: [java.io.OutputStream][0m
  [34mIgnoring implicit executable reference: (CtExecutableReferenceImpl) <init>[0m
  [34mIgnoring implicit executable reference: (CtExecutableReferenceImpl) <init>[0m
  [34mUnused type args: [org.apache.hc.client5.http.io.HttpClientConnectionOperator][0m
  [34mUnused type args: [org.apache.hc.client5.http.io.ManagedHttpClientConnection][0m
  [34mUnused type args: [org.apache.hc.client5.http.io.ManagedHttpClientConnection][0m
  [34mUnused type args: [org.apache.hc.client5.http.io.ManagedHttpClientConnection][0m
  [34mUnused type args: [org.apache.hc.client5.http.io.ManagedHttpClientConnection][0m
  [34mUnused type args: [org.apache.hc.client5.http.io.ManagedHttpClientConnection][0m
  [34mUnused type args: [org.apache.hc.client5.http.HttpRoute, org.apache.hc.client5.http.io.ManagedHttpClientConnection][0m
  [34mUnused type args: [org.apache.hc.client5.http.HttpRoute, org.apache.hc.client5.http.io.ManagedHttpClientConnection][0m
  [34mIgnoring implicit executable reference: (CtExecutableReferenceImpl) <init>[0m
  [34mUnused type args: [org.apache.hc.client5.http.HttpRoute, org.apache.hc.client5.http.io.ManagedHttpClientConnection][0m
  [34mUnused type args: [T][0m
  [34mUnused type args: [org.apache.hc.client5.http.HttpRoute][0m
  [34mIgnoring implicit executable reference: (CtExecutableReferenceImpl) <init>[0m
  [34mUnused type args: [org.apache.hc.client5.http.cookie.CookieSpecProvider][0m
  [34mUnused type args: [org.apache.hc.client5.http.cookie.CookieSpecProvider][0m
  [34mUnused type args: [java.lang.String, java.lang.String][0m
  [34mUnused type args: [java.lang.String][0m
  [34mIgnoring implicit executable reference: (CtExecutableReferenceImpl) <init>[0m
  [34mIgnoring implicit executable reference: (CtExecutableReferenceImpl) <init>[0m
  [34mIgnoring implicit executable reference: (CtExecutableReferenceImpl) <init>[0m
  [34mUnused type args: [org.apache.hc.client5.http.socket.ConnectionSocketFactory][0m
  [34mUnused type args: [org.apache.hc.client5.http.io.ManagedHttpClientConnection][0m
  [34mUnused type args: [org.apache.hc.client5.http.HttpRoute][0m
  [34mUnused type args: [org.apache.hc.client5.http.socket.ConnectionSocketFactory][0m
  [34mUnused type args: [org.apache.hc.client5.http.io.ManagedHttpClientConnection][0m
  [34mIgnoring implicit executable reference: (CtExecutableReferenceImpl) <init>[0m
  [34mIgnoring implicit executable reference: (CtExecutableReferenceImpl) <init>[0m
  [34mIgnoring implicit executable reference: (CtExecutableReferenceImpl) <init>[0m
  [34mIgnoring implicit executable reference: (CtExecutableReferenceImpl) <init>[0m
  [34mIgnoring implicit executable reference: (CtExecutableReferenceImpl) <init>[0m
  [34mUnused type args: [org.apache.hc.client5.http.HttpRoute, org.apache.hc.client5.http.io.ManagedHttpClientConnection][0m
  [34mUnused type args: [org.apache.hc.client5.http.HttpRoute, org.apache.hc.client5.http.io.ManagedHttpClientConnection][0m
  [34mUnused type args: [org.apache.hc.core5.util.TimeValue][0m
  [34mUnused type args: [org.apache.hc.client5.http.HttpRoute, org.apache.hc.client5.http.io.ManagedHttpClientConnection][0m
  [34mIgnoring implicit executable reference: (CtExecutableReferenceImpl) <init>[0m
  [34mUnused type args: [org.apache.hc.client5.http.impl.cache.ResourceReference][0m
  [34mUnused type args: [org.apache.hc.client5.http.impl.cache.ResourceReference][0m
  [34mUnused type args: [org.apache.hc.client5.http.cache.HttpCacheEntry][0m
  [34mUnused type args: [?][0m
  [34mUnused type args: [org.apache.hc.client5.http.HttpRoute][0m
  [34mUnused type args: [org.apache.hc.client5.http.HttpRoute][0m
  [34mUnused type args: [org.apache.hc.client5.http.HttpRoute, org.apache.hc.client5.http.io.ManagedHttpClientConnection][0m
  [34mUnused type args: [org.apache.hc.core5.pool.PoolEntry @ httpclient5/src/main/java/org/apache/hc/client5/http/impl/io/PoolingHttpClientConnectionManager.java:239:22][0m
  [34mUnused type args: [org.apache.hc.client5.http.HttpRoute @ httpclient5/src/main/java/org/apache/hc/client5/http/impl/io/PoolingHttpClientConnectionManager.java:239:32, org.apache.hc.client5.http.io.ManagedHttpClientConnection @ httpclient5/src/main/java/org/apache/hc/client5/http/impl/io/PoolingHttpClientConnectionManager.java:239:43][0m
  [34mUnused type args: [org.apache.hc.client5.http.HttpRoute, org.apache.hc.client5.http.io.ManagedHttpClientConnection][0m
  [34mUnused type args: [org.apache.hc.core5.pool.PoolEntry][0m
  [34mUnused type args: [org.apache.hc.client5.http.HttpRoute, org.apache.hc.client5.http.io.ManagedHttpClientConnection][0m
  [34mUnused type args: [org.apache.hc.core5.pool.PoolEntry][0m
  [34mUnused type args: [T, C][0m
  [34mIgnoring anonymous type: (CtTypeReferenceImpl) org.apache.hc.client5.http.impl.io.PoolingHttpClientConnectionManager$1[0m
  [34mIgnoring implicit executable reference: (CtExecutableReferenceImpl) <init>[0m
  [34mIgnoring anonymous type: (CtTypeReferenceImpl) org.apache.hc.client5.http.impl.io.PoolingHttpClientConnectionManager$1[0m
  [34mIgnoring anonymous object declaration: (CtClassImpl) 1 @ httpclient5/src/main/java/org/apache/hc/client5/http/impl/io/PoolingHttpClientConnectionManager.java:240:35[0m
  [34mIgnoring implicit executable reference: (CtExecutableReferenceImpl) <init>[0m
  [34mIgnoring implicit executable reference: (CtExecutableReferenceImpl) <init>[0m
  [34mIgnoring method of an anonymous declaring type: (CtMethodImpl) get @ httpclient5/src/main/java/org/apache/hc/client5/http/impl/io/PoolingHttpClientConnectionManager.java:245:52 in (CtClassImpl) 1 @ httpclient5/src/main/java/org/apache/hc/client5/http/impl/io/PoolingHttpClientConnectionManager.java:240:35[0m
  [34mIgnoring anonymous type: (CtTypeReferenceImpl) org.apache.hc.client5.http.impl.io.PoolingHttpClientConnectionManager$1[0m
  [34mIgnoring anonymous object declaration: (CtClassImpl) 1 @ httpclient5/src/main/java/org/apache/hc/client5/http/impl/io/PoolingHttpClientConnectionManager.java:240:35[0m
  [34mSkipping selection with no resolvable origin: (CtFieldImpl) endpoint @ httpclient5/src/main/java/org/apache/hc/client5/http/impl/io/PoolingHttpClientConnectionManager.java:242:49[0m
  [34mIgnoring anonymous type: (CtTypeReferenceImpl) org.apache.hc.client5.http.impl.io.PoolingHttpClientConnectionManager$1[0m
  [34mIgnoring anonymous type: (CtTypeReferenceImpl) org.apache.hc.client5.http.impl.io.PoolingHttpClientConnectionManager$1[0m
  [34mIgnoring anonymous type: (CtTypeReferenceImpl) org.apache.hc.client5.http.impl.io.PoolingHttpClientConnectionManager$1[0m
  [34mIgnoring anonymous type: (CtTypeReferenceImpl) org.apache.hc.client5.http.impl.io.PoolingHttpClientConnectionManager$1[0m
  [34mIgnoring anonymous object declaration: (CtClassImpl) 1 @ httpclient5/src/main/java/org/apache/hc/client5/http/impl/io/PoolingHttpClientConnectionManager.java:240:35[0m
  [34mSkipping selection with no resolvable origin: (CtFieldImpl) endpoint @ httpclient5/src/main/java/org/apache/hc/client5/http/impl/io/PoolingHttpClientConnectionManager.java:242:49[0m
  [34mIgnoring anonymous type: (CtTypeReferenceImpl) org.apache.hc.client5.http.impl.io.PoolingHttpClientConnectionManager$1[0m
  [34mIgnoring anonymous type: (CtTypeReferenceImpl) org.apache.hc.client5.http.impl.io.PoolingHttpClientConnectionManager$1[0m
  [34mIgnoring anonymous object declaration: (CtClassImpl) 1 @ httpclient5/src/main/java/org/apache/hc/client5/http/impl/io/PoolingHttpClientConnectionManager.java:240:35[0m
  [34mSkipping selection with no resolvable origin: (CtFieldImpl) endpoint @ httpclient5/src/main/java/org/apache/hc/client5/http/impl/io/PoolingHttpClientConnectionManager.java:242:49[0m
  [34mIgnoring anonymous type: (CtTypeReferenceImpl) org.apache.hc.client5.http.impl.io.PoolingHttpClientConnectionManager$1[0m
  [34mIgnoring anonymous type: (CtTypeReferenceImpl) org.apache.hc.client5.http.impl.io.PoolingHttpClientConnectionManager$1[0m
  [34mIgnoring anonymous type: (CtTypeReferenceImpl) org.apache.hc.client5.http.impl.io.PoolingHttpClientConnectionManager$1[0m
  [34mIgnoring anonymous type: (CtTypeReferenceImpl) org.apache.hc.client5.http.impl.io.PoolingHttpClientConnectionManager$1[0m
  [34mIgnoring anonymous object declaration: (CtClassImpl) 1 @ httpclient5/src/main/java/org/apache/hc/client5/http/impl/io/PoolingHttpClientConnectionManager.java:240:35[0m
  [34mSkipping selection with no resolvable origin: (CtFieldImpl) endpoint @ httpclient5/src/main/java/org/apache/hc/client5/http/impl/io/PoolingHttpClientConnectionManager.java:242:49[0m
  [34mIgnoring anonymous type: (CtTypeReferenceImpl) org.apache.hc.client5.http.impl.io.PoolingHttpClientConnectionManager$1[0m
  [34mUnused type args: [org.apache.hc.client5.http.HttpRoute @ httpclient5/src/main/java/org/apache/hc/client5/http/impl/io/PoolingHttpClientConnectionManager.java:251:33, org.apache.hc.client5.http.io.ManagedHttpClientConnection @ httpclient5/src/main/java/org/apache/hc/client5/http/impl/io/PoolingHttpClientConnectionManager.java:251:44][0m
  [34mUnused type args: [org.apache.hc.client5.http.HttpRoute, org.apache.hc.client5.http.io.ManagedHttpClientConnection][0m
  [34mUnused type args: [org.apache.hc.client5.http.HttpRoute, org.apache.hc.client5.http.io.ManagedHttpClientConnection][0m
  [34mUnused type args: [org.apache.hc.core5.pool.PoolEntry][0m
  [34mUnused type args: [org.apache.hc.client5.http.HttpRoute, org.apache.hc.client5.http.io.ManagedHttpClientConnection][0m
  [34mUnused type args: [org.apache.hc.client5.http.HttpRoute, org.apache.hc.client5.http.io.ManagedHttpClientConnection][0m
  [34mUnused type args: [org.apache.hc.client5.http.HttpRoute, org.apache.hc.client5.http.io.ManagedHttpClientConnection][0m
  [34mUnused type args: [org.apache.hc.core5.pool.PoolEntry][0m
  [34mUnused type args: [org.apache.hc.client5.http.HttpRoute, org.apache.hc.client5.http.io.ManagedHttpClientConnection][0m
  [34mIgnoring implicit executable reference: (CtExecutableReferenceImpl) <init>[0m
  [34mUnused type args: [org.apache.hc.core5.pool.PoolEntry][0m
  [34mUnused type args: [org.apache.hc.client5.http.HttpRoute, org.apache.hc.client5.http.io.ManagedHttpClientConnection][0m
  [34mUnused type args: [org.apache.hc.client5.http.HttpRoute, org.apache.hc.client5.http.io.ManagedHttpClientConnection][0m
  [34mUnused type args: [org.apache.hc.client5.http.HttpRoute, org.apache.hc.client5.http.io.ManagedHttpClientConnection][0m
  [34mUnused type args: [org.apache.hc.client5.http.HttpRoute, org.apache.hc.client5.http.io.ManagedHttpClientConnection][0m
  [34mUnused type args: [org.apache.hc.client5.http.HttpRoute, org.apache.hc.client5.http.io.ManagedHttpClientConnection][0m
  [34mUnused type args: [org.apache.hc.client5.http.HttpRoute, org.apache.hc.client5.http.io.ManagedHttpClientConnection][0m
  [34mUnused type args: [org.apache.hc.client5.http.io.ManagedHttpClientConnection][0m
  [34mUnused type args: [org.apache.hc.client5.http.HttpRoute][0m
  [34mUnused type args: [org.apache.hc.client5.http.HttpRoute, org.apache.hc.client5.http.io.ManagedHttpClientConnection][0m
  [34mUnused type args: [org.apache.hc.client5.http.HttpRoute, org.apache.hc.client5.http.io.ManagedHttpClientConnection][0m
  [34mUnused type args: [org.apache.hc.core5.pool.PoolEntry][0m
  [34mUnused type args: [org.apache.hc.client5.http.HttpRoute, org.apache.hc.client5.http.io.ManagedHttpClientConnection][0m
  [34mUnused type args: [org.apache.hc.client5.http.HttpRoute, org.apache.hc.client5.http.io.ManagedHttpClientConnection][0m
  [34mUnused type args: [T, C][0m
  [34mUnused type args: [org.apache.hc.client5.http.HttpRoute, org.apache.hc.client5.http.io.ManagedHttpClientConnection][0m
  [34mIgnoring anonymous type: (CtTypeReferenceImpl) org.apache.hc.client5.http.impl.io.PoolingHttpClientConnectionManager$1[0m
  [34mIgnoring anonymous object declaration: (CtClassImpl) 1 @ httpclient5/src/main/java/org/apache/hc/client5/http/impl/io/PoolingHttpClientConnectionManager.java:240:35[0m
  [34mSkipping selection with no resolvable origin: (CtFieldImpl) endpoint @ httpclient5/src/main/java/org/apache/hc/client5/http/impl/io/PoolingHttpClientConnectionManager.java:242:49[0m
  [34mIgnoring anonymous type: (CtTypeReferenceImpl) org.apache.hc.client5.http.impl.io.PoolingHttpClientConnectionManager$1[0m
  [34mIgnoring anonymous type: (CtTypeReferenceImpl) org.apache.hc.client5.http.impl.io.PoolingHttpClientConnectionManager$1[0m
  [34mIgnoring anonymous type: (CtTypeReferenceImpl) org.apache.hc.client5.http.impl.io.PoolingHttpClientConnectionManager$1[0m
  [34mIgnoring anonymous type: (CtTypeReferenceImpl) org.apache.hc.client5.http.impl.io.PoolingHttpClientConnectionManager$1[0m
  [34mIgnoring anonymous object declaration: (CtClassImpl) 1 @ httpclient5/src/main/java/org/apache/hc/client5/http/impl/io/PoolingHttpClientConnectionManager.java:240:35[0m
  [34mSkipping selection with no resolvable origin: (CtFieldImpl) endpoint @ httpclient5/src/main/java/org/apache/hc/client5/http/impl/io/PoolingHttpClientConnectionManager.java:242:49[0m
  [34mIgnoring anonymous type: (CtTypeReferenceImpl) org.apache.hc.client5.http.impl.io.PoolingHttpClientConnectionManager$1[0m
  [34mIgnoring implicit executable reference: (CtExecutableReferenceImpl) <init>[0m
  [34mUnused type args: [org.apache.hc.client5.http.HttpRoute, org.apache.hc.client5.http.io.ManagedHttpClientConnection][0m
  [34mUnused type args: [org.apache.hc.client5.http.HttpRoute, org.apache.hc.client5.http.io.ManagedHttpClientConnection][0m
  [34mIgnoring anonymous type: (CtTypeReferenceImpl) org.apache.hc.client5.http.impl.io.PoolingHttpClientConnectionManager$1[0m
  [34mIgnoring anonymous object declaration: (CtClassImpl) 1 @ httpclient5/src/main/java/org/apache/hc/client5/http/impl/io/PoolingHttpClientConnectionManager.java:240:35[0m
  [34mSkipping selection with no resolvable origin: (CtFieldImpl) endpoint @ httpclient5/src/main/java/org/apache/hc/client5/http/impl/io/PoolingHttpClientConnectionManager.java:242:49[0m
  [34mIgnoring anonymous type: (CtTypeReferenceImpl) org.apache.hc.client5.http.impl.io.PoolingHttpClientConnectionManager$1[0m
  [34mIgnoring anonymous type: (CtTypeReferenceImpl) org.apache.hc.client5.http.impl.io.PoolingHttpClientConnectionManager$1[0m
  [34mIgnoring anonymous type: (CtTypeReferenceImpl) org.apache.hc.client5.http.impl.io.PoolingHttpClientConnectionManager$1[0m
  [34mIgnoring anonymous type: (CtTypeReferenceImpl) org.apache.hc.client5.http.impl.io.PoolingHttpClientConnectionManager$1[0m
  [34mIgnoring anonymous object declaration: (CtClassImpl) 1 @ httpclient5/src/main/java/org/apache/hc/client5/http/impl/io/PoolingHttpClientConnectionManager.java:240:35[0m
  [34mSkipping selection with no resolvable origin: (CtFieldImpl) endpoint @ httpclient5/src/main/java/org/apache/hc/client5/http/impl/io/PoolingHttpClientConnectionManager.java:242:49[0m
  [34mIgnoring anonymous type: (CtTypeReferenceImpl) org.apache.hc.client5.http.impl.io.PoolingHttpClientConnectionManager$1[0m
  [34mUnused type args: [org.apache.hc.client5.http.HttpRoute, org.apache.hc.client5.http.io.ManagedHttpClientConnection][0m
  [34mUnused type args: [T, C][0m
  [34mUnused type args: [org.apache.hc.client5.http.HttpRoute, org.apache.hc.client5.http.io.ManagedHttpClientConnection][0m
  [34mIgnoring implicit executable reference: (CtExecutableReferenceImpl) <init>[0m
  [34mIgnoring method of an anonymous declaring type: (CtMethodImpl) cancel @ httpclient5/src/main/java/org/apache/hc/client5/http/impl/io/PoolingHttpClientConnectionManager.java:300:28 in (CtClassImpl) 1 @ httpclient5/src/main/java/org/apache/hc/client5/http/impl/io/PoolingHttpClientConnectionManager.java:240:35[0m
  [34mUnused type args: [org.apache.hc.core5.pool.PoolEntry][0m
  [34mUnused type args: [org.apache.hc.client5.http.HttpRoute, org.apache.hc.client5.http.io.ManagedHttpClientConnection][0m
  [34mUnused type args: [org.apache.hc.client5.http.HttpRoute, org.apache.hc.client5.http.io.ManagedHttpClientConnection][0m
  [34mIgnoring implicit executable reference: (CtExecutableReferenceImpl) <init>[0m
  [34mIgnoring implicit executable reference: (CtExecutableReferenceImpl) <init>[0m
  [34mUnused type args: [java.lang.String, java.lang.Boolean][0m
  [34mUnused type args: [java.lang.String, java.lang.Boolean][0m
  [34mIgnoring implicit executable reference: (CtExecutableReferenceImpl) <init>[0m
  [34mUnused type args: [java.lang.String, java.lang.Boolean][0m
  [34mUnused type args: [java.lang.String, java.lang.Boolean][0m
  [34mIgnoring implicit executable reference: (CtExecutableReferenceImpl) <init>[0m
  [34mIgnoring implicit executable reference: (CtExecutableReferenceImpl) <init>[0m
  [34mIgnoring implicit executable reference: (CtExecutableReferenceImpl) <init>[0m
  [34mIgnoring implicit executable reference: (CtExecutableReferenceImpl) <init>[0m
  [34mUnused type args: [org.apache.hc.client5.http.routing.HttpRoutePlanner][0m
  [34mUnused type args: [org.apache.hc.client5.http.protocol.RedirectStrategy][0m
  [34mIgnoring implicit executable reference: (CtExecutableReferenceImpl) <init>[0m
  [34mIgnoring implicit executable reference: (CtExecutableReferenceImpl) <init>[0m
  [34mUnused type args: [org.apache.hc.core5.http.HttpRequest][0m
  [34mUnused type args: [org.apache.hc.core5.http.HttpResponse][0m
  [34mUnused type args: [org.apache.hc.core5.http.protocol.HttpContext][0m
  [34mIgnoring implicit executable reference: (CtExecutableReferenceImpl) <init>[0m
  [34mIgnoring implicit executable reference: (CtExecutableReferenceImpl) <init>[0m
  [34mIgnoring implicit executable reference: (CtExecutableReferenceImpl) <init>[0m
  [34mIgnoring implicit executable reference: (CtExecutableReferenceImpl) <init>[0m
  [34mIgnoring implicit executable reference: (CtExecutableReferenceImpl) <init>[0m
  [34mIgnoring implicit executable reference: (CtExecutableReferenceImpl) <init>[0m
  [34mIgnoring implicit executable reference: (CtExecutableReferenceImpl) <init>[0m
  [34mIgnoring implicit executable reference: (CtExecutableReferenceImpl) <init>[0m
  [34mIgnoring implicit executable reference: (CtExecutableReferenceImpl) <init>[0m
  [34mIgnoring implicit executable reference: (CtExecutableReferenceImpl) <init>[0m
  [34mIgnoring implicit executable reference: (CtExecutableReferenceImpl) <init>[0m
  [34mIgnoring implicit executable reference: (CtExecutableReferenceImpl) <init>[0m
  [34mUnused type args: [org.apache.hc.client5.http.socket.ConnectionSocketFactory][0m
  [34mUnused type args: [org.apache.hc.client5.http.socket.ConnectionSocketFactory][0m
  [34mUnused type args: [org.apache.hc.client5.http.io.ManagedHttpClientConnection][0m
  [34mUnused type args: [org.apache.hc.client5.http.io.ManagedHttpClientConnection][0m
  [34mUnused type args: [org.apache.hc.client5.http.HttpRoute, org.apache.hc.client5.http.io.ManagedHttpClientConnection][0m
  [34mUnused type args: [org.apache.hc.client5.http.HttpRoute, org.apache.hc.client5.http.io.ManagedHttpClientConnection][0m
  [34mUnused type args: [org.apache.hc.client5.http.HttpRoute, org.apache.hc.client5.http.io.ManagedHttpClientConnection][0m
  [34mIgnoring implicit executable reference: (CtExecutableReferenceImpl) <init>[0m
  [34mIgnoring implicit executable reference: (CtExecutableReferenceImpl) <init>[0m
  [34mIgnoring implicit executable reference: (CtExecutableReferenceImpl) <init>[0m
  [34mUnused type args: [org.apache.hc.client5.http.socket.ConnectionSocketFactory][0m
  [34mUnused type args: [org.apache.hc.client5.http.io.ManagedHttpClientConnection][0m
  [34mUnused type args: [org.apache.hc.client5.http.HttpRoute][0m
  [34mUnused type args: [org.apache.hc.client5.http.socket.ConnectionSocketFactory][0m
  [34mUnused type args: [org.apache.hc.core5.http.Header @ httpclient5-cache/src/main/java/org/apache/hc/client5/http/impl/cache/CacheEntryUpdater.java:123:32][0m
  [34mUnused type args: [org.apache.hc.core5.http.Header][0m
  [34mUnused type args: [org.apache.hc.core5.http.Header][0m
  [34mUnused type args: [org.apache.hc.core5.http.Header][0m
  [34mUnused type args: [org.apache.hc.core5.http.Header][0m
  [34mUnused type args: [org.apache.hc.core5.http.Header][0m
  [34mIgnoring implicit executable reference: (CtExecutableReferenceImpl) <init>[0m
  [34mIgnoring implicit executable reference: (CtExecutableReferenceImpl) <init>[0m
  [34mUnused type args: [org.apache.hc.client5.http.HttpRoute, org.apache.hc.client5.http.io.ManagedHttpClientConnection][0m
  [34mIgnoring implicit executable reference: (CtExecutableReferenceImpl) <init>[0m
  [34mIgnoring implicit executable reference: (CtExecutableReferenceImpl) <init>[0m
  [34mIgnoring implicit executable reference: (CtExecutableReferenceImpl) <init>[0m
  [34mIgnoring implicit executable reference: (CtExecutableReferenceImpl) <init>[0m
  [34mIgnoring implicit executable reference: (CtExecutableReferenceImpl) <init>[0m
  [34mUnused type args: [org.apache.hc.client5.http.socket.ConnectionSocketFactory][0m
  [34mUnused type args: [org.apache.hc.client5.http.io.ManagedHttpClientConnection][0m
  [34mUnused type args: [org.apache.hc.client5.http.socket.ConnectionSocketFactory][0m
  [34mUnused type args: [org.apache.hc.client5.http.io.ManagedHttpClientConnection][0m
  [34mIgnoring implicit executable reference: (CtExecutableReferenceImpl) <init>[0m
  [34mIgnoring implicit executable reference: (CtExecutableReferenceImpl) <init>[0m
  [34mIgnoring implicit executable reference: (CtExecutableReferenceImpl) <init>[0m
  [34mIgnoring implicit executable reference: (CtExecutableReferenceImpl) <init>[0m
  [34mIgnoring implicit executable reference: (CtExecutableReferenceImpl) <init>[0m
  [34mUnused type args: [org.apache.hc.client5.http.cookie.CookieSpecProvider @ httpclient5/src/main/java/org/apache/hc/client5/http/impl/sync/CookieSpecRegistries.java:52:33][0m
  [34mUnused type args: [org.apache.hc.client5.http.cookie.CookieSpecProvider][0m
  [34mUnused type args: [org.apache.hc.client5.http.cookie.CookieSpecProvider][0m
  [34mUnused type args: [org.apache.hc.client5.http.cookie.CookieSpecProvider][0m
  [34mUnused type args: [org.apache.hc.client5.http.cookie.CookieSpecProvider][0m
  [34mUnused type args: [org.apache.hc.client5.http.cookie.CookieSpecProvider][0m
  [34mIgnoring implicit executable reference: (CtExecutableReferenceImpl) <init>[0m
  [34mUnused type args: [org.apache.hc.client5.http.io.ConnectionEndpoint][0m
  [34mUnused type args: [org.apache.hc.client5.http.HttpRoute @ httpclient5/src/main/java/org/apache/hc/client5/http/impl/io/PoolingHttpClientConnectionManager.java:377:25, org.apache.hc.client5.http.io.ManagedHttpClientConnection @ httpclient5/src/main/java/org/apache/hc/client5/http/impl/io/PoolingHttpClientConnectionManager.java:377:36][0m
  [34mUnused type args: [org.apache.hc.client5.http.HttpRoute, org.apache.hc.client5.http.io.ManagedHttpClientConnection][0m
  [34mUnused type args: [org.apache.hc.client5.http.HttpRoute, org.apache.hc.client5.http.io.ManagedHttpClientConnection][0m
  [34mUnused type args: [org.apache.hc.client5.http.HttpRoute, org.apache.hc.client5.http.io.ManagedHttpClientConnection][0m
  [34mUnused type args: [org.apache.hc.core5.http.ClassicHttpRequest][0m
  [34mUnused type args: [org.apache.hc.client5.http.sync.ExecChain$Scope][0m
  [34mIgnoring implicit executable reference: (CtExecutableReferenceImpl) <init>[0m
  [34mIgnoring implicit executable reference: (CtExecutableReferenceImpl) <init>[0m
  [34mUnused type args: [org.apache.hc.core5.http.HttpHost][0m
  [34mIgnoring implicit executable reference: (CtExecutableReferenceImpl) <init>[0m
  [34mUnused type args: [org.apache.hc.core5.http.Header][0m
  [34mUnused type args: [org.apache.hc.core5.http.Header][0m
  [34mUnused type args: [?][0m
  Pending package java.lang.constant
  [34mUnused type args: [?][0m
  [34mIgnoring implicit executable reference: (CtExecutableReferenceImpl) <init>[0m
  [34mUnused type args: [java.lang.String, org.apache.hc.client5.http.impl.cache.FailureCacheValue][0m
  [34mUnused type args: [java.lang.String, org.apache.hc.client5.http.impl.cache.FailureCacheValue][0m
  [34mIgnoring implicit executable reference: (CtExecutableReferenceImpl) <init>[0m
  [34mIgnoring implicit executable reference: (CtExecutableReferenceImpl) <init>[0m
  [34mUnused type args: [?][0m
  [34mUnused type args: [?][0m
  [34mIgnoring implicit executable reference: (CtExecutableReferenceImpl) <init>[0m
  [34mIgnoring implicit executable reference: (CtExecutableReferenceImpl) <init>[0m
  [34mIgnoring implicit executable reference: (CtExecutableReferenceImpl) <init>[0m
  [34mIgnoring implicit executable reference: (CtExecutableReferenceImpl) <init>[0m
  [34mIgnoring implicit executable reference: (CtExecutableReferenceImpl) <init>[0m
  [34mIgnoring implicit executable reference: (CtExecutableReferenceImpl) <init>[0m
  [34mUnused type args: [org.apache.hc.client5.http.socket.ConnectionSocketFactory][0m
  [34mUnused type args: [org.apache.hc.client5.http.io.ManagedHttpClientConnection][0m
  [34mUnused type args: [org.apache.hc.client5.http.socket.ConnectionSocketFactory][0m
  [34mUnused type args: [org.apache.hc.client5.http.io.ManagedHttpClientConnection][0m
  [34mIgnoring implicit executable reference: (CtExecutableReferenceImpl) <init>[0m
  [34mUnused type args: [org.apache.hc.client5.http.cache.CacheResponseStatus][0m
  [34mUnused type args: [T][0m
  [34mSkipping selection with no field declaration: (CtFieldReferenceImpl) class[0m
  [34mSkipping selection with no field declaration: (CtFieldReferenceImpl) class[0m
  [34mIgnoring implicit executable reference: (CtExecutableReferenceImpl) <init>[0m
  [34mIgnoring implicit executable reference: (CtExecutableReferenceImpl) <init>[0m
  [34mIgnoring implicit executable reference: (CtExecutableReferenceImpl) <init>[0m
  getting parent type for (CtEnumImpl) State @ httpclient5/src/main/java/org/apache/hc/client5/http/impl/auth/NTLMScheme.java:52:10
  [34mskipping default constructor: org.apache.hc.client5.http.impl.auth.NTLMScheme$State()[0m
  [34mIgnoring implicit executable reference: (CtExecutableReferenceImpl) <init>[0m
  [34mIgnoring implicit executable reference: (CtExecutableReferenceImpl) <init>[0m
  [34mIgnoring implicit executable reference: (CtExecutableReferenceImpl) <init>[0m
  [34mIgnoring implicit executable reference: (CtExecutableReferenceImpl) <init>[0m
  [34mIgnoring implicit executable reference: (CtExecutableReferenceImpl) <init>[0m
  [34mUnused type args: [org.apache.hc.client5.http.HttpRoute, org.apache.hc.client5.http.io.ManagedHttpClientConnection][0m
  [34mIgnoring implicit executable reference: (CtExecutableReferenceImpl) <init>[0m
  [34mIgnoring implicit executable reference: (CtExecutableReferenceImpl) <init>[0m
  [34mIgnoring implicit executable reference: (CtExecutableReferenceImpl) <init>[0m
  [34mUnused type args: [java.lang.String, org.apache.hc.client5.http.impl.cache.FailureCacheValue][0m
  [34mUnused type args: [java.lang.String][0m
  [34mIgnoring implicit executable reference: (CtExecutableReferenceImpl) <init>[0m
  [34mIgnoring implicit executable reference: (CtExecutableReferenceImpl) <init>[0m
  [34mIgnoring implicit executable reference: (CtExecutableReferenceImpl) <init>[0m
  [34mIgnoring implicit executable reference: (CtExecutableReferenceImpl) <init>[0m
  [34mUnused type args: [org.apache.hc.client5.http.auth.AuthSchemeProvider][0m
  [34mUnused type args: [org.apache.hc.client5.http.cookie.CookieSpecProvider][0m
  [34mIgnoring implicit executable reference: (CtExecutableReferenceImpl) <init>[0m
  [34mIgnoring implicit executable reference: (CtExecutableReferenceImpl) <init>[0m
  [34mUnused type args: [org.apache.hc.client5.http.socket.ConnectionSocketFactory][0m
  [34mUnused type args: [org.apache.hc.client5.http.io.ManagedHttpClientConnection][0m
  [34mUnused type args: [org.apache.hc.client5.http.socket.ConnectionSocketFactory][0m
  [34mIgnoring implicit executable reference: (CtExecutableReferenceImpl) <init>[0m
  [34mIgnoring implicit executable reference: (CtExecutableReferenceImpl) <init>[0m
  [34mIgnoring implicit executable reference: (CtExecutableReferenceImpl) <init>[0m
  [34mUnused type args: [java.lang.String][0m
  [34mIgnoring implicit executable reference: (CtExecutableReferenceImpl) <init>[0m
  [34mIgnoring implicit executable reference: (CtExecutableReferenceImpl) <init>[0m
  [34mUnused type args: [?][0m
  [34mUnused type args: [org.apache.hc.client5.http.cache.HttpCacheEntry][0m
  [34mUnused type args: [org.apache.hc.client5.http.cache.Resource][0m
  [34mIgnoring implicit executable reference: (CtExecutableReferenceImpl) <init>[0m
  [34mIgnoring implicit executable reference: (CtExecutableReferenceImpl) <init>[0m
  [34mIgnoring implicit executable reference: (CtExecutableReferenceImpl) <init>[0m
  [34mUnused type args: [java.lang.String @ httpclient5-cache/src/main/java/org/apache/hc/client5/http/impl/cache/BasicHttpCache.java:245:19, java.lang.String @ httpclient5-cache/src/main/java/org/apache/hc/client5/http/impl/cache/BasicHttpCache.java:245:26][0m
  [34mIgnoring implicit executable reference: (CtExecutableReferenceImpl) <init>[0m
  [34mUnused type args: [java.lang.String, java.lang.String][0m
  [34mUnused type args: [?, ?][0m
  [34mUnused type args: [java.lang.String, java.lang.String][0m
  [34mUnused type args: [java.lang.String, java.lang.String][0m
  [34mIgnoring implicit executable reference: (CtExecutableReferenceImpl) <init>[0m
  [34mUnused type args: [java.lang.String, java.lang.String][0m
  [34mUnused type args: [java.lang.String, java.lang.String][0m
  [34mIgnoring implicit executable reference: (CtExecutableReferenceImpl) <init>[0m
  [34mIgnoring implicit executable reference: (CtExecutableReferenceImpl) <init>[0m
  [34mUnused type args: [org.apache.hc.client5.http.HttpRoute, org.apache.hc.client5.http.io.ManagedHttpClientConnection][0m
  [34mIgnoring implicit executable reference: (CtExecutableReferenceImpl) <init>[0m
  [34mIgnoring implicit executable reference: (CtExecutableReferenceImpl) <init>[0m
  [34mIgnoring implicit executable reference: (CtExecutableReferenceImpl) <init>[0m
  [34mIgnoring implicit executable reference: (CtExecutableReferenceImpl) <init>[0m
  [34mIgnoring implicit executable reference: (CtExecutableReferenceImpl) <init>[0m
  [34mUnused type args: [org.apache.hc.client5.http.HttpRoute, org.apache.hc.client5.http.io.ManagedHttpClientConnection][0m
  [34mUnused type args: [org.apache.hc.client5.http.HttpRoute @ httpclient5/src/main/java/org/apache/hc/client5/http/impl/io/PoolingHttpClientConnectionManager.java:529:29, org.apache.hc.client5.http.io.ManagedHttpClientConnection @ httpclient5/src/main/java/org/apache/hc/client5/http/impl/io/PoolingHttpClientConnectionManager.java:529:40][0m
  [34mUnused type args: [org.apache.hc.client5.http.HttpRoute, org.apache.hc.client5.http.io.ManagedHttpClientConnection][0m
  [34mUnused type args: [org.apache.hc.client5.http.HttpRoute, org.apache.hc.client5.http.io.ManagedHttpClientConnection][0m
  [34mIgnoring implicit executable reference: (CtExecutableReferenceImpl) <init>[0m
  Pending package java.util.zip
  [34mIgnoring implicit executable reference: (CtExecutableReferenceImpl) <init>[0m
  [34mIgnoring implicit executable reference: (CtExecutableReferenceImpl) <init>[0m
  [34mUnused type args: [java.io.OutputStream][0m
  [34mIgnoring implicit executable reference: (CtExecutableReferenceImpl) <init>[0m
  [34mIgnoring implicit executable reference: (CtExecutableReferenceImpl) <init>[0m
  [34mIgnoring implicit executable reference: (CtExecutableReferenceImpl) <init>[0m
  [34mIgnoring implicit executable reference: (CtExecutableReferenceImpl) <init>[0m
  [34mIgnoring implicit executable reference: (CtExecutableReferenceImpl) <init>[0m
  [34mIgnoring implicit executable reference: (CtExecutableReferenceImpl) <init>[0m
  [34mIgnoring implicit executable reference: (CtExecutableReferenceImpl) <init>[0m
  [34mIgnoring implicit executable reference: (CtExecutableReferenceImpl) <init>[0m
  [34mIgnoring implicit executable reference: (CtExecutableReferenceImpl) <init>[0m
  [34mIgnoring implicit executable reference: (CtExecutableReferenceImpl) <init>[0m
  [34mIgnoring implicit executable reference: (CtExecutableReferenceImpl) <init>[0m
  [34mUnused type args: [org.apache.hc.client5.http.auth.Credentials][0m
  [34mUnused type args: [java.lang.String, java.lang.String][0m
  [34mUnused type args: [java.lang.String, java.lang.String][0m
  [34mIgnoring implicit executable reference: (CtExecutableReferenceImpl) <init>[0m
  [34mIgnoring implicit executable reference: (CtExecutableReferenceImpl) <init>[0m
  [34mIgnoring implicit executable reference: (CtExecutableReferenceImpl) <init>[0m
  [34mIgnoring implicit executable reference: (CtExecutableReferenceImpl) <init>[0m
  [34mIgnoring implicit executable reference: (CtExecutableReferenceImpl) <init>[0m
  [34mIgnoring implicit executable reference: (CtExecutableReferenceImpl) <init>[0m
  [34mIgnoring implicit executable reference: (CtExecutableReferenceImpl) <init>[0m
  [34mIgnoring implicit executable reference: (CtExecutableReferenceImpl) <init>[0m
  [34mIgnoring implicit executable reference: (CtExecutableReferenceImpl) <init>[0m
  [34mUnused type args: [java.io.OutputStream][0m
  [34mUnused type args: [java.util.List][0m
  [34mUnused type args: [?][0m
  [34mUnused type args: [org.apache.hc.core5.http.HttpHost][0m
  [34mIgnoring implicit executable reference: (CtExecutableReferenceImpl) <init>[0m
  [34mIgnoring implicit executable reference: (CtExecutableReferenceImpl) <init>[0m
  [34mIgnoring implicit executable reference: (CtExecutableReferenceImpl) <init>[0m
  [34mIgnoring implicit executable reference: (CtExecutableReferenceImpl) <init>[0m
  [34mIgnoring implicit executable reference: (CtExecutableReferenceImpl) <init>[0m
  [34mIgnoring implicit executable reference: (CtExecutableReferenceImpl) <init>[0m
  [34mIgnoring implicit executable reference: (CtExecutableReferenceImpl) <init>[0m
  [34mIgnoring implicit executable reference: (CtExecutableReferenceImpl) <init>[0m
  [34mIgnoring implicit executable reference: (CtExecutableReferenceImpl) <init>[0m
  [34mUnused type args: [javax.net.ssl.SSLContext][0m
  [34mIgnoring implicit executable reference: (CtExecutableReferenceImpl) <init>[0m
  [34mIgnoring implicit executable reference: (CtExecutableReferenceImpl) <init>[0m
  [34mIgnoring implicit executable reference: (CtExecutableReferenceImpl) <init>[0m
  [34mIgnoring implicit executable reference: (CtExecutableReferenceImpl) <init>[0m
  [34mUnused type args: [?][0m
  [34mIgnoring implicit executable reference: (CtExecutableReferenceImpl) <init>[0m
  [34mIgnoring implicit executable reference: (CtExecutableReferenceImpl) <init>[0m
  [34mIgnoring implicit executable reference: (CtExecutableReferenceImpl) <init>[0m
  [34mIgnoring implicit executable reference: (CtExecutableReferenceImpl) <init>[0m
  [34mIgnoring implicit executable reference: (CtExecutableReferenceImpl) <init>[0m
  [34mUnused type args: [org.apache.hc.core5.http.ClassicHttpRequest][0m
  [34mUnused type args: [org.apache.hc.core5.http.ClassicHttpResponse][0m
  [34mUnused type args: [org.apache.hc.core5.http.ClassicHttpResponse][0m
  [34mIgnoring implicit executable reference: (CtExecutableReferenceImpl) <init>[0m
  [34mIgnoring implicit executable reference: (CtExecutableReferenceImpl) <init>[0m
  [34mIgnoring implicit executable reference: (CtExecutableReferenceImpl) <init>[0m
  [34mIgnoring implicit executable reference: (CtExecutableReferenceImpl) <init>[0m
  [34mIgnoring implicit executable reference: (CtExecutableReferenceImpl) <init>[0m
  [34mIgnoring implicit executable reference: (CtExecutableReferenceImpl) <init>[0m
  [34mUnused type args: [java.lang.String, java.lang.String][0m
  [34mUnused type args: [java.lang.String, java.lang.String][0m
  [34mIgnoring implicit executable reference: (CtExecutableReferenceImpl) <init>[0m
  [34mUnused type args: [java.lang.String, java.lang.String][0m
  [34mIgnoring implicit executable reference: (CtExecutableReferenceImpl) <init>[0m
  [34mIgnoring implicit executable reference: (CtExecutableReferenceImpl) <init>[0m
  [34mUnused type args: [java.lang.String, java.lang.String][0m
  [34mUnused type args: [org.apache.hc.client5.http.RouteInfo][0m
  [34mIgnoring implicit executable reference: (CtExecutableReferenceImpl) <init>[0m
  [34mIgnoring implicit executable reference: (CtExecutableReferenceImpl) <init>[0m
  [34mIgnoring implicit executable reference: (CtExecutableReferenceImpl) <init>[0m
  [34mIgnoring implicit executable reference: (CtExecutableReferenceImpl) <init>[0m
  [34mIgnoring implicit executable reference: (CtExecutableReferenceImpl) <init>[0m
  [34mIgnoring implicit executable reference: (CtExecutableReferenceImpl) <init>[0m
  [34mIgnoring implicit executable reference: (CtExecutableReferenceImpl) <init>[0m
  [34mIgnoring implicit executable reference: (CtExecutableReferenceImpl) <init>[0m
  [34mIgnoring implicit executable reference: (CtExecutableReferenceImpl) <init>[0m
  [34mIgnoring implicit executable reference: (CtExecutableReferenceImpl) <init>[0m
  [34mIgnoring implicit executable reference: (CtExecutableReferenceImpl) <init>[0m
  [34mIgnoring implicit executable reference: (CtExecutableReferenceImpl) <init>[0m
  [34mIgnoring implicit executable reference: (CtExecutableReferenceImpl) <init>[0m
  [34mIgnoring implicit executable reference: (CtExecutableReferenceImpl) <init>[0m
  [34mIgnoring implicit executable reference: (CtExecutableReferenceImpl) <init>[0m
  [34mUnused type args: [org.apache.hc.core5.http.ClassicHttpResponse][0m
  [34mIgnoring implicit executable reference: (CtExecutableReferenceImpl) <init>[0m
  [34mIgnoring implicit executable reference: (CtExecutableReferenceImpl) <init>[0m
  [34mIgnoring implicit executable reference: (CtExecutableReferenceImpl) <init>[0m
  [34mUnused type args: [org.apache.hc.client5.http.io.ConnectionEndpoint][0m
  [34mUnused type args: [org.apache.hc.core5.http.HttpRequest][0m
  [34mUnused type args: [java.lang.String, java.lang.String][0m
  [34mIgnoring implicit executable reference: (CtExecutableReferenceImpl) <init>[0m
  [34mUnused type args: [java.lang.String, java.lang.String][0m
  [34mIgnoring implicit executable reference: (CtExecutableReferenceImpl) <init>[0m
  [34mIgnoring implicit executable reference: (CtExecutableReferenceImpl) <init>[0m
  [34mIgnoring implicit executable reference: (CtExecutableReferenceImpl) <init>[0m
  [34mIgnoring implicit executable reference: (CtExecutableReferenceImpl) <init>[0m
  [34mIgnoring implicit executable reference: (CtExecutableReferenceImpl) <init>[0m
  [34mIgnoring implicit executable reference: (CtExecutableReferenceImpl) <init>[0m
  [34mUnused type args: [org.apache.hc.client5.http.io.ConnectionEndpoint][0m
  [34mUnused type args: [org.apache.hc.client5.http.io.ConnectionEndpoint][0m
  [34mIgnoring implicit executable reference: (CtExecutableReferenceImpl) <init>[0m
  [34mUnused type args: [org.apache.hc.client5.http.io.ConnectionEndpoint][0m
  [34mIgnoring implicit executable reference: (CtExecutableReferenceImpl) <init>[0m
  [34mIgnoring implicit executable reference: (CtExecutableReferenceImpl) <init>[0m
  [34mIgnoring implicit executable reference: (CtExecutableReferenceImpl) <init>[0m
  [34mIgnoring implicit executable reference: (CtExecutableReferenceImpl) <init>[0m
  [34mIgnoring implicit executable reference: (CtExecutableReferenceImpl) <init>[0m
  [34mIgnoring implicit executable reference: (CtExecutableReferenceImpl) <init>[0m
  [34mIgnoring implicit executable reference: (CtExecutableReferenceImpl) <init>[0m
  [34mIgnoring implicit executable reference: (CtExecutableReferenceImpl) <init>[0m
  [34mUnused type args: [org.apache.hc.client5.http.io.ConnectionEndpoint][0m
  [34mIgnoring implicit executable reference: (CtExecutableReferenceImpl) <init>[0m
  [34mIgnoring implicit executable reference: (CtExecutableReferenceImpl) <init>[0m
  [34mUnused type args: [org.apache.hc.client5.http.auth.AuthChallenge][0m
  [34mIgnoring implicit executable reference: (CtExecutableReferenceImpl) <init>[0m
  [34mUnused type args: [E][0m
  [34mIgnoring implicit executable reference: (CtExecutableReferenceImpl) <init>[0m
  [34mIgnoring implicit executable reference: (CtExecutableReferenceImpl) <init>[0m
  [34mIgnoring implicit executable reference: (CtExecutableReferenceImpl) <init>[0m
  [34mIgnoring implicit executable reference: (CtExecutableReferenceImpl) <init>[0m
  [34mIgnoring implicit executable reference: (CtExecutableReferenceImpl) <init>[0m
  [34mIgnoring implicit executable reference: (CtExecutableReferenceImpl) <init>[0m
  [34mIgnoring implicit executable reference: (CtExecutableReferenceImpl) <init>[0m
  [34mIgnoring implicit executable reference: (CtExecutableReferenceImpl) <init>[0m
  [34mIgnoring implicit executable reference: (CtExecutableReferenceImpl) <init>[0m
  getting parent type for (CtClassImpl) DeflateStream @ httpclient5/src/main/java/org/apache/hc/client5/http/entity/DeflateInputStream.java:139:18
  [34mIgnoring implicit executable reference: (CtExecutableReferenceImpl) <init>[0m
  [34mIgnoring implicit executable reference: (CtExecutableReferenceImpl) <init>[0m
  [34mIgnoring implicit executable reference: (CtExecutableReferenceImpl) <init>[0m
  [34mIgnoring implicit executable reference: (CtExecutableReferenceImpl) <init>[0m
  [34mIgnoring implicit executable reference: (CtExecutableReferenceImpl) <init>[0m
  [34mIgnoring implicit executable reference: (CtExecutableReferenceImpl) <init>[0m
  [34mIgnoring implicit executable reference: (CtExecutableReferenceImpl) <init>[0m
  [34mUnused type args: [org.apache.hc.client5.http.io.ConnectionEndpoint][0m
  [34mIgnoring implicit executable reference: (CtExecutableReferenceImpl) <init>[0m
  [34mIgnoring implicit executable reference: (CtExecutableReferenceImpl) <init>[0m
  [34mIgnoring implicit executable reference: (CtExecutableReferenceImpl) <init>[0m
  Pending package javax.crypto.spec
  [34mIgnoring implicit executable reference: (CtExecutableReferenceImpl) <init>[0m
  [34mIgnoring implicit executable reference: (CtExecutableReferenceImpl) <init>[0m
  [34mIgnoring implicit executable reference: (CtExecutableReferenceImpl) <init>[0m
  [34mIgnoring implicit executable reference: (CtExecutableReferenceImpl) <init>[0m
  [34mUnused type args: [org.apache.hc.core5.http.ClassicHttpRequest][0m
  [34mUnused type args: [org.apache.hc.core5.http.ClassicHttpRequest][0m
  [34mUnused type args: [org.apache.hc.core5.http.ClassicHttpRequest][0m
  [34mUnused type args: [org.apache.hc.core5.http.ClassicHttpRequest][0m
  [34mUnused type args: [org.apache.hc.core5.http.ClassicHttpRequest][0m
  [34mUnused type args: [org.apache.hc.core5.http.ClassicHttpResponse][0m
  [34mUnused type args: [org.apache.hc.core5.http.ClassicHttpResponse][0m
  [34mUnused type args: [org.apache.hc.core5.http.ClassicHttpResponse][0m
  [34mUnused type args: [org.apache.hc.core5.http.ClassicHttpResponse][0m
  [34mUnused type args: [org.apache.hc.core5.http.ClassicHttpResponse][0m
  [34mIgnoring implicit executable reference: (CtExecutableReferenceImpl) <init>[0m
  [34mIgnoring implicit executable reference: (CtExecutableReferenceImpl) <init>[0m
  [34mUnused type args: [javax.net.ssl.SSLContext][0m
  [34mIgnoring implicit executable reference: (CtExecutableReferenceImpl) <init>[0m
  [34mIgnoring implicit executable reference: (CtExecutableReferenceImpl) <init>[0m
  [34mIgnoring implicit executable reference: (CtExecutableReferenceImpl) <init>[0m
  [34mIgnoring implicit executable reference: (CtExecutableReferenceImpl) <init>[0m
  [34mIgnoring implicit executable reference: (CtExecutableReferenceImpl) <init>[0m
  [34mIgnoring implicit executable reference: (CtExecutableReferenceImpl) <init>[0m
  getting parent type for (CtEnumImpl) Status
  [34mIgnoring implicit executable reference: (CtExecutableReferenceImpl) <init>[0m
  getting parent type for (CtEnumImpl) HandshakeStatus
  [34mIgnoring implicit executable reference: (CtExecutableReferenceImpl) <init>[0m
  [34mUnused type args: [org.apache.hc.client5.http.socket.ConnectionSocketFactory @ httpclient5/src/main/java/org/apache/hc/client5/http/impl/io/DefaultHttpClientConnectionOperator.java:186:22][0m
  [34mUnused type args: [org.apache.hc.client5.http.socket.ConnectionSocketFactory][0m
  [34mUnused type args: [org.apache.hc.client5.http.socket.ConnectionSocketFactory][0m
  [34mIgnoring implicit executable reference: (CtExecutableReferenceImpl) <init>[0m
  [34mIgnoring implicit executable reference: (CtExecutableReferenceImpl) <init>[0m
  [34mIgnoring implicit executable reference: (CtExecutableReferenceImpl) <init>[0m
  [34mIgnoring implicit executable reference: (CtExecutableReferenceImpl) <init>[0m
  [34mUnused type args: [org.apache.hc.client5.http.socket.ConnectionSocketFactory @ httpclient5/src/main/java/org/apache/hc/client5/http/impl/io/DefaultHttpClientConnectionOperator.java:94:16][0m
  [34mUnused type args: [org.apache.hc.client5.http.socket.ConnectionSocketFactory @ httpclient5/src/main/java/org/apache/hc/client5/http/impl/io/DefaultHttpClientConnectionOperator.java:94:55][0m
  [34mUnused type args: [org.apache.hc.client5.http.socket.ConnectionSocketFactory][0m
  [34mUnused type args: [org.apache.hc.client5.http.socket.ConnectionSocketFactory][0m
  [34mUnused type args: [org.apache.hc.client5.http.socket.ConnectionSocketFactory][0m
  [34mUnused type args: [org.apache.hc.client5.http.socket.ConnectionSocketFactory][0m
  [34mUnused type args: [org.apache.hc.client5.http.socket.ConnectionSocketFactory][0m
  [34mIgnoring implicit executable reference: (CtExecutableReferenceImpl) <init>[0m
  [34mIgnoring implicit executable reference: (CtExecutableReferenceImpl) <init>[0m
  [34mIgnoring implicit executable reference: (CtExecutableReferenceImpl) <init>[0m
  [34mIgnoring implicit executable reference: (CtExecutableReferenceImpl) <init>[0m
  [34mIgnoring implicit executable reference: (CtExecutableReferenceImpl) <init>[0m
  [34mIgnoring implicit executable reference: (CtExecutableReferenceImpl) <init>[0m
  [34mIgnoring implicit executable reference: (CtExecutableReferenceImpl) <init>[0m
  [34mIgnoring implicit executable reference: (CtExecutableReferenceImpl) <init>[0m
  [34mIgnoring implicit executable reference: (CtExecutableReferenceImpl) <init>[0m
  [34mIgnoring implicit executable reference: (CtExecutableReferenceImpl) <init>[0m
  [34mIgnoring implicit executable reference: (CtExecutableReferenceImpl) <init>[0m
  [34mUnused type args: [org.apache.hc.core5.http.ClassicHttpRequest][0m
  [34mUnused type args: [org.apache.hc.core5.http.ClassicHttpResponse][0m
  [34mUnused type args: [org.apache.hc.core5.http.ClassicHttpRequest][0m
  [34mUnused type args: [org.apache.hc.core5.http.ClassicHttpResponse][0m
  [34mIgnoring implicit executable reference: (CtExecutableReferenceImpl) <init>[0m
  [34mIgnoring implicit executable reference: (CtExecutableReferenceImpl) <init>[0m
  [34mIgnoring implicit executable reference: (CtExecutableReferenceImpl) <init>[0m
  [34mIgnoring implicit executable reference: (CtExecutableReferenceImpl) <init>[0m
  [34mIgnoring implicit executable reference: (CtExecutableReferenceImpl) <init>[0m
  [34mIgnoring implicit executable reference: (CtExecutableReferenceImpl) <init>[0m
  [34mIgnoring implicit executable reference: (CtExecutableReferenceImpl) <init>[0m
  [34mIgnoring implicit executable reference: (CtExecutableReferenceImpl) <init>[0m
  [34mIgnoring implicit executable reference: (CtExecutableReferenceImpl) <init>[0m
  [34mIgnoring implicit executable reference: (CtExecutableReferenceImpl) <init>[0m
  [34mIgnoring implicit executable reference: (CtExecutableReferenceImpl) <init>[0m
  [34mIgnoring implicit executable reference: (CtExecutableReferenceImpl) <init>[0m
  [34mIgnoring implicit executable reference: (CtExecutableReferenceImpl) <init>[0m
  [34mUnused type args: [java.lang.String, java.lang.String][0m
  [34mUnused type args: [java.lang.String, java.lang.String][0m
  [34mUnused type args: [java.lang.String, java.lang.String][0m
  [34mUnused type args: [java.lang.String, java.lang.String][0m
  [34mUnused type args: [java.lang.String @ httpclient5/src/main/java/org/apache/hc/client5/http/impl/auth/DigestScheme.java:231:19][0m
  [34mIgnoring implicit executable reference: (CtExecutableReferenceImpl) <init>[0m
  [34mUnused type args: [java.lang.String][0m
  [34mUnused type args: [java.lang.String, java.lang.String][0m
  [34mIgnoring implicit executable reference: (CtExecutableReferenceImpl) <init>[0m
  [34mUnused type args: [java.lang.String][0m
  [34mUnused type args: [java.lang.String][0m
  [34mUnused type args: [java.lang.String][0m
  [34mUnused type args: [java.lang.String][0m
  [34mIgnoring implicit executable reference: (CtExecutableReferenceImpl) <init>[0m
  [34mUnused type args: [java.lang.String, java.lang.String][0m
  [34mIgnoring implicit executable reference: (CtExecutableReferenceImpl) <init>[0m
  [34mIgnoring implicit executable reference: (CtExecutableReferenceImpl) <init>[0m
  [34mIgnoring implicit executable reference: (CtExecutableReferenceImpl) <init>[0m
  [34mIgnoring implicit executable reference: (CtExecutableReferenceImpl) <init>[0m
  [34mUnused type args: [java.lang.String][0m
  [34mIgnoring implicit executable reference: (CtExecutableReferenceImpl) <init>[0m
  [34mIgnoring implicit executable reference: (CtExecutableReferenceImpl) <init>[0m
  [34mIgnoring implicit executable reference: (CtExecutableReferenceImpl) <init>[0m
  [34mIgnoring implicit executable reference: (CtExecutableReferenceImpl) <init>[0m
  [34mUnused type args: [org.apache.hc.core5.http.message.BasicNameValuePair @ httpclient5/src/main/java/org/apache/hc/client5/http/impl/auth/DigestScheme.java:378:20][0m
  [34mIgnoring implicit executable reference: (CtExecutableReferenceImpl) <init>[0m
  [34mUnused type args: [org.apache.hc.core5.http.message.BasicNameValuePair][0m
  [34mUnused type args: [org.apache.hc.core5.http.message.BasicNameValuePair][0m
  [34mIgnoring implicit executable reference: (CtExecutableReferenceImpl) <init>[0m
  [34mUnused type args: [org.apache.hc.core5.http.message.BasicNameValuePair][0m
  [34mIgnoring implicit executable reference: (CtExecutableReferenceImpl) <init>[0m
  [34mUnused type args: [org.apache.hc.core5.http.message.BasicNameValuePair][0m
  [34mIgnoring implicit executable reference: (CtExecutableReferenceImpl) <init>[0m
  [34mUnused type args: [org.apache.hc.core5.http.message.BasicNameValuePair][0m
  [34mIgnoring implicit executable reference: (CtExecutableReferenceImpl) <init>[0m
  [34mUnused type args: [org.apache.hc.core5.http.message.BasicNameValuePair][0m
  [34mIgnoring implicit executable reference: (CtExecutableReferenceImpl) <init>[0m
  [34mUnused type args: [org.apache.hc.core5.http.message.BasicNameValuePair][0m
  [34mIgnoring implicit executable reference: (CtExecutableReferenceImpl) <init>[0m
  [34mUnused type args: [org.apache.hc.core5.http.message.BasicNameValuePair][0m
  [34mIgnoring implicit executable reference: (CtExecutableReferenceImpl) <init>[0m
  [34mUnused type args: [org.apache.hc.core5.http.message.BasicNameValuePair][0m
  [34mIgnoring implicit executable reference: (CtExecutableReferenceImpl) <init>[0m
  [34mUnused type args: [org.apache.hc.core5.http.message.BasicNameValuePair][0m
  [34mIgnoring implicit executable reference: (CtExecutableReferenceImpl) <init>[0m
  [34mUnused type args: [org.apache.hc.core5.http.message.BasicNameValuePair][0m
  [34mIgnoring implicit executable reference: (CtExecutableReferenceImpl) <init>[0m
  [34mUnused type args: [org.apache.hc.core5.http.message.BasicNameValuePair][0m
  [34mUnused type args: [org.apache.hc.core5.http.message.BasicNameValuePair][0m
  [34mUnused type args: [org.apache.hc.core5.http.HttpHost][0m
  [34mUnused type args: [org.apache.hc.client5.http.auth.CredentialsProvider][0m
  [34mIgnoring implicit executable reference: (CtExecutableReferenceImpl) <init>[0m
  [34mUnused type args: [org.apache.hc.core5.http.NameValuePair][0m
  [34mUnused type args: [org.apache.hc.core5.http.NameValuePair][0m
  [34mIgnoring implicit executable reference: (CtExecutableReferenceImpl) <init>[0m
  [34mUnused type args: [?][0m
  [34mUnused type args: [org.apache.hc.core5.http.NameValuePair][0m
  [34mIgnoring implicit executable reference: (CtExecutableReferenceImpl) <init>[0m
  [34mUnused type args: [org.apache.hc.core5.http.NameValuePair][0m
  [34mUnused type args: [org.apache.hc.core5.http.NameValuePair][0m
  [34mIgnoring implicit executable reference: (CtExecutableReferenceImpl) <init>[0m
  [34mUnused type args: [org.apache.hc.client5.http.auth.AuthChallenge][0m
  [34mIgnoring implicit executable reference: (CtExecutableReferenceImpl) <init>[0m
  [34mIgnoring implicit executable reference: (CtExecutableReferenceImpl) <init>[0m
  [34mIgnoring implicit executable reference: (CtExecutableReferenceImpl) <init>[0m
  [34mIgnoring implicit executable reference: (CtExecutableReferenceImpl) <init>[0m
  [34mUnused type args: [org.apache.hc.client5.http.auth.AuthChallenge][0m
  [34mUnused type args: [java.lang.String, java.lang.String][0m
  [34mUnused type args: [org.apache.hc.core5.http.NameValuePair @ httpclient5/src/main/java/org/apache/hc/client5/http/impl/auth/DigestScheme.java:147:20][0m
  [34mUnused type args: [org.apache.hc.core5.http.NameValuePair][0m
  [34mUnused type args: [org.apache.hc.core5.http.NameValuePair][0m
  [34mUnused type args: [org.apache.hc.core5.http.NameValuePair][0m
  [34mUnused type args: [java.lang.String, java.lang.String][0m
  [34mUnused type args: [java.lang.String, java.lang.String][0m
  [34mIgnoring implicit executable reference: (CtExecutableReferenceImpl) <init>[0m
  [34mIgnoring implicit executable reference: (CtExecutableReferenceImpl) <init>[0m
  [34mIgnoring implicit executable reference: (CtExecutableReferenceImpl) <init>[0m
  [34mIgnoring implicit executable reference: (CtExecutableReferenceImpl) <init>[0m
  [34mIgnoring implicit executable reference: (CtExecutableReferenceImpl) <init>[0m
  [34mIgnoring implicit executable reference: (CtExecutableReferenceImpl) <init>[0m
  [34mIgnoring implicit executable reference: (CtExecutableReferenceImpl) <init>[0m
  [34mIgnoring implicit executable reference: (CtExecutableReferenceImpl) <init>[0m
  [34mIgnoring implicit executable reference: (CtExecutableReferenceImpl) <init>[0m
  [34mIgnoring implicit executable reference: (CtExecutableReferenceImpl) <init>[0m
  [34mUnused type args: [org.apache.hc.core5.http.HttpHost][0m
  [34mUnused type args: [org.apache.hc.client5.http.auth.CredentialsProvider][0m
  [34mIgnoring implicit executable reference: (CtExecutableReferenceImpl) <init>[0m
  [34mIgnoring implicit executable reference: (CtExecutableReferenceImpl) <init>[0m
  [34mIgnoring implicit executable reference: (CtExecutableReferenceImpl) <init>[0m
  [34mIgnoring implicit executable reference: (CtExecutableReferenceImpl) <init>[0m
  [34mIgnoring implicit executable reference: (CtExecutableReferenceImpl) <init>[0m
  [34mIgnoring implicit executable reference: (CtExecutableReferenceImpl) <init>[0m
  [34mIgnoring implicit executable reference: (CtExecutableReferenceImpl) <init>[0m
  [34mIgnoring implicit executable reference: (CtExecutableReferenceImpl) <init>[0m
  [34mIgnoring implicit executable reference: (CtExecutableReferenceImpl) <init>[0m
  [34mIgnoring implicit executable reference: (CtExecutableReferenceImpl) <init>[0m
  [34mIgnoring implicit executable reference: (CtExecutableReferenceImpl) <init>[0m
  [34mIgnoring implicit executable reference: (CtExecutableReferenceImpl) <init>[0m
  [34mIgnoring implicit executable reference: (CtExecutableReferenceImpl) <init>[0m
  [34mUnused type args: [java.lang.String, java.lang.String][0m
  [34mIgnoring implicit executable reference: (CtExecutableReferenceImpl) <init>[0m
  [34mUnused type args: [org.apache.hc.client5.http.HttpRoute][0m
  [34mUnused type args: [org.apache.hc.client5.http.io.ConnectionEndpoint][0m
  [34mIgnoring implicit executable reference: (CtExecutableReferenceImpl) <init>[0m
  [34mUnused type args: [org.apache.hc.client5.http.io.ConnectionEndpoint][0m
  [34mIgnoring implicit executable reference: (CtExecutableReferenceImpl) <init>[0m
  [34mIgnoring implicit executable reference: (CtExecutableReferenceImpl) <init>[0m
  [34mIgnoring implicit executable reference: (CtExecutableReferenceImpl) <init>[0m
  [34mIgnoring implicit executable reference: (CtExecutableReferenceImpl) <init>[0m
  [34mIgnoring implicit executable reference: (CtExecutableReferenceImpl) <init>[0m
  [34mIgnoring implicit executable reference: (CtExecutableReferenceImpl) <init>[0m
  [34mIgnoring implicit executable reference: (CtExecutableReferenceImpl) <init>[0m
  [34mIgnoring implicit executable reference: (CtExecutableReferenceImpl) <init>[0m
  [34mIgnoring implicit executable reference: (CtExecutableReferenceImpl) <init>[0m
  [34mIgnoring implicit executable reference: (CtExecutableReferenceImpl) <init>[0m
  [34mUnused type args: [org.apache.hc.client5.http.impl.auth.NTLMEngine][0m
  [34mIgnoring implicit executable reference: (CtExecutableReferenceImpl) <init>[0m
  [34mIgnoring implicit executable reference: (CtExecutableReferenceImpl) <init>[0m
  [34mIgnoring implicit executable reference: (CtExecutableReferenceImpl) <init>[0m
  [34mIgnoring implicit executable reference: (CtExecutableReferenceImpl) <init>[0m
  [34mIgnoring implicit executable reference: (CtExecutableReferenceImpl) <init>[0m
  [34mIgnoring implicit executable reference: (CtExecutableReferenceImpl) <init>[0m
  [34mIgnoring implicit executable reference: (CtExecutableReferenceImpl) <init>[0m
  [34mIgnoring implicit executable reference: (CtExecutableReferenceImpl) <init>[0m
  [34mIgnoring implicit executable reference: (CtExecutableReferenceImpl) <init>[0m
  [34mUnused type args: [org.apache.hc.core5.http.HttpHost][0m
  [34mIgnoring implicit executable reference: (CtExecutableReferenceImpl) <init>[0m
  [34mIgnoring implicit executable reference: (CtExecutableReferenceImpl) <init>[0m
  [34mIgnoring implicit executable reference: (CtExecutableReferenceImpl) <init>[0m
  [34mIgnoring implicit executable reference: (CtExecutableReferenceImpl) <init>[0m
  [34mUnused type args: [java.lang.String, java.lang.String][0m
  [34mIgnoring implicit executable reference: (CtExecutableReferenceImpl) <init>[0m
  [34mIgnoring implicit executable reference: (CtExecutableReferenceImpl) <init>[0m
  [34mIgnoring implicit executable reference: (CtExecutableReferenceImpl) <init>[0m
  [34mIgnoring implicit executable reference: (CtExecutableReferenceImpl) <init>[0m
  [34mIgnoring implicit executable reference: (CtExecutableReferenceImpl) <init>[0m
  [34mUnused type args: [org.apache.hc.core5.http.ClassicHttpRequest][0m
  [34mIgnoring implicit executable reference: (CtExecutableReferenceImpl) <init>[0m
  [34mUnused type args: [org.apache.hc.client5.http.io.ConnectionEndpoint][0m
  [34mIgnoring implicit executable reference: (CtExecutableReferenceImpl) <init>[0m
  [34mIgnoring implicit executable reference: (CtExecutableReferenceImpl) <init>[0m
  [34mIgnoring implicit executable reference: (CtExecutableReferenceImpl) <init>[0m
  [34mUnused type args: [org.apache.hc.client5.http.io.ConnectionEndpoint][0m
  [34mIgnoring implicit executable reference: (CtExecutableReferenceImpl) <init>[0m
  [34mIgnoring implicit executable reference: (CtExecutableReferenceImpl) <init>[0m
  [34mIgnoring implicit executable reference: (CtExecutableReferenceImpl) <init>[0m
  [34mUnused type args: [org.apache.hc.client5.http.io.ConnectionEndpoint][0m
  [34mIgnoring implicit executable reference: (CtExecutableReferenceImpl) <init>[0m
  [34mIgnoring implicit executable reference: (CtExecutableReferenceImpl) <init>[0m
  [34mUnused type args: [org.apache.hc.client5.http.io.ConnectionEndpoint][0m
  [34mIgnoring implicit executable reference: (CtExecutableReferenceImpl) <init>[0m
  [34mIgnoring implicit executable reference: (CtExecutableReferenceImpl) <init>[0m
  [34mIgnoring implicit executable reference: (CtExecutableReferenceImpl) <init>[0m
  [34mIgnoring implicit executable reference: (CtExecutableReferenceImpl) <init>[0m
  [34mskipping default constructor: org.apache.hc.client5.http.impl.auth.DebugUtil()[0m
  [34mUnused type args: [org.apache.hc.core5.http.NameValuePair][0m
  [34mUnused type args: [org.apache.hc.core5.http.NameValuePair][0m
  [34mUnused type args: [org.apache.hc.core5.http.NameValuePair][0m
  [34mUnused type args: [org.apache.hc.core5.http.NameValuePair][0m
  [34mIgnoring implicit executable reference: (CtExecutableReferenceImpl) <init>[0m
  [34mUnused type args: [org.apache.hc.core5.http.NameValuePair][0m
  [34mUnused type args: [org.apache.hc.core5.http.NameValuePair][0m
  [34mUnused type args: [org.apache.hc.core5.http.HttpHost][0m
  [34mUnused type args: [org.apache.hc.client5.http.auth.CredentialsProvider][0m
  [34mIgnoring implicit executable reference: (CtExecutableReferenceImpl) <init>[0m
  [34mIgnoring implicit executable reference: (CtExecutableReferenceImpl) <init>[0m
  [34mUnused type args: [org.apache.hc.core5.http.Header @ httpclient5/src/main/java/org/apache/hc/client5/http/sync/methods/RequestBuilder.java:396:29][0m
  [34mUnused type args: [org.apache.hc.core5.http.Header][0m
  [34mUnused type args: [org.apache.hc.core5.http.Header][0m
  [34mUnused type args: [org.apache.hc.core5.http.Header][0m
  [34mUnused type args: [org.apache.hc.core5.http.Header][0m
  [34mIgnoring implicit executable reference: (CtExecutableReferenceImpl) <init>[0m
  [34mIgnoring implicit executable reference: (CtExecutableReferenceImpl) <init>[0m
  [34mIgnoring implicit executable reference: (CtExecutableReferenceImpl) <init>[0m
  [34mIgnoring implicit executable reference: (CtExecutableReferenceImpl) <init>[0m
  [34mIgnoring implicit executable reference: (CtExecutableReferenceImpl) <init>[0m
  [34mIgnoring implicit executable reference: (CtExecutableReferenceImpl) <init>[0m
  [34mIgnoring implicit executable reference: (CtExecutableReferenceImpl) <init>[0m
  [34mUnused type args: [javax.net.ssl.SSLSocketFactory][0m
  [34mIgnoring implicit executable reference: (CtExecutableReferenceImpl) <init>[0m
  [34mUnused type args: [org.apache.hc.core5.http.HttpHost][0m
  [34mUnused type args: [org.apache.hc.core5.http.HttpRequest][0m
  [34mIgnoring implicit executable reference: (CtExecutableReferenceImpl) <init>[0m
  [34mIgnoring implicit executable reference: (CtExecutableReferenceImpl) <init>[0m
  [34mIgnoring implicit executable reference: (CtExecutableReferenceImpl) <init>[0m
  [34mIgnoring implicit executable reference: (CtExecutableReferenceImpl) <init>[0m
  [34mIgnoring implicit executable reference: (CtExecutableReferenceImpl) <init>[0m
  [34mIgnoring implicit executable reference: (CtExecutableReferenceImpl) <init>[0m
  [34mIgnoring implicit executable reference: (CtExecutableReferenceImpl) <init>[0m
  [34mIgnoring implicit executable reference: (CtExecutableReferenceImpl) <init>[0m
  [34mIgnoring implicit executable reference: (CtExecutableReferenceImpl) <init>[0m
  [34mIgnoring implicit executable reference: (CtExecutableReferenceImpl) <init>[0m
  [34mIgnoring implicit executable reference: (CtExecutableReferenceImpl) <init>[0m
  [34mIgnoring implicit executable reference: (CtExecutableReferenceImpl) <init>[0m
  [34mIgnoring anonymous type: (CtTypeReferenceImpl) org.apache.hc.client5.http.impl.auth.CredSspScheme$1[0m
  [34mIgnoring implicit executable reference: (CtExecutableReferenceImpl) <init>[0m
  [34mIgnoring anonymous type: (CtTypeReferenceImpl) org.apache.hc.client5.http.impl.auth.CredSspScheme$1[0m
  [34mIgnoring anonymous object declaration: (CtClassImpl) 1 @ httpclient5/src/main/java/org/apache/hc/client5/http/impl/auth/CredSspScheme.java:180:9[0m
  [34mIgnoring implicit executable reference: (CtExecutableReferenceImpl) <init>[0m
  [34mIgnoring implicit executable reference: (CtExecutableReferenceImpl) <init>[0m
  [34mIgnoring method of an anonymous declaring type: (CtMethodImpl) checkClientTrusted @ httpclient5/src/main/java/org/apache/hc/client5/http/impl/auth/CredSspScheme.java:183:25 in (CtClassImpl) 1 @ httpclient5/src/main/java/org/apache/hc/client5/http/impl/auth/CredSspScheme.java:180:9[0m
  [34mIgnoring method of an anonymous declaring type: (CtMethodImpl) checkServerTrusted @ httpclient5/src/main/java/org/apache/hc/client5/http/impl/auth/CredSspScheme.java:191:25 in (CtClassImpl) 1 @ httpclient5/src/main/java/org/apache/hc/client5/http/impl/auth/CredSspScheme.java:180:9[0m
  [34mIgnoring method of an anonymous declaring type: (CtMethodImpl) getAcceptedIssuers @ httpclient5/src/main/java/org/apache/hc/client5/http/impl/auth/CredSspScheme.java:201:38 in (CtClassImpl) 1 @ httpclient5/src/main/java/org/apache/hc/client5/http/impl/auth/CredSspScheme.java:180:9[0m
  Pending package javax.net.ssl
  [34mIgnoring implicit executable reference: (CtExecutableReferenceImpl) <init>[0m
  [34mIgnoring implicit executable reference: (CtExecutableReferenceImpl) <init>[0m
  [34mIgnoring implicit executable reference: (CtExecutableReferenceImpl) <init>[0m
  [34mIgnoring implicit executable reference: (CtExecutableReferenceImpl) <init>[0m
  [34mIgnoring implicit executable reference: (CtExecutableReferenceImpl) <init>[0m
  [34mIgnoring implicit executable reference: (CtExecutableReferenceImpl) <init>[0m
  [34mIgnoring implicit executable reference: (CtExecutableReferenceImpl) <init>[0m
  [34mUnused type args: [org.apache.hc.core5.http.HttpHost][0m
  [34mIgnoring implicit executable reference: (CtExecutableReferenceImpl) <init>[0m
  [34mIgnoring implicit executable reference: (CtExecutableReferenceImpl) <init>[0m
  [34mIgnoring implicit executable reference: (CtExecutableReferenceImpl) <init>[0m
  [34mIgnoring implicit executable reference: (CtExecutableReferenceImpl) <init>[0m
  [34mIgnoring implicit executable reference: (CtExecutableReferenceImpl) <init>[0m
  [34mIgnoring implicit executable reference: (CtExecutableReferenceImpl) <init>[0m
  [34mIgnoring implicit executable reference: (CtExecutableReferenceImpl) <init>[0m
  [34mIgnoring implicit executable reference: (CtExecutableReferenceImpl) <init>[0m
  [34mUnused type args: [java.lang.String @ httpclient5/src/main/java/org/apache/hc/client5/http/ssl/SSLConnectionSocketFactory.java:313:24][0m
  [34mIgnoring implicit executable reference: (CtExecutableReferenceImpl) <init>[0m
  [34mUnused type args: [java.lang.String][0m
  [34mUnused type args: [java.lang.String][0m
  [34mUnused type args: [java.lang.String][0m
  [34mUnused type args: [java.lang.String][0m
  [34mUnused type args: [java.lang.String][0m
  [34mUnused type args: [java.lang.String][0m
  [34mUnused type args: [java.lang.String][0m
  [34mUnused type args: [java.lang.String][0m
  [34mUnused type args: [java.lang.String][0m
  [34mUnused type args: [java.lang.String][0m
  Pending package org.apache.hc.core5.http.io
  Pending package org.apache.hc.core5.http
  Pending package org.apache.hc.core5.http.impl.io
  Pending package org.apache.hc.core5.http.impl
  [34mIgnoring implicit executable reference: (CtExecutableReferenceImpl) <init>[0m
  [34mUnused type args: [org.apache.hc.core5.http.ClassicHttpRequest][0m
  [34mUnused type args: [org.apache.hc.core5.http.ClassicHttpResponse][0m
  [34mUnused type args: [org.apache.hc.core5.http.ClassicHttpRequest][0m
  [34mUnused type args: [org.apache.hc.core5.http.ClassicHttpResponse][0m
  [34mIgnoring implicit executable reference: (CtExecutableReferenceImpl) <init>[0m
  [34mIgnoring implicit executable reference: (CtExecutableReferenceImpl) <init>[0m
  [34mIgnoring implicit executable reference: (CtExecutableReferenceImpl) <init>[0m
  [34mIgnoring implicit executable reference: (CtExecutableReferenceImpl) <init>[0m
  [34mIgnoring implicit executable reference: (CtExecutableReferenceImpl) <init>[0m
  [34mIgnoring implicit executable reference: (CtExecutableReferenceImpl) <init>[0m
  [34mIgnoring implicit executable reference: (CtExecutableReferenceImpl) <init>[0m
  [34mIgnoring implicit executable reference: (CtExecutableReferenceImpl) <init>[0m
  [34mIgnoring implicit executable reference: (CtExecutableReferenceImpl) <init>[0m
  [34mIgnoring implicit executable reference: (CtExecutableReferenceImpl) <init>[0m
  [34mIgnoring implicit executable reference: (CtExecutableReferenceImpl) <init>[0m
  [34mIgnoring implicit executable reference: (CtExecutableReferenceImpl) <init>[0m
  [34mIgnoring implicit executable reference: (CtExecutableReferenceImpl) <init>[0m
  [34mIgnoring implicit executable reference: (CtExecutableReferenceImpl) <init>[0m
  [34mIgnoring implicit executable reference: (CtExecutableReferenceImpl) <init>[0m
  [34mUnused type args: [org.apache.hc.core5.http.NameValuePair][0m
  [34mUnused type args: [org.apache.hc.core5.http.NameValuePair][0m
  [34mUnused type args: [org.apache.hc.core5.http.NameValuePair @ httpclient5/src/main/java/org/apache/hc/client5/http/sync/methods/RequestBuilder.java:292:28][0m
  [34mUnused type args: [org.apache.hc.core5.http.NameValuePair][0m
  [34mUnused type args: [org.apache.hc.core5.http.NameValuePair][0m
  [34mUnused type args: [org.apache.hc.core5.http.NameValuePair][0m
  [34mUnused type args: [org.apache.hc.core5.http.NameValuePair][0m
  [34mUnused type args: [org.apache.hc.core5.http.NameValuePair][0m
  [34mIgnoring implicit executable reference: (CtExecutableReferenceImpl) <init>[0m
  [34mIgnoring implicit executable reference: (CtExecutableReferenceImpl) <init>[0m
  [34mUnused type args: [java.util.List @ httpclient5/src/main/java/org/apache/hc/client5/http/ssl/SSLConnectionSocketFactory.java:374:38][0m
  [34mUnused type args: [? @ httpclient5/src/main/java/org/apache/hc/client5/http/ssl/SSLConnectionSocketFactory.java:374:43][0m
  [34mUnused type args: [java.util.List][0m
  [34mUnused type args: [?][0m
  [34mUnused type args: [java.util.List][0m
  [34mUnused type args: [?][0m
  [34mUnused type args: [java.lang.String @ httpclient5/src/main/java/org/apache/hc/client5/http/ssl/SSLConnectionSocketFactory.java:376:36][0m
  [34mIgnoring implicit executable reference: (CtExecutableReferenceImpl) <init>[0m
  [34mUnused type args: [java.lang.String][0m
  [34mUnused type args: [? @ httpclient5/src/main/java/org/apache/hc/client5/http/ssl/SSLConnectionSocketFactory.java:377:41][0m
  [34mUnused type args: [java.util.List][0m
  [34mUnused type args: [?][0m
  [34mUnused type args: [?][0m
  [34mUnused type args: [java.lang.String][0m
  [34mUnused type args: [?][0m
  [34mUnused type args: [java.lang.String][0m
  [34mUnused type args: [java.util.List @ httpclient5/src/main/java/org/apache/hc/client5/http/ssl/SSLConnectionSocketFactory.java:387:38][0m
  [34mUnused type args: [? @ httpclient5/src/main/java/org/apache/hc/client5/http/ssl/SSLConnectionSocketFactory.java:387:43][0m
  [34mUnused type args: [java.util.List][0m
  [34mUnused type args: [?][0m
  [34mUnused type args: [java.util.List][0m
  [34mUnused type args: [?][0m
  [34mUnused type args: [java.lang.String @ httpclient5/src/main/java/org/apache/hc/client5/http/ssl/SSLConnectionSocketFactory.java:389:36][0m
  [34mIgnoring implicit executable reference: (CtExecutableReferenceImpl) <init>[0m
  [34mUnused type args: [java.lang.String][0m
  [34mUnused type args: [? @ httpclient5/src/main/java/org/apache/hc/client5/http/ssl/SSLConnectionSocketFactory.java:390:41][0m
  [34mUnused type args: [java.util.List][0m
  [34mUnused type args: [?][0m
  [34mUnused type args: [?][0m
  [34mUnused type args: [java.lang.String][0m
  [34mUnused type args: [?][0m
  [34mUnused type args: [java.lang.String][0m
  [34mUnused type args: [org.apache.hc.client5.http.ssl.SubjectName @ httpclient5/src/main/java/org/apache/hc/client5/http/ssl/SSLConnectionSocketFactory.java:408:28][0m
  [34mUnused type args: [org.apache.hc.client5.http.ssl.SubjectName][0m
  [34mIgnoring implicit executable reference: (CtExecutableReferenceImpl) <init>[0m
  [34mUnused type args: [org.apache.hc.client5.http.ssl.SubjectName][0m
  [34mIgnoring implicit executable reference: (CtExecutableReferenceImpl) <init>[0m
  [34mIgnoring implicit executable reference: (CtExecutableReferenceImpl) <init>[0m
  Pending package javax.net
  [34mIgnoring implicit executable reference: (CtExecutableReferenceImpl) <init>[0m
  [34mUnused type args: [java.lang.String][0m
  [34mIgnoring implicit executable reference: (CtExecutableReferenceImpl) <init>[0m
  [34mIgnoring implicit executable reference: (CtExecutableReferenceImpl) <init>[0m
  [34mIgnoring implicit executable reference: (CtExecutableReferenceImpl) <init>[0m
  [34mIgnoring implicit executable reference: (CtExecutableReferenceImpl) <init>[0m
  [34mUnused type args: [org.apache.hc.core5.http.HttpHost][0m
  [34mUnused type args: [org.apache.hc.client5.http.auth.CredentialsProvider][0m
  [34mIgnoring implicit executable reference: (CtExecutableReferenceImpl) <init>[0m
  [34mIgnoring implicit executable reference: (CtExecutableReferenceImpl) <init>[0m
  [34mIgnoring implicit executable reference: (CtExecutableReferenceImpl) <init>[0m
  [34mIgnoring implicit executable reference: (CtExecutableReferenceImpl) <init>[0m
  [34mIgnoring implicit executable reference: (CtExecutableReferenceImpl) <init>[0m
  [34mIgnoring implicit executable reference: (CtExecutableReferenceImpl) <init>[0m
  [34mIgnoring implicit executable reference: (CtExecutableReferenceImpl) <init>[0m
  [34mIgnoring implicit executable reference: (CtExecutableReferenceImpl) <init>[0m
  [34mIgnoring implicit executable reference: (CtExecutableReferenceImpl) <init>[0m
  [34mIgnoring implicit executable reference: (CtExecutableReferenceImpl) <init>[0m
  [34mIgnoring implicit executable reference: (CtExecutableReferenceImpl) <init>[0m
  [34mIgnoring implicit executable reference: (CtExecutableReferenceImpl) <init>[0m
  [34mIgnoring implicit executable reference: (CtExecutableReferenceImpl) <init>[0m
  [34mIgnoring implicit executable reference: (CtExecutableReferenceImpl) <init>[0m
  [34mIgnoring implicit executable reference: (CtExecutableReferenceImpl) <init>[0m
  [34mUnused type args: [java.lang.String][0m
  [34mIgnoring implicit executable reference: (CtExecutableReferenceImpl) <init>[0m
  [34mIgnoring implicit executable reference: (CtExecutableReferenceImpl) <init>[0m
  [34mIgnoring implicit executable reference: (CtExecutableReferenceImpl) <init>[0m
  [34mIgnoring implicit executable reference: (CtExecutableReferenceImpl) <init>[0m
  [34mUnused type args: [org.apache.hc.client5.http.io.ManagedHttpClientConnection][0m
  [34mUnused type args: [org.apache.hc.core5.http.HttpHost][0m
  [34mUnused type args: [org.apache.hc.core5.http.config.SocketConfig][0m
  [34mUnused type args: [org.apache.hc.core5.http.protocol.HttpContext][0m
  [34mUnused type args: [org.apache.hc.client5.http.socket.ConnectionSocketFactory @ httpclient5/src/main/java/org/apache/hc/client5/http/impl/io/DefaultHttpClientConnectionOperator.java:114:22][0m
  [34mUnused type args: [org.apache.hc.client5.http.socket.ConnectionSocketFactory][0m
  [34mUnused type args: [org.apache.hc.client5.http.socket.ConnectionSocketFactory][0m
  [34mIgnoring implicit executable reference: (CtExecutableReferenceImpl) <init>[0m
  [34mIgnoring implicit executable reference: (CtExecutableReferenceImpl) <init>[0m
  [34mIgnoring implicit executable reference: (CtExecutableReferenceImpl) <init>[0m
  [34mIgnoring implicit executable reference: (CtExecutableReferenceImpl) <init>[0m
  [34mIgnoring implicit executable reference: (CtExecutableReferenceImpl) <init>[0m
  [34mIgnoring implicit executable reference: (CtExecutableReferenceImpl) <init>[0m
  [34mIgnoring implicit executable reference: (CtExecutableReferenceImpl) <init>[0m
  [34mIgnoring implicit executable reference: (CtExecutableReferenceImpl) <init>[0m
  [34mIgnoring implicit executable reference: (CtExecutableReferenceImpl) <init>[0m
  [34mIgnoring implicit executable reference: (CtExecutableReferenceImpl) <init>[0m
  [34mUnused type args: [org.apache.hc.core5.http.config.Lookup][0m
  [34mUnused type args: [org.apache.hc.client5.http.socket.ConnectionSocketFactory][0m
  [34mUnused type args: [org.apache.hc.client5.http.socket.ConnectionSocketFactory][0m
  [34mUnused type args: [org.apache.hc.client5.http.socket.ConnectionSocketFactory][0m
  [34mUnused type args: [org.apache.hc.client5.http.socket.ConnectionSocketFactory][0m
  [34mUnused type args: [org.apache.hc.client5.http.socket.ConnectionSocketFactory][0m
  [34mUnused type args: [org.apache.hc.client5.http.socket.ConnectionSocketFactory][0m
  [34mIgnoring implicit executable reference: (CtExecutableReferenceImpl) <init>[0m
  [34mUnused type args: [org.apache.hc.core5.http.HttpHost][0m
  [34mUnused type args: [java.net.InetSocketAddress][0m
  [34mIgnoring implicit executable reference: (CtExecutableReferenceImpl) <init>[0m
  [34mIgnoring implicit executable reference: (CtExecutableReferenceImpl) <init>[0m
  [34mIgnoring implicit executable reference: (CtExecutableReferenceImpl) <init>[0m
  [34mIgnoring implicit executable reference: (CtExecutableReferenceImpl) <init>[0m
  [34mIgnoring implicit executable reference: (CtExecutableReferenceImpl) <init>[0m
  [34mIgnoring implicit executable reference: (CtExecutableReferenceImpl) <init>[0m
  [34mIgnoring implicit executable reference: (CtExecutableReferenceImpl) <init>[0m
  [34mIgnoring implicit executable reference: (CtExecutableReferenceImpl) <init>[0m
  [34mUnused type args: [org.apache.hc.core5.http.NameValuePair][0m
  [34mUnused type args: [org.apache.hc.core5.http.NameValuePair][0m
  [34mIgnoring implicit executable reference: (CtExecutableReferenceImpl) <init>[0m
  [34mUnused type args: [org.apache.hc.core5.http.NameValuePair][0m
  [34mUnused type args: [?][0m
  [34mUnused type args: [org.apache.hc.core5.http.NameValuePair][0m
  [34mIgnoring implicit executable reference: (CtExecutableReferenceImpl) <init>[0m
  [34mUnused type args: [org.apache.hc.core5.http.NameValuePair @ httpclient5/src/main/java/org/apache/hc/client5/http/sync/methods/RequestBuilder.java:432:27][0m
  [34mIgnoring implicit executable reference: (CtExecutableReferenceImpl) <init>[0m
  [34mIgnoring implicit executable reference: (CtExecutableReferenceImpl) <init>[0m
  [34mIgnoring implicit executable reference: (CtExecutableReferenceImpl) <init>[0m
  [34mIgnoring implicit executable reference: (CtExecutableReferenceImpl) <init>[0m
  [34mIgnoring implicit executable reference: (CtExecutableReferenceImpl) <init>[0m
  [34mIgnoring implicit executable reference: (CtExecutableReferenceImpl) <init>[0m
  [34mIgnoring implicit executable reference: (CtExecutableReferenceImpl) <init>[0m
  [34mIgnoring implicit executable reference: (CtExecutableReferenceImpl) <init>[0m
  [34mIgnoring implicit executable reference: (CtExecutableReferenceImpl) <init>[0m
  [34mIgnoring implicit executable reference: (CtExecutableReferenceImpl) <init>[0m
  [34mIgnoring implicit executable reference: (CtExecutableReferenceImpl) <init>[0m
  [34mIgnoring implicit executable reference: (CtExecutableReferenceImpl) <init>[0m
  [34mIgnoring implicit executable reference: (CtExecutableReferenceImpl) <init>[0m
  [34mIgnoring implicit executable reference: (CtExecutableReferenceImpl) <init>[0m
  [34mUnused type args: [org.apache.hc.core5.http.ClassicHttpResponse][0m
  [34mUnused type args: [org.apache.hc.core5.http.ClassicHttpResponse][0m
  [34mUnused type args: [org.apache.hc.core5.http.ClassicHttpResponse][0m
  [34mUnused type args: [org.apache.hc.core5.http.ClassicHttpResponse][0m
  [34mUnused type args: [org.apache.hc.core5.http.ClassicHttpResponse][0m
  [34mIgnoring implicit executable reference: (CtExecutableReferenceImpl) <init>[0m
  [34mIgnoring implicit executable reference: (CtExecutableReferenceImpl) <init>[0m
  [34mIgnoring implicit executable reference: (CtExecutableReferenceImpl) <init>[0m
  [34mIgnoring implicit executable reference: (CtExecutableReferenceImpl) <init>[0m
  [34mIgnoring implicit executable reference: (CtExecutableReferenceImpl) <init>[0m
  [34mIgnoring implicit executable reference: (CtExecutableReferenceImpl) <init>[0m
  [34mIgnoring implicit executable reference: (CtExecutableReferenceImpl) <init>[0m
  [34mIgnoring implicit executable reference: (CtExecutableReferenceImpl) <init>[0m
  [34mIgnoring implicit executable reference: (CtExecutableReferenceImpl) <init>[0m
  [34mIgnoring implicit executable reference: (CtExecutableReferenceImpl) <init>[0m
  [34mUnused type args: [org.apache.hc.core5.http.ClassicHttpRequest][0m
  [34mUnused type args: [org.apache.hc.core5.http.ClassicHttpResponse][0m
  [34mUnused type args: [org.apache.hc.core5.http.ClassicHttpRequest][0m
  [34mUnused type args: [org.apache.hc.core5.http.ClassicHttpResponse][0m
  [34mIgnoring implicit executable reference: (CtExecutableReferenceImpl) <init>[0m
  [34mIgnoring implicit executable reference: (CtExecutableReferenceImpl) <init>[0m
  [34mIgnoring implicit executable reference: (CtExecutableReferenceImpl) <init>[0m
  [34mIgnoring implicit executable reference: (CtExecutableReferenceImpl) <init>[0m
  [34mIgnoring implicit executable reference: (CtExecutableReferenceImpl) <init>[0m
  [34mIgnoring implicit executable reference: (CtExecutableReferenceImpl) <init>[0m
  [34mIgnoring implicit executable reference: (CtExecutableReferenceImpl) <init>[0m
  [34mIgnoring implicit executable reference: (CtExecutableReferenceImpl) <init>[0m
  [34mIgnoring implicit executable reference: (CtExecutableReferenceImpl) <init>[0m
  [34mIgnoring implicit executable reference: (CtExecutableReferenceImpl) <init>[0m
  [34mIgnoring implicit executable reference: (CtExecutableReferenceImpl) <init>[0m
  [34mUnused type args: [org.apache.hc.core5.http.ClassicHttpRequest][0m
  [34mUnused type args: [org.apache.hc.core5.http.ClassicHttpResponse][0m
  [34mIgnoring implicit executable reference: (CtExecutableReferenceImpl) <init>[0m
  [34mIgnoring implicit executable reference: (CtExecutableReferenceImpl) <init>[0m
  [34mUnused type args: [org.apache.hc.core5.http.ClassicHttpResponse][0m
  [34mIgnoring implicit executable reference: (CtExecutableReferenceImpl) <init>[0m
  [34mIgnoring implicit executable reference: (CtExecutableReferenceImpl) <init>[0m
  [34mIgnoring implicit executable reference: (CtExecutableReferenceImpl) <init>[0m
  [34mIgnoring implicit executable reference: (CtExecutableReferenceImpl) <init>[0m
  [34mUnused type args: [?][0m
  [34mUnused type args: [?][0m
  Pending package org.apache.hc.client5.http.impl.logging
  [34mIgnoring implicit executable reference: (CtExecutableReferenceImpl) <init>[0m
  [34mIgnoring implicit executable reference: (CtExecutableReferenceImpl) <init>[0m
  [34mIgnoring implicit executable reference: (CtExecutableReferenceImpl) <init>[0m
  [34mIgnoring implicit executable reference: (CtExecutableReferenceImpl) <init>[0m
  [34mIgnoring implicit executable reference: (CtExecutableReferenceImpl) <init>[0m
  [34mIgnoring implicit executable reference: (CtExecutableReferenceImpl) <init>[0m
  [34mIgnoring implicit executable reference: (CtExecutableReferenceImpl) <init>[0m
  [34mUnused type args: [?][0m
  [34mUnused type args: [?][0m
  [34mIgnoring implicit executable reference: (CtExecutableReferenceImpl) <init>[0m
  [34mIgnoring implicit executable reference: (CtExecutableReferenceImpl) <init>[0m
  [34mIgnoring implicit executable reference: (CtExecutableReferenceImpl) <init>[0m
  [34mIgnoring implicit executable reference: (CtExecutableReferenceImpl) <init>[0m
  [34mIgnoring implicit executable reference: (CtExecutableReferenceImpl) <init>[0m
  [34mIgnoring implicit executable reference: (CtExecutableReferenceImpl) <init>[0m
  [34mUnused type args: [org.apache.hc.core5.http.ClassicHttpResponse][0m
  [34mUnused type args: [org.apache.hc.core5.http.ClassicHttpResponse][0m
  [34mIgnoring implicit executable reference: (CtExecutableReferenceImpl) <init>[0m
  [34mIgnoring implicit executable reference: (CtExecutableReferenceImpl) <init>[0m
  [34mUnused type args: [?][0m
  [34mUnused type args: [?][0m
  [34mIgnoring implicit executable reference: (CtExecutableReferenceImpl) <init>[0m
  [34mIgnoring implicit executable reference: (CtExecutableReferenceImpl) <init>[0m
  [34mUnused type args: [org.apache.hc.core5.http.ClassicHttpResponse][0m
  [34mUnused type args: [org.apache.hc.core5.http.ClassicHttpResponse][0m
  [34mIgnoring implicit executable reference: (CtExecutableReferenceImpl) <init>[0m
  [34mIgnoring implicit executable reference: (CtExecutableReferenceImpl) <init>[0m
  [34mUnused type args: [java.lang.String][0m
  [34mUnused type args: [java.lang.String][0m
  [34mUnused type args: [byte[]][0m
  [34mIgnoring implicit executable reference: (CtExecutableReferenceImpl) <init>[0m
  [34mUnused type args: [java.nio.ByteBuffer][0m
  [34mUnused type args: [byte[]][0m
  [34mIgnoring implicit executable reference: (CtExecutableReferenceImpl) <init>[0m
  [34mIgnoring implicit executable reference: (CtExecutableReferenceImpl) <init>[0m
  [34mUnused type args: [org.apache.hc.core5.http.ClassicHttpResponse][0m
  [34mUnused type args: [org.apache.hc.core5.http.ClassicHttpResponse][0m
  [34mIgnoring implicit executable reference: (CtExecutableReferenceImpl) <init>[0m
  [34mIgnoring implicit executable reference: (CtExecutableReferenceImpl) <init>[0m
  [34mUnused type args: [org.apache.hc.core5.http.ClassicHttpResponse][0m
  [34mUnused type args: [java.nio.ByteBuffer][0m
  [34mIgnoring implicit executable reference: (CtExecutableReferenceImpl) <init>[0m
  [34mIgnoring implicit executable reference: (CtExecutableReferenceImpl) <init>[0m
  [34mIgnoring implicit executable reference: (CtExecutableReferenceImpl) <init>[0m
  [34mIgnoring implicit executable reference: (CtExecutableReferenceImpl) <init>[0m
  [34mUnused type args: [byte[]][0m
  [34mIgnoring implicit executable reference: (CtExecutableReferenceImpl) <init>[0m
  [34mIgnoring implicit executable reference: (CtExecutableReferenceImpl) <init>[0m
  [34mUnused type args: [byte[]][0m
  [34mIgnoring implicit executable reference: (CtExecutableReferenceImpl) <init>[0m
  [34mIgnoring implicit executable reference: (CtExecutableReferenceImpl) <init>[0m
  [34mIgnoring implicit executable reference: (CtExecutableReferenceImpl) <init>[0m
  [34mIgnoring implicit executable reference: (CtExecutableReferenceImpl) <init>[0m
  [34mskipping default constructor: org.apache.hc.client5.http.impl.sync.AbstractResponseHandler()[0m
  [34mskipping default constructor: org.apache.hc.client5.http.impl.sync.BasicResponseHandler()[0m
  [34mskipping default constructor: org.apache.hc.client5.http.impl.sync.DefaultBackoffStrategy()[0m
  getting parent type for (CtClassImpl) DurationCounter @ httpclient5/src/main/java/org/apache/hc/client5/http/impl/sync/FutureRequestExecutionMetrics.java:126:18
  [34mskipping default constructor: org.apache.hc.client5.http.impl.sync.FutureRequestExecutionMetrics$DurationCounter()[0m
  getting parent type for (CtClassImpl) WaitNode
  [34mskipping default constructor: org.apache.hc.client5.http.impl.sync.NullBackoffStrategy()[0m
  [34mskipping default constructor: org.apache.hc.client5.http.impl.sync.SystemClock()[0m
  [34mIgnoring implicit executable reference: (CtExecutableReferenceImpl) <init>[0m
  [34mIgnoring implicit executable reference: (CtExecutableReferenceImpl) <init>[0m
  [34mUnused type args: [org.apache.hc.client5.http.io.HttpClientConnectionManager][0m
  [34mIgnoring implicit executable reference: (CtExecutableReferenceImpl) <init>[0m
  [34mIgnoring implicit executable reference: (CtExecutableReferenceImpl) <init>[0m
  [34mIgnoring implicit executable reference: (CtExecutableReferenceImpl) <init>[0m
  [34mIgnoring implicit executable reference: (CtExecutableReferenceImpl) <init>[0m
  [34mIgnoring implicit executable reference: (CtExecutableReferenceImpl) <init>[0m
  [34mIgnoring implicit executable reference: (CtExecutableReferenceImpl) <init>[0m
  [34mUnused type args: [?][0m
  [34mUnused type args: [?][0m
  [34mIgnoring implicit executable reference: (CtExecutableReferenceImpl) <init>[0m
  [34mIgnoring implicit executable reference: (CtExecutableReferenceImpl) <init>[0m
  [34mUnused type args: [V][0m
  [34mUnused type args: [V][0m
  [34mUnused type args: [V][0m
  [34mUnused type args: [V][0m
  [34mUnused type args: [V][0m
  [34mUnused type args: [V][0m
  [34mUnused type args: [V][0m
  [34mUnused type args: [V][0m
  [34mUnused type args: [V][0m
  [34mUnused type args: [V][0m
  [34mUnused type args: [V][0m
  [34mUnused type args: [V][0m
  [34mIgnoring implicit executable reference: (CtExecutableReferenceImpl) <init>[0m
  [34mIgnoring implicit executable reference: (CtExecutableReferenceImpl) <init>[0m
  [34mIgnoring implicit executable reference: (CtExecutableReferenceImpl) <init>[0m
  [34mUnused type args: [org.apache.hc.client5.http.io.ManagedHttpClientConnection][0m
  [34mIgnoring implicit executable reference: (CtExecutableReferenceImpl) <init>[0m
  [34mIgnoring implicit executable reference: (CtExecutableReferenceImpl) <init>[0m
  [34mIgnoring implicit executable reference: (CtExecutableReferenceImpl) <init>[0m
  [34mUnused type args: [V][0m
  [34mUnused type args: [V][0m
  [34mUnused type args: [java.lang.Runnable][0m
  [34mUnused type args: [org.apache.hc.client5.http.HttpRoute, java.lang.Long][0m
  [34mIgnoring implicit executable reference: (CtExecutableReferenceImpl) <init>[0m
  [34mIgnoring implicit executable reference: (CtExecutableReferenceImpl) <init>[0m
  [34mIgnoring implicit executable reference: (CtExecutableReferenceImpl) <init>[0m
  [34mIgnoring implicit executable reference: (CtExecutableReferenceImpl) <init>[0m
  [34mUnused type args: [org.apache.hc.client5.http.io.ManagedHttpClientConnection][0m
  [34mIgnoring implicit executable reference: (CtExecutableReferenceImpl) <init>[0m
  [34mIgnoring implicit executable reference: (CtExecutableReferenceImpl) <init>[0m
  [34mIgnoring implicit executable reference: (CtExecutableReferenceImpl) <init>[0m
  [34mIgnoring implicit executable reference: (CtExecutableReferenceImpl) <init>[0m
  [34mIgnoring implicit executable reference: (CtExecutableReferenceImpl) <init>[0m
  [34mUnused type args: [V][0m
  [34mUnused type args: [V][0m
  [34mUnused type args: [V][0m
  [34mUnused type args: [V][0m
  [34mUnused type args: [V][0m
  [34mUnused type args: [V][0m
  [34mUnused type args: [V][0m
  [34mIgnoring implicit executable reference: (CtExecutableReferenceImpl) <init>[0m
  [34mIgnoring implicit executable reference: (CtExecutableReferenceImpl) <init>[0m
  [34mUnused type args: [V][0m
  [34mUnused type args: [V][0m
  [34mUnused type args: [V][0m
  [34mUnused type args: [V][0m
  [34mUnused type args: [V][0m
  [34mUnused type args: [V][0m
  [34mUnused type args: [V][0m
  [34mUnused type args: [V][0m
  [34mUnused type args: [V][0m
  [34mUnused type args: [V][0m
  [34mUnused type args: [V][0m
  [34mUnused type args: [V][0m
  [34mUnused type args: [V][0m
  [34mUnused type args: [V][0m
  [34mUnused type args: [V][0m
  [34mUnused type args: [V][0m
  [34mUnused type args: [V][0m
  [34mUnused type args: [V][0m
  [34mUnused type args: [V][0m
  [34mUnused type args: [V][0m
  [34mUnused type args: [V][0m
  [34mUnused type args: [V][0m
  [34mUnused type args: [V][0m
  [34mUnused type args: [org.apache.hc.core5.http.HttpHost][0m
  [34mUnused type args: [org.apache.hc.core5.http.HttpHost][0m
  [34mUnused type args: [org.apache.hc.client5.http.auth.Credentials][0m
  [34mIgnoring implicit executable reference: (CtExecutableReferenceImpl) <init>[0m
  [34mIgnoring implicit executable reference: (CtExecutableReferenceImpl) <init>[0m
  [34mUnused type args: [org.apache.hc.client5.http.io.ManagedHttpClientConnection][0m
  [34mIgnoring implicit executable reference: (CtExecutableReferenceImpl) <init>[0m
  [34mIgnoring implicit executable reference: (CtExecutableReferenceImpl) <init>[0m
  [34mIgnoring implicit executable reference: (CtExecutableReferenceImpl) <init>[0m
  [34mIgnoring implicit executable reference: (CtExecutableReferenceImpl) <init>[0m
  [34mUnused type args: [org.apache.hc.client5.http.auth.AuthSchemeProvider][0m
  [34mIgnoring implicit executable reference: (CtExecutableReferenceImpl) <init>[0m
  [34mIgnoring implicit executable reference: (CtExecutableReferenceImpl) <init>[0m
  [34mIgnoring implicit executable reference: (CtExecutableReferenceImpl) <init>[0m
  [34mIgnoring implicit executable reference: (CtExecutableReferenceImpl) <init>[0m
  [34mIgnoring implicit executable reference: (CtExecutableReferenceImpl) <init>[0m
  [34mUnused type args: [T @ httpclient5/src/main/java/org/apache/hc/client5/http/impl/sync/FutureRequestExecutionService.java:117:39][0m
  [34mIgnoring implicit executable reference: (CtExecutableReferenceImpl) <init>[0m
  [34mUnused type args: [T][0m
  [34mUnused type args: [V][0m
  [34mUnused type args: [V][0m
  [34mUnused type args: [T][0m
  [34mUnused type args: [T][0m
  [34mUnused type args: [T @ httpclient5/src/main/java/org/apache/hc/client5/http/impl/sync/FutureRequestExecutionService.java:119:37][0m
  [34mIgnoring implicit executable reference: (CtExecutableReferenceImpl) <init>[0m
  [34mUnused type args: [T][0m
  [34mUnused type args: [V][0m
  [34mUnused type args: [T][0m
  [34mUnused type args: [T][0m
  [34mUnused type args: [T][0m
  [34mUnused type args: [V][0m
  [34mUnused type args: [V][0m
  [34mUnused type args: [V][0m
  [34mUnused type args: [V][0m
  [34mUnused type args: [V][0m
  [34mUnused type args: [V][0m
  [34mUnused type args: [?][0m
  [34mUnused type args: [V][0m
  [34mUnused type args: [V][0m
  [34mUnused type args: [V][0m
  [34mUnused type args: [V][0m
  [34mUnused type args: [V][0m
  [34mUnused type args: [V][0m
  [34mUnused type args: [V][0m
  [34mUnused type args: [V][0m
  [34mUnused type args: [V][0m
  [34mUnused type args: [V][0m
  [34mUnused type args: [V][0m
  [34mUnused type args: [V][0m
  [34mUnused type args: [V][0m
  [34mUnused type args: [V][0m
  [34mUnused type args: [V][0m
  [34mUnused type args: [V][0m
  [34mUnused type args: [V][0m
  [34mUnused type args: [V][0m
  [34mUnused type args: [V][0m
  [34mUnused type args: [V][0m
  [34mUnused type args: [V][0m
  [34mUnused type args: [V][0m
  [34mUnused type args: [V][0m
  [34mIgnoring implicit executable reference: (CtExecutableReferenceImpl) <init>[0m
  [34mIgnoring implicit executable reference: (CtExecutableReferenceImpl) <init>[0m
  [34mUnused type args: [org.apache.hc.client5.http.HttpRoute][0m
  [34mUnused type args: [org.apache.hc.client5.http.HttpRoute][0m
  [34mUnused type args: [org.apache.hc.client5.http.HttpRoute, java.lang.Long][0m
  [34mUnused type args: [org.apache.hc.client5.http.HttpRoute, java.lang.Long][0m
  [34mUnused type args: [org.apache.hc.client5.http.HttpRoute][0m
  [34mUnused type args: [org.apache.hc.client5.http.HttpRoute, java.lang.Long][0m
  [34mUnused type args: [V][0m
  [34mUnused type args: [V][0m
  [34mUnused type args: [V][0m
  [34mIgnoring implicit executable reference: (CtExecutableReferenceImpl) <init>[0m
  [34mUnused type args: [org.apache.hc.core5.http.HttpHost][0m
  [34mUnused type args: [org.apache.hc.core5.http.ClassicHttpRequest][0m
  [34mIgnoring implicit executable reference: (CtExecutableReferenceImpl) <init>[0m
  [34mIgnoring implicit executable reference: (CtExecutableReferenceImpl) <init>[0m
  [34mIgnoring implicit executable reference: (CtExecutableReferenceImpl) <init>[0m
  [34mIgnoring implicit executable reference: (CtExecutableReferenceImpl) <init>[0m
  [34mIgnoring implicit executable reference: (CtExecutableReferenceImpl) <init>[0m
  [34mIgnoring implicit executable reference: (CtExecutableReferenceImpl) <init>[0m
  [34mIgnoring implicit executable reference: (CtExecutableReferenceImpl) <init>[0m
  [34mIgnoring implicit executable reference: (CtExecutableReferenceImpl) <init>[0m
  [34mIgnoring implicit executable reference: (CtExecutableReferenceImpl) <init>[0m
  [34mIgnoring implicit executable reference: (CtExecutableReferenceImpl) <init>[0m
  [34mIgnoring implicit executable reference: (CtExecutableReferenceImpl) <init>[0m
  [34mIgnoring implicit executable reference: (CtExecutableReferenceImpl) <init>[0m
  [34mIgnoring implicit executable reference: (CtExecutableReferenceImpl) <init>[0m
  [34mIgnoring implicit executable reference: (CtExecutableReferenceImpl) <init>[0m
  [34mIgnoring implicit executable reference: (CtExecutableReferenceImpl) <init>[0m
  [34mUnused type args: [V][0m
  [34mIgnoring implicit executable reference: (CtExecutableReferenceImpl) <init>[0m
  [34mIgnoring implicit executable reference: (CtExecutableReferenceImpl) <init>[0m
  [34mUnused type args: [org.apache.hc.client5.http.io.ManagedHttpClientConnection][0m
  [34mUnused type args: [org.apache.hc.client5.http.io.ManagedHttpClientConnection][0m
  [34mUnused type args: [org.apache.hc.client5.http.io.ManagedHttpClientConnection][0m
  [34mUnused type args: [org.apache.hc.client5.http.io.ManagedHttpClientConnection][0m
  [34mUnused type args: [org.apache.hc.client5.http.io.ManagedHttpClientConnection][0m
  [34mIgnoring implicit executable reference: (CtExecutableReferenceImpl) <init>[0m
  [34mUnused type args: [org.apache.hc.core5.http.ClassicHttpRequest][0m
  [34mUnused type args: [org.apache.hc.core5.http.ClassicHttpResponse][0m
  [34mIgnoring implicit executable reference: (CtExecutableReferenceImpl) <init>[0m
  [34mIgnoring implicit executable reference: (CtExecutableReferenceImpl) <init>[0m
  [34mIgnoring implicit executable reference: (CtExecutableReferenceImpl) <init>[0m
  [34mIgnoring implicit executable reference: (CtExecutableReferenceImpl) <init>[0m
  [34mIgnoring implicit executable reference: (CtExecutableReferenceImpl) <init>[0m
  [34mIgnoring implicit executable reference: (CtExecutableReferenceImpl) <init>[0m
  [34mIgnoring implicit executable reference: (CtExecutableReferenceImpl) <init>[0m
  [34mIgnoring implicit executable reference: (CtExecutableReferenceImpl) <init>[0m
  [34mUnused type args: [org.apache.hc.client5.http.auth.AuthSchemeProvider][0m
  [34mUnused type args: [org.apache.hc.client5.http.auth.AuthSchemeProvider][0m
  [34mUnused type args: [org.apache.hc.client5.http.auth.AuthSchemeProvider @ httpclient5/src/main/java/org/apache/hc/client5/http/impl/sync/ProxyClient.java:114:52][0m
  [34mUnused type args: [org.apache.hc.client5.http.auth.AuthSchemeProvider][0m
  [34mUnused type args: [org.apache.hc.client5.http.auth.AuthSchemeProvider][0m
  [34mIgnoring implicit executable reference: (CtExecutableReferenceImpl) <init>[0m
  [34mUnused type args: [org.apache.hc.client5.http.auth.AuthSchemeProvider][0m
  [34mIgnoring implicit executable reference: (CtExecutableReferenceImpl) <init>[0m
  [34mUnused type args: [org.apache.hc.client5.http.auth.AuthSchemeProvider][0m
  [34mIgnoring implicit executable reference: (CtExecutableReferenceImpl) <init>[0m
  [34mUnused type args: [org.apache.hc.client5.http.auth.AuthSchemeProvider][0m
  [34mIgnoring implicit executable reference: (CtExecutableReferenceImpl) <init>[0m
  [34mUnused type args: [org.apache.hc.client5.http.auth.AuthSchemeProvider][0m
  [34mIgnoring implicit executable reference: (CtExecutableReferenceImpl) <init>[0m
  [34mUnused type args: [org.apache.hc.client5.http.auth.AuthSchemeProvider][0m
  [34mIgnoring implicit executable reference: (CtExecutableReferenceImpl) <init>[0m
  [34mUnused type args: [V][0m
  [34mUnused type args: [V][0m
  [34mUnused type args: [V][0m
  [34mIgnoring implicit executable reference: (CtExecutableReferenceImpl) <init>[0m
  [34mUnused type args: [V][0m
  [34mUnused type args: [V][0m
  [34mUnused type args: [V][0m
  [34mIgnoring implicit executable reference: (CtExecutableReferenceImpl) <init>[0m
  [34mIgnoring implicit executable reference: (CtExecutableReferenceImpl) <init>[0m
  [34mUnused type args: [org.apache.hc.client5.http.HttpRoute][0m
  [34mUnused type args: [org.apache.hc.client5.http.HttpRoute][0m
  [34mUnused type args: [org.apache.hc.client5.http.HttpRoute][0m
  [34mUnused type args: [org.apache.hc.client5.http.HttpRoute, java.lang.Long][0m
  [34mUnused type args: [org.apache.hc.client5.http.HttpRoute, java.lang.Long][0m
  [34mIgnoring implicit executable reference: (CtExecutableReferenceImpl) <init>[0m
  [34mUnused type args: [org.apache.hc.client5.http.HttpRoute, java.lang.Long][0m
  [34mUnused type args: [org.apache.hc.client5.http.HttpRoute, java.lang.Long][0m
  [34mUnused type args: [org.apache.hc.client5.http.HttpRoute, java.lang.Long][0m
  [34mIgnoring implicit executable reference: (CtExecutableReferenceImpl) <init>[0m
  [34mUnused type args: [org.apache.hc.client5.http.HttpRoute, java.lang.Long][0m
  [34mIgnoring implicit executable reference: (CtExecutableReferenceImpl) <init>[0m
  [34mIgnoring implicit executable reference: (CtExecutableReferenceImpl) <init>[0m
  [34mIgnoring implicit executable reference: (CtExecutableReferenceImpl) <init>[0m
  [34mIgnoring implicit executable reference: (CtExecutableReferenceImpl) <init>[0m
  [34mUnused type args: [org.apache.hc.client5.http.HttpRoute][0m
  [34mUnused type args: [org.apache.hc.client5.http.HttpRoute][0m
  [34mIgnoring implicit executable reference: (CtExecutableReferenceImpl) <init>[0m
  [34mUnused type args: [T][0m
  [34mUnused type args: [T][0m
  [34mUnused type args: [T][0m
  [34mUnused type args: [T][0m
  [34mUnused type args: [T][0m
  [34mUnused type args: [org.apache.hc.client5.http.HttpRoute][0m
  [34mUnused type args: [org.apache.hc.client5.http.HttpRoute][0m
  [34mUnused type args: [org.apache.hc.client5.http.HttpRoute, java.lang.Long][0m
  [34mUnused type args: [org.apache.hc.client5.http.HttpRoute, java.lang.Long][0m
  [34mUnused type args: [org.apache.hc.client5.http.HttpRoute, java.lang.Long][0m
  [34mUnused type args: [org.apache.hc.client5.http.HttpRoute, java.lang.Long][0m
  [34mUnused type args: [org.apache.hc.client5.http.HttpRoute][0m
  [34mUnused type args: [org.apache.hc.client5.http.HttpRoute, java.lang.Long][0m
  [34mIgnoring implicit executable reference: (CtExecutableReferenceImpl) <init>[0m
  [34mskipping default constructor: org.apache.hc.client5.http.impl.sync.AbstractResponseHandler()[0m
  [34mUnused type args: [java.lang.String][0m
  getting parent type for (CtEnumImpl) Status @ httpclient5/src/main/java/org/apache/hc/client5/http/impl/async/AbstractHttpAsyncClientBase.java:49:10
  [34mskipping default constructor: org.apache.hc.client5.http.impl.async.AbstractHttpAsyncClientBase$Status()[0m
  [34mskipping default constructor: org.apache.hc.client5.http.impl.async.CloseableHttpAsyncClient()[0m
  getting parent type for (CtClassImpl) State @ httpclient5/src/main/java/org/apache/hc/client5/http/impl/async/AsyncConnectExec.java:96:18
  Pending package org.apache.hc.client5.http.async
  getting parent type for (CtClassImpl) Scope @ httpclient5/src/main/java/org/apache/hc/client5/http/async/AsyncExecChain.java:40:17
  Pending package org.apache.hc.core5.http2
  getting parent type for (CtClassImpl) State @ httpclient5/src/main/java/org/apache/hc/client5/http/impl/async/AsyncRedirectExec.java:71:26
  [34mskipping default constructor: org.apache.hc.client5.http.impl.async.AsyncRedirectExec$State()[0m
  Pending package org.apache.hc.core5.http2.config
  getting parent type for (CtEnumImpl) Postion @ httpclient5/src/main/java/org/apache/hc/client5/http/impl/async/HttpAsyncClientBuilder.java:153:14
  [34mskipping default constructor: org.apache.hc.client5.http.impl.async.HttpAsyncClientBuilder$RequestInterceptorEntry$Postion()[0m
  getting parent type for (CtClassImpl) RequestInterceptorEntry @ httpclient5/src/main/java/org/apache/hc/client5/http/impl/async/HttpAsyncClientBuilder.java:151:26
  getting parent type for (CtEnumImpl) Postion @ httpclient5/src/main/java/org/apache/hc/client5/http/impl/async/HttpAsyncClientBuilder.java:166:14
  [34mskipping default constructor: org.apache.hc.client5.http.impl.async.HttpAsyncClientBuilder$ResponseInterceptorEntry$Postion()[0m
  getting parent type for (CtClassImpl) ResponseInterceptorEntry @ httpclient5/src/main/java/org/apache/hc/client5/http/impl/async/HttpAsyncClientBuilder.java:164:26
  getting parent type for (CtEnumImpl) Postion @ httpclient5/src/main/java/org/apache/hc/client5/http/impl/async/HttpAsyncClientBuilder.java:179:14
  [34mskipping default constructor: org.apache.hc.client5.http.impl.async.HttpAsyncClientBuilder$ExecInterceptorEntry$Postion()[0m
  getting parent type for (CtClassImpl) ExecInterceptorEntry @ httpclient5/src/main/java/org/apache/hc/client5/http/impl/async/HttpAsyncClientBuilder.java:177:26
  getting parent type for (CtClassImpl) InternalAsyncClientEndpoint @ httpclient5/src/main/java/org/apache/hc/client5/http/impl/async/MinimalHttpAsyncClient.java:268:19
  [34mUnused type args: [org.apache.hc.client5.http.nio.AsyncConnectionEndpoint][0m
  [34mUnused type args: [org.apache.hc.client5.http.async.methods.SimpleHttpResponse][0m
  [34mUnused type args: [org.apache.hc.client5.http.async.methods.SimpleHttpResponse][0m
  [34mUnused type args: [org.apache.hc.client5.http.async.methods.SimpleHttpResponse][0m
  [34mIgnoring implicit executable reference: (CtExecutableReferenceImpl) <init>[0m
  [34mIgnoring anonymous type: (CtTypeReferenceImpl) org.apache.hc.client5.http.impl.async.AsyncProtocolExec$1[0m
  [34mIgnoring implicit executable reference: (CtExecutableReferenceImpl) <init>[0m
  [34mIgnoring anonymous type: (CtTypeReferenceImpl) org.apache.hc.client5.http.impl.async.AsyncProtocolExec$1[0m
  [34mIgnoring anonymous object declaration: (CtClassImpl) 1 @ httpclient5/src/main/java/org/apache/hc/client5/http/impl/async/AsyncProtocolExec.java:170:79[0m
  [34mIgnoring implicit executable reference: (CtExecutableReferenceImpl) <init>[0m
  [34mIgnoring implicit executable reference: (CtExecutableReferenceImpl) <init>[0m
  [34mIgnoring method of an anonymous declaring type: (CtMethodImpl) handleResponse @ httpclient5/src/main/java/org/apache/hc/client5/http/impl/async/AsyncProtocolExec.java:173:38 in (CtClassImpl) 1 @ httpclient5/src/main/java/org/apache/hc/client5/http/impl/async/AsyncProtocolExec.java:170:79[0m
  [34mIgnoring method of an anonymous declaring type: (CtMethodImpl) completed @ httpclient5/src/main/java/org/apache/hc/client5/http/impl/async/AsyncProtocolExec.java:193:25 in (CtClassImpl) 1 @ httpclient5/src/main/java/org/apache/hc/client5/http/impl/async/AsyncProtocolExec.java:170:79[0m
  [34mUnused type args: [org.apache.hc.core5.http.Header @ httpclient5/src/main/java/org/apache/hc/client5/http/impl/async/AsyncProtocolExec.java:213:41][0m
  [34mUnused type args: [org.apache.hc.core5.http.Header][0m
  [34mUnused type args: [org.apache.hc.core5.http.Header][0m
  [34mUnused type args: [org.apache.hc.core5.http.Header][0m
  [34mIgnoring method of an anonymous declaring type: (CtMethodImpl) failed @ httpclient5/src/main/java/org/apache/hc/client5/http/impl/async/AsyncProtocolExec.java:227:25 in (CtClassImpl) 1 @ httpclient5/src/main/java/org/apache/hc/client5/http/impl/async/AsyncProtocolExec.java:170:79[0m
  [34mUnused type args: [org.apache.hc.core5.http.nio.AsyncPushConsumer][0m
  [34mUnused type args: [org.apache.hc.core5.http.nio.AsyncPushConsumer][0m
  [34mIgnoring implicit executable reference: (CtExecutableReferenceImpl) <init>[0m
  [34mIgnoring implicit executable reference: (CtExecutableReferenceImpl) <init>[0m
  [34mIgnoring anonymous type: (CtTypeReferenceImpl) org.apache.hc.client5.http.impl.async.AsyncConnectExec$6[0m
  [34mIgnoring implicit executable reference: (CtExecutableReferenceImpl) <init>[0m
  [34mIgnoring anonymous type: (CtTypeReferenceImpl) org.apache.hc.client5.http.impl.async.AsyncConnectExec$6[0m
  [34mIgnoring anonymous object declaration: (CtClassImpl) 6 @ httpclient5/src/main/java/org/apache/hc/client5/http/impl/async/AsyncConnectExec.java:321:69[0m
  [34mIgnoring implicit executable reference: (CtExecutableReferenceImpl) <init>[0m
  [34mIgnoring implicit executable reference: (CtExecutableReferenceImpl) <init>[0m
  [34mIgnoring method of an anonymous declaring type: (CtMethodImpl) handleResponse @ httpclient5/src/main/java/org/apache/hc/client5/http/impl/async/AsyncConnectExec.java:324:38 in (CtClassImpl) 6 @ httpclient5/src/main/java/org/apache/hc/client5/http/impl/async/AsyncConnectExec.java:321:69[0m
  [34mIgnoring implicit executable reference: (CtExecutableReferenceImpl) <init>[0m
  [34mIgnoring implicit executable reference: (CtExecutableReferenceImpl) <init>[0m
  [34mIgnoring method of an anonymous declaring type: (CtMethodImpl) completed @ httpclient5/src/main/java/org/apache/hc/client5/http/impl/async/AsyncConnectExec.java:350:25 in (CtClassImpl) 6 @ httpclient5/src/main/java/org/apache/hc/client5/http/impl/async/AsyncConnectExec.java:321:69[0m
  [34mIgnoring implicit executable reference: (CtExecutableReferenceImpl) <init>[0m
  [34mIgnoring method of an anonymous declaring type: (CtMethodImpl) failed @ httpclient5/src/main/java/org/apache/hc/client5/http/impl/async/AsyncConnectExec.java:370:25 in (CtClassImpl) 6 @ httpclient5/src/main/java/org/apache/hc/client5/http/impl/async/AsyncConnectExec.java:321:69[0m
  [34mIgnoring anonymous type: (CtTypeReferenceImpl) org.apache.hc.client5.http.impl.async.AsyncRetryExec$1[0m
  [34mIgnoring implicit executable reference: (CtExecutableReferenceImpl) <init>[0m
  [34mIgnoring anonymous type: (CtTypeReferenceImpl) org.apache.hc.client5.http.impl.async.AsyncRetryExec$1[0m
  [34mIgnoring anonymous object declaration: (CtClassImpl) 1 @ httpclient5/src/main/java/org/apache/hc/client5/http/impl/async/AsyncRetryExec.java:67:97[0m
  [34mIgnoring implicit executable reference: (CtExecutableReferenceImpl) <init>[0m
  [34mIgnoring implicit executable reference: (CtExecutableReferenceImpl) <init>[0m
  [34mIgnoring method of an anonymous declaring type: (CtMethodImpl) handleResponse @ httpclient5/src/main/java/org/apache/hc/client5/http/impl/async/AsyncRetryExec.java:70:38 in (CtClassImpl) 1 @ httpclient5/src/main/java/org/apache/hc/client5/http/impl/async/AsyncRetryExec.java:67:97[0m
  [34mIgnoring method of an anonymous declaring type: (CtMethodImpl) completed @ httpclient5/src/main/java/org/apache/hc/client5/http/impl/async/AsyncRetryExec.java:77:25 in (CtClassImpl) 1 @ httpclient5/src/main/java/org/apache/hc/client5/http/impl/async/AsyncRetryExec.java:67:97[0m
  [34mIgnoring method of an anonymous declaring type: (CtMethodImpl) failed @ httpclient5/src/main/java/org/apache/hc/client5/http/impl/async/AsyncRetryExec.java:82:25 in (CtClassImpl) 1 @ httpclient5/src/main/java/org/apache/hc/client5/http/impl/async/AsyncRetryExec.java:67:97[0m
  [34mUnused type args: [?][0m
  [34mIgnoring implicit executable reference: (CtExecutableReferenceImpl) <init>[0m
  [34mIgnoring implicit executable reference: (CtExecutableReferenceImpl) <init>[0m
  [34mUnused type args: [org.apache.hc.client5.http.sync.HttpRequestRetryHandler][0m
  [34mIgnoring implicit executable reference: (CtExecutableReferenceImpl) <init>[0m
  [34mIgnoring implicit executable reference: (CtExecutableReferenceImpl) <init>[0m
  [34mIgnoring implicit executable reference: (CtExecutableReferenceImpl) <init>[0m
  [34mIgnoring implicit executable reference: (CtExecutableReferenceImpl) <init>[0m
  [34mIgnoring anonymous type: (CtTypeReferenceImpl) org.apache.hc.client5.http.impl.async.LoggingAsyncClientExchangeHandler$3[0m
  [34mIgnoring implicit executable reference: (CtExecutableReferenceImpl) <init>[0m
  [34mIgnoring anonymous type: (CtTypeReferenceImpl) org.apache.hc.client5.http.impl.async.LoggingAsyncClientExchangeHandler$3[0m
  [34mIgnoring anonymous object declaration: (CtClassImpl) 3 @ httpclient5/src/main/java/org/apache/hc/client5/http/impl/async/LoggingAsyncClientExchangeHandler.java:153:54[0m
  [34mIgnoring implicit executable reference: (CtExecutableReferenceImpl) <init>[0m
  [34mIgnoring implicit executable reference: (CtExecutableReferenceImpl) <init>[0m
  [34mIgnoring method of an anonymous declaring type: (CtMethodImpl) update @ httpclient5/src/main/java/org/apache/hc/client5/http/impl/async/LoggingAsyncClientExchangeHandler.java:156:25 in (CtClassImpl) 3 @ httpclient5/src/main/java/org/apache/hc/client5/http/impl/async/LoggingAsyncClientExchangeHandler.java:153:54[0m
  [34mIgnoring implicit executable reference: (CtExecutableReferenceImpl) <init>[0m
  [34mIgnoring implicit executable reference: (CtExecutableReferenceImpl) <init>[0m
  [34mIgnoring implicit executable reference: (CtExecutableReferenceImpl) <init>[0m
  [34mUnused type args: [org.apache.hc.core5.http.HttpResponseInterceptor][0m
  [34mUnused type args: [org.apache.hc.client5.http.impl.async.HttpAsyncClientBuilder$ResponseInterceptorEntry][0m
  [34mUnused type args: [org.apache.hc.client5.http.impl.async.HttpAsyncClientBuilder$ResponseInterceptorEntry][0m
  [34mUnused type args: [org.apache.hc.client5.http.impl.async.HttpAsyncClientBuilder$ResponseInterceptorEntry][0m
  [34mIgnoring implicit executable reference: (CtExecutableReferenceImpl) <init>[0m
  [34mUnused type args: [org.apache.hc.client5.http.impl.async.HttpAsyncClientBuilder$ResponseInterceptorEntry][0m
  [34mUnused type args: [org.apache.hc.client5.http.impl.async.HttpAsyncClientBuilder$ResponseInterceptorEntry][0m
  [34mIgnoring implicit executable reference: (CtExecutableReferenceImpl) <init>[0m
  [34mUnused type args: [org.apache.hc.core5.http.nio.AsyncPushConsumer][0m
  [34mUnused type args: [org.apache.hc.core5.http.nio.AsyncPushConsumer][0m
  [34mIgnoring implicit executable reference: (CtExecutableReferenceImpl) <init>[0m
  [34mIgnoring implicit executable reference: (CtExecutableReferenceImpl) <init>[0m
  [34mIgnoring implicit executable reference: (CtExecutableReferenceImpl) <init>[0m
  [34mIgnoring implicit executable reference: (CtExecutableReferenceImpl) <init>[0m
  [34mUnused type args: [org.apache.hc.client5.http.impl.async.AbstractHttpAsyncClientBase$Status][0m
  [34mIgnoring anonymous type: (CtTypeReferenceImpl) org.apache.hc.client5.http.impl.async.AbstractHttpAsyncClientBase$2[0m
  [34mIgnoring implicit executable reference: (CtExecutableReferenceImpl) <init>[0m
  [34mIgnoring anonymous type: (CtTypeReferenceImpl) org.apache.hc.client5.http.impl.async.AbstractHttpAsyncClientBase$2[0m
  [34mIgnoring anonymous object declaration: (CtClassImpl) 2 @ httpclient5/src/main/java/org/apache/hc/client5/http/impl/async/AbstractHttpAsyncClientBase.java:81:52[0m
  [34mIgnoring implicit executable reference: (CtExecutableReferenceImpl) <init>[0m
  [34mIgnoring implicit executable reference: (CtExecutableReferenceImpl) <init>[0m
  [34mIgnoring method of an anonymous declaring type: (CtMethodImpl) run @ httpclient5/src/main/java/org/apache/hc/client5/http/impl/async/AbstractHttpAsyncClientBase.java:84:29 in (CtClassImpl) 2 @ httpclient5/src/main/java/org/apache/hc/client5/http/impl/async/AbstractHttpAsyncClientBase.java:81:52[0m
  [34mIgnoring implicit executable reference: (CtExecutableReferenceImpl) <init>[0m
  [34mIgnoring implicit executable reference: (CtExecutableReferenceImpl) <init>[0m
  [34mUnused type args: [org.apache.hc.client5.http.async.AsyncExecRuntime][0m
  [34mUnused type args: [org.apache.hc.client5.http.nio.AsyncConnectionEndpoint][0m
  [34mUnused type args: [org.apache.hc.client5.http.nio.AsyncConnectionEndpoint][0m
  [34mIgnoring anonymous type: (CtTypeReferenceImpl) org.apache.hc.client5.http.impl.async.AsyncExecRuntimeImpl$2[0m
  [34mIgnoring implicit executable reference: (CtExecutableReferenceImpl) <init>[0m
  [34mIgnoring anonymous type: (CtTypeReferenceImpl) org.apache.hc.client5.http.impl.async.AsyncExecRuntimeImpl$2[0m
  [34mUnused type args: [org.apache.hc.client5.http.nio.AsyncConnectionEndpoint @ httpclient5/src/main/java/org/apache/hc/client5/http/impl/async/AsyncExecRuntimeImpl.java:201:40][0m
  [34mIgnoring anonymous object declaration: (CtClassImpl) 2 @ httpclient5/src/main/java/org/apache/hc/client5/http/impl/async/AsyncExecRuntimeImpl.java:201:67[0m
  [34mUnused type args: [org.apache.hc.client5.http.nio.AsyncConnectionEndpoint][0m
  [34mIgnoring implicit executable reference: (CtExecutableReferenceImpl) <init>[0m
  [34mIgnoring implicit executable reference: (CtExecutableReferenceImpl) <init>[0m
  [34mIgnoring method of an anonymous declaring type: (CtMethodImpl) completed @ httpclient5/src/main/java/org/apache/hc/client5/http/impl/async/AsyncExecRuntimeImpl.java:204:37 in (CtClassImpl) 2 @ httpclient5/src/main/java/org/apache/hc/client5/http/impl/async/AsyncExecRuntimeImpl.java:201:67[0m
  [34mUnused type args: [org.apache.hc.client5.http.async.AsyncExecRuntime][0m
  [34mIgnoring method of an anonymous declaring type: (CtMethodImpl) failed @ httpclient5/src/main/java/org/apache/hc/client5/http/impl/async/AsyncExecRuntimeImpl.java:213:37 in (CtClassImpl) 2 @ httpclient5/src/main/java/org/apache/hc/client5/http/impl/async/AsyncExecRuntimeImpl.java:201:67[0m
  [34mUnused type args: [org.apache.hc.client5.http.async.AsyncExecRuntime][0m
  [34mIgnoring method of an anonymous declaring type: (CtMethodImpl) cancelled @ httpclient5/src/main/java/org/apache/hc/client5/http/impl/async/AsyncExecRuntimeImpl.java:218:37 in (CtClassImpl) 2 @ httpclient5/src/main/java/org/apache/hc/client5/http/impl/async/AsyncExecRuntimeImpl.java:201:67[0m
  [34mUnused type args: [org.apache.hc.client5.http.async.AsyncExecRuntime][0m
  [34mIgnoring anonymous type: (CtTypeReferenceImpl) org.apache.hc.client5.http.impl.async.LoggingAsyncClientExchangeHandler$1[0m
  [34mIgnoring implicit executable reference: (CtExecutableReferenceImpl) <init>[0m
  [34mIgnoring anonymous type: (CtTypeReferenceImpl) org.apache.hc.client5.http.impl.async.LoggingAsyncClientExchangeHandler$1[0m
  [34mIgnoring anonymous object declaration: (CtClassImpl) 1 @ httpclient5/src/main/java/org/apache/hc/client5/http/impl/async/LoggingAsyncClientExchangeHandler.java:71:53[0m
  [34mIgnoring implicit executable reference: (CtExecutableReferenceImpl) <init>[0m
  [34mIgnoring implicit executable reference: (CtExecutableReferenceImpl) <init>[0m
  [34mIgnoring method of an anonymous declaring type: (CtMethodImpl) sendRequest @ httpclient5/src/main/java/org/apache/hc/client5/http/impl/async/LoggingAsyncClientExchangeHandler.java:74:25 in (CtClassImpl) 1 @ httpclient5/src/main/java/org/apache/hc/client5/http/impl/async/LoggingAsyncClientExchangeHandler.java:71:53[0m
  [34mIgnoring implicit executable reference: (CtExecutableReferenceImpl) <init>[0m
  [34mIgnoring implicit executable reference: (CtExecutableReferenceImpl) <init>[0m
  [34mIgnoring implicit executable reference: (CtExecutableReferenceImpl) <init>[0m
  [34mIgnoring implicit executable reference: (CtExecutableReferenceImpl) <init>[0m
  [34mIgnoring implicit executable reference: (CtExecutableReferenceImpl) <init>[0m
  [34mIgnoring implicit executable reference: (CtExecutableReferenceImpl) <init>[0m
  [34mIgnoring implicit executable reference: (CtExecutableReferenceImpl) <init>[0m
  [34mUnused type args: [org.apache.hc.client5.http.nio.AsyncConnectionEndpoint][0m
  [34mUnused type args: [org.apache.hc.client5.http.nio.AsyncConnectionEndpoint][0m
  [34mIgnoring implicit executable reference: (CtExecutableReferenceImpl) <init>[0m
  [34mUnused type args: [org.apache.hc.client5.http.nio.AsyncConnectionEndpoint][0m
  [34mUnused type args: [org.apache.hc.client5.http.nio.AsyncConnectionEndpoint][0m
  [34mUnused type args: [org.apache.hc.client5.http.nio.AsyncConnectionEndpoint][0m
  [34mUnused type args: [org.apache.hc.client5.http.nio.AsyncConnectionEndpoint][0m
  [34mIgnoring anonymous type: (CtTypeReferenceImpl) org.apache.hc.client5.http.impl.async.AsyncExecRuntimeImpl$1[0m
  [34mIgnoring implicit executable reference: (CtExecutableReferenceImpl) <init>[0m
  [34mIgnoring anonymous type: (CtTypeReferenceImpl) org.apache.hc.client5.http.impl.async.AsyncExecRuntimeImpl$1[0m
  [34mUnused type args: [org.apache.hc.client5.http.nio.AsyncConnectionEndpoint @ httpclient5/src/main/java/org/apache/hc/client5/http/impl/async/AsyncExecRuntimeImpl.java:87:106][0m
  [34mIgnoring anonymous object declaration: (CtClassImpl) 1 @ httpclient5/src/main/java/org/apache/hc/client5/http/impl/async/AsyncExecRuntimeImpl.java:87:133[0m
  [34mUnused type args: [org.apache.hc.client5.http.nio.AsyncConnectionEndpoint][0m
  [34mIgnoring implicit executable reference: (CtExecutableReferenceImpl) <init>[0m
  [34mIgnoring implicit executable reference: (CtExecutableReferenceImpl) <init>[0m
  [34mIgnoring method of an anonymous declaring type: (CtMethodImpl) completed @ httpclient5/src/main/java/org/apache/hc/client5/http/impl/async/AsyncExecRuntimeImpl.java:90:29 in (CtClassImpl) 1 @ httpclient5/src/main/java/org/apache/hc/client5/http/impl/async/AsyncExecRuntimeImpl.java:87:133[0m
  [34mUnused type args: [org.apache.hc.client5.http.nio.AsyncConnectionEndpoint][0m
  [34mUnused type args: [org.apache.hc.client5.http.async.AsyncExecRuntime][0m
  [34mIgnoring method of an anonymous declaring type: (CtMethodImpl) failed @ httpclient5/src/main/java/org/apache/hc/client5/http/impl/async/AsyncExecRuntimeImpl.java:97:29 in (CtClassImpl) 1 @ httpclient5/src/main/java/org/apache/hc/client5/http/impl/async/AsyncExecRuntimeImpl.java:87:133[0m
  [34mUnused type args: [org.apache.hc.client5.http.async.AsyncExecRuntime][0m
  [34mIgnoring method of an anonymous declaring type: (CtMethodImpl) cancelled @ httpclient5/src/main/java/org/apache/hc/client5/http/impl/async/AsyncExecRuntimeImpl.java:102:29 in (CtClassImpl) 1 @ httpclient5/src/main/java/org/apache/hc/client5/http/impl/async/AsyncExecRuntimeImpl.java:87:133[0m
  [34mUnused type args: [org.apache.hc.client5.http.async.AsyncExecRuntime][0m
  [34mUnused type args: [org.apache.hc.client5.http.async.AsyncExecRuntime][0m
  [34mIgnoring implicit executable reference: (CtExecutableReferenceImpl) <init>[0m
  [34mIgnoring implicit executable reference: (CtExecutableReferenceImpl) <init>[0m
  [34mUnused type args: [org.apache.hc.core5.http.nio.AsyncPushConsumer][0m
  [34mIgnoring implicit executable reference: (CtExecutableReferenceImpl) <init>[0m
  [34mUnused type args: [org.apache.hc.client5.http.async.AsyncExecChainHandler @ httpclient5/src/main/java/org/apache/hc/client5/http/impl/async/HttpAsyncClientBuilder.java:715:33][0m
  [34mIgnoring implicit executable reference: (CtExecutableReferenceImpl) <init>[0m
  [34mUnused type args: [org.apache.hc.client5.http.async.AsyncExecChainHandler][0m
  [34mUnused type args: [org.apache.hc.client5.http.async.AsyncExecChainHandler][0m
  [34mUnused type args: [org.apache.hc.client5.http.async.AsyncExecChainHandler][0m
  [34mIgnoring implicit executable reference: (CtExecutableReferenceImpl) <init>[0m
  [34mUnused type args: [?][0m
  [34mUnused type args: [?][0m
  [34mUnused type args: [org.apache.hc.client5.http.async.AsyncExecChainHandler][0m
  [34mUnused type args: [org.apache.hc.client5.http.async.AsyncExecChainHandler][0m
  [34mIgnoring implicit executable reference: (CtExecutableReferenceImpl) <init>[0m
  [34mIgnoring implicit executable reference: (CtExecutableReferenceImpl) <init>[0m
  [34mIgnoring implicit executable reference: (CtExecutableReferenceImpl) <init>[0m
  [34mIgnoring implicit executable reference: (CtExecutableReferenceImpl) <init>[0m
  [34mUnused type args: [org.apache.hc.client5.http.impl.async.HttpAsyncClientBuilder$RequestInterceptorEntry][0m
  [34mUnused type args: [org.apache.hc.client5.http.impl.async.HttpAsyncClientBuilder$RequestInterceptorEntry][0m
  [34mUnused type args: [org.apache.hc.client5.http.impl.async.HttpAsyncClientBuilder$ResponseInterceptorEntry][0m
  [34mUnused type args: [org.apache.hc.client5.http.impl.async.HttpAsyncClientBuilder$ResponseInterceptorEntry][0m
  [34mIgnoring implicit executable reference: (CtExecutableReferenceImpl) <init>[0m
  [34mUnused type args: [?][0m
  [34mUnused type args: [?][0m
  [34mIgnoring implicit executable reference: (CtExecutableReferenceImpl) <init>[0m
  [34mIgnoring implicit executable reference: (CtExecutableReferenceImpl) <init>[0m
  [34mIgnoring implicit executable reference: (CtExecutableReferenceImpl) <init>[0m
  [34mIgnoring implicit executable reference: (CtExecutableReferenceImpl) <init>[0m
  [34mIgnoring implicit executable reference: (CtExecutableReferenceImpl) <init>[0m
  [34mUnused type args: [org.apache.hc.client5.http.impl.async.HttpAsyncClientBuilder$RequestInterceptorEntry][0m
  [34mUnused type args: [org.apache.hc.client5.http.impl.async.HttpAsyncClientBuilder$RequestInterceptorEntry][0m
  [34mUnused type args: [org.apache.hc.client5.http.impl.async.HttpAsyncClientBuilder$ResponseInterceptorEntry][0m
  [34mUnused type args: [org.apache.hc.client5.http.impl.async.HttpAsyncClientBuilder$ResponseInterceptorEntry][0m
  [34mUnused type args: [org.apache.hc.client5.http.async.AsyncExecChainHandler][0m
  [34mUnused type args: [org.apache.hc.client5.http.async.AsyncExecChainHandler][0m
  [34mIgnoring implicit executable reference: (CtExecutableReferenceImpl) <init>[0m
  [34mUnused type args: [org.apache.hc.client5.http.async.AsyncExecChainHandler][0m
  [34mUnused type args: [org.apache.hc.client5.http.async.AsyncExecChainHandler][0m
  [34mIgnoring implicit executable reference: (CtExecutableReferenceImpl) <init>[0m
  [34mIgnoring implicit executable reference: (CtExecutableReferenceImpl) <init>[0m
  [34mIgnoring implicit executable reference: (CtExecutableReferenceImpl) <init>[0m
  [34mIgnoring implicit executable reference: (CtExecutableReferenceImpl) <init>[0m
  [34mUnused type args: [org.apache.hc.client5.http.async.AsyncExecChainHandler][0m
  [34mUnused type args: [org.apache.hc.client5.http.async.AsyncExecChainHandler][0m
  [34mIgnoring implicit executable reference: (CtExecutableReferenceImpl) <init>[0m
  [34mUnused type args: [java.io.Closeable @ httpclient5/src/main/java/org/apache/hc/client5/http/impl/async/HttpAsyncClientBuilder.java:832:14][0m
  [34mUnused type args: [java.io.Closeable][0m
  [34mUnused type args: [java.io.Closeable][0m
  [34mIgnoring implicit executable reference: (CtExecutableReferenceImpl) <init>[0m
  [34mUnused type args: [java.io.Closeable][0m
  [34mUnused type args: [?][0m
  [34mUnused type args: [java.io.Closeable][0m
  [34mUnused type args: [java.io.Closeable][0m
  [34mUnused type args: [java.io.Closeable][0m
  [34mUnused type args: [java.io.Closeable][0m
  [34mIgnoring implicit executable reference: (CtExecutableReferenceImpl) <init>[0m
  [34mUnused type args: [java.io.Closeable][0m
  [34mIgnoring implicit executable reference: (CtExecutableReferenceImpl) <init>[0m
  [34mUnused type args: [?][0m
  [34mUnused type args: [? @ httpclient5/src/main/java/org/apache/hc/client5/http/impl/async/HttpAsyncClientBuilder.java:839:112][0m
  [34mUnused type args: [java.io.Closeable][0m
  [34mIgnoring anonymous type: (CtTypeReferenceImpl) org.apache.hc.client5.http.impl.async.HttpAsyncClientBuilder$1[0m
  [34mIgnoring implicit executable reference: (CtExecutableReferenceImpl) <init>[0m
  [34mIgnoring anonymous type: (CtTypeReferenceImpl) org.apache.hc.client5.http.impl.async.HttpAsyncClientBuilder$1[0m
  [34mIgnoring anonymous object declaration: (CtClassImpl) 1 @ httpclient5/src/main/java/org/apache/hc/client5/http/impl/async/HttpAsyncClientBuilder.java:841:56[0m
  [34mIgnoring implicit executable reference: (CtExecutableReferenceImpl) <init>[0m
  [34mIgnoring implicit executable reference: (CtExecutableReferenceImpl) <init>[0m
  [34mIgnoring method of an anonymous declaring type: (CtMethodImpl) close @ httpclient5/src/main/java/org/apache/hc/client5/http/impl/async/HttpAsyncClientBuilder.java:844:37 in (CtClassImpl) 1 @ httpclient5/src/main/java/org/apache/hc/client5/http/impl/async/HttpAsyncClientBuilder.java:841:56[0m
  [34mUnused type args: [java.io.Closeable][0m
  [34mIgnoring anonymous type: (CtTypeReferenceImpl) org.apache.hc.client5.http.impl.async.HttpAsyncClientBuilder$2[0m
  [34mIgnoring implicit executable reference: (CtExecutableReferenceImpl) <init>[0m
  [34mIgnoring anonymous type: (CtTypeReferenceImpl) org.apache.hc.client5.http.impl.async.HttpAsyncClientBuilder$2[0m
  [34mIgnoring anonymous object declaration: (CtClassImpl) 2 @ httpclient5/src/main/java/org/apache/hc/client5/http/impl/async/HttpAsyncClientBuilder.java:861:71[0m
  [34mIgnoring implicit executable reference: (CtExecutableReferenceImpl) <init>[0m
  [34mIgnoring implicit executable reference: (CtExecutableReferenceImpl) <init>[0m
  [34mIgnoring method of an anonymous declaring type: (CtMethodImpl) keepAlive @ httpclient5/src/main/java/org/apache/hc/client5/http/impl/async/HttpAsyncClientBuilder.java:863:40 in (CtClassImpl) 2 @ httpclient5/src/main/java/org/apache/hc/client5/http/impl/async/HttpAsyncClientBuilder.java:861:71[0m
  [34mIgnoring implicit executable reference: (CtExecutableReferenceImpl) <init>[0m
  [34mIgnoring implicit executable reference: (CtExecutableReferenceImpl) <init>[0m
  [34mUnused type args: [org.apache.hc.core5.http.nio.AsyncPushConsumer][0m
  [34mIgnoring implicit executable reference: (CtExecutableReferenceImpl) <init>[0m
  Pending package org.apache.hc.core5.http2.protocol
  [34mIgnoring implicit executable reference: (CtExecutableReferenceImpl) <init>[0m
  [34mIgnoring implicit executable reference: (CtExecutableReferenceImpl) <init>[0m
  [34mIgnoring implicit executable reference: (CtExecutableReferenceImpl) <init>[0m
  [34mIgnoring anonymous type: (CtTypeReferenceImpl) org.apache.hc.client5.http.impl.async.HttpAsyncClientBuilder$3[0m
  [34mIgnoring implicit executable reference: (CtExecutableReferenceImpl) <init>[0m
  [34mIgnoring anonymous type: (CtTypeReferenceImpl) org.apache.hc.client5.http.impl.async.HttpAsyncClientBuilder$3[0m
  [34mUnused type args: [org.apache.hc.core5.http.nio.AsyncPushConsumer @ httpclient5/src/main/java/org/apache/hc/client5/http/impl/async/HttpAsyncClientBuilder.java:876:36][0m
  [34mIgnoring anonymous object declaration: (CtClassImpl) 3 @ httpclient5/src/main/java/org/apache/hc/client5/http/impl/async/HttpAsyncClientBuilder.java:876:57[0m
  [34mUnused type args: [org.apache.hc.core5.http.nio.AsyncPushConsumer][0m
  [34mIgnoring implicit executable reference: (CtExecutableReferenceImpl) <init>[0m
  [34mIgnoring implicit executable reference: (CtExecutableReferenceImpl) <init>[0m
  [34mIgnoring method of an anonymous declaring type: (CtMethodImpl) create @ httpclient5/src/main/java/org/apache/hc/client5/http/impl/async/HttpAsyncClientBuilder.java:879:46 in (CtClassImpl) 3 @ httpclient5/src/main/java/org/apache/hc/client5/http/impl/async/HttpAsyncClientBuilder.java:876:57[0m
  [34mIgnoring implicit executable reference: (CtExecutableReferenceImpl) <init>[0m
  [34mUnused type args: [org.apache.hc.core5.reactor.IOSession][0m
  [34mIgnoring implicit executable reference: (CtExecutableReferenceImpl) <init>[0m
  [34mIgnoring anonymous type: (CtTypeReferenceImpl) org.apache.hc.client5.http.impl.async.HttpAsyncClientBuilder$4[0m
  [34mIgnoring implicit executable reference: (CtExecutableReferenceImpl) <init>[0m
  [34mIgnoring anonymous type: (CtTypeReferenceImpl) org.apache.hc.client5.http.impl.async.HttpAsyncClientBuilder$4[0m
  [34mUnused type args: [org.apache.hc.core5.reactor.IOSession @ httpclient5/src/main/java/org/apache/hc/client5/http/impl/async/HttpAsyncClientBuilder.java:895:34][0m
  [34mIgnoring anonymous object declaration: (CtClassImpl) 4 @ httpclient5/src/main/java/org/apache/hc/client5/http/impl/async/HttpAsyncClientBuilder.java:895:47[0m
  [34mUnused type args: [org.apache.hc.core5.reactor.IOSession][0m
  [34mIgnoring implicit executable reference: (CtExecutableReferenceImpl) <init>[0m
  [34mIgnoring implicit executable reference: (CtExecutableReferenceImpl) <init>[0m
  [34mIgnoring method of an anonymous declaring type: (CtMethodImpl) execute @ httpclient5/src/main/java/org/apache/hc/client5/http/impl/async/HttpAsyncClientBuilder.java:898:37 in (CtClassImpl) 4 @ httpclient5/src/main/java/org/apache/hc/client5/http/impl/async/HttpAsyncClientBuilder.java:895:47[0m
  [34mIgnoring implicit executable reference: (CtExecutableReferenceImpl) <init>[0m
  [34mIgnoring implicit executable reference: (CtExecutableReferenceImpl) <init>[0m
  [34mUnused type args: [org.apache.hc.client5.http.impl.async.HttpAsyncClientBuilder$ExecInterceptorEntry][0m
  [34mUnused type args: [org.apache.hc.client5.http.impl.async.HttpAsyncClientBuilder$ExecInterceptorEntry][0m
  [34mUnused type args: [org.apache.hc.client5.http.async.AsyncExecChainHandler][0m
  [34mUnused type args: [org.apache.hc.client5.http.async.AsyncExecChainHandler][0m
  [34mUnused type args: [org.apache.hc.client5.http.async.AsyncExecChainHandler][0m
  [34mUnused type args: [org.apache.hc.client5.http.async.AsyncExecChainHandler][0m
  [34mUnused type args: [org.apache.hc.client5.http.async.AsyncExecChainHandler][0m
  [34mUnused type args: [org.apache.hc.client5.http.async.AsyncExecChainHandler][0m
  [34mUnused type args: [org.apache.hc.client5.http.async.AsyncExecChainHandler][0m
  [34mUnused type args: [org.apache.hc.client5.http.async.AsyncExecChainHandler][0m
  [34mUnused type args: [org.apache.hc.client5.http.async.AsyncExecChainHandler][0m
  [34mUnused type args: [org.apache.hc.client5.http.async.AsyncExecChainHandler][0m
  [34mIgnoring implicit executable reference: (CtExecutableReferenceImpl) <init>[0m
  [34mUnused type args: [org.apache.hc.client5.http.async.AsyncExecChainHandler][0m
  [34mUnused type args: [org.apache.hc.client5.http.async.AsyncExecChainHandler][0m
  [34mUnused type args: [org.apache.hc.client5.http.async.AsyncExecChainHandler][0m
  [34mUnused type args: [org.apache.hc.client5.http.async.AsyncExecChainHandler][0m
  [34mUnused type args: [org.apache.hc.client5.http.async.AsyncExecChainHandler][0m
  [34mUnused type args: [org.apache.hc.client5.http.auth.AuthSchemeProvider @ httpclient5/src/main/java/org/apache/hc/client5/http/impl/async/HttpAsyncClientBuilder.java:929:16][0m
  [34mUnused type args: [org.apache.hc.client5.http.auth.AuthSchemeProvider][0m
  [34mUnused type args: [org.apache.hc.client5.http.auth.AuthSchemeProvider][0m
  [34mUnused type args: [org.apache.hc.client5.http.auth.AuthSchemeProvider][0m
  [34mUnused type args: [org.apache.hc.client5.http.auth.AuthSchemeProvider][0m
  [34mUnused type args: [org.apache.hc.client5.http.auth.AuthSchemeProvider @ httpclient5/src/main/java/org/apache/hc/client5/http/impl/async/HttpAsyncClientBuilder.java:931:55][0m
  [34mUnused type args: [org.apache.hc.client5.http.auth.AuthSchemeProvider][0m
  [34mUnused type args: [org.apache.hc.client5.http.auth.AuthSchemeProvider][0m
  [34mIgnoring implicit executable reference: (CtExecutableReferenceImpl) <init>[0m
  [34mUnused type args: [org.apache.hc.client5.http.auth.AuthSchemeProvider][0m
  [34mIgnoring implicit executable reference: (CtExecutableReferenceImpl) <init>[0m
  [34mUnused type args: [org.apache.hc.client5.http.auth.AuthSchemeProvider][0m
  [34mIgnoring implicit executable reference: (CtExecutableReferenceImpl) <init>[0m
  [34mUnused type args: [org.apache.hc.client5.http.auth.AuthSchemeProvider][0m
  [34mIgnoring implicit executable reference: (CtExecutableReferenceImpl) <init>[0m
  [34mUnused type args: [org.apache.hc.client5.http.auth.AuthSchemeProvider][0m
  [34mIgnoring implicit executable reference: (CtExecutableReferenceImpl) <init>[0m
  [34mUnused type args: [org.apache.hc.client5.http.auth.AuthSchemeProvider][0m
  [34mIgnoring implicit executable reference: (CtExecutableReferenceImpl) <init>[0m
  [34mUnused type args: [org.apache.hc.client5.http.auth.AuthSchemeProvider][0m
  [34mUnused type args: [org.apache.hc.client5.http.cookie.CookieSpecProvider @ httpclient5/src/main/java/org/apache/hc/client5/http/impl/async/HttpAsyncClientBuilder.java:940:16][0m
  [34mUnused type args: [org.apache.hc.client5.http.cookie.CookieSpecProvider][0m
  [34mUnused type args: [org.apache.hc.client5.http.cookie.CookieSpecProvider][0m
  [34mUnused type args: [org.apache.hc.client5.http.cookie.CookieSpecProvider][0m
  [34mUnused type args: [org.apache.hc.client5.http.cookie.CookieSpecProvider][0m
  [34mUnused type args: [org.apache.hc.client5.http.cookie.CookieSpecProvider][0m
  [34mIgnoring implicit executable reference: (CtExecutableReferenceImpl) <init>[0m
  [34mIgnoring implicit executable reference: (CtExecutableReferenceImpl) <init>[0m
  [34mIgnoring implicit executable reference: (CtExecutableReferenceImpl) <init>[0m
  [34mIgnoring implicit executable reference: (CtExecutableReferenceImpl) <init>[0m
  [34mUnused type args: [org.apache.hc.client5.http.cookie.CookieSpecProvider][0m
  [34mUnused type args: [org.apache.hc.client5.http.auth.AuthSchemeProvider][0m
  [34mUnused type args: [java.io.Closeable][0m
  [34mIgnoring implicit executable reference: (CtExecutableReferenceImpl) <init>[0m
  [34mUnused type args: [org.apache.hc.client5.http.cookie.CookieSpecProvider][0m
  [34mUnused type args: [org.apache.hc.client5.http.auth.AuthSchemeProvider][0m
  [34mUnused type args: [java.io.Closeable][0m
  [34mIgnoring implicit executable reference: (CtExecutableReferenceImpl) <init>[0m
  [34mUnused type args: [java.lang.String][0m
  [34mUnused type args: [org.apache.hc.core5.function.Supplier][0m
  [34mUnused type args: [org.apache.hc.core5.http.nio.AsyncPushConsumer][0m
  [34mUnused type args: [org.apache.hc.core5.http.nio.AsyncPushConsumer][0m
  [34mUnused type args: [org.apache.hc.core5.http.nio.AsyncPushConsumer][0m
  [34mUnused type args: [org.apache.hc.core5.function.Supplier][0m
  [34mUnused type args: [org.apache.hc.core5.http.nio.AsyncPushConsumer][0m
  [34mUnused type args: [org.apache.hc.core5.http.nio.AsyncPushConsumer][0m
  [34mUnused type args: [org.apache.hc.core5.function.Supplier @ httpclient5/src/main/java/org/apache/hc/client5/http/impl/async/AsyncPushConsumerRegistry.java:87:31][0m
  [34mUnused type args: [org.apache.hc.core5.http.nio.AsyncPushConsumer @ httpclient5/src/main/java/org/apache/hc/client5/http/impl/async/AsyncPushConsumerRegistry.java:87:40][0m
  [34mUnused type args: [java.lang.String, org.apache.hc.core5.http.protocol.UriPatternMatcher][0m
  [34mUnused type args: [org.apache.hc.core5.function.Supplier][0m
  [34mUnused type args: [org.apache.hc.core5.http.nio.AsyncPushConsumer][0m
  [34mUnused type args: [org.apache.hc.core5.function.Supplier][0m
  [34mUnused type args: [org.apache.hc.core5.http.nio.AsyncPushConsumer][0m
  [34mUnused type args: [org.apache.hc.core5.function.Supplier][0m
  [34mUnused type args: [org.apache.hc.core5.http.nio.AsyncPushConsumer][0m
  [34mUnused type args: [org.apache.hc.core5.function.Supplier @ httpclient5/src/main/java/org/apache/hc/client5/http/impl/async/AsyncPushConsumerRegistry.java:89:41][0m
  [34mUnused type args: [org.apache.hc.core5.http.nio.AsyncPushConsumer @ httpclient5/src/main/java/org/apache/hc/client5/http/impl/async/AsyncPushConsumerRegistry.java:89:50][0m
  [34mIgnoring implicit executable reference: (CtExecutableReferenceImpl) <init>[0m
  [34mUnused type args: [org.apache.hc.core5.function.Supplier][0m
  [34mUnused type args: [org.apache.hc.core5.http.nio.AsyncPushConsumer][0m
  [34mUnused type args: [org.apache.hc.core5.function.Supplier][0m
  [34mUnused type args: [org.apache.hc.core5.http.nio.AsyncPushConsumer][0m
  [34mUnused type args: [org.apache.hc.core5.function.Supplier][0m
  [34mUnused type args: [org.apache.hc.core5.http.nio.AsyncPushConsumer][0m
  [34mUnused type args: [java.lang.String, org.apache.hc.core5.http.protocol.UriPatternMatcher][0m
  [34mUnused type args: [org.apache.hc.core5.function.Supplier][0m
  [34mUnused type args: [org.apache.hc.core5.http.nio.AsyncPushConsumer][0m
  [34mUnused type args: [org.apache.hc.core5.function.Supplier][0m
  [34mUnused type args: [org.apache.hc.core5.http.nio.AsyncPushConsumer][0m
  [34mUnused type args: [org.apache.hc.core5.function.Supplier][0m
  [34mUnused type args: [org.apache.hc.core5.http.nio.AsyncPushConsumer][0m
  [34mUnused type args: [org.apache.hc.core5.function.Supplier][0m
  [34mUnused type args: [org.apache.hc.core5.http.nio.AsyncPushConsumer][0m
  [34mUnused type args: [org.apache.hc.core5.function.Supplier][0m
  [34mUnused type args: [org.apache.hc.core5.http.nio.AsyncPushConsumer][0m
  [34mUnused type args: [org.apache.hc.core5.function.Supplier][0m
  [34mUnused type args: [org.apache.hc.core5.http.nio.AsyncPushConsumer][0m
  [34mUnused type args: [org.apache.hc.core5.function.Supplier][0m
  [34mUnused type args: [org.apache.hc.core5.http.nio.AsyncPushConsumer][0m
  [34mUnused type args: [org.apache.hc.core5.function.Supplier][0m
  [34mUnused type args: [org.apache.hc.core5.http.nio.AsyncPushConsumer][0m
  [34mUnused type args: [org.apache.hc.core5.http.nio.AsyncPushConsumer][0m
  [34mUnused type args: [org.apache.hc.core5.http.HttpRequestInterceptor][0m
  [34mUnused type args: [org.apache.hc.client5.http.impl.async.HttpAsyncClientBuilder$RequestInterceptorEntry][0m
  [34mUnused type args: [org.apache.hc.client5.http.impl.async.HttpAsyncClientBuilder$RequestInterceptorEntry][0m
  [34mUnused type args: [org.apache.hc.client5.http.impl.async.HttpAsyncClientBuilder$RequestInterceptorEntry][0m
  [34mIgnoring implicit executable reference: (CtExecutableReferenceImpl) <init>[0m
  [34mUnused type args: [org.apache.hc.client5.http.impl.async.HttpAsyncClientBuilder$RequestInterceptorEntry][0m
  [34mUnused type args: [org.apache.hc.client5.http.impl.async.HttpAsyncClientBuilder$RequestInterceptorEntry][0m
  [34mIgnoring implicit executable reference: (CtExecutableReferenceImpl) <init>[0m
  [34mUnused type args: [org.apache.hc.client5.http.nio.AsyncConnectionEndpoint][0m
  [34mUnused type args: [org.apache.hc.client5.http.nio.AsyncConnectionEndpoint][0m
  [34mUnused type args: [org.apache.hc.client5.http.async.AsyncExecRuntime][0m
  [34mIgnoring anonymous type: (CtTypeReferenceImpl) org.apache.hc.client5.http.impl.async.AsyncExecRuntimeImpl$3[0m
  [34mIgnoring implicit executable reference: (CtExecutableReferenceImpl) <init>[0m
  [34mIgnoring anonymous type: (CtTypeReferenceImpl) org.apache.hc.client5.http.impl.async.AsyncExecRuntimeImpl$3[0m
  [34mUnused type args: [org.apache.hc.client5.http.async.AsyncExecRuntime @ httpclient5/src/main/java/org/apache/hc/client5/http/impl/async/AsyncExecRuntimeImpl.java:242:49][0m
  [34mIgnoring anonymous object declaration: (CtClassImpl) 3 @ httpclient5/src/main/java/org/apache/hc/client5/http/impl/async/AsyncExecRuntimeImpl.java:242:69[0m
  [34mUnused type args: [org.apache.hc.client5.http.async.AsyncExecRuntime][0m
  [34mIgnoring implicit executable reference: (CtExecutableReferenceImpl) <init>[0m
  [34mIgnoring implicit executable reference: (CtExecutableReferenceImpl) <init>[0m
  [34mIgnoring method of an anonymous declaring type: (CtMethodImpl) completed @ httpclient5/src/main/java/org/apache/hc/client5/http/impl/async/AsyncExecRuntimeImpl.java:245:29 in (CtClassImpl) 3 @ httpclient5/src/main/java/org/apache/hc/client5/http/impl/async/AsyncExecRuntimeImpl.java:242:69[0m
  [34mIgnoring method of an anonymous declaring type: (CtMethodImpl) failed @ httpclient5/src/main/java/org/apache/hc/client5/http/impl/async/AsyncExecRuntimeImpl.java:257:29 in (CtClassImpl) 3 @ httpclient5/src/main/java/org/apache/hc/client5/http/impl/async/AsyncExecRuntimeImpl.java:242:69[0m
  [34mIgnoring method of an anonymous declaring type: (CtMethodImpl) failed @ httpclient5/src/main/java/org/apache/hc/client5/http/impl/async/AsyncExecRuntimeImpl.java:257:29 in (CtClassImpl) 3 @ httpclient5/src/main/java/org/apache/hc/client5/http/impl/async/AsyncExecRuntimeImpl.java:242:69[0m
  [34mIgnoring anonymous type: (CtTypeReferenceImpl) org.apache.hc.client5.http.impl.async.AsyncExecRuntimeImpl$3[0m
  [34mIgnoring anonymous type: (CtTypeReferenceImpl) org.apache.hc.client5.http.impl.async.AsyncExecRuntimeImpl$3[0m
  [34mIgnoring anonymous type: (CtTypeReferenceImpl) org.apache.hc.client5.http.impl.async.AsyncExecRuntimeImpl$3[0m
  [34mIgnoring method of an anonymous declaring type: (CtMethodImpl) failed @ httpclient5/src/main/java/org/apache/hc/client5/http/impl/async/AsyncExecRuntimeImpl.java:257:29 in (CtClassImpl) 3 @ httpclient5/src/main/java/org/apache/hc/client5/http/impl/async/AsyncExecRuntimeImpl.java:242:69[0m
  [34mIgnoring anonymous type: (CtTypeReferenceImpl) org.apache.hc.client5.http.impl.async.AsyncExecRuntimeImpl$3[0m
  [34mIgnoring method of an anonymous declaring type: (CtMethodImpl) failed @ httpclient5/src/main/java/org/apache/hc/client5/http/impl/async/AsyncExecRuntimeImpl.java:257:29 in (CtClassImpl) 3 @ httpclient5/src/main/java/org/apache/hc/client5/http/impl/async/AsyncExecRuntimeImpl.java:242:69[0m
  [34mIgnoring method of an anonymous declaring type: (CtMethodImpl) cancelled @ httpclient5/src/main/java/org/apache/hc/client5/http/impl/async/AsyncExecRuntimeImpl.java:262:29 in (CtClassImpl) 3 @ httpclient5/src/main/java/org/apache/hc/client5/http/impl/async/AsyncExecRuntimeImpl.java:242:69[0m
  [34mIgnoring implicit executable reference: (CtExecutableReferenceImpl) <init>[0m
  [34mUnused type args: [?][0m
  [34mUnused type args: [?][0m
  [34mUnused type args: [java.lang.String][0m
  [34mUnused type args: [java.lang.String][0m
  [34mUnused type args: [org.apache.hc.client5.http.async.AsyncExecChainHandler][0m
  [34mUnused type args: [org.apache.hc.client5.http.impl.async.HttpAsyncClientBuilder$ExecInterceptorEntry][0m
  [34mUnused type args: [org.apache.hc.client5.http.impl.async.HttpAsyncClientBuilder$ExecInterceptorEntry][0m
  [34mUnused type args: [org.apache.hc.client5.http.impl.async.HttpAsyncClientBuilder$ExecInterceptorEntry][0m
  [34mIgnoring implicit executable reference: (CtExecutableReferenceImpl) <init>[0m
  [34mUnused type args: [org.apache.hc.client5.http.impl.async.HttpAsyncClientBuilder$ExecInterceptorEntry][0m
  [34mUnused type args: [org.apache.hc.client5.http.impl.async.HttpAsyncClientBuilder$ExecInterceptorEntry][0m
  [34mIgnoring implicit executable reference: (CtExecutableReferenceImpl) <init>[0m
  [34mUnused type args: [org.apache.hc.client5.http.cookie.CookieSpecProvider][0m
  [34mUnused type args: [org.apache.hc.client5.http.cookie.CookieSpecProvider][0m
  [34mUnused type args: [org.apache.hc.client5.http.cookie.CookieSpecProvider][0m
  [34mIgnoring implicit executable reference: (CtExecutableReferenceImpl) <init>[0m
  [34mIgnoring implicit executable reference: (CtExecutableReferenceImpl) <init>[0m
  [34mUnused type args: [java.lang.String][0m
  [34mUnused type args: [org.apache.hc.client5.http.HttpRoute][0m
  [34mUnused type args: [org.apache.hc.core5.http.HttpRequest][0m
  [34mUnused type args: [org.apache.hc.client5.http.async.AsyncExecRuntime][0m
  [34mUnused type args: [java.io.Closeable][0m
  [34mUnused type args: [java.io.Closeable][0m
  [34mUnused type args: [java.io.Closeable][0m
  [34mIgnoring implicit executable reference: (CtExecutableReferenceImpl) <init>[0m
  [34mUnused type args: [java.io.Closeable][0m
  [34mUnused type args: [java.io.Closeable][0m
  [34mUnused type args: [java.lang.String][0m
  [34mUnused type args: [org.apache.hc.client5.http.async.AsyncExecChainHandler][0m
  [34mUnused type args: [org.apache.hc.client5.http.impl.async.HttpAsyncClientBuilder$ExecInterceptorEntry][0m
  [34mUnused type args: [org.apache.hc.client5.http.impl.async.HttpAsyncClientBuilder$ExecInterceptorEntry][0m
  [34mUnused type args: [org.apache.hc.client5.http.impl.async.HttpAsyncClientBuilder$ExecInterceptorEntry][0m
  [34mIgnoring implicit executable reference: (CtExecutableReferenceImpl) <init>[0m
  [34mUnused type args: [org.apache.hc.client5.http.impl.async.HttpAsyncClientBuilder$ExecInterceptorEntry][0m
  [34mUnused type args: [org.apache.hc.client5.http.impl.async.HttpAsyncClientBuilder$ExecInterceptorEntry][0m
  [34mIgnoring implicit executable reference: (CtExecutableReferenceImpl) <init>[0m
  [34mIgnoring implicit executable reference: (CtExecutableReferenceImpl) <init>[0m
  [34mIgnoring anonymous type: (CtTypeReferenceImpl) org.apache.hc.client5.http.impl.async.AsyncMainClientExec$1[0m
  [34mIgnoring implicit executable reference: (CtExecutableReferenceImpl) <init>[0m
  [34mIgnoring anonymous type: (CtTypeReferenceImpl) org.apache.hc.client5.http.impl.async.AsyncMainClientExec$1[0m
  [34mIgnoring anonymous object declaration: (CtClassImpl) 1 @ httpclient5/src/main/java/org/apache/hc/client5/http/impl/async/AsyncMainClientExec.java:87:101[0m
  [34mIgnoring implicit executable reference: (CtExecutableReferenceImpl) <init>[0m
  [34mIgnoring implicit executable reference: (CtExecutableReferenceImpl) <init>[0m
  [34mUnused type args: [org.apache.hc.core5.http.nio.AsyncDataConsumer @ httpclient5/src/main/java/org/apache/hc/client5/http/impl/async/AsyncMainClientExec.java:89:43][0m
  [34mIgnoring implicit executable reference: (CtExecutableReferenceImpl) <init>[0m
  [34mUnused type args: [org.apache.hc.core5.http.nio.AsyncDataConsumer][0m
  [34mIgnoring method of an anonymous declaring type: (CtMethodImpl) releaseResources @ httpclient5/src/main/java/org/apache/hc/client5/http/impl/async/AsyncMainClientExec.java:92:25 in (CtClassImpl) 1 @ httpclient5/src/main/java/org/apache/hc/client5/http/impl/async/AsyncMainClientExec.java:87:101[0m
  [34mIgnoring anonymous type: (CtTypeReferenceImpl) org.apache.hc.client5.http.impl.async.AsyncMainClientExec$1[0m
  [34mIgnoring anonymous object declaration: (CtClassImpl) 1 @ httpclient5/src/main/java/org/apache/hc/client5/http/impl/async/AsyncMainClientExec.java:87:101[0m
  [34mSkipping selection with no resolvable origin: (CtFieldImpl) entityConsumerRef @ httpclient5/src/main/java/org/apache/hc/client5/http/impl/async/AsyncMainClientExec.java:89:62[0m
  [34mIgnoring anonymous type: (CtTypeReferenceImpl) org.apache.hc.client5.http.impl.async.AsyncMainClientExec$1[0m
  [34mIgnoring anonymous type: (CtTypeReferenceImpl) org.apache.hc.client5.http.impl.async.AsyncMainClientExec$1[0m
  [34mIgnoring anonymous type: (CtTypeReferenceImpl) org.apache.hc.client5.http.impl.async.AsyncMainClientExec$1[0m
  [34mIgnoring anonymous type: (CtTypeReferenceImpl) org.apache.hc.client5.http.impl.async.AsyncMainClientExec$1[0m
  [34mIgnoring anonymous object declaration: (CtClassImpl) 1 @ httpclient5/src/main/java/org/apache/hc/client5/http/impl/async/AsyncMainClientExec.java:87:101[0m
  [34mSkipping selection with no resolvable origin: (CtFieldImpl) entityConsumerRef @ httpclient5/src/main/java/org/apache/hc/client5/http/impl/async/AsyncMainClientExec.java:89:62[0m
  [34mIgnoring anonymous type: (CtTypeReferenceImpl) org.apache.hc.client5.http.impl.async.AsyncMainClientExec$1[0m
  [34mUnused type args: [org.apache.hc.core5.http.nio.AsyncDataConsumer][0m
  [34mIgnoring method of an anonymous declaring type: (CtMethodImpl) failed @ httpclient5/src/main/java/org/apache/hc/client5/http/impl/async/AsyncMainClientExec.java:100:25 in (CtClassImpl) 1 @ httpclient5/src/main/java/org/apache/hc/client5/http/impl/async/AsyncMainClientExec.java:87:101[0m
  [34mIgnoring method of an anonymous declaring type: (CtMethodImpl) cancel @ httpclient5/src/main/java/org/apache/hc/client5/http/impl/async/AsyncMainClientExec.java:106:25 in (CtClassImpl) 1 @ httpclient5/src/main/java/org/apache/hc/client5/http/impl/async/AsyncMainClientExec.java:87:101[0m
  [34mIgnoring method of an anonymous declaring type: (CtMethodImpl) failed @ httpclient5/src/main/java/org/apache/hc/client5/http/impl/async/AsyncMainClientExec.java:100:25 in (CtClassImpl) 1 @ httpclient5/src/main/java/org/apache/hc/client5/http/impl/async/AsyncMainClientExec.java:87:101[0m
  [34mIgnoring method of an anonymous declaring type: (CtMethodImpl) failed @ httpclient5/src/main/java/org/apache/hc/client5/http/impl/async/AsyncMainClientExec.java:100:25 in (CtClassImpl) 1 @ httpclient5/src/main/java/org/apache/hc/client5/http/impl/async/AsyncMainClientExec.java:87:101[0m
  [34mIgnoring anonymous type: (CtTypeReferenceImpl) org.apache.hc.client5.http.impl.async.AsyncMainClientExec$1[0m
  [34mIgnoring anonymous type: (CtTypeReferenceImpl) org.apache.hc.client5.http.impl.async.AsyncMainClientExec$1[0m
  [34mIgnoring anonymous type: (CtTypeReferenceImpl) org.apache.hc.client5.http.impl.async.AsyncMainClientExec$1[0m
  [34mIgnoring method of an anonymous declaring type: (CtMethodImpl) failed @ httpclient5/src/main/java/org/apache/hc/client5/http/impl/async/AsyncMainClientExec.java:100:25 in (CtClassImpl) 1 @ httpclient5/src/main/java/org/apache/hc/client5/http/impl/async/AsyncMainClientExec.java:87:101[0m
  [34mIgnoring anonymous type: (CtTypeReferenceImpl) org.apache.hc.client5.http.impl.async.AsyncMainClientExec$1[0m
  [34mIgnoring implicit executable reference: (CtExecutableReferenceImpl) <init>[0m
  [34mIgnoring method of an anonymous declaring type: (CtMethodImpl) produceRequest @ httpclient5/src/main/java/org/apache/hc/client5/http/impl/async/AsyncMainClientExec.java:111:25 in (CtClassImpl) 1 @ httpclient5/src/main/java/org/apache/hc/client5/http/impl/async/AsyncMainClientExec.java:87:101[0m
  [34mIgnoring method of an anonymous declaring type: (CtMethodImpl) available @ httpclient5/src/main/java/org/apache/hc/client5/http/impl/async/AsyncMainClientExec.java:116:24 in (CtClassImpl) 1 @ httpclient5/src/main/java/org/apache/hc/client5/http/impl/async/AsyncMainClientExec.java:87:101[0m
  [34mIgnoring method of an anonymous declaring type: (CtMethodImpl) produce @ httpclient5/src/main/java/org/apache/hc/client5/http/impl/async/AsyncMainClientExec.java:121:25 in (CtClassImpl) 1 @ httpclient5/src/main/java/org/apache/hc/client5/http/impl/async/AsyncMainClientExec.java:87:101[0m
  [34mIgnoring method of an anonymous declaring type: (CtMethodImpl) consumeInformation @ httpclient5/src/main/java/org/apache/hc/client5/http/impl/async/AsyncMainClientExec.java:126:25 in (CtClassImpl) 1 @ httpclient5/src/main/java/org/apache/hc/client5/http/impl/async/AsyncMainClientExec.java:87:101[0m
  [34mIgnoring method of an anonymous declaring type: (CtMethodImpl) consumeResponse @ httpclient5/src/main/java/org/apache/hc/client5/http/impl/async/AsyncMainClientExec.java:130:25 in (CtClassImpl) 1 @ httpclient5/src/main/java/org/apache/hc/client5/http/impl/async/AsyncMainClientExec.java:87:101[0m
  [34mIgnoring anonymous type: (CtTypeReferenceImpl) org.apache.hc.client5.http.impl.async.AsyncMainClientExec$1[0m
  [34mIgnoring anonymous object declaration: (CtClassImpl) 1 @ httpclient5/src/main/java/org/apache/hc/client5/http/impl/async/AsyncMainClientExec.java:87:101[0m
  [34mSkipping selection with no resolvable origin: (CtFieldImpl) entityConsumerRef @ httpclient5/src/main/java/org/apache/hc/client5/http/impl/async/AsyncMainClientExec.java:89:62[0m
  [34mIgnoring anonymous type: (CtTypeReferenceImpl) org.apache.hc.client5.http.impl.async.AsyncMainClientExec$1[0m
  [34mIgnoring anonymous type: (CtTypeReferenceImpl) org.apache.hc.client5.http.impl.async.AsyncMainClientExec$1[0m
  [34mIgnoring anonymous type: (CtTypeReferenceImpl) org.apache.hc.client5.http.impl.async.AsyncMainClientExec$1[0m
  [34mIgnoring anonymous type: (CtTypeReferenceImpl) org.apache.hc.client5.http.impl.async.AsyncMainClientExec$1[0m
  [34mIgnoring anonymous object declaration: (CtClassImpl) 1 @ httpclient5/src/main/java/org/apache/hc/client5/http/impl/async/AsyncMainClientExec.java:87:101[0m
  [34mSkipping selection with no resolvable origin: (CtFieldImpl) entityConsumerRef @ httpclient5/src/main/java/org/apache/hc/client5/http/impl/async/AsyncMainClientExec.java:89:62[0m
  [34mIgnoring anonymous type: (CtTypeReferenceImpl) org.apache.hc.client5.http.impl.async.AsyncMainClientExec$1[0m
  [34mUnused type args: [org.apache.hc.core5.http.nio.AsyncDataConsumer][0m
  [34mIgnoring method of an anonymous declaring type: (CtMethodImpl) updateCapacity @ httpclient5/src/main/java/org/apache/hc/client5/http/impl/async/AsyncMainClientExec.java:154:25 in (CtClassImpl) 1 @ httpclient5/src/main/java/org/apache/hc/client5/http/impl/async/AsyncMainClientExec.java:87:101[0m
  [34mIgnoring anonymous type: (CtTypeReferenceImpl) org.apache.hc.client5.http.impl.async.AsyncMainClientExec$1[0m
  [34mIgnoring anonymous object declaration: (CtClassImpl) 1 @ httpclient5/src/main/java/org/apache/hc/client5/http/impl/async/AsyncMainClientExec.java:87:101[0m
  [34mSkipping selection with no resolvable origin: (CtFieldImpl) entityConsumerRef @ httpclient5/src/main/java/org/apache/hc/client5/http/impl/async/AsyncMainClientExec.java:89:62[0m
  [34mIgnoring anonymous type: (CtTypeReferenceImpl) org.apache.hc.client5.http.impl.async.AsyncMainClientExec$1[0m
  [34mIgnoring anonymous type: (CtTypeReferenceImpl) org.apache.hc.client5.http.impl.async.AsyncMainClientExec$1[0m
  [34mIgnoring anonymous type: (CtTypeReferenceImpl) org.apache.hc.client5.http.impl.async.AsyncMainClientExec$1[0m
  [34mIgnoring anonymous type: (CtTypeReferenceImpl) org.apache.hc.client5.http.impl.async.AsyncMainClientExec$1[0m
  [34mIgnoring anonymous object declaration: (CtClassImpl) 1 @ httpclient5/src/main/java/org/apache/hc/client5/http/impl/async/AsyncMainClientExec.java:87:101[0m
  [34mSkipping selection with no resolvable origin: (CtFieldImpl) entityConsumerRef @ httpclient5/src/main/java/org/apache/hc/client5/http/impl/async/AsyncMainClientExec.java:89:62[0m
  [34mIgnoring anonymous type: (CtTypeReferenceImpl) org.apache.hc.client5.http.impl.async.AsyncMainClientExec$1[0m
  [34mUnused type args: [org.apache.hc.core5.http.nio.AsyncDataConsumer][0m
  [34mIgnoring method of an anonymous declaring type: (CtMethodImpl) consume @ httpclient5/src/main/java/org/apache/hc/client5/http/impl/async/AsyncMainClientExec.java:164:24 in (CtClassImpl) 1 @ httpclient5/src/main/java/org/apache/hc/client5/http/impl/async/AsyncMainClientExec.java:87:101[0m
  [34mIgnoring anonymous type: (CtTypeReferenceImpl) org.apache.hc.client5.http.impl.async.AsyncMainClientExec$1[0m
  [34mIgnoring anonymous object declaration: (CtClassImpl) 1 @ httpclient5/src/main/java/org/apache/hc/client5/http/impl/async/AsyncMainClientExec.java:87:101[0m
  [34mSkipping selection with no resolvable origin: (CtFieldImpl) entityConsumerRef @ httpclient5/src/main/java/org/apache/hc/client5/http/impl/async/AsyncMainClientExec.java:89:62[0m
  [34mIgnoring anonymous type: (CtTypeReferenceImpl) org.apache.hc.client5.http.impl.async.AsyncMainClientExec$1[0m
  [34mIgnoring anonymous type: (CtTypeReferenceImpl) org.apache.hc.client5.http.impl.async.AsyncMainClientExec$1[0m
  [34mIgnoring anonymous type: (CtTypeReferenceImpl) org.apache.hc.client5.http.impl.async.AsyncMainClientExec$1[0m
  [34mIgnoring anonymous type: (CtTypeReferenceImpl) org.apache.hc.client5.http.impl.async.AsyncMainClientExec$1[0m
  [34mIgnoring anonymous object declaration: (CtClassImpl) 1 @ httpclient5/src/main/java/org/apache/hc/client5/http/impl/async/AsyncMainClientExec.java:87:101[0m
  [34mSkipping selection with no resolvable origin: (CtFieldImpl) entityConsumerRef @ httpclient5/src/main/java/org/apache/hc/client5/http/impl/async/AsyncMainClientExec.java:89:62[0m
  [34mIgnoring anonymous type: (CtTypeReferenceImpl) org.apache.hc.client5.http.impl.async.AsyncMainClientExec$1[0m
  [34mUnused type args: [org.apache.hc.core5.http.nio.AsyncDataConsumer][0m
  [34mIgnoring method of an anonymous declaring type: (CtMethodImpl) streamEnd @ httpclient5/src/main/java/org/apache/hc/client5/http/impl/async/AsyncMainClientExec.java:174:25 in (CtClassImpl) 1 @ httpclient5/src/main/java/org/apache/hc/client5/http/impl/async/AsyncMainClientExec.java:87:101[0m
  [34mUnused type args: [? @ httpclient5/src/main/java/org/apache/hc/client5/http/impl/async/AsyncMainClientExec.java:174:46][0m
  [34mIgnoring anonymous type: (CtTypeReferenceImpl) org.apache.hc.client5.http.impl.async.AsyncMainClientExec$1[0m
  [34mIgnoring anonymous object declaration: (CtClassImpl) 1 @ httpclient5/src/main/java/org/apache/hc/client5/http/impl/async/AsyncMainClientExec.java:87:101[0m
  [34mSkipping selection with no resolvable origin: (CtFieldImpl) entityConsumerRef @ httpclient5/src/main/java/org/apache/hc/client5/http/impl/async/AsyncMainClientExec.java:89:62[0m
  [34mIgnoring anonymous type: (CtTypeReferenceImpl) org.apache.hc.client5.http.impl.async.AsyncMainClientExec$1[0m
  [34mIgnoring anonymous type: (CtTypeReferenceImpl) org.apache.hc.client5.http.impl.async.AsyncMainClientExec$1[0m
  [34mIgnoring anonymous type: (CtTypeReferenceImpl) org.apache.hc.client5.http.impl.async.AsyncMainClientExec$1[0m
  [34mIgnoring anonymous type: (CtTypeReferenceImpl) org.apache.hc.client5.http.impl.async.AsyncMainClientExec$1[0m
  [34mIgnoring anonymous object declaration: (CtClassImpl) 1 @ httpclient5/src/main/java/org/apache/hc/client5/http/impl/async/AsyncMainClientExec.java:87:101[0m
  [34mSkipping selection with no resolvable origin: (CtFieldImpl) entityConsumerRef @ httpclient5/src/main/java/org/apache/hc/client5/http/impl/async/AsyncMainClientExec.java:89:62[0m
  [34mIgnoring anonymous type: (CtTypeReferenceImpl) org.apache.hc.client5.http.impl.async.AsyncMainClientExec$1[0m
  [34mUnused type args: [org.apache.hc.core5.http.nio.AsyncDataConsumer][0m
  [34mUnused type args: [?][0m
  [34mUnused type args: [?][0m
  [34mIgnoring implicit executable reference: (CtExecutableReferenceImpl) <init>[0m
  [34mUnused type args: [org.apache.hc.client5.http.nio.AsyncConnectionEndpoint][0m
  [34mIgnoring implicit executable reference: (CtExecutableReferenceImpl) <init>[0m
  [34mIgnoring implicit executable reference: (CtExecutableReferenceImpl) <init>[0m
  [34mIgnoring implicit executable reference: (CtExecutableReferenceImpl) <init>[0m
  [34mUnused type args: [org.apache.hc.core5.http.protocol.HttpProcessor][0m
  [34mUnused type args: [org.apache.hc.client5.http.protocol.AuthenticationStrategy][0m
  [34mIgnoring implicit executable reference: (CtExecutableReferenceImpl) <init>[0m
  [34mIgnoring implicit executable reference: (CtExecutableReferenceImpl) <init>[0m
  [34mIgnoring implicit executable reference: (CtExecutableReferenceImpl) <init>[0m
  [34mIgnoring implicit executable reference: (CtExecutableReferenceImpl) <init>[0m
  [34mIgnoring anonymous type: (CtTypeReferenceImpl) org.apache.hc.client5.http.impl.async.AbstractHttpAsyncClientBase$1[0m
  [34mIgnoring implicit executable reference: (CtExecutableReferenceImpl) <init>[0m
  [34mIgnoring anonymous type: (CtTypeReferenceImpl) org.apache.hc.client5.http.impl.async.AbstractHttpAsyncClientBase$1[0m
  [34mIgnoring anonymous object declaration: (CtClassImpl) 1 @ httpclient5/src/main/java/org/apache/hc/client5/http/impl/async/AbstractHttpAsyncClientBase.java:66:58[0m
  [34mIgnoring implicit executable reference: (CtExecutableReferenceImpl) <init>[0m
  [34mIgnoring implicit executable reference: (CtExecutableReferenceImpl) <init>[0m
  [34mIgnoring method of an anonymous declaring type: (CtMethodImpl) onError @ httpclient5/src/main/java/org/apache/hc/client5/http/impl/async/AbstractHttpAsyncClientBase.java:69:25 in (CtClassImpl) 1 @ httpclient5/src/main/java/org/apache/hc/client5/http/impl/async/AbstractHttpAsyncClientBase.java:66:58[0m
  [34mUnused type args: [org.apache.hc.client5.http.impl.async.AbstractHttpAsyncClientBase$Status][0m
  [34mUnused type args: [org.apache.hc.client5.http.impl.async.AbstractHttpAsyncClientBase$Status][0m
  [34mIgnoring implicit executable reference: (CtExecutableReferenceImpl) <init>[0m
  [34mUnused type args: [org.apache.hc.client5.http.impl.async.AbstractHttpAsyncClientBase$Status][0m
  [34mIgnoring implicit executable reference: (CtExecutableReferenceImpl) <init>[0m
  [34mIgnoring implicit executable reference: (CtExecutableReferenceImpl) <init>[0m
  [34mUnused type args: [org.apache.hc.client5.http.cookie.CookieSpecProvider][0m
  [34mUnused type args: [org.apache.hc.client5.http.cookie.CookieSpecProvider][0m
  [34mUnused type args: [org.apache.hc.client5.http.cookie.CookieSpecProvider][0m
  [34mUnused type args: [org.apache.hc.client5.http.auth.AuthSchemeProvider][0m
  [34mUnused type args: [org.apache.hc.client5.http.auth.AuthSchemeProvider][0m
  [34mUnused type args: [org.apache.hc.client5.http.auth.AuthSchemeProvider][0m
  [34mUnused type args: [java.io.Closeable][0m
  [34mUnused type args: [java.io.Closeable][0m
  [34mUnused type args: [java.io.Closeable][0m
  [34mIgnoring implicit executable reference: (CtExecutableReferenceImpl) <init>[0m
  [34mIgnoring implicit executable reference: (CtExecutableReferenceImpl) <init>[0m
  [34mIgnoring implicit executable reference: (CtExecutableReferenceImpl) <init>[0m
  [34mUnused type args: [org.apache.hc.core5.reactor.IOSession][0m
  [34mIgnoring anonymous type: (CtTypeReferenceImpl) org.apache.hc.client5.http.impl.async.MinimalHttpAsyncClient$1[0m
  [34mIgnoring implicit executable reference: (CtExecutableReferenceImpl) <init>[0m
  [34mIgnoring anonymous type: (CtTypeReferenceImpl) org.apache.hc.client5.http.impl.async.MinimalHttpAsyncClient$1[0m
  [34mUnused type args: [org.apache.hc.core5.reactor.IOSession @ httpclient5/src/main/java/org/apache/hc/client5/http/impl/async/MinimalHttpAsyncClient.java:83:30][0m
  [34mIgnoring anonymous object declaration: (CtClassImpl) 1 @ httpclient5/src/main/java/org/apache/hc/client5/http/impl/async/MinimalHttpAsyncClient.java:83:43[0m
  [34mUnused type args: [org.apache.hc.core5.reactor.IOSession][0m
  [34mIgnoring implicit executable reference: (CtExecutableReferenceImpl) <init>[0m
  [34mIgnoring implicit executable reference: (CtExecutableReferenceImpl) <init>[0m
  [34mIgnoring method of an anonymous declaring type: (CtMethodImpl) execute @ httpclient5/src/main/java/org/apache/hc/client5/http/impl/async/MinimalHttpAsyncClient.java:86:33 in (CtClassImpl) 1 @ httpclient5/src/main/java/org/apache/hc/client5/http/impl/async/MinimalHttpAsyncClient.java:83:43[0m
  [34mIgnoring implicit executable reference: (CtExecutableReferenceImpl) <init>[0m
  [34mUnused type args: [org.apache.hc.client5.http.auth.AuthSchemeProvider][0m
  [34mUnused type args: [org.apache.hc.client5.http.auth.AuthSchemeProvider][0m
  [34mUnused type args: [org.apache.hc.client5.http.auth.AuthSchemeProvider][0m
  [34mUnused type args: [org.apache.hc.client5.http.async.AsyncExecRuntime][0m
  [34mIgnoring anonymous type: (CtTypeReferenceImpl) org.apache.hc.client5.http.impl.async.AsyncConnectExec$3[0m
  [34mIgnoring implicit executable reference: (CtExecutableReferenceImpl) <init>[0m
  [34mIgnoring anonymous type: (CtTypeReferenceImpl) org.apache.hc.client5.http.impl.async.AsyncConnectExec$3[0m
  [34mUnused type args: [org.apache.hc.client5.http.async.AsyncExecRuntime @ httpclient5/src/main/java/org/apache/hc/client5/http/impl/async/AsyncConnectExec.java:192:75][0m
  [34mIgnoring anonymous object declaration: (CtClassImpl) 3 @ httpclient5/src/main/java/org/apache/hc/client5/http/impl/async/AsyncConnectExec.java:192:95[0m
  [34mUnused type args: [org.apache.hc.client5.http.async.AsyncExecRuntime][0m
  [34mIgnoring implicit executable reference: (CtExecutableReferenceImpl) <init>[0m
  [34mIgnoring implicit executable reference: (CtExecutableReferenceImpl) <init>[0m
  [34mIgnoring method of an anonymous declaring type: (CtMethodImpl) completed @ httpclient5/src/main/java/org/apache/hc/client5/http/impl/async/AsyncConnectExec.java:195:37 in (CtClassImpl) 3 @ httpclient5/src/main/java/org/apache/hc/client5/http/impl/async/AsyncConnectExec.java:192:95[0m
  [34mIgnoring method of an anonymous declaring type: (CtMethodImpl) failed @ httpclient5/src/main/java/org/apache/hc/client5/http/impl/async/AsyncConnectExec.java:202:37 in (CtClassImpl) 3 @ httpclient5/src/main/java/org/apache/hc/client5/http/impl/async/AsyncConnectExec.java:192:95[0m
  [34mIgnoring method of an anonymous declaring type: (CtMethodImpl) cancelled @ httpclient5/src/main/java/org/apache/hc/client5/http/impl/async/AsyncConnectExec.java:207:37 in (CtClassImpl) 3 @ httpclient5/src/main/java/org/apache/hc/client5/http/impl/async/AsyncConnectExec.java:192:95[0m
  [34mIgnoring implicit executable reference: (CtExecutableReferenceImpl) <init>[0m
  [34mUnused type args: [org.apache.hc.client5.http.async.AsyncExecRuntime][0m
  [34mIgnoring anonymous type: (CtTypeReferenceImpl) org.apache.hc.client5.http.impl.async.AsyncConnectExec$4[0m
  [34mIgnoring implicit executable reference: (CtExecutableReferenceImpl) <init>[0m
  [34mIgnoring anonymous type: (CtTypeReferenceImpl) org.apache.hc.client5.http.impl.async.AsyncConnectExec$4[0m
  [34mUnused type args: [org.apache.hc.client5.http.async.AsyncExecRuntime @ httpclient5/src/main/java/org/apache/hc/client5/http/impl/async/AsyncConnectExec.java:215:75][0m
  [34mIgnoring anonymous object declaration: (CtClassImpl) 4 @ httpclient5/src/main/java/org/apache/hc/client5/http/impl/async/AsyncConnectExec.java:215:95[0m
  [34mUnused type args: [org.apache.hc.client5.http.async.AsyncExecRuntime][0m
  [34mIgnoring implicit executable reference: (CtExecutableReferenceImpl) <init>[0m
  [34mIgnoring implicit executable reference: (CtExecutableReferenceImpl) <init>[0m
  [34mIgnoring method of an anonymous declaring type: (CtMethodImpl) completed @ httpclient5/src/main/java/org/apache/hc/client5/http/impl/async/AsyncConnectExec.java:218:37 in (CtClassImpl) 4 @ httpclient5/src/main/java/org/apache/hc/client5/http/impl/async/AsyncConnectExec.java:215:95[0m
  [34mIgnoring method of an anonymous declaring type: (CtMethodImpl) failed @ httpclient5/src/main/java/org/apache/hc/client5/http/impl/async/AsyncConnectExec.java:226:37 in (CtClassImpl) 4 @ httpclient5/src/main/java/org/apache/hc/client5/http/impl/async/AsyncConnectExec.java:215:95[0m
  [34mIgnoring method of an anonymous declaring type: (CtMethodImpl) cancelled @ httpclient5/src/main/java/org/apache/hc/client5/http/impl/async/AsyncConnectExec.java:231:37 in (CtClassImpl) 4 @ httpclient5/src/main/java/org/apache/hc/client5/http/impl/async/AsyncConnectExec.java:215:95[0m
  [34mIgnoring implicit executable reference: (CtExecutableReferenceImpl) <init>[0m
  [34mIgnoring anonymous type: (CtTypeReferenceImpl) org.apache.hc.client5.http.impl.async.AsyncConnectExec$5[0m
  [34mIgnoring implicit executable reference: (CtExecutableReferenceImpl) <init>[0m
  [34mIgnoring anonymous type: (CtTypeReferenceImpl) org.apache.hc.client5.http.impl.async.AsyncConnectExec$5[0m
  [34mIgnoring anonymous object declaration: (CtClassImpl) 5 @ httpclient5/src/main/java/org/apache/hc/client5/http/impl/async/AsyncConnectExec.java:242:98[0m
  [34mIgnoring implicit executable reference: (CtExecutableReferenceImpl) <init>[0m
  [34mIgnoring implicit executable reference: (CtExecutableReferenceImpl) <init>[0m
  [34mIgnoring method of an anonymous declaring type: (CtMethodImpl) handleResponse @ httpclient5/src/main/java/org/apache/hc/client5/http/impl/async/AsyncConnectExec.java:245:54 in (CtClassImpl) 5 @ httpclient5/src/main/java/org/apache/hc/client5/http/impl/async/AsyncConnectExec.java:242:98[0m
  [34mIgnoring method of an anonymous declaring type: (CtMethodImpl) completed @ httpclient5/src/main/java/org/apache/hc/client5/http/impl/async/AsyncConnectExec.java:251:41 in (CtClassImpl) 5 @ httpclient5/src/main/java/org/apache/hc/client5/http/impl/async/AsyncConnectExec.java:242:98[0m
  [34mIgnoring method of an anonymous declaring type: (CtMethodImpl) failed @ httpclient5/src/main/java/org/apache/hc/client5/http/impl/async/AsyncConnectExec.java:258:41 in (CtClassImpl) 5 @ httpclient5/src/main/java/org/apache/hc/client5/http/impl/async/AsyncConnectExec.java:242:98[0m
  [34mIgnoring implicit executable reference: (CtExecutableReferenceImpl) <init>[0m
  [34mIgnoring implicit executable reference: (CtExecutableReferenceImpl) <init>[0m
  [34mIgnoring implicit executable reference: (CtExecutableReferenceImpl) <init>[0m
  [34mIgnoring anonymous type: (CtTypeReferenceImpl) org.apache.hc.client5.http.impl.async.AsyncExecChainElement$1[0m
  [34mIgnoring implicit executable reference: (CtExecutableReferenceImpl) <init>[0m
  [34mIgnoring anonymous type: (CtTypeReferenceImpl) org.apache.hc.client5.http.impl.async.AsyncExecChainElement$1[0m
  [34mIgnoring anonymous object declaration: (CtClassImpl) 1 @ httpclient5/src/main/java/org/apache/hc/client5/http/impl/async/AsyncExecChainElement.java:54:78[0m
  [34mIgnoring implicit executable reference: (CtExecutableReferenceImpl) <init>[0m
  [34mIgnoring implicit executable reference: (CtExecutableReferenceImpl) <init>[0m
  [34mIgnoring method of an anonymous declaring type: (CtMethodImpl) proceed @ httpclient5/src/main/java/org/apache/hc/client5/http/impl/async/AsyncExecChainElement.java:57:25 in (CtClassImpl) 1 @ httpclient5/src/main/java/org/apache/hc/client5/http/impl/async/AsyncExecChainElement.java:54:78[0m
  [34mIgnoring implicit executable reference: (CtExecutableReferenceImpl) <init>[0m
  [34mIgnoring implicit executable reference: (CtExecutableReferenceImpl) <init>[0m
  [34mIgnoring implicit executable reference: (CtExecutableReferenceImpl) <init>[0m
  [34mIgnoring implicit executable reference: (CtExecutableReferenceImpl) <init>[0m
  [34mIgnoring implicit executable reference: (CtExecutableReferenceImpl) <init>[0m
  [34mUnused type args: [T][0m
  [34mUnused type args: [T][0m
  [34mUnused type args: [T][0m
  [34mUnused type args: [T][0m
  [34mUnused type args: [T][0m
  [34mUnused type args: [T][0m
  [34mUnused type args: [org.apache.hc.core5.http.HttpResponseInterceptor][0m
  [34mUnused type args: [org.apache.hc.client5.http.impl.async.HttpAsyncClientBuilder$ResponseInterceptorEntry][0m
  [34mUnused type args: [org.apache.hc.client5.http.impl.async.HttpAsyncClientBuilder$ResponseInterceptorEntry][0m
  [34mUnused type args: [org.apache.hc.client5.http.impl.async.HttpAsyncClientBuilder$ResponseInterceptorEntry][0m
  [34mIgnoring implicit executable reference: (CtExecutableReferenceImpl) <init>[0m
  [34mUnused type args: [org.apache.hc.client5.http.impl.async.HttpAsyncClientBuilder$ResponseInterceptorEntry][0m
  [34mUnused type args: [org.apache.hc.client5.http.impl.async.HttpAsyncClientBuilder$ResponseInterceptorEntry][0m
  [34mIgnoring implicit executable reference: (CtExecutableReferenceImpl) <init>[0m
  [34mUnused type args: [org.apache.hc.core5.http.HttpRequestInterceptor][0m
  [34mUnused type args: [org.apache.hc.client5.http.impl.async.HttpAsyncClientBuilder$RequestInterceptorEntry][0m
  [34mUnused type args: [org.apache.hc.client5.http.impl.async.HttpAsyncClientBuilder$RequestInterceptorEntry][0m
  [34mUnused type args: [org.apache.hc.client5.http.impl.async.HttpAsyncClientBuilder$RequestInterceptorEntry][0m
  [34mIgnoring implicit executable reference: (CtExecutableReferenceImpl) <init>[0m
  [34mUnused type args: [org.apache.hc.client5.http.impl.async.HttpAsyncClientBuilder$RequestInterceptorEntry][0m
  [34mUnused type args: [org.apache.hc.client5.http.impl.async.HttpAsyncClientBuilder$RequestInterceptorEntry][0m
  [34mIgnoring implicit executable reference: (CtExecutableReferenceImpl) <init>[0m
  [34mUnused type args: [org.apache.hc.client5.http.nio.AsyncConnectionEndpoint][0m
  [34mUnused type args: [org.apache.hc.core5.function.Supplier][0m
  [34mUnused type args: [org.apache.hc.core5.http.nio.AsyncPushConsumer][0m
  [34mUnused type args: [org.apache.hc.core5.function.Supplier @ httpclient5/src/main/java/org/apache/hc/client5/http/impl/async/AsyncPushConsumerRegistry.java:56:33][0m
  [34mUnused type args: [org.apache.hc.core5.http.nio.AsyncPushConsumer @ httpclient5/src/main/java/org/apache/hc/client5/http/impl/async/AsyncPushConsumerRegistry.java:56:42][0m
  [34mUnused type args: [java.lang.String, org.apache.hc.core5.http.protocol.UriPatternMatcher][0m
  [34mUnused type args: [org.apache.hc.core5.function.Supplier][0m
  [34mUnused type args: [org.apache.hc.core5.http.nio.AsyncPushConsumer][0m
  [34mUnused type args: [org.apache.hc.core5.function.Supplier][0m
  [34mUnused type args: [org.apache.hc.core5.http.nio.AsyncPushConsumer][0m
  [34mUnused type args: [org.apache.hc.core5.function.Supplier][0m
  [34mUnused type args: [org.apache.hc.core5.http.nio.AsyncPushConsumer][0m
  [34mUnused type args: [org.apache.hc.core5.function.Supplier][0m
  [34mUnused type args: [org.apache.hc.core5.http.nio.AsyncPushConsumer][0m
  [34mUnused type args: [org.apache.hc.core5.function.Supplier][0m
  [34mUnused type args: [org.apache.hc.core5.http.nio.AsyncPushConsumer][0m
  [34mUnused type args: [?][0m
  [34mUnused type args: [?][0m
  [34mIgnoring anonymous type: (CtTypeReferenceImpl) org.apache.hc.client5.http.impl.async.HttpAsyncClientEventHandlerFactory$1[0m
  [34mIgnoring implicit executable reference: (CtExecutableReferenceImpl) <init>[0m
  [34mIgnoring anonymous type: (CtTypeReferenceImpl) org.apache.hc.client5.http.impl.async.HttpAsyncClientEventHandlerFactory$1[0m
  [34mIgnoring anonymous object declaration: (CtClassImpl) 1 @ httpclient5/src/main/java/org/apache/hc/client5/http/impl/async/HttpAsyncClientEventHandlerFactory.java:127:84[0m
  [34mIgnoring implicit executable reference: (CtExecutableReferenceImpl) <init>[0m
  [34mIgnoring implicit executable reference: (CtExecutableReferenceImpl) <init>[0m
  [34mIgnoring method of an anonymous declaring type: (CtMethodImpl) onConnect @ httpclient5/src/main/java/org/apache/hc/client5/http/impl/async/HttpAsyncClientEventHandlerFactory.java:130:29 in (CtClassImpl) 1 @ httpclient5/src/main/java/org/apache/hc/client5/http/impl/async/HttpAsyncClientEventHandlerFactory.java:127:84[0m
  [34mIgnoring method of an anonymous declaring type: (CtMethodImpl) onDisconnect @ httpclient5/src/main/java/org/apache/hc/client5/http/impl/async/HttpAsyncClientEventHandlerFactory.java:137:29 in (CtClassImpl) 1 @ httpclient5/src/main/java/org/apache/hc/client5/http/impl/async/HttpAsyncClientEventHandlerFactory.java:127:84[0m
  [34mIgnoring method of an anonymous declaring type: (CtMethodImpl) onError @ httpclient5/src/main/java/org/apache/hc/client5/http/impl/async/HttpAsyncClientEventHandlerFactory.java:144:29 in (CtClassImpl) 1 @ httpclient5/src/main/java/org/apache/hc/client5/http/impl/async/HttpAsyncClientEventHandlerFactory.java:127:84[0m
  Pending package org.apache.hc.core5.http.impl.nio
  [34mIgnoring implicit executable reference: (CtExecutableReferenceImpl) <init>[0m
  [34mUnused type args: [org.apache.hc.core5.http.HttpResponse][0m
  [34mUnused type args: [org.apache.hc.core5.http.HttpRequest][0m
  [34mUnused type args: [org.apache.hc.core5.http.HttpResponse][0m
  [34mUnused type args: [org.apache.hc.core5.http.HttpRequest][0m
  [34mIgnoring anonymous type: (CtTypeReferenceImpl) org.apache.hc.client5.http.impl.async.HttpAsyncClientEventHandlerFactory$2[0m
  [34mIgnoring implicit executable reference: (CtExecutableReferenceImpl) <init>[0m
  [34mIgnoring anonymous type: (CtTypeReferenceImpl) org.apache.hc.client5.http.impl.async.HttpAsyncClientEventHandlerFactory$2[0m
  [34mIgnoring anonymous object declaration: (CtClassImpl) 2 @ httpclient5/src/main/java/org/apache/hc/client5/http/impl/async/HttpAsyncClientEventHandlerFactory.java:160:47[0m
  [34mIgnoring implicit executable reference: (CtExecutableReferenceImpl) <init>[0m
  [34mIgnoring implicit executable reference: (CtExecutableReferenceImpl) <init>[0m
  [34mIgnoring method of an anonymous declaring type: (CtMethodImpl) onRequestHead @ httpclient5/src/main/java/org/apache/hc/client5/http/impl/async/HttpAsyncClientEventHandlerFactory.java:163:37 in (CtClassImpl) 2 @ httpclient5/src/main/java/org/apache/hc/client5/http/impl/async/HttpAsyncClientEventHandlerFactory.java:160:47[0m
  [34mIgnoring implicit executable reference: (CtExecutableReferenceImpl) <init>[0m
  [34mUnused type args: [org.apache.hc.core5.http.Header @ httpclient5/src/main/java/org/apache/hc/client5/http/impl/async/HttpAsyncClientEventHandlerFactory.java:166:53][0m
  [34mUnused type args: [org.apache.hc.core5.http.Header][0m
  [34mUnused type args: [org.apache.hc.core5.http.Header][0m
  [34mUnused type args: [org.apache.hc.core5.http.Header][0m
  [34mIgnoring method of an anonymous declaring type: (CtMethodImpl) onResponseHead @ httpclient5/src/main/java/org/apache/hc/client5/http/impl/async/HttpAsyncClientEventHandlerFactory.java:173:37 in (CtClassImpl) 2 @ httpclient5/src/main/java/org/apache/hc/client5/http/impl/async/HttpAsyncClientEventHandlerFactory.java:160:47[0m
  [34mIgnoring implicit executable reference: (CtExecutableReferenceImpl) <init>[0m
  [34mUnused type args: [org.apache.hc.core5.http.Header @ httpclient5/src/main/java/org/apache/hc/client5/http/impl/async/HttpAsyncClientEventHandlerFactory.java:176:53][0m
  [34mUnused type args: [org.apache.hc.core5.http.Header][0m
  [34mUnused type args: [org.apache.hc.core5.http.Header][0m
  [34mUnused type args: [org.apache.hc.core5.http.Header][0m
  [34mIgnoring method of an anonymous declaring type: (CtMethodImpl) onExchangeComplete @ httpclient5/src/main/java/org/apache/hc/client5/http/impl/async/HttpAsyncClientEventHandlerFactory.java:183:37 in (CtClassImpl) 2 @ httpclient5/src/main/java/org/apache/hc/client5/http/impl/async/HttpAsyncClientEventHandlerFactory.java:160:47[0m
  Pending package org.apache.hc.core5.http2.impl.nio
  [34mIgnoring implicit executable reference: (CtExecutableReferenceImpl) <init>[0m
  [34mUnused type args: [org.apache.hc.core5.http.nio.AsyncPushConsumer][0m
  [34mUnused type args: [org.apache.hc.core5.http.nio.AsyncPushConsumer][0m
  [34mIgnoring anonymous type: (CtTypeReferenceImpl) org.apache.hc.client5.http.impl.async.HttpAsyncClientEventHandlerFactory$3[0m
  [34mIgnoring implicit executable reference: (CtExecutableReferenceImpl) <init>[0m
  [34mIgnoring anonymous type: (CtTypeReferenceImpl) org.apache.hc.client5.http.impl.async.HttpAsyncClientEventHandlerFactory$3[0m
  [34mIgnoring anonymous object declaration: (CtClassImpl) 3 @ httpclient5/src/main/java/org/apache/hc/client5/http/impl/async/HttpAsyncClientEventHandlerFactory.java:200:47[0m
  [34mIgnoring implicit executable reference: (CtExecutableReferenceImpl) <init>[0m
  [34mIgnoring implicit executable reference: (CtExecutableReferenceImpl) <init>[0m
  Pending package org.apache.hc.core5.http2.frame
  [34mIgnoring implicit executable reference: (CtExecutableReferenceImpl) <init>[0m
  [34mIgnoring method of an anonymous declaring type: (CtMethodImpl) logFrameInfo @ httpclient5/src/main/java/org/apache/hc/client5/http/impl/async/HttpAsyncClientEventHandlerFactory.java:204:38 in (CtClassImpl) 3 @ httpclient5/src/main/java/org/apache/hc/client5/http/impl/async/HttpAsyncClientEventHandlerFactory.java:200:47[0m
  [34mIgnoring implicit executable reference: (CtExecutableReferenceImpl) <init>[0m
  [34mIgnoring anonymous type: (CtTypeReferenceImpl) org.apache.hc.client5.http.impl.async.HttpAsyncClientEventHandlerFactory$3[0m
  [34mIgnoring anonymous object declaration: (CtClassImpl) 3 @ httpclient5/src/main/java/org/apache/hc/client5/http/impl/async/HttpAsyncClientEventHandlerFactory.java:200:47[0m
  [34mSkipping selection with no resolvable origin: (CtFieldImpl) framePrinter @ httpclient5/src/main/java/org/apache/hc/client5/http/impl/async/HttpAsyncClientEventHandlerFactory.java:202:44[0m
  [34mIgnoring anonymous type: (CtTypeReferenceImpl) org.apache.hc.client5.http.impl.async.HttpAsyncClientEventHandlerFactory$3[0m
  [34mIgnoring anonymous type: (CtTypeReferenceImpl) org.apache.hc.client5.http.impl.async.HttpAsyncClientEventHandlerFactory$3[0m
  [34mIgnoring anonymous type: (CtTypeReferenceImpl) org.apache.hc.client5.http.impl.async.HttpAsyncClientEventHandlerFactory$3[0m
  [34mIgnoring anonymous type: (CtTypeReferenceImpl) org.apache.hc.client5.http.impl.async.HttpAsyncClientEventHandlerFactory$3[0m
  [34mIgnoring anonymous object declaration: (CtClassImpl) 3 @ httpclient5/src/main/java/org/apache/hc/client5/http/impl/async/HttpAsyncClientEventHandlerFactory.java:200:47[0m
  [34mSkipping selection with no resolvable origin: (CtFieldImpl) framePrinter @ httpclient5/src/main/java/org/apache/hc/client5/http/impl/async/HttpAsyncClientEventHandlerFactory.java:202:44[0m
  [34mIgnoring anonymous type: (CtTypeReferenceImpl) org.apache.hc.client5.http.impl.async.HttpAsyncClientEventHandlerFactory$3[0m
  [34mIgnoring method of an anonymous declaring type: (CtMethodImpl) logFramePayload @ httpclient5/src/main/java/org/apache/hc/client5/http/impl/async/HttpAsyncClientEventHandlerFactory.java:213:38 in (CtClassImpl) 3 @ httpclient5/src/main/java/org/apache/hc/client5/http/impl/async/HttpAsyncClientEventHandlerFactory.java:200:47[0m
  [34mIgnoring implicit executable reference: (CtExecutableReferenceImpl) <init>[0m
  [34mIgnoring anonymous type: (CtTypeReferenceImpl) org.apache.hc.client5.http.impl.async.HttpAsyncClientEventHandlerFactory$3[0m
  [34mIgnoring anonymous object declaration: (CtClassImpl) 3 @ httpclient5/src/main/java/org/apache/hc/client5/http/impl/async/HttpAsyncClientEventHandlerFactory.java:200:47[0m
  [34mSkipping selection with no resolvable origin: (CtFieldImpl) framePrinter @ httpclient5/src/main/java/org/apache/hc/client5/http/impl/async/HttpAsyncClientEventHandlerFactory.java:202:44[0m
  [34mIgnoring anonymous type: (CtTypeReferenceImpl) org.apache.hc.client5.http.impl.async.HttpAsyncClientEventHandlerFactory$3[0m
  [34mIgnoring anonymous type: (CtTypeReferenceImpl) org.apache.hc.client5.http.impl.async.HttpAsyncClientEventHandlerFactory$3[0m
  [34mIgnoring anonymous type: (CtTypeReferenceImpl) org.apache.hc.client5.http.impl.async.HttpAsyncClientEventHandlerFactory$3[0m
  [34mIgnoring anonymous type: (CtTypeReferenceImpl) org.apache.hc.client5.http.impl.async.HttpAsyncClientEventHandlerFactory$3[0m
  [34mIgnoring anonymous object declaration: (CtClassImpl) 3 @ httpclient5/src/main/java/org/apache/hc/client5/http/impl/async/HttpAsyncClientEventHandlerFactory.java:200:47[0m
  [34mSkipping selection with no resolvable origin: (CtFieldImpl) framePrinter @ httpclient5/src/main/java/org/apache/hc/client5/http/impl/async/HttpAsyncClientEventHandlerFactory.java:202:44[0m
  [34mIgnoring anonymous type: (CtTypeReferenceImpl) org.apache.hc.client5.http.impl.async.HttpAsyncClientEventHandlerFactory$3[0m
  [34mIgnoring method of an anonymous declaring type: (CtMethodImpl) logFlowControl @ httpclient5/src/main/java/org/apache/hc/client5/http/impl/async/HttpAsyncClientEventHandlerFactory.java:222:38 in (CtClassImpl) 3 @ httpclient5/src/main/java/org/apache/hc/client5/http/impl/async/HttpAsyncClientEventHandlerFactory.java:200:47[0m
  [34mIgnoring implicit executable reference: (CtExecutableReferenceImpl) <init>[0m
  [34mIgnoring method of an anonymous declaring type: (CtMethodImpl) onHeaderInput @ httpclient5/src/main/java/org/apache/hc/client5/http/impl/async/HttpAsyncClientEventHandlerFactory.java:231:37 in (CtClassImpl) 3 @ httpclient5/src/main/java/org/apache/hc/client5/http/impl/async/HttpAsyncClientEventHandlerFactory.java:200:47[0m
  [34mUnused type args: [? @ httpclient5/src/main/java/org/apache/hc/client5/http/impl/async/HttpAsyncClientEventHandlerFactory.java:231:115][0m
  [34mUnused type args: [?][0m
  [34mUnused type args: [?][0m
  [34mIgnoring method of an anonymous declaring type: (CtMethodImpl) onHeaderOutput @ httpclient5/src/main/java/org/apache/hc/client5/http/impl/async/HttpAsyncClientEventHandlerFactory.java:240:37 in (CtClassImpl) 3 @ httpclient5/src/main/java/org/apache/hc/client5/http/impl/async/HttpAsyncClientEventHandlerFactory.java:200:47[0m
  [34mUnused type args: [? @ httpclient5/src/main/java/org/apache/hc/client5/http/impl/async/HttpAsyncClientEventHandlerFactory.java:240:116][0m
  [34mUnused type args: [?][0m
  [34mUnused type args: [?][0m
  [34mIgnoring method of an anonymous declaring type: (CtMethodImpl) onFrameInput @ httpclient5/src/main/java/org/apache/hc/client5/http/impl/async/HttpAsyncClientEventHandlerFactory.java:249:37 in (CtClassImpl) 3 @ httpclient5/src/main/java/org/apache/hc/client5/http/impl/async/HttpAsyncClientEventHandlerFactory.java:200:47[0m
  [34mIgnoring method of an anonymous declaring type: (CtMethodImpl) logFrameInfo @ httpclient5/src/main/java/org/apache/hc/client5/http/impl/async/HttpAsyncClientEventHandlerFactory.java:204:38 in (CtClassImpl) 3 @ httpclient5/src/main/java/org/apache/hc/client5/http/impl/async/HttpAsyncClientEventHandlerFactory.java:200:47[0m
  [34mIgnoring method of an anonymous declaring type: (CtMethodImpl) logFrameInfo @ httpclient5/src/main/java/org/apache/hc/client5/http/impl/async/HttpAsyncClientEventHandlerFactory.java:204:38 in (CtClassImpl) 3 @ httpclient5/src/main/java/org/apache/hc/client5/http/impl/async/HttpAsyncClientEventHandlerFactory.java:200:47[0m
  [34mIgnoring anonymous type: (CtTypeReferenceImpl) org.apache.hc.client5.http.impl.async.HttpAsyncClientEventHandlerFactory$3[0m
  [34mIgnoring anonymous type: (CtTypeReferenceImpl) org.apache.hc.client5.http.impl.async.HttpAsyncClientEventHandlerFactory$3[0m
  [34mIgnoring anonymous type: (CtTypeReferenceImpl) org.apache.hc.client5.http.impl.async.HttpAsyncClientEventHandlerFactory$3[0m
  [34mIgnoring method of an anonymous declaring type: (CtMethodImpl) logFrameInfo @ httpclient5/src/main/java/org/apache/hc/client5/http/impl/async/HttpAsyncClientEventHandlerFactory.java:204:38 in (CtClassImpl) 3 @ httpclient5/src/main/java/org/apache/hc/client5/http/impl/async/HttpAsyncClientEventHandlerFactory.java:200:47[0m
  [34mIgnoring anonymous type: (CtTypeReferenceImpl) org.apache.hc.client5.http.impl.async.HttpAsyncClientEventHandlerFactory$3[0m
  [34mIgnoring method of an anonymous declaring type: (CtMethodImpl) logFramePayload @ httpclient5/src/main/java/org/apache/hc/client5/http/impl/async/HttpAsyncClientEventHandlerFactory.java:213:38 in (CtClassImpl) 3 @ httpclient5/src/main/java/org/apache/hc/client5/http/impl/async/HttpAsyncClientEventHandlerFactory.java:200:47[0m
  [34mIgnoring method of an anonymous declaring type: (CtMethodImpl) logFramePayload @ httpclient5/src/main/java/org/apache/hc/client5/http/impl/async/HttpAsyncClientEventHandlerFactory.java:213:38 in (CtClassImpl) 3 @ httpclient5/src/main/java/org/apache/hc/client5/http/impl/async/HttpAsyncClientEventHandlerFactory.java:200:47[0m
  [34mIgnoring anonymous type: (CtTypeReferenceImpl) org.apache.hc.client5.http.impl.async.HttpAsyncClientEventHandlerFactory$3[0m
  [34mIgnoring anonymous type: (CtTypeReferenceImpl) org.apache.hc.client5.http.impl.async.HttpAsyncClientEventHandlerFactory$3[0m
  [34mIgnoring anonymous type: (CtTypeReferenceImpl) org.apache.hc.client5.http.impl.async.HttpAsyncClientEventHandlerFactory$3[0m
  [34mIgnoring method of an anonymous declaring type: (CtMethodImpl) logFramePayload @ httpclient5/src/main/java/org/apache/hc/client5/http/impl/async/HttpAsyncClientEventHandlerFactory.java:213:38 in (CtClassImpl) 3 @ httpclient5/src/main/java/org/apache/hc/client5/http/impl/async/HttpAsyncClientEventHandlerFactory.java:200:47[0m
  [34mIgnoring anonymous type: (CtTypeReferenceImpl) org.apache.hc.client5.http.impl.async.HttpAsyncClientEventHandlerFactory$3[0m
  [34mIgnoring method of an anonymous declaring type: (CtMethodImpl) onFrameOutput @ httpclient5/src/main/java/org/apache/hc/client5/http/impl/async/HttpAsyncClientEventHandlerFactory.java:259:37 in (CtClassImpl) 3 @ httpclient5/src/main/java/org/apache/hc/client5/http/impl/async/HttpAsyncClientEventHandlerFactory.java:200:47[0m
  [34mIgnoring method of an anonymous declaring type: (CtMethodImpl) logFrameInfo @ httpclient5/src/main/java/org/apache/hc/client5/http/impl/async/HttpAsyncClientEventHandlerFactory.java:204:38 in (CtClassImpl) 3 @ httpclient5/src/main/java/org/apache/hc/client5/http/impl/async/HttpAsyncClientEventHandlerFactory.java:200:47[0m
  [34mIgnoring method of an anonymous declaring type: (CtMethodImpl) logFrameInfo @ httpclient5/src/main/java/org/apache/hc/client5/http/impl/async/HttpAsyncClientEventHandlerFactory.java:204:38 in (CtClassImpl) 3 @ httpclient5/src/main/java/org/apache/hc/client5/http/impl/async/HttpAsyncClientEventHandlerFactory.java:200:47[0m
  [34mIgnoring anonymous type: (CtTypeReferenceImpl) org.apache.hc.client5.http.impl.async.HttpAsyncClientEventHandlerFactory$3[0m
  [34mIgnoring anonymous type: (CtTypeReferenceImpl) org.apache.hc.client5.http.impl.async.HttpAsyncClientEventHandlerFactory$3[0m
  [34mIgnoring anonymous type: (CtTypeReferenceImpl) org.apache.hc.client5.http.impl.async.HttpAsyncClientEventHandlerFactory$3[0m
  [34mIgnoring method of an anonymous declaring type: (CtMethodImpl) logFrameInfo @ httpclient5/src/main/java/org/apache/hc/client5/http/impl/async/HttpAsyncClientEventHandlerFactory.java:204:38 in (CtClassImpl) 3 @ httpclient5/src/main/java/org/apache/hc/client5/http/impl/async/HttpAsyncClientEventHandlerFactory.java:200:47[0m
  [34mIgnoring anonymous type: (CtTypeReferenceImpl) org.apache.hc.client5.http.impl.async.HttpAsyncClientEventHandlerFactory$3[0m
  [34mIgnoring method of an anonymous declaring type: (CtMethodImpl) logFramePayload @ httpclient5/src/main/java/org/apache/hc/client5/http/impl/async/HttpAsyncClientEventHandlerFactory.java:213:38 in (CtClassImpl) 3 @ httpclient5/src/main/java/org/apache/hc/client5/http/impl/async/HttpAsyncClientEventHandlerFactory.java:200:47[0m
  [34mIgnoring method of an anonymous declaring type: (CtMethodImpl) logFramePayload @ httpclient5/src/main/java/org/apache/hc/client5/http/impl/async/HttpAsyncClientEventHandlerFactory.java:213:38 in (CtClassImpl) 3 @ httpclient5/src/main/java/org/apache/hc/client5/http/impl/async/HttpAsyncClientEventHandlerFactory.java:200:47[0m
  [34mIgnoring anonymous type: (CtTypeReferenceImpl) org.apache.hc.client5.http.impl.async.HttpAsyncClientEventHandlerFactory$3[0m
  [34mIgnoring anonymous type: (CtTypeReferenceImpl) org.apache.hc.client5.http.impl.async.HttpAsyncClientEventHandlerFactory$3[0m
  [34mIgnoring anonymous type: (CtTypeReferenceImpl) org.apache.hc.client5.http.impl.async.HttpAsyncClientEventHandlerFactory$3[0m
  [34mIgnoring method of an anonymous declaring type: (CtMethodImpl) logFramePayload @ httpclient5/src/main/java/org/apache/hc/client5/http/impl/async/HttpAsyncClientEventHandlerFactory.java:213:38 in (CtClassImpl) 3 @ httpclient5/src/main/java/org/apache/hc/client5/http/impl/async/HttpAsyncClientEventHandlerFactory.java:200:47[0m
  [34mIgnoring anonymous type: (CtTypeReferenceImpl) org.apache.hc.client5.http.impl.async.HttpAsyncClientEventHandlerFactory$3[0m
  [34mIgnoring method of an anonymous declaring type: (CtMethodImpl) onInputFlowControl @ httpclient5/src/main/java/org/apache/hc/client5/http/impl/async/HttpAsyncClientEventHandlerFactory.java:269:37 in (CtClassImpl) 3 @ httpclient5/src/main/java/org/apache/hc/client5/http/impl/async/HttpAsyncClientEventHandlerFactory.java:200:47[0m
  [34mIgnoring method of an anonymous declaring type: (CtMethodImpl) logFlowControl @ httpclient5/src/main/java/org/apache/hc/client5/http/impl/async/HttpAsyncClientEventHandlerFactory.java:222:38 in (CtClassImpl) 3 @ httpclient5/src/main/java/org/apache/hc/client5/http/impl/async/HttpAsyncClientEventHandlerFactory.java:200:47[0m
  [34mIgnoring method of an anonymous declaring type: (CtMethodImpl) logFlowControl @ httpclient5/src/main/java/org/apache/hc/client5/http/impl/async/HttpAsyncClientEventHandlerFactory.java:222:38 in (CtClassImpl) 3 @ httpclient5/src/main/java/org/apache/hc/client5/http/impl/async/HttpAsyncClientEventHandlerFactory.java:200:47[0m
  [34mIgnoring anonymous type: (CtTypeReferenceImpl) org.apache.hc.client5.http.impl.async.HttpAsyncClientEventHandlerFactory$3[0m
  [34mIgnoring anonymous type: (CtTypeReferenceImpl) org.apache.hc.client5.http.impl.async.HttpAsyncClientEventHandlerFactory$3[0m
  [34mIgnoring anonymous type: (CtTypeReferenceImpl) org.apache.hc.client5.http.impl.async.HttpAsyncClientEventHandlerFactory$3[0m
  [34mIgnoring method of an anonymous declaring type: (CtMethodImpl) logFlowControl @ httpclient5/src/main/java/org/apache/hc/client5/http/impl/async/HttpAsyncClientEventHandlerFactory.java:222:38 in (CtClassImpl) 3 @ httpclient5/src/main/java/org/apache/hc/client5/http/impl/async/HttpAsyncClientEventHandlerFactory.java:200:47[0m
  [34mIgnoring anonymous type: (CtTypeReferenceImpl) org.apache.hc.client5.http.impl.async.HttpAsyncClientEventHandlerFactory$3[0m
  [34mIgnoring method of an anonymous declaring type: (CtMethodImpl) onOutputFlowControl @ httpclient5/src/main/java/org/apache/hc/client5/http/impl/async/HttpAsyncClientEventHandlerFactory.java:276:37 in (CtClassImpl) 3 @ httpclient5/src/main/java/org/apache/hc/client5/http/impl/async/HttpAsyncClientEventHandlerFactory.java:200:47[0m
  [34mIgnoring method of an anonymous declaring type: (CtMethodImpl) logFlowControl @ httpclient5/src/main/java/org/apache/hc/client5/http/impl/async/HttpAsyncClientEventHandlerFactory.java:222:38 in (CtClassImpl) 3 @ httpclient5/src/main/java/org/apache/hc/client5/http/impl/async/HttpAsyncClientEventHandlerFactory.java:200:47[0m
  [34mIgnoring method of an anonymous declaring type: (CtMethodImpl) logFlowControl @ httpclient5/src/main/java/org/apache/hc/client5/http/impl/async/HttpAsyncClientEventHandlerFactory.java:222:38 in (CtClassImpl) 3 @ httpclient5/src/main/java/org/apache/hc/client5/http/impl/async/HttpAsyncClientEventHandlerFactory.java:200:47[0m
  [34mIgnoring anonymous type: (CtTypeReferenceImpl) org.apache.hc.client5.http.impl.async.HttpAsyncClientEventHandlerFactory$3[0m
  [34mIgnoring anonymous type: (CtTypeReferenceImpl) org.apache.hc.client5.http.impl.async.HttpAsyncClientEventHandlerFactory$3[0m
  [34mIgnoring anonymous type: (CtTypeReferenceImpl) org.apache.hc.client5.http.impl.async.HttpAsyncClientEventHandlerFactory$3[0m
  [34mIgnoring method of an anonymous declaring type: (CtMethodImpl) logFlowControl @ httpclient5/src/main/java/org/apache/hc/client5/http/impl/async/HttpAsyncClientEventHandlerFactory.java:222:38 in (CtClassImpl) 3 @ httpclient5/src/main/java/org/apache/hc/client5/http/impl/async/HttpAsyncClientEventHandlerFactory.java:200:47[0m
  [34mIgnoring anonymous type: (CtTypeReferenceImpl) org.apache.hc.client5.http.impl.async.HttpAsyncClientEventHandlerFactory$3[0m
  getting parent type for (CtClassImpl) LoggingByteChannel @ httpclient5/src/main/java/org/apache/hc/client5/http/impl/logging/LoggingIOSession.java:220:11
  [34mskipping default constructor: org.apache.hc.client5.http.impl.logging.LoggingIOSession$LoggingByteChannel()[0m
  [34mIgnoring implicit executable reference: (CtExecutableReferenceImpl) <init>[0m
  [34mIgnoring implicit executable reference: (CtExecutableReferenceImpl) <init>[0m
  [34mIgnoring implicit executable reference: (CtExecutableReferenceImpl) <init>[0m
  [34mUnused type args: [org.apache.hc.core5.http.HttpResponse][0m
  [34mUnused type args: [org.apache.hc.core5.http.HttpRequest][0m
  [34mUnused type args: [org.apache.hc.core5.http.HttpResponse][0m
  [34mUnused type args: [org.apache.hc.core5.http.HttpRequest][0m
  [34mIgnoring implicit executable reference: (CtExecutableReferenceImpl) <init>[0m
  [34mUnused type args: [org.apache.hc.core5.http.nio.AsyncPushConsumer][0m
  [34mUnused type args: [org.apache.hc.core5.http.nio.AsyncPushConsumer][0m
  [34mIgnoring implicit executable reference: (CtExecutableReferenceImpl) <init>[0m
  [34mUnused type args: [org.apache.hc.client5.http.nio.AsyncConnectionEndpoint @ httpclient5/src/main/java/org/apache/hc/client5/http/impl/async/MinimalHttpAsyncClient.java:102:29][0m
  [34mIgnoring implicit executable reference: (CtExecutableReferenceImpl) <init>[0m
  [34mUnused type args: [org.apache.hc.client5.http.nio.AsyncConnectionEndpoint][0m
  [34mUnused type args: [T][0m
  [34mUnused type args: [org.apache.hc.client5.http.nio.AsyncConnectionEndpoint][0m
  [34mUnused type args: [org.apache.hc.client5.http.nio.AsyncConnectionEndpoint @ httpclient5/src/main/java/org/apache/hc/client5/http/impl/async/MinimalHttpAsyncClient.java:103:22][0m
  [34mUnused type args: [org.apache.hc.client5.http.nio.AsyncConnectionEndpoint][0m
  [34mUnused type args: [org.apache.hc.client5.http.nio.AsyncConnectionEndpoint][0m
  [34mIgnoring implicit executable reference: (CtExecutableReferenceImpl) <init>[0m
  [34mIgnoring anonymous type: (CtTypeReferenceImpl) org.apache.hc.client5.http.impl.async.MinimalHttpAsyncClient$2[0m
  [34mIgnoring implicit executable reference: (CtExecutableReferenceImpl) <init>[0m
  [34mIgnoring anonymous type: (CtTypeReferenceImpl) org.apache.hc.client5.http.impl.async.MinimalHttpAsyncClient$2[0m
  [34mUnused type args: [org.apache.hc.client5.http.nio.AsyncConnectionEndpoint @ httpclient5/src/main/java/org/apache/hc/client5/http/impl/async/MinimalHttpAsyncClient.java:105:36][0m
  [34mIgnoring anonymous object declaration: (CtClassImpl) 2 @ httpclient5/src/main/java/org/apache/hc/client5/http/impl/async/MinimalHttpAsyncClient.java:105:63[0m
  [34mUnused type args: [org.apache.hc.client5.http.nio.AsyncConnectionEndpoint][0m
  [34mIgnoring implicit executable reference: (CtExecutableReferenceImpl) <init>[0m
  [34mIgnoring implicit executable reference: (CtExecutableReferenceImpl) <init>[0m
  [34mIgnoring method of an anonymous declaring type: (CtMethodImpl) completed @ httpclient5/src/main/java/org/apache/hc/client5/http/impl/async/MinimalHttpAsyncClient.java:108:33 in (CtClassImpl) 2 @ httpclient5/src/main/java/org/apache/hc/client5/http/impl/async/MinimalHttpAsyncClient.java:105:63[0m
  [34mUnused type args: [org.apache.hc.client5.http.nio.AsyncConnectionEndpoint][0m
  [34mUnused type args: [org.apache.hc.client5.http.nio.AsyncConnectionEndpoint @ httpclient5/src/main/java/org/apache/hc/client5/http/impl/async/MinimalHttpAsyncClient.java:112:42][0m
  [34mUnused type args: [org.apache.hc.client5.http.nio.AsyncConnectionEndpoint][0m
  [34mUnused type args: [org.apache.hc.client5.http.nio.AsyncConnectionEndpoint][0m
  [34mIgnoring anonymous type: (CtTypeReferenceImpl) org.apache.hc.client5.http.impl.async.MinimalHttpAsyncClient$2$1[0m
  [34mIgnoring implicit executable reference: (CtExecutableReferenceImpl) <init>[0m
  [34mIgnoring anonymous type: (CtTypeReferenceImpl) org.apache.hc.client5.http.impl.async.MinimalHttpAsyncClient$2$1[0m
  [34mIgnoring anonymous type: (CtTypeReferenceImpl) org.apache.hc.client5.http.impl.async.MinimalHttpAsyncClient$2[0m
  [34mUnused type args: [org.apache.hc.client5.http.nio.AsyncConnectionEndpoint @ httpclient5/src/main/java/org/apache/hc/client5/http/impl/async/MinimalHttpAsyncClient.java:118:56][0m
  [34mIgnoring anonymous object declaration: (CtClassImpl) 1 @ httpclient5/src/main/java/org/apache/hc/client5/http/impl/async/MinimalHttpAsyncClient.java:118:83[0m
  [34mUnused type args: [org.apache.hc.client5.http.nio.AsyncConnectionEndpoint][0m
  [34mIgnoring implicit executable reference: (CtExecutableReferenceImpl) <init>[0m
  [34mIgnoring implicit executable reference: (CtExecutableReferenceImpl) <init>[0m
  [34mIgnoring method of an anonymous declaring type: (CtMethodImpl) completed @ httpclient5/src/main/java/org/apache/hc/client5/http/impl/async/MinimalHttpAsyncClient.java:121:53 in (CtClassImpl) 1 @ httpclient5/src/main/java/org/apache/hc/client5/http/impl/async/MinimalHttpAsyncClient.java:118:83[0m
  [34mUnused type args: [org.apache.hc.client5.http.nio.AsyncConnectionEndpoint][0m
  [34mIgnoring method of an anonymous declaring type: (CtMethodImpl) failed @ httpclient5/src/main/java/org/apache/hc/client5/http/impl/async/MinimalHttpAsyncClient.java:126:53 in (CtClassImpl) 1 @ httpclient5/src/main/java/org/apache/hc/client5/http/impl/async/MinimalHttpAsyncClient.java:118:83[0m
  [34mUnused type args: [org.apache.hc.client5.http.nio.AsyncConnectionEndpoint][0m
  [34mIgnoring method of an anonymous declaring type: (CtMethodImpl) cancelled @ httpclient5/src/main/java/org/apache/hc/client5/http/impl/async/MinimalHttpAsyncClient.java:131:53 in (CtClassImpl) 1 @ httpclient5/src/main/java/org/apache/hc/client5/http/impl/async/MinimalHttpAsyncClient.java:118:83[0m
  [34mUnused type args: [org.apache.hc.client5.http.nio.AsyncConnectionEndpoint][0m
  [34mUnused type args: [org.apache.hc.client5.http.nio.AsyncConnectionEndpoint][0m
  [34mUnused type args: [?][0m
  [34mUnused type args: [org.apache.hc.client5.http.nio.AsyncConnectionEndpoint][0m
  [34mIgnoring method of an anonymous declaring type: (CtMethodImpl) failed @ httpclient5/src/main/java/org/apache/hc/client5/http/impl/async/MinimalHttpAsyncClient.java:141:33 in (CtClassImpl) 2 @ httpclient5/src/main/java/org/apache/hc/client5/http/impl/async/MinimalHttpAsyncClient.java:105:63[0m
  [34mUnused type args: [org.apache.hc.client5.http.nio.AsyncConnectionEndpoint][0m
  [34mIgnoring method of an anonymous declaring type: (CtMethodImpl) cancelled @ httpclient5/src/main/java/org/apache/hc/client5/http/impl/async/MinimalHttpAsyncClient.java:146:33 in (CtClassImpl) 2 @ httpclient5/src/main/java/org/apache/hc/client5/http/impl/async/MinimalHttpAsyncClient.java:105:63[0m
  [34mUnused type args: [org.apache.hc.client5.http.nio.AsyncConnectionEndpoint][0m
  [34mUnused type args: [org.apache.hc.client5.http.nio.AsyncConnectionEndpoint][0m
  [34mUnused type args: [?][0m
  [34mUnused type args: [org.apache.hc.client5.http.nio.AsyncConnectionEndpoint][0m
  [34mUnused type args: [org.apache.hc.client5.http.nio.AsyncConnectionEndpoint][0m
  [34mUnused type args: [org.apache.hc.core5.http.HttpRequest][0m
  [34mUnused type args: [org.apache.hc.core5.function.Supplier @ httpclient5/src/main/java/org/apache/hc/client5/http/impl/async/AsyncPushConsumerRegistry.java:67:33][0m
  [34mUnused type args: [org.apache.hc.core5.http.nio.AsyncPushConsumer @ httpclient5/src/main/java/org/apache/hc/client5/http/impl/async/AsyncPushConsumerRegistry.java:67:42][0m
  [34mUnused type args: [org.apache.hc.core5.function.Supplier][0m
  [34mUnused type args: [org.apache.hc.core5.http.nio.AsyncPushConsumer][0m
  [34mUnused type args: [org.apache.hc.core5.function.Supplier][0m
  [34mUnused type args: [org.apache.hc.core5.http.nio.AsyncPushConsumer][0m
  [34mUnused type args: [org.apache.hc.core5.http.nio.AsyncPushConsumer @ httpclient5/src/main/java/org/apache/hc/client5/http/impl/async/AsyncPushConsumerRegistry.java:76:24][0m
  [34mUnused type args: [org.apache.hc.core5.function.Supplier][0m
  [34mUnused type args: [org.apache.hc.core5.http.nio.AsyncPushConsumer][0m
  [34mUnused type args: [org.apache.hc.core5.http.nio.AsyncPushConsumer][0m
  [34mUnused type args: [org.apache.hc.core5.http.nio.AsyncPushConsumer][0m
  [34mUnused type args: [org.apache.hc.core5.http.nio.AsyncPushConsumer][0m
  [34mUnused type args: [java.net.URI @ httpclient5/src/main/java/org/apache/hc/client5/http/impl/async/AsyncRedirectExec.java:197:20][0m
  [34mUnused type args: [java.net.URI][0m
  [34mUnused type args: [java.net.URI][0m
  [34mUnused type args: [java.net.URI][0m
  [34mIgnoring implicit executable reference: (CtExecutableReferenceImpl) <init>[0m
  [34mIgnoring implicit executable reference: (CtExecutableReferenceImpl) <init>[0m
  [34mIgnoring implicit executable reference: (CtExecutableReferenceImpl) <init>[0m
  [34mUnused type args: [org.apache.hc.client5.http.async.methods.SimpleHttpResponse @ httpclient5/src/main/java/org/apache/hc/client5/http/impl/async/CloseableHttpAsyncClient.java:88:27][0m
  [34mIgnoring implicit executable reference: (CtExecutableReferenceImpl) <init>[0m
  [34mUnused type args: [org.apache.hc.client5.http.async.methods.SimpleHttpResponse][0m
  [34mUnused type args: [T][0m
  [34mUnused type args: [org.apache.hc.client5.http.async.methods.SimpleHttpResponse][0m
  [34mUnused type args: [org.apache.hc.client5.http.async.methods.SimpleHttpResponse][0m
  [34mUnused type args: [org.apache.hc.client5.http.async.methods.SimpleHttpResponse][0m
  [34mUnused type args: [T][0m
  [34mUnused type args: [T][0m
  [34mIgnoring implicit executable reference: (CtExecutableReferenceImpl) <init>[0m
  [34mIgnoring implicit executable reference: (CtExecutableReferenceImpl) <init>[0m
  [34mIgnoring anonymous type: (CtTypeReferenceImpl) org.apache.hc.client5.http.impl.async.CloseableHttpAsyncClient$1[0m
  [34mIgnoring implicit executable reference: (CtExecutableReferenceImpl) <init>[0m
  [34mIgnoring anonymous type: (CtTypeReferenceImpl) org.apache.hc.client5.http.impl.async.CloseableHttpAsyncClient$1[0m
  [34mUnused type args: [org.apache.hc.client5.http.async.methods.SimpleHttpResponse @ httpclient5/src/main/java/org/apache/hc/client5/http/impl/async/CloseableHttpAsyncClient.java:89:111][0m
  [34mIgnoring anonymous object declaration: (CtClassImpl) 1 @ httpclient5/src/main/java/org/apache/hc/client5/http/impl/async/CloseableHttpAsyncClient.java:89:133[0m
  [34mUnused type args: [org.apache.hc.client5.http.async.methods.SimpleHttpResponse][0m
  [34mIgnoring implicit executable reference: (CtExecutableReferenceImpl) <init>[0m
  [34mIgnoring implicit executable reference: (CtExecutableReferenceImpl) <init>[0m
  [34mIgnoring method of an anonymous declaring type: (CtMethodImpl) completed @ httpclient5/src/main/java/org/apache/hc/client5/http/impl/async/CloseableHttpAsyncClient.java:92:25 in (CtClassImpl) 1 @ httpclient5/src/main/java/org/apache/hc/client5/http/impl/async/CloseableHttpAsyncClient.java:89:133[0m
  [34mUnused type args: [org.apache.hc.client5.http.async.methods.SimpleHttpResponse][0m
  [34mIgnoring method of an anonymous declaring type: (CtMethodImpl) failed @ httpclient5/src/main/java/org/apache/hc/client5/http/impl/async/CloseableHttpAsyncClient.java:97:25 in (CtClassImpl) 1 @ httpclient5/src/main/java/org/apache/hc/client5/http/impl/async/CloseableHttpAsyncClient.java:89:133[0m
  [34mUnused type args: [org.apache.hc.client5.http.async.methods.SimpleHttpResponse][0m
  [34mIgnoring method of an anonymous declaring type: (CtMethodImpl) cancelled @ httpclient5/src/main/java/org/apache/hc/client5/http/impl/async/CloseableHttpAsyncClient.java:102:25 in (CtClassImpl) 1 @ httpclient5/src/main/java/org/apache/hc/client5/http/impl/async/CloseableHttpAsyncClient.java:89:133[0m
  [34mUnused type args: [org.apache.hc.client5.http.async.methods.SimpleHttpResponse][0m
  [34mUnused type args: [org.apache.hc.client5.http.async.methods.SimpleHttpResponse][0m
  [34mUnused type args: [org.apache.hc.core5.http.HttpHost][0m
  [34mUnused type args: [org.apache.hc.core5.http.protocol.HttpContext][0m
  [34mUnused type args: [org.apache.hc.core5.http.nio.AsyncClientEndpoint @ httpclient5/src/main/java/org/apache/hc/client5/http/impl/async/MinimalHttpAsyncClient.java:170:27][0m
  [34mIgnoring implicit executable reference: (CtExecutableReferenceImpl) <init>[0m
  [34mUnused type args: [org.apache.hc.core5.http.nio.AsyncClientEndpoint][0m
  [34mUnused type args: [T][0m
  [34mUnused type args: [org.apache.hc.core5.http.nio.AsyncClientEndpoint][0m
  [34mUnused type args: [org.apache.hc.client5.http.nio.AsyncConnectionEndpoint][0m
  [34mUnused type args: [org.apache.hc.client5.http.nio.AsyncConnectionEndpoint][0m
  [34mIgnoring anonymous type: (CtTypeReferenceImpl) org.apache.hc.client5.http.impl.async.MinimalHttpAsyncClient$3[0m
  [34mIgnoring implicit executable reference: (CtExecutableReferenceImpl) <init>[0m
  [34mIgnoring anonymous type: (CtTypeReferenceImpl) org.apache.hc.client5.http.impl.async.MinimalHttpAsyncClient$3[0m
  [34mUnused type args: [org.apache.hc.client5.http.nio.AsyncConnectionEndpoint @ httpclient5/src/main/java/org/apache/hc/client5/http/impl/async/MinimalHttpAsyncClient.java:172:36][0m
  [34mIgnoring anonymous object declaration: (CtClassImpl) 3 @ httpclient5/src/main/java/org/apache/hc/client5/http/impl/async/MinimalHttpAsyncClient.java:172:63[0m
  [34mUnused type args: [org.apache.hc.client5.http.nio.AsyncConnectionEndpoint][0m
  [34mIgnoring implicit executable reference: (CtExecutableReferenceImpl) <init>[0m
  [34mIgnoring implicit executable reference: (CtExecutableReferenceImpl) <init>[0m
  [34mIgnoring method of an anonymous declaring type: (CtMethodImpl) completed @ httpclient5/src/main/java/org/apache/hc/client5/http/impl/async/MinimalHttpAsyncClient.java:175:29 in (CtClassImpl) 3 @ httpclient5/src/main/java/org/apache/hc/client5/http/impl/async/MinimalHttpAsyncClient.java:172:63[0m
  [34mUnused type args: [org.apache.hc.core5.http.nio.AsyncClientEndpoint][0m
  [34mIgnoring implicit executable reference: (CtExecutableReferenceImpl) <init>[0m
  [34mIgnoring method of an anonymous declaring type: (CtMethodImpl) failed @ httpclient5/src/main/java/org/apache/hc/client5/http/impl/async/MinimalHttpAsyncClient.java:180:29 in (CtClassImpl) 3 @ httpclient5/src/main/java/org/apache/hc/client5/http/impl/async/MinimalHttpAsyncClient.java:172:63[0m
  [34mUnused type args: [org.apache.hc.core5.http.nio.AsyncClientEndpoint][0m
  [34mIgnoring method of an anonymous declaring type: (CtMethodImpl) cancelled @ httpclient5/src/main/java/org/apache/hc/client5/http/impl/async/MinimalHttpAsyncClient.java:185:29 in (CtClassImpl) 3 @ httpclient5/src/main/java/org/apache/hc/client5/http/impl/async/MinimalHttpAsyncClient.java:172:63[0m
  [34mUnused type args: [org.apache.hc.core5.http.nio.AsyncClientEndpoint][0m
  [34mUnused type args: [org.apache.hc.core5.http.nio.AsyncClientEndpoint][0m
  [34mIgnoring implicit executable reference: (CtExecutableReferenceImpl) <init>[0m
  [34mIgnoring implicit executable reference: (CtExecutableReferenceImpl) <init>[0m
  [34mUnused type args: [org.apache.hc.core5.function.Supplier][0m
  [34mUnused type args: [org.apache.hc.core5.http.nio.AsyncPushConsumer][0m
  [34mUnused type args: [org.apache.hc.core5.function.Supplier][0m
  [34mUnused type args: [org.apache.hc.core5.http.nio.AsyncPushConsumer][0m
  [34mIgnoring implicit executable reference: (CtExecutableReferenceImpl) <init>[0m
  [34mUnused type args: [org.apache.hc.core5.function.Supplier][0m
  [34mUnused type args: [org.apache.hc.core5.http.nio.AsyncPushConsumer][0m
  [34mUnused type args: [java.lang.String, org.apache.hc.core5.http.protocol.UriPatternMatcher][0m
  [34mUnused type args: [org.apache.hc.core5.function.Supplier][0m
  [34mUnused type args: [org.apache.hc.core5.http.nio.AsyncPushConsumer][0m
  [34mUnused type args: [java.lang.String, org.apache.hc.core5.http.protocol.UriPatternMatcher][0m
  [34mUnused type args: [org.apache.hc.core5.function.Supplier][0m
  [34mUnused type args: [org.apache.hc.core5.http.nio.AsyncPushConsumer][0m
  [34mIgnoring implicit executable reference: (CtExecutableReferenceImpl) <init>[0m
  [34mUnused type args: [java.lang.String, org.apache.hc.core5.http.protocol.UriPatternMatcher][0m
  [34mUnused type args: [org.apache.hc.core5.function.Supplier][0m
  [34mUnused type args: [org.apache.hc.core5.http.nio.AsyncPushConsumer][0m
  [34mUnused type args: [org.apache.hc.client5.http.impl.async.AbstractHttpAsyncClientBase$Status][0m
  [34mIgnoring implicit executable reference: (CtExecutableReferenceImpl) <init>[0m
  [34mIgnoring implicit executable reference: (CtExecutableReferenceImpl) <init>[0m
  [34mIgnoring implicit executable reference: (CtExecutableReferenceImpl) <init>[0m
  [34mIgnoring implicit executable reference: (CtExecutableReferenceImpl) <init>[0m
  [34mIgnoring implicit executable reference: (CtExecutableReferenceImpl) <init>[0m
  [34mIgnoring implicit executable reference: (CtExecutableReferenceImpl) <init>[0m
  [34mIgnoring implicit executable reference: (CtExecutableReferenceImpl) <init>[0m
  [34mUnused type args: [?][0m
  [34mSkipping selection with no field declaration: (CtFieldReferenceImpl) class[0m
  [34mSkipping selection with no field declaration: (CtFieldReferenceImpl) class[0m
  [34mIgnoring implicit executable reference: (CtExecutableReferenceImpl) <init>[0m
  [34mIgnoring implicit executable reference: (CtExecutableReferenceImpl) <init>[0m
  [34mIgnoring implicit executable reference: (CtExecutableReferenceImpl) <init>[0m
  [34mIgnoring implicit executable reference: (CtExecutableReferenceImpl) <init>[0m
  [34mIgnoring anonymous type: (CtTypeReferenceImpl) org.apache.hc.client5.http.impl.async.InternalHttpAsyncClient$1[0m
  [34mIgnoring implicit executable reference: (CtExecutableReferenceImpl) <init>[0m
  [34mIgnoring anonymous type: (CtTypeReferenceImpl) org.apache.hc.client5.http.impl.async.InternalHttpAsyncClient$1[0m
  [34mIgnoring anonymous object declaration: (CtClassImpl) 1 @ httpclient5/src/main/java/org/apache/hc/client5/http/impl/async/InternalHttpAsyncClient.java:165:41[0m
  [34mIgnoring implicit executable reference: (CtExecutableReferenceImpl) <init>[0m
  [34mIgnoring implicit executable reference: (CtExecutableReferenceImpl) <init>[0m
  [34mIgnoring method of an anonymous declaring type: (CtMethodImpl) handleResponse @ httpclient5/src/main/java/org/apache/hc/client5/http/impl/async/InternalHttpAsyncClient.java:168:46 in (CtClassImpl) 1 @ httpclient5/src/main/java/org/apache/hc/client5/http/impl/async/InternalHttpAsyncClient.java:165:41[0m
  [34mIgnoring method of an anonymous declaring type: (CtMethodImpl) completed @ httpclient5/src/main/java/org/apache/hc/client5/http/impl/async/InternalHttpAsyncClient.java:176:33 in (CtClassImpl) 1 @ httpclient5/src/main/java/org/apache/hc/client5/http/impl/async/InternalHttpAsyncClient.java:165:41[0m
  [34mIgnoring method of an anonymous declaring type: (CtMethodImpl) failed @ httpclient5/src/main/java/org/apache/hc/client5/http/impl/async/InternalHttpAsyncClient.java:188:33 in (CtClassImpl) 1 @ httpclient5/src/main/java/org/apache/hc/client5/http/impl/async/InternalHttpAsyncClient.java:165:41[0m
  [34mIgnoring implicit executable reference: (CtExecutableReferenceImpl) <init>[0m
  [34mUnused type args: [T @ httpclient5/src/main/java/org/apache/hc/client5/http/impl/async/MinimalHttpAsyncClient.java:212:29][0m
  [34mIgnoring implicit executable reference: (CtExecutableReferenceImpl) <init>[0m
  [34mUnused type args: [T][0m
  [34mUnused type args: [T][0m
  [34mUnused type args: [T][0m
  [34mUnused type args: [org.apache.hc.client5.http.nio.AsyncConnectionEndpoint @ httpclient5/src/main/java/org/apache/hc/client5/http/impl/async/MinimalHttpAsyncClient.java:213:22][0m
  [34mUnused type args: [org.apache.hc.client5.http.nio.AsyncConnectionEndpoint][0m
  [34mUnused type args: [org.apache.hc.client5.http.nio.AsyncConnectionEndpoint][0m
  [34mIgnoring anonymous type: (CtTypeReferenceImpl) org.apache.hc.client5.http.impl.async.MinimalHttpAsyncClient$4[0m
  [34mIgnoring implicit executable reference: (CtExecutableReferenceImpl) <init>[0m
  [34mIgnoring anonymous type: (CtTypeReferenceImpl) org.apache.hc.client5.http.impl.async.MinimalHttpAsyncClient$4[0m
  [34mUnused type args: [org.apache.hc.client5.http.nio.AsyncConnectionEndpoint @ httpclient5/src/main/java/org/apache/hc/client5/http/impl/async/MinimalHttpAsyncClient.java:214:36][0m
  [34mIgnoring anonymous object declaration: (CtClassImpl) 4 @ httpclient5/src/main/java/org/apache/hc/client5/http/impl/async/MinimalHttpAsyncClient.java:214:63[0m
  [34mUnused type args: [org.apache.hc.client5.http.nio.AsyncConnectionEndpoint][0m
  [34mIgnoring implicit executable reference: (CtExecutableReferenceImpl) <init>[0m
  [34mIgnoring implicit executable reference: (CtExecutableReferenceImpl) <init>[0m
  [34mIgnoring method of an anonymous declaring type: (CtMethodImpl) completed @ httpclient5/src/main/java/org/apache/hc/client5/http/impl/async/MinimalHttpAsyncClient.java:217:33 in (CtClassImpl) 4 @ httpclient5/src/main/java/org/apache/hc/client5/http/impl/async/MinimalHttpAsyncClient.java:214:63[0m
  [34mIgnoring implicit executable reference: (CtExecutableReferenceImpl) <init>[0m
  [34mUnused type args: [T][0m
  [34mUnused type args: [T][0m
  [34mUnused type args: [T][0m
  [34mUnused type args: [T][0m
  [34mUnused type args: [T][0m
  [34mIgnoring anonymous type: (CtTypeReferenceImpl) org.apache.hc.client5.http.impl.async.MinimalHttpAsyncClient$4$1[0m
  [34mIgnoring implicit executable reference: (CtExecutableReferenceImpl) <init>[0m
  [34mIgnoring anonymous type: (CtTypeReferenceImpl) org.apache.hc.client5.http.impl.async.MinimalHttpAsyncClient$4$1[0m
  [34mIgnoring anonymous type: (CtTypeReferenceImpl) org.apache.hc.client5.http.impl.async.MinimalHttpAsyncClient$4[0m
  [34mUnused type args: [T @ httpclient5/src/main/java/org/apache/hc/client5/http/impl/async/MinimalHttpAsyncClient.java:219:111][0m
  [34mIgnoring anonymous object declaration: (CtClassImpl) 1 @ httpclient5/src/main/java/org/apache/hc/client5/http/impl/async/MinimalHttpAsyncClient.java:219:116[0m
  [34mUnused type args: [T][0m
  [34mIgnoring implicit executable reference: (CtExecutableReferenceImpl) <init>[0m
  [34mIgnoring implicit executable reference: (CtExecutableReferenceImpl) <init>[0m
  [34mIgnoring method of an anonymous declaring type: (CtMethodImpl) completed @ httpclient5/src/main/java/org/apache/hc/client5/http/impl/async/MinimalHttpAsyncClient.java:222:41 in (CtClassImpl) 1 @ httpclient5/src/main/java/org/apache/hc/client5/http/impl/async/MinimalHttpAsyncClient.java:219:116[0m
  [34mUnused type args: [T][0m
  [34mIgnoring method of an anonymous declaring type: (CtMethodImpl) failed @ httpclient5/src/main/java/org/apache/hc/client5/http/impl/async/MinimalHttpAsyncClient.java:228:41 in (CtClassImpl) 1 @ httpclient5/src/main/java/org/apache/hc/client5/http/impl/async/MinimalHttpAsyncClient.java:219:116[0m
  [34mUnused type args: [T][0m
  [34mIgnoring method of an anonymous declaring type: (CtMethodImpl) cancelled @ httpclient5/src/main/java/org/apache/hc/client5/http/impl/async/MinimalHttpAsyncClient.java:234:41 in (CtClassImpl) 1 @ httpclient5/src/main/java/org/apache/hc/client5/http/impl/async/MinimalHttpAsyncClient.java:219:116[0m
  [34mUnused type args: [T][0m
  [34mUnused type args: [T][0m
  [34mIgnoring anonymous type: (CtTypeReferenceImpl) org.apache.hc.client5.http.impl.async.MinimalHttpAsyncClient$4$2[0m
  [34mIgnoring implicit executable reference: (CtExecutableReferenceImpl) <init>[0m
  [34mIgnoring anonymous type: (CtTypeReferenceImpl) org.apache.hc.client5.http.impl.async.MinimalHttpAsyncClient$4$2[0m
  [34mIgnoring anonymous type: (CtTypeReferenceImpl) org.apache.hc.client5.http.impl.async.MinimalHttpAsyncClient$4[0m
  [34mIgnoring anonymous object declaration: (CtClassImpl) 2 @ httpclient5/src/main/java/org/apache/hc/client5/http/impl/async/MinimalHttpAsyncClient.java:240:70[0m
  [34mIgnoring implicit executable reference: (CtExecutableReferenceImpl) <init>[0m
  [34mIgnoring implicit executable reference: (CtExecutableReferenceImpl) <init>[0m
  [34mIgnoring method of an anonymous declaring type: (CtMethodImpl) cancel @ httpclient5/src/main/java/org/apache/hc/client5/http/impl/async/MinimalHttpAsyncClient.java:243:44 in (CtClassImpl) 2 @ httpclient5/src/main/java/org/apache/hc/client5/http/impl/async/MinimalHttpAsyncClient.java:240:70[0m
  [34mIgnoring method of an anonymous declaring type: (CtMethodImpl) failed @ httpclient5/src/main/java/org/apache/hc/client5/http/impl/async/MinimalHttpAsyncClient.java:254:33 in (CtClassImpl) 4 @ httpclient5/src/main/java/org/apache/hc/client5/http/impl/async/MinimalHttpAsyncClient.java:214:63[0m
  [34mUnused type args: [T][0m
  [34mIgnoring method of an anonymous declaring type: (CtMethodImpl) cancelled @ httpclient5/src/main/java/org/apache/hc/client5/http/impl/async/MinimalHttpAsyncClient.java:259:33 in (CtClassImpl) 4 @ httpclient5/src/main/java/org/apache/hc/client5/http/impl/async/MinimalHttpAsyncClient.java:214:63[0m
  [34mUnused type args: [T][0m
  [34mUnused type args: [T][0m
  [34mUnused type args: [?][0m
  [34mUnused type args: [org.apache.hc.client5.http.nio.AsyncConnectionEndpoint][0m
  [34mUnused type args: [T][0m
  [34mUnused type args: [?][0m
  [34mUnused type args: [?][0m
  [34mUnused type args: [?][0m
  [34mUnused type args: [?][0m
  [34mUnused type args: [?][0m
  [34mIgnoring anonymous type: (CtTypeReferenceImpl) org.apache.hc.client5.http.impl.async.LoggingAsyncClientExchangeHandler$2[0m
  [34mIgnoring implicit executable reference: (CtExecutableReferenceImpl) <init>[0m
  [34mIgnoring anonymous type: (CtTypeReferenceImpl) org.apache.hc.client5.http.impl.async.LoggingAsyncClientExchangeHandler$2[0m
  [34mIgnoring anonymous object declaration: (CtClassImpl) 2 @ httpclient5/src/main/java/org/apache/hc/client5/http/impl/async/LoggingAsyncClientExchangeHandler.java:97:49[0m
  [34mIgnoring implicit executable reference: (CtExecutableReferenceImpl) <init>[0m
  [34mIgnoring implicit executable reference: (CtExecutableReferenceImpl) <init>[0m
  [34mIgnoring method of an anonymous declaring type: (CtMethodImpl) requestOutput @ httpclient5/src/main/java/org/apache/hc/client5/http/impl/async/LoggingAsyncClientExchangeHandler.java:100:25 in (CtClassImpl) 2 @ httpclient5/src/main/java/org/apache/hc/client5/http/impl/async/LoggingAsyncClientExchangeHandler.java:97:49[0m
  [34mIgnoring method of an anonymous declaring type: (CtMethodImpl) write @ httpclient5/src/main/java/org/apache/hc/client5/http/impl/async/LoggingAsyncClientExchangeHandler.java:105:24 in (CtClassImpl) 2 @ httpclient5/src/main/java/org/apache/hc/client5/http/impl/async/LoggingAsyncClientExchangeHandler.java:97:49[0m
  [34mIgnoring method of an anonymous declaring type: (CtMethodImpl) endStream @ httpclient5/src/main/java/org/apache/hc/client5/http/impl/async/LoggingAsyncClientExchangeHandler.java:113:25 in (CtClassImpl) 2 @ httpclient5/src/main/java/org/apache/hc/client5/http/impl/async/LoggingAsyncClientExchangeHandler.java:97:49[0m
  [34mIgnoring method of an anonymous declaring type: (CtMethodImpl) endStream @ httpclient5/src/main/java/org/apache/hc/client5/http/impl/async/LoggingAsyncClientExchangeHandler.java:121:25 in (CtClassImpl) 2 @ httpclient5/src/main/java/org/apache/hc/client5/http/impl/async/LoggingAsyncClientExchangeHandler.java:97:49[0m
  [34mUnused type args: [? @ httpclient5/src/main/java/org/apache/hc/client5/http/impl/async/LoggingAsyncClientExchangeHandler.java:121:46][0m
  [34mUnused type args: [?][0m
  [34mUnused type args: [?][0m
  [34mUnused type args: [java.lang.String][0m
  [34mUnused type args: [org.apache.hc.core5.reactor.ExceptionEvent][0m
  [34mUnused type args: [org.apache.hc.core5.http.nio.AsyncClientEndpoint][0m
  [34mUnused type args: [org.apache.hc.core5.http.nio.AsyncClientEndpoint][0m
  [34mUnused type args: [org.apache.hc.core5.http.nio.AsyncClientEndpoint][0m
  [34mUnused type args: [org.apache.hc.client5.http.nio.AsyncConnectionEndpoint][0m
  [34mIgnoring anonymous type: (CtTypeReferenceImpl) org.apache.hc.client5.http.impl.async.AsyncRedirectExec$1[0m
  [34mIgnoring implicit executable reference: (CtExecutableReferenceImpl) <init>[0m
  [34mIgnoring anonymous type: (CtTypeReferenceImpl) org.apache.hc.client5.http.impl.async.AsyncRedirectExec$1[0m
  [34mIgnoring anonymous object declaration: (CtClassImpl) 1 @ httpclient5/src/main/java/org/apache/hc/client5/http/impl/async/AsyncRedirectExec.java:93:79[0m
  [34mIgnoring implicit executable reference: (CtExecutableReferenceImpl) <init>[0m
  [34mIgnoring implicit executable reference: (CtExecutableReferenceImpl) <init>[0m
  [34mIgnoring method of an anonymous declaring type: (CtMethodImpl) handleResponse @ httpclient5/src/main/java/org/apache/hc/client5/http/impl/async/AsyncRedirectExec.java:96:38 in (CtClassImpl) 1 @ httpclient5/src/main/java/org/apache/hc/client5/http/impl/async/AsyncRedirectExec.java:93:79[0m
  [34mIgnoring implicit executable reference: (CtExecutableReferenceImpl) <init>[0m
  [34mIgnoring implicit executable reference: (CtExecutableReferenceImpl) <init>[0m
  [34mIgnoring implicit executable reference: (CtExecutableReferenceImpl) <init>[0m
  [34mIgnoring implicit executable reference: (CtExecutableReferenceImpl) <init>[0m
  [34mIgnoring implicit executable reference: (CtExecutableReferenceImpl) <init>[0m
  [34mIgnoring method of an anonymous declaring type: (CtMethodImpl) completed @ httpclient5/src/main/java/org/apache/hc/client5/http/impl/async/AsyncRedirectExec.java:165:25 in (CtClassImpl) 1 @ httpclient5/src/main/java/org/apache/hc/client5/http/impl/async/AsyncRedirectExec.java:93:79[0m
  [34mIgnoring method of an anonymous declaring type: (CtMethodImpl) failed @ httpclient5/src/main/java/org/apache/hc/client5/http/impl/async/AsyncRedirectExec.java:181:25 in (CtClassImpl) 1 @ httpclient5/src/main/java/org/apache/hc/client5/http/impl/async/AsyncRedirectExec.java:93:79[0m
  [34mIgnoring implicit executable reference: (CtExecutableReferenceImpl) <init>[0m
  [34mIgnoring implicit executable reference: (CtExecutableReferenceImpl) <init>[0m
  [34mIgnoring implicit executable reference: (CtExecutableReferenceImpl) <init>[0m
  [34mIgnoring implicit executable reference: (CtExecutableReferenceImpl) <init>[0m
  [34mUnused type args: [org.apache.hc.core5.http.protocol.HttpProcessor][0m
  [34mUnused type args: [org.apache.hc.core5.http.nio.AsyncPushConsumer][0m
  [34mUnused type args: [org.apache.hc.core5.http.nio.AsyncPushConsumer][0m
  [34mUnused type args: [org.apache.hc.core5.http.nio.AsyncPushConsumer][0m
  [34mUnused type args: [org.apache.hc.core5.http.HttpResponse][0m
  [34mUnused type args: [org.apache.hc.core5.http.HttpResponse][0m
  [34mIgnoring implicit executable reference: (CtExecutableReferenceImpl) <init>[0m
  [34mUnused type args: [org.apache.hc.core5.http.HttpRequest][0m
  [34mUnused type args: [org.apache.hc.core5.http.HttpRequest][0m
  [34mUnused type args: [java.lang.String][0m
  [34mUnused type args: [java.lang.String][0m
  [34mUnused type args: [org.apache.hc.client5.http.async.AsyncExecChainHandler][0m
  [34mUnused type args: [org.apache.hc.client5.http.impl.async.HttpAsyncClientBuilder$ExecInterceptorEntry][0m
  [34mUnused type args: [org.apache.hc.client5.http.impl.async.HttpAsyncClientBuilder$ExecInterceptorEntry][0m
  [34mUnused type args: [org.apache.hc.client5.http.impl.async.HttpAsyncClientBuilder$ExecInterceptorEntry][0m
  [34mIgnoring implicit executable reference: (CtExecutableReferenceImpl) <init>[0m
  [34mUnused type args: [org.apache.hc.client5.http.impl.async.HttpAsyncClientBuilder$ExecInterceptorEntry][0m
  [34mUnused type args: [org.apache.hc.client5.http.impl.async.HttpAsyncClientBuilder$ExecInterceptorEntry][0m
  [34mIgnoring implicit executable reference: (CtExecutableReferenceImpl) <init>[0m
  [34mUnused type args: [org.apache.hc.client5.http.auth.AuthSchemeProvider][0m
  [34mUnused type args: [org.apache.hc.client5.http.cookie.CookieSpecProvider][0m
  [34mUnused type args: [java.io.Closeable][0m
  [34mUnused type args: [java.io.Closeable][0m
  [34mIgnoring implicit executable reference: (CtExecutableReferenceImpl) <init>[0m
  [34mIgnoring implicit executable reference: (CtExecutableReferenceImpl) <init>[0m
  [34mUnused type args: [org.apache.hc.core5.http.nio.AsyncDataProducer][0m
  [34mUnused type args: [org.apache.hc.core5.http.EntityDetails][0m
  [34mUnused type args: [org.apache.hc.client5.http.nio.AsyncConnectionEndpoint][0m
  [34mUnused type args: [org.apache.hc.core5.http.HttpRequest][0m
  [34mUnused type args: [org.apache.hc.client5.http.async.AsyncExecChain$Scope][0m
  [34mIgnoring implicit executable reference: (CtExecutableReferenceImpl) <init>[0m
  [34mIgnoring anonymous type: (CtTypeReferenceImpl) org.apache.hc.client5.http.impl.async.AsyncConnectExec$1[0m
  [34mIgnoring implicit executable reference: (CtExecutableReferenceImpl) <init>[0m
  [34mIgnoring anonymous type: (CtTypeReferenceImpl) org.apache.hc.client5.http.impl.async.AsyncConnectExec$1[0m
  [34mIgnoring anonymous object declaration: (CtClassImpl) 1 @ httpclient5/src/main/java/org/apache/hc/client5/http/impl/async/AsyncConnectExec.java:125:57[0m
  [34mIgnoring implicit executable reference: (CtExecutableReferenceImpl) <init>[0m
  [34mIgnoring implicit executable reference: (CtExecutableReferenceImpl) <init>[0m
  [34mIgnoring method of an anonymous declaring type: (CtMethodImpl) run @ httpclient5/src/main/java/org/apache/hc/client5/http/impl/async/AsyncConnectExec.java:128:25 in (CtClassImpl) 1 @ httpclient5/src/main/java/org/apache/hc/client5/http/impl/async/AsyncConnectExec.java:125:57[0m
  [34mUnused type args: [org.apache.hc.client5.http.async.AsyncExecRuntime][0m
  [34mIgnoring anonymous type: (CtTypeReferenceImpl) org.apache.hc.client5.http.impl.async.AsyncConnectExec$2[0m
  [34mIgnoring implicit executable reference: (CtExecutableReferenceImpl) <init>[0m
  [34mIgnoring anonymous type: (CtTypeReferenceImpl) org.apache.hc.client5.http.impl.async.AsyncConnectExec$2[0m
  [34mUnused type args: [org.apache.hc.client5.http.async.AsyncExecRuntime @ httpclient5/src/main/java/org/apache/hc/client5/http/impl/async/AsyncConnectExec.java:150:95][0m
  [34mIgnoring anonymous object declaration: (CtClassImpl) 2 @ httpclient5/src/main/java/org/apache/hc/client5/http/impl/async/AsyncConnectExec.java:150:115[0m
  [34mUnused type args: [org.apache.hc.client5.http.async.AsyncExecRuntime][0m
  [34mIgnoring implicit executable reference: (CtExecutableReferenceImpl) <init>[0m
  [34mIgnoring implicit executable reference: (CtExecutableReferenceImpl) <init>[0m
  [34mIgnoring method of an anonymous declaring type: (CtMethodImpl) completed @ httpclient5/src/main/java/org/apache/hc/client5/http/impl/async/AsyncConnectExec.java:153:29 in (CtClassImpl) 2 @ httpclient5/src/main/java/org/apache/hc/client5/http/impl/async/AsyncConnectExec.java:150:115[0m
  [34mIgnoring method of an anonymous declaring type: (CtMethodImpl) failed @ httpclient5/src/main/java/org/apache/hc/client5/http/impl/async/AsyncConnectExec.java:158:29 in (CtClassImpl) 2 @ httpclient5/src/main/java/org/apache/hc/client5/http/impl/async/AsyncConnectExec.java:150:115[0m
  [34mIgnoring method of an anonymous declaring type: (CtMethodImpl) cancelled @ httpclient5/src/main/java/org/apache/hc/client5/http/impl/async/AsyncConnectExec.java:163:29 in (CtClassImpl) 2 @ httpclient5/src/main/java/org/apache/hc/client5/http/impl/async/AsyncConnectExec.java:150:115[0m
  [34mIgnoring implicit executable reference: (CtExecutableReferenceImpl) <init>[0m
  [34mIgnoring implicit executable reference: (CtExecutableReferenceImpl) <init>[0m
  [34mIgnoring implicit executable reference: (CtExecutableReferenceImpl) <init>[0m
  [34mIgnoring implicit executable reference: (CtExecutableReferenceImpl) <init>[0m
  [34mIgnoring implicit executable reference: (CtExecutableReferenceImpl) <init>[0m
  [34mIgnoring implicit executable reference: (CtExecutableReferenceImpl) <init>[0m
  [34mUnused type args: [org.apache.hc.core5.http.protocol.HttpProcessor][0m
  [34mUnused type args: [org.apache.hc.client5.http.protocol.AuthenticationStrategy][0m
  [34mUnused type args: [org.apache.hc.client5.http.protocol.AuthenticationStrategy][0m
  [34mIgnoring implicit executable reference: (CtExecutableReferenceImpl) <init>[0m
  [34mIgnoring implicit executable reference: (CtExecutableReferenceImpl) <init>[0m
  [34mIgnoring implicit executable reference: (CtExecutableReferenceImpl) <init>[0m
  [34mUnused type args: [T @ httpclient5/src/main/java/org/apache/hc/client5/http/impl/async/InternalHttpAsyncClient.java:210:27][0m
  [34mIgnoring implicit executable reference: (CtExecutableReferenceImpl) <init>[0m
  [34mUnused type args: [T][0m
  [34mUnused type args: [T][0m
  [34mUnused type args: [T][0m
  [34mIgnoring implicit executable reference: (CtExecutableReferenceImpl) <init>[0m
  [34mUnused type args: [T][0m
  [34mUnused type args: [T][0m
  [34mUnused type args: [T][0m
  [34mUnused type args: [T][0m
  [34mIgnoring anonymous type: (CtTypeReferenceImpl) org.apache.hc.client5.http.impl.async.InternalHttpAsyncClient$2[0m
  [34mIgnoring implicit executable reference: (CtExecutableReferenceImpl) <init>[0m
  [34mIgnoring anonymous type: (CtTypeReferenceImpl) org.apache.hc.client5.http.impl.async.InternalHttpAsyncClient$2[0m
  [34mUnused type args: [T @ httpclient5/src/main/java/org/apache/hc/client5/http/impl/async/InternalHttpAsyncClient.java:222:151][0m
  [34mIgnoring anonymous object declaration: (CtClassImpl) 2 @ httpclient5/src/main/java/org/apache/hc/client5/http/impl/async/InternalHttpAsyncClient.java:222:156[0m
  [34mUnused type args: [T][0m
  [34mIgnoring implicit executable reference: (CtExecutableReferenceImpl) <init>[0m
  [34mIgnoring implicit executable reference: (CtExecutableReferenceImpl) <init>[0m
  [34mIgnoring method of an anonymous declaring type: (CtMethodImpl) completed @ httpclient5/src/main/java/org/apache/hc/client5/http/impl/async/InternalHttpAsyncClient.java:225:29 in (CtClassImpl) 2 @ httpclient5/src/main/java/org/apache/hc/client5/http/impl/async/InternalHttpAsyncClient.java:222:156[0m
  [34mUnused type args: [T][0m
  [34mIgnoring method of an anonymous declaring type: (CtMethodImpl) failed @ httpclient5/src/main/java/org/apache/hc/client5/http/impl/async/InternalHttpAsyncClient.java:230:29 in (CtClassImpl) 2 @ httpclient5/src/main/java/org/apache/hc/client5/http/impl/async/InternalHttpAsyncClient.java:222:156[0m
  [34mUnused type args: [T][0m
  [34mIgnoring method of an anonymous declaring type: (CtMethodImpl) cancelled @ httpclient5/src/main/java/org/apache/hc/client5/http/impl/async/InternalHttpAsyncClient.java:235:29 in (CtClassImpl) 2 @ httpclient5/src/main/java/org/apache/hc/client5/http/impl/async/InternalHttpAsyncClient.java:222:156[0m
  [34mUnused type args: [T][0m
  [34mIgnoring anonymous type: (CtTypeReferenceImpl) org.apache.hc.client5.http.impl.async.InternalHttpAsyncClient$3[0m
  [34mIgnoring implicit executable reference: (CtExecutableReferenceImpl) <init>[0m
  [34mIgnoring anonymous type: (CtTypeReferenceImpl) org.apache.hc.client5.http.impl.async.InternalHttpAsyncClient$3[0m
  [34mIgnoring anonymous object declaration: (CtClassImpl) 3 @ httpclient5/src/main/java/org/apache/hc/client5/http/impl/async/InternalHttpAsyncClient.java:240:65[0m
  [34mIgnoring implicit executable reference: (CtExecutableReferenceImpl) <init>[0m
  [34mIgnoring implicit executable reference: (CtExecutableReferenceImpl) <init>[0m
  [34mIgnoring method of an anonymous declaring type: (CtMethodImpl) sendRequest @ httpclient5/src/main/java/org/apache/hc/client5/http/impl/async/InternalHttpAsyncClient.java:243:29 in (CtClassImpl) 3 @ httpclient5/src/main/java/org/apache/hc/client5/http/impl/async/InternalHttpAsyncClient.java:240:65[0m
  [34mIgnoring implicit executable reference: (CtExecutableReferenceImpl) <init>[0m
  [34mUnused type args: [T][0m
  [34mUnused type args: [T][0m
  [34mIgnoring implicit executable reference: (CtExecutableReferenceImpl) <init>[0m
  [34mIgnoring implicit executable reference: (CtExecutableReferenceImpl) <init>[0m
  [34mIgnoring implicit executable reference: (CtExecutableReferenceImpl) <init>[0m
  [34mIgnoring implicit executable reference: (CtExecutableReferenceImpl) <init>[0m
  [34mIgnoring implicit executable reference: (CtExecutableReferenceImpl) <init>[0m
  [34mIgnoring implicit executable reference: (CtExecutableReferenceImpl) <init>[0m
  [34mIgnoring implicit executable reference: (CtExecutableReferenceImpl) <init>[0m
  [34mIgnoring implicit executable reference: (CtExecutableReferenceImpl) <init>[0m
  [34mIgnoring implicit executable reference: (CtExecutableReferenceImpl) <init>[0m
  [34mIgnoring implicit executable reference: (CtExecutableReferenceImpl) <init>[0m
  [34mIgnoring implicit executable reference: (CtExecutableReferenceImpl) <init>[0m
  [34mIgnoring implicit executable reference: (CtExecutableReferenceImpl) <init>[0m
  [34mIgnoring implicit executable reference: (CtExecutableReferenceImpl) <init>[0m
  [34mUnused type args: [org.apache.hc.client5.http.async.methods.SimpleHttpRequest][0m
  [34mIgnoring implicit executable reference: (CtExecutableReferenceImpl) <init>[0m
  [34mIgnoring implicit executable reference: (CtExecutableReferenceImpl) <init>[0m
  [34mIgnoring implicit executable reference: (CtExecutableReferenceImpl) <init>[0m
  [34mUnused type args: [E][0m
  [34mIgnoring implicit executable reference: (CtExecutableReferenceImpl) <init>[0m
  [34mIgnoring implicit executable reference: (CtExecutableReferenceImpl) <init>[0m
  [34mIgnoring implicit executable reference: (CtExecutableReferenceImpl) <init>[0m
  [34mIgnoring implicit executable reference: (CtExecutableReferenceImpl) <init>[0m
  [34mIgnoring implicit executable reference: (CtExecutableReferenceImpl) <init>[0m
  [34mIgnoring implicit executable reference: (CtExecutableReferenceImpl) <init>[0m
  [34mIgnoring implicit executable reference: (CtExecutableReferenceImpl) <init>[0m
  [34mskipping default constructor: org.apache.hc.client5.http.entity.mime.HttpMultipartMode()[0m
  [34mskipping default constructor: org.apache.hc.client5.http.entity.mime.MIME()[0m
  [34mIgnoring implicit executable reference: (CtExecutableReferenceImpl) <init>[0m
  [34mIgnoring implicit executable reference: (CtExecutableReferenceImpl) <init>[0m
  [34mIgnoring implicit executable reference: (CtExecutableReferenceImpl) <init>[0m
  [34mUnused type args: [org.apache.hc.client5.http.entity.mime.FormBodyPart][0m
  [34mIgnoring implicit executable reference: (CtExecutableReferenceImpl) <init>[0m
  [34mIgnoring implicit executable reference: (CtExecutableReferenceImpl) <init>[0m
  [34mUnused type args: [org.apache.hc.client5.http.entity.mime.MinimalField @ httpclient5/src/main/java/org/apache/hc/client5/http/entity/mime/Header.java:113:20][0m
  [34mUnused type args: [java.lang.String, java.util.List][0m
  [34mUnused type args: [org.apache.hc.client5.http.entity.mime.MinimalField][0m
  [34mUnused type args: [org.apache.hc.client5.http.entity.mime.MinimalField][0m
  [34mUnused type args: [org.apache.hc.client5.http.entity.mime.MinimalField][0m
  [34mUnused type args: [org.apache.hc.client5.http.entity.mime.MinimalField][0m
  [34mUnused type args: [org.apache.hc.client5.http.entity.mime.MinimalField][0m
  [34mUnused type args: [org.apache.hc.client5.http.entity.mime.MinimalField][0m
  [34mUnused type args: [org.apache.hc.client5.http.entity.mime.MinimalField @ httpclient5/src/main/java/org/apache/hc/client5/http/entity/mime/Header.java:122:29][0m
  [34mUnused type args: [org.apache.hc.client5.http.entity.mime.MinimalField][0m
  [34mUnused type args: [org.apache.hc.client5.http.entity.mime.MinimalField][0m
  [34mUnused type args: [org.apache.hc.client5.http.entity.mime.MinimalField][0m
  [34mUnused type args: [org.apache.hc.client5.http.entity.mime.MinimalField][0m
  [34mUnused type args: [org.apache.hc.client5.http.entity.mime.MinimalField][0m
  [34mUnused type args: [org.apache.hc.client5.http.entity.mime.MinimalField][0m
  [34mUnused type args: [org.apache.hc.client5.http.entity.mime.FormBodyPart][0m
  [34mIgnoring implicit executable reference: (CtExecutableReferenceImpl) <init>[0m
  [34mIgnoring implicit executable reference: (CtExecutableReferenceImpl) <init>[0m
  [34mIgnoring implicit executable reference: (CtExecutableReferenceImpl) <init>[0m
  [34mUnused type args: [java.lang.String][0m
  [34mUnused type args: [java.io.OutputStream][0m
  [34mIgnoring implicit executable reference: (CtExecutableReferenceImpl) <init>[0m
  [34mIgnoring implicit executable reference: (CtExecutableReferenceImpl) <init>[0m
  [34mIgnoring implicit executable reference: (CtExecutableReferenceImpl) <init>[0m
  [34mIgnoring implicit executable reference: (CtExecutableReferenceImpl) <init>[0m
  [34mIgnoring implicit executable reference: (CtExecutableReferenceImpl) <init>[0m
  [34mIgnoring implicit executable reference: (CtExecutableReferenceImpl) <init>[0m
  [34mIgnoring implicit executable reference: (CtExecutableReferenceImpl) <init>[0m
  [34mUnused type args: [org.apache.hc.core5.http.NameValuePair @ httpclient5/src/main/java/org/apache/hc/client5/http/entity/mime/MultipartEntityBuilder.java:198:20][0m
  [34mIgnoring implicit executable reference: (CtExecutableReferenceImpl) <init>[0m
  [34mUnused type args: [org.apache.hc.core5.http.NameValuePair][0m
  [34mUnused type args: [org.apache.hc.core5.http.NameValuePair][0m
  [34mIgnoring implicit executable reference: (CtExecutableReferenceImpl) <init>[0m
  [34mUnused type args: [org.apache.hc.core5.http.NameValuePair][0m
  [34mIgnoring implicit executable reference: (CtExecutableReferenceImpl) <init>[0m
  [34mUnused type args: [org.apache.hc.core5.http.NameValuePair][0m
  [34mUnused type args: [org.apache.hc.core5.http.NameValuePair][0m
  [34mUnused type args: [org.apache.hc.core5.http.NameValuePair][0m
  [34mUnused type args: [org.apache.hc.client5.http.entity.mime.FormBodyPart @ httpclient5/src/main/java/org/apache/hc/client5/http/entity/mime/MultipartEntityBuilder.java:207:20][0m
  [34mUnused type args: [org.apache.hc.client5.http.entity.mime.FormBodyPart][0m
  [34mUnused type args: [org.apache.hc.client5.http.entity.mime.FormBodyPart][0m
  [34mIgnoring implicit executable reference: (CtExecutableReferenceImpl) <init>[0m
  [34mUnused type args: [org.apache.hc.client5.http.entity.mime.FormBodyPart][0m
  [34mUnused type args: [?][0m
  [34mUnused type args: [org.apache.hc.client5.http.entity.mime.FormBodyPart][0m
  [34mUnused type args: [org.apache.hc.client5.http.entity.mime.FormBodyPart @ httpclient5/src/main/java/org/apache/hc/client5/http/entity/mime/MultipartEntityBuilder.java:208:30][0m
  [34mUnused type args: [org.apache.hc.client5.http.entity.mime.FormBodyPart][0m
  [34mIgnoring implicit executable reference: (CtExecutableReferenceImpl) <init>[0m
  [34mUnused type args: [org.apache.hc.client5.http.entity.mime.FormBodyPart][0m
  [34mUnused type args: [org.apache.hc.client5.http.entity.mime.FormBodyPart][0m
  [34mIgnoring implicit executable reference: (CtExecutableReferenceImpl) <init>[0m
  [34mUnused type args: [org.apache.hc.client5.http.entity.mime.FormBodyPart][0m
  [34mUnused type args: [org.apache.hc.client5.http.entity.mime.FormBodyPart][0m
  [34mIgnoring implicit executable reference: (CtExecutableReferenceImpl) <init>[0m
  [34mUnused type args: [org.apache.hc.client5.http.entity.mime.FormBodyPart][0m
  [34mUnused type args: [org.apache.hc.client5.http.entity.mime.FormBodyPart][0m
  [34mIgnoring implicit executable reference: (CtExecutableReferenceImpl) <init>[0m
  [34mIgnoring implicit executable reference: (CtExecutableReferenceImpl) <init>[0m
  [34mIgnoring implicit executable reference: (CtExecutableReferenceImpl) <init>[0m
  [34mIgnoring implicit executable reference: (CtExecutableReferenceImpl) <init>[0m
  [34mIgnoring implicit executable reference: (CtExecutableReferenceImpl) <init>[0m
  [34mUnused type args: [org.apache.hc.core5.http.ContentType][0m
  [34mIgnoring implicit executable reference: (CtExecutableReferenceImpl) <init>[0m
  [34mIgnoring implicit executable reference: (CtExecutableReferenceImpl) <init>[0m
  [34mIgnoring implicit executable reference: (CtExecutableReferenceImpl) <init>[0m
  [34mUnused type args: [org.apache.hc.client5.http.entity.mime.MinimalField @ httpclient5/src/main/java/org/apache/hc/client5/http/entity/mime/Header.java:58:14][0m
  [34mUnused type args: [java.lang.String, java.util.List][0m
  [34mUnused type args: [org.apache.hc.client5.http.entity.mime.MinimalField][0m
  [34mUnused type args: [org.apache.hc.client5.http.entity.mime.MinimalField][0m
  [34mUnused type args: [org.apache.hc.client5.http.entity.mime.MinimalField][0m
  [34mUnused type args: [org.apache.hc.client5.http.entity.mime.MinimalField][0m
  [34mUnused type args: [org.apache.hc.client5.http.entity.mime.MinimalField][0m
  [34mIgnoring implicit executable reference: (CtExecutableReferenceImpl) <init>[0m
  [34mUnused type args: [org.apache.hc.client5.http.entity.mime.MinimalField][0m
  [34mUnused type args: [java.lang.String, java.util.List][0m
  [34mUnused type args: [org.apache.hc.client5.http.entity.mime.MinimalField][0m
  [34mUnused type args: [org.apache.hc.client5.http.entity.mime.MinimalField][0m
  [34mUnused type args: [org.apache.hc.client5.http.entity.mime.MinimalField][0m
  [34mUnused type args: [org.apache.hc.client5.http.entity.mime.MinimalField][0m
  [34mUnused type args: [org.apache.hc.client5.http.entity.mime.MinimalField][0m
  [34mIgnoring implicit executable reference: (CtExecutableReferenceImpl) <init>[0m
  [34mIgnoring implicit executable reference: (CtExecutableReferenceImpl) <init>[0m
  [34mIgnoring implicit executable reference: (CtExecutableReferenceImpl) <init>[0m
  [34mUnused type args: [java.lang.String][0m
  [34mUnused type args: [org.apache.hc.client5.http.entity.mime.FormBodyPart][0m
  [34mUnused type args: [org.apache.hc.client5.http.entity.mime.FormBodyPart][0m
  [34mUnused type args: [org.apache.hc.client5.http.entity.mime.FormBodyPart][0m
  [34mUnused type args: [org.apache.hc.client5.http.entity.mime.FormBodyPart][0m
  [34mIgnoring implicit executable reference: (CtExecutableReferenceImpl) <init>[0m
  [34mUnused type args: [org.apache.hc.client5.http.entity.mime.FormBodyPart][0m
  [34mUnused type args: [org.apache.hc.client5.http.entity.mime.FormBodyPart][0m
  [34mUnused type args: [org.apache.hc.client5.http.entity.mime.FormBodyPart][0m
  [34mIgnoring implicit executable reference: (CtExecutableReferenceImpl) <init>[0m
  [34mIgnoring implicit executable reference: (CtExecutableReferenceImpl) <init>[0m
  [34mIgnoring implicit executable reference: (CtExecutableReferenceImpl) <init>[0m
  [34mIgnoring implicit executable reference: (CtExecutableReferenceImpl) <init>[0m
  [34mUnused type args: [java.lang.String][0m
  [34mUnused type args: [org.apache.hc.client5.http.entity.mime.ContentBody][0m
  [34mIgnoring implicit executable reference: (CtExecutableReferenceImpl) <init>[0m
  [34mUnused type args: [org.apache.hc.client5.http.entity.mime.MinimalField][0m
  [34mUnused type args: [org.apache.hc.client5.http.entity.mime.MinimalField @ httpclient5/src/main/java/org/apache/hc/client5/http/entity/mime/Header.java:100:20][0m
  [34mUnused type args: [java.lang.String, java.util.List][0m
  [34mUnused type args: [org.apache.hc.client5.http.entity.mime.MinimalField][0m
  [34mUnused type args: [org.apache.hc.client5.http.entity.mime.MinimalField][0m
  [34mUnused type args: [org.apache.hc.client5.http.entity.mime.MinimalField][0m
  [34mUnused type args: [org.apache.hc.client5.http.entity.mime.MinimalField][0m
  [34mUnused type args: [org.apache.hc.client5.http.entity.mime.MinimalField][0m
  [34mUnused type args: [?][0m
  [34mUnused type args: [org.apache.hc.client5.http.entity.mime.MinimalField][0m
  [34mUnused type args: [org.apache.hc.client5.http.entity.mime.MinimalField][0m
  [34mIgnoring implicit executable reference: (CtExecutableReferenceImpl) <init>[0m
  [34mIgnoring implicit executable reference: (CtExecutableReferenceImpl) <init>[0m
  [34mUnused type args: [java.io.File][0m
  [34mIgnoring implicit executable reference: (CtExecutableReferenceImpl) <init>[0m
  [34mUnused type args: [java.lang.String][0m
  [34mUnused type args: [org.apache.hc.client5.http.entity.mime.ContentBody][0m
  [34mUnused type args: [org.apache.hc.client5.http.entity.mime.MinimalField][0m
  [34mUnused type args: [org.apache.hc.client5.http.entity.mime.MinimalField][0m
  [34mUnused type args: [?][0m
  [34mUnused type args: [org.apache.hc.client5.http.entity.mime.MinimalField][0m
  [34mUnused type args: [org.apache.hc.client5.http.entity.mime.MinimalField][0m
  [34mIgnoring implicit executable reference: (CtExecutableReferenceImpl) <init>[0m
  [34mIgnoring implicit executable reference: (CtExecutableReferenceImpl) <init>[0m
  [34mUnused type args: [byte[]][0m
  [34mUnused type args: [java.lang.String][0m
  [34mIgnoring implicit executable reference: (CtExecutableReferenceImpl) <init>[0m
  [34mUnused type args: [org.apache.hc.client5.http.entity.mime.MinimalField @ httpclient5/src/main/java/org/apache/hc/client5/http/entity/mime/FormBodyPartBuilder.java:97:20][0m
  [34mUnused type args: [org.apache.hc.client5.http.entity.mime.MinimalField][0m
  [34mUnused type args: [org.apache.hc.client5.http.entity.mime.MinimalField][0m
  [34mIgnoring implicit executable reference: (CtExecutableReferenceImpl) <init>[0m
  [34mIgnoring implicit executable reference: (CtExecutableReferenceImpl) <init>[0m
  [34mIgnoring implicit executable reference: (CtExecutableReferenceImpl) <init>[0m
  [34mIgnoring implicit executable reference: (CtExecutableReferenceImpl) <init>[0m
  [34mIgnoring implicit executable reference: (CtExecutableReferenceImpl) <init>[0m
  [34mIgnoring implicit executable reference: (CtExecutableReferenceImpl) <init>[0m
  [34mIgnoring implicit executable reference: (CtExecutableReferenceImpl) <init>[0m
  [34mIgnoring implicit executable reference: (CtExecutableReferenceImpl) <init>[0m
  [34mIgnoring implicit executable reference: (CtExecutableReferenceImpl) <init>[0m
  [34mIgnoring implicit executable reference: (CtExecutableReferenceImpl) <init>[0m
  [34mIgnoring implicit executable reference: (CtExecutableReferenceImpl) <init>[0m
  [34mUnused type args: [org.apache.hc.client5.http.entity.mime.FormBodyPart][0m
  [34mUnused type args: [org.apache.hc.client5.http.entity.mime.FormBodyPart][0m
  [34mUnused type args: [org.apache.hc.client5.http.entity.mime.FormBodyPart][0m
  [34mIgnoring implicit executable reference: (CtExecutableReferenceImpl) <init>[0m
  [34mIgnoring implicit executable reference: (CtExecutableReferenceImpl) <init>[0m
  [34mUnused type args: [java.io.InputStream][0m
  [34mUnused type args: [org.apache.hc.client5.http.entity.mime.MinimalField @ httpclient5/src/main/java/org/apache/hc/client5/http/entity/mime/Header.java:88:20][0m
  [34mUnused type args: [java.lang.String, java.util.List][0m
  [34mUnused type args: [org.apache.hc.client5.http.entity.mime.MinimalField][0m
  [34mUnused type args: [org.apache.hc.client5.http.entity.mime.MinimalField][0m
  [34mUnused type args: [org.apache.hc.client5.http.entity.mime.MinimalField][0m
  [34mUnused type args: [org.apache.hc.client5.http.entity.mime.MinimalField][0m
  [34mUnused type args: [org.apache.hc.client5.http.entity.mime.MinimalField][0m
  [34mUnused type args: [org.apache.hc.client5.http.entity.mime.MinimalField][0m
  [34mIgnoring implicit executable reference: (CtExecutableReferenceImpl) <init>[0m
  [34mUnused type args: [org.apache.hc.client5.http.entity.mime.MinimalField][0m
  [34mUnused type args: [?][0m
  [34mUnused type args: [org.apache.hc.client5.http.entity.mime.MinimalField][0m
  [34mUnused type args: [java.lang.String][0m
  [34mIgnoring implicit executable reference: (CtExecutableReferenceImpl) <init>[0m
  [34mUnused type args: [java.io.OutputStream][0m
  [34mIgnoring implicit executable reference: (CtExecutableReferenceImpl) <init>[0m
  [34mUnused type args: [java.lang.String][0m
  [34mIgnoring implicit executable reference: (CtExecutableReferenceImpl) <init>[0m
  [34mIgnoring implicit executable reference: (CtExecutableReferenceImpl) <init>[0m
  [34mIgnoring implicit executable reference: (CtExecutableReferenceImpl) <init>[0m
  [34mIgnoring implicit executable reference: (CtExecutableReferenceImpl) <init>[0m
  [34mIgnoring implicit executable reference: (CtExecutableReferenceImpl) <init>[0m
  [34mUnused type args: [org.apache.hc.client5.http.entity.mime.MinimalField @ httpclient5/src/main/java/org/apache/hc/client5/http/entity/mime/Header.java:76:20][0m
  [34mUnused type args: [java.lang.String, java.util.List][0m
  [34mUnused type args: [org.apache.hc.client5.http.entity.mime.MinimalField][0m
  [34mUnused type args: [org.apache.hc.client5.http.entity.mime.MinimalField][0m
  [34mUnused type args: [org.apache.hc.client5.http.entity.mime.MinimalField][0m
  [34mUnused type args: [org.apache.hc.client5.http.entity.mime.MinimalField][0m
  [34mUnused type args: [org.apache.hc.client5.http.entity.mime.MinimalField][0m
  [34mUnused type args: [java.io.OutputStream][0m
  [34mIgnoring implicit executable reference: (CtExecutableReferenceImpl) <init>[0m
  [34mIgnoring implicit executable reference: (CtExecutableReferenceImpl) <init>[0m
  [34mIgnoring implicit executable reference: (CtExecutableReferenceImpl) <init>[0m
  [34mUnused type args: [org.apache.hc.client5.http.entity.mime.FormBodyPart][0m
  [34mUnused type args: [org.apache.hc.client5.http.entity.mime.FormBodyPart][0m
  [34mUnused type args: [org.apache.hc.client5.http.entity.mime.FormBodyPart][0m
  [34mIgnoring implicit executable reference: (CtExecutableReferenceImpl) <init>[0m
  [34mIgnoring implicit executable reference: (CtExecutableReferenceImpl) <init>[0m
  [34mUnused type args: [org.apache.hc.client5.http.entity.mime.MinimalField][0m
  [34mUnused type args: [?][0m
  [34mUnused type args: [org.apache.hc.client5.http.entity.mime.MinimalField][0m
  [34mIgnoring implicit executable reference: (CtExecutableReferenceImpl) <init>[0m
  [34mIgnoring implicit executable reference: (CtExecutableReferenceImpl) <init>[0m
  [34mUnused type args: [org.apache.hc.core5.http.ContentType][0m
  [34mIgnoring implicit executable reference: (CtExecutableReferenceImpl) <init>[0m
  [34mIgnoring implicit executable reference: (CtExecutableReferenceImpl) <init>[0m
  [34mIgnoring implicit executable reference: (CtExecutableReferenceImpl) <init>[0m
  [34mIgnoring implicit executable reference: (CtExecutableReferenceImpl) <init>[0m
  [34mUnused type args: [java.lang.String][0m
  [34mIgnoring implicit executable reference: (CtExecutableReferenceImpl) <init>[0m
  [34mUnused type args: [java.lang.String][0m
  [34mIgnoring implicit executable reference: (CtExecutableReferenceImpl) <init>[0m
  [34mIgnoring implicit executable reference: (CtExecutableReferenceImpl) <init>[0m
  [34mIgnoring implicit executable reference: (CtExecutableReferenceImpl) <init>[0m
  [34mIgnoring implicit executable reference: (CtExecutableReferenceImpl) <init>[0m
  [34mIgnoring implicit executable reference: (CtExecutableReferenceImpl) <init>[0m
  [34mIgnoring implicit executable reference: (CtExecutableReferenceImpl) <init>[0m
  [34mIgnoring implicit executable reference: (CtExecutableReferenceImpl) <init>[0m
  [34mUnused type args: [org.apache.hc.client5.http.entity.mime.MinimalField][0m
  [34mUnused type args: [org.apache.hc.client5.http.entity.mime.MinimalField][0m
  [34mIgnoring implicit executable reference: (CtExecutableReferenceImpl) <init>[0m
  [34mUnused type args: [org.apache.hc.client5.http.entity.mime.MinimalField][0m
  [34mUnused type args: [java.lang.String, java.util.List][0m
  [34mUnused type args: [org.apache.hc.client5.http.entity.mime.MinimalField][0m
  [34mUnused type args: [java.lang.String, java.util.List][0m
  [34mUnused type args: [org.apache.hc.client5.http.entity.mime.MinimalField][0m
  [34mIgnoring implicit executable reference: (CtExecutableReferenceImpl) <init>[0m
  [34mUnused type args: [java.lang.String, java.util.List][0m
  [34mUnused type args: [org.apache.hc.client5.http.entity.mime.MinimalField][0m
  [34mIgnoring implicit executable reference: (CtExecutableReferenceImpl) <init>[0m
  [34mIgnoring implicit executable reference: (CtExecutableReferenceImpl) <init>[0m
  [34mIgnoring implicit executable reference: (CtExecutableReferenceImpl) <init>[0m
  [34mIgnoring implicit executable reference: (CtExecutableReferenceImpl) <init>[0m
  [34mUnused type args: [org.apache.hc.client5.http.entity.mime.FormBodyPart][0m
  [34mUnused type args: [org.apache.hc.client5.http.entity.mime.FormBodyPart][0m
  [34mUnused type args: [org.apache.hc.client5.http.entity.mime.FormBodyPart][0m
  [34mIgnoring implicit executable reference: (CtExecutableReferenceImpl) <init>[0m
  [34mIgnoring implicit executable reference: (CtExecutableReferenceImpl) <init>[0m
  [34mUnused type args: [org.apache.hc.client5.http.entity.mime.FormBodyPart][0m
  [34mskipping default constructor: org.apache.hc.client5.http.ssl.NoopHostnameVerifier()[0m
  [34mskipping default constructor: org.apache.hc.client5.http.ssl.TrustAllStrategy()[0m
  [34mskipping default constructor: org.apache.hc.client5.http.ssl.TrustSelfSignedStrategy()[0m
  [34mIgnoring implicit executable reference: (CtExecutableReferenceImpl) <init>[0m
  [34mIgnoring implicit executable reference: (CtExecutableReferenceImpl) <init>[0m
  getting parent type for (CtClassImpl) InternalConnectionEndpoint @ httpclient5/src/main/java/org/apache/hc/client5/http/impl/io/BasicHttpClientConnectionManager.java:371:11
  [34mUnused type args: [org.apache.hc.client5.http.io.ManagedHttpClientConnection][0m
  [34mUnused type args: [org.apache.hc.core5.http.ClassicHttpRequest][0m
  [34mUnused type args: [org.apache.hc.core5.http.impl.io.HttpRequestExecutor][0m
  [34mUnused type args: [org.apache.hc.client5.http.socket.ConnectionSocketFactory @ httpclient5/src/main/java/org/apache/hc/client5/http/impl/io/BasicHttpClientConnectionManager.java:108:33][0m
  [34mUnused type args: [org.apache.hc.client5.http.socket.ConnectionSocketFactory][0m
  [34mUnused type args: [org.apache.hc.client5.http.socket.ConnectionSocketFactory][0m
  [34mUnused type args: [org.apache.hc.client5.http.socket.ConnectionSocketFactory][0m
  [34mUnused type args: [org.apache.hc.client5.http.socket.ConnectionSocketFactory][0m
  [34mUnused type args: [org.apache.hc.client5.http.io.ManagedHttpClientConnection][0m
  [34mIgnoring implicit executable reference: (CtExecutableReferenceImpl) <init>[0m
  [34mUnused type args: [?][0m
  [34mUnused type args: [org.apache.hc.client5.http.io.ConnectionEndpoint][0m
  [34mUnused type args: [org.apache.hc.client5.http.HttpRoute][0m
  [34mUnused type args: [java.util.concurrent.TimeUnit][0m
  [34mIgnoring implicit executable reference: (CtExecutableReferenceImpl) <init>[0m
  [34mIgnoring implicit executable reference: (CtExecutableReferenceImpl) <init>[0m
  [34mUnused type args: [org.apache.hc.client5.http.io.ManagedHttpClientConnection][0m
  [34mUnused type args: [org.apache.hc.client5.http.io.ManagedHttpClientConnection][0m
  [34mIgnoring implicit executable reference: (CtExecutableReferenceImpl) <init>[0m
  [34mUnused type args: [org.apache.hc.client5.http.io.ManagedHttpClientConnection][0m
  [34mIgnoring implicit executable reference: (CtExecutableReferenceImpl) <init>[0m
  [34mIgnoring implicit executable reference: (CtExecutableReferenceImpl) <init>[0m
  [34mUnused type args: [org.apache.hc.client5.http.socket.ConnectionSocketFactory][0m
  [34mUnused type args: [org.apache.hc.client5.http.io.ManagedHttpClientConnection][0m
  [34mUnused type args: [org.apache.hc.client5.http.socket.ConnectionSocketFactory][0m
  [34mUnused type args: [org.apache.hc.client5.http.io.ConnectionEndpoint][0m
  [34mUnused type args: [org.apache.hc.client5.http.io.ConnectionEndpoint][0m
  [34mIgnoring anonymous type: (CtTypeReferenceImpl) org.apache.hc.client5.http.impl.io.BasicHttpClientConnectionManager$1[0m
  [34mIgnoring implicit executable reference: (CtExecutableReferenceImpl) <init>[0m
  [34mIgnoring anonymous type: (CtTypeReferenceImpl) org.apache.hc.client5.http.impl.io.BasicHttpClientConnectionManager$1[0m
  [34mIgnoring anonymous object declaration: (CtClassImpl) 1 @ httpclient5/src/main/java/org/apache/hc/client5/http/impl/io/BasicHttpClientConnectionManager.java:186:35[0m
  [34mIgnoring implicit executable reference: (CtExecutableReferenceImpl) <init>[0m
  [34mIgnoring implicit executable reference: (CtExecutableReferenceImpl) <init>[0m
  [34mIgnoring method of an anonymous declaring type: (CtMethodImpl) get @ httpclient5/src/main/java/org/apache/hc/client5/http/impl/io/BasicHttpClientConnectionManager.java:189:39 in (CtClassImpl) 1 @ httpclient5/src/main/java/org/apache/hc/client5/http/impl/io/BasicHttpClientConnectionManager.java:186:35[0m
  [34mIgnoring implicit executable reference: (CtExecutableReferenceImpl) <init>[0m
  [34mIgnoring implicit executable reference: (CtExecutableReferenceImpl) <init>[0m
  [34mIgnoring method of an anonymous declaring type: (CtMethodImpl) cancel @ httpclient5/src/main/java/org/apache/hc/client5/http/impl/io/BasicHttpClientConnectionManager.java:200:28 in (CtClassImpl) 1 @ httpclient5/src/main/java/org/apache/hc/client5/http/impl/io/BasicHttpClientConnectionManager.java:186:35[0m
  [34mIgnoring implicit executable reference: (CtExecutableReferenceImpl) <init>[0m
  [34mIgnoring implicit executable reference: (CtExecutableReferenceImpl) <init>[0m
  [34mUnused type args: [org.apache.hc.client5.http.socket.ConnectionSocketFactory][0m
  [34mUnused type args: [org.apache.hc.client5.http.io.ManagedHttpClientConnection][0m
  [34mUnused type args: [org.apache.hc.client5.http.socket.ConnectionSocketFactory][0m
  [34mIgnoring implicit executable reference: (CtExecutableReferenceImpl) <init>[0m
  [34mIgnoring implicit executable reference: (CtExecutableReferenceImpl) <init>[0m
  [34mUnused type args: [org.apache.hc.client5.http.socket.ConnectionSocketFactory][0m
  [34mUnused type args: [org.apache.hc.client5.http.io.ManagedHttpClientConnection][0m
  [34mUnused type args: [org.apache.hc.client5.http.socket.ConnectionSocketFactory][0m
  [34mUnused type args: [org.apache.hc.client5.http.io.ManagedHttpClientConnection][0m
  [34mIgnoring implicit executable reference: (CtExecutableReferenceImpl) <init>[0m
  [34mUnused type args: [org.apache.hc.client5.http.io.ManagedHttpClientConnection][0m
  [34mIgnoring implicit executable reference: (CtExecutableReferenceImpl) <init>[0m
  [34mIgnoring implicit executable reference: (CtExecutableReferenceImpl) <init>[0m
  [34mIgnoring implicit executable reference: (CtExecutableReferenceImpl) <init>[0m
  [34mUnused type args: [org.apache.hc.client5.http.io.HttpClientConnectionOperator][0m
  [34mUnused type args: [org.apache.hc.client5.http.io.ManagedHttpClientConnection][0m
  [34mUnused type args: [org.apache.hc.client5.http.io.ManagedHttpClientConnection][0m
  [34mUnused type args: [org.apache.hc.client5.http.io.ManagedHttpClientConnection][0m
  [34mUnused type args: [org.apache.hc.client5.http.io.ManagedHttpClientConnection][0m
  [34mUnused type args: [org.apache.hc.client5.http.io.ManagedHttpClientConnection][0m
  [34mIgnoring implicit executable reference: (CtExecutableReferenceImpl) <init>[0m
  [34mIgnoring implicit executable reference: (CtExecutableReferenceImpl) <init>[0m
  [34mIgnoring implicit executable reference: (CtExecutableReferenceImpl) <init>[0m
  [34mUnused type args: [org.apache.hc.client5.http.io.ManagedHttpClientConnection][0m
  [34mIgnoring implicit executable reference: (CtExecutableReferenceImpl) <init>[0m
  [34mUnused type args: [org.apache.hc.client5.http.socket.ConnectionSocketFactory][0m
  [34mUnused type args: [org.apache.hc.client5.http.socket.ConnectionSocketFactory][0m
  [34mUnused type args: [org.apache.hc.client5.http.io.ManagedHttpClientConnection][0m
  [34mIgnoring implicit executable reference: (CtExecutableReferenceImpl) <init>[0m
  [34mIgnoring implicit executable reference: (CtExecutableReferenceImpl) <init>[0m
  [34mUnused type args: [org.apache.hc.core5.http.NameValuePair][0m
  [34mUnused type args: [org.apache.hc.core5.http.NameValuePair][0m
  [34mIgnoring implicit executable reference: (CtExecutableReferenceImpl) <init>[0m
  [34mIgnoring implicit executable reference: (CtExecutableReferenceImpl) <init>[0m
  [34mIgnoring implicit executable reference: (CtExecutableReferenceImpl) <init>[0m
  [34mIgnoring implicit executable reference: (CtExecutableReferenceImpl) <init>[0m
  [34mIgnoring implicit executable reference: (CtExecutableReferenceImpl) <init>[0m
  [34mIgnoring implicit executable reference: (CtExecutableReferenceImpl) <init>[0m
  [34mIgnoring implicit executable reference: (CtExecutableReferenceImpl) <init>[0m
  [34mIgnoring implicit executable reference: (CtExecutableReferenceImpl) <init>[0m
  [34mUnused type args: [org.apache.hc.core5.http.NameValuePair][0m
  [34mIgnoring implicit executable reference: (CtExecutableReferenceImpl) <init>[0m
  [34mUnused type args: [?][0m
  [34mUnused type args: [org.apache.hc.core5.http.NameValuePair][0m
  [34mIgnoring implicit executable reference: (CtExecutableReferenceImpl) <init>[0m
  [34mIgnoring implicit executable reference: (CtExecutableReferenceImpl) <init>[0m
  [34mIgnoring implicit executable reference: (CtExecutableReferenceImpl) <init>[0m
  [34mIgnoring implicit executable reference: (CtExecutableReferenceImpl) <init>[0m
  [34mIgnoring implicit executable reference: (CtExecutableReferenceImpl) <init>[0m
  [34mUnused type args: [org.apache.hc.core5.http.NameValuePair][0m
  [34mUnused type args: [org.apache.hc.core5.http.NameValuePair][0m
  [34mUnused type args: [org.apache.hc.core5.http.NameValuePair][0m
  [34mUnused type args: [org.apache.hc.core5.http.NameValuePair][0m
  [34mUnused type args: [org.apache.hc.core5.http.NameValuePair][0m
  [34mUnused type args: [org.apache.hc.core5.http.NameValuePair][0m
  [34mUnused type args: [java.io.OutputStream][0m
  [34mIgnoring implicit executable reference: (CtExecutableReferenceImpl) <init>[0m
  [34mUnused type args: [org.apache.hc.core5.http.NameValuePair][0m
  [34mIgnoring implicit executable reference: (CtExecutableReferenceImpl) <init>[0m
  [34mIgnoring implicit executable reference: (CtExecutableReferenceImpl) <init>[0m
  [34mskipping default constructor: org.apache.hc.client5.http.impl.cache.DefaultHttpCacheEntrySerializer()[0m
  [34mIgnoring implicit executable reference: (CtExecutableReferenceImpl) <init>[0m
  [34mIgnoring implicit executable reference: (CtExecutableReferenceImpl) <init>[0m
  [34mUnused type args: [org.apache.hc.client5.http.impl.cache.AsynchronousValidationRequest][0m
  Pending package java.util.concurrent
  [34mUnused type args: [?][0m
  [34mIgnoring implicit executable reference: (CtExecutableReferenceImpl) <init>[0m
  [34mIgnoring implicit executable reference: (CtExecutableReferenceImpl) <init>[0m
  [34mUnused type args: [java.util.concurrent.ScheduledExecutorService][0m
  [34mIgnoring implicit executable reference: (CtExecutableReferenceImpl) <init>[0m
  [34mIgnoring implicit executable reference: (CtExecutableReferenceImpl) <init>[0m
  [34mIgnoring implicit executable reference: (CtExecutableReferenceImpl) <init>[0m
  [34mIgnoring implicit executable reference: (CtExecutableReferenceImpl) <init>[0m
  [34mIgnoring implicit executable reference: (CtExecutableReferenceImpl) <init>[0m
  [34mIgnoring implicit executable reference: (CtExecutableReferenceImpl) <init>[0m
  [34mIgnoring implicit executable reference: (CtExecutableReferenceImpl) <init>[0m
  [34mIgnoring implicit executable reference: (CtExecutableReferenceImpl) <init>[0m
  [34mIgnoring implicit executable reference: (CtExecutableReferenceImpl) <init>[0m
  [34mIgnoring implicit executable reference: (CtExecutableReferenceImpl) <init>[0m
  [34mIgnoring implicit executable reference: (CtExecutableReferenceImpl) <init>[0m
  [34mIgnoring implicit executable reference: (CtExecutableReferenceImpl) <init>[0m
  getting parent type for (CtClassImpl) HostMatcherFactory @ httpclient5-osgi/src/main/java/org/apache/hc/client5/http/osgi/impl/HostMatcher.java:47:25
  [34mskipping default constructor: org.apache.hc.client5.http.osgi.impl.HostMatcher$HostMatcherFactory()[0m
  getting parent type for (CtClassImpl) HostNameMatcher @ httpclient5-osgi/src/main/java/org/apache/hc/client5/http/osgi/impl/HostMatcher.java:64:25
  getting parent type for (CtClassImpl) DomainNameMatcher @ httpclient5-osgi/src/main/java/org/apache/hc/client5/http/osgi/impl/HostMatcher.java:78:25
  getting parent type for (CtClassImpl) NetworkAddress @ httpclient5-osgi/src/main/java/org/apache/hc/client5/http/osgi/impl/HostMatcher.java:108:25
  getting parent type for (CtClassImpl) IPAddressMatcher @ httpclient5-osgi/src/main/java/org/apache/hc/client5/http/osgi/impl/HostMatcher.java:92:25
  [31mType description did not have a declaration but was not labelled a anonymous: (CtTypeReferenceImpl) org.osgi.framework.ServiceRegistration @ httpclient5-osgi/src/main/java/org/apache/hc/client5/http/osgi/impl/HttpProxyConfigurationActivator.java:72:13[0m
  [34mfield (CtFieldImpl) configurator @ httpclient5-osgi/src/main/java/org/apache/hc/client5/http/osgi/impl/HttpProxyConfigurationActivator.java:72:56 had a null type. The type likely was an attribute, external dependency, or some other type not handled by the abstractor so using anyDesc.[0m
  [31mType description did not have a declaration but was not labelled a anonymous: (CtTypeReferenceImpl) org.osgi.framework.ServiceRegistration @ httpclient5-osgi/src/main/java/org/apache/hc/client5/http/osgi/impl/HttpProxyConfigurationActivator.java:74:13[0m
  [34mfield (CtFieldImpl) trustedHostConfiguration @ httpclient5-osgi/src/main/java/org/apache/hc/client5/http/osgi/impl/HttpProxyConfigurationActivator.java:74:49 had a null type. The type likely was an attribute, external dependency, or some other type not handled by the abstractor so using anyDesc.[0m
  [31mType description did not have a declaration but was not labelled a anonymous: (CtTypeReferenceImpl) org.osgi.framework.ServiceRegistration @ httpclient5-osgi/src/main/java/org/apache/hc/client5/http/osgi/impl/HttpProxyConfigurationActivator.java:76:13[0m
  [34mfield (CtFieldImpl) clientFactory @ httpclient5-osgi/src/main/java/org/apache/hc/client5/http/osgi/impl/HttpProxyConfigurationActivator.java:76:59 had a null type. The type likely was an attribute, external dependency, or some other type not handled by the abstractor so using anyDesc.[0m
  [31mType description did not have a declaration but was not labelled a anonymous: (CtTypeReferenceImpl) org.osgi.framework.ServiceRegistration @ httpclient5-osgi/src/main/java/org/apache/hc/client5/http/osgi/impl/HttpProxyConfigurationActivator.java:78:13[0m
  [34mfield (CtFieldImpl) cachingClientFactory @ httpclient5-osgi/src/main/java/org/apache/hc/client5/http/osgi/impl/HttpProxyConfigurationActivator.java:78:66 had a null type. The type likely was an attribute, external dependency, or some other type not handled by the abstractor so using anyDesc.[0m
  [31mType description did not have a declaration but was not labelled a anonymous: (CtTypeReferenceImpl) org.osgi.framework.BundleContext @ httpclient5-osgi/src/main/java/org/apache/hc/client5/http/osgi/impl/HttpProxyConfigurationActivator.java:80:13[0m
  [34mfield (CtFieldImpl) context @ httpclient5-osgi/src/main/java/org/apache/hc/client5/http/osgi/impl/HttpProxyConfigurationActivator.java:80:27 had a null type. The type likely was an attribute, external dependency, or some other type not handled by the abstractor so using anyDesc.[0m
  [31mType description did not have a declaration but was not labelled a anonymous: (CtTypeReferenceImpl) org.osgi.framework.ServiceRegistration @ httpclient5-osgi/src/main/java/org/apache/hc/client5/http/osgi/impl/HttpProxyConfigurationActivator.java:82:31[0m
[34mFinished process pending packages (25.909078s)[0m
Exception in thread "main" java.lang.Exception: Error while processing package org.apache.hc.client5.http.osgi.impl: {
  elem: org.apache.hc.client5.http.osgi.impl,
}
	at abstractor.core.constructs.Factory.create(Factory.java:132)
	at abstractor.core.constructs.Factory.create(Factory.java:139)
	at abstractor.core.Abstractor.processPackage(Abstractor.java:1351)
	at abstractor.core.Abstractor.processPendingPackages(Abstractor.java:1345)
	at abstractor.core.Abstractor.lambda$performAbstraction$40(Abstractor.java:1332)
	at abstractor.core.log.Logger.measure(Logger.java:123)
	at abstractor.core.Abstractor.performAbstraction(Abstractor.java:1332)
	at abstractor.app.App.run(App.java:26)
	at abstractor.app.App.main(App.java:17)
Caused by: java.lang.Exception: Error while processing object decl (CtClassImpl) HttpProxyConfigurationActivator @ httpclient5-osgi/src/main/java/org/apache/hc/client5/http/osgi/impl/HttpProxyConfigurationActivator.java:54:20: {
  elem: "(CtClassImpl) HttpProxyConfigurationActivator @ httpclient5-osgi/src/main/java/org/apache/hc/client5/http/osgi/impl/HttpProxyConfigurationActivator.java:54:20",
}
	at abstractor.core.constructs.Factory.create(Factory.java:132)
	at abstractor.core.constructs.Factory.create(Factory.java:139)
	at abstractor.core.Abstractor.addObjectDecl(Abstractor.java:985)
	at abstractor.core.Abstractor.addDeclaration(Abstractor.java:176)
	at abstractor.core.Abstractor.lambda$processPackage$48(Abstractor.java:1360)
	at abstractor.core.constructs.Factory.create(Factory.java:127)
	... 8 more
Caused by: java.lang.Exception: Error while processing struct (CtClassImpl) HttpProxyConfigurationActivator @ httpclient5-osgi/src/main/java/org/apache/hc/client5/http/osgi/impl/HttpProxyConfigurationActivator.java:54:20: {
  elem: "(CtClassImpl) HttpProxyConfigurationActivator @ httpclient5-osgi/src/main/java/org/apache/hc/client5/http/osgi/impl/HttpProxyConfigurationActivator.java:54:20",
}
	at abstractor.core.constructs.Factory.create(Factory.java:132)
	at abstractor.core.constructs.Factory.create(Factory.java:143)
	at abstractor.core.Abstractor.addStructDesc(Abstractor.java:757)
	at abstractor.core.Abstractor.lambda$addObjectDecl$32(Abstractor.java:991)
	at abstractor.core.constructs.Factory.lambda$create$0(Factory.java:139)
	at abstractor.core.constructs.Factory.create(Factory.java:109)
	... 13 more
Caused by: java.lang.Exception: Error while processing field (CtFieldImpl) registeredConfigurations @ httpclient5-osgi/src/main/java/org/apache/hc/client5/http/osgi/impl/HttpProxyConfigurationActivator.java:82:72: {
  elem: "(CtFieldImpl) registeredConfigurations @ httpclient5-osgi/src/main/java/org/apache/hc/client5/http/osgi/impl/HttpProxyConfigurationActivator.java:82:72",
}
	at abstractor.core.constructs.Factory.create(Factory.java:132)
	at abstractor.core.constructs.Factory.create(Factory.java:139)
	at abstractor.core.Abstractor.addField(Abstractor.java:796)
	at abstractor.core.Abstractor.addField(Abstractor.java:791)
	at abstractor.core.Abstractor.lambda$addStructDesc$23(Abstractor.java:768)
	at abstractor.core.constructs.Factory.create(Factory.java:109)
	... 18 more
Caused by: abstractor.core.AbstractorException: can not have a null the argument in an instantiator frame
	at abstractor.core.require.Require.fail(Require.java:19)
	at abstractor.core.require.Require.require(Require.java:24)
	at abstractor.core.require.Require.notNull(Require.java:59)
	at abstractor.core.tools.Instantiator.add(Instantiator.java:139)
	at abstractor.core.Abstractor.addInterfaceInst(Abstractor.java:266)
	at abstractor.core.Abstractor.addTypeDesc(Abstractor.java:1230)
	at abstractor.core.Abstractor.lambda$addField$24(Abstractor.java:800)
	at abstractor.core.constructs.Factory.lambda$create$0(Factory.java:139)
	at abstractor.core.constructs.Factory.create(Factory.java:109)
	... 23 more
