"Problem","Package","File","Priority","Line","Description","Rule set","Rule"
"1","org.apache.commons.cli","/Users/grantnelson/go/src/github.com/apache/commons-cli/src/main/java/org/apache/commons/cli/AlreadySelectedException.java","3","26","A value of 2 may denote a high amount of coupling within the class (threshold: 1)","Design","CouplingBetweenObjects"
"2","org.apache.commons.cli","/Users/grantnelson/go/src/github.com/apache/commons-cli/src/main/java/org/apache/commons/cli/AlreadySelectedException.java","3","26","The class 'AlreadySelectedException' has a NCSS line count of 14 (Highest = 4).","Design","NcssCount"
"3","org.apache.commons.cli","/Users/grantnelson/go/src/github.com/apache/commons-cli/src/main/java/org/apache/commons/cli/AlreadySelectedException.java","3","26","The class 'AlreadySelectedException' has a total cyclomatic complexity of 4 (highest 1).","Design","CyclomaticComplexity"
"4","org.apache.commons.cli","/Users/grantnelson/go/src/github.com/apache/commons-cli/src/main/java/org/apache/commons/cli/AlreadySelectedException.java","3","26","This class has 4 public methods and attributes; current threshold is 1.","Design","ExcessivePublicCount"
"5","org.apache.commons.cli","/Users/grantnelson/go/src/github.com/apache/commons-cli/src/main/java/org/apache/commons/cli/AlreadySelectedException.java","3","45","The constructor 'AlreadySelectedException(String)' has a NCSS line count of 2.","Design","NcssCount"
"6","org.apache.commons.cli","/Users/grantnelson/go/src/github.com/apache/commons-cli/src/main/java/org/apache/commons/cli/AlreadySelectedException.java","3","45","The constructor 'AlreadySelectedException(String)' has a cyclomatic complexity of 1.","Design","CyclomaticComplexity"
"7","org.apache.commons.cli","/Users/grantnelson/go/src/github.com/apache/commons-cli/src/main/java/org/apache/commons/cli/AlreadySelectedException.java","3","45","The constructor 'AlreadySelectedException(String)' has an NPath complexity of 1, current threshold is 1","Design","NPathComplexity"
"8","org.apache.commons.cli","/Users/grantnelson/go/src/github.com/apache/commons-cli/src/main/java/org/apache/commons/cli/AlreadySelectedException.java","3","45","Avoid long parameter lists (1 parameters - threshold is 1).","Design","ExcessiveParameterList"
"9","org.apache.commons.cli","/Users/grantnelson/go/src/github.com/apache/commons-cli/src/main/java/org/apache/commons/cli/AlreadySelectedException.java","3","58","The constructor 'AlreadySelectedException(OptionGroup, Option)' has a NCSS line count of 4.","Design","NcssCount"
"10","org.apache.commons.cli","/Users/grantnelson/go/src/github.com/apache/commons-cli/src/main/java/org/apache/commons/cli/AlreadySelectedException.java","3","58","The constructor 'AlreadySelectedException(OptionGroup, Option)' has a cyclomatic complexity of 1.","Design","CyclomaticComplexity"
"11","org.apache.commons.cli","/Users/grantnelson/go/src/github.com/apache/commons-cli/src/main/java/org/apache/commons/cli/AlreadySelectedException.java","3","58","The constructor 'AlreadySelectedException(OptionGroup, Option)' has an NPath complexity of 1, current threshold is 1","Design","NPathComplexity"
"12","org.apache.commons.cli","/Users/grantnelson/go/src/github.com/apache/commons-cli/src/main/java/org/apache/commons/cli/AlreadySelectedException.java","3","58","Avoid long parameter lists (2 parameters - threshold is 1).","Design","ExcessiveParameterList"
"13","org.apache.commons.cli","/Users/grantnelson/go/src/github.com/apache/commons-cli/src/main/java/org/apache/commons/cli/AlreadySelectedException.java","3","72","The method 'getOptionGroup()' has a NCSS line count of 2.","Design","NcssCount"
"14","org.apache.commons.cli","/Users/grantnelson/go/src/github.com/apache/commons-cli/src/main/java/org/apache/commons/cli/AlreadySelectedException.java","3","72","The method 'getOptionGroup()' has a cyclomatic complexity of 1.","Design","CyclomaticComplexity"
"15","org.apache.commons.cli","/Users/grantnelson/go/src/github.com/apache/commons-cli/src/main/java/org/apache/commons/cli/AlreadySelectedException.java","3","72","The method 'getOptionGroup()' has an NPath complexity of 1, current threshold is 1","Design","NPathComplexity"
"16","org.apache.commons.cli","/Users/grantnelson/go/src/github.com/apache/commons-cli/src/main/java/org/apache/commons/cli/AlreadySelectedException.java","3","83","The method 'getOption()' has a NCSS line count of 2.","Design","NcssCount"
"17","org.apache.commons.cli","/Users/grantnelson/go/src/github.com/apache/commons-cli/src/main/java/org/apache/commons/cli/AlreadySelectedException.java","3","83","The method 'getOption()' has a cyclomatic complexity of 1.","Design","CyclomaticComplexity"
"18","org.apache.commons.cli","/Users/grantnelson/go/src/github.com/apache/commons-cli/src/main/java/org/apache/commons/cli/AlreadySelectedException.java","3","83","The method 'getOption()' has an NPath complexity of 1, current threshold is 1","Design","NPathComplexity"
"1","org.apache.commons.cli","/Users/grantnelson/go/src/github.com/apache/commons-cli/src/main/java/org/apache/commons/cli/AmbiguousOptionException.java","3","29","A value of 2 may denote a high amount of coupling within the class (threshold: 1)","Design","CouplingBetweenObjects"
"2","org.apache.commons.cli","/Users/grantnelson/go/src/github.com/apache/commons-cli/src/main/java/org/apache/commons/cli/AmbiguousOptionException.java","3","29","The class 'AmbiguousOptionException' has a NCSS line count of 21 (Highest = 13).","Design","NcssCount"
"3","org.apache.commons.cli","/Users/grantnelson/go/src/github.com/apache/commons-cli/src/main/java/org/apache/commons/cli/AmbiguousOptionException.java","3","29","The class 'AmbiguousOptionException' has a total cyclomatic complexity of 5 (highest 3).","Design","CyclomaticComplexity"
"4","org.apache.commons.cli","/Users/grantnelson/go/src/github.com/apache/commons-cli/src/main/java/org/apache/commons/cli/AmbiguousOptionException.java","3","29","This class has 2 public methods and attributes; current threshold is 1.","Design","ExcessivePublicCount"
"5","org.apache.commons.cli","/Users/grantnelson/go/src/github.com/apache/commons-cli/src/main/java/org/apache/commons/cli/AmbiguousOptionException.java","3","45","The constructor 'AmbiguousOptionException(String, Collection<String>)' has a NCSS line count of 3.","Design","NcssCount"
"6","org.apache.commons.cli","/Users/grantnelson/go/src/github.com/apache/commons-cli/src/main/java/org/apache/commons/cli/AmbiguousOptionException.java","3","45","The constructor 'AmbiguousOptionException(String, Collection<String>)' has a cyclomatic complexity of 1.","Design","CyclomaticComplexity"
"7","org.apache.commons.cli","/Users/grantnelson/go/src/github.com/apache/commons-cli/src/main/java/org/apache/commons/cli/AmbiguousOptionException.java","3","45","The constructor 'AmbiguousOptionException(String, Collection<String>)' has an NPath complexity of 1, current threshold is 1","Design","NPathComplexity"
"8","org.apache.commons.cli","/Users/grantnelson/go/src/github.com/apache/commons-cli/src/main/java/org/apache/commons/cli/AmbiguousOptionException.java","3","45","Avoid long parameter lists (2 parameters - threshold is 1).","Design","ExcessiveParameterList"
"9","org.apache.commons.cli","/Users/grantnelson/go/src/github.com/apache/commons-cli/src/main/java/org/apache/commons/cli/AmbiguousOptionException.java","3","55","The method 'getMatchingOptions()' has a NCSS line count of 2.","Design","NcssCount"
"10","org.apache.commons.cli","/Users/grantnelson/go/src/github.com/apache/commons-cli/src/main/java/org/apache/commons/cli/AmbiguousOptionException.java","3","55","The method 'getMatchingOptions()' has a cyclomatic complexity of 1.","Design","CyclomaticComplexity"
"11","org.apache.commons.cli","/Users/grantnelson/go/src/github.com/apache/commons-cli/src/main/java/org/apache/commons/cli/AmbiguousOptionException.java","3","55","The method 'getMatchingOptions()' has an NPath complexity of 1, current threshold is 1","Design","NPathComplexity"
"12","org.apache.commons.cli","/Users/grantnelson/go/src/github.com/apache/commons-cli/src/main/java/org/apache/commons/cli/AmbiguousOptionException.java","3","67","The method 'createMessage(String, Collection<String>)' has a NCSS line count of 13.","Design","NcssCount"
"13","org.apache.commons.cli","/Users/grantnelson/go/src/github.com/apache/commons-cli/src/main/java/org/apache/commons/cli/AmbiguousOptionException.java","3","67","The method 'createMessage(String, Collection<String>)' has a cognitive complexity of 3, current threshold is 1","Design","CognitiveComplexity"
"14","org.apache.commons.cli","/Users/grantnelson/go/src/github.com/apache/commons-cli/src/main/java/org/apache/commons/cli/AmbiguousOptionException.java","3","67","The method 'createMessage(String, Collection<String>)' has a cyclomatic complexity of 3.","Design","CyclomaticComplexity"
"15","org.apache.commons.cli","/Users/grantnelson/go/src/github.com/apache/commons-cli/src/main/java/org/apache/commons/cli/AmbiguousOptionException.java","3","67","The method 'createMessage(String, Collection<String>)' has an NPath complexity of 3, current threshold is 1","Design","NPathComplexity"
"16","org.apache.commons.cli","/Users/grantnelson/go/src/github.com/apache/commons-cli/src/main/java/org/apache/commons/cli/AmbiguousOptionException.java","3","67","Avoid long parameter lists (2 parameters - threshold is 1).","Design","ExcessiveParameterList"
"1","org.apache.commons.cli","/Users/grantnelson/go/src/github.com/apache/commons-cli/src/main/java/org/apache/commons/cli/BasicParser.java","3","28","The class 'BasicParser' has a NCSS line count of 3 (Highest = 2).","Design","NcssCount"
"2","org.apache.commons.cli","/Users/grantnelson/go/src/github.com/apache/commons-cli/src/main/java/org/apache/commons/cli/BasicParser.java","3","28","The class 'BasicParser' has a total cyclomatic complexity of 1 (highest 1).","Design","CyclomaticComplexity"
"3","org.apache.commons.cli","/Users/grantnelson/go/src/github.com/apache/commons-cli/src/main/java/org/apache/commons/cli/BasicParser.java","3","44","The method 'flatten(Options, String[], boolean)' has a NCSS line count of 2.","Design","NcssCount"
"4","org.apache.commons.cli","/Users/grantnelson/go/src/github.com/apache/commons-cli/src/main/java/org/apache/commons/cli/BasicParser.java","3","44","The method 'flatten(Options, String[], boolean)' has a cyclomatic complexity of 1.","Design","CyclomaticComplexity"
"5","org.apache.commons.cli","/Users/grantnelson/go/src/github.com/apache/commons-cli/src/main/java/org/apache/commons/cli/BasicParser.java","3","44","The method 'flatten(Options, String[], boolean)' has an NPath complexity of 1, current threshold is 1","Design","NPathComplexity"
"6","org.apache.commons.cli","/Users/grantnelson/go/src/github.com/apache/commons-cli/src/main/java/org/apache/commons/cli/BasicParser.java","3","44","Avoid long parameter lists (3 parameters - threshold is 1).","Design","ExcessiveParameterList"
"1","org.apache.commons.cli","/Users/grantnelson/go/src/github.com/apache/commons-cli/src/main/java/org/apache/commons/cli/CommandLine.java","3","40","A value of 7 may denote a high amount of coupling within the class (threshold: 1)","Design","CouplingBetweenObjects"
"2","org.apache.commons.cli","/Users/grantnelson/go/src/github.com/apache/commons-cli/src/main/java/org/apache/commons/cli/CommandLine.java","3","40","Possible God Class (WMC=48, ATFD=10, TCC=9.538%)","Design","GodClass"
"3","org.apache.commons.cli","/Users/grantnelson/go/src/github.com/apache/commons-cli/src/main/java/org/apache/commons/cli/CommandLine.java","3","40","The class 'CommandLine' has a NCSS line count of 111 (Highest = 11).","Design","NcssCount"
"4","org.apache.commons.cli","/Users/grantnelson/go/src/github.com/apache/commons-cli/src/main/java/org/apache/commons/cli/CommandLine.java","3","40","The class 'CommandLine' has a total cyclomatic complexity of 48 (highest 6).","Design","CyclomaticComplexity"
"5","org.apache.commons.cli","/Users/grantnelson/go/src/github.com/apache/commons-cli/src/main/java/org/apache/commons/cli/CommandLine.java","3","40","This class has 24 public methods and attributes; current threshold is 1.","Design","ExcessivePublicCount"
"6","org.apache.commons.cli","/Users/grantnelson/go/src/github.com/apache/commons-cli/src/main/java/org/apache/commons/cli/CommandLine.java","3","54","The constructor 'CommandLine()' has a NCSS line count of 1.","Design","NcssCount"
"7","org.apache.commons.cli","/Users/grantnelson/go/src/github.com/apache/commons-cli/src/main/java/org/apache/commons/cli/CommandLine.java","3","54","The constructor 'CommandLine()' has a cyclomatic complexity of 1.","Design","CyclomaticComplexity"
"8","org.apache.commons.cli","/Users/grantnelson/go/src/github.com/apache/commons-cli/src/main/java/org/apache/commons/cli/CommandLine.java","3","54","The constructor 'CommandLine()' has an NPath complexity of 1, current threshold is 1","Design","NPathComplexity"
"9","org.apache.commons.cli","/Users/grantnelson/go/src/github.com/apache/commons-cli/src/main/java/org/apache/commons/cli/CommandLine.java","3","66","The method 'hasOption(Option)' has a NCSS line count of 2.","Design","NcssCount"
"10","org.apache.commons.cli","/Users/grantnelson/go/src/github.com/apache/commons-cli/src/main/java/org/apache/commons/cli/CommandLine.java","3","66","The method 'hasOption(Option)' has a cyclomatic complexity of 1.","Design","CyclomaticComplexity"
"11","org.apache.commons.cli","/Users/grantnelson/go/src/github.com/apache/commons-cli/src/main/java/org/apache/commons/cli/CommandLine.java","3","66","The method 'hasOption(Option)' has an NPath complexity of 1, current threshold is 1","Design","NPathComplexity"
"12","org.apache.commons.cli","/Users/grantnelson/go/src/github.com/apache/commons-cli/src/main/java/org/apache/commons/cli/CommandLine.java","3","66","Avoid long parameter lists (1 parameters - threshold is 1).","Design","ExcessiveParameterList"
"13","org.apache.commons.cli","/Users/grantnelson/go/src/github.com/apache/commons-cli/src/main/java/org/apache/commons/cli/CommandLine.java","3","77","The method 'hasOption(String)' has a NCSS line count of 2.","Design","NcssCount"
"14","org.apache.commons.cli","/Users/grantnelson/go/src/github.com/apache/commons-cli/src/main/java/org/apache/commons/cli/CommandLine.java","3","77","The method 'hasOption(String)' has a cyclomatic complexity of 1.","Design","CyclomaticComplexity"
"15","org.apache.commons.cli","/Users/grantnelson/go/src/github.com/apache/commons-cli/src/main/java/org/apache/commons/cli/CommandLine.java","3","77","The method 'hasOption(String)' has an NPath complexity of 1, current threshold is 1","Design","NPathComplexity"
"16","org.apache.commons.cli","/Users/grantnelson/go/src/github.com/apache/commons-cli/src/main/java/org/apache/commons/cli/CommandLine.java","3","77","Avoid long parameter lists (1 parameters - threshold is 1).","Design","ExcessiveParameterList"
"17","org.apache.commons.cli","/Users/grantnelson/go/src/github.com/apache/commons-cli/src/main/java/org/apache/commons/cli/CommandLine.java","3","88","The method 'hasOption(char)' has a NCSS line count of 2.","Design","NcssCount"
"18","org.apache.commons.cli","/Users/grantnelson/go/src/github.com/apache/commons-cli/src/main/java/org/apache/commons/cli/CommandLine.java","3","88","The method 'hasOption(char)' has a cyclomatic complexity of 1.","Design","CyclomaticComplexity"
"19","org.apache.commons.cli","/Users/grantnelson/go/src/github.com/apache/commons-cli/src/main/java/org/apache/commons/cli/CommandLine.java","3","88","The method 'hasOption(char)' has an NPath complexity of 1, current threshold is 1","Design","NPathComplexity"
"20","org.apache.commons.cli","/Users/grantnelson/go/src/github.com/apache/commons-cli/src/main/java/org/apache/commons/cli/CommandLine.java","3","88","Avoid long parameter lists (1 parameters - threshold is 1).","Design","ExcessiveParameterList"
"21","org.apache.commons.cli","/Users/grantnelson/go/src/github.com/apache/commons-cli/src/main/java/org/apache/commons/cli/CommandLine.java","3","101","The method 'getOptionObject(String)' has a NCSS line count of 5.","Design","NcssCount"
"22","org.apache.commons.cli","/Users/grantnelson/go/src/github.com/apache/commons-cli/src/main/java/org/apache/commons/cli/CommandLine.java","3","101","The method 'getOptionObject(String)' has a cognitive complexity of 1, current threshold is 1","Design","CognitiveComplexity"
"23","org.apache.commons.cli","/Users/grantnelson/go/src/github.com/apache/commons-cli/src/main/java/org/apache/commons/cli/CommandLine.java","3","101","The method 'getOptionObject(String)' has a cyclomatic complexity of 2.","Design","CyclomaticComplexity"
"24","org.apache.commons.cli","/Users/grantnelson/go/src/github.com/apache/commons-cli/src/main/java/org/apache/commons/cli/CommandLine.java","3","101","The method 'getOptionObject(String)' has an NPath complexity of 1, current threshold is 1","Design","NPathComplexity"
"25","org.apache.commons.cli","/Users/grantnelson/go/src/github.com/apache/commons-cli/src/main/java/org/apache/commons/cli/CommandLine.java","3","101","Avoid long parameter lists (1 parameters - threshold is 1).","Design","ExcessiveParameterList"
"26","org.apache.commons.cli","/Users/grantnelson/go/src/github.com/apache/commons-cli/src/main/java/org/apache/commons/cli/CommandLine.java","3","123","The method 'getParsedOptionValue(Option)' has a NCSS line count of 7.","Design","NcssCount"
"27","org.apache.commons.cli","/Users/grantnelson/go/src/github.com/apache/commons-cli/src/main/java/org/apache/commons/cli/CommandLine.java","3","123","The method 'getParsedOptionValue(Option)' has a cognitive complexity of 2, current threshold is 1","Design","CognitiveComplexity"
"28","org.apache.commons.cli","/Users/grantnelson/go/src/github.com/apache/commons-cli/src/main/java/org/apache/commons/cli/CommandLine.java","3","123","The method 'getParsedOptionValue(Option)' has a cyclomatic complexity of 3.","Design","CyclomaticComplexity"
"29","org.apache.commons.cli","/Users/grantnelson/go/src/github.com/apache/commons-cli/src/main/java/org/apache/commons/cli/CommandLine.java","3","123","The method 'getParsedOptionValue(Option)' has an NPath complexity of 3, current threshold is 1","Design","NPathComplexity"
"30","org.apache.commons.cli","/Users/grantnelson/go/src/github.com/apache/commons-cli/src/main/java/org/apache/commons/cli/CommandLine.java","3","123","Avoid long parameter lists (1 parameters - threshold is 1).","Design","ExcessiveParameterList"
"31","org.apache.commons.cli","/Users/grantnelson/go/src/github.com/apache/commons-cli/src/main/java/org/apache/commons/cli/CommandLine.java","3","146","The method 'getParsedOptionValue(String)' has a NCSS line count of 2.","Design","NcssCount"
"32","org.apache.commons.cli","/Users/grantnelson/go/src/github.com/apache/commons-cli/src/main/java/org/apache/commons/cli/CommandLine.java","3","146","The method 'getParsedOptionValue(String)' has a cyclomatic complexity of 1.","Design","CyclomaticComplexity"
"33","org.apache.commons.cli","/Users/grantnelson/go/src/github.com/apache/commons-cli/src/main/java/org/apache/commons/cli/CommandLine.java","3","146","The method 'getParsedOptionValue(String)' has an NPath complexity of 1, current threshold is 1","Design","NPathComplexity"
"34","org.apache.commons.cli","/Users/grantnelson/go/src/github.com/apache/commons-cli/src/main/java/org/apache/commons/cli/CommandLine.java","3","146","Avoid long parameter lists (1 parameters - threshold is 1).","Design","ExcessiveParameterList"
"35","org.apache.commons.cli","/Users/grantnelson/go/src/github.com/apache/commons-cli/src/main/java/org/apache/commons/cli/CommandLine.java","3","160","The method 'getParsedOptionValue(char)' has a NCSS line count of 2.","Design","NcssCount"
"36","org.apache.commons.cli","/Users/grantnelson/go/src/github.com/apache/commons-cli/src/main/java/org/apache/commons/cli/CommandLine.java","3","160","The method 'getParsedOptionValue(char)' has a cyclomatic complexity of 1.","Design","CyclomaticComplexity"
"37","org.apache.commons.cli","/Users/grantnelson/go/src/github.com/apache/commons-cli/src/main/java/org/apache/commons/cli/CommandLine.java","3","160","The method 'getParsedOptionValue(char)' has an NPath complexity of 1, current threshold is 1","Design","NPathComplexity"
"38","org.apache.commons.cli","/Users/grantnelson/go/src/github.com/apache/commons-cli/src/main/java/org/apache/commons/cli/CommandLine.java","3","160","Avoid long parameter lists (1 parameters - threshold is 1).","Design","ExcessiveParameterList"
"39","org.apache.commons.cli","/Users/grantnelson/go/src/github.com/apache/commons-cli/src/main/java/org/apache/commons/cli/CommandLine.java","3","172","The method 'getOptionObject(char)' has a NCSS line count of 2.","Design","NcssCount"
"40","org.apache.commons.cli","/Users/grantnelson/go/src/github.com/apache/commons-cli/src/main/java/org/apache/commons/cli/CommandLine.java","3","172","The method 'getOptionObject(char)' has a cyclomatic complexity of 1.","Design","CyclomaticComplexity"
"41","org.apache.commons.cli","/Users/grantnelson/go/src/github.com/apache/commons-cli/src/main/java/org/apache/commons/cli/CommandLine.java","3","172","The method 'getOptionObject(char)' has an NPath complexity of 1, current threshold is 1","Design","NPathComplexity"
"42","org.apache.commons.cli","/Users/grantnelson/go/src/github.com/apache/commons-cli/src/main/java/org/apache/commons/cli/CommandLine.java","3","172","Avoid long parameter lists (1 parameters - threshold is 1).","Design","ExcessiveParameterList"
"43","org.apache.commons.cli","/Users/grantnelson/go/src/github.com/apache/commons-cli/src/main/java/org/apache/commons/cli/CommandLine.java","3","185","The method 'getOptionValue(Option)' has a NCSS line count of 5.","Design","NcssCount"
"44","org.apache.commons.cli","/Users/grantnelson/go/src/github.com/apache/commons-cli/src/main/java/org/apache/commons/cli/CommandLine.java","3","185","The method 'getOptionValue(Option)' has a cognitive complexity of 2, current threshold is 1","Design","CognitiveComplexity"
"45","org.apache.commons.cli","/Users/grantnelson/go/src/github.com/apache/commons-cli/src/main/java/org/apache/commons/cli/CommandLine.java","3","185","The method 'getOptionValue(Option)' has a cyclomatic complexity of 3.","Design","CyclomaticComplexity"
"46","org.apache.commons.cli","/Users/grantnelson/go/src/github.com/apache/commons-cli/src/main/java/org/apache/commons/cli/CommandLine.java","3","185","The method 'getOptionValue(Option)' has an NPath complexity of 3, current threshold is 1","Design","NPathComplexity"
"47","org.apache.commons.cli","/Users/grantnelson/go/src/github.com/apache/commons-cli/src/main/java/org/apache/commons/cli/CommandLine.java","3","185","Avoid long parameter lists (1 parameters - threshold is 1).","Design","ExcessiveParameterList"
"48","org.apache.commons.cli","/Users/grantnelson/go/src/github.com/apache/commons-cli/src/main/java/org/apache/commons/cli/CommandLine.java","3","202","The method 'getOptionValue(String)' has a NCSS line count of 2.","Design","NcssCount"
"49","org.apache.commons.cli","/Users/grantnelson/go/src/github.com/apache/commons-cli/src/main/java/org/apache/commons/cli/CommandLine.java","3","202","The method 'getOptionValue(String)' has a cyclomatic complexity of 1.","Design","CyclomaticComplexity"
"50","org.apache.commons.cli","/Users/grantnelson/go/src/github.com/apache/commons-cli/src/main/java/org/apache/commons/cli/CommandLine.java","3","202","The method 'getOptionValue(String)' has an NPath complexity of 1, current threshold is 1","Design","NPathComplexity"
"51","org.apache.commons.cli","/Users/grantnelson/go/src/github.com/apache/commons-cli/src/main/java/org/apache/commons/cli/CommandLine.java","3","202","Avoid long parameter lists (1 parameters - threshold is 1).","Design","ExcessiveParameterList"
"52","org.apache.commons.cli","/Users/grantnelson/go/src/github.com/apache/commons-cli/src/main/java/org/apache/commons/cli/CommandLine.java","3","214","The method 'getOptionValue(char)' has a NCSS line count of 2.","Design","NcssCount"
"53","org.apache.commons.cli","/Users/grantnelson/go/src/github.com/apache/commons-cli/src/main/java/org/apache/commons/cli/CommandLine.java","3","214","The method 'getOptionValue(char)' has a cyclomatic complexity of 1.","Design","CyclomaticComplexity"
"54","org.apache.commons.cli","/Users/grantnelson/go/src/github.com/apache/commons-cli/src/main/java/org/apache/commons/cli/CommandLine.java","3","214","The method 'getOptionValue(char)' has an NPath complexity of 1, current threshold is 1","Design","NPathComplexity"
"55","org.apache.commons.cli","/Users/grantnelson/go/src/github.com/apache/commons-cli/src/main/java/org/apache/commons/cli/CommandLine.java","3","214","Avoid long parameter lists (1 parameters - threshold is 1).","Design","ExcessiveParameterList"
"56","org.apache.commons.cli","/Users/grantnelson/go/src/github.com/apache/commons-cli/src/main/java/org/apache/commons/cli/CommandLine.java","3","227","The method 'getOptionValues(Option)' has a NCSS line count of 6.","Design","NcssCount"
"57","org.apache.commons.cli","/Users/grantnelson/go/src/github.com/apache/commons-cli/src/main/java/org/apache/commons/cli/CommandLine.java","3","227","The method 'getOptionValues(Option)' has a cognitive complexity of 4, current threshold is 1","Design","CognitiveComplexity"
"58","org.apache.commons.cli","/Users/grantnelson/go/src/github.com/apache/commons-cli/src/main/java/org/apache/commons/cli/CommandLine.java","3","227","The method 'getOptionValues(Option)' has a cyclomatic complexity of 4.","Design","CyclomaticComplexity"
"59","org.apache.commons.cli","/Users/grantnelson/go/src/github.com/apache/commons-cli/src/main/java/org/apache/commons/cli/CommandLine.java","3","227","The method 'getOptionValues(Option)' has an NPath complexity of 6, current threshold is 1","Design","NPathComplexity"
"60","org.apache.commons.cli","/Users/grantnelson/go/src/github.com/apache/commons-cli/src/main/java/org/apache/commons/cli/CommandLine.java","3","227","Avoid long parameter lists (1 parameters - threshold is 1).","Design","ExcessiveParameterList"
"61","org.apache.commons.cli","/Users/grantnelson/go/src/github.com/apache/commons-cli/src/main/java/org/apache/commons/cli/CommandLine.java","3","249","The method 'getOptionValues(String)' has a NCSS line count of 2.","Design","NcssCount"
"62","org.apache.commons.cli","/Users/grantnelson/go/src/github.com/apache/commons-cli/src/main/java/org/apache/commons/cli/CommandLine.java","3","249","The method 'getOptionValues(String)' has a cyclomatic complexity of 1.","Design","CyclomaticComplexity"
"63","org.apache.commons.cli","/Users/grantnelson/go/src/github.com/apache/commons-cli/src/main/java/org/apache/commons/cli/CommandLine.java","3","249","The method 'getOptionValues(String)' has an NPath complexity of 1, current threshold is 1","Design","NPathComplexity"
"64","org.apache.commons.cli","/Users/grantnelson/go/src/github.com/apache/commons-cli/src/main/java/org/apache/commons/cli/CommandLine.java","3","249","Avoid long parameter lists (1 parameters - threshold is 1).","Design","ExcessiveParameterList"
"65","org.apache.commons.cli","/Users/grantnelson/go/src/github.com/apache/commons-cli/src/main/java/org/apache/commons/cli/CommandLine.java","3","260","The method 'resolveOption(String)' has a NCSS line count of 8.","Design","NcssCount"
"66","org.apache.commons.cli","/Users/grantnelson/go/src/github.com/apache/commons-cli/src/main/java/org/apache/commons/cli/CommandLine.java","3","260","The method 'resolveOption(String)' has a cognitive complexity of 5, current threshold is 1","Design","CognitiveComplexity"
"67","org.apache.commons.cli","/Users/grantnelson/go/src/github.com/apache/commons-cli/src/main/java/org/apache/commons/cli/CommandLine.java","3","260","The method 'resolveOption(String)' has a cyclomatic complexity of 4.","Design","CyclomaticComplexity"
"68","org.apache.commons.cli","/Users/grantnelson/go/src/github.com/apache/commons-cli/src/main/java/org/apache/commons/cli/CommandLine.java","3","260","The method 'resolveOption(String)' has an NPath complexity of 4, current threshold is 1","Design","NPathComplexity"
"69","org.apache.commons.cli","/Users/grantnelson/go/src/github.com/apache/commons-cli/src/main/java/org/apache/commons/cli/CommandLine.java","3","260","Avoid long parameter lists (1 parameters - threshold is 1).","Design","ExcessiveParameterList"
"70","org.apache.commons.cli","/Users/grantnelson/go/src/github.com/apache/commons-cli/src/main/java/org/apache/commons/cli/CommandLine.java","3","286","The method 'getOptionValues(char)' has a NCSS line count of 2.","Design","NcssCount"
"71","org.apache.commons.cli","/Users/grantnelson/go/src/github.com/apache/commons-cli/src/main/java/org/apache/commons/cli/CommandLine.java","3","286","The method 'getOptionValues(char)' has a cyclomatic complexity of 1.","Design","CyclomaticComplexity"
"72","org.apache.commons.cli","/Users/grantnelson/go/src/github.com/apache/commons-cli/src/main/java/org/apache/commons/cli/CommandLine.java","3","286","The method 'getOptionValues(char)' has an NPath complexity of 1, current threshold is 1","Design","NPathComplexity"
"73","org.apache.commons.cli","/Users/grantnelson/go/src/github.com/apache/commons-cli/src/main/java/org/apache/commons/cli/CommandLine.java","3","286","Avoid long parameter lists (1 parameters - threshold is 1).","Design","ExcessiveParameterList"
"74","org.apache.commons.cli","/Users/grantnelson/go/src/github.com/apache/commons-cli/src/main/java/org/apache/commons/cli/CommandLine.java","3","301","The method 'getOptionValue(Option, String)' has a NCSS line count of 3.","Design","NcssCount"
"75","org.apache.commons.cli","/Users/grantnelson/go/src/github.com/apache/commons-cli/src/main/java/org/apache/commons/cli/CommandLine.java","3","301","The method 'getOptionValue(Option, String)' has a cognitive complexity of 1, current threshold is 1","Design","CognitiveComplexity"
"76","org.apache.commons.cli","/Users/grantnelson/go/src/github.com/apache/commons-cli/src/main/java/org/apache/commons/cli/CommandLine.java","3","301","The method 'getOptionValue(Option, String)' has a cyclomatic complexity of 2.","Design","CyclomaticComplexity"
"77","org.apache.commons.cli","/Users/grantnelson/go/src/github.com/apache/commons-cli/src/main/java/org/apache/commons/cli/CommandLine.java","3","301","The method 'getOptionValue(Option, String)' has an NPath complexity of 2, current threshold is 1","Design","NPathComplexity"
"78","org.apache.commons.cli","/Users/grantnelson/go/src/github.com/apache/commons-cli/src/main/java/org/apache/commons/cli/CommandLine.java","3","301","Avoid long parameter lists (2 parameters - threshold is 1).","Design","ExcessiveParameterList"
"79","org.apache.commons.cli","/Users/grantnelson/go/src/github.com/apache/commons-cli/src/main/java/org/apache/commons/cli/CommandLine.java","3","316","The method 'getOptionValue(String, String)' has a NCSS line count of 2.","Design","NcssCount"
"80","org.apache.commons.cli","/Users/grantnelson/go/src/github.com/apache/commons-cli/src/main/java/org/apache/commons/cli/CommandLine.java","3","316","The method 'getOptionValue(String, String)' has a cyclomatic complexity of 1.","Design","CyclomaticComplexity"
"81","org.apache.commons.cli","/Users/grantnelson/go/src/github.com/apache/commons-cli/src/main/java/org/apache/commons/cli/CommandLine.java","3","316","The method 'getOptionValue(String, String)' has an NPath complexity of 1, current threshold is 1","Design","NPathComplexity"
"82","org.apache.commons.cli","/Users/grantnelson/go/src/github.com/apache/commons-cli/src/main/java/org/apache/commons/cli/CommandLine.java","3","316","Avoid long parameter lists (2 parameters - threshold is 1).","Design","ExcessiveParameterList"
"83","org.apache.commons.cli","/Users/grantnelson/go/src/github.com/apache/commons-cli/src/main/java/org/apache/commons/cli/CommandLine.java","3","330","The method 'getOptionValue(char, String)' has a NCSS line count of 2.","Design","NcssCount"
"84","org.apache.commons.cli","/Users/grantnelson/go/src/github.com/apache/commons-cli/src/main/java/org/apache/commons/cli/CommandLine.java","3","330","The method 'getOptionValue(char, String)' has a cyclomatic complexity of 1.","Design","CyclomaticComplexity"
"85","org.apache.commons.cli","/Users/grantnelson/go/src/github.com/apache/commons-cli/src/main/java/org/apache/commons/cli/CommandLine.java","3","330","The method 'getOptionValue(char, String)' has an NPath complexity of 1, current threshold is 1","Design","NPathComplexity"
"86","org.apache.commons.cli","/Users/grantnelson/go/src/github.com/apache/commons-cli/src/main/java/org/apache/commons/cli/CommandLine.java","3","330","Avoid long parameter lists (2 parameters - threshold is 1).","Design","ExcessiveParameterList"
"87","org.apache.commons.cli","/Users/grantnelson/go/src/github.com/apache/commons-cli/src/main/java/org/apache/commons/cli/CommandLine.java","3","348","The method 'getOptionProperties(Option)' has a NCSS line count of 11.","Design","NcssCount"
"88","org.apache.commons.cli","/Users/grantnelson/go/src/github.com/apache/commons-cli/src/main/java/org/apache/commons/cli/CommandLine.java","3","348","The method 'getOptionProperties(Option)' has a cognitive complexity of 7, current threshold is 1","Design","CognitiveComplexity"
"89","org.apache.commons.cli","/Users/grantnelson/go/src/github.com/apache/commons-cli/src/main/java/org/apache/commons/cli/CommandLine.java","3","348","The method 'getOptionProperties(Option)' has a cyclomatic complexity of 5.","Design","CyclomaticComplexity"
"90","org.apache.commons.cli","/Users/grantnelson/go/src/github.com/apache/commons-cli/src/main/java/org/apache/commons/cli/CommandLine.java","3","348","The method 'getOptionProperties(Option)' has an NPath complexity of 5, current threshold is 1","Design","NPathComplexity"
"91","org.apache.commons.cli","/Users/grantnelson/go/src/github.com/apache/commons-cli/src/main/java/org/apache/commons/cli/CommandLine.java","3","348","Avoid long parameter lists (1 parameters - threshold is 1).","Design","ExcessiveParameterList"
"92","org.apache.commons.cli","/Users/grantnelson/go/src/github.com/apache/commons-cli/src/main/java/org/apache/commons/cli/CommandLine.java","3","386","The method 'getOptionProperties(String)' has a NCSS line count of 11.","Design","NcssCount"
"93","org.apache.commons.cli","/Users/grantnelson/go/src/github.com/apache/commons-cli/src/main/java/org/apache/commons/cli/CommandLine.java","3","386","The method 'getOptionProperties(String)' has a cognitive complexity of 8, current threshold is 1","Design","CognitiveComplexity"
"94","org.apache.commons.cli","/Users/grantnelson/go/src/github.com/apache/commons-cli/src/main/java/org/apache/commons/cli/CommandLine.java","3","386","The method 'getOptionProperties(String)' has a cyclomatic complexity of 6.","Design","CyclomaticComplexity"
"95","org.apache.commons.cli","/Users/grantnelson/go/src/github.com/apache/commons-cli/src/main/java/org/apache/commons/cli/CommandLine.java","3","386","The method 'getOptionProperties(String)' has an NPath complexity of 8, current threshold is 1","Design","NPathComplexity"
"96","org.apache.commons.cli","/Users/grantnelson/go/src/github.com/apache/commons-cli/src/main/java/org/apache/commons/cli/CommandLine.java","3","386","Avoid long parameter lists (1 parameters - threshold is 1).","Design","ExcessiveParameterList"
"97","org.apache.commons.cli","/Users/grantnelson/go/src/github.com/apache/commons-cli/src/main/java/org/apache/commons/cli/CommandLine.java","3","416","The method 'getArgs()' has a NCSS line count of 4.","Design","NcssCount"
"98","org.apache.commons.cli","/Users/grantnelson/go/src/github.com/apache/commons-cli/src/main/java/org/apache/commons/cli/CommandLine.java","3","416","The method 'getArgs()' has a cyclomatic complexity of 1.","Design","CyclomaticComplexity"
"99","org.apache.commons.cli","/Users/grantnelson/go/src/github.com/apache/commons-cli/src/main/java/org/apache/commons/cli/CommandLine.java","3","416","The method 'getArgs()' has an NPath complexity of 1, current threshold is 1","Design","NPathComplexity"
"100","org.apache.commons.cli","/Users/grantnelson/go/src/github.com/apache/commons-cli/src/main/java/org/apache/commons/cli/CommandLine.java","3","430","The method 'getArgList()' has a NCSS line count of 2.","Design","NcssCount"
"101","org.apache.commons.cli","/Users/grantnelson/go/src/github.com/apache/commons-cli/src/main/java/org/apache/commons/cli/CommandLine.java","3","430","The method 'getArgList()' has a cyclomatic complexity of 1.","Design","CyclomaticComplexity"
"102","org.apache.commons.cli","/Users/grantnelson/go/src/github.com/apache/commons-cli/src/main/java/org/apache/commons/cli/CommandLine.java","3","430","The method 'getArgList()' has an NPath complexity of 1, current threshold is 1","Design","NPathComplexity"
"103","org.apache.commons.cli","/Users/grantnelson/go/src/github.com/apache/commons-cli/src/main/java/org/apache/commons/cli/CommandLine.java","3","462","The method 'addArg(String)' has a NCSS line count of 2.","Design","NcssCount"
"104","org.apache.commons.cli","/Users/grantnelson/go/src/github.com/apache/commons-cli/src/main/java/org/apache/commons/cli/CommandLine.java","3","462","The method 'addArg(String)' has a cyclomatic complexity of 1.","Design","CyclomaticComplexity"
"105","org.apache.commons.cli","/Users/grantnelson/go/src/github.com/apache/commons-cli/src/main/java/org/apache/commons/cli/CommandLine.java","3","462","The method 'addArg(String)' has an NPath complexity of 1, current threshold is 1","Design","NPathComplexity"
"106","org.apache.commons.cli","/Users/grantnelson/go/src/github.com/apache/commons-cli/src/main/java/org/apache/commons/cli/CommandLine.java","3","462","Avoid long parameter lists (1 parameters - threshold is 1).","Design","ExcessiveParameterList"
"107","org.apache.commons.cli","/Users/grantnelson/go/src/github.com/apache/commons-cli/src/main/java/org/apache/commons/cli/CommandLine.java","3","472","The method 'addOption(Option)' has a NCSS line count of 2.","Design","NcssCount"
"108","org.apache.commons.cli","/Users/grantnelson/go/src/github.com/apache/commons-cli/src/main/java/org/apache/commons/cli/CommandLine.java","3","472","The method 'addOption(Option)' has a cyclomatic complexity of 1.","Design","CyclomaticComplexity"
"109","org.apache.commons.cli","/Users/grantnelson/go/src/github.com/apache/commons-cli/src/main/java/org/apache/commons/cli/CommandLine.java","3","472","The method 'addOption(Option)' has an NPath complexity of 1, current threshold is 1","Design","NPathComplexity"
"110","org.apache.commons.cli","/Users/grantnelson/go/src/github.com/apache/commons-cli/src/main/java/org/apache/commons/cli/CommandLine.java","3","472","Avoid long parameter lists (1 parameters - threshold is 1).","Design","ExcessiveParameterList"
"111","org.apache.commons.cli","/Users/grantnelson/go/src/github.com/apache/commons-cli/src/main/java/org/apache/commons/cli/CommandLine.java","3","483","The method 'iterator()' has a NCSS line count of 2.","Design","NcssCount"
"112","org.apache.commons.cli","/Users/grantnelson/go/src/github.com/apache/commons-cli/src/main/java/org/apache/commons/cli/CommandLine.java","3","483","The method 'iterator()' has a cyclomatic complexity of 1.","Design","CyclomaticComplexity"
"113","org.apache.commons.cli","/Users/grantnelson/go/src/github.com/apache/commons-cli/src/main/java/org/apache/commons/cli/CommandLine.java","3","483","The method 'iterator()' has an NPath complexity of 1, current threshold is 1","Design","NPathComplexity"
"114","org.apache.commons.cli","/Users/grantnelson/go/src/github.com/apache/commons-cli/src/main/java/org/apache/commons/cli/CommandLine.java","3","493","The method 'getOptions()' has a NCSS line count of 4.","Design","NcssCount"
"115","org.apache.commons.cli","/Users/grantnelson/go/src/github.com/apache/commons-cli/src/main/java/org/apache/commons/cli/CommandLine.java","3","493","The method 'getOptions()' has a cyclomatic complexity of 1.","Design","CyclomaticComplexity"
"116","org.apache.commons.cli","/Users/grantnelson/go/src/github.com/apache/commons-cli/src/main/java/org/apache/commons/cli/CommandLine.java","3","493","The method 'getOptions()' has an NPath complexity of 1, current threshold is 1","Design","NPathComplexity"
"117","org.apache.commons.cli","/Users/grantnelson/go/src/github.com/apache/commons-cli/src/main/java/org/apache/commons/cli/CommandLine.java","3","510","A value of 2 may denote a high amount of coupling within the class (threshold: 1)","Design","CouplingBetweenObjects"
"118","org.apache.commons.cli","/Users/grantnelson/go/src/github.com/apache/commons-cli/src/main/java/org/apache/commons/cli/CommandLine.java","3","510","The class 'Builder' has a NCSS line count of 10 (Highest = 3).","Design","NcssCount"
"119","org.apache.commons.cli","/Users/grantnelson/go/src/github.com/apache/commons-cli/src/main/java/org/apache/commons/cli/CommandLine.java","3","510","The class 'Builder' has a total cyclomatic complexity of 3 (highest 1).","Design","CyclomaticComplexity"
"120","org.apache.commons.cli","/Users/grantnelson/go/src/github.com/apache/commons-cli/src/main/java/org/apache/commons/cli/CommandLine.java","3","510","This class has 3 public methods and attributes; current threshold is 1.","Design","ExcessivePublicCount"
"121","org.apache.commons.cli","/Users/grantnelson/go/src/github.com/apache/commons-cli/src/main/java/org/apache/commons/cli/CommandLine.java","3","524","The method 'addOption(Option)' has a NCSS line count of 3.","Design","NcssCount"
"122","org.apache.commons.cli","/Users/grantnelson/go/src/github.com/apache/commons-cli/src/main/java/org/apache/commons/cli/CommandLine.java","3","524","The method 'addOption(Option)' has a cyclomatic complexity of 1.","Design","CyclomaticComplexity"
"123","org.apache.commons.cli","/Users/grantnelson/go/src/github.com/apache/commons-cli/src/main/java/org/apache/commons/cli/CommandLine.java","3","524","The method 'addOption(Option)' has an NPath complexity of 1, current threshold is 1","Design","NPathComplexity"
"124","org.apache.commons.cli","/Users/grantnelson/go/src/github.com/apache/commons-cli/src/main/java/org/apache/commons/cli/CommandLine.java","3","524","Avoid long parameter lists (1 parameters - threshold is 1).","Design","ExcessiveParameterList"
"125","org.apache.commons.cli","/Users/grantnelson/go/src/github.com/apache/commons-cli/src/main/java/org/apache/commons/cli/CommandLine.java","3","537","The method 'addArg(String)' has a NCSS line count of 3.","Design","NcssCount"
"126","org.apache.commons.cli","/Users/grantnelson/go/src/github.com/apache/commons-cli/src/main/java/org/apache/commons/cli/CommandLine.java","3","537","The method 'addArg(String)' has a cyclomatic complexity of 1.","Design","CyclomaticComplexity"
"127","org.apache.commons.cli","/Users/grantnelson/go/src/github.com/apache/commons-cli/src/main/java/org/apache/commons/cli/CommandLine.java","3","537","The method 'addArg(String)' has an NPath complexity of 1, current threshold is 1","Design","NPathComplexity"
"128","org.apache.commons.cli","/Users/grantnelson/go/src/github.com/apache/commons-cli/src/main/java/org/apache/commons/cli/CommandLine.java","3","537","Avoid long parameter lists (1 parameters - threshold is 1).","Design","ExcessiveParameterList"
"129","org.apache.commons.cli","/Users/grantnelson/go/src/github.com/apache/commons-cli/src/main/java/org/apache/commons/cli/CommandLine.java","3","543","The method 'build()' has a NCSS line count of 2.","Design","NcssCount"
"130","org.apache.commons.cli","/Users/grantnelson/go/src/github.com/apache/commons-cli/src/main/java/org/apache/commons/cli/CommandLine.java","3","543","The method 'build()' has a cyclomatic complexity of 1.","Design","CyclomaticComplexity"
"131","org.apache.commons.cli","/Users/grantnelson/go/src/github.com/apache/commons-cli/src/main/java/org/apache/commons/cli/CommandLine.java","3","543","The method 'build()' has an NPath complexity of 1, current threshold is 1","Design","NPathComplexity"
"1","org.apache.commons.cli","/Users/grantnelson/go/src/github.com/apache/commons-cli/src/main/java/org/apache/commons/cli/CommandLineParser.java","3","27","The interface 'CommandLineParser' has a NCSS line count of 3 (Highest = 1).","Design","NcssCount"
"2","org.apache.commons.cli","/Users/grantnelson/go/src/github.com/apache/commons-cli/src/main/java/org/apache/commons/cli/CommandLineParser.java","3","27","This class has 2 public methods and attributes; current threshold is 1.","Design","ExcessivePublicCount"
"3","org.apache.commons.cli","/Users/grantnelson/go/src/github.com/apache/commons-cli/src/main/java/org/apache/commons/cli/CommandLineParser.java","3","39","The method 'parse(Options, String[])' has a NCSS line count of 1.","Design","NcssCount"
"4","org.apache.commons.cli","/Users/grantnelson/go/src/github.com/apache/commons-cli/src/main/java/org/apache/commons/cli/CommandLineParser.java","3","39","The method 'parse(Options, String[])' has a cyclomatic complexity of 1.","Design","CyclomaticComplexity"
"5","org.apache.commons.cli","/Users/grantnelson/go/src/github.com/apache/commons-cli/src/main/java/org/apache/commons/cli/CommandLineParser.java","3","39","The method 'parse(Options, String[])' has an NPath complexity of 1, current threshold is 1","Design","NPathComplexity"
"6","org.apache.commons.cli","/Users/grantnelson/go/src/github.com/apache/commons-cli/src/main/java/org/apache/commons/cli/CommandLineParser.java","3","39","Avoid long parameter lists (2 parameters - threshold is 1).","Design","ExcessiveParameterList"
"7","org.apache.commons.cli","/Users/grantnelson/go/src/github.com/apache/commons-cli/src/main/java/org/apache/commons/cli/CommandLineParser.java","3","74","The method 'parse(Options, String[], boolean)' has a NCSS line count of 1.","Design","NcssCount"
"8","org.apache.commons.cli","/Users/grantnelson/go/src/github.com/apache/commons-cli/src/main/java/org/apache/commons/cli/CommandLineParser.java","3","74","The method 'parse(Options, String[], boolean)' has a cyclomatic complexity of 1.","Design","CyclomaticComplexity"
"9","org.apache.commons.cli","/Users/grantnelson/go/src/github.com/apache/commons-cli/src/main/java/org/apache/commons/cli/CommandLineParser.java","3","74","The method 'parse(Options, String[], boolean)' has an NPath complexity of 1, current threshold is 1","Design","NPathComplexity"
"10","org.apache.commons.cli","/Users/grantnelson/go/src/github.com/apache/commons-cli/src/main/java/org/apache/commons/cli/CommandLineParser.java","3","74","Avoid long parameter lists (3 parameters - threshold is 1).","Design","ExcessiveParameterList"
"1","org.apache.commons.cli","/Users/grantnelson/go/src/github.com/apache/commons-cli/src/main/java/org/apache/commons/cli/DefaultParser.java","3","31","A value of 8 may denote a high amount of coupling within the class (threshold: 1)","Design","CouplingBetweenObjects"
"2","org.apache.commons.cli","/Users/grantnelson/go/src/github.com/apache/commons-cli/src/main/java/org/apache/commons/cli/DefaultParser.java","3","31","Possible God Class (WMC=101, ATFD=17, TCC=32.016%)","Design","GodClass"
"3","org.apache.commons.cli","/Users/grantnelson/go/src/github.com/apache/commons-cli/src/main/java/org/apache/commons/cli/DefaultParser.java","3","31","The class 'DefaultParser' has a NCSS line count of 231 (Highest = 47).","Design","NcssCount"
"4","org.apache.commons.cli","/Users/grantnelson/go/src/github.com/apache/commons-cli/src/main/java/org/apache/commons/cli/DefaultParser.java","3","31","The class 'DefaultParser' has a total cyclomatic complexity of 101 (highest 13).","Design","CyclomaticComplexity"
"5","org.apache.commons.cli","/Users/grantnelson/go/src/github.com/apache/commons-cli/src/main/java/org/apache/commons/cli/DefaultParser.java","3","31","This class has 4 public methods and attributes; current threshold is 1.","Design","ExcessivePublicCount"
"6","org.apache.commons.cli","/Users/grantnelson/go/src/github.com/apache/commons-cli/src/main/java/org/apache/commons/cli/DefaultParser.java","3","58","The method 'parse(Options, String[])' has a NCSS line count of 2.","Design","NcssCount"
"7","org.apache.commons.cli","/Users/grantnelson/go/src/github.com/apache/commons-cli/src/main/java/org/apache/commons/cli/DefaultParser.java","3","58","The method 'parse(Options, String[])' has a cyclomatic complexity of 1.","Design","CyclomaticComplexity"
"8","org.apache.commons.cli","/Users/grantnelson/go/src/github.com/apache/commons-cli/src/main/java/org/apache/commons/cli/DefaultParser.java","3","58","The method 'parse(Options, String[])' has an NPath complexity of 1, current threshold is 1","Design","NPathComplexity"
"9","org.apache.commons.cli","/Users/grantnelson/go/src/github.com/apache/commons-cli/src/main/java/org/apache/commons/cli/DefaultParser.java","3","58","Avoid long parameter lists (2 parameters - threshold is 1).","Design","ExcessiveParameterList"
"10","org.apache.commons.cli","/Users/grantnelson/go/src/github.com/apache/commons-cli/src/main/java/org/apache/commons/cli/DefaultParser.java","3","74","The method 'parse(Options, String[], Properties)' has a NCSS line count of 2.","Design","NcssCount"
"11","org.apache.commons.cli","/Users/grantnelson/go/src/github.com/apache/commons-cli/src/main/java/org/apache/commons/cli/DefaultParser.java","3","74","The method 'parse(Options, String[], Properties)' has a cyclomatic complexity of 1.","Design","CyclomaticComplexity"
"12","org.apache.commons.cli","/Users/grantnelson/go/src/github.com/apache/commons-cli/src/main/java/org/apache/commons/cli/DefaultParser.java","3","74","The method 'parse(Options, String[], Properties)' has an NPath complexity of 1, current threshold is 1","Design","NPathComplexity"
"13","org.apache.commons.cli","/Users/grantnelson/go/src/github.com/apache/commons-cli/src/main/java/org/apache/commons/cli/DefaultParser.java","3","74","Avoid long parameter lists (3 parameters - threshold is 1).","Design","ExcessiveParameterList"
"14","org.apache.commons.cli","/Users/grantnelson/go/src/github.com/apache/commons-cli/src/main/java/org/apache/commons/cli/DefaultParser.java","3","79","The method 'parse(Options, String[], boolean)' has a NCSS line count of 2.","Design","NcssCount"
"15","org.apache.commons.cli","/Users/grantnelson/go/src/github.com/apache/commons-cli/src/main/java/org/apache/commons/cli/DefaultParser.java","3","79","The method 'parse(Options, String[], boolean)' has a cyclomatic complexity of 1.","Design","CyclomaticComplexity"
"16","org.apache.commons.cli","/Users/grantnelson/go/src/github.com/apache/commons-cli/src/main/java/org/apache/commons/cli/DefaultParser.java","3","79","The method 'parse(Options, String[], boolean)' has an NPath complexity of 1, current threshold is 1","Design","NPathComplexity"
"17","org.apache.commons.cli","/Users/grantnelson/go/src/github.com/apache/commons-cli/src/main/java/org/apache/commons/cli/DefaultParser.java","3","79","Avoid long parameter lists (3 parameters - threshold is 1).","Design","ExcessiveParameterList"
"18","org.apache.commons.cli","/Users/grantnelson/go/src/github.com/apache/commons-cli/src/main/java/org/apache/commons/cli/DefaultParser.java","3","99","The method 'parse(Options, String[], Properties, boolean)' has a NCSS line count of 16.","Design","NcssCount"
"19","org.apache.commons.cli","/Users/grantnelson/go/src/github.com/apache/commons-cli/src/main/java/org/apache/commons/cli/DefaultParser.java","3","99","The method 'parse(Options, String[], Properties, boolean)' has a cognitive complexity of 4, current threshold is 1","Design","CognitiveComplexity"
"20","org.apache.commons.cli","/Users/grantnelson/go/src/github.com/apache/commons-cli/src/main/java/org/apache/commons/cli/DefaultParser.java","3","99","The method 'parse(Options, String[], Properties, boolean)' has a cyclomatic complexity of 4.","Design","CyclomaticComplexity"
"21","org.apache.commons.cli","/Users/grantnelson/go/src/github.com/apache/commons-cli/src/main/java/org/apache/commons/cli/DefaultParser.java","3","99","The method 'parse(Options, String[], Properties, boolean)' has an NPath complexity of 6, current threshold is 1","Design","NPathComplexity"
"22","org.apache.commons.cli","/Users/grantnelson/go/src/github.com/apache/commons-cli/src/main/java/org/apache/commons/cli/DefaultParser.java","3","99","Avoid long parameter lists (4 parameters - threshold is 1).","Design","ExcessiveParameterList"
"23","org.apache.commons.cli","/Users/grantnelson/go/src/github.com/apache/commons-cli/src/main/java/org/apache/commons/cli/DefaultParser.java","3","140","The method 'handleProperties(Properties)' has a NCSS line count of 20.","Design","NcssCount"
"24","org.apache.commons.cli","/Users/grantnelson/go/src/github.com/apache/commons-cli/src/main/java/org/apache/commons/cli/DefaultParser.java","3","140","The method 'handleProperties(Properties)' has a cognitive complexity of 18, current threshold is 1","Design","CognitiveComplexity"
"25","org.apache.commons.cli","/Users/grantnelson/go/src/github.com/apache/commons-cli/src/main/java/org/apache/commons/cli/DefaultParser.java","3","140","The method 'handleProperties(Properties)' has a cyclomatic complexity of 13.","Design","CyclomaticComplexity"
"26","org.apache.commons.cli","/Users/grantnelson/go/src/github.com/apache/commons-cli/src/main/java/org/apache/commons/cli/DefaultParser.java","3","140","The method 'handleProperties(Properties)' has an NPath complexity of 21, current threshold is 1","Design","NPathComplexity"
"27","org.apache.commons.cli","/Users/grantnelson/go/src/github.com/apache/commons-cli/src/main/java/org/apache/commons/cli/DefaultParser.java","3","140","Avoid long parameter lists (1 parameters - threshold is 1).","Design","ExcessiveParameterList"
"28","org.apache.commons.cli","/Users/grantnelson/go/src/github.com/apache/commons-cli/src/main/java/org/apache/commons/cli/DefaultParser.java","3","194","The method 'checkRequiredOptions()' has a NCSS line count of 3.","Design","NcssCount"
"29","org.apache.commons.cli","/Users/grantnelson/go/src/github.com/apache/commons-cli/src/main/java/org/apache/commons/cli/DefaultParser.java","3","194","The method 'checkRequiredOptions()' has a cognitive complexity of 1, current threshold is 1","Design","CognitiveComplexity"
"30","org.apache.commons.cli","/Users/grantnelson/go/src/github.com/apache/commons-cli/src/main/java/org/apache/commons/cli/DefaultParser.java","3","194","The method 'checkRequiredOptions()' has a cyclomatic complexity of 3.","Design","CyclomaticComplexity"
"31","org.apache.commons.cli","/Users/grantnelson/go/src/github.com/apache/commons-cli/src/main/java/org/apache/commons/cli/DefaultParser.java","3","194","The method 'checkRequiredOptions()' has an NPath complexity of 2, current threshold is 1","Design","NPathComplexity"
"32","org.apache.commons.cli","/Users/grantnelson/go/src/github.com/apache/commons-cli/src/main/java/org/apache/commons/cli/DefaultParser.java","3","207","The method 'checkRequiredArgs()' has a NCSS line count of 3.","Design","NcssCount"
"33","org.apache.commons.cli","/Users/grantnelson/go/src/github.com/apache/commons-cli/src/main/java/org/apache/commons/cli/DefaultParser.java","3","207","The method 'checkRequiredArgs()' has a cognitive complexity of 2, current threshold is 1","Design","CognitiveComplexity"
"34","org.apache.commons.cli","/Users/grantnelson/go/src/github.com/apache/commons-cli/src/main/java/org/apache/commons/cli/DefaultParser.java","3","207","The method 'checkRequiredArgs()' has a cyclomatic complexity of 4.","Design","CyclomaticComplexity"
"35","org.apache.commons.cli","/Users/grantnelson/go/src/github.com/apache/commons-cli/src/main/java/org/apache/commons/cli/DefaultParser.java","3","207","The method 'checkRequiredArgs()' has an NPath complexity of 3, current threshold is 1","Design","NPathComplexity"
"36","org.apache.commons.cli","/Users/grantnelson/go/src/github.com/apache/commons-cli/src/main/java/org/apache/commons/cli/DefaultParser.java","3","221","The method 'handleToken(String)' has a NCSS line count of 20.","Design","NcssCount"
"37","org.apache.commons.cli","/Users/grantnelson/go/src/github.com/apache/commons-cli/src/main/java/org/apache/commons/cli/DefaultParser.java","3","221","The method 'handleToken(String)' has a cognitive complexity of 10, current threshold is 1","Design","CognitiveComplexity"
"38","org.apache.commons.cli","/Users/grantnelson/go/src/github.com/apache/commons-cli/src/main/java/org/apache/commons/cli/DefaultParser.java","3","221","The method 'handleToken(String)' has a cyclomatic complexity of 11.","Design","CyclomaticComplexity"
"39","org.apache.commons.cli","/Users/grantnelson/go/src/github.com/apache/commons-cli/src/main/java/org/apache/commons/cli/DefaultParser.java","3","221","The method 'handleToken(String)' has an NPath complexity of 45, current threshold is 1","Design","NPathComplexity"
"40","org.apache.commons.cli","/Users/grantnelson/go/src/github.com/apache/commons-cli/src/main/java/org/apache/commons/cli/DefaultParser.java","3","221","Avoid long parameter lists (1 parameters - threshold is 1).","Design","ExcessiveParameterList"
"41","org.apache.commons.cli","/Users/grantnelson/go/src/github.com/apache/commons-cli/src/main/java/org/apache/commons/cli/DefaultParser.java","3","261","The method 'isArgument(String)' has a NCSS line count of 2.","Design","NcssCount"
"42","org.apache.commons.cli","/Users/grantnelson/go/src/github.com/apache/commons-cli/src/main/java/org/apache/commons/cli/DefaultParser.java","3","261","The method 'isArgument(String)' has a cognitive complexity of 1, current threshold is 1","Design","CognitiveComplexity"
"43","org.apache.commons.cli","/Users/grantnelson/go/src/github.com/apache/commons-cli/src/main/java/org/apache/commons/cli/DefaultParser.java","3","261","The method 'isArgument(String)' has a cyclomatic complexity of 1.","Design","CyclomaticComplexity"
"44","org.apache.commons.cli","/Users/grantnelson/go/src/github.com/apache/commons-cli/src/main/java/org/apache/commons/cli/DefaultParser.java","3","261","The method 'isArgument(String)' has an NPath complexity of 2, current threshold is 1","Design","NPathComplexity"
"45","org.apache.commons.cli","/Users/grantnelson/go/src/github.com/apache/commons-cli/src/main/java/org/apache/commons/cli/DefaultParser.java","3","261","Avoid long parameter lists (1 parameters - threshold is 1).","Design","ExcessiveParameterList"
"46","org.apache.commons.cli","/Users/grantnelson/go/src/github.com/apache/commons-cli/src/main/java/org/apache/commons/cli/DefaultParser.java","3","271","The method 'isNegativeNumber(String)' has a NCSS line count of 5.","Design","NcssCount"
"47","org.apache.commons.cli","/Users/grantnelson/go/src/github.com/apache/commons-cli/src/main/java/org/apache/commons/cli/DefaultParser.java","3","271","The method 'isNegativeNumber(String)' has a cognitive complexity of 1, current threshold is 1","Design","CognitiveComplexity"
"48","org.apache.commons.cli","/Users/grantnelson/go/src/github.com/apache/commons-cli/src/main/java/org/apache/commons/cli/DefaultParser.java","3","271","The method 'isNegativeNumber(String)' has a cyclomatic complexity of 2.","Design","CyclomaticComplexity"
"49","org.apache.commons.cli","/Users/grantnelson/go/src/github.com/apache/commons-cli/src/main/java/org/apache/commons/cli/DefaultParser.java","3","271","The method 'isNegativeNumber(String)' has an NPath complexity of 1, current threshold is 1","Design","NPathComplexity"
"50","org.apache.commons.cli","/Users/grantnelson/go/src/github.com/apache/commons-cli/src/main/java/org/apache/commons/cli/DefaultParser.java","3","271","Avoid long parameter lists (1 parameters - threshold is 1).","Design","ExcessiveParameterList"
"51","org.apache.commons.cli","/Users/grantnelson/go/src/github.com/apache/commons-cli/src/main/java/org/apache/commons/cli/DefaultParser.java","3","289","The method 'isOption(String)' has a NCSS line count of 2.","Design","NcssCount"
"52","org.apache.commons.cli","/Users/grantnelson/go/src/github.com/apache/commons-cli/src/main/java/org/apache/commons/cli/DefaultParser.java","3","289","The method 'isOption(String)' has a cognitive complexity of 1, current threshold is 1","Design","CognitiveComplexity"
"53","org.apache.commons.cli","/Users/grantnelson/go/src/github.com/apache/commons-cli/src/main/java/org/apache/commons/cli/DefaultParser.java","3","289","The method 'isOption(String)' has a cyclomatic complexity of 1.","Design","CyclomaticComplexity"
"54","org.apache.commons.cli","/Users/grantnelson/go/src/github.com/apache/commons-cli/src/main/java/org/apache/commons/cli/DefaultParser.java","3","289","The method 'isOption(String)' has an NPath complexity of 2, current threshold is 1","Design","NPathComplexity"
"55","org.apache.commons.cli","/Users/grantnelson/go/src/github.com/apache/commons-cli/src/main/java/org/apache/commons/cli/DefaultParser.java","3","289","Avoid long parameter lists (1 parameters - threshold is 1).","Design","ExcessiveParameterList"
"56","org.apache.commons.cli","/Users/grantnelson/go/src/github.com/apache/commons-cli/src/main/java/org/apache/commons/cli/DefaultParser.java","3","299","The method 'isShortOption(String)' has a NCSS line count of 8.","Design","NcssCount"
"57","org.apache.commons.cli","/Users/grantnelson/go/src/github.com/apache/commons-cli/src/main/java/org/apache/commons/cli/DefaultParser.java","3","299","The method 'isShortOption(String)' has a cognitive complexity of 5, current threshold is 1","Design","CognitiveComplexity"
"58","org.apache.commons.cli","/Users/grantnelson/go/src/github.com/apache/commons-cli/src/main/java/org/apache/commons/cli/DefaultParser.java","3","299","The method 'isShortOption(String)' has a cyclomatic complexity of 5.","Design","CyclomaticComplexity"
"59","org.apache.commons.cli","/Users/grantnelson/go/src/github.com/apache/commons-cli/src/main/java/org/apache/commons/cli/DefaultParser.java","3","299","The method 'isShortOption(String)' has an NPath complexity of 8, current threshold is 1","Design","NPathComplexity"
"60","org.apache.commons.cli","/Users/grantnelson/go/src/github.com/apache/commons-cli/src/main/java/org/apache/commons/cli/DefaultParser.java","3","299","Avoid long parameter lists (1 parameters - threshold is 1).","Design","ExcessiveParameterList"
"61","org.apache.commons.cli","/Users/grantnelson/go/src/github.com/apache/commons-cli/src/main/java/org/apache/commons/cli/DefaultParser.java","3","323","The method 'isLongOption(String)' has a NCSS line count of 11.","Design","NcssCount"
"62","org.apache.commons.cli","/Users/grantnelson/go/src/github.com/apache/commons-cli/src/main/java/org/apache/commons/cli/DefaultParser.java","3","323","The method 'isLongOption(String)' has a cognitive complexity of 6, current threshold is 1","Design","CognitiveComplexity"
"63","org.apache.commons.cli","/Users/grantnelson/go/src/github.com/apache/commons-cli/src/main/java/org/apache/commons/cli/DefaultParser.java","3","323","The method 'isLongOption(String)' has a cyclomatic complexity of 7.","Design","CyclomaticComplexity"
"64","org.apache.commons.cli","/Users/grantnelson/go/src/github.com/apache/commons-cli/src/main/java/org/apache/commons/cli/DefaultParser.java","3","323","The method 'isLongOption(String)' has an NPath complexity of 10, current threshold is 1","Design","NPathComplexity"
"65","org.apache.commons.cli","/Users/grantnelson/go/src/github.com/apache/commons-cli/src/main/java/org/apache/commons/cli/DefaultParser.java","3","323","Avoid long parameter lists (1 parameters - threshold is 1).","Design","ExcessiveParameterList"
"66","org.apache.commons.cli","/Users/grantnelson/go/src/github.com/apache/commons-cli/src/main/java/org/apache/commons/cli/DefaultParser.java","3","356","The method 'handleUnknownToken(String)' has a NCSS line count of 6.","Design","NcssCount"
"67","org.apache.commons.cli","/Users/grantnelson/go/src/github.com/apache/commons-cli/src/main/java/org/apache/commons/cli/DefaultParser.java","3","356","The method 'handleUnknownToken(String)' has a cognitive complexity of 3, current threshold is 1","Design","CognitiveComplexity"
"68","org.apache.commons.cli","/Users/grantnelson/go/src/github.com/apache/commons-cli/src/main/java/org/apache/commons/cli/DefaultParser.java","3","356","The method 'handleUnknownToken(String)' has a cyclomatic complexity of 6.","Design","CyclomaticComplexity"
"69","org.apache.commons.cli","/Users/grantnelson/go/src/github.com/apache/commons-cli/src/main/java/org/apache/commons/cli/DefaultParser.java","3","356","The method 'handleUnknownToken(String)' has an NPath complexity of 7, current threshold is 1","Design","NPathComplexity"
"70","org.apache.commons.cli","/Users/grantnelson/go/src/github.com/apache/commons-cli/src/main/java/org/apache/commons/cli/DefaultParser.java","3","356","Avoid long parameter lists (1 parameters - threshold is 1).","Design","ExcessiveParameterList"
"71","org.apache.commons.cli","/Users/grantnelson/go/src/github.com/apache/commons-cli/src/main/java/org/apache/commons/cli/DefaultParser.java","3","380","The method 'handleLongOption(String)' has a NCSS line count of 5.","Design","NcssCount"
"72","org.apache.commons.cli","/Users/grantnelson/go/src/github.com/apache/commons-cli/src/main/java/org/apache/commons/cli/DefaultParser.java","3","380","The method 'handleLongOption(String)' has a cognitive complexity of 2, current threshold is 1","Design","CognitiveComplexity"
"73","org.apache.commons.cli","/Users/grantnelson/go/src/github.com/apache/commons-cli/src/main/java/org/apache/commons/cli/DefaultParser.java","3","380","The method 'handleLongOption(String)' has a cyclomatic complexity of 2.","Design","CyclomaticComplexity"
"74","org.apache.commons.cli","/Users/grantnelson/go/src/github.com/apache/commons-cli/src/main/java/org/apache/commons/cli/DefaultParser.java","3","380","The method 'handleLongOption(String)' has an NPath complexity of 2, current threshold is 1","Design","NPathComplexity"
"75","org.apache.commons.cli","/Users/grantnelson/go/src/github.com/apache/commons-cli/src/main/java/org/apache/commons/cli/DefaultParser.java","3","380","Avoid long parameter lists (1 parameters - threshold is 1).","Design","ExcessiveParameterList"
"76","org.apache.commons.cli","/Users/grantnelson/go/src/github.com/apache/commons-cli/src/main/java/org/apache/commons/cli/DefaultParser.java","3","402","The method 'handleLongOptionWithoutEqual(String)' has a NCSS line count of 9.","Design","NcssCount"
"77","org.apache.commons.cli","/Users/grantnelson/go/src/github.com/apache/commons-cli/src/main/java/org/apache/commons/cli/DefaultParser.java","3","402","The method 'handleLongOptionWithoutEqual(String)' has a cognitive complexity of 3, current threshold is 1","Design","CognitiveComplexity"
"78","org.apache.commons.cli","/Users/grantnelson/go/src/github.com/apache/commons-cli/src/main/java/org/apache/commons/cli/DefaultParser.java","3","402","The method 'handleLongOptionWithoutEqual(String)' has a cyclomatic complexity of 4.","Design","CyclomaticComplexity"
"79","org.apache.commons.cli","/Users/grantnelson/go/src/github.com/apache/commons-cli/src/main/java/org/apache/commons/cli/DefaultParser.java","3","402","The method 'handleLongOptionWithoutEqual(String)' has an NPath complexity of 3, current threshold is 1","Design","NPathComplexity"
"80","org.apache.commons.cli","/Users/grantnelson/go/src/github.com/apache/commons-cli/src/main/java/org/apache/commons/cli/DefaultParser.java","3","402","Avoid long parameter lists (1 parameters - threshold is 1).","Design","ExcessiveParameterList"
"81","org.apache.commons.cli","/Users/grantnelson/go/src/github.com/apache/commons-cli/src/main/java/org/apache/commons/cli/DefaultParser.java","3","429","The method 'handleLongOptionWithEqual(String)' has a NCSS line count of 18.","Design","NcssCount"
"82","org.apache.commons.cli","/Users/grantnelson/go/src/github.com/apache/commons-cli/src/main/java/org/apache/commons/cli/DefaultParser.java","3","429","The method 'handleLongOptionWithEqual(String)' has a cognitive complexity of 7, current threshold is 1","Design","CognitiveComplexity"
"83","org.apache.commons.cli","/Users/grantnelson/go/src/github.com/apache/commons-cli/src/main/java/org/apache/commons/cli/DefaultParser.java","3","429","The method 'handleLongOptionWithEqual(String)' has a cyclomatic complexity of 5.","Design","CyclomaticComplexity"
"84","org.apache.commons.cli","/Users/grantnelson/go/src/github.com/apache/commons-cli/src/main/java/org/apache/commons/cli/DefaultParser.java","3","429","The method 'handleLongOptionWithEqual(String)' has an NPath complexity of 4, current threshold is 1","Design","NPathComplexity"
"85","org.apache.commons.cli","/Users/grantnelson/go/src/github.com/apache/commons-cli/src/main/java/org/apache/commons/cli/DefaultParser.java","3","429","Avoid long parameter lists (1 parameters - threshold is 1).","Design","ExcessiveParameterList"
"86","org.apache.commons.cli","/Users/grantnelson/go/src/github.com/apache/commons-cli/src/main/java/org/apache/commons/cli/DefaultParser.java","3","482","The method 'handleShortAndLongOption(String)' has a NCSS line count of 47.","Design","NcssCount"
"87","org.apache.commons.cli","/Users/grantnelson/go/src/github.com/apache/commons-cli/src/main/java/org/apache/commons/cli/DefaultParser.java","3","482","The method 'handleShortAndLongOption(String)' has a cognitive complexity of 28, current threshold is 1","Design","CognitiveComplexity"
"88","org.apache.commons.cli","/Users/grantnelson/go/src/github.com/apache/commons-cli/src/main/java/org/apache/commons/cli/DefaultParser.java","3","482","The method 'handleShortAndLongOption(String)' has a cyclomatic complexity of 13.","Design","CyclomaticComplexity"
"89","org.apache.commons.cli","/Users/grantnelson/go/src/github.com/apache/commons-cli/src/main/java/org/apache/commons/cli/DefaultParser.java","3","482","The method 'handleShortAndLongOption(String)' has an NPath complexity of 14, current threshold is 1","Design","NPathComplexity"
"90","org.apache.commons.cli","/Users/grantnelson/go/src/github.com/apache/commons-cli/src/main/java/org/apache/commons/cli/DefaultParser.java","3","482","Avoid long parameter lists (1 parameters - threshold is 1).","Design","ExcessiveParameterList"
"91","org.apache.commons.cli","/Users/grantnelson/go/src/github.com/apache/commons-cli/src/main/java/org/apache/commons/cli/DefaultParser.java","3","579","The method 'getLongPrefix(String)' has a NCSS line count of 10.","Design","NcssCount"
"92","org.apache.commons.cli","/Users/grantnelson/go/src/github.com/apache/commons-cli/src/main/java/org/apache/commons/cli/DefaultParser.java","3","579","The method 'getLongPrefix(String)' has a cognitive complexity of 3, current threshold is 1","Design","CognitiveComplexity"
"93","org.apache.commons.cli","/Users/grantnelson/go/src/github.com/apache/commons-cli/src/main/java/org/apache/commons/cli/DefaultParser.java","3","579","The method 'getLongPrefix(String)' has a cyclomatic complexity of 3.","Design","CyclomaticComplexity"
"94","org.apache.commons.cli","/Users/grantnelson/go/src/github.com/apache/commons-cli/src/main/java/org/apache/commons/cli/DefaultParser.java","3","579","The method 'getLongPrefix(String)' has an NPath complexity of 3, current threshold is 1","Design","NPathComplexity"
"95","org.apache.commons.cli","/Users/grantnelson/go/src/github.com/apache/commons-cli/src/main/java/org/apache/commons/cli/DefaultParser.java","3","579","Avoid long parameter lists (1 parameters - threshold is 1).","Design","ExcessiveParameterList"
"96","org.apache.commons.cli","/Users/grantnelson/go/src/github.com/apache/commons-cli/src/main/java/org/apache/commons/cli/DefaultParser.java","3","601","The method 'isJavaProperty(String)' has a NCSS line count of 4.","Design","NcssCount"
"97","org.apache.commons.cli","/Users/grantnelson/go/src/github.com/apache/commons-cli/src/main/java/org/apache/commons/cli/DefaultParser.java","3","601","The method 'isJavaProperty(String)' has a cognitive complexity of 2, current threshold is 1","Design","CognitiveComplexity"
"98","org.apache.commons.cli","/Users/grantnelson/go/src/github.com/apache/commons-cli/src/main/java/org/apache/commons/cli/DefaultParser.java","3","601","The method 'isJavaProperty(String)' has a cyclomatic complexity of 1.","Design","CyclomaticComplexity"
"99","org.apache.commons.cli","/Users/grantnelson/go/src/github.com/apache/commons-cli/src/main/java/org/apache/commons/cli/DefaultParser.java","3","601","The method 'isJavaProperty(String)' has an NPath complexity of 3, current threshold is 1","Design","NPathComplexity"
"100","org.apache.commons.cli","/Users/grantnelson/go/src/github.com/apache/commons-cli/src/main/java/org/apache/commons/cli/DefaultParser.java","3","601","Avoid long parameter lists (1 parameters - threshold is 1).","Design","ExcessiveParameterList"
"101","org.apache.commons.cli","/Users/grantnelson/go/src/github.com/apache/commons-cli/src/main/java/org/apache/commons/cli/DefaultParser.java","3","609","The method 'handleOption(Option)' has a NCSS line count of 9.","Design","NcssCount"
"102","org.apache.commons.cli","/Users/grantnelson/go/src/github.com/apache/commons-cli/src/main/java/org/apache/commons/cli/DefaultParser.java","3","609","The method 'handleOption(Option)' has a cognitive complexity of 2, current threshold is 1","Design","CognitiveComplexity"
"103","org.apache.commons.cli","/Users/grantnelson/go/src/github.com/apache/commons-cli/src/main/java/org/apache/commons/cli/DefaultParser.java","3","609","The method 'handleOption(Option)' has a cyclomatic complexity of 2.","Design","CyclomaticComplexity"
"104","org.apache.commons.cli","/Users/grantnelson/go/src/github.com/apache/commons-cli/src/main/java/org/apache/commons/cli/DefaultParser.java","3","609","The method 'handleOption(Option)' has an NPath complexity of 2, current threshold is 1","Design","NPathComplexity"
"105","org.apache.commons.cli","/Users/grantnelson/go/src/github.com/apache/commons-cli/src/main/java/org/apache/commons/cli/DefaultParser.java","3","609","Avoid long parameter lists (1 parameters - threshold is 1).","Design","ExcessiveParameterList"
"106","org.apache.commons.cli","/Users/grantnelson/go/src/github.com/apache/commons-cli/src/main/java/org/apache/commons/cli/DefaultParser.java","3","635","The method 'updateRequiredOptions(Option)' has a NCSS line count of 8.","Design","NcssCount"
"107","org.apache.commons.cli","/Users/grantnelson/go/src/github.com/apache/commons-cli/src/main/java/org/apache/commons/cli/DefaultParser.java","3","635","The method 'updateRequiredOptions(Option)' has a cognitive complexity of 4, current threshold is 1","Design","CognitiveComplexity"
"108","org.apache.commons.cli","/Users/grantnelson/go/src/github.com/apache/commons-cli/src/main/java/org/apache/commons/cli/DefaultParser.java","3","635","The method 'updateRequiredOptions(Option)' has a cyclomatic complexity of 4.","Design","CyclomaticComplexity"
"109","org.apache.commons.cli","/Users/grantnelson/go/src/github.com/apache/commons-cli/src/main/java/org/apache/commons/cli/DefaultParser.java","3","635","The method 'updateRequiredOptions(Option)' has an NPath complexity of 6, current threshold is 1","Design","NPathComplexity"
"110","org.apache.commons.cli","/Users/grantnelson/go/src/github.com/apache/commons-cli/src/main/java/org/apache/commons/cli/DefaultParser.java","3","635","Avoid long parameter lists (1 parameters - threshold is 1).","Design","ExcessiveParameterList"
"111","org.apache.commons.cli","/Users/grantnelson/go/src/github.com/apache/commons-cli/src/main/java/org/apache/commons/cli/DefaultParser.java","3","683","The method 'handleConcatenatedOptions(String)' has a NCSS line count of 11.","Design","NcssCount"
"112","org.apache.commons.cli","/Users/grantnelson/go/src/github.com/apache/commons-cli/src/main/java/org/apache/commons/cli/DefaultParser.java","3","683","The method 'handleConcatenatedOptions(String)' has a cognitive complexity of 12, current threshold is 1","Design","CognitiveComplexity"
"113","org.apache.commons.cli","/Users/grantnelson/go/src/github.com/apache/commons-cli/src/main/java/org/apache/commons/cli/DefaultParser.java","3","683","The method 'handleConcatenatedOptions(String)' has a cyclomatic complexity of 7.","Design","CyclomaticComplexity"
"114","org.apache.commons.cli","/Users/grantnelson/go/src/github.com/apache/commons-cli/src/main/java/org/apache/commons/cli/DefaultParser.java","3","683","The method 'handleConcatenatedOptions(String)' has an NPath complexity of 7, current threshold is 1","Design","NPathComplexity"
"115","org.apache.commons.cli","/Users/grantnelson/go/src/github.com/apache/commons-cli/src/main/java/org/apache/commons/cli/DefaultParser.java","3","683","Avoid long parameter lists (1 parameters - threshold is 1).","Design","ExcessiveParameterList"
"1","org.apache.commons.cli","/Users/grantnelson/go/src/github.com/apache/commons-cli/src/main/java/org/apache/commons/cli/GnuParser.java","3","31","A value of 2 may denote a high amount of coupling within the class (threshold: 1)","Design","CouplingBetweenObjects"
"2","org.apache.commons.cli","/Users/grantnelson/go/src/github.com/apache/commons-cli/src/main/java/org/apache/commons/cli/GnuParser.java","3","31","The class 'GnuParser' has a NCSS line count of 34 (Highest = 33).","Design","NcssCount"
"3","org.apache.commons.cli","/Users/grantnelson/go/src/github.com/apache/commons-cli/src/main/java/org/apache/commons/cli/GnuParser.java","3","31","The class 'GnuParser' has a total cyclomatic complexity of 11 (highest 11).","Design","CyclomaticComplexity"
"4","org.apache.commons.cli","/Users/grantnelson/go/src/github.com/apache/commons-cli/src/main/java/org/apache/commons/cli/GnuParser.java","3","51","The method 'flatten(Options, String[], boolean)' has a NCSS line count of 33.","Design","NcssCount"
"5","org.apache.commons.cli","/Users/grantnelson/go/src/github.com/apache/commons-cli/src/main/java/org/apache/commons/cli/GnuParser.java","3","51","The method 'flatten(Options, String[], boolean)' has a cognitive complexity of 24, current threshold is 1","Design","CognitiveComplexity"
"6","org.apache.commons.cli","/Users/grantnelson/go/src/github.com/apache/commons-cli/src/main/java/org/apache/commons/cli/GnuParser.java","3","51","The method 'flatten(Options, String[], boolean)' has a cyclomatic complexity of 11.","Design","CyclomaticComplexity"
"7","org.apache.commons.cli","/Users/grantnelson/go/src/github.com/apache/commons-cli/src/main/java/org/apache/commons/cli/GnuParser.java","3","51","The method 'flatten(Options, String[], boolean)' has an NPath complexity of 28, current threshold is 1","Design","NPathComplexity"
"8","org.apache.commons.cli","/Users/grantnelson/go/src/github.com/apache/commons-cli/src/main/java/org/apache/commons/cli/GnuParser.java","3","51","Avoid long parameter lists (3 parameters - threshold is 1).","Design","ExcessiveParameterList"
"1","org.apache.commons.cli","/Users/grantnelson/go/src/github.com/apache/commons-cli/src/main/java/org/apache/commons/cli/HelpFormatter.java","3","73","A value of 10 may denote a high amount of coupling within the class (threshold: 1)","Design","CouplingBetweenObjects"
"2","org.apache.commons.cli","/Users/grantnelson/go/src/github.com/apache/commons-cli/src/main/java/org/apache/commons/cli/HelpFormatter.java","3","73","Possible God Class (WMC=105, ATFD=23, TCC=1.829%)","Design","GodClass"
"3","org.apache.commons.cli","/Users/grantnelson/go/src/github.com/apache/commons-cli/src/main/java/org/apache/commons/cli/HelpFormatter.java","3","73","The class 'HelpFormatter' has a NCSS line count of 243 (Highest = 39).","Design","NcssCount"
"4","org.apache.commons.cli","/Users/grantnelson/go/src/github.com/apache/commons-cli/src/main/java/org/apache/commons/cli/HelpFormatter.java","3","73","The class 'HelpFormatter' has a total cyclomatic complexity of 105 (highest 15).","Design","CyclomaticComplexity"
"5","org.apache.commons.cli","/Users/grantnelson/go/src/github.com/apache/commons-cli/src/main/java/org/apache/commons/cli/HelpFormatter.java","3","73","This class has 41 public methods and attributes; current threshold is 1.","Design","ExcessivePublicCount"
"6","org.apache.commons.cli","/Users/grantnelson/go/src/github.com/apache/commons-cli/src/main/java/org/apache/commons/cli/HelpFormatter.java","3","195","The method 'setWidth(int)' has a NCSS line count of 2.","Design","NcssCount"
"7","org.apache.commons.cli","/Users/grantnelson/go/src/github.com/apache/commons-cli/src/main/java/org/apache/commons/cli/HelpFormatter.java","3","195","The method 'setWidth(int)' has a cyclomatic complexity of 1.","Design","CyclomaticComplexity"
"8","org.apache.commons.cli","/Users/grantnelson/go/src/github.com/apache/commons-cli/src/main/java/org/apache/commons/cli/HelpFormatter.java","3","195","The method 'setWidth(int)' has an NPath complexity of 1, current threshold is 1","Design","NPathComplexity"
"9","org.apache.commons.cli","/Users/grantnelson/go/src/github.com/apache/commons-cli/src/main/java/org/apache/commons/cli/HelpFormatter.java","3","195","Avoid long parameter lists (1 parameters - threshold is 1).","Design","ExcessiveParameterList"
"10","org.apache.commons.cli","/Users/grantnelson/go/src/github.com/apache/commons-cli/src/main/java/org/apache/commons/cli/HelpFormatter.java","3","205","The method 'getWidth()' has a NCSS line count of 2.","Design","NcssCount"
"11","org.apache.commons.cli","/Users/grantnelson/go/src/github.com/apache/commons-cli/src/main/java/org/apache/commons/cli/HelpFormatter.java","3","205","The method 'getWidth()' has a cyclomatic complexity of 1.","Design","CyclomaticComplexity"
"12","org.apache.commons.cli","/Users/grantnelson/go/src/github.com/apache/commons-cli/src/main/java/org/apache/commons/cli/HelpFormatter.java","3","205","The method 'getWidth()' has an NPath complexity of 1, current threshold is 1","Design","NPathComplexity"
"13","org.apache.commons.cli","/Users/grantnelson/go/src/github.com/apache/commons-cli/src/main/java/org/apache/commons/cli/HelpFormatter.java","3","215","The method 'setLeftPadding(int)' has a NCSS line count of 2.","Design","NcssCount"
"14","org.apache.commons.cli","/Users/grantnelson/go/src/github.com/apache/commons-cli/src/main/java/org/apache/commons/cli/HelpFormatter.java","3","215","The method 'setLeftPadding(int)' has a cyclomatic complexity of 1.","Design","CyclomaticComplexity"
"15","org.apache.commons.cli","/Users/grantnelson/go/src/github.com/apache/commons-cli/src/main/java/org/apache/commons/cli/HelpFormatter.java","3","215","The method 'setLeftPadding(int)' has an NPath complexity of 1, current threshold is 1","Design","NPathComplexity"
"16","org.apache.commons.cli","/Users/grantnelson/go/src/github.com/apache/commons-cli/src/main/java/org/apache/commons/cli/HelpFormatter.java","3","215","Avoid long parameter lists (1 parameters - threshold is 1).","Design","ExcessiveParameterList"
"17","org.apache.commons.cli","/Users/grantnelson/go/src/github.com/apache/commons-cli/src/main/java/org/apache/commons/cli/HelpFormatter.java","3","225","The method 'getLeftPadding()' has a NCSS line count of 2.","Design","NcssCount"
"18","org.apache.commons.cli","/Users/grantnelson/go/src/github.com/apache/commons-cli/src/main/java/org/apache/commons/cli/HelpFormatter.java","3","225","The method 'getLeftPadding()' has a cyclomatic complexity of 1.","Design","CyclomaticComplexity"
"19","org.apache.commons.cli","/Users/grantnelson/go/src/github.com/apache/commons-cli/src/main/java/org/apache/commons/cli/HelpFormatter.java","3","225","The method 'getLeftPadding()' has an NPath complexity of 1, current threshold is 1","Design","NPathComplexity"
"20","org.apache.commons.cli","/Users/grantnelson/go/src/github.com/apache/commons-cli/src/main/java/org/apache/commons/cli/HelpFormatter.java","3","235","The method 'setDescPadding(int)' has a NCSS line count of 2.","Design","NcssCount"
"21","org.apache.commons.cli","/Users/grantnelson/go/src/github.com/apache/commons-cli/src/main/java/org/apache/commons/cli/HelpFormatter.java","3","235","The method 'setDescPadding(int)' has a cyclomatic complexity of 1.","Design","CyclomaticComplexity"
"22","org.apache.commons.cli","/Users/grantnelson/go/src/github.com/apache/commons-cli/src/main/java/org/apache/commons/cli/HelpFormatter.java","3","235","The method 'setDescPadding(int)' has an NPath complexity of 1, current threshold is 1","Design","NPathComplexity"
"23","org.apache.commons.cli","/Users/grantnelson/go/src/github.com/apache/commons-cli/src/main/java/org/apache/commons/cli/HelpFormatter.java","3","235","Avoid long parameter lists (1 parameters - threshold is 1).","Design","ExcessiveParameterList"
"24","org.apache.commons.cli","/Users/grantnelson/go/src/github.com/apache/commons-cli/src/main/java/org/apache/commons/cli/HelpFormatter.java","3","245","The method 'getDescPadding()' has a NCSS line count of 2.","Design","NcssCount"
"25","org.apache.commons.cli","/Users/grantnelson/go/src/github.com/apache/commons-cli/src/main/java/org/apache/commons/cli/HelpFormatter.java","3","245","The method 'getDescPadding()' has a cyclomatic complexity of 1.","Design","CyclomaticComplexity"
"26","org.apache.commons.cli","/Users/grantnelson/go/src/github.com/apache/commons-cli/src/main/java/org/apache/commons/cli/HelpFormatter.java","3","245","The method 'getDescPadding()' has an NPath complexity of 1, current threshold is 1","Design","NPathComplexity"
"27","org.apache.commons.cli","/Users/grantnelson/go/src/github.com/apache/commons-cli/src/main/java/org/apache/commons/cli/HelpFormatter.java","3","255","The method 'setSyntaxPrefix(String)' has a NCSS line count of 2.","Design","NcssCount"
"28","org.apache.commons.cli","/Users/grantnelson/go/src/github.com/apache/commons-cli/src/main/java/org/apache/commons/cli/HelpFormatter.java","3","255","The method 'setSyntaxPrefix(String)' has a cyclomatic complexity of 1.","Design","CyclomaticComplexity"
"29","org.apache.commons.cli","/Users/grantnelson/go/src/github.com/apache/commons-cli/src/main/java/org/apache/commons/cli/HelpFormatter.java","3","255","The method 'setSyntaxPrefix(String)' has an NPath complexity of 1, current threshold is 1","Design","NPathComplexity"
"30","org.apache.commons.cli","/Users/grantnelson/go/src/github.com/apache/commons-cli/src/main/java/org/apache/commons/cli/HelpFormatter.java","3","255","Avoid long parameter lists (1 parameters - threshold is 1).","Design","ExcessiveParameterList"
"31","org.apache.commons.cli","/Users/grantnelson/go/src/github.com/apache/commons-cli/src/main/java/org/apache/commons/cli/HelpFormatter.java","3","265","The method 'getSyntaxPrefix()' has a NCSS line count of 2.","Design","NcssCount"
"32","org.apache.commons.cli","/Users/grantnelson/go/src/github.com/apache/commons-cli/src/main/java/org/apache/commons/cli/HelpFormatter.java","3","265","The method 'getSyntaxPrefix()' has a cyclomatic complexity of 1.","Design","CyclomaticComplexity"
"33","org.apache.commons.cli","/Users/grantnelson/go/src/github.com/apache/commons-cli/src/main/java/org/apache/commons/cli/HelpFormatter.java","3","265","The method 'getSyntaxPrefix()' has an NPath complexity of 1, current threshold is 1","Design","NPathComplexity"
"34","org.apache.commons.cli","/Users/grantnelson/go/src/github.com/apache/commons-cli/src/main/java/org/apache/commons/cli/HelpFormatter.java","3","275","The method 'setNewLine(String)' has a NCSS line count of 2.","Design","NcssCount"
"35","org.apache.commons.cli","/Users/grantnelson/go/src/github.com/apache/commons-cli/src/main/java/org/apache/commons/cli/HelpFormatter.java","3","275","The method 'setNewLine(String)' has a cyclomatic complexity of 1.","Design","CyclomaticComplexity"
"36","org.apache.commons.cli","/Users/grantnelson/go/src/github.com/apache/commons-cli/src/main/java/org/apache/commons/cli/HelpFormatter.java","3","275","The method 'setNewLine(String)' has an NPath complexity of 1, current threshold is 1","Design","NPathComplexity"
"37","org.apache.commons.cli","/Users/grantnelson/go/src/github.com/apache/commons-cli/src/main/java/org/apache/commons/cli/HelpFormatter.java","3","275","Avoid long parameter lists (1 parameters - threshold is 1).","Design","ExcessiveParameterList"
"38","org.apache.commons.cli","/Users/grantnelson/go/src/github.com/apache/commons-cli/src/main/java/org/apache/commons/cli/HelpFormatter.java","3","285","The method 'getNewLine()' has a NCSS line count of 2.","Design","NcssCount"
"39","org.apache.commons.cli","/Users/grantnelson/go/src/github.com/apache/commons-cli/src/main/java/org/apache/commons/cli/HelpFormatter.java","3","285","The method 'getNewLine()' has a cyclomatic complexity of 1.","Design","CyclomaticComplexity"
"40","org.apache.commons.cli","/Users/grantnelson/go/src/github.com/apache/commons-cli/src/main/java/org/apache/commons/cli/HelpFormatter.java","3","285","The method 'getNewLine()' has an NPath complexity of 1, current threshold is 1","Design","NPathComplexity"
"41","org.apache.commons.cli","/Users/grantnelson/go/src/github.com/apache/commons-cli/src/main/java/org/apache/commons/cli/HelpFormatter.java","3","295","The method 'setOptPrefix(String)' has a NCSS line count of 2.","Design","NcssCount"
"42","org.apache.commons.cli","/Users/grantnelson/go/src/github.com/apache/commons-cli/src/main/java/org/apache/commons/cli/HelpFormatter.java","3","295","The method 'setOptPrefix(String)' has a cyclomatic complexity of 1.","Design","CyclomaticComplexity"
"43","org.apache.commons.cli","/Users/grantnelson/go/src/github.com/apache/commons-cli/src/main/java/org/apache/commons/cli/HelpFormatter.java","3","295","The method 'setOptPrefix(String)' has an NPath complexity of 1, current threshold is 1","Design","NPathComplexity"
"44","org.apache.commons.cli","/Users/grantnelson/go/src/github.com/apache/commons-cli/src/main/java/org/apache/commons/cli/HelpFormatter.java","3","295","Avoid long parameter lists (1 parameters - threshold is 1).","Design","ExcessiveParameterList"
"45","org.apache.commons.cli","/Users/grantnelson/go/src/github.com/apache/commons-cli/src/main/java/org/apache/commons/cli/HelpFormatter.java","3","305","The method 'getOptPrefix()' has a NCSS line count of 2.","Design","NcssCount"
"46","org.apache.commons.cli","/Users/grantnelson/go/src/github.com/apache/commons-cli/src/main/java/org/apache/commons/cli/HelpFormatter.java","3","305","The method 'getOptPrefix()' has a cyclomatic complexity of 1.","Design","CyclomaticComplexity"
"47","org.apache.commons.cli","/Users/grantnelson/go/src/github.com/apache/commons-cli/src/main/java/org/apache/commons/cli/HelpFormatter.java","3","305","The method 'getOptPrefix()' has an NPath complexity of 1, current threshold is 1","Design","NPathComplexity"
"48","org.apache.commons.cli","/Users/grantnelson/go/src/github.com/apache/commons-cli/src/main/java/org/apache/commons/cli/HelpFormatter.java","3","315","The method 'setLongOptPrefix(String)' has a NCSS line count of 2.","Design","NcssCount"
"49","org.apache.commons.cli","/Users/grantnelson/go/src/github.com/apache/commons-cli/src/main/java/org/apache/commons/cli/HelpFormatter.java","3","315","The method 'setLongOptPrefix(String)' has a cyclomatic complexity of 1.","Design","CyclomaticComplexity"
"50","org.apache.commons.cli","/Users/grantnelson/go/src/github.com/apache/commons-cli/src/main/java/org/apache/commons/cli/HelpFormatter.java","3","315","The method 'setLongOptPrefix(String)' has an NPath complexity of 1, current threshold is 1","Design","NPathComplexity"
"51","org.apache.commons.cli","/Users/grantnelson/go/src/github.com/apache/commons-cli/src/main/java/org/apache/commons/cli/HelpFormatter.java","3","315","Avoid long parameter lists (1 parameters - threshold is 1).","Design","ExcessiveParameterList"
"52","org.apache.commons.cli","/Users/grantnelson/go/src/github.com/apache/commons-cli/src/main/java/org/apache/commons/cli/HelpFormatter.java","3","325","The method 'getLongOptPrefix()' has a NCSS line count of 2.","Design","NcssCount"
"53","org.apache.commons.cli","/Users/grantnelson/go/src/github.com/apache/commons-cli/src/main/java/org/apache/commons/cli/HelpFormatter.java","3","325","The method 'getLongOptPrefix()' has a cyclomatic complexity of 1.","Design","CyclomaticComplexity"
"54","org.apache.commons.cli","/Users/grantnelson/go/src/github.com/apache/commons-cli/src/main/java/org/apache/commons/cli/HelpFormatter.java","3","325","The method 'getLongOptPrefix()' has an NPath complexity of 1, current threshold is 1","Design","NPathComplexity"
"55","org.apache.commons.cli","/Users/grantnelson/go/src/github.com/apache/commons-cli/src/main/java/org/apache/commons/cli/HelpFormatter.java","3","338","The method 'setLongOptSeparator(String)' has a NCSS line count of 2.","Design","NcssCount"
"56","org.apache.commons.cli","/Users/grantnelson/go/src/github.com/apache/commons-cli/src/main/java/org/apache/commons/cli/HelpFormatter.java","3","338","The method 'setLongOptSeparator(String)' has a cyclomatic complexity of 1.","Design","CyclomaticComplexity"
"57","org.apache.commons.cli","/Users/grantnelson/go/src/github.com/apache/commons-cli/src/main/java/org/apache/commons/cli/HelpFormatter.java","3","338","The method 'setLongOptSeparator(String)' has an NPath complexity of 1, current threshold is 1","Design","NPathComplexity"
"58","org.apache.commons.cli","/Users/grantnelson/go/src/github.com/apache/commons-cli/src/main/java/org/apache/commons/cli/HelpFormatter.java","3","338","Avoid long parameter lists (1 parameters - threshold is 1).","Design","ExcessiveParameterList"
"59","org.apache.commons.cli","/Users/grantnelson/go/src/github.com/apache/commons-cli/src/main/java/org/apache/commons/cli/HelpFormatter.java","3","349","The method 'getLongOptSeparator()' has a NCSS line count of 2.","Design","NcssCount"
"60","org.apache.commons.cli","/Users/grantnelson/go/src/github.com/apache/commons-cli/src/main/java/org/apache/commons/cli/HelpFormatter.java","3","349","The method 'getLongOptSeparator()' has a cyclomatic complexity of 1.","Design","CyclomaticComplexity"
"61","org.apache.commons.cli","/Users/grantnelson/go/src/github.com/apache/commons-cli/src/main/java/org/apache/commons/cli/HelpFormatter.java","3","349","The method 'getLongOptSeparator()' has an NPath complexity of 1, current threshold is 1","Design","NPathComplexity"
"62","org.apache.commons.cli","/Users/grantnelson/go/src/github.com/apache/commons-cli/src/main/java/org/apache/commons/cli/HelpFormatter.java","3","359","The method 'setArgName(String)' has a NCSS line count of 2.","Design","NcssCount"
"63","org.apache.commons.cli","/Users/grantnelson/go/src/github.com/apache/commons-cli/src/main/java/org/apache/commons/cli/HelpFormatter.java","3","359","The method 'setArgName(String)' has a cyclomatic complexity of 1.","Design","CyclomaticComplexity"
"64","org.apache.commons.cli","/Users/grantnelson/go/src/github.com/apache/commons-cli/src/main/java/org/apache/commons/cli/HelpFormatter.java","3","359","The method 'setArgName(String)' has an NPath complexity of 1, current threshold is 1","Design","NPathComplexity"
"65","org.apache.commons.cli","/Users/grantnelson/go/src/github.com/apache/commons-cli/src/main/java/org/apache/commons/cli/HelpFormatter.java","3","359","Avoid long parameter lists (1 parameters - threshold is 1).","Design","ExcessiveParameterList"
"66","org.apache.commons.cli","/Users/grantnelson/go/src/github.com/apache/commons-cli/src/main/java/org/apache/commons/cli/HelpFormatter.java","3","369","The method 'getArgName()' has a NCSS line count of 2.","Design","NcssCount"
"67","org.apache.commons.cli","/Users/grantnelson/go/src/github.com/apache/commons-cli/src/main/java/org/apache/commons/cli/HelpFormatter.java","3","369","The method 'getArgName()' has a cyclomatic complexity of 1.","Design","CyclomaticComplexity"
"68","org.apache.commons.cli","/Users/grantnelson/go/src/github.com/apache/commons-cli/src/main/java/org/apache/commons/cli/HelpFormatter.java","3","369","The method 'getArgName()' has an NPath complexity of 1, current threshold is 1","Design","NPathComplexity"
"69","org.apache.commons.cli","/Users/grantnelson/go/src/github.com/apache/commons-cli/src/main/java/org/apache/commons/cli/HelpFormatter.java","3","381","The method 'getOptionComparator()' has a NCSS line count of 2.","Design","NcssCount"
"70","org.apache.commons.cli","/Users/grantnelson/go/src/github.com/apache/commons-cli/src/main/java/org/apache/commons/cli/HelpFormatter.java","3","381","The method 'getOptionComparator()' has a cyclomatic complexity of 1.","Design","CyclomaticComplexity"
"71","org.apache.commons.cli","/Users/grantnelson/go/src/github.com/apache/commons-cli/src/main/java/org/apache/commons/cli/HelpFormatter.java","3","381","The method 'getOptionComparator()' has an NPath complexity of 1, current threshold is 1","Design","NPathComplexity"
"72","org.apache.commons.cli","/Users/grantnelson/go/src/github.com/apache/commons-cli/src/main/java/org/apache/commons/cli/HelpFormatter.java","3","393","The method 'setOptionComparator(Comparator<Option>)' has a NCSS line count of 2.","Design","NcssCount"
"73","org.apache.commons.cli","/Users/grantnelson/go/src/github.com/apache/commons-cli/src/main/java/org/apache/commons/cli/HelpFormatter.java","3","393","The method 'setOptionComparator(Comparator<Option>)' has a cyclomatic complexity of 1.","Design","CyclomaticComplexity"
"74","org.apache.commons.cli","/Users/grantnelson/go/src/github.com/apache/commons-cli/src/main/java/org/apache/commons/cli/HelpFormatter.java","3","393","The method 'setOptionComparator(Comparator<Option>)' has an NPath complexity of 1, current threshold is 1","Design","NPathComplexity"
"75","org.apache.commons.cli","/Users/grantnelson/go/src/github.com/apache/commons-cli/src/main/java/org/apache/commons/cli/HelpFormatter.java","3","393","Avoid long parameter lists (1 parameters - threshold is 1).","Design","ExcessiveParameterList"
"76","org.apache.commons.cli","/Users/grantnelson/go/src/github.com/apache/commons-cli/src/main/java/org/apache/commons/cli/HelpFormatter.java","3","406","The method 'printHelp(String, Options)' has a NCSS line count of 2.","Design","NcssCount"
"77","org.apache.commons.cli","/Users/grantnelson/go/src/github.com/apache/commons-cli/src/main/java/org/apache/commons/cli/HelpFormatter.java","3","406","The method 'printHelp(String, Options)' has a cyclomatic complexity of 1.","Design","CyclomaticComplexity"
"78","org.apache.commons.cli","/Users/grantnelson/go/src/github.com/apache/commons-cli/src/main/java/org/apache/commons/cli/HelpFormatter.java","3","406","The method 'printHelp(String, Options)' has an NPath complexity of 1, current threshold is 1","Design","NPathComplexity"
"79","org.apache.commons.cli","/Users/grantnelson/go/src/github.com/apache/commons-cli/src/main/java/org/apache/commons/cli/HelpFormatter.java","3","406","Avoid long parameter lists (2 parameters - threshold is 1).","Design","ExcessiveParameterList"
"80","org.apache.commons.cli","/Users/grantnelson/go/src/github.com/apache/commons-cli/src/main/java/org/apache/commons/cli/HelpFormatter.java","3","421","The method 'printHelp(String, Options, boolean)' has a NCSS line count of 2.","Design","NcssCount"
"81","org.apache.commons.cli","/Users/grantnelson/go/src/github.com/apache/commons-cli/src/main/java/org/apache/commons/cli/HelpFormatter.java","3","421","The method 'printHelp(String, Options, boolean)' has a cyclomatic complexity of 1.","Design","CyclomaticComplexity"
"82","org.apache.commons.cli","/Users/grantnelson/go/src/github.com/apache/commons-cli/src/main/java/org/apache/commons/cli/HelpFormatter.java","3","421","The method 'printHelp(String, Options, boolean)' has an NPath complexity of 1, current threshold is 1","Design","NPathComplexity"
"83","org.apache.commons.cli","/Users/grantnelson/go/src/github.com/apache/commons-cli/src/main/java/org/apache/commons/cli/HelpFormatter.java","3","421","Avoid long parameter lists (3 parameters - threshold is 1).","Design","ExcessiveParameterList"
"84","org.apache.commons.cli","/Users/grantnelson/go/src/github.com/apache/commons-cli/src/main/java/org/apache/commons/cli/HelpFormatter.java","3","436","The method 'printHelp(String, String, Options, String)' has a NCSS line count of 2.","Design","NcssCount"
"85","org.apache.commons.cli","/Users/grantnelson/go/src/github.com/apache/commons-cli/src/main/java/org/apache/commons/cli/HelpFormatter.java","3","436","The method 'printHelp(String, String, Options, String)' has a cyclomatic complexity of 1.","Design","CyclomaticComplexity"
"86","org.apache.commons.cli","/Users/grantnelson/go/src/github.com/apache/commons-cli/src/main/java/org/apache/commons/cli/HelpFormatter.java","3","436","The method 'printHelp(String, String, Options, String)' has an NPath complexity of 1, current threshold is 1","Design","NPathComplexity"
"87","org.apache.commons.cli","/Users/grantnelson/go/src/github.com/apache/commons-cli/src/main/java/org/apache/commons/cli/HelpFormatter.java","3","436","Avoid long parameter lists (4 parameters - threshold is 1).","Design","ExcessiveParameterList"
"88","org.apache.commons.cli","/Users/grantnelson/go/src/github.com/apache/commons-cli/src/main/java/org/apache/commons/cli/HelpFormatter.java","3","453","The method 'printHelp(String, String, Options, String, boolean)' has a NCSS line count of 2.","Design","NcssCount"
"89","org.apache.commons.cli","/Users/grantnelson/go/src/github.com/apache/commons-cli/src/main/java/org/apache/commons/cli/HelpFormatter.java","3","453","The method 'printHelp(String, String, Options, String, boolean)' has a cyclomatic complexity of 1.","Design","CyclomaticComplexity"
"90","org.apache.commons.cli","/Users/grantnelson/go/src/github.com/apache/commons-cli/src/main/java/org/apache/commons/cli/HelpFormatter.java","3","453","The method 'printHelp(String, String, Options, String, boolean)' has an NPath complexity of 1, current threshold is 1","Design","NPathComplexity"
"91","org.apache.commons.cli","/Users/grantnelson/go/src/github.com/apache/commons-cli/src/main/java/org/apache/commons/cli/HelpFormatter.java","3","453","Avoid long parameter lists (5 parameters - threshold is 1).","Design","ExcessiveParameterList"
"92","org.apache.commons.cli","/Users/grantnelson/go/src/github.com/apache/commons-cli/src/main/java/org/apache/commons/cli/HelpFormatter.java","3","469","The method 'printHelp(int, String, String, Options, String)' has a NCSS line count of 2.","Design","NcssCount"
"93","org.apache.commons.cli","/Users/grantnelson/go/src/github.com/apache/commons-cli/src/main/java/org/apache/commons/cli/HelpFormatter.java","3","469","The method 'printHelp(int, String, String, Options, String)' has a cyclomatic complexity of 1.","Design","CyclomaticComplexity"
"94","org.apache.commons.cli","/Users/grantnelson/go/src/github.com/apache/commons-cli/src/main/java/org/apache/commons/cli/HelpFormatter.java","3","469","The method 'printHelp(int, String, String, Options, String)' has an NPath complexity of 1, current threshold is 1","Design","NPathComplexity"
"95","org.apache.commons.cli","/Users/grantnelson/go/src/github.com/apache/commons-cli/src/main/java/org/apache/commons/cli/HelpFormatter.java","3","469","Avoid long parameter lists (5 parameters - threshold is 1).","Design","ExcessiveParameterList"
"96","org.apache.commons.cli","/Users/grantnelson/go/src/github.com/apache/commons-cli/src/main/java/org/apache/commons/cli/HelpFormatter.java","3","487","The method 'printHelp(int, String, String, Options, String, boolean)' has a NCSS line count of 4.","Design","NcssCount"
"97","org.apache.commons.cli","/Users/grantnelson/go/src/github.com/apache/commons-cli/src/main/java/org/apache/commons/cli/HelpFormatter.java","3","487","The method 'printHelp(int, String, String, Options, String, boolean)' has a cyclomatic complexity of 1.","Design","CyclomaticComplexity"
"98","org.apache.commons.cli","/Users/grantnelson/go/src/github.com/apache/commons-cli/src/main/java/org/apache/commons/cli/HelpFormatter.java","3","487","The method 'printHelp(int, String, String, Options, String, boolean)' has an NPath complexity of 1, current threshold is 1","Design","NPathComplexity"
"99","org.apache.commons.cli","/Users/grantnelson/go/src/github.com/apache/commons-cli/src/main/java/org/apache/commons/cli/HelpFormatter.java","3","487","Avoid long parameter lists (6 parameters - threshold is 1).","Design","ExcessiveParameterList"
"100","org.apache.commons.cli","/Users/grantnelson/go/src/github.com/apache/commons-cli/src/main/java/org/apache/commons/cli/HelpFormatter.java","3","513","The method 'printHelp(PrintWriter, int, String, String, Options, int, int, String)' has a NCSS line count of 2.","Design","NcssCount"
"101","org.apache.commons.cli","/Users/grantnelson/go/src/github.com/apache/commons-cli/src/main/java/org/apache/commons/cli/HelpFormatter.java","3","513","The method 'printHelp(PrintWriter, int, String, String, Options, int, int, String)' has a cyclomatic complexity of 1.","Design","CyclomaticComplexity"
"102","org.apache.commons.cli","/Users/grantnelson/go/src/github.com/apache/commons-cli/src/main/java/org/apache/commons/cli/HelpFormatter.java","3","513","The method 'printHelp(PrintWriter, int, String, String, Options, int, int, String)' has an NPath complexity of 1, current threshold is 1","Design","NPathComplexity"
"103","org.apache.commons.cli","/Users/grantnelson/go/src/github.com/apache/commons-cli/src/main/java/org/apache/commons/cli/HelpFormatter.java","3","513","Avoid long parameter lists (8 parameters - threshold is 1).","Design","ExcessiveParameterList"
"104","org.apache.commons.cli","/Users/grantnelson/go/src/github.com/apache/commons-cli/src/main/java/org/apache/commons/cli/HelpFormatter.java","3","540","The method 'printHelp(PrintWriter, int, String, String, Options, int, int, String, boolean)' has a NCSS line count of 12.","Design","NcssCount"
"105","org.apache.commons.cli","/Users/grantnelson/go/src/github.com/apache/commons-cli/src/main/java/org/apache/commons/cli/HelpFormatter.java","3","540","The method 'printHelp(PrintWriter, int, String, String, Options, int, int, String, boolean)' has a cognitive complexity of 8, current threshold is 1","Design","CognitiveComplexity"
"106","org.apache.commons.cli","/Users/grantnelson/go/src/github.com/apache/commons-cli/src/main/java/org/apache/commons/cli/HelpFormatter.java","3","540","The method 'printHelp(PrintWriter, int, String, String, Options, int, int, String, boolean)' has a cyclomatic complexity of 9.","Design","CyclomaticComplexity"
"107","org.apache.commons.cli","/Users/grantnelson/go/src/github.com/apache/commons-cli/src/main/java/org/apache/commons/cli/HelpFormatter.java","3","540","The method 'printHelp(PrintWriter, int, String, String, Options, int, int, String, boolean)' has an NPath complexity of 20, current threshold is 1","Design","NPathComplexity"
"108","org.apache.commons.cli","/Users/grantnelson/go/src/github.com/apache/commons-cli/src/main/java/org/apache/commons/cli/HelpFormatter.java","3","540","Avoid long parameter lists (9 parameters - threshold is 1).","Design","ExcessiveParameterList"
"109","org.apache.commons.cli","/Users/grantnelson/go/src/github.com/apache/commons-cli/src/main/java/org/apache/commons/cli/HelpFormatter.java","3","579","The method 'printUsage(PrintWriter, int, String, Options)' has a NCSS line count of 18.","Design","NcssCount"
"110","org.apache.commons.cli","/Users/grantnelson/go/src/github.com/apache/commons-cli/src/main/java/org/apache/commons/cli/HelpFormatter.java","3","579","The method 'printUsage(PrintWriter, int, String, Options)' has a cognitive complexity of 10, current threshold is 1","Design","CognitiveComplexity"
"111","org.apache.commons.cli","/Users/grantnelson/go/src/github.com/apache/commons-cli/src/main/java/org/apache/commons/cli/HelpFormatter.java","3","579","The method 'printUsage(PrintWriter, int, String, Options)' has a cyclomatic complexity of 6.","Design","CyclomaticComplexity"
"112","org.apache.commons.cli","/Users/grantnelson/go/src/github.com/apache/commons-cli/src/main/java/org/apache/commons/cli/HelpFormatter.java","3","579","The method 'printUsage(PrintWriter, int, String, Options)' has an NPath complexity of 14, current threshold is 1","Design","NPathComplexity"
"113","org.apache.commons.cli","/Users/grantnelson/go/src/github.com/apache/commons-cli/src/main/java/org/apache/commons/cli/HelpFormatter.java","3","579","Avoid long parameter lists (4 parameters - threshold is 1).","Design","ExcessiveParameterList"
"114","org.apache.commons.cli","/Users/grantnelson/go/src/github.com/apache/commons-cli/src/main/java/org/apache/commons/cli/HelpFormatter.java","3","644","The method 'appendOptionGroup(StringBuffer, OptionGroup)' has a NCSS line count of 12.","Design","NcssCount"
"115","org.apache.commons.cli","/Users/grantnelson/go/src/github.com/apache/commons-cli/src/main/java/org/apache/commons/cli/HelpFormatter.java","3","644","The method 'appendOptionGroup(StringBuffer, OptionGroup)' has a cognitive complexity of 6, current threshold is 1","Design","CognitiveComplexity"
"116","org.apache.commons.cli","/Users/grantnelson/go/src/github.com/apache/commons-cli/src/main/java/org/apache/commons/cli/HelpFormatter.java","3","644","The method 'appendOptionGroup(StringBuffer, OptionGroup)' has a cyclomatic complexity of 6.","Design","CyclomaticComplexity"
"117","org.apache.commons.cli","/Users/grantnelson/go/src/github.com/apache/commons-cli/src/main/java/org/apache/commons/cli/HelpFormatter.java","3","644","The method 'appendOptionGroup(StringBuffer, OptionGroup)' has an NPath complexity of 24, current threshold is 1","Design","NPathComplexity"
"118","org.apache.commons.cli","/Users/grantnelson/go/src/github.com/apache/commons-cli/src/main/java/org/apache/commons/cli/HelpFormatter.java","3","644","Avoid long parameter lists (2 parameters - threshold is 1).","Design","ExcessiveParameterList"
"119","org.apache.commons.cli","/Users/grantnelson/go/src/github.com/apache/commons-cli/src/main/java/org/apache/commons/cli/HelpFormatter.java","3","681","The method 'appendOption(StringBuffer, Option, boolean)' has a NCSS line count of 12.","Design","NcssCount"
"120","org.apache.commons.cli","/Users/grantnelson/go/src/github.com/apache/commons-cli/src/main/java/org/apache/commons/cli/HelpFormatter.java","3","681","The method 'appendOption(StringBuffer, Option, boolean)' has a cognitive complexity of 11, current threshold is 1","Design","CognitiveComplexity"
"121","org.apache.commons.cli","/Users/grantnelson/go/src/github.com/apache/commons-cli/src/main/java/org/apache/commons/cli/HelpFormatter.java","3","681","The method 'appendOption(StringBuffer, Option, boolean)' has a cyclomatic complexity of 9.","Design","CyclomaticComplexity"
"122","org.apache.commons.cli","/Users/grantnelson/go/src/github.com/apache/commons-cli/src/main/java/org/apache/commons/cli/HelpFormatter.java","3","681","The method 'appendOption(StringBuffer, Option, boolean)' has an NPath complexity of 80, current threshold is 1","Design","NPathComplexity"
"123","org.apache.commons.cli","/Users/grantnelson/go/src/github.com/apache/commons-cli/src/main/java/org/apache/commons/cli/HelpFormatter.java","3","681","Avoid long parameter lists (3 parameters - threshold is 1).","Design","ExcessiveParameterList"
"124","org.apache.commons.cli","/Users/grantnelson/go/src/github.com/apache/commons-cli/src/main/java/org/apache/commons/cli/HelpFormatter.java","3","719","The method 'printUsage(PrintWriter, int, String)' has a NCSS line count of 3.","Design","NcssCount"
"125","org.apache.commons.cli","/Users/grantnelson/go/src/github.com/apache/commons-cli/src/main/java/org/apache/commons/cli/HelpFormatter.java","3","719","The method 'printUsage(PrintWriter, int, String)' has a cyclomatic complexity of 1.","Design","CyclomaticComplexity"
"126","org.apache.commons.cli","/Users/grantnelson/go/src/github.com/apache/commons-cli/src/main/java/org/apache/commons/cli/HelpFormatter.java","3","719","The method 'printUsage(PrintWriter, int, String)' has an NPath complexity of 1, current threshold is 1","Design","NPathComplexity"
"127","org.apache.commons.cli","/Users/grantnelson/go/src/github.com/apache/commons-cli/src/main/java/org/apache/commons/cli/HelpFormatter.java","3","719","Avoid long parameter lists (3 parameters - threshold is 1).","Design","ExcessiveParameterList"
"128","org.apache.commons.cli","/Users/grantnelson/go/src/github.com/apache/commons-cli/src/main/java/org/apache/commons/cli/HelpFormatter.java","3","738","The method 'printOptions(PrintWriter, int, Options, int, int)' has a NCSS line count of 4.","Design","NcssCount"
"129","org.apache.commons.cli","/Users/grantnelson/go/src/github.com/apache/commons-cli/src/main/java/org/apache/commons/cli/HelpFormatter.java","3","738","The method 'printOptions(PrintWriter, int, Options, int, int)' has a cyclomatic complexity of 1.","Design","CyclomaticComplexity"
"130","org.apache.commons.cli","/Users/grantnelson/go/src/github.com/apache/commons-cli/src/main/java/org/apache/commons/cli/HelpFormatter.java","3","738","The method 'printOptions(PrintWriter, int, Options, int, int)' has an NPath complexity of 1, current threshold is 1","Design","NPathComplexity"
"131","org.apache.commons.cli","/Users/grantnelson/go/src/github.com/apache/commons-cli/src/main/java/org/apache/commons/cli/HelpFormatter.java","3","738","Avoid long parameter lists (5 parameters - threshold is 1).","Design","ExcessiveParameterList"
"132","org.apache.commons.cli","/Users/grantnelson/go/src/github.com/apache/commons-cli/src/main/java/org/apache/commons/cli/HelpFormatter.java","3","754","The method 'printWrapped(PrintWriter, int, String)' has a NCSS line count of 2.","Design","NcssCount"
"133","org.apache.commons.cli","/Users/grantnelson/go/src/github.com/apache/commons-cli/src/main/java/org/apache/commons/cli/HelpFormatter.java","3","754","The method 'printWrapped(PrintWriter, int, String)' has a cyclomatic complexity of 1.","Design","CyclomaticComplexity"
"134","org.apache.commons.cli","/Users/grantnelson/go/src/github.com/apache/commons-cli/src/main/java/org/apache/commons/cli/HelpFormatter.java","3","754","The method 'printWrapped(PrintWriter, int, String)' has an NPath complexity of 1, current threshold is 1","Design","NPathComplexity"
"135","org.apache.commons.cli","/Users/grantnelson/go/src/github.com/apache/commons-cli/src/main/java/org/apache/commons/cli/HelpFormatter.java","3","754","Avoid long parameter lists (3 parameters - threshold is 1).","Design","ExcessiveParameterList"
"136","org.apache.commons.cli","/Users/grantnelson/go/src/github.com/apache/commons-cli/src/main/java/org/apache/commons/cli/HelpFormatter.java","3","767","The method 'printWrapped(PrintWriter, int, int, String)' has a NCSS line count of 4.","Design","NcssCount"
"137","org.apache.commons.cli","/Users/grantnelson/go/src/github.com/apache/commons-cli/src/main/java/org/apache/commons/cli/HelpFormatter.java","3","767","The method 'printWrapped(PrintWriter, int, int, String)' has a cyclomatic complexity of 1.","Design","CyclomaticComplexity"
"138","org.apache.commons.cli","/Users/grantnelson/go/src/github.com/apache/commons-cli/src/main/java/org/apache/commons/cli/HelpFormatter.java","3","767","The method 'printWrapped(PrintWriter, int, int, String)' has an NPath complexity of 1, current threshold is 1","Design","NPathComplexity"
"139","org.apache.commons.cli","/Users/grantnelson/go/src/github.com/apache/commons-cli/src/main/java/org/apache/commons/cli/HelpFormatter.java","3","767","Avoid long parameter lists (4 parameters - threshold is 1).","Design","ExcessiveParameterList"
"140","org.apache.commons.cli","/Users/grantnelson/go/src/github.com/apache/commons-cli/src/main/java/org/apache/commons/cli/HelpFormatter.java","3","791","The method 'renderOptions(StringBuffer, int, Options, int, int)' has a NCSS line count of 39.","Design","NcssCount"
"141","org.apache.commons.cli","/Users/grantnelson/go/src/github.com/apache/commons-cli/src/main/java/org/apache/commons/cli/HelpFormatter.java","3","791","The method 'renderOptions(StringBuffer, int, Options, int, int)' has a cognitive complexity of 32, current threshold is 1","Design","CognitiveComplexity"
"142","org.apache.commons.cli","/Users/grantnelson/go/src/github.com/apache/commons-cli/src/main/java/org/apache/commons/cli/HelpFormatter.java","3","791","The method 'renderOptions(StringBuffer, int, Options, int, int)' has a cyclomatic complexity of 15.","Design","CyclomaticComplexity"
"143","org.apache.commons.cli","/Users/grantnelson/go/src/github.com/apache/commons-cli/src/main/java/org/apache/commons/cli/HelpFormatter.java","3","791","The method 'renderOptions(StringBuffer, int, Options, int, int)' has an NPath complexity of 1098, current threshold is 1","Design","NPathComplexity"
"144","org.apache.commons.cli","/Users/grantnelson/go/src/github.com/apache/commons-cli/src/main/java/org/apache/commons/cli/HelpFormatter.java","3","791","Avoid long parameter lists (5 parameters - threshold is 1).","Design","ExcessiveParameterList"
"145","org.apache.commons.cli","/Users/grantnelson/go/src/github.com/apache/commons-cli/src/main/java/org/apache/commons/cli/HelpFormatter.java","3","890","The method 'renderWrappedText(StringBuffer, int, int, String)' has a NCSS line count of 18.","Design","NcssCount"
"146","org.apache.commons.cli","/Users/grantnelson/go/src/github.com/apache/commons-cli/src/main/java/org/apache/commons/cli/HelpFormatter.java","3","890","The method 'renderWrappedText(StringBuffer, int, int, String)' has a cognitive complexity of 8, current threshold is 1","Design","CognitiveComplexity"
"147","org.apache.commons.cli","/Users/grantnelson/go/src/github.com/apache/commons-cli/src/main/java/org/apache/commons/cli/HelpFormatter.java","3","890","The method 'renderWrappedText(StringBuffer, int, int, String)' has a cyclomatic complexity of 7.","Design","CyclomaticComplexity"
"148","org.apache.commons.cli","/Users/grantnelson/go/src/github.com/apache/commons-cli/src/main/java/org/apache/commons/cli/HelpFormatter.java","3","890","The method 'renderWrappedText(StringBuffer, int, int, String)' has an NPath complexity of 9, current threshold is 1","Design","NPathComplexity"
"149","org.apache.commons.cli","/Users/grantnelson/go/src/github.com/apache/commons-cli/src/main/java/org/apache/commons/cli/HelpFormatter.java","3","890","Avoid long parameter lists (4 parameters - threshold is 1).","Design","ExcessiveParameterList"
"150","org.apache.commons.cli","/Users/grantnelson/go/src/github.com/apache/commons-cli/src/main/java/org/apache/commons/cli/HelpFormatter.java","3","942","The method 'renderWrappedTextBlock(StringBuffer, int, int, String)' has a NCSS line count of 12.","Design","NcssCount"
"151","org.apache.commons.cli","/Users/grantnelson/go/src/github.com/apache/commons-cli/src/main/java/org/apache/commons/cli/HelpFormatter.java","3","942","The method 'renderWrappedTextBlock(StringBuffer, int, int, String)' has a cognitive complexity of 5, current threshold is 1","Design","CognitiveComplexity"
"152","org.apache.commons.cli","/Users/grantnelson/go/src/github.com/apache/commons-cli/src/main/java/org/apache/commons/cli/HelpFormatter.java","3","942","The method 'renderWrappedTextBlock(StringBuffer, int, int, String)' has a cyclomatic complexity of 4.","Design","CyclomaticComplexity"
"153","org.apache.commons.cli","/Users/grantnelson/go/src/github.com/apache/commons-cli/src/main/java/org/apache/commons/cli/HelpFormatter.java","3","942","The method 'renderWrappedTextBlock(StringBuffer, int, int, String)' has an NPath complexity of 3, current threshold is 1","Design","NPathComplexity"
"154","org.apache.commons.cli","/Users/grantnelson/go/src/github.com/apache/commons-cli/src/main/java/org/apache/commons/cli/HelpFormatter.java","3","942","Avoid long parameter lists (4 parameters - threshold is 1).","Design","ExcessiveParameterList"
"155","org.apache.commons.cli","/Users/grantnelson/go/src/github.com/apache/commons-cli/src/main/java/org/apache/commons/cli/HelpFormatter.java","3","984","The method 'findWrapPos(String, int, int)' has a NCSS line count of 17.","Design","NcssCount"
"156","org.apache.commons.cli","/Users/grantnelson/go/src/github.com/apache/commons-cli/src/main/java/org/apache/commons/cli/HelpFormatter.java","3","984","The method 'findWrapPos(String, int, int)' has a cognitive complexity of 11, current threshold is 1","Design","CognitiveComplexity"
"157","org.apache.commons.cli","/Users/grantnelson/go/src/github.com/apache/commons-cli/src/main/java/org/apache/commons/cli/HelpFormatter.java","3","984","The method 'findWrapPos(String, int, int)' has a cyclomatic complexity of 12.","Design","CyclomaticComplexity"
"158","org.apache.commons.cli","/Users/grantnelson/go/src/github.com/apache/commons-cli/src/main/java/org/apache/commons/cli/HelpFormatter.java","3","984","The method 'findWrapPos(String, int, int)' has an NPath complexity of 67, current threshold is 1","Design","NPathComplexity"
"159","org.apache.commons.cli","/Users/grantnelson/go/src/github.com/apache/commons-cli/src/main/java/org/apache/commons/cli/HelpFormatter.java","3","984","Avoid long parameter lists (3 parameters - threshold is 1).","Design","ExcessiveParameterList"
"160","org.apache.commons.cli","/Users/grantnelson/go/src/github.com/apache/commons-cli/src/main/java/org/apache/commons/cli/HelpFormatter.java","3","1033","The method 'createPadding(int)' has a NCSS line count of 4.","Design","NcssCount"
"161","org.apache.commons.cli","/Users/grantnelson/go/src/github.com/apache/commons-cli/src/main/java/org/apache/commons/cli/HelpFormatter.java","3","1033","The method 'createPadding(int)' has a cyclomatic complexity of 1.","Design","CyclomaticComplexity"
"162","org.apache.commons.cli","/Users/grantnelson/go/src/github.com/apache/commons-cli/src/main/java/org/apache/commons/cli/HelpFormatter.java","3","1033","The method 'createPadding(int)' has an NPath complexity of 1, current threshold is 1","Design","NPathComplexity"
"163","org.apache.commons.cli","/Users/grantnelson/go/src/github.com/apache/commons-cli/src/main/java/org/apache/commons/cli/HelpFormatter.java","3","1033","Avoid long parameter lists (1 parameters - threshold is 1).","Design","ExcessiveParameterList"
"164","org.apache.commons.cli","/Users/grantnelson/go/src/github.com/apache/commons-cli/src/main/java/org/apache/commons/cli/HelpFormatter.java","3","1048","The method 'rtrim(String)' has a NCSS line count of 7.","Design","NcssCount"
"165","org.apache.commons.cli","/Users/grantnelson/go/src/github.com/apache/commons-cli/src/main/java/org/apache/commons/cli/HelpFormatter.java","3","1048","The method 'rtrim(String)' has a cognitive complexity of 4, current threshold is 1","Design","CognitiveComplexity"
"166","org.apache.commons.cli","/Users/grantnelson/go/src/github.com/apache/commons-cli/src/main/java/org/apache/commons/cli/HelpFormatter.java","3","1048","The method 'rtrim(String)' has a cyclomatic complexity of 5.","Design","CyclomaticComplexity"
"167","org.apache.commons.cli","/Users/grantnelson/go/src/github.com/apache/commons-cli/src/main/java/org/apache/commons/cli/HelpFormatter.java","3","1048","The method 'rtrim(String)' has an NPath complexity of 5, current threshold is 1","Design","NPathComplexity"
"168","org.apache.commons.cli","/Users/grantnelson/go/src/github.com/apache/commons-cli/src/main/java/org/apache/commons/cli/HelpFormatter.java","3","1048","Avoid long parameter lists (1 parameters - threshold is 1).","Design","ExcessiveParameterList"
"169","org.apache.commons.cli","/Users/grantnelson/go/src/github.com/apache/commons-cli/src/main/java/org/apache/commons/cli/HelpFormatter.java","3","1072","The class 'OptionComparator' has a NCSS line count of 4 (Highest = 2).","Design","NcssCount"
"170","org.apache.commons.cli","/Users/grantnelson/go/src/github.com/apache/commons-cli/src/main/java/org/apache/commons/cli/HelpFormatter.java","3","1072","The class 'OptionComparator' has a total cyclomatic complexity of 1 (highest 1).","Design","CyclomaticComplexity"
"171","org.apache.commons.cli","/Users/grantnelson/go/src/github.com/apache/commons-cli/src/main/java/org/apache/commons/cli/HelpFormatter.java","3","1072","This class has 1 public methods and attributes; current threshold is 1.","Design","ExcessivePublicCount"
"172","org.apache.commons.cli","/Users/grantnelson/go/src/github.com/apache/commons-cli/src/main/java/org/apache/commons/cli/HelpFormatter.java","3","1088","The method 'compare(Option, Option)' has a NCSS line count of 2.","Design","NcssCount"
"173","org.apache.commons.cli","/Users/grantnelson/go/src/github.com/apache/commons-cli/src/main/java/org/apache/commons/cli/HelpFormatter.java","3","1088","The method 'compare(Option, Option)' has a cyclomatic complexity of 1.","Design","CyclomaticComplexity"
"174","org.apache.commons.cli","/Users/grantnelson/go/src/github.com/apache/commons-cli/src/main/java/org/apache/commons/cli/HelpFormatter.java","3","1088","The method 'compare(Option, Option)' has an NPath complexity of 1, current threshold is 1","Design","NPathComplexity"
"175","org.apache.commons.cli","/Users/grantnelson/go/src/github.com/apache/commons-cli/src/main/java/org/apache/commons/cli/HelpFormatter.java","3","1088","Avoid long parameter lists (2 parameters - threshold is 1).","Design","ExcessiveParameterList"
"1","org.apache.commons.cli","/Users/grantnelson/go/src/github.com/apache/commons-cli/src/main/java/org/apache/commons/cli/MissingArgumentException.java","3","26","The class 'MissingArgumentException' has a NCSS line count of 10 (Highest = 3).","Design","NcssCount"
"2","org.apache.commons.cli","/Users/grantnelson/go/src/github.com/apache/commons-cli/src/main/java/org/apache/commons/cli/MissingArgumentException.java","3","26","The class 'MissingArgumentException' has a total cyclomatic complexity of 3 (highest 1).","Design","CyclomaticComplexity"
"3","org.apache.commons.cli","/Users/grantnelson/go/src/github.com/apache/commons-cli/src/main/java/org/apache/commons/cli/MissingArgumentException.java","3","26","This class has 3 public methods and attributes; current threshold is 1.","Design","ExcessivePublicCount"
"4","org.apache.commons.cli","/Users/grantnelson/go/src/github.com/apache/commons-cli/src/main/java/org/apache/commons/cli/MissingArgumentException.java","3","42","The constructor 'MissingArgumentException(String)' has a NCSS line count of 2.","Design","NcssCount"
"5","org.apache.commons.cli","/Users/grantnelson/go/src/github.com/apache/commons-cli/src/main/java/org/apache/commons/cli/MissingArgumentException.java","3","42","The constructor 'MissingArgumentException(String)' has a cyclomatic complexity of 1.","Design","CyclomaticComplexity"
"6","org.apache.commons.cli","/Users/grantnelson/go/src/github.com/apache/commons-cli/src/main/java/org/apache/commons/cli/MissingArgumentException.java","3","42","The constructor 'MissingArgumentException(String)' has an NPath complexity of 1, current threshold is 1","Design","NPathComplexity"
"7","org.apache.commons.cli","/Users/grantnelson/go/src/github.com/apache/commons-cli/src/main/java/org/apache/commons/cli/MissingArgumentException.java","3","42","Avoid long parameter lists (1 parameters - threshold is 1).","Design","ExcessiveParameterList"
"8","org.apache.commons.cli","/Users/grantnelson/go/src/github.com/apache/commons-cli/src/main/java/org/apache/commons/cli/MissingArgumentException.java","3","54","The constructor 'MissingArgumentException(Option)' has a NCSS line count of 3.","Design","NcssCount"
"9","org.apache.commons.cli","/Users/grantnelson/go/src/github.com/apache/commons-cli/src/main/java/org/apache/commons/cli/MissingArgumentException.java","3","54","The constructor 'MissingArgumentException(Option)' has a cyclomatic complexity of 1.","Design","CyclomaticComplexity"
"10","org.apache.commons.cli","/Users/grantnelson/go/src/github.com/apache/commons-cli/src/main/java/org/apache/commons/cli/MissingArgumentException.java","3","54","The constructor 'MissingArgumentException(Option)' has an NPath complexity of 1, current threshold is 1","Design","NPathComplexity"
"11","org.apache.commons.cli","/Users/grantnelson/go/src/github.com/apache/commons-cli/src/main/java/org/apache/commons/cli/MissingArgumentException.java","3","54","Avoid long parameter lists (1 parameters - threshold is 1).","Design","ExcessiveParameterList"
"12","org.apache.commons.cli","/Users/grantnelson/go/src/github.com/apache/commons-cli/src/main/java/org/apache/commons/cli/MissingArgumentException.java","3","67","The method 'getOption()' has a NCSS line count of 2.","Design","NcssCount"
"13","org.apache.commons.cli","/Users/grantnelson/go/src/github.com/apache/commons-cli/src/main/java/org/apache/commons/cli/MissingArgumentException.java","3","67","The method 'getOption()' has a cyclomatic complexity of 1.","Design","CyclomaticComplexity"
"14","org.apache.commons.cli","/Users/grantnelson/go/src/github.com/apache/commons-cli/src/main/java/org/apache/commons/cli/MissingArgumentException.java","3","67","The method 'getOption()' has an NPath complexity of 1, current threshold is 1","Design","NPathComplexity"
"1","org.apache.commons.cli","/Users/grantnelson/go/src/github.com/apache/commons-cli/src/main/java/org/apache/commons/cli/MissingOptionException.java","3","28","A value of 3 may denote a high amount of coupling within the class (threshold: 1)","Design","CouplingBetweenObjects"
"2","org.apache.commons.cli","/Users/grantnelson/go/src/github.com/apache/commons-cli/src/main/java/org/apache/commons/cli/MissingOptionException.java","3","28","The class 'MissingOptionException' has a NCSS line count of 20 (Highest = 10).","Design","NcssCount"
"3","org.apache.commons.cli","/Users/grantnelson/go/src/github.com/apache/commons-cli/src/main/java/org/apache/commons/cli/MissingOptionException.java","3","28","The class 'MissingOptionException' has a total cyclomatic complexity of 7 (highest 4).","Design","CyclomaticComplexity"
"4","org.apache.commons.cli","/Users/grantnelson/go/src/github.com/apache/commons-cli/src/main/java/org/apache/commons/cli/MissingOptionException.java","3","28","This class has 3 public methods and attributes; current threshold is 1.","Design","ExcessivePublicCount"
"5","org.apache.commons.cli","/Users/grantnelson/go/src/github.com/apache/commons-cli/src/main/java/org/apache/commons/cli/MissingOptionException.java","3","42","The constructor 'MissingOptionException(String)' has a NCSS line count of 2.","Design","NcssCount"
"6","org.apache.commons.cli","/Users/grantnelson/go/src/github.com/apache/commons-cli/src/main/java/org/apache/commons/cli/MissingOptionException.java","3","42","The constructor 'MissingOptionException(String)' has a cyclomatic complexity of 1.","Design","CyclomaticComplexity"
"7","org.apache.commons.cli","/Users/grantnelson/go/src/github.com/apache/commons-cli/src/main/java/org/apache/commons/cli/MissingOptionException.java","3","42","The constructor 'MissingOptionException(String)' has an NPath complexity of 1, current threshold is 1","Design","NPathComplexity"
"8","org.apache.commons.cli","/Users/grantnelson/go/src/github.com/apache/commons-cli/src/main/java/org/apache/commons/cli/MissingOptionException.java","3","42","Avoid long parameter lists (1 parameters - threshold is 1).","Design","ExcessiveParameterList"
"9","org.apache.commons.cli","/Users/grantnelson/go/src/github.com/apache/commons-cli/src/main/java/org/apache/commons/cli/MissingOptionException.java","3","54","The constructor 'MissingOptionException(List)' has a NCSS line count of 3.","Design","NcssCount"
"10","org.apache.commons.cli","/Users/grantnelson/go/src/github.com/apache/commons-cli/src/main/java/org/apache/commons/cli/MissingOptionException.java","3","54","The constructor 'MissingOptionException(List)' has a cyclomatic complexity of 1.","Design","CyclomaticComplexity"
"11","org.apache.commons.cli","/Users/grantnelson/go/src/github.com/apache/commons-cli/src/main/java/org/apache/commons/cli/MissingOptionException.java","3","54","The constructor 'MissingOptionException(List)' has an NPath complexity of 1, current threshold is 1","Design","NPathComplexity"
"12","org.apache.commons.cli","/Users/grantnelson/go/src/github.com/apache/commons-cli/src/main/java/org/apache/commons/cli/MissingOptionException.java","3","54","Avoid long parameter lists (1 parameters - threshold is 1).","Design","ExcessiveParameterList"
"13","org.apache.commons.cli","/Users/grantnelson/go/src/github.com/apache/commons-cli/src/main/java/org/apache/commons/cli/MissingOptionException.java","3","67","The method 'getMissingOptions()' has a NCSS line count of 2.","Design","NcssCount"
"14","org.apache.commons.cli","/Users/grantnelson/go/src/github.com/apache/commons-cli/src/main/java/org/apache/commons/cli/MissingOptionException.java","3","67","The method 'getMissingOptions()' has a cyclomatic complexity of 1.","Design","CyclomaticComplexity"
"15","org.apache.commons.cli","/Users/grantnelson/go/src/github.com/apache/commons-cli/src/main/java/org/apache/commons/cli/MissingOptionException.java","3","67","The method 'getMissingOptions()' has an NPath complexity of 1, current threshold is 1","Design","NPathComplexity"
"16","org.apache.commons.cli","/Users/grantnelson/go/src/github.com/apache/commons-cli/src/main/java/org/apache/commons/cli/MissingOptionException.java","3","78","The method 'createMessage(List<?>)' has a NCSS line count of 10.","Design","NcssCount"
"17","org.apache.commons.cli","/Users/grantnelson/go/src/github.com/apache/commons-cli/src/main/java/org/apache/commons/cli/MissingOptionException.java","3","78","The method 'createMessage(List<?>)' has a cognitive complexity of 4, current threshold is 1","Design","CognitiveComplexity"
"18","org.apache.commons.cli","/Users/grantnelson/go/src/github.com/apache/commons-cli/src/main/java/org/apache/commons/cli/MissingOptionException.java","3","78","The method 'createMessage(List<?>)' has a cyclomatic complexity of 4.","Design","CyclomaticComplexity"
"19","org.apache.commons.cli","/Users/grantnelson/go/src/github.com/apache/commons-cli/src/main/java/org/apache/commons/cli/MissingOptionException.java","3","78","The method 'createMessage(List<?>)' has an NPath complexity of 6, current threshold is 1","Design","NPathComplexity"
"20","org.apache.commons.cli","/Users/grantnelson/go/src/github.com/apache/commons-cli/src/main/java/org/apache/commons/cli/MissingOptionException.java","3","78","Avoid long parameter lists (1 parameters - threshold is 1).","Design","ExcessiveParameterList"
"1","org.apache.commons.cli","/Users/grantnelson/go/src/github.com/apache/commons-cli/src/main/java/org/apache/commons/cli/Option.java","3","42","A value of 2 may denote a high amount of coupling within the class (threshold: 1)","Design","CouplingBetweenObjects"
"2","org.apache.commons.cli","/Users/grantnelson/go/src/github.com/apache/commons-cli/src/main/java/org/apache/commons/cli/Option.java","3","42","Possible God Class (WMC=83, ATFD=13, TCC=12.791%)","Design","GodClass"
"3","org.apache.commons.cli","/Users/grantnelson/go/src/github.com/apache/commons-cli/src/main/java/org/apache/commons/cli/Option.java","3","42","The class 'Option' has a NCSS line count of 224 (Highest = 16).","Design","NcssCount"
"4","org.apache.commons.cli","/Users/grantnelson/go/src/github.com/apache/commons-cli/src/main/java/org/apache/commons/cli/Option.java","3","42","The class 'Option' has a total cyclomatic complexity of 83 (highest 12).","Design","CyclomaticComplexity"
"5","org.apache.commons.cli","/Users/grantnelson/go/src/github.com/apache/commons-cli/src/main/java/org/apache/commons/cli/Option.java","3","42","This class has 40 public methods and attributes; current threshold is 1.","Design","ExcessivePublicCount"
"6","org.apache.commons.cli","/Users/grantnelson/go/src/github.com/apache/commons-cli/src/main/java/org/apache/commons/cli/Option.java","3","88","The constructor 'Option(Builder)' has a NCSS line count of 10.","Design","NcssCount"
"7","org.apache.commons.cli","/Users/grantnelson/go/src/github.com/apache/commons-cli/src/main/java/org/apache/commons/cli/Option.java","3","88","The constructor 'Option(Builder)' has a cyclomatic complexity of 1.","Design","CyclomaticComplexity"
"8","org.apache.commons.cli","/Users/grantnelson/go/src/github.com/apache/commons-cli/src/main/java/org/apache/commons/cli/Option.java","3","88","The constructor 'Option(Builder)' has an NPath complexity of 1, current threshold is 1","Design","NPathComplexity"
"9","org.apache.commons.cli","/Users/grantnelson/go/src/github.com/apache/commons-cli/src/main/java/org/apache/commons/cli/Option.java","3","111","The constructor 'Option(String, String)' has a NCSS line count of 2.","Design","NcssCount"
"10","org.apache.commons.cli","/Users/grantnelson/go/src/github.com/apache/commons-cli/src/main/java/org/apache/commons/cli/Option.java","3","111","The constructor 'Option(String, String)' has a cyclomatic complexity of 1.","Design","CyclomaticComplexity"
"11","org.apache.commons.cli","/Users/grantnelson/go/src/github.com/apache/commons-cli/src/main/java/org/apache/commons/cli/Option.java","3","111","The constructor 'Option(String, String)' has an NPath complexity of 1, current threshold is 1","Design","NPathComplexity"
"12","org.apache.commons.cli","/Users/grantnelson/go/src/github.com/apache/commons-cli/src/main/java/org/apache/commons/cli/Option.java","3","111","Avoid long parameter lists (2 parameters - threshold is 1).","Design","ExcessiveParameterList"
"13","org.apache.commons.cli","/Users/grantnelson/go/src/github.com/apache/commons-cli/src/main/java/org/apache/commons/cli/Option.java","3","126","The constructor 'Option(String, boolean, String)' has a NCSS line count of 2.","Design","NcssCount"
"14","org.apache.commons.cli","/Users/grantnelson/go/src/github.com/apache/commons-cli/src/main/java/org/apache/commons/cli/Option.java","3","126","The constructor 'Option(String, boolean, String)' has a cyclomatic complexity of 1.","Design","CyclomaticComplexity"
"15","org.apache.commons.cli","/Users/grantnelson/go/src/github.com/apache/commons-cli/src/main/java/org/apache/commons/cli/Option.java","3","126","The constructor 'Option(String, boolean, String)' has an NPath complexity of 1, current threshold is 1","Design","NPathComplexity"
"16","org.apache.commons.cli","/Users/grantnelson/go/src/github.com/apache/commons-cli/src/main/java/org/apache/commons/cli/Option.java","3","126","Avoid long parameter lists (3 parameters - threshold is 1).","Design","ExcessiveParameterList"
"17","org.apache.commons.cli","/Users/grantnelson/go/src/github.com/apache/commons-cli/src/main/java/org/apache/commons/cli/Option.java","3","142","The constructor 'Option(String, String, boolean, String)' has a NCSS line count of 7.","Design","NcssCount"
"18","org.apache.commons.cli","/Users/grantnelson/go/src/github.com/apache/commons-cli/src/main/java/org/apache/commons/cli/Option.java","3","142","The constructor 'Option(String, String, boolean, String)' has a cognitive complexity of 1, current threshold is 1","Design","CognitiveComplexity"
"19","org.apache.commons.cli","/Users/grantnelson/go/src/github.com/apache/commons-cli/src/main/java/org/apache/commons/cli/Option.java","3","142","The constructor 'Option(String, String, boolean, String)' has a cyclomatic complexity of 2.","Design","CyclomaticComplexity"
"20","org.apache.commons.cli","/Users/grantnelson/go/src/github.com/apache/commons-cli/src/main/java/org/apache/commons/cli/Option.java","3","142","The constructor 'Option(String, String, boolean, String)' has an NPath complexity of 2, current threshold is 1","Design","NPathComplexity"
"21","org.apache.commons.cli","/Users/grantnelson/go/src/github.com/apache/commons-cli/src/main/java/org/apache/commons/cli/Option.java","3","142","Avoid long parameter lists (4 parameters - threshold is 1).","Design","ExcessiveParameterList"
"22","org.apache.commons.cli","/Users/grantnelson/go/src/github.com/apache/commons-cli/src/main/java/org/apache/commons/cli/Option.java","3","167","The method 'getId()' has a NCSS line count of 2.","Design","NcssCount"
"23","org.apache.commons.cli","/Users/grantnelson/go/src/github.com/apache/commons-cli/src/main/java/org/apache/commons/cli/Option.java","3","167","The method 'getId()' has a cyclomatic complexity of 1.","Design","CyclomaticComplexity"
"24","org.apache.commons.cli","/Users/grantnelson/go/src/github.com/apache/commons-cli/src/main/java/org/apache/commons/cli/Option.java","3","167","The method 'getId()' has an NPath complexity of 1, current threshold is 1","Design","NPathComplexity"
"25","org.apache.commons.cli","/Users/grantnelson/go/src/github.com/apache/commons-cli/src/main/java/org/apache/commons/cli/Option.java","3","177","The method 'getKey()' has a NCSS line count of 2.","Design","NcssCount"
"26","org.apache.commons.cli","/Users/grantnelson/go/src/github.com/apache/commons-cli/src/main/java/org/apache/commons/cli/Option.java","3","177","The method 'getKey()' has a cognitive complexity of 1, current threshold is 1","Design","CognitiveComplexity"
"27","org.apache.commons.cli","/Users/grantnelson/go/src/github.com/apache/commons-cli/src/main/java/org/apache/commons/cli/Option.java","3","177","The method 'getKey()' has a cyclomatic complexity of 2.","Design","CyclomaticComplexity"
"28","org.apache.commons.cli","/Users/grantnelson/go/src/github.com/apache/commons-cli/src/main/java/org/apache/commons/cli/Option.java","3","177","The method 'getKey()' has an NPath complexity of 2, current threshold is 1","Design","NPathComplexity"
"29","org.apache.commons.cli","/Users/grantnelson/go/src/github.com/apache/commons-cli/src/main/java/org/apache/commons/cli/Option.java","3","193","The method 'getOpt()' has a NCSS line count of 2.","Design","NcssCount"
"30","org.apache.commons.cli","/Users/grantnelson/go/src/github.com/apache/commons-cli/src/main/java/org/apache/commons/cli/Option.java","3","193","The method 'getOpt()' has a cyclomatic complexity of 1.","Design","CyclomaticComplexity"
"31","org.apache.commons.cli","/Users/grantnelson/go/src/github.com/apache/commons-cli/src/main/java/org/apache/commons/cli/Option.java","3","193","The method 'getOpt()' has an NPath complexity of 1, current threshold is 1","Design","NPathComplexity"
"32","org.apache.commons.cli","/Users/grantnelson/go/src/github.com/apache/commons-cli/src/main/java/org/apache/commons/cli/Option.java","3","203","The method 'getType()' has a NCSS line count of 2.","Design","NcssCount"
"33","org.apache.commons.cli","/Users/grantnelson/go/src/github.com/apache/commons-cli/src/main/java/org/apache/commons/cli/Option.java","3","203","The method 'getType()' has a cyclomatic complexity of 1.","Design","CyclomaticComplexity"
"34","org.apache.commons.cli","/Users/grantnelson/go/src/github.com/apache/commons-cli/src/main/java/org/apache/commons/cli/Option.java","3","203","The method 'getType()' has an NPath complexity of 1, current threshold is 1","Design","NPathComplexity"
"35","org.apache.commons.cli","/Users/grantnelson/go/src/github.com/apache/commons-cli/src/main/java/org/apache/commons/cli/Option.java","3","218","The method 'setType(Object)' has a NCSS line count of 2.","Design","NcssCount"
"36","org.apache.commons.cli","/Users/grantnelson/go/src/github.com/apache/commons-cli/src/main/java/org/apache/commons/cli/Option.java","3","218","The method 'setType(Object)' has a cyclomatic complexity of 1.","Design","CyclomaticComplexity"
"37","org.apache.commons.cli","/Users/grantnelson/go/src/github.com/apache/commons-cli/src/main/java/org/apache/commons/cli/Option.java","3","218","The method 'setType(Object)' has an NPath complexity of 1, current threshold is 1","Design","NPathComplexity"
"38","org.apache.commons.cli","/Users/grantnelson/go/src/github.com/apache/commons-cli/src/main/java/org/apache/commons/cli/Option.java","3","218","Avoid long parameter lists (1 parameters - threshold is 1).","Design","ExcessiveParameterList"
"39","org.apache.commons.cli","/Users/grantnelson/go/src/github.com/apache/commons-cli/src/main/java/org/apache/commons/cli/Option.java","3","229","The method 'setType(Class<?>)' has a NCSS line count of 2.","Design","NcssCount"
"40","org.apache.commons.cli","/Users/grantnelson/go/src/github.com/apache/commons-cli/src/main/java/org/apache/commons/cli/Option.java","3","229","The method 'setType(Class<?>)' has a cyclomatic complexity of 1.","Design","CyclomaticComplexity"
"41","org.apache.commons.cli","/Users/grantnelson/go/src/github.com/apache/commons-cli/src/main/java/org/apache/commons/cli/Option.java","3","229","The method 'setType(Class<?>)' has an NPath complexity of 1, current threshold is 1","Design","NPathComplexity"
"42","org.apache.commons.cli","/Users/grantnelson/go/src/github.com/apache/commons-cli/src/main/java/org/apache/commons/cli/Option.java","3","229","Avoid long parameter lists (1 parameters - threshold is 1).","Design","ExcessiveParameterList"
"43","org.apache.commons.cli","/Users/grantnelson/go/src/github.com/apache/commons-cli/src/main/java/org/apache/commons/cli/Option.java","3","239","The method 'getLongOpt()' has a NCSS line count of 2.","Design","NcssCount"
"44","org.apache.commons.cli","/Users/grantnelson/go/src/github.com/apache/commons-cli/src/main/java/org/apache/commons/cli/Option.java","3","239","The method 'getLongOpt()' has a cyclomatic complexity of 1.","Design","CyclomaticComplexity"
"45","org.apache.commons.cli","/Users/grantnelson/go/src/github.com/apache/commons-cli/src/main/java/org/apache/commons/cli/Option.java","3","239","The method 'getLongOpt()' has an NPath complexity of 1, current threshold is 1","Design","NPathComplexity"
"46","org.apache.commons.cli","/Users/grantnelson/go/src/github.com/apache/commons-cli/src/main/java/org/apache/commons/cli/Option.java","3","249","The method 'setLongOpt(String)' has a NCSS line count of 2.","Design","NcssCount"
"47","org.apache.commons.cli","/Users/grantnelson/go/src/github.com/apache/commons-cli/src/main/java/org/apache/commons/cli/Option.java","3","249","The method 'setLongOpt(String)' has a cyclomatic complexity of 1.","Design","CyclomaticComplexity"
"48","org.apache.commons.cli","/Users/grantnelson/go/src/github.com/apache/commons-cli/src/main/java/org/apache/commons/cli/Option.java","3","249","The method 'setLongOpt(String)' has an NPath complexity of 1, current threshold is 1","Design","NPathComplexity"
"49","org.apache.commons.cli","/Users/grantnelson/go/src/github.com/apache/commons-cli/src/main/java/org/apache/commons/cli/Option.java","3","249","Avoid long parameter lists (1 parameters - threshold is 1).","Design","ExcessiveParameterList"
"50","org.apache.commons.cli","/Users/grantnelson/go/src/github.com/apache/commons-cli/src/main/java/org/apache/commons/cli/Option.java","3","260","The method 'setOptionalArg(boolean)' has a NCSS line count of 2.","Design","NcssCount"
"51","org.apache.commons.cli","/Users/grantnelson/go/src/github.com/apache/commons-cli/src/main/java/org/apache/commons/cli/Option.java","3","260","The method 'setOptionalArg(boolean)' has a cyclomatic complexity of 1.","Design","CyclomaticComplexity"
"52","org.apache.commons.cli","/Users/grantnelson/go/src/github.com/apache/commons-cli/src/main/java/org/apache/commons/cli/Option.java","3","260","The method 'setOptionalArg(boolean)' has an NPath complexity of 1, current threshold is 1","Design","NPathComplexity"
"53","org.apache.commons.cli","/Users/grantnelson/go/src/github.com/apache/commons-cli/src/main/java/org/apache/commons/cli/Option.java","3","260","Avoid long parameter lists (1 parameters - threshold is 1).","Design","ExcessiveParameterList"
"54","org.apache.commons.cli","/Users/grantnelson/go/src/github.com/apache/commons-cli/src/main/java/org/apache/commons/cli/Option.java","3","268","The method 'hasOptionalArg()' has a NCSS line count of 2.","Design","NcssCount"
"55","org.apache.commons.cli","/Users/grantnelson/go/src/github.com/apache/commons-cli/src/main/java/org/apache/commons/cli/Option.java","3","268","The method 'hasOptionalArg()' has a cyclomatic complexity of 1.","Design","CyclomaticComplexity"
"56","org.apache.commons.cli","/Users/grantnelson/go/src/github.com/apache/commons-cli/src/main/java/org/apache/commons/cli/Option.java","3","268","The method 'hasOptionalArg()' has an NPath complexity of 1, current threshold is 1","Design","NPathComplexity"
"57","org.apache.commons.cli","/Users/grantnelson/go/src/github.com/apache/commons-cli/src/main/java/org/apache/commons/cli/Option.java","3","278","The method 'hasLongOpt()' has a NCSS line count of 2.","Design","NcssCount"
"58","org.apache.commons.cli","/Users/grantnelson/go/src/github.com/apache/commons-cli/src/main/java/org/apache/commons/cli/Option.java","3","278","The method 'hasLongOpt()' has a cyclomatic complexity of 1.","Design","CyclomaticComplexity"
"59","org.apache.commons.cli","/Users/grantnelson/go/src/github.com/apache/commons-cli/src/main/java/org/apache/commons/cli/Option.java","3","278","The method 'hasLongOpt()' has an NPath complexity of 1, current threshold is 1","Design","NPathComplexity"
"60","org.apache.commons.cli","/Users/grantnelson/go/src/github.com/apache/commons-cli/src/main/java/org/apache/commons/cli/Option.java","3","288","The method 'hasArg()' has a NCSS line count of 2.","Design","NcssCount"
"61","org.apache.commons.cli","/Users/grantnelson/go/src/github.com/apache/commons-cli/src/main/java/org/apache/commons/cli/Option.java","3","288","The method 'hasArg()' has a cognitive complexity of 1, current threshold is 1","Design","CognitiveComplexity"
"62","org.apache.commons.cli","/Users/grantnelson/go/src/github.com/apache/commons-cli/src/main/java/org/apache/commons/cli/Option.java","3","288","The method 'hasArg()' has a cyclomatic complexity of 1.","Design","CyclomaticComplexity"
"63","org.apache.commons.cli","/Users/grantnelson/go/src/github.com/apache/commons-cli/src/main/java/org/apache/commons/cli/Option.java","3","288","The method 'hasArg()' has an NPath complexity of 2, current threshold is 1","Design","NPathComplexity"
"64","org.apache.commons.cli","/Users/grantnelson/go/src/github.com/apache/commons-cli/src/main/java/org/apache/commons/cli/Option.java","3","298","The method 'getDescription()' has a NCSS line count of 2.","Design","NcssCount"
"65","org.apache.commons.cli","/Users/grantnelson/go/src/github.com/apache/commons-cli/src/main/java/org/apache/commons/cli/Option.java","3","298","The method 'getDescription()' has a cyclomatic complexity of 1.","Design","CyclomaticComplexity"
"66","org.apache.commons.cli","/Users/grantnelson/go/src/github.com/apache/commons-cli/src/main/java/org/apache/commons/cli/Option.java","3","298","The method 'getDescription()' has an NPath complexity of 1, current threshold is 1","Design","NPathComplexity"
"67","org.apache.commons.cli","/Users/grantnelson/go/src/github.com/apache/commons-cli/src/main/java/org/apache/commons/cli/Option.java","3","309","The method 'setDescription(String)' has a NCSS line count of 2.","Design","NcssCount"
"68","org.apache.commons.cli","/Users/grantnelson/go/src/github.com/apache/commons-cli/src/main/java/org/apache/commons/cli/Option.java","3","309","The method 'setDescription(String)' has a cyclomatic complexity of 1.","Design","CyclomaticComplexity"
"69","org.apache.commons.cli","/Users/grantnelson/go/src/github.com/apache/commons-cli/src/main/java/org/apache/commons/cli/Option.java","3","309","The method 'setDescription(String)' has an NPath complexity of 1, current threshold is 1","Design","NPathComplexity"
"70","org.apache.commons.cli","/Users/grantnelson/go/src/github.com/apache/commons-cli/src/main/java/org/apache/commons/cli/Option.java","3","309","Avoid long parameter lists (1 parameters - threshold is 1).","Design","ExcessiveParameterList"
"71","org.apache.commons.cli","/Users/grantnelson/go/src/github.com/apache/commons-cli/src/main/java/org/apache/commons/cli/Option.java","3","319","The method 'isRequired()' has a NCSS line count of 2.","Design","NcssCount"
"72","org.apache.commons.cli","/Users/grantnelson/go/src/github.com/apache/commons-cli/src/main/java/org/apache/commons/cli/Option.java","3","319","The method 'isRequired()' has a cyclomatic complexity of 1.","Design","CyclomaticComplexity"
"73","org.apache.commons.cli","/Users/grantnelson/go/src/github.com/apache/commons-cli/src/main/java/org/apache/commons/cli/Option.java","3","319","The method 'isRequired()' has an NPath complexity of 1, current threshold is 1","Design","NPathComplexity"
"74","org.apache.commons.cli","/Users/grantnelson/go/src/github.com/apache/commons-cli/src/main/java/org/apache/commons/cli/Option.java","3","329","The method 'setRequired(boolean)' has a NCSS line count of 2.","Design","NcssCount"
"75","org.apache.commons.cli","/Users/grantnelson/go/src/github.com/apache/commons-cli/src/main/java/org/apache/commons/cli/Option.java","3","329","The method 'setRequired(boolean)' has a cyclomatic complexity of 1.","Design","CyclomaticComplexity"
"76","org.apache.commons.cli","/Users/grantnelson/go/src/github.com/apache/commons-cli/src/main/java/org/apache/commons/cli/Option.java","3","329","The method 'setRequired(boolean)' has an NPath complexity of 1, current threshold is 1","Design","NPathComplexity"
"77","org.apache.commons.cli","/Users/grantnelson/go/src/github.com/apache/commons-cli/src/main/java/org/apache/commons/cli/Option.java","3","329","Avoid long parameter lists (1 parameters - threshold is 1).","Design","ExcessiveParameterList"
"78","org.apache.commons.cli","/Users/grantnelson/go/src/github.com/apache/commons-cli/src/main/java/org/apache/commons/cli/Option.java","3","339","The method 'setArgName(String)' has a NCSS line count of 2.","Design","NcssCount"
"79","org.apache.commons.cli","/Users/grantnelson/go/src/github.com/apache/commons-cli/src/main/java/org/apache/commons/cli/Option.java","3","339","The method 'setArgName(String)' has a cyclomatic complexity of 1.","Design","CyclomaticComplexity"
"80","org.apache.commons.cli","/Users/grantnelson/go/src/github.com/apache/commons-cli/src/main/java/org/apache/commons/cli/Option.java","3","339","The method 'setArgName(String)' has an NPath complexity of 1, current threshold is 1","Design","NPathComplexity"
"81","org.apache.commons.cli","/Users/grantnelson/go/src/github.com/apache/commons-cli/src/main/java/org/apache/commons/cli/Option.java","3","339","Avoid long parameter lists (1 parameters - threshold is 1).","Design","ExcessiveParameterList"
"82","org.apache.commons.cli","/Users/grantnelson/go/src/github.com/apache/commons-cli/src/main/java/org/apache/commons/cli/Option.java","3","349","The method 'getArgName()' has a NCSS line count of 2.","Design","NcssCount"
"83","org.apache.commons.cli","/Users/grantnelson/go/src/github.com/apache/commons-cli/src/main/java/org/apache/commons/cli/Option.java","3","349","The method 'getArgName()' has a cyclomatic complexity of 1.","Design","CyclomaticComplexity"
"84","org.apache.commons.cli","/Users/grantnelson/go/src/github.com/apache/commons-cli/src/main/java/org/apache/commons/cli/Option.java","3","349","The method 'getArgName()' has an NPath complexity of 1, current threshold is 1","Design","NPathComplexity"
"85","org.apache.commons.cli","/Users/grantnelson/go/src/github.com/apache/commons-cli/src/main/java/org/apache/commons/cli/Option.java","3","359","The method 'hasArgName()' has a NCSS line count of 2.","Design","NcssCount"
"86","org.apache.commons.cli","/Users/grantnelson/go/src/github.com/apache/commons-cli/src/main/java/org/apache/commons/cli/Option.java","3","359","The method 'hasArgName()' has a cognitive complexity of 1, current threshold is 1","Design","CognitiveComplexity"
"87","org.apache.commons.cli","/Users/grantnelson/go/src/github.com/apache/commons-cli/src/main/java/org/apache/commons/cli/Option.java","3","359","The method 'hasArgName()' has a cyclomatic complexity of 1.","Design","CyclomaticComplexity"
"88","org.apache.commons.cli","/Users/grantnelson/go/src/github.com/apache/commons-cli/src/main/java/org/apache/commons/cli/Option.java","3","359","The method 'hasArgName()' has an NPath complexity of 2, current threshold is 1","Design","NPathComplexity"
"89","org.apache.commons.cli","/Users/grantnelson/go/src/github.com/apache/commons-cli/src/main/java/org/apache/commons/cli/Option.java","3","369","The method 'hasArgs()' has a NCSS line count of 2.","Design","NcssCount"
"90","org.apache.commons.cli","/Users/grantnelson/go/src/github.com/apache/commons-cli/src/main/java/org/apache/commons/cli/Option.java","3","369","The method 'hasArgs()' has a cognitive complexity of 1, current threshold is 1","Design","CognitiveComplexity"
"91","org.apache.commons.cli","/Users/grantnelson/go/src/github.com/apache/commons-cli/src/main/java/org/apache/commons/cli/Option.java","3","369","The method 'hasArgs()' has a cyclomatic complexity of 1.","Design","CyclomaticComplexity"
"92","org.apache.commons.cli","/Users/grantnelson/go/src/github.com/apache/commons-cli/src/main/java/org/apache/commons/cli/Option.java","3","369","The method 'hasArgs()' has an NPath complexity of 2, current threshold is 1","Design","NPathComplexity"
"93","org.apache.commons.cli","/Users/grantnelson/go/src/github.com/apache/commons-cli/src/main/java/org/apache/commons/cli/Option.java","3","379","The method 'setArgs(int)' has a NCSS line count of 2.","Design","NcssCount"
"94","org.apache.commons.cli","/Users/grantnelson/go/src/github.com/apache/commons-cli/src/main/java/org/apache/commons/cli/Option.java","3","379","The method 'setArgs(int)' has a cyclomatic complexity of 1.","Design","CyclomaticComplexity"
"95","org.apache.commons.cli","/Users/grantnelson/go/src/github.com/apache/commons-cli/src/main/java/org/apache/commons/cli/Option.java","3","379","The method 'setArgs(int)' has an NPath complexity of 1, current threshold is 1","Design","NPathComplexity"
"96","org.apache.commons.cli","/Users/grantnelson/go/src/github.com/apache/commons-cli/src/main/java/org/apache/commons/cli/Option.java","3","379","Avoid long parameter lists (1 parameters - threshold is 1).","Design","ExcessiveParameterList"
"97","org.apache.commons.cli","/Users/grantnelson/go/src/github.com/apache/commons-cli/src/main/java/org/apache/commons/cli/Option.java","3","390","The method 'setValueSeparator(char)' has a NCSS line count of 2.","Design","NcssCount"
"98","org.apache.commons.cli","/Users/grantnelson/go/src/github.com/apache/commons-cli/src/main/java/org/apache/commons/cli/Option.java","3","390","The method 'setValueSeparator(char)' has a cyclomatic complexity of 1.","Design","CyclomaticComplexity"
"99","org.apache.commons.cli","/Users/grantnelson/go/src/github.com/apache/commons-cli/src/main/java/org/apache/commons/cli/Option.java","3","390","The method 'setValueSeparator(char)' has an NPath complexity of 1, current threshold is 1","Design","NPathComplexity"
"100","org.apache.commons.cli","/Users/grantnelson/go/src/github.com/apache/commons-cli/src/main/java/org/apache/commons/cli/Option.java","3","390","Avoid long parameter lists (1 parameters - threshold is 1).","Design","ExcessiveParameterList"
"101","org.apache.commons.cli","/Users/grantnelson/go/src/github.com/apache/commons-cli/src/main/java/org/apache/commons/cli/Option.java","3","400","The method 'getValueSeparator()' has a NCSS line count of 2.","Design","NcssCount"
"102","org.apache.commons.cli","/Users/grantnelson/go/src/github.com/apache/commons-cli/src/main/java/org/apache/commons/cli/Option.java","3","400","The method 'getValueSeparator()' has a cyclomatic complexity of 1.","Design","CyclomaticComplexity"
"103","org.apache.commons.cli","/Users/grantnelson/go/src/github.com/apache/commons-cli/src/main/java/org/apache/commons/cli/Option.java","3","400","The method 'getValueSeparator()' has an NPath complexity of 1, current threshold is 1","Design","NPathComplexity"
"104","org.apache.commons.cli","/Users/grantnelson/go/src/github.com/apache/commons-cli/src/main/java/org/apache/commons/cli/Option.java","3","411","The method 'hasValueSeparator()' has a NCSS line count of 2.","Design","NcssCount"
"105","org.apache.commons.cli","/Users/grantnelson/go/src/github.com/apache/commons-cli/src/main/java/org/apache/commons/cli/Option.java","3","411","The method 'hasValueSeparator()' has a cyclomatic complexity of 1.","Design","CyclomaticComplexity"
"106","org.apache.commons.cli","/Users/grantnelson/go/src/github.com/apache/commons-cli/src/main/java/org/apache/commons/cli/Option.java","3","411","The method 'hasValueSeparator()' has an NPath complexity of 1, current threshold is 1","Design","NPathComplexity"
"107","org.apache.commons.cli","/Users/grantnelson/go/src/github.com/apache/commons-cli/src/main/java/org/apache/commons/cli/Option.java","3","430","The method 'getArgs()' has a NCSS line count of 2.","Design","NcssCount"
"108","org.apache.commons.cli","/Users/grantnelson/go/src/github.com/apache/commons-cli/src/main/java/org/apache/commons/cli/Option.java","3","430","The method 'getArgs()' has a cyclomatic complexity of 1.","Design","CyclomaticComplexity"
"109","org.apache.commons.cli","/Users/grantnelson/go/src/github.com/apache/commons-cli/src/main/java/org/apache/commons/cli/Option.java","3","430","The method 'getArgs()' has an NPath complexity of 1, current threshold is 1","Design","NPathComplexity"
"110","org.apache.commons.cli","/Users/grantnelson/go/src/github.com/apache/commons-cli/src/main/java/org/apache/commons/cli/Option.java","3","440","The method 'addValueForProcessing(String)' has a NCSS line count of 4.","Design","NcssCount"
"111","org.apache.commons.cli","/Users/grantnelson/go/src/github.com/apache/commons-cli/src/main/java/org/apache/commons/cli/Option.java","3","440","The method 'addValueForProcessing(String)' has a cognitive complexity of 1, current threshold is 1","Design","CognitiveComplexity"
"112","org.apache.commons.cli","/Users/grantnelson/go/src/github.com/apache/commons-cli/src/main/java/org/apache/commons/cli/Option.java","3","440","The method 'addValueForProcessing(String)' has a cyclomatic complexity of 3.","Design","CyclomaticComplexity"
"113","org.apache.commons.cli","/Users/grantnelson/go/src/github.com/apache/commons-cli/src/main/java/org/apache/commons/cli/Option.java","3","440","The method 'addValueForProcessing(String)' has an NPath complexity of 2, current threshold is 1","Design","NPathComplexity"
"114","org.apache.commons.cli","/Users/grantnelson/go/src/github.com/apache/commons-cli/src/main/java/org/apache/commons/cli/Option.java","3","440","Avoid long parameter lists (1 parameters - threshold is 1).","Design","ExcessiveParameterList"
"115","org.apache.commons.cli","/Users/grantnelson/go/src/github.com/apache/commons-cli/src/main/java/org/apache/commons/cli/Option.java","3","460","The method 'processValue(String)' has a NCSS line count of 11.","Design","NcssCount"
"116","org.apache.commons.cli","/Users/grantnelson/go/src/github.com/apache/commons-cli/src/main/java/org/apache/commons/cli/Option.java","3","460","The method 'processValue(String)' has a cognitive complexity of 6, current threshold is 1","Design","CognitiveComplexity"
"117","org.apache.commons.cli","/Users/grantnelson/go/src/github.com/apache/commons-cli/src/main/java/org/apache/commons/cli/Option.java","3","460","The method 'processValue(String)' has a cyclomatic complexity of 4.","Design","CyclomaticComplexity"
"118","org.apache.commons.cli","/Users/grantnelson/go/src/github.com/apache/commons-cli/src/main/java/org/apache/commons/cli/Option.java","3","460","The method 'processValue(String)' has an NPath complexity of 4, current threshold is 1","Design","NPathComplexity"
"119","org.apache.commons.cli","/Users/grantnelson/go/src/github.com/apache/commons-cli/src/main/java/org/apache/commons/cli/Option.java","3","460","Avoid long parameter lists (1 parameters - threshold is 1).","Design","ExcessiveParameterList"
"120","org.apache.commons.cli","/Users/grantnelson/go/src/github.com/apache/commons-cli/src/main/java/org/apache/commons/cli/Option.java","3","504","The method 'add(String)' has a NCSS line count of 4.","Design","NcssCount"
"121","org.apache.commons.cli","/Users/grantnelson/go/src/github.com/apache/commons-cli/src/main/java/org/apache/commons/cli/Option.java","3","504","The method 'add(String)' has a cognitive complexity of 1, current threshold is 1","Design","CognitiveComplexity"
"122","org.apache.commons.cli","/Users/grantnelson/go/src/github.com/apache/commons-cli/src/main/java/org/apache/commons/cli/Option.java","3","504","The method 'add(String)' has a cyclomatic complexity of 3.","Design","CyclomaticComplexity"
"123","org.apache.commons.cli","/Users/grantnelson/go/src/github.com/apache/commons-cli/src/main/java/org/apache/commons/cli/Option.java","3","504","The method 'add(String)' has an NPath complexity of 2, current threshold is 1","Design","NPathComplexity"
"124","org.apache.commons.cli","/Users/grantnelson/go/src/github.com/apache/commons-cli/src/main/java/org/apache/commons/cli/Option.java","3","504","Avoid long parameter lists (1 parameters - threshold is 1).","Design","ExcessiveParameterList"
"125","org.apache.commons.cli","/Users/grantnelson/go/src/github.com/apache/commons-cli/src/main/java/org/apache/commons/cli/Option.java","3","522","The method 'getValue()' has a NCSS line count of 2.","Design","NcssCount"
"126","org.apache.commons.cli","/Users/grantnelson/go/src/github.com/apache/commons-cli/src/main/java/org/apache/commons/cli/Option.java","3","522","The method 'getValue()' has a cognitive complexity of 1, current threshold is 1","Design","CognitiveComplexity"
"127","org.apache.commons.cli","/Users/grantnelson/go/src/github.com/apache/commons-cli/src/main/java/org/apache/commons/cli/Option.java","3","522","The method 'getValue()' has a cyclomatic complexity of 2.","Design","CyclomaticComplexity"
"128","org.apache.commons.cli","/Users/grantnelson/go/src/github.com/apache/commons-cli/src/main/java/org/apache/commons/cli/Option.java","3","522","The method 'getValue()' has an NPath complexity of 2, current threshold is 1","Design","NPathComplexity"
"129","org.apache.commons.cli","/Users/grantnelson/go/src/github.com/apache/commons-cli/src/main/java/org/apache/commons/cli/Option.java","3","539","The method 'getValue(int)' has a NCSS line count of 2.","Design","NcssCount"
"130","org.apache.commons.cli","/Users/grantnelson/go/src/github.com/apache/commons-cli/src/main/java/org/apache/commons/cli/Option.java","3","539","The method 'getValue(int)' has a cognitive complexity of 1, current threshold is 1","Design","CognitiveComplexity"
"131","org.apache.commons.cli","/Users/grantnelson/go/src/github.com/apache/commons-cli/src/main/java/org/apache/commons/cli/Option.java","3","539","The method 'getValue(int)' has a cyclomatic complexity of 2.","Design","CyclomaticComplexity"
"132","org.apache.commons.cli","/Users/grantnelson/go/src/github.com/apache/commons-cli/src/main/java/org/apache/commons/cli/Option.java","3","539","The method 'getValue(int)' has an NPath complexity of 2, current threshold is 1","Design","NPathComplexity"
"133","org.apache.commons.cli","/Users/grantnelson/go/src/github.com/apache/commons-cli/src/main/java/org/apache/commons/cli/Option.java","3","539","Avoid long parameter lists (1 parameters - threshold is 1).","Design","ExcessiveParameterList"
"134","org.apache.commons.cli","/Users/grantnelson/go/src/github.com/apache/commons-cli/src/main/java/org/apache/commons/cli/Option.java","3","554","The method 'getValue(String)' has a NCSS line count of 3.","Design","NcssCount"
"135","org.apache.commons.cli","/Users/grantnelson/go/src/github.com/apache/commons-cli/src/main/java/org/apache/commons/cli/Option.java","3","554","The method 'getValue(String)' has a cognitive complexity of 1, current threshold is 1","Design","CognitiveComplexity"
"136","org.apache.commons.cli","/Users/grantnelson/go/src/github.com/apache/commons-cli/src/main/java/org/apache/commons/cli/Option.java","3","554","The method 'getValue(String)' has a cyclomatic complexity of 2.","Design","CyclomaticComplexity"
"137","org.apache.commons.cli","/Users/grantnelson/go/src/github.com/apache/commons-cli/src/main/java/org/apache/commons/cli/Option.java","3","554","The method 'getValue(String)' has an NPath complexity of 2, current threshold is 1","Design","NPathComplexity"
"138","org.apache.commons.cli","/Users/grantnelson/go/src/github.com/apache/commons-cli/src/main/java/org/apache/commons/cli/Option.java","3","554","Avoid long parameter lists (1 parameters - threshold is 1).","Design","ExcessiveParameterList"
"139","org.apache.commons.cli","/Users/grantnelson/go/src/github.com/apache/commons-cli/src/main/java/org/apache/commons/cli/Option.java","3","568","The method 'getValues()' has a NCSS line count of 2.","Design","NcssCount"
"140","org.apache.commons.cli","/Users/grantnelson/go/src/github.com/apache/commons-cli/src/main/java/org/apache/commons/cli/Option.java","3","568","The method 'getValues()' has a cognitive complexity of 1, current threshold is 1","Design","CognitiveComplexity"
"141","org.apache.commons.cli","/Users/grantnelson/go/src/github.com/apache/commons-cli/src/main/java/org/apache/commons/cli/Option.java","3","568","The method 'getValues()' has a cyclomatic complexity of 2.","Design","CyclomaticComplexity"
"142","org.apache.commons.cli","/Users/grantnelson/go/src/github.com/apache/commons-cli/src/main/java/org/apache/commons/cli/Option.java","3","568","The method 'getValues()' has an NPath complexity of 2, current threshold is 1","Design","NPathComplexity"
"143","org.apache.commons.cli","/Users/grantnelson/go/src/github.com/apache/commons-cli/src/main/java/org/apache/commons/cli/Option.java","3","577","The method 'getValuesList()' has a NCSS line count of 2.","Design","NcssCount"
"144","org.apache.commons.cli","/Users/grantnelson/go/src/github.com/apache/commons-cli/src/main/java/org/apache/commons/cli/Option.java","3","577","The method 'getValuesList()' has a cyclomatic complexity of 1.","Design","CyclomaticComplexity"
"145","org.apache.commons.cli","/Users/grantnelson/go/src/github.com/apache/commons-cli/src/main/java/org/apache/commons/cli/Option.java","3","577","The method 'getValuesList()' has an NPath complexity of 1, current threshold is 1","Design","NPathComplexity"
"146","org.apache.commons.cli","/Users/grantnelson/go/src/github.com/apache/commons-cli/src/main/java/org/apache/commons/cli/Option.java","3","588","The method 'toString()' has a NCSS line count of 16.","Design","NcssCount"
"147","org.apache.commons.cli","/Users/grantnelson/go/src/github.com/apache/commons-cli/src/main/java/org/apache/commons/cli/Option.java","3","588","The method 'toString()' has a cognitive complexity of 4, current threshold is 1","Design","CognitiveComplexity"
"148","org.apache.commons.cli","/Users/grantnelson/go/src/github.com/apache/commons-cli/src/main/java/org/apache/commons/cli/Option.java","3","588","The method 'toString()' has a cyclomatic complexity of 5.","Design","CyclomaticComplexity"
"149","org.apache.commons.cli","/Users/grantnelson/go/src/github.com/apache/commons-cli/src/main/java/org/apache/commons/cli/Option.java","3","588","The method 'toString()' has an NPath complexity of 12, current threshold is 1","Design","NPathComplexity"
"150","org.apache.commons.cli","/Users/grantnelson/go/src/github.com/apache/commons-cli/src/main/java/org/apache/commons/cli/Option.java","3","627","The method 'hasNoValues()' has a NCSS line count of 2.","Design","NcssCount"
"151","org.apache.commons.cli","/Users/grantnelson/go/src/github.com/apache/commons-cli/src/main/java/org/apache/commons/cli/Option.java","3","627","The method 'hasNoValues()' has a cyclomatic complexity of 1.","Design","CyclomaticComplexity"
"152","org.apache.commons.cli","/Users/grantnelson/go/src/github.com/apache/commons-cli/src/main/java/org/apache/commons/cli/Option.java","3","627","The method 'hasNoValues()' has an NPath complexity of 1, current threshold is 1","Design","NPathComplexity"
"153","org.apache.commons.cli","/Users/grantnelson/go/src/github.com/apache/commons-cli/src/main/java/org/apache/commons/cli/Option.java","3","633","The method 'equals(Object)' has a NCSS line count of 11.","Design","NcssCount"
"154","org.apache.commons.cli","/Users/grantnelson/go/src/github.com/apache/commons-cli/src/main/java/org/apache/commons/cli/Option.java","3","633","The method 'equals(Object)' has a cognitive complexity of 7, current threshold is 1","Design","CognitiveComplexity"
"155","org.apache.commons.cli","/Users/grantnelson/go/src/github.com/apache/commons-cli/src/main/java/org/apache/commons/cli/Option.java","3","633","The method 'equals(Object)' has a cyclomatic complexity of 12.","Design","CyclomaticComplexity"
"156","org.apache.commons.cli","/Users/grantnelson/go/src/github.com/apache/commons-cli/src/main/java/org/apache/commons/cli/Option.java","3","633","The method 'equals(Object)' has an NPath complexity of 13, current threshold is 1","Design","NPathComplexity"
"157","org.apache.commons.cli","/Users/grantnelson/go/src/github.com/apache/commons-cli/src/main/java/org/apache/commons/cli/Option.java","3","633","Avoid long parameter lists (1 parameters - threshold is 1).","Design","ExcessiveParameterList"
"158","org.apache.commons.cli","/Users/grantnelson/go/src/github.com/apache/commons-cli/src/main/java/org/apache/commons/cli/Option.java","3","659","The method 'hashCode()' has a NCSS line count of 5.","Design","NcssCount"
"159","org.apache.commons.cli","/Users/grantnelson/go/src/github.com/apache/commons-cli/src/main/java/org/apache/commons/cli/Option.java","3","659","The method 'hashCode()' has a cognitive complexity of 2, current threshold is 1","Design","CognitiveComplexity"
"160","org.apache.commons.cli","/Users/grantnelson/go/src/github.com/apache/commons-cli/src/main/java/org/apache/commons/cli/Option.java","3","659","The method 'hashCode()' has a cyclomatic complexity of 3.","Design","CyclomaticComplexity"
"161","org.apache.commons.cli","/Users/grantnelson/go/src/github.com/apache/commons-cli/src/main/java/org/apache/commons/cli/Option.java","3","659","The method 'hashCode()' has an NPath complexity of 4, current threshold is 1","Design","NPathComplexity"
"162","org.apache.commons.cli","/Users/grantnelson/go/src/github.com/apache/commons-cli/src/main/java/org/apache/commons/cli/Option.java","3","680","The method 'clone()' has a NCSS line count of 6.","Design","NcssCount"
"163","org.apache.commons.cli","/Users/grantnelson/go/src/github.com/apache/commons-cli/src/main/java/org/apache/commons/cli/Option.java","3","680","The method 'clone()' has a cognitive complexity of 1, current threshold is 1","Design","CognitiveComplexity"
"164","org.apache.commons.cli","/Users/grantnelson/go/src/github.com/apache/commons-cli/src/main/java/org/apache/commons/cli/Option.java","3","680","The method 'clone()' has a cyclomatic complexity of 3.","Design","CyclomaticComplexity"
"165","org.apache.commons.cli","/Users/grantnelson/go/src/github.com/apache/commons-cli/src/main/java/org/apache/commons/cli/Option.java","3","680","The method 'clone()' has an NPath complexity of 1, current threshold is 1","Design","NPathComplexity"
"166","org.apache.commons.cli","/Users/grantnelson/go/src/github.com/apache/commons-cli/src/main/java/org/apache/commons/cli/Option.java","3","700","The method 'clearValues()' has a NCSS line count of 2.","Design","NcssCount"
"167","org.apache.commons.cli","/Users/grantnelson/go/src/github.com/apache/commons-cli/src/main/java/org/apache/commons/cli/Option.java","3","700","The method 'clearValues()' has a cyclomatic complexity of 1.","Design","CyclomaticComplexity"
"168","org.apache.commons.cli","/Users/grantnelson/go/src/github.com/apache/commons-cli/src/main/java/org/apache/commons/cli/Option.java","3","700","The method 'clearValues()' has an NPath complexity of 1, current threshold is 1","Design","NPathComplexity"
"169","org.apache.commons.cli","/Users/grantnelson/go/src/github.com/apache/commons-cli/src/main/java/org/apache/commons/cli/Option.java","3","715","The method 'addValue(String)' has a NCSS line count of 2.","Design","NcssCount"
"170","org.apache.commons.cli","/Users/grantnelson/go/src/github.com/apache/commons-cli/src/main/java/org/apache/commons/cli/Option.java","3","715","The method 'addValue(String)' has a cyclomatic complexity of 2.","Design","CyclomaticComplexity"
"171","org.apache.commons.cli","/Users/grantnelson/go/src/github.com/apache/commons-cli/src/main/java/org/apache/commons/cli/Option.java","3","715","The method 'addValue(String)' has an NPath complexity of 1, current threshold is 1","Design","NPathComplexity"
"172","org.apache.commons.cli","/Users/grantnelson/go/src/github.com/apache/commons-cli/src/main/java/org/apache/commons/cli/Option.java","3","715","Avoid long parameter lists (1 parameters - threshold is 1).","Design","ExcessiveParameterList"
"173","org.apache.commons.cli","/Users/grantnelson/go/src/github.com/apache/commons-cli/src/main/java/org/apache/commons/cli/Option.java","3","727","The method 'acceptsArg()' has a NCSS line count of 2.","Design","NcssCount"
"174","org.apache.commons.cli","/Users/grantnelson/go/src/github.com/apache/commons-cli/src/main/java/org/apache/commons/cli/Option.java","3","727","The method 'acceptsArg()' has a cognitive complexity of 2, current threshold is 1","Design","CognitiveComplexity"
"175","org.apache.commons.cli","/Users/grantnelson/go/src/github.com/apache/commons-cli/src/main/java/org/apache/commons/cli/Option.java","3","727","The method 'acceptsArg()' has a cyclomatic complexity of 1.","Design","CyclomaticComplexity"
"176","org.apache.commons.cli","/Users/grantnelson/go/src/github.com/apache/commons-cli/src/main/java/org/apache/commons/cli/Option.java","3","727","The method 'acceptsArg()' has an NPath complexity of 9, current threshold is 1","Design","NPathComplexity"
"177","org.apache.commons.cli","/Users/grantnelson/go/src/github.com/apache/commons-cli/src/main/java/org/apache/commons/cli/Option.java","3","738","The method 'requiresArg()' has a NCSS line count of 6.","Design","NcssCount"
"178","org.apache.commons.cli","/Users/grantnelson/go/src/github.com/apache/commons-cli/src/main/java/org/apache/commons/cli/Option.java","3","738","The method 'requiresArg()' has a cognitive complexity of 2, current threshold is 1","Design","CognitiveComplexity"
"179","org.apache.commons.cli","/Users/grantnelson/go/src/github.com/apache/commons-cli/src/main/java/org/apache/commons/cli/Option.java","3","738","The method 'requiresArg()' has a cyclomatic complexity of 3.","Design","CyclomaticComplexity"
"180","org.apache.commons.cli","/Users/grantnelson/go/src/github.com/apache/commons-cli/src/main/java/org/apache/commons/cli/Option.java","3","738","The method 'requiresArg()' has an NPath complexity of 3, current threshold is 1","Design","NPathComplexity"
"181","org.apache.commons.cli","/Users/grantnelson/go/src/github.com/apache/commons-cli/src/main/java/org/apache/commons/cli/Option.java","3","758","The method 'builder()' has a NCSS line count of 2.","Design","NcssCount"
"182","org.apache.commons.cli","/Users/grantnelson/go/src/github.com/apache/commons-cli/src/main/java/org/apache/commons/cli/Option.java","3","758","The method 'builder()' has a cyclomatic complexity of 1.","Design","CyclomaticComplexity"
"183","org.apache.commons.cli","/Users/grantnelson/go/src/github.com/apache/commons-cli/src/main/java/org/apache/commons/cli/Option.java","3","758","The method 'builder()' has an NPath complexity of 1, current threshold is 1","Design","NPathComplexity"
"184","org.apache.commons.cli","/Users/grantnelson/go/src/github.com/apache/commons-cli/src/main/java/org/apache/commons/cli/Option.java","3","772","The method 'builder(String)' has a NCSS line count of 2.","Design","NcssCount"
"185","org.apache.commons.cli","/Users/grantnelson/go/src/github.com/apache/commons-cli/src/main/java/org/apache/commons/cli/Option.java","3","772","The method 'builder(String)' has a cyclomatic complexity of 1.","Design","CyclomaticComplexity"
"186","org.apache.commons.cli","/Users/grantnelson/go/src/github.com/apache/commons-cli/src/main/java/org/apache/commons/cli/Option.java","3","772","The method 'builder(String)' has an NPath complexity of 1, current threshold is 1","Design","NPathComplexity"
"187","org.apache.commons.cli","/Users/grantnelson/go/src/github.com/apache/commons-cli/src/main/java/org/apache/commons/cli/Option.java","3","772","Avoid long parameter lists (1 parameters - threshold is 1).","Design","ExcessiveParameterList"
"188","org.apache.commons.cli","/Users/grantnelson/go/src/github.com/apache/commons-cli/src/main/java/org/apache/commons/cli/Option.java","3","791","The class 'Builder' has a NCSS line count of 53 (Highest = 4).","Design","NcssCount"
"189","org.apache.commons.cli","/Users/grantnelson/go/src/github.com/apache/commons-cli/src/main/java/org/apache/commons/cli/Option.java","3","791","The class 'Builder' has a total cyclomatic complexity of 19 (highest 4).","Design","CyclomaticComplexity"
"190","org.apache.commons.cli","/Users/grantnelson/go/src/github.com/apache/commons-cli/src/main/java/org/apache/commons/cli/Option.java","3","791","This class has 14 public methods and attributes; current threshold is 1.","Design","ExcessivePublicCount"
"191","org.apache.commons.cli","/Users/grantnelson/go/src/github.com/apache/commons-cli/src/main/java/org/apache/commons/cli/Option.java","3","827","The constructor 'Builder(String)' has a NCSS line count of 3.","Design","NcssCount"
"192","org.apache.commons.cli","/Users/grantnelson/go/src/github.com/apache/commons-cli/src/main/java/org/apache/commons/cli/Option.java","3","827","The constructor 'Builder(String)' has a cyclomatic complexity of 1.","Design","CyclomaticComplexity"
"193","org.apache.commons.cli","/Users/grantnelson/go/src/github.com/apache/commons-cli/src/main/java/org/apache/commons/cli/Option.java","3","827","The constructor 'Builder(String)' has an NPath complexity of 1, current threshold is 1","Design","NPathComplexity"
"194","org.apache.commons.cli","/Users/grantnelson/go/src/github.com/apache/commons-cli/src/main/java/org/apache/commons/cli/Option.java","3","839","The method 'argName(String)' has a NCSS line count of 3.","Design","NcssCount"
"195","org.apache.commons.cli","/Users/grantnelson/go/src/github.com/apache/commons-cli/src/main/java/org/apache/commons/cli/Option.java","3","839","The method 'argName(String)' has a cyclomatic complexity of 1.","Design","CyclomaticComplexity"
"196","org.apache.commons.cli","/Users/grantnelson/go/src/github.com/apache/commons-cli/src/main/java/org/apache/commons/cli/Option.java","3","839","The method 'argName(String)' has an NPath complexity of 1, current threshold is 1","Design","NPathComplexity"
"197","org.apache.commons.cli","/Users/grantnelson/go/src/github.com/apache/commons-cli/src/main/java/org/apache/commons/cli/Option.java","3","839","Avoid long parameter lists (1 parameters - threshold is 1).","Design","ExcessiveParameterList"
"198","org.apache.commons.cli","/Users/grantnelson/go/src/github.com/apache/commons-cli/src/main/java/org/apache/commons/cli/Option.java","3","851","The method 'desc(String)' has a NCSS line count of 3.","Design","NcssCount"
"199","org.apache.commons.cli","/Users/grantnelson/go/src/github.com/apache/commons-cli/src/main/java/org/apache/commons/cli/Option.java","3","851","The method 'desc(String)' has a cyclomatic complexity of 1.","Design","CyclomaticComplexity"
"200","org.apache.commons.cli","/Users/grantnelson/go/src/github.com/apache/commons-cli/src/main/java/org/apache/commons/cli/Option.java","3","851","The method 'desc(String)' has an NPath complexity of 1, current threshold is 1","Design","NPathComplexity"
"201","org.apache.commons.cli","/Users/grantnelson/go/src/github.com/apache/commons-cli/src/main/java/org/apache/commons/cli/Option.java","3","851","Avoid long parameter lists (1 parameters - threshold is 1).","Design","ExcessiveParameterList"
"202","org.apache.commons.cli","/Users/grantnelson/go/src/github.com/apache/commons-cli/src/main/java/org/apache/commons/cli/Option.java","3","863","The method 'longOpt(String)' has a NCSS line count of 3.","Design","NcssCount"
"203","org.apache.commons.cli","/Users/grantnelson/go/src/github.com/apache/commons-cli/src/main/java/org/apache/commons/cli/Option.java","3","863","The method 'longOpt(String)' has a cyclomatic complexity of 1.","Design","CyclomaticComplexity"
"204","org.apache.commons.cli","/Users/grantnelson/go/src/github.com/apache/commons-cli/src/main/java/org/apache/commons/cli/Option.java","3","863","The method 'longOpt(String)' has an NPath complexity of 1, current threshold is 1","Design","NPathComplexity"
"205","org.apache.commons.cli","/Users/grantnelson/go/src/github.com/apache/commons-cli/src/main/java/org/apache/commons/cli/Option.java","3","863","Avoid long parameter lists (1 parameters - threshold is 1).","Design","ExcessiveParameterList"
"206","org.apache.commons.cli","/Users/grantnelson/go/src/github.com/apache/commons-cli/src/main/java/org/apache/commons/cli/Option.java","3","875","The method 'numberOfArgs(int)' has a NCSS line count of 3.","Design","NcssCount"
"207","org.apache.commons.cli","/Users/grantnelson/go/src/github.com/apache/commons-cli/src/main/java/org/apache/commons/cli/Option.java","3","875","The method 'numberOfArgs(int)' has a cyclomatic complexity of 1.","Design","CyclomaticComplexity"
"208","org.apache.commons.cli","/Users/grantnelson/go/src/github.com/apache/commons-cli/src/main/java/org/apache/commons/cli/Option.java","3","875","The method 'numberOfArgs(int)' has an NPath complexity of 1, current threshold is 1","Design","NPathComplexity"
"209","org.apache.commons.cli","/Users/grantnelson/go/src/github.com/apache/commons-cli/src/main/java/org/apache/commons/cli/Option.java","3","875","Avoid long parameter lists (1 parameters - threshold is 1).","Design","ExcessiveParameterList"
"210","org.apache.commons.cli","/Users/grantnelson/go/src/github.com/apache/commons-cli/src/main/java/org/apache/commons/cli/Option.java","3","888","The method 'optionalArg(boolean)' has a NCSS line count of 3.","Design","NcssCount"
"211","org.apache.commons.cli","/Users/grantnelson/go/src/github.com/apache/commons-cli/src/main/java/org/apache/commons/cli/Option.java","3","888","The method 'optionalArg(boolean)' has a cyclomatic complexity of 1.","Design","CyclomaticComplexity"
"212","org.apache.commons.cli","/Users/grantnelson/go/src/github.com/apache/commons-cli/src/main/java/org/apache/commons/cli/Option.java","3","888","The method 'optionalArg(boolean)' has an NPath complexity of 1, current threshold is 1","Design","NPathComplexity"
"213","org.apache.commons.cli","/Users/grantnelson/go/src/github.com/apache/commons-cli/src/main/java/org/apache/commons/cli/Option.java","3","888","Avoid long parameter lists (1 parameters - threshold is 1).","Design","ExcessiveParameterList"
"214","org.apache.commons.cli","/Users/grantnelson/go/src/github.com/apache/commons-cli/src/main/java/org/apache/commons/cli/Option.java","3","899","The method 'required()' has a NCSS line count of 2.","Design","NcssCount"
"215","org.apache.commons.cli","/Users/grantnelson/go/src/github.com/apache/commons-cli/src/main/java/org/apache/commons/cli/Option.java","3","899","The method 'required()' has a cyclomatic complexity of 1.","Design","CyclomaticComplexity"
"216","org.apache.commons.cli","/Users/grantnelson/go/src/github.com/apache/commons-cli/src/main/java/org/apache/commons/cli/Option.java","3","899","The method 'required()' has an NPath complexity of 1, current threshold is 1","Design","NPathComplexity"
"217","org.apache.commons.cli","/Users/grantnelson/go/src/github.com/apache/commons-cli/src/main/java/org/apache/commons/cli/Option.java","3","910","The method 'required(boolean)' has a NCSS line count of 3.","Design","NcssCount"
"218","org.apache.commons.cli","/Users/grantnelson/go/src/github.com/apache/commons-cli/src/main/java/org/apache/commons/cli/Option.java","3","910","The method 'required(boolean)' has a cyclomatic complexity of 1.","Design","CyclomaticComplexity"
"219","org.apache.commons.cli","/Users/grantnelson/go/src/github.com/apache/commons-cli/src/main/java/org/apache/commons/cli/Option.java","3","910","The method 'required(boolean)' has an NPath complexity of 1, current threshold is 1","Design","NPathComplexity"
"220","org.apache.commons.cli","/Users/grantnelson/go/src/github.com/apache/commons-cli/src/main/java/org/apache/commons/cli/Option.java","3","910","Avoid long parameter lists (1 parameters - threshold is 1).","Design","ExcessiveParameterList"
"221","org.apache.commons.cli","/Users/grantnelson/go/src/github.com/apache/commons-cli/src/main/java/org/apache/commons/cli/Option.java","3","922","The method 'type(Class<?>)' has a NCSS line count of 3.","Design","NcssCount"
"222","org.apache.commons.cli","/Users/grantnelson/go/src/github.com/apache/commons-cli/src/main/java/org/apache/commons/cli/Option.java","3","922","The method 'type(Class<?>)' has a cyclomatic complexity of 1.","Design","CyclomaticComplexity"
"223","org.apache.commons.cli","/Users/grantnelson/go/src/github.com/apache/commons-cli/src/main/java/org/apache/commons/cli/Option.java","3","922","The method 'type(Class<?>)' has an NPath complexity of 1, current threshold is 1","Design","NPathComplexity"
"224","org.apache.commons.cli","/Users/grantnelson/go/src/github.com/apache/commons-cli/src/main/java/org/apache/commons/cli/Option.java","3","922","Avoid long parameter lists (1 parameters - threshold is 1).","Design","ExcessiveParameterList"
"225","org.apache.commons.cli","/Users/grantnelson/go/src/github.com/apache/commons-cli/src/main/java/org/apache/commons/cli/Option.java","3","933","The method 'valueSeparator()' has a NCSS line count of 2.","Design","NcssCount"
"226","org.apache.commons.cli","/Users/grantnelson/go/src/github.com/apache/commons-cli/src/main/java/org/apache/commons/cli/Option.java","3","933","The method 'valueSeparator()' has a cyclomatic complexity of 1.","Design","CyclomaticComplexity"
"227","org.apache.commons.cli","/Users/grantnelson/go/src/github.com/apache/commons-cli/src/main/java/org/apache/commons/cli/Option.java","3","933","The method 'valueSeparator()' has an NPath complexity of 1, current threshold is 1","Design","NPathComplexity"
"228","org.apache.commons.cli","/Users/grantnelson/go/src/github.com/apache/commons-cli/src/main/java/org/apache/commons/cli/Option.java","3","959","The method 'valueSeparator(char)' has a NCSS line count of 3.","Design","NcssCount"
"229","org.apache.commons.cli","/Users/grantnelson/go/src/github.com/apache/commons-cli/src/main/java/org/apache/commons/cli/Option.java","3","959","The method 'valueSeparator(char)' has a cyclomatic complexity of 1.","Design","CyclomaticComplexity"
"230","org.apache.commons.cli","/Users/grantnelson/go/src/github.com/apache/commons-cli/src/main/java/org/apache/commons/cli/Option.java","3","959","The method 'valueSeparator(char)' has an NPath complexity of 1, current threshold is 1","Design","NPathComplexity"
"231","org.apache.commons.cli","/Users/grantnelson/go/src/github.com/apache/commons-cli/src/main/java/org/apache/commons/cli/Option.java","3","959","Avoid long parameter lists (1 parameters - threshold is 1).","Design","ExcessiveParameterList"
"232","org.apache.commons.cli","/Users/grantnelson/go/src/github.com/apache/commons-cli/src/main/java/org/apache/commons/cli/Option.java","3","970","The method 'hasArg()' has a NCSS line count of 2.","Design","NcssCount"
"233","org.apache.commons.cli","/Users/grantnelson/go/src/github.com/apache/commons-cli/src/main/java/org/apache/commons/cli/Option.java","3","970","The method 'hasArg()' has a cyclomatic complexity of 1.","Design","CyclomaticComplexity"
"234","org.apache.commons.cli","/Users/grantnelson/go/src/github.com/apache/commons-cli/src/main/java/org/apache/commons/cli/Option.java","3","970","The method 'hasArg()' has an NPath complexity of 1, current threshold is 1","Design","NPathComplexity"
"235","org.apache.commons.cli","/Users/grantnelson/go/src/github.com/apache/commons-cli/src/main/java/org/apache/commons/cli/Option.java","3","981","The method 'hasArg(boolean)' has a NCSS line count of 3.","Design","NcssCount"
"236","org.apache.commons.cli","/Users/grantnelson/go/src/github.com/apache/commons-cli/src/main/java/org/apache/commons/cli/Option.java","3","981","The method 'hasArg(boolean)' has a cognitive complexity of 1, current threshold is 1","Design","CognitiveComplexity"
"237","org.apache.commons.cli","/Users/grantnelson/go/src/github.com/apache/commons-cli/src/main/java/org/apache/commons/cli/Option.java","3","981","The method 'hasArg(boolean)' has a cyclomatic complexity of 2.","Design","CyclomaticComplexity"
"238","org.apache.commons.cli","/Users/grantnelson/go/src/github.com/apache/commons-cli/src/main/java/org/apache/commons/cli/Option.java","3","981","The method 'hasArg(boolean)' has an NPath complexity of 2, current threshold is 1","Design","NPathComplexity"
"239","org.apache.commons.cli","/Users/grantnelson/go/src/github.com/apache/commons-cli/src/main/java/org/apache/commons/cli/Option.java","3","981","Avoid long parameter lists (1 parameters - threshold is 1).","Design","ExcessiveParameterList"
"240","org.apache.commons.cli","/Users/grantnelson/go/src/github.com/apache/commons-cli/src/main/java/org/apache/commons/cli/Option.java","3","993","The method 'hasArgs()' has a NCSS line count of 3.","Design","NcssCount"
"241","org.apache.commons.cli","/Users/grantnelson/go/src/github.com/apache/commons-cli/src/main/java/org/apache/commons/cli/Option.java","3","993","The method 'hasArgs()' has a cyclomatic complexity of 1.","Design","CyclomaticComplexity"
"242","org.apache.commons.cli","/Users/grantnelson/go/src/github.com/apache/commons-cli/src/main/java/org/apache/commons/cli/Option.java","3","993","The method 'hasArgs()' has an NPath complexity of 1, current threshold is 1","Design","NPathComplexity"
"243","org.apache.commons.cli","/Users/grantnelson/go/src/github.com/apache/commons-cli/src/main/java/org/apache/commons/cli/Option.java","3","1005","The method 'build()' has a NCSS line count of 4.","Design","NcssCount"
"244","org.apache.commons.cli","/Users/grantnelson/go/src/github.com/apache/commons-cli/src/main/java/org/apache/commons/cli/Option.java","3","1005","The method 'build()' has a cognitive complexity of 2, current threshold is 1","Design","CognitiveComplexity"
"245","org.apache.commons.cli","/Users/grantnelson/go/src/github.com/apache/commons-cli/src/main/java/org/apache/commons/cli/Option.java","3","1005","The method 'build()' has a cyclomatic complexity of 4.","Design","CyclomaticComplexity"
"246","org.apache.commons.cli","/Users/grantnelson/go/src/github.com/apache/commons-cli/src/main/java/org/apache/commons/cli/Option.java","3","1005","The method 'build()' has an NPath complexity of 3, current threshold is 1","Design","NPathComplexity"
"1","org.apache.commons.cli","/Users/grantnelson/go/src/github.com/apache/commons-cli/src/main/java/org/apache/commons/cli/OptionBuilder.java","3","33","The class 'OptionBuilder' has a NCSS line count of 92 (Highest = 13).","Design","NcssCount"
"2","org.apache.commons.cli","/Users/grantnelson/go/src/github.com/apache/commons-cli/src/main/java/org/apache/commons/cli/OptionBuilder.java","3","33","The class 'OptionBuilder' has a total cyclomatic complexity of 24 (highest 3).","Design","CyclomaticComplexity"
"3","org.apache.commons.cli","/Users/grantnelson/go/src/github.com/apache/commons-cli/src/main/java/org/apache/commons/cli/OptionBuilder.java","3","33","This class has 19 public methods and attributes; current threshold is 1.","Design","ExcessivePublicCount"
"4","org.apache.commons.cli","/Users/grantnelson/go/src/github.com/apache/commons-cli/src/main/java/org/apache/commons/cli/OptionBuilder.java","3","71","The constructor 'OptionBuilder()' has a NCSS line count of 1.","Design","NcssCount"
"5","org.apache.commons.cli","/Users/grantnelson/go/src/github.com/apache/commons-cli/src/main/java/org/apache/commons/cli/OptionBuilder.java","3","71","The constructor 'OptionBuilder()' has a cyclomatic complexity of 1.","Design","CyclomaticComplexity"
"6","org.apache.commons.cli","/Users/grantnelson/go/src/github.com/apache/commons-cli/src/main/java/org/apache/commons/cli/OptionBuilder.java","3","71","The constructor 'OptionBuilder()' has an NPath complexity of 1, current threshold is 1","Design","NPathComplexity"
"7","org.apache.commons.cli","/Users/grantnelson/go/src/github.com/apache/commons-cli/src/main/java/org/apache/commons/cli/OptionBuilder.java","3","79","The method 'reset()' has a NCSS line count of 9.","Design","NcssCount"
"8","org.apache.commons.cli","/Users/grantnelson/go/src/github.com/apache/commons-cli/src/main/java/org/apache/commons/cli/OptionBuilder.java","3","79","The method 'reset()' has a cyclomatic complexity of 1.","Design","CyclomaticComplexity"
"9","org.apache.commons.cli","/Users/grantnelson/go/src/github.com/apache/commons-cli/src/main/java/org/apache/commons/cli/OptionBuilder.java","3","79","The method 'reset()' has an NPath complexity of 1, current threshold is 1","Design","NPathComplexity"
"10","org.apache.commons.cli","/Users/grantnelson/go/src/github.com/apache/commons-cli/src/main/java/org/apache/commons/cli/OptionBuilder.java","3","97","The method 'withLongOpt(String)' has a NCSS line count of 3.","Design","NcssCount"
"11","org.apache.commons.cli","/Users/grantnelson/go/src/github.com/apache/commons-cli/src/main/java/org/apache/commons/cli/OptionBuilder.java","3","97","The method 'withLongOpt(String)' has a cyclomatic complexity of 1.","Design","CyclomaticComplexity"
"12","org.apache.commons.cli","/Users/grantnelson/go/src/github.com/apache/commons-cli/src/main/java/org/apache/commons/cli/OptionBuilder.java","3","97","The method 'withLongOpt(String)' has an NPath complexity of 1, current threshold is 1","Design","NPathComplexity"
"13","org.apache.commons.cli","/Users/grantnelson/go/src/github.com/apache/commons-cli/src/main/java/org/apache/commons/cli/OptionBuilder.java","3","97","Avoid long parameter lists (1 parameters - threshold is 1).","Design","ExcessiveParameterList"
"14","org.apache.commons.cli","/Users/grantnelson/go/src/github.com/apache/commons-cli/src/main/java/org/apache/commons/cli/OptionBuilder.java","3","109","The method 'hasArg()' has a NCSS line count of 3.","Design","NcssCount"
"15","org.apache.commons.cli","/Users/grantnelson/go/src/github.com/apache/commons-cli/src/main/java/org/apache/commons/cli/OptionBuilder.java","3","109","The method 'hasArg()' has a cyclomatic complexity of 1.","Design","CyclomaticComplexity"
"16","org.apache.commons.cli","/Users/grantnelson/go/src/github.com/apache/commons-cli/src/main/java/org/apache/commons/cli/OptionBuilder.java","3","109","The method 'hasArg()' has an NPath complexity of 1, current threshold is 1","Design","NPathComplexity"
"17","org.apache.commons.cli","/Users/grantnelson/go/src/github.com/apache/commons-cli/src/main/java/org/apache/commons/cli/OptionBuilder.java","3","123","The method 'hasArg(boolean)' has a NCSS line count of 3.","Design","NcssCount"
"18","org.apache.commons.cli","/Users/grantnelson/go/src/github.com/apache/commons-cli/src/main/java/org/apache/commons/cli/OptionBuilder.java","3","123","The method 'hasArg(boolean)' has a cognitive complexity of 1, current threshold is 1","Design","CognitiveComplexity"
"19","org.apache.commons.cli","/Users/grantnelson/go/src/github.com/apache/commons-cli/src/main/java/org/apache/commons/cli/OptionBuilder.java","3","123","The method 'hasArg(boolean)' has a cyclomatic complexity of 2.","Design","CyclomaticComplexity"
"20","org.apache.commons.cli","/Users/grantnelson/go/src/github.com/apache/commons-cli/src/main/java/org/apache/commons/cli/OptionBuilder.java","3","123","The method 'hasArg(boolean)' has an NPath complexity of 2, current threshold is 1","Design","NPathComplexity"
"21","org.apache.commons.cli","/Users/grantnelson/go/src/github.com/apache/commons-cli/src/main/java/org/apache/commons/cli/OptionBuilder.java","3","123","Avoid long parameter lists (1 parameters - threshold is 1).","Design","ExcessiveParameterList"
"22","org.apache.commons.cli","/Users/grantnelson/go/src/github.com/apache/commons-cli/src/main/java/org/apache/commons/cli/OptionBuilder.java","3","136","The method 'withArgName(String)' has a NCSS line count of 3.","Design","NcssCount"
"23","org.apache.commons.cli","/Users/grantnelson/go/src/github.com/apache/commons-cli/src/main/java/org/apache/commons/cli/OptionBuilder.java","3","136","The method 'withArgName(String)' has a cyclomatic complexity of 1.","Design","CyclomaticComplexity"
"24","org.apache.commons.cli","/Users/grantnelson/go/src/github.com/apache/commons-cli/src/main/java/org/apache/commons/cli/OptionBuilder.java","3","136","The method 'withArgName(String)' has an NPath complexity of 1, current threshold is 1","Design","NPathComplexity"
"25","org.apache.commons.cli","/Users/grantnelson/go/src/github.com/apache/commons-cli/src/main/java/org/apache/commons/cli/OptionBuilder.java","3","136","Avoid long parameter lists (1 parameters - threshold is 1).","Design","ExcessiveParameterList"
"26","org.apache.commons.cli","/Users/grantnelson/go/src/github.com/apache/commons-cli/src/main/java/org/apache/commons/cli/OptionBuilder.java","3","148","The method 'isRequired()' has a NCSS line count of 3.","Design","NcssCount"
"27","org.apache.commons.cli","/Users/grantnelson/go/src/github.com/apache/commons-cli/src/main/java/org/apache/commons/cli/OptionBuilder.java","3","148","The method 'isRequired()' has a cyclomatic complexity of 1.","Design","CyclomaticComplexity"
"28","org.apache.commons.cli","/Users/grantnelson/go/src/github.com/apache/commons-cli/src/main/java/org/apache/commons/cli/OptionBuilder.java","3","148","The method 'isRequired()' has an NPath complexity of 1, current threshold is 1","Design","NPathComplexity"
"29","org.apache.commons.cli","/Users/grantnelson/go/src/github.com/apache/commons-cli/src/main/java/org/apache/commons/cli/OptionBuilder.java","3","174","The method 'withValueSeparator(char)' has a NCSS line count of 3.","Design","NcssCount"
"30","org.apache.commons.cli","/Users/grantnelson/go/src/github.com/apache/commons-cli/src/main/java/org/apache/commons/cli/OptionBuilder.java","3","174","The method 'withValueSeparator(char)' has a cyclomatic complexity of 1.","Design","CyclomaticComplexity"
"31","org.apache.commons.cli","/Users/grantnelson/go/src/github.com/apache/commons-cli/src/main/java/org/apache/commons/cli/OptionBuilder.java","3","174","The method 'withValueSeparator(char)' has an NPath complexity of 1, current threshold is 1","Design","NPathComplexity"
"32","org.apache.commons.cli","/Users/grantnelson/go/src/github.com/apache/commons-cli/src/main/java/org/apache/commons/cli/OptionBuilder.java","3","174","Avoid long parameter lists (1 parameters - threshold is 1).","Design","ExcessiveParameterList"
"33","org.apache.commons.cli","/Users/grantnelson/go/src/github.com/apache/commons-cli/src/main/java/org/apache/commons/cli/OptionBuilder.java","3","197","The method 'withValueSeparator()' has a NCSS line count of 3.","Design","NcssCount"
"34","org.apache.commons.cli","/Users/grantnelson/go/src/github.com/apache/commons-cli/src/main/java/org/apache/commons/cli/OptionBuilder.java","3","197","The method 'withValueSeparator()' has a cyclomatic complexity of 1.","Design","CyclomaticComplexity"
"35","org.apache.commons.cli","/Users/grantnelson/go/src/github.com/apache/commons-cli/src/main/java/org/apache/commons/cli/OptionBuilder.java","3","197","The method 'withValueSeparator()' has an NPath complexity of 1, current threshold is 1","Design","NPathComplexity"
"36","org.apache.commons.cli","/Users/grantnelson/go/src/github.com/apache/commons-cli/src/main/java/org/apache/commons/cli/OptionBuilder.java","3","211","The method 'isRequired(boolean)' has a NCSS line count of 3.","Design","NcssCount"
"37","org.apache.commons.cli","/Users/grantnelson/go/src/github.com/apache/commons-cli/src/main/java/org/apache/commons/cli/OptionBuilder.java","3","211","The method 'isRequired(boolean)' has a cyclomatic complexity of 1.","Design","CyclomaticComplexity"
"38","org.apache.commons.cli","/Users/grantnelson/go/src/github.com/apache/commons-cli/src/main/java/org/apache/commons/cli/OptionBuilder.java","3","211","The method 'isRequired(boolean)' has an NPath complexity of 1, current threshold is 1","Design","NPathComplexity"
"39","org.apache.commons.cli","/Users/grantnelson/go/src/github.com/apache/commons-cli/src/main/java/org/apache/commons/cli/OptionBuilder.java","3","211","Avoid long parameter lists (1 parameters - threshold is 1).","Design","ExcessiveParameterList"
"40","org.apache.commons.cli","/Users/grantnelson/go/src/github.com/apache/commons-cli/src/main/java/org/apache/commons/cli/OptionBuilder.java","3","223","The method 'hasArgs()' has a NCSS line count of 3.","Design","NcssCount"
"41","org.apache.commons.cli","/Users/grantnelson/go/src/github.com/apache/commons-cli/src/main/java/org/apache/commons/cli/OptionBuilder.java","3","223","The method 'hasArgs()' has a cyclomatic complexity of 1.","Design","CyclomaticComplexity"
"42","org.apache.commons.cli","/Users/grantnelson/go/src/github.com/apache/commons-cli/src/main/java/org/apache/commons/cli/OptionBuilder.java","3","223","The method 'hasArgs()' has an NPath complexity of 1, current threshold is 1","Design","NPathComplexity"
"43","org.apache.commons.cli","/Users/grantnelson/go/src/github.com/apache/commons-cli/src/main/java/org/apache/commons/cli/OptionBuilder.java","3","236","The method 'hasArgs(int)' has a NCSS line count of 3.","Design","NcssCount"
"44","org.apache.commons.cli","/Users/grantnelson/go/src/github.com/apache/commons-cli/src/main/java/org/apache/commons/cli/OptionBuilder.java","3","236","The method 'hasArgs(int)' has a cyclomatic complexity of 1.","Design","CyclomaticComplexity"
"45","org.apache.commons.cli","/Users/grantnelson/go/src/github.com/apache/commons-cli/src/main/java/org/apache/commons/cli/OptionBuilder.java","3","236","The method 'hasArgs(int)' has an NPath complexity of 1, current threshold is 1","Design","NPathComplexity"
"46","org.apache.commons.cli","/Users/grantnelson/go/src/github.com/apache/commons-cli/src/main/java/org/apache/commons/cli/OptionBuilder.java","3","236","Avoid long parameter lists (1 parameters - threshold is 1).","Design","ExcessiveParameterList"
"47","org.apache.commons.cli","/Users/grantnelson/go/src/github.com/apache/commons-cli/src/main/java/org/apache/commons/cli/OptionBuilder.java","3","248","The method 'hasOptionalArg()' has a NCSS line count of 4.","Design","NcssCount"
"48","org.apache.commons.cli","/Users/grantnelson/go/src/github.com/apache/commons-cli/src/main/java/org/apache/commons/cli/OptionBuilder.java","3","248","The method 'hasOptionalArg()' has a cyclomatic complexity of 1.","Design","CyclomaticComplexity"
"49","org.apache.commons.cli","/Users/grantnelson/go/src/github.com/apache/commons-cli/src/main/java/org/apache/commons/cli/OptionBuilder.java","3","248","The method 'hasOptionalArg()' has an NPath complexity of 1, current threshold is 1","Design","NPathComplexity"
"50","org.apache.commons.cli","/Users/grantnelson/go/src/github.com/apache/commons-cli/src/main/java/org/apache/commons/cli/OptionBuilder.java","3","261","The method 'hasOptionalArgs()' has a NCSS line count of 4.","Design","NcssCount"
"51","org.apache.commons.cli","/Users/grantnelson/go/src/github.com/apache/commons-cli/src/main/java/org/apache/commons/cli/OptionBuilder.java","3","261","The method 'hasOptionalArgs()' has a cyclomatic complexity of 1.","Design","CyclomaticComplexity"
"52","org.apache.commons.cli","/Users/grantnelson/go/src/github.com/apache/commons-cli/src/main/java/org/apache/commons/cli/OptionBuilder.java","3","261","The method 'hasOptionalArgs()' has an NPath complexity of 1, current threshold is 1","Design","NPathComplexity"
"53","org.apache.commons.cli","/Users/grantnelson/go/src/github.com/apache/commons-cli/src/main/java/org/apache/commons/cli/OptionBuilder.java","3","276","The method 'hasOptionalArgs(int)' has a NCSS line count of 4.","Design","NcssCount"
"54","org.apache.commons.cli","/Users/grantnelson/go/src/github.com/apache/commons-cli/src/main/java/org/apache/commons/cli/OptionBuilder.java","3","276","The method 'hasOptionalArgs(int)' has a cyclomatic complexity of 1.","Design","CyclomaticComplexity"
"55","org.apache.commons.cli","/Users/grantnelson/go/src/github.com/apache/commons-cli/src/main/java/org/apache/commons/cli/OptionBuilder.java","3","276","The method 'hasOptionalArgs(int)' has an NPath complexity of 1, current threshold is 1","Design","NPathComplexity"
"56","org.apache.commons.cli","/Users/grantnelson/go/src/github.com/apache/commons-cli/src/main/java/org/apache/commons/cli/OptionBuilder.java","3","276","Avoid long parameter lists (1 parameters - threshold is 1).","Design","ExcessiveParameterList"
"57","org.apache.commons.cli","/Users/grantnelson/go/src/github.com/apache/commons-cli/src/main/java/org/apache/commons/cli/OptionBuilder.java","3","296","The method 'withType(Object)' has a NCSS line count of 2.","Design","NcssCount"
"58","org.apache.commons.cli","/Users/grantnelson/go/src/github.com/apache/commons-cli/src/main/java/org/apache/commons/cli/OptionBuilder.java","3","296","The method 'withType(Object)' has a cyclomatic complexity of 1.","Design","CyclomaticComplexity"
"59","org.apache.commons.cli","/Users/grantnelson/go/src/github.com/apache/commons-cli/src/main/java/org/apache/commons/cli/OptionBuilder.java","3","296","The method 'withType(Object)' has an NPath complexity of 1, current threshold is 1","Design","NPathComplexity"
"60","org.apache.commons.cli","/Users/grantnelson/go/src/github.com/apache/commons-cli/src/main/java/org/apache/commons/cli/OptionBuilder.java","3","296","Avoid long parameter lists (1 parameters - threshold is 1).","Design","ExcessiveParameterList"
"61","org.apache.commons.cli","/Users/grantnelson/go/src/github.com/apache/commons-cli/src/main/java/org/apache/commons/cli/OptionBuilder.java","3","309","The method 'withType(Class<?>)' has a NCSS line count of 3.","Design","NcssCount"
"62","org.apache.commons.cli","/Users/grantnelson/go/src/github.com/apache/commons-cli/src/main/java/org/apache/commons/cli/OptionBuilder.java","3","309","The method 'withType(Class<?>)' has a cyclomatic complexity of 1.","Design","CyclomaticComplexity"
"63","org.apache.commons.cli","/Users/grantnelson/go/src/github.com/apache/commons-cli/src/main/java/org/apache/commons/cli/OptionBuilder.java","3","309","The method 'withType(Class<?>)' has an NPath complexity of 1, current threshold is 1","Design","NPathComplexity"
"64","org.apache.commons.cli","/Users/grantnelson/go/src/github.com/apache/commons-cli/src/main/java/org/apache/commons/cli/OptionBuilder.java","3","309","Avoid long parameter lists (1 parameters - threshold is 1).","Design","ExcessiveParameterList"
"65","org.apache.commons.cli","/Users/grantnelson/go/src/github.com/apache/commons-cli/src/main/java/org/apache/commons/cli/OptionBuilder.java","3","322","The method 'withDescription(String)' has a NCSS line count of 3.","Design","NcssCount"
"66","org.apache.commons.cli","/Users/grantnelson/go/src/github.com/apache/commons-cli/src/main/java/org/apache/commons/cli/OptionBuilder.java","3","322","The method 'withDescription(String)' has a cyclomatic complexity of 1.","Design","CyclomaticComplexity"
"67","org.apache.commons.cli","/Users/grantnelson/go/src/github.com/apache/commons-cli/src/main/java/org/apache/commons/cli/OptionBuilder.java","3","322","The method 'withDescription(String)' has an NPath complexity of 1, current threshold is 1","Design","NPathComplexity"
"68","org.apache.commons.cli","/Users/grantnelson/go/src/github.com/apache/commons-cli/src/main/java/org/apache/commons/cli/OptionBuilder.java","3","322","Avoid long parameter lists (1 parameters - threshold is 1).","Design","ExcessiveParameterList"
"69","org.apache.commons.cli","/Users/grantnelson/go/src/github.com/apache/commons-cli/src/main/java/org/apache/commons/cli/OptionBuilder.java","3","338","The method 'create(char)' has a NCSS line count of 2.","Design","NcssCount"
"70","org.apache.commons.cli","/Users/grantnelson/go/src/github.com/apache/commons-cli/src/main/java/org/apache/commons/cli/OptionBuilder.java","3","338","The method 'create(char)' has a cyclomatic complexity of 1.","Design","CyclomaticComplexity"
"71","org.apache.commons.cli","/Users/grantnelson/go/src/github.com/apache/commons-cli/src/main/java/org/apache/commons/cli/OptionBuilder.java","3","338","The method 'create(char)' has an NPath complexity of 1, current threshold is 1","Design","NPathComplexity"
"72","org.apache.commons.cli","/Users/grantnelson/go/src/github.com/apache/commons-cli/src/main/java/org/apache/commons/cli/OptionBuilder.java","3","338","Avoid long parameter lists (1 parameters - threshold is 1).","Design","ExcessiveParameterList"
"73","org.apache.commons.cli","/Users/grantnelson/go/src/github.com/apache/commons-cli/src/main/java/org/apache/commons/cli/OptionBuilder.java","3","349","The method 'create()' has a NCSS line count of 5.","Design","NcssCount"
"74","org.apache.commons.cli","/Users/grantnelson/go/src/github.com/apache/commons-cli/src/main/java/org/apache/commons/cli/OptionBuilder.java","3","349","The method 'create()' has a cognitive complexity of 1, current threshold is 1","Design","CognitiveComplexity"
"75","org.apache.commons.cli","/Users/grantnelson/go/src/github.com/apache/commons-cli/src/main/java/org/apache/commons/cli/OptionBuilder.java","3","349","The method 'create()' has a cyclomatic complexity of 3.","Design","CyclomaticComplexity"
"76","org.apache.commons.cli","/Users/grantnelson/go/src/github.com/apache/commons-cli/src/main/java/org/apache/commons/cli/OptionBuilder.java","3","349","The method 'create()' has an NPath complexity of 2, current threshold is 1","Design","NPathComplexity"
"77","org.apache.commons.cli","/Users/grantnelson/go/src/github.com/apache/commons-cli/src/main/java/org/apache/commons/cli/OptionBuilder.java","3","370","The method 'create(String)' has a NCSS line count of 13.","Design","NcssCount"
"78","org.apache.commons.cli","/Users/grantnelson/go/src/github.com/apache/commons-cli/src/main/java/org/apache/commons/cli/OptionBuilder.java","3","370","The method 'create(String)' has a cyclomatic complexity of 1.","Design","CyclomaticComplexity"
"79","org.apache.commons.cli","/Users/grantnelson/go/src/github.com/apache/commons-cli/src/main/java/org/apache/commons/cli/OptionBuilder.java","3","370","The method 'create(String)' has an NPath complexity of 1, current threshold is 1","Design","NPathComplexity"
"80","org.apache.commons.cli","/Users/grantnelson/go/src/github.com/apache/commons-cli/src/main/java/org/apache/commons/cli/OptionBuilder.java","3","370","Avoid long parameter lists (1 parameters - threshold is 1).","Design","ExcessiveParameterList"
"1","org.apache.commons.cli","/Users/grantnelson/go/src/github.com/apache/commons-cli/src/main/java/org/apache/commons/cli/OptionGroup.java","3","31","A value of 5 may denote a high amount of coupling within the class (threshold: 1)","Design","CouplingBetweenObjects"
"2","org.apache.commons.cli","/Users/grantnelson/go/src/github.com/apache/commons-cli/src/main/java/org/apache/commons/cli/OptionGroup.java","3","31","The class 'OptionGroup' has a NCSS line count of 45 (Highest = 19).","Design","NcssCount"
"3","org.apache.commons.cli","/Users/grantnelson/go/src/github.com/apache/commons-cli/src/main/java/org/apache/commons/cli/OptionGroup.java","3","31","The class 'OptionGroup' has a total cyclomatic complexity of 16 (highest 5).","Design","CyclomaticComplexity"
"4","org.apache.commons.cli","/Users/grantnelson/go/src/github.com/apache/commons-cli/src/main/java/org/apache/commons/cli/OptionGroup.java","3","31","This class has 8 public methods and attributes; current threshold is 1.","Design","ExcessivePublicCount"
"5","org.apache.commons.cli","/Users/grantnelson/go/src/github.com/apache/commons-cli/src/main/java/org/apache/commons/cli/OptionGroup.java","3","51","The method 'addOption(Option)' has a NCSS line count of 3.","Design","NcssCount"
"6","org.apache.commons.cli","/Users/grantnelson/go/src/github.com/apache/commons-cli/src/main/java/org/apache/commons/cli/OptionGroup.java","3","51","The method 'addOption(Option)' has a cyclomatic complexity of 1.","Design","CyclomaticComplexity"
"7","org.apache.commons.cli","/Users/grantnelson/go/src/github.com/apache/commons-cli/src/main/java/org/apache/commons/cli/OptionGroup.java","3","51","The method 'addOption(Option)' has an NPath complexity of 1, current threshold is 1","Design","NPathComplexity"
"8","org.apache.commons.cli","/Users/grantnelson/go/src/github.com/apache/commons-cli/src/main/java/org/apache/commons/cli/OptionGroup.java","3","51","Avoid long parameter lists (1 parameters - threshold is 1).","Design","ExcessiveParameterList"
"9","org.apache.commons.cli","/Users/grantnelson/go/src/github.com/apache/commons-cli/src/main/java/org/apache/commons/cli/OptionGroup.java","3","64","The method 'getNames()' has a NCSS line count of 2.","Design","NcssCount"
"10","org.apache.commons.cli","/Users/grantnelson/go/src/github.com/apache/commons-cli/src/main/java/org/apache/commons/cli/OptionGroup.java","3","64","The method 'getNames()' has a cyclomatic complexity of 1.","Design","CyclomaticComplexity"
"11","org.apache.commons.cli","/Users/grantnelson/go/src/github.com/apache/commons-cli/src/main/java/org/apache/commons/cli/OptionGroup.java","3","64","The method 'getNames()' has an NPath complexity of 1, current threshold is 1","Design","NPathComplexity"
"12","org.apache.commons.cli","/Users/grantnelson/go/src/github.com/apache/commons-cli/src/main/java/org/apache/commons/cli/OptionGroup.java","3","73","The method 'getOptions()' has a NCSS line count of 2.","Design","NcssCount"
"13","org.apache.commons.cli","/Users/grantnelson/go/src/github.com/apache/commons-cli/src/main/java/org/apache/commons/cli/OptionGroup.java","3","73","The method 'getOptions()' has a cyclomatic complexity of 1.","Design","CyclomaticComplexity"
"14","org.apache.commons.cli","/Users/grantnelson/go/src/github.com/apache/commons-cli/src/main/java/org/apache/commons/cli/OptionGroup.java","3","73","The method 'getOptions()' has an NPath complexity of 1, current threshold is 1","Design","NPathComplexity"
"15","org.apache.commons.cli","/Users/grantnelson/go/src/github.com/apache/commons-cli/src/main/java/org/apache/commons/cli/OptionGroup.java","3","86","The method 'setSelected(Option)' has a NCSS line count of 8.","Design","NcssCount"
"16","org.apache.commons.cli","/Users/grantnelson/go/src/github.com/apache/commons-cli/src/main/java/org/apache/commons/cli/OptionGroup.java","3","86","The method 'setSelected(Option)' has a cognitive complexity of 4, current threshold is 1","Design","CognitiveComplexity"
"17","org.apache.commons.cli","/Users/grantnelson/go/src/github.com/apache/commons-cli/src/main/java/org/apache/commons/cli/OptionGroup.java","3","86","The method 'setSelected(Option)' has a cyclomatic complexity of 5.","Design","CyclomaticComplexity"
"18","org.apache.commons.cli","/Users/grantnelson/go/src/github.com/apache/commons-cli/src/main/java/org/apache/commons/cli/OptionGroup.java","3","86","The method 'setSelected(Option)' has an NPath complexity of 4, current threshold is 1","Design","NPathComplexity"
"19","org.apache.commons.cli","/Users/grantnelson/go/src/github.com/apache/commons-cli/src/main/java/org/apache/commons/cli/OptionGroup.java","3","86","Avoid long parameter lists (1 parameters - threshold is 1).","Design","ExcessiveParameterList"
"20","org.apache.commons.cli","/Users/grantnelson/go/src/github.com/apache/commons-cli/src/main/java/org/apache/commons/cli/OptionGroup.java","3","111","The method 'getSelected()' has a NCSS line count of 2.","Design","NcssCount"
"21","org.apache.commons.cli","/Users/grantnelson/go/src/github.com/apache/commons-cli/src/main/java/org/apache/commons/cli/OptionGroup.java","3","111","The method 'getSelected()' has a cyclomatic complexity of 1.","Design","CyclomaticComplexity"
"22","org.apache.commons.cli","/Users/grantnelson/go/src/github.com/apache/commons-cli/src/main/java/org/apache/commons/cli/OptionGroup.java","3","111","The method 'getSelected()' has an NPath complexity of 1, current threshold is 1","Design","NPathComplexity"
"23","org.apache.commons.cli","/Users/grantnelson/go/src/github.com/apache/commons-cli/src/main/java/org/apache/commons/cli/OptionGroup.java","3","119","The method 'setRequired(boolean)' has a NCSS line count of 2.","Design","NcssCount"
"24","org.apache.commons.cli","/Users/grantnelson/go/src/github.com/apache/commons-cli/src/main/java/org/apache/commons/cli/OptionGroup.java","3","119","The method 'setRequired(boolean)' has a cyclomatic complexity of 1.","Design","CyclomaticComplexity"
"25","org.apache.commons.cli","/Users/grantnelson/go/src/github.com/apache/commons-cli/src/main/java/org/apache/commons/cli/OptionGroup.java","3","119","The method 'setRequired(boolean)' has an NPath complexity of 1, current threshold is 1","Design","NPathComplexity"
"26","org.apache.commons.cli","/Users/grantnelson/go/src/github.com/apache/commons-cli/src/main/java/org/apache/commons/cli/OptionGroup.java","3","119","Avoid long parameter lists (1 parameters - threshold is 1).","Design","ExcessiveParameterList"
"27","org.apache.commons.cli","/Users/grantnelson/go/src/github.com/apache/commons-cli/src/main/java/org/apache/commons/cli/OptionGroup.java","3","129","The method 'isRequired()' has a NCSS line count of 2.","Design","NcssCount"
"28","org.apache.commons.cli","/Users/grantnelson/go/src/github.com/apache/commons-cli/src/main/java/org/apache/commons/cli/OptionGroup.java","3","129","The method 'isRequired()' has a cyclomatic complexity of 1.","Design","CyclomaticComplexity"
"29","org.apache.commons.cli","/Users/grantnelson/go/src/github.com/apache/commons-cli/src/main/java/org/apache/commons/cli/OptionGroup.java","3","129","The method 'isRequired()' has an NPath complexity of 1, current threshold is 1","Design","NPathComplexity"
"30","org.apache.commons.cli","/Users/grantnelson/go/src/github.com/apache/commons-cli/src/main/java/org/apache/commons/cli/OptionGroup.java","3","140","The method 'toString()' has a NCSS line count of 19.","Design","NcssCount"
"31","org.apache.commons.cli","/Users/grantnelson/go/src/github.com/apache/commons-cli/src/main/java/org/apache/commons/cli/OptionGroup.java","3","140","The method 'toString()' has a cognitive complexity of 8, current threshold is 1","Design","CognitiveComplexity"
"32","org.apache.commons.cli","/Users/grantnelson/go/src/github.com/apache/commons-cli/src/main/java/org/apache/commons/cli/OptionGroup.java","3","140","The method 'toString()' has a cyclomatic complexity of 5.","Design","CyclomaticComplexity"
"33","org.apache.commons.cli","/Users/grantnelson/go/src/github.com/apache/commons-cli/src/main/java/org/apache/commons/cli/OptionGroup.java","3","140","The method 'toString()' has an NPath complexity of 9, current threshold is 1","Design","NPathComplexity"
"1","org.apache.commons.cli","/Users/grantnelson/go/src/github.com/apache/commons-cli/src/main/java/org/apache/commons/cli/OptionValidator.java","3","26","The class 'OptionValidator' has a NCSS line count of 16 (Highest = 11).","Design","NcssCount"
"2","org.apache.commons.cli","/Users/grantnelson/go/src/github.com/apache/commons-cli/src/main/java/org/apache/commons/cli/OptionValidator.java","3","26","The class 'OptionValidator' has a total cyclomatic complexity of 10 (highest 8).","Design","CyclomaticComplexity"
"3","org.apache.commons.cli","/Users/grantnelson/go/src/github.com/apache/commons-cli/src/main/java/org/apache/commons/cli/OptionValidator.java","3","45","The method 'validateOption(String)' has a NCSS line count of 11.","Design","NcssCount"
"4","org.apache.commons.cli","/Users/grantnelson/go/src/github.com/apache/commons-cli/src/main/java/org/apache/commons/cli/OptionValidator.java","3","45","The method 'validateOption(String)' has a cognitive complexity of 10, current threshold is 1","Design","CognitiveComplexity"
"5","org.apache.commons.cli","/Users/grantnelson/go/src/github.com/apache/commons-cli/src/main/java/org/apache/commons/cli/OptionValidator.java","3","45","The method 'validateOption(String)' has a cyclomatic complexity of 8.","Design","CyclomaticComplexity"
"6","org.apache.commons.cli","/Users/grantnelson/go/src/github.com/apache/commons-cli/src/main/java/org/apache/commons/cli/OptionValidator.java","3","45","The method 'validateOption(String)' has an NPath complexity of 6, current threshold is 1","Design","NPathComplexity"
"7","org.apache.commons.cli","/Users/grantnelson/go/src/github.com/apache/commons-cli/src/main/java/org/apache/commons/cli/OptionValidator.java","3","45","Avoid long parameter lists (1 parameters - threshold is 1).","Design","ExcessiveParameterList"
"8","org.apache.commons.cli","/Users/grantnelson/go/src/github.com/apache/commons-cli/src/main/java/org/apache/commons/cli/OptionValidator.java","3","84","The method 'isValidOpt(char)' has a NCSS line count of 2.","Design","NcssCount"
"9","org.apache.commons.cli","/Users/grantnelson/go/src/github.com/apache/commons-cli/src/main/java/org/apache/commons/cli/OptionValidator.java","3","84","The method 'isValidOpt(char)' has a cognitive complexity of 1, current threshold is 1","Design","CognitiveComplexity"
"10","org.apache.commons.cli","/Users/grantnelson/go/src/github.com/apache/commons-cli/src/main/java/org/apache/commons/cli/OptionValidator.java","3","84","The method 'isValidOpt(char)' has a cyclomatic complexity of 1.","Design","CyclomaticComplexity"
"11","org.apache.commons.cli","/Users/grantnelson/go/src/github.com/apache/commons-cli/src/main/java/org/apache/commons/cli/OptionValidator.java","3","84","The method 'isValidOpt(char)' has an NPath complexity of 3, current threshold is 1","Design","NPathComplexity"
"12","org.apache.commons.cli","/Users/grantnelson/go/src/github.com/apache/commons-cli/src/main/java/org/apache/commons/cli/OptionValidator.java","3","84","Avoid long parameter lists (1 parameters - threshold is 1).","Design","ExcessiveParameterList"
"13","org.apache.commons.cli","/Users/grantnelson/go/src/github.com/apache/commons-cli/src/main/java/org/apache/commons/cli/OptionValidator.java","3","95","The method 'isValidChar(char)' has a NCSS line count of 2.","Design","NcssCount"
"14","org.apache.commons.cli","/Users/grantnelson/go/src/github.com/apache/commons-cli/src/main/java/org/apache/commons/cli/OptionValidator.java","3","95","The method 'isValidChar(char)' has a cyclomatic complexity of 1.","Design","CyclomaticComplexity"
"15","org.apache.commons.cli","/Users/grantnelson/go/src/github.com/apache/commons-cli/src/main/java/org/apache/commons/cli/OptionValidator.java","3","95","The method 'isValidChar(char)' has an NPath complexity of 1, current threshold is 1","Design","NPathComplexity"
"16","org.apache.commons.cli","/Users/grantnelson/go/src/github.com/apache/commons-cli/src/main/java/org/apache/commons/cli/OptionValidator.java","3","95","Avoid long parameter lists (1 parameters - threshold is 1).","Design","ExcessiveParameterList"
"1","org.apache.commons.cli","/Users/grantnelson/go/src/github.com/apache/commons-cli/src/main/java/org/apache/commons/cli/Options.java","3","43","A value of 10 may denote a high amount of coupling within the class (threshold: 1)","Design","CouplingBetweenObjects"
"2","org.apache.commons.cli","/Users/grantnelson/go/src/github.com/apache/commons-cli/src/main/java/org/apache/commons/cli/Options.java","3","43","The class 'Options' has a NCSS line count of 79 (Highest = 10).","Design","NcssCount"
"3","org.apache.commons.cli","/Users/grantnelson/go/src/github.com/apache/commons-cli/src/main/java/org/apache/commons/cli/Options.java","3","43","The class 'Options' has a total cyclomatic complexity of 26 (highest 4).","Design","CyclomaticComplexity"
"4","org.apache.commons.cli","/Users/grantnelson/go/src/github.com/apache/commons-cli/src/main/java/org/apache/commons/cli/Options.java","3","43","This class has 15 public methods and attributes; current threshold is 1.","Design","ExcessivePublicCount"
"5","org.apache.commons.cli","/Users/grantnelson/go/src/github.com/apache/commons-cli/src/main/java/org/apache/commons/cli/Options.java","3","68","The method 'addOptionGroup(OptionGroup)' has a NCSS line count of 8.","Design","NcssCount"
"6","org.apache.commons.cli","/Users/grantnelson/go/src/github.com/apache/commons-cli/src/main/java/org/apache/commons/cli/Options.java","3","68","The method 'addOptionGroup(OptionGroup)' has a cognitive complexity of 2, current threshold is 1","Design","CognitiveComplexity"
"7","org.apache.commons.cli","/Users/grantnelson/go/src/github.com/apache/commons-cli/src/main/java/org/apache/commons/cli/Options.java","3","68","The method 'addOptionGroup(OptionGroup)' has a cyclomatic complexity of 3.","Design","CyclomaticComplexity"
"8","org.apache.commons.cli","/Users/grantnelson/go/src/github.com/apache/commons-cli/src/main/java/org/apache/commons/cli/Options.java","3","68","The method 'addOptionGroup(OptionGroup)' has an NPath complexity of 4, current threshold is 1","Design","NPathComplexity"
"9","org.apache.commons.cli","/Users/grantnelson/go/src/github.com/apache/commons-cli/src/main/java/org/apache/commons/cli/Options.java","3","68","Avoid long parameter lists (1 parameters - threshold is 1).","Design","ExcessiveParameterList"
"10","org.apache.commons.cli","/Users/grantnelson/go/src/github.com/apache/commons-cli/src/main/java/org/apache/commons/cli/Options.java","3","94","The method 'getOptionGroups()' has a NCSS line count of 2.","Design","NcssCount"
"11","org.apache.commons.cli","/Users/grantnelson/go/src/github.com/apache/commons-cli/src/main/java/org/apache/commons/cli/Options.java","3","94","The method 'getOptionGroups()' has a cyclomatic complexity of 1.","Design","CyclomaticComplexity"
"12","org.apache.commons.cli","/Users/grantnelson/go/src/github.com/apache/commons-cli/src/main/java/org/apache/commons/cli/Options.java","3","94","The method 'getOptionGroups()' has an NPath complexity of 1, current threshold is 1","Design","NPathComplexity"
"13","org.apache.commons.cli","/Users/grantnelson/go/src/github.com/apache/commons-cli/src/main/java/org/apache/commons/cli/Options.java","3","111","The method 'addOption(String, String)' has a NCSS line count of 3.","Design","NcssCount"
"14","org.apache.commons.cli","/Users/grantnelson/go/src/github.com/apache/commons-cli/src/main/java/org/apache/commons/cli/Options.java","3","111","The method 'addOption(String, String)' has a cyclomatic complexity of 1.","Design","CyclomaticComplexity"
"15","org.apache.commons.cli","/Users/grantnelson/go/src/github.com/apache/commons-cli/src/main/java/org/apache/commons/cli/Options.java","3","111","The method 'addOption(String, String)' has an NPath complexity of 1, current threshold is 1","Design","NPathComplexity"
"16","org.apache.commons.cli","/Users/grantnelson/go/src/github.com/apache/commons-cli/src/main/java/org/apache/commons/cli/Options.java","3","111","Avoid long parameter lists (2 parameters - threshold is 1).","Design","ExcessiveParameterList"
"17","org.apache.commons.cli","/Users/grantnelson/go/src/github.com/apache/commons-cli/src/main/java/org/apache/commons/cli/Options.java","3","129","The method 'addOption(String, boolean, String)' has a NCSS line count of 3.","Design","NcssCount"
"18","org.apache.commons.cli","/Users/grantnelson/go/src/github.com/apache/commons-cli/src/main/java/org/apache/commons/cli/Options.java","3","129","The method 'addOption(String, boolean, String)' has a cyclomatic complexity of 1.","Design","CyclomaticComplexity"
"19","org.apache.commons.cli","/Users/grantnelson/go/src/github.com/apache/commons-cli/src/main/java/org/apache/commons/cli/Options.java","3","129","The method 'addOption(String, boolean, String)' has an NPath complexity of 1, current threshold is 1","Design","NPathComplexity"
"20","org.apache.commons.cli","/Users/grantnelson/go/src/github.com/apache/commons-cli/src/main/java/org/apache/commons/cli/Options.java","3","129","Avoid long parameter lists (3 parameters - threshold is 1).","Design","ExcessiveParameterList"
"21","org.apache.commons.cli","/Users/grantnelson/go/src/github.com/apache/commons-cli/src/main/java/org/apache/commons/cli/Options.java","3","148","The method 'addOption(String, String, boolean, String)' has a NCSS line count of 3.","Design","NcssCount"
"22","org.apache.commons.cli","/Users/grantnelson/go/src/github.com/apache/commons-cli/src/main/java/org/apache/commons/cli/Options.java","3","148","The method 'addOption(String, String, boolean, String)' has a cyclomatic complexity of 1.","Design","CyclomaticComplexity"
"23","org.apache.commons.cli","/Users/grantnelson/go/src/github.com/apache/commons-cli/src/main/java/org/apache/commons/cli/Options.java","3","148","The method 'addOption(String, String, boolean, String)' has an NPath complexity of 1, current threshold is 1","Design","NPathComplexity"
"24","org.apache.commons.cli","/Users/grantnelson/go/src/github.com/apache/commons-cli/src/main/java/org/apache/commons/cli/Options.java","3","148","Avoid long parameter lists (4 parameters - threshold is 1).","Design","ExcessiveParameterList"
"25","org.apache.commons.cli","/Users/grantnelson/go/src/github.com/apache/commons-cli/src/main/java/org/apache/commons/cli/Options.java","3","176","The method 'addRequiredOption(String, String, boolean, String)' has a NCSS line count of 5.","Design","NcssCount"
"26","org.apache.commons.cli","/Users/grantnelson/go/src/github.com/apache/commons-cli/src/main/java/org/apache/commons/cli/Options.java","3","176","The method 'addRequiredOption(String, String, boolean, String)' has a cyclomatic complexity of 1.","Design","CyclomaticComplexity"
"27","org.apache.commons.cli","/Users/grantnelson/go/src/github.com/apache/commons-cli/src/main/java/org/apache/commons/cli/Options.java","3","176","The method 'addRequiredOption(String, String, boolean, String)' has an NPath complexity of 1, current threshold is 1","Design","NPathComplexity"
"28","org.apache.commons.cli","/Users/grantnelson/go/src/github.com/apache/commons-cli/src/main/java/org/apache/commons/cli/Options.java","3","176","Avoid long parameter lists (4 parameters - threshold is 1).","Design","ExcessiveParameterList"
"29","org.apache.commons.cli","/Users/grantnelson/go/src/github.com/apache/commons-cli/src/main/java/org/apache/commons/cli/Options.java","3","190","The method 'addOption(Option)' has a NCSS line count of 10.","Design","NcssCount"
"30","org.apache.commons.cli","/Users/grantnelson/go/src/github.com/apache/commons-cli/src/main/java/org/apache/commons/cli/Options.java","3","190","The method 'addOption(Option)' has a cognitive complexity of 4, current threshold is 1","Design","CognitiveComplexity"
"31","org.apache.commons.cli","/Users/grantnelson/go/src/github.com/apache/commons-cli/src/main/java/org/apache/commons/cli/Options.java","3","190","The method 'addOption(Option)' has a cyclomatic complexity of 4.","Design","CyclomaticComplexity"
"32","org.apache.commons.cli","/Users/grantnelson/go/src/github.com/apache/commons-cli/src/main/java/org/apache/commons/cli/Options.java","3","190","The method 'addOption(Option)' has an NPath complexity of 6, current threshold is 1","Design","NPathComplexity"
"33","org.apache.commons.cli","/Users/grantnelson/go/src/github.com/apache/commons-cli/src/main/java/org/apache/commons/cli/Options.java","3","190","Avoid long parameter lists (1 parameters - threshold is 1).","Design","ExcessiveParameterList"
"34","org.apache.commons.cli","/Users/grantnelson/go/src/github.com/apache/commons-cli/src/main/java/org/apache/commons/cli/Options.java","3","220","The method 'getOptions()' has a NCSS line count of 2.","Design","NcssCount"
"35","org.apache.commons.cli","/Users/grantnelson/go/src/github.com/apache/commons-cli/src/main/java/org/apache/commons/cli/Options.java","3","220","The method 'getOptions()' has a cyclomatic complexity of 1.","Design","CyclomaticComplexity"
"36","org.apache.commons.cli","/Users/grantnelson/go/src/github.com/apache/commons-cli/src/main/java/org/apache/commons/cli/Options.java","3","220","The method 'getOptions()' has an NPath complexity of 1, current threshold is 1","Design","NPathComplexity"
"37","org.apache.commons.cli","/Users/grantnelson/go/src/github.com/apache/commons-cli/src/main/java/org/apache/commons/cli/Options.java","3","230","The method 'helpOptions()' has a NCSS line count of 2.","Design","NcssCount"
"38","org.apache.commons.cli","/Users/grantnelson/go/src/github.com/apache/commons-cli/src/main/java/org/apache/commons/cli/Options.java","3","230","The method 'helpOptions()' has a cyclomatic complexity of 1.","Design","CyclomaticComplexity"
"39","org.apache.commons.cli","/Users/grantnelson/go/src/github.com/apache/commons-cli/src/main/java/org/apache/commons/cli/Options.java","3","230","The method 'helpOptions()' has an NPath complexity of 1, current threshold is 1","Design","NPathComplexity"
"40","org.apache.commons.cli","/Users/grantnelson/go/src/github.com/apache/commons-cli/src/main/java/org/apache/commons/cli/Options.java","3","240","The method 'getRequiredOptions()' has a NCSS line count of 2.","Design","NcssCount"
"41","org.apache.commons.cli","/Users/grantnelson/go/src/github.com/apache/commons-cli/src/main/java/org/apache/commons/cli/Options.java","3","240","The method 'getRequiredOptions()' has a cyclomatic complexity of 1.","Design","CyclomaticComplexity"
"42","org.apache.commons.cli","/Users/grantnelson/go/src/github.com/apache/commons-cli/src/main/java/org/apache/commons/cli/Options.java","3","240","The method 'getRequiredOptions()' has an NPath complexity of 1, current threshold is 1","Design","NPathComplexity"
"43","org.apache.commons.cli","/Users/grantnelson/go/src/github.com/apache/commons-cli/src/main/java/org/apache/commons/cli/Options.java","3","255","The method 'getOption(String)' has a NCSS line count of 5.","Design","NcssCount"
"44","org.apache.commons.cli","/Users/grantnelson/go/src/github.com/apache/commons-cli/src/main/java/org/apache/commons/cli/Options.java","3","255","The method 'getOption(String)' has a cognitive complexity of 1, current threshold is 1","Design","CognitiveComplexity"
"45","org.apache.commons.cli","/Users/grantnelson/go/src/github.com/apache/commons-cli/src/main/java/org/apache/commons/cli/Options.java","3","255","The method 'getOption(String)' has a cyclomatic complexity of 2.","Design","CyclomaticComplexity"
"46","org.apache.commons.cli","/Users/grantnelson/go/src/github.com/apache/commons-cli/src/main/java/org/apache/commons/cli/Options.java","3","255","The method 'getOption(String)' has an NPath complexity of 2, current threshold is 1","Design","NPathComplexity"
"47","org.apache.commons.cli","/Users/grantnelson/go/src/github.com/apache/commons-cli/src/main/java/org/apache/commons/cli/Options.java","3","255","Avoid long parameter lists (1 parameters - threshold is 1).","Design","ExcessiveParameterList"
"48","org.apache.commons.cli","/Users/grantnelson/go/src/github.com/apache/commons-cli/src/main/java/org/apache/commons/cli/Options.java","3","274","The method 'getMatchingOptions(String)' has a NCSS line count of 9.","Design","NcssCount"
"49","org.apache.commons.cli","/Users/grantnelson/go/src/github.com/apache/commons-cli/src/main/java/org/apache/commons/cli/Options.java","3","274","The method 'getMatchingOptions(String)' has a cognitive complexity of 4, current threshold is 1","Design","CognitiveComplexity"
"50","org.apache.commons.cli","/Users/grantnelson/go/src/github.com/apache/commons-cli/src/main/java/org/apache/commons/cli/Options.java","3","274","The method 'getMatchingOptions(String)' has a cyclomatic complexity of 4.","Design","CyclomaticComplexity"
"51","org.apache.commons.cli","/Users/grantnelson/go/src/github.com/apache/commons-cli/src/main/java/org/apache/commons/cli/Options.java","3","274","The method 'getMatchingOptions(String)' has an NPath complexity of 4, current threshold is 1","Design","NPathComplexity"
"52","org.apache.commons.cli","/Users/grantnelson/go/src/github.com/apache/commons-cli/src/main/java/org/apache/commons/cli/Options.java","3","274","Avoid long parameter lists (1 parameters - threshold is 1).","Design","ExcessiveParameterList"
"53","org.apache.commons.cli","/Users/grantnelson/go/src/github.com/apache/commons-cli/src/main/java/org/apache/commons/cli/Options.java","3","303","The method 'hasOption(String)' has a NCSS line count of 3.","Design","NcssCount"
"54","org.apache.commons.cli","/Users/grantnelson/go/src/github.com/apache/commons-cli/src/main/java/org/apache/commons/cli/Options.java","3","303","The method 'hasOption(String)' has a cognitive complexity of 1, current threshold is 1","Design","CognitiveComplexity"
"55","org.apache.commons.cli","/Users/grantnelson/go/src/github.com/apache/commons-cli/src/main/java/org/apache/commons/cli/Options.java","3","303","The method 'hasOption(String)' has a cyclomatic complexity of 1.","Design","CyclomaticComplexity"
"56","org.apache.commons.cli","/Users/grantnelson/go/src/github.com/apache/commons-cli/src/main/java/org/apache/commons/cli/Options.java","3","303","The method 'hasOption(String)' has an NPath complexity of 2, current threshold is 1","Design","NPathComplexity"
"57","org.apache.commons.cli","/Users/grantnelson/go/src/github.com/apache/commons-cli/src/main/java/org/apache/commons/cli/Options.java","3","303","Avoid long parameter lists (1 parameters - threshold is 1).","Design","ExcessiveParameterList"
"58","org.apache.commons.cli","/Users/grantnelson/go/src/github.com/apache/commons-cli/src/main/java/org/apache/commons/cli/Options.java","3","317","The method 'hasLongOption(String)' has a NCSS line count of 3.","Design","NcssCount"
"59","org.apache.commons.cli","/Users/grantnelson/go/src/github.com/apache/commons-cli/src/main/java/org/apache/commons/cli/Options.java","3","317","The method 'hasLongOption(String)' has a cyclomatic complexity of 1.","Design","CyclomaticComplexity"
"60","org.apache.commons.cli","/Users/grantnelson/go/src/github.com/apache/commons-cli/src/main/java/org/apache/commons/cli/Options.java","3","317","The method 'hasLongOption(String)' has an NPath complexity of 1, current threshold is 1","Design","NPathComplexity"
"61","org.apache.commons.cli","/Users/grantnelson/go/src/github.com/apache/commons-cli/src/main/java/org/apache/commons/cli/Options.java","3","317","Avoid long parameter lists (1 parameters - threshold is 1).","Design","ExcessiveParameterList"
"62","org.apache.commons.cli","/Users/grantnelson/go/src/github.com/apache/commons-cli/src/main/java/org/apache/commons/cli/Options.java","3","331","The method 'hasShortOption(String)' has a NCSS line count of 3.","Design","NcssCount"
"63","org.apache.commons.cli","/Users/grantnelson/go/src/github.com/apache/commons-cli/src/main/java/org/apache/commons/cli/Options.java","3","331","The method 'hasShortOption(String)' has a cyclomatic complexity of 1.","Design","CyclomaticComplexity"
"64","org.apache.commons.cli","/Users/grantnelson/go/src/github.com/apache/commons-cli/src/main/java/org/apache/commons/cli/Options.java","3","331","The method 'hasShortOption(String)' has an NPath complexity of 1, current threshold is 1","Design","NPathComplexity"
"65","org.apache.commons.cli","/Users/grantnelson/go/src/github.com/apache/commons-cli/src/main/java/org/apache/commons/cli/Options.java","3","331","Avoid long parameter lists (1 parameters - threshold is 1).","Design","ExcessiveParameterList"
"66","org.apache.commons.cli","/Users/grantnelson/go/src/github.com/apache/commons-cli/src/main/java/org/apache/commons/cli/Options.java","3","344","The method 'getOptionGroup(Option)' has a NCSS line count of 2.","Design","NcssCount"
"67","org.apache.commons.cli","/Users/grantnelson/go/src/github.com/apache/commons-cli/src/main/java/org/apache/commons/cli/Options.java","3","344","The method 'getOptionGroup(Option)' has a cyclomatic complexity of 1.","Design","CyclomaticComplexity"
"68","org.apache.commons.cli","/Users/grantnelson/go/src/github.com/apache/commons-cli/src/main/java/org/apache/commons/cli/Options.java","3","344","The method 'getOptionGroup(Option)' has an NPath complexity of 1, current threshold is 1","Design","NPathComplexity"
"69","org.apache.commons.cli","/Users/grantnelson/go/src/github.com/apache/commons-cli/src/main/java/org/apache/commons/cli/Options.java","3","344","Avoid long parameter lists (1 parameters - threshold is 1).","Design","ExcessiveParameterList"
"70","org.apache.commons.cli","/Users/grantnelson/go/src/github.com/apache/commons-cli/src/main/java/org/apache/commons/cli/Options.java","3","355","The method 'toString()' has a NCSS line count of 8.","Design","NcssCount"
"71","org.apache.commons.cli","/Users/grantnelson/go/src/github.com/apache/commons-cli/src/main/java/org/apache/commons/cli/Options.java","3","355","The method 'toString()' has a cyclomatic complexity of 1.","Design","CyclomaticComplexity"
"72","org.apache.commons.cli","/Users/grantnelson/go/src/github.com/apache/commons-cli/src/main/java/org/apache/commons/cli/Options.java","3","355","The method 'toString()' has an NPath complexity of 1, current threshold is 1","Design","NPathComplexity"
"1","org.apache.commons.cli","/Users/grantnelson/go/src/github.com/apache/commons-cli/src/main/java/org/apache/commons/cli/ParseException.java","3","25","The class 'ParseException' has a NCSS line count of 4 (Highest = 2).","Design","NcssCount"
"2","org.apache.commons.cli","/Users/grantnelson/go/src/github.com/apache/commons-cli/src/main/java/org/apache/commons/cli/ParseException.java","3","25","The class 'ParseException' has a total cyclomatic complexity of 1 (highest 1).","Design","CyclomaticComplexity"
"3","org.apache.commons.cli","/Users/grantnelson/go/src/github.com/apache/commons-cli/src/main/java/org/apache/commons/cli/ParseException.java","3","25","This class has 1 public methods and attributes; current threshold is 1.","Design","ExcessivePublicCount"
"4","org.apache.commons.cli","/Users/grantnelson/go/src/github.com/apache/commons-cli/src/main/java/org/apache/commons/cli/ParseException.java","3","38","The constructor 'ParseException(String)' has a NCSS line count of 2.","Design","NcssCount"
"5","org.apache.commons.cli","/Users/grantnelson/go/src/github.com/apache/commons-cli/src/main/java/org/apache/commons/cli/ParseException.java","3","38","The constructor 'ParseException(String)' has a cyclomatic complexity of 1.","Design","CyclomaticComplexity"
"6","org.apache.commons.cli","/Users/grantnelson/go/src/github.com/apache/commons-cli/src/main/java/org/apache/commons/cli/ParseException.java","3","38","The constructor 'ParseException(String)' has an NPath complexity of 1, current threshold is 1","Design","NPathComplexity"
"7","org.apache.commons.cli","/Users/grantnelson/go/src/github.com/apache/commons-cli/src/main/java/org/apache/commons/cli/ParseException.java","3","38","Avoid long parameter lists (1 parameters - threshold is 1).","Design","ExcessiveParameterList"
"1","org.apache.commons.cli","/Users/grantnelson/go/src/github.com/apache/commons-cli/src/main/java/org/apache/commons/cli/Parser.java","3","34","A value of 9 may denote a high amount of coupling within the class (threshold: 1)","Design","CouplingBetweenObjects"
"2","org.apache.commons.cli","/Users/grantnelson/go/src/github.com/apache/commons-cli/src/main/java/org/apache/commons/cli/Parser.java","3","34","Possible God Class (WMC=55, ATFD=12, TCC=8.974%)","Design","GodClass"
"3","org.apache.commons.cli","/Users/grantnelson/go/src/github.com/apache/commons-cli/src/main/java/org/apache/commons/cli/Parser.java","3","34","The class 'Parser' has a NCSS line count of 112 (Highest = 41).","Design","NcssCount"
"4","org.apache.commons.cli","/Users/grantnelson/go/src/github.com/apache/commons-cli/src/main/java/org/apache/commons/cli/Parser.java","3","34","The class 'Parser' has a total cyclomatic complexity of 55 (highest 15).","Design","CyclomaticComplexity"
"5","org.apache.commons.cli","/Users/grantnelson/go/src/github.com/apache/commons-cli/src/main/java/org/apache/commons/cli/Parser.java","3","34","This class has 5 public methods and attributes; current threshold is 1.","Design","ExcessivePublicCount"
"6","org.apache.commons.cli","/Users/grantnelson/go/src/github.com/apache/commons-cli/src/main/java/org/apache/commons/cli/Parser.java","3","45","The method 'setOptions(Options)' has a NCSS line count of 3.","Design","NcssCount"
"7","org.apache.commons.cli","/Users/grantnelson/go/src/github.com/apache/commons-cli/src/main/java/org/apache/commons/cli/Parser.java","3","45","The method 'setOptions(Options)' has a cyclomatic complexity of 1.","Design","CyclomaticComplexity"
"8","org.apache.commons.cli","/Users/grantnelson/go/src/github.com/apache/commons-cli/src/main/java/org/apache/commons/cli/Parser.java","3","45","The method 'setOptions(Options)' has an NPath complexity of 1, current threshold is 1","Design","NPathComplexity"
"9","org.apache.commons.cli","/Users/grantnelson/go/src/github.com/apache/commons-cli/src/main/java/org/apache/commons/cli/Parser.java","3","45","Avoid long parameter lists (1 parameters - threshold is 1).","Design","ExcessiveParameterList"
"10","org.apache.commons.cli","/Users/grantnelson/go/src/github.com/apache/commons-cli/src/main/java/org/apache/commons/cli/Parser.java","3","51","The method 'getOptions()' has a NCSS line count of 2.","Design","NcssCount"
"11","org.apache.commons.cli","/Users/grantnelson/go/src/github.com/apache/commons-cli/src/main/java/org/apache/commons/cli/Parser.java","3","51","The method 'getOptions()' has a cyclomatic complexity of 1.","Design","CyclomaticComplexity"
"12","org.apache.commons.cli","/Users/grantnelson/go/src/github.com/apache/commons-cli/src/main/java/org/apache/commons/cli/Parser.java","3","51","The method 'getOptions()' has an NPath complexity of 1, current threshold is 1","Design","NPathComplexity"
"13","org.apache.commons.cli","/Users/grantnelson/go/src/github.com/apache/commons-cli/src/main/java/org/apache/commons/cli/Parser.java","3","56","The method 'getRequiredOptions()' has a NCSS line count of 2.","Design","NcssCount"
"14","org.apache.commons.cli","/Users/grantnelson/go/src/github.com/apache/commons-cli/src/main/java/org/apache/commons/cli/Parser.java","3","56","The method 'getRequiredOptions()' has a cyclomatic complexity of 1.","Design","CyclomaticComplexity"
"15","org.apache.commons.cli","/Users/grantnelson/go/src/github.com/apache/commons-cli/src/main/java/org/apache/commons/cli/Parser.java","3","56","The method 'getRequiredOptions()' has an NPath complexity of 1, current threshold is 1","Design","NPathComplexity"
"16","org.apache.commons.cli","/Users/grantnelson/go/src/github.com/apache/commons-cli/src/main/java/org/apache/commons/cli/Parser.java","3","73","The method 'flatten(Options, String[], boolean)' has a NCSS line count of 1.","Design","NcssCount"
"17","org.apache.commons.cli","/Users/grantnelson/go/src/github.com/apache/commons-cli/src/main/java/org/apache/commons/cli/Parser.java","3","73","The method 'flatten(Options, String[], boolean)' has a cyclomatic complexity of 1.","Design","CyclomaticComplexity"
"18","org.apache.commons.cli","/Users/grantnelson/go/src/github.com/apache/commons-cli/src/main/java/org/apache/commons/cli/Parser.java","3","73","The method 'flatten(Options, String[], boolean)' has an NPath complexity of 1, current threshold is 1","Design","NPathComplexity"
"19","org.apache.commons.cli","/Users/grantnelson/go/src/github.com/apache/commons-cli/src/main/java/org/apache/commons/cli/Parser.java","3","73","Avoid long parameter lists (3 parameters - threshold is 1).","Design","ExcessiveParameterList"
"20","org.apache.commons.cli","/Users/grantnelson/go/src/github.com/apache/commons-cli/src/main/java/org/apache/commons/cli/Parser.java","3","86","The method 'parse(Options, String[])' has a NCSS line count of 2.","Design","NcssCount"
"21","org.apache.commons.cli","/Users/grantnelson/go/src/github.com/apache/commons-cli/src/main/java/org/apache/commons/cli/Parser.java","3","86","The method 'parse(Options, String[])' has a cyclomatic complexity of 1.","Design","CyclomaticComplexity"
"22","org.apache.commons.cli","/Users/grantnelson/go/src/github.com/apache/commons-cli/src/main/java/org/apache/commons/cli/Parser.java","3","86","The method 'parse(Options, String[])' has an NPath complexity of 1, current threshold is 1","Design","NPathComplexity"
"23","org.apache.commons.cli","/Users/grantnelson/go/src/github.com/apache/commons-cli/src/main/java/org/apache/commons/cli/Parser.java","3","86","Avoid long parameter lists (2 parameters - threshold is 1).","Design","ExcessiveParameterList"
"24","org.apache.commons.cli","/Users/grantnelson/go/src/github.com/apache/commons-cli/src/main/java/org/apache/commons/cli/Parser.java","3","103","The method 'parse(Options, String[], Properties)' has a NCSS line count of 2.","Design","NcssCount"
"25","org.apache.commons.cli","/Users/grantnelson/go/src/github.com/apache/commons-cli/src/main/java/org/apache/commons/cli/Parser.java","3","103","The method 'parse(Options, String[], Properties)' has a cyclomatic complexity of 1.","Design","CyclomaticComplexity"
"26","org.apache.commons.cli","/Users/grantnelson/go/src/github.com/apache/commons-cli/src/main/java/org/apache/commons/cli/Parser.java","3","103","The method 'parse(Options, String[], Properties)' has an NPath complexity of 1, current threshold is 1","Design","NPathComplexity"
"27","org.apache.commons.cli","/Users/grantnelson/go/src/github.com/apache/commons-cli/src/main/java/org/apache/commons/cli/Parser.java","3","103","Avoid long parameter lists (3 parameters - threshold is 1).","Design","ExcessiveParameterList"
"28","org.apache.commons.cli","/Users/grantnelson/go/src/github.com/apache/commons-cli/src/main/java/org/apache/commons/cli/Parser.java","3","121","The method 'parse(Options, String[], boolean)' has a NCSS line count of 2.","Design","NcssCount"
"29","org.apache.commons.cli","/Users/grantnelson/go/src/github.com/apache/commons-cli/src/main/java/org/apache/commons/cli/Parser.java","3","121","The method 'parse(Options, String[], boolean)' has a cyclomatic complexity of 1.","Design","CyclomaticComplexity"
"30","org.apache.commons.cli","/Users/grantnelson/go/src/github.com/apache/commons-cli/src/main/java/org/apache/commons/cli/Parser.java","3","121","The method 'parse(Options, String[], boolean)' has an NPath complexity of 1, current threshold is 1","Design","NPathComplexity"
"31","org.apache.commons.cli","/Users/grantnelson/go/src/github.com/apache/commons-cli/src/main/java/org/apache/commons/cli/Parser.java","3","121","Avoid long parameter lists (3 parameters - threshold is 1).","Design","ExcessiveParameterList"
"32","org.apache.commons.cli","/Users/grantnelson/go/src/github.com/apache/commons-cli/src/main/java/org/apache/commons/cli/Parser.java","3","145","The method 'parse(Options, String[], Properties, boolean)' has a NCSS line count of 41.","Design","NcssCount"
"33","org.apache.commons.cli","/Users/grantnelson/go/src/github.com/apache/commons-cli/src/main/java/org/apache/commons/cli/Parser.java","3","145","The method 'parse(Options, String[], Properties, boolean)' has a cognitive complexity of 33, current threshold is 1","Design","CognitiveComplexity"
"34","org.apache.commons.cli","/Users/grantnelson/go/src/github.com/apache/commons-cli/src/main/java/org/apache/commons/cli/Parser.java","3","145","The method 'parse(Options, String[], Properties, boolean)' has a cyclomatic complexity of 15.","Design","CyclomaticComplexity"
"35","org.apache.commons.cli","/Users/grantnelson/go/src/github.com/apache/commons-cli/src/main/java/org/apache/commons/cli/Parser.java","3","145","The method 'parse(Options, String[], Properties, boolean)' has an NPath complexity of 264, current threshold is 1","Design","NPathComplexity"
"36","org.apache.commons.cli","/Users/grantnelson/go/src/github.com/apache/commons-cli/src/main/java/org/apache/commons/cli/Parser.java","3","145","Avoid long parameter lists (4 parameters - threshold is 1).","Design","ExcessiveParameterList"
"37","org.apache.commons.cli","/Users/grantnelson/go/src/github.com/apache/commons-cli/src/main/java/org/apache/commons/cli/Parser.java","3","254","The method 'processProperties(Properties)' has a NCSS line count of 21.","Design","NcssCount"
"38","org.apache.commons.cli","/Users/grantnelson/go/src/github.com/apache/commons-cli/src/main/java/org/apache/commons/cli/Parser.java","3","254","The method 'processProperties(Properties)' has a cognitive complexity of 23, current threshold is 1","Design","CognitiveComplexity"
"39","org.apache.commons.cli","/Users/grantnelson/go/src/github.com/apache/commons-cli/src/main/java/org/apache/commons/cli/Parser.java","3","254","The method 'processProperties(Properties)' has a cyclomatic complexity of 14.","Design","CyclomaticComplexity"
"40","org.apache.commons.cli","/Users/grantnelson/go/src/github.com/apache/commons-cli/src/main/java/org/apache/commons/cli/Parser.java","3","254","The method 'processProperties(Properties)' has an NPath complexity of 21, current threshold is 1","Design","NPathComplexity"
"41","org.apache.commons.cli","/Users/grantnelson/go/src/github.com/apache/commons-cli/src/main/java/org/apache/commons/cli/Parser.java","3","254","Avoid long parameter lists (1 parameters - threshold is 1).","Design","ExcessiveParameterList"
"42","org.apache.commons.cli","/Users/grantnelson/go/src/github.com/apache/commons-cli/src/main/java/org/apache/commons/cli/Parser.java","3","315","The method 'checkRequiredOptions()' has a NCSS line count of 3.","Design","NcssCount"
"43","org.apache.commons.cli","/Users/grantnelson/go/src/github.com/apache/commons-cli/src/main/java/org/apache/commons/cli/Parser.java","3","315","The method 'checkRequiredOptions()' has a cognitive complexity of 1, current threshold is 1","Design","CognitiveComplexity"
"44","org.apache.commons.cli","/Users/grantnelson/go/src/github.com/apache/commons-cli/src/main/java/org/apache/commons/cli/Parser.java","3","315","The method 'checkRequiredOptions()' has a cyclomatic complexity of 3.","Design","CyclomaticComplexity"
"45","org.apache.commons.cli","/Users/grantnelson/go/src/github.com/apache/commons-cli/src/main/java/org/apache/commons/cli/Parser.java","3","315","The method 'checkRequiredOptions()' has an NPath complexity of 2, current threshold is 1","Design","NPathComplexity"
"46","org.apache.commons.cli","/Users/grantnelson/go/src/github.com/apache/commons-cli/src/main/java/org/apache/commons/cli/Parser.java","3","335","The method 'processArgs(Option, ListIterator<String>)' has a NCSS line count of 12.","Design","NcssCount"
"47","org.apache.commons.cli","/Users/grantnelson/go/src/github.com/apache/commons-cli/src/main/java/org/apache/commons/cli/Parser.java","3","335","The method 'processArgs(Option, ListIterator<String>)' has a cognitive complexity of 8, current threshold is 1","Design","CognitiveComplexity"
"48","org.apache.commons.cli","/Users/grantnelson/go/src/github.com/apache/commons-cli/src/main/java/org/apache/commons/cli/Parser.java","3","335","The method 'processArgs(Option, ListIterator<String>)' has a cyclomatic complexity of 8.","Design","CyclomaticComplexity"
"49","org.apache.commons.cli","/Users/grantnelson/go/src/github.com/apache/commons-cli/src/main/java/org/apache/commons/cli/Parser.java","3","335","The method 'processArgs(Option, ListIterator<String>)' has an NPath complexity of 12, current threshold is 1","Design","NPathComplexity"
"50","org.apache.commons.cli","/Users/grantnelson/go/src/github.com/apache/commons-cli/src/main/java/org/apache/commons/cli/Parser.java","3","335","Avoid long parameter lists (2 parameters - threshold is 1).","Design","ExcessiveParameterList"
"51","org.apache.commons.cli","/Users/grantnelson/go/src/github.com/apache/commons-cli/src/main/java/org/apache/commons/cli/Parser.java","3","376","The method 'processOption(String, ListIterator<String>)' has a NCSS line count of 9.","Design","NcssCount"
"52","org.apache.commons.cli","/Users/grantnelson/go/src/github.com/apache/commons-cli/src/main/java/org/apache/commons/cli/Parser.java","3","376","The method 'processOption(String, ListIterator<String>)' has a cognitive complexity of 2, current threshold is 1","Design","CognitiveComplexity"
"53","org.apache.commons.cli","/Users/grantnelson/go/src/github.com/apache/commons-cli/src/main/java/org/apache/commons/cli/Parser.java","3","376","The method 'processOption(String, ListIterator<String>)' has a cyclomatic complexity of 4.","Design","CyclomaticComplexity"
"54","org.apache.commons.cli","/Users/grantnelson/go/src/github.com/apache/commons-cli/src/main/java/org/apache/commons/cli/Parser.java","3","376","The method 'processOption(String, ListIterator<String>)' has an NPath complexity of 3, current threshold is 1","Design","NPathComplexity"
"55","org.apache.commons.cli","/Users/grantnelson/go/src/github.com/apache/commons-cli/src/main/java/org/apache/commons/cli/Parser.java","3","376","Avoid long parameter lists (2 parameters - threshold is 1).","Design","ExcessiveParameterList"
"56","org.apache.commons.cli","/Users/grantnelson/go/src/github.com/apache/commons-cli/src/main/java/org/apache/commons/cli/Parser.java","3","407","The method 'updateRequiredOptions(Option)' has a NCSS line count of 8.","Design","NcssCount"
"57","org.apache.commons.cli","/Users/grantnelson/go/src/github.com/apache/commons-cli/src/main/java/org/apache/commons/cli/Parser.java","3","407","The method 'updateRequiredOptions(Option)' has a cognitive complexity of 4, current threshold is 1","Design","CognitiveComplexity"
"58","org.apache.commons.cli","/Users/grantnelson/go/src/github.com/apache/commons-cli/src/main/java/org/apache/commons/cli/Parser.java","3","407","The method 'updateRequiredOptions(Option)' has a cyclomatic complexity of 4.","Design","CyclomaticComplexity"
"59","org.apache.commons.cli","/Users/grantnelson/go/src/github.com/apache/commons-cli/src/main/java/org/apache/commons/cli/Parser.java","3","407","The method 'updateRequiredOptions(Option)' has an NPath complexity of 6, current threshold is 1","Design","NPathComplexity"
"60","org.apache.commons.cli","/Users/grantnelson/go/src/github.com/apache/commons-cli/src/main/java/org/apache/commons/cli/Parser.java","3","407","Avoid long parameter lists (1 parameters - threshold is 1).","Design","ExcessiveParameterList"
"1","org.apache.commons.cli","/Users/grantnelson/go/src/github.com/apache/commons-cli/src/main/java/org/apache/commons/cli/PatternOptionBuilder.java","3","57","A value of 2 may denote a high amount of coupling within the class (threshold: 1)","Design","CouplingBetweenObjects"
"2","org.apache.commons.cli","/Users/grantnelson/go/src/github.com/apache/commons-cli/src/main/java/org/apache/commons/cli/PatternOptionBuilder.java","3","57","The class 'PatternOptionBuilder' has a NCSS line count of 57 (Highest = 24).","Design","NcssCount"
"3","org.apache.commons.cli","/Users/grantnelson/go/src/github.com/apache/commons-cli/src/main/java/org/apache/commons/cli/PatternOptionBuilder.java","3","57","The class 'PatternOptionBuilder' has a total cyclomatic complexity of 17 (highest 10).","Design","CyclomaticComplexity"
"4","org.apache.commons.cli","/Users/grantnelson/go/src/github.com/apache/commons-cli/src/main/java/org/apache/commons/cli/PatternOptionBuilder.java","3","57","This class has 3 public methods and attributes; current threshold is 1.","Design","ExcessivePublicCount"
"5","org.apache.commons.cli","/Users/grantnelson/go/src/github.com/apache/commons-cli/src/main/java/org/apache/commons/cli/PatternOptionBuilder.java","3","96","The method 'getValueClass(char)' has a NCSS line count of 21.","Design","NcssCount"
"6","org.apache.commons.cli","/Users/grantnelson/go/src/github.com/apache/commons-cli/src/main/java/org/apache/commons/cli/PatternOptionBuilder.java","3","96","The method 'getValueClass(char)' has a cognitive complexity of 1, current threshold is 1","Design","CognitiveComplexity"
"7","org.apache.commons.cli","/Users/grantnelson/go/src/github.com/apache/commons-cli/src/main/java/org/apache/commons/cli/PatternOptionBuilder.java","3","96","The method 'getValueClass(char)' has a cyclomatic complexity of 10.","Design","CyclomaticComplexity"
"8","org.apache.commons.cli","/Users/grantnelson/go/src/github.com/apache/commons-cli/src/main/java/org/apache/commons/cli/PatternOptionBuilder.java","3","96","The method 'getValueClass(char)' has an NPath complexity of 10, current threshold is 1","Design","NPathComplexity"
"9","org.apache.commons.cli","/Users/grantnelson/go/src/github.com/apache/commons-cli/src/main/java/org/apache/commons/cli/PatternOptionBuilder.java","3","96","Avoid long parameter lists (1 parameters - threshold is 1).","Design","ExcessiveParameterList"
"10","org.apache.commons.cli","/Users/grantnelson/go/src/github.com/apache/commons-cli/src/main/java/org/apache/commons/cli/PatternOptionBuilder.java","3","130","The method 'isValueCode(char)' has a NCSS line count of 2.","Design","NcssCount"
"11","org.apache.commons.cli","/Users/grantnelson/go/src/github.com/apache/commons-cli/src/main/java/org/apache/commons/cli/PatternOptionBuilder.java","3","130","The method 'isValueCode(char)' has a cognitive complexity of 1, current threshold is 1","Design","CognitiveComplexity"
"12","org.apache.commons.cli","/Users/grantnelson/go/src/github.com/apache/commons-cli/src/main/java/org/apache/commons/cli/PatternOptionBuilder.java","3","130","The method 'isValueCode(char)' has a cyclomatic complexity of 1.","Design","CyclomaticComplexity"
"13","org.apache.commons.cli","/Users/grantnelson/go/src/github.com/apache/commons-cli/src/main/java/org/apache/commons/cli/PatternOptionBuilder.java","3","130","The method 'isValueCode(char)' has an NPath complexity of 10, current threshold is 1","Design","NPathComplexity"
"14","org.apache.commons.cli","/Users/grantnelson/go/src/github.com/apache/commons-cli/src/main/java/org/apache/commons/cli/PatternOptionBuilder.java","3","130","Avoid long parameter lists (1 parameters - threshold is 1).","Design","ExcessiveParameterList"
"15","org.apache.commons.cli","/Users/grantnelson/go/src/github.com/apache/commons-cli/src/main/java/org/apache/commons/cli/PatternOptionBuilder.java","3","150","The method 'parsePattern(String)' has a NCSS line count of 24.","Design","NcssCount"
"16","org.apache.commons.cli","/Users/grantnelson/go/src/github.com/apache/commons-cli/src/main/java/org/apache/commons/cli/PatternOptionBuilder.java","3","150","The method 'parsePattern(String)' has a cognitive complexity of 9, current threshold is 1","Design","CognitiveComplexity"
"17","org.apache.commons.cli","/Users/grantnelson/go/src/github.com/apache/commons-cli/src/main/java/org/apache/commons/cli/PatternOptionBuilder.java","3","150","The method 'parsePattern(String)' has a cyclomatic complexity of 6.","Design","CyclomaticComplexity"
"18","org.apache.commons.cli","/Users/grantnelson/go/src/github.com/apache/commons-cli/src/main/java/org/apache/commons/cli/PatternOptionBuilder.java","3","150","The method 'parsePattern(String)' has an NPath complexity of 10, current threshold is 1","Design","NPathComplexity"
"19","org.apache.commons.cli","/Users/grantnelson/go/src/github.com/apache/commons-cli/src/main/java/org/apache/commons/cli/PatternOptionBuilder.java","3","150","Avoid long parameter lists (1 parameters - threshold is 1).","Design","ExcessiveParameterList"
"1","org.apache.commons.cli","/Users/grantnelson/go/src/github.com/apache/commons-cli/src/main/java/org/apache/commons/cli/PosixParser.java","3","33","A value of 4 may denote a high amount of coupling within the class (threshold: 1)","Design","CouplingBetweenObjects"
"2","org.apache.commons.cli","/Users/grantnelson/go/src/github.com/apache/commons-cli/src/main/java/org/apache/commons/cli/PosixParser.java","3","33","The class 'PosixParser' has a NCSS line count of 79 (Highest = 40).","Design","NcssCount"
"3","org.apache.commons.cli","/Users/grantnelson/go/src/github.com/apache/commons-cli/src/main/java/org/apache/commons/cli/PosixParser.java","3","33","The class 'PosixParser' has a total cyclomatic complexity of 34 (highest 16).","Design","CyclomaticComplexity"
"4","org.apache.commons.cli","/Users/grantnelson/go/src/github.com/apache/commons-cli/src/main/java/org/apache/commons/cli/PosixParser.java","3","52","The method 'init()' has a NCSS line count of 3.","Design","NcssCount"
"5","org.apache.commons.cli","/Users/grantnelson/go/src/github.com/apache/commons-cli/src/main/java/org/apache/commons/cli/PosixParser.java","3","52","The method 'init()' has a cyclomatic complexity of 1.","Design","CyclomaticComplexity"
"6","org.apache.commons.cli","/Users/grantnelson/go/src/github.com/apache/commons-cli/src/main/java/org/apache/commons/cli/PosixParser.java","3","52","The method 'init()' has an NPath complexity of 1, current threshold is 1","Design","NPathComplexity"
"7","org.apache.commons.cli","/Users/grantnelson/go/src/github.com/apache/commons-cli/src/main/java/org/apache/commons/cli/PosixParser.java","3","96","The method 'flatten(Options, String[], boolean)' has a NCSS line count of 40.","Design","NcssCount"
"8","org.apache.commons.cli","/Users/grantnelson/go/src/github.com/apache/commons-cli/src/main/java/org/apache/commons/cli/PosixParser.java","3","96","The method 'flatten(Options, String[], boolean)' has a cognitive complexity of 32, current threshold is 1","Design","CognitiveComplexity"
"9","org.apache.commons.cli","/Users/grantnelson/go/src/github.com/apache/commons-cli/src/main/java/org/apache/commons/cli/PosixParser.java","3","96","The method 'flatten(Options, String[], boolean)' has a cyclomatic complexity of 16.","Design","CyclomaticComplexity"
"10","org.apache.commons.cli","/Users/grantnelson/go/src/github.com/apache/commons-cli/src/main/java/org/apache/commons/cli/PosixParser.java","3","96","The method 'flatten(Options, String[], boolean)' has an NPath complexity of 17, current threshold is 1","Design","NPathComplexity"
"11","org.apache.commons.cli","/Users/grantnelson/go/src/github.com/apache/commons-cli/src/main/java/org/apache/commons/cli/PosixParser.java","3","96","Avoid long parameter lists (3 parameters - threshold is 1).","Design","ExcessiveParameterList"
"12","org.apache.commons.cli","/Users/grantnelson/go/src/github.com/apache/commons-cli/src/main/java/org/apache/commons/cli/PosixParser.java","3","182","The method 'gobble(Iterator<String>)' has a NCSS line count of 4.","Design","NcssCount"
"13","org.apache.commons.cli","/Users/grantnelson/go/src/github.com/apache/commons-cli/src/main/java/org/apache/commons/cli/PosixParser.java","3","182","The method 'gobble(Iterator<String>)' has a cognitive complexity of 3, current threshold is 1","Design","CognitiveComplexity"
"14","org.apache.commons.cli","/Users/grantnelson/go/src/github.com/apache/commons-cli/src/main/java/org/apache/commons/cli/PosixParser.java","3","182","The method 'gobble(Iterator<String>)' has a cyclomatic complexity of 3.","Design","CyclomaticComplexity"
"15","org.apache.commons.cli","/Users/grantnelson/go/src/github.com/apache/commons-cli/src/main/java/org/apache/commons/cli/PosixParser.java","3","182","The method 'gobble(Iterator<String>)' has an NPath complexity of 3, current threshold is 1","Design","NPathComplexity"
"16","org.apache.commons.cli","/Users/grantnelson/go/src/github.com/apache/commons-cli/src/main/java/org/apache/commons/cli/PosixParser.java","3","182","Avoid long parameter lists (1 parameters - threshold is 1).","Design","ExcessiveParameterList"
"17","org.apache.commons.cli","/Users/grantnelson/go/src/github.com/apache/commons-cli/src/main/java/org/apache/commons/cli/PosixParser.java","3","200","The method 'processNonOptionToken(String, boolean)' has a NCSS line count of 5.","Design","NcssCount"
"18","org.apache.commons.cli","/Users/grantnelson/go/src/github.com/apache/commons-cli/src/main/java/org/apache/commons/cli/PosixParser.java","3","200","The method 'processNonOptionToken(String, boolean)' has a cognitive complexity of 3, current threshold is 1","Design","CognitiveComplexity"
"19","org.apache.commons.cli","/Users/grantnelson/go/src/github.com/apache/commons-cli/src/main/java/org/apache/commons/cli/PosixParser.java","3","200","The method 'processNonOptionToken(String, boolean)' has a cyclomatic complexity of 4.","Design","CyclomaticComplexity"
"20","org.apache.commons.cli","/Users/grantnelson/go/src/github.com/apache/commons-cli/src/main/java/org/apache/commons/cli/PosixParser.java","3","200","The method 'processNonOptionToken(String, boolean)' has an NPath complexity of 4, current threshold is 1","Design","NPathComplexity"
"21","org.apache.commons.cli","/Users/grantnelson/go/src/github.com/apache/commons-cli/src/main/java/org/apache/commons/cli/PosixParser.java","3","200","Avoid long parameter lists (2 parameters - threshold is 1).","Design","ExcessiveParameterList"
"22","org.apache.commons.cli","/Users/grantnelson/go/src/github.com/apache/commons-cli/src/main/java/org/apache/commons/cli/PosixParser.java","3","223","The method 'processOptionToken(String, boolean)' has a NCSS line count of 6.","Design","NcssCount"
"23","org.apache.commons.cli","/Users/grantnelson/go/src/github.com/apache/commons-cli/src/main/java/org/apache/commons/cli/PosixParser.java","3","223","The method 'processOptionToken(String, boolean)' has a cognitive complexity of 3, current threshold is 1","Design","CognitiveComplexity"
"24","org.apache.commons.cli","/Users/grantnelson/go/src/github.com/apache/commons-cli/src/main/java/org/apache/commons/cli/PosixParser.java","3","223","The method 'processOptionToken(String, boolean)' has a cyclomatic complexity of 4.","Design","CyclomaticComplexity"
"25","org.apache.commons.cli","/Users/grantnelson/go/src/github.com/apache/commons-cli/src/main/java/org/apache/commons/cli/PosixParser.java","3","223","The method 'processOptionToken(String, boolean)' has an NPath complexity of 6, current threshold is 1","Design","NPathComplexity"
"26","org.apache.commons.cli","/Users/grantnelson/go/src/github.com/apache/commons-cli/src/main/java/org/apache/commons/cli/PosixParser.java","3","223","Avoid long parameter lists (2 parameters - threshold is 1).","Design","ExcessiveParameterList"
"27","org.apache.commons.cli","/Users/grantnelson/go/src/github.com/apache/commons-cli/src/main/java/org/apache/commons/cli/PosixParser.java","3","264","The method 'burstToken(String, boolean)' has a NCSS line count of 16.","Design","NcssCount"
"28","org.apache.commons.cli","/Users/grantnelson/go/src/github.com/apache/commons-cli/src/main/java/org/apache/commons/cli/PosixParser.java","3","264","The method 'burstToken(String, boolean)' has a cognitive complexity of 9, current threshold is 1","Design","CognitiveComplexity"
"29","org.apache.commons.cli","/Users/grantnelson/go/src/github.com/apache/commons-cli/src/main/java/org/apache/commons/cli/PosixParser.java","3","264","The method 'burstToken(String, boolean)' has a cyclomatic complexity of 6.","Design","CyclomaticComplexity"
"30","org.apache.commons.cli","/Users/grantnelson/go/src/github.com/apache/commons-cli/src/main/java/org/apache/commons/cli/PosixParser.java","3","264","The method 'burstToken(String, boolean)' has an NPath complexity of 6, current threshold is 1","Design","NPathComplexity"
"31","org.apache.commons.cli","/Users/grantnelson/go/src/github.com/apache/commons-cli/src/main/java/org/apache/commons/cli/PosixParser.java","3","264","Avoid long parameter lists (2 parameters - threshold is 1).","Design","ExcessiveParameterList"
"1","org.apache.commons.cli","/Users/grantnelson/go/src/github.com/apache/commons-cli/src/main/java/org/apache/commons/cli/TypeHandler.java","3","35","A value of 4 may denote a high amount of coupling within the class (threshold: 1)","Design","CouplingBetweenObjects"
"2","org.apache.commons.cli","/Users/grantnelson/go/src/github.com/apache/commons-cli/src/main/java/org/apache/commons/cli/TypeHandler.java","3","35","The class 'TypeHandler' has a NCSS line count of 60 (Highest = 29).","Design","NcssCount"
"3","org.apache.commons.cli","/Users/grantnelson/go/src/github.com/apache/commons-cli/src/main/java/org/apache/commons/cli/TypeHandler.java","3","35","The class 'TypeHandler' has a total cyclomatic complexity of 31 (highest 10).","Design","CyclomaticComplexity"
"4","org.apache.commons.cli","/Users/grantnelson/go/src/github.com/apache/commons-cli/src/main/java/org/apache/commons/cli/TypeHandler.java","3","35","This class has 9 public methods and attributes; current threshold is 1.","Design","ExcessivePublicCount"
"5","org.apache.commons.cli","/Users/grantnelson/go/src/github.com/apache/commons-cli/src/main/java/org/apache/commons/cli/TypeHandler.java","3","47","The method 'createValue(String, Object)' has a NCSS line count of 2.","Design","NcssCount"
"6","org.apache.commons.cli","/Users/grantnelson/go/src/github.com/apache/commons-cli/src/main/java/org/apache/commons/cli/TypeHandler.java","3","47","The method 'createValue(String, Object)' has a cyclomatic complexity of 1.","Design","CyclomaticComplexity"
"7","org.apache.commons.cli","/Users/grantnelson/go/src/github.com/apache/commons-cli/src/main/java/org/apache/commons/cli/TypeHandler.java","3","47","The method 'createValue(String, Object)' has an NPath complexity of 1, current threshold is 1","Design","NPathComplexity"
"8","org.apache.commons.cli","/Users/grantnelson/go/src/github.com/apache/commons-cli/src/main/java/org/apache/commons/cli/TypeHandler.java","3","47","Avoid long parameter lists (2 parameters - threshold is 1).","Design","ExcessiveParameterList"
"9","org.apache.commons.cli","/Users/grantnelson/go/src/github.com/apache/commons-cli/src/main/java/org/apache/commons/cli/TypeHandler.java","3","62","The method 'createValue(String, Class<?>)' has a NCSS line count of 29.","Design","NcssCount"
"10","org.apache.commons.cli","/Users/grantnelson/go/src/github.com/apache/commons-cli/src/main/java/org/apache/commons/cli/TypeHandler.java","3","62","The method 'createValue(String, Class<?>)' has a cognitive complexity of 10, current threshold is 1","Design","CognitiveComplexity"
"11","org.apache.commons.cli","/Users/grantnelson/go/src/github.com/apache/commons-cli/src/main/java/org/apache/commons/cli/TypeHandler.java","3","62","The method 'createValue(String, Class<?>)' has a cyclomatic complexity of 10.","Design","CyclomaticComplexity"
"12","org.apache.commons.cli","/Users/grantnelson/go/src/github.com/apache/commons-cli/src/main/java/org/apache/commons/cli/TypeHandler.java","3","62","The method 'createValue(String, Class<?>)' has an NPath complexity of 10, current threshold is 1","Design","NPathComplexity"
"13","org.apache.commons.cli","/Users/grantnelson/go/src/github.com/apache/commons-cli/src/main/java/org/apache/commons/cli/TypeHandler.java","3","62","Avoid long parameter lists (2 parameters - threshold is 1).","Design","ExcessiveParameterList"
"14","org.apache.commons.cli","/Users/grantnelson/go/src/github.com/apache/commons-cli/src/main/java/org/apache/commons/cli/TypeHandler.java","3","113","The method 'createObject(String)' has a NCSS line count of 8.","Design","NcssCount"
"15","org.apache.commons.cli","/Users/grantnelson/go/src/github.com/apache/commons-cli/src/main/java/org/apache/commons/cli/TypeHandler.java","3","113","The method 'createObject(String)' has a cognitive complexity of 2, current threshold is 1","Design","CognitiveComplexity"
"16","org.apache.commons.cli","/Users/grantnelson/go/src/github.com/apache/commons-cli/src/main/java/org/apache/commons/cli/TypeHandler.java","3","113","The method 'createObject(String)' has a cyclomatic complexity of 5.","Design","CyclomaticComplexity"
"17","org.apache.commons.cli","/Users/grantnelson/go/src/github.com/apache/commons-cli/src/main/java/org/apache/commons/cli/TypeHandler.java","3","113","The method 'createObject(String)' has an NPath complexity of 1, current threshold is 1","Design","NPathComplexity"
"18","org.apache.commons.cli","/Users/grantnelson/go/src/github.com/apache/commons-cli/src/main/java/org/apache/commons/cli/TypeHandler.java","3","113","Avoid long parameter lists (1 parameters - threshold is 1).","Design","ExcessiveParameterList"
"19","org.apache.commons.cli","/Users/grantnelson/go/src/github.com/apache/commons-cli/src/main/java/org/apache/commons/cli/TypeHandler.java","3","144","The method 'createNumber(String)' has a NCSS line count of 6.","Design","NcssCount"
"20","org.apache.commons.cli","/Users/grantnelson/go/src/github.com/apache/commons-cli/src/main/java/org/apache/commons/cli/TypeHandler.java","3","144","The method 'createNumber(String)' has a cognitive complexity of 2, current threshold is 1","Design","CognitiveComplexity"
"21","org.apache.commons.cli","/Users/grantnelson/go/src/github.com/apache/commons-cli/src/main/java/org/apache/commons/cli/TypeHandler.java","3","144","The method 'createNumber(String)' has a cyclomatic complexity of 4.","Design","CyclomaticComplexity"
"22","org.apache.commons.cli","/Users/grantnelson/go/src/github.com/apache/commons-cli/src/main/java/org/apache/commons/cli/TypeHandler.java","3","144","The method 'createNumber(String)' has an NPath complexity of 2, current threshold is 1","Design","NPathComplexity"
"23","org.apache.commons.cli","/Users/grantnelson/go/src/github.com/apache/commons-cli/src/main/java/org/apache/commons/cli/TypeHandler.java","3","144","Avoid long parameter lists (1 parameters - threshold is 1).","Design","ExcessiveParameterList"
"24","org.apache.commons.cli","/Users/grantnelson/go/src/github.com/apache/commons-cli/src/main/java/org/apache/commons/cli/TypeHandler.java","3","167","The method 'createClass(String)' has a NCSS line count of 4.","Design","NcssCount"
"25","org.apache.commons.cli","/Users/grantnelson/go/src/github.com/apache/commons-cli/src/main/java/org/apache/commons/cli/TypeHandler.java","3","167","The method 'createClass(String)' has a cognitive complexity of 1, current threshold is 1","Design","CognitiveComplexity"
"26","org.apache.commons.cli","/Users/grantnelson/go/src/github.com/apache/commons-cli/src/main/java/org/apache/commons/cli/TypeHandler.java","3","167","The method 'createClass(String)' has a cyclomatic complexity of 3.","Design","CyclomaticComplexity"
"27","org.apache.commons.cli","/Users/grantnelson/go/src/github.com/apache/commons-cli/src/main/java/org/apache/commons/cli/TypeHandler.java","3","167","The method 'createClass(String)' has an NPath complexity of 1, current threshold is 1","Design","NPathComplexity"
"28","org.apache.commons.cli","/Users/grantnelson/go/src/github.com/apache/commons-cli/src/main/java/org/apache/commons/cli/TypeHandler.java","3","167","Avoid long parameter lists (1 parameters - threshold is 1).","Design","ExcessiveParameterList"
"29","org.apache.commons.cli","/Users/grantnelson/go/src/github.com/apache/commons-cli/src/main/java/org/apache/commons/cli/TypeHandler.java","3","190","The method 'createDate(String)' has a NCSS line count of 2.","Design","NcssCount"
"30","org.apache.commons.cli","/Users/grantnelson/go/src/github.com/apache/commons-cli/src/main/java/org/apache/commons/cli/TypeHandler.java","3","190","The method 'createDate(String)' has a cyclomatic complexity of 2.","Design","CyclomaticComplexity"
"31","org.apache.commons.cli","/Users/grantnelson/go/src/github.com/apache/commons-cli/src/main/java/org/apache/commons/cli/TypeHandler.java","3","190","The method 'createDate(String)' has an NPath complexity of 1, current threshold is 1","Design","NPathComplexity"
"32","org.apache.commons.cli","/Users/grantnelson/go/src/github.com/apache/commons-cli/src/main/java/org/apache/commons/cli/TypeHandler.java","3","190","Avoid long parameter lists (1 parameters - threshold is 1).","Design","ExcessiveParameterList"
"33","org.apache.commons.cli","/Users/grantnelson/go/src/github.com/apache/commons-cli/src/main/java/org/apache/commons/cli/TypeHandler.java","3","202","The method 'createURL(String)' has a NCSS line count of 4.","Design","NcssCount"
"34","org.apache.commons.cli","/Users/grantnelson/go/src/github.com/apache/commons-cli/src/main/java/org/apache/commons/cli/TypeHandler.java","3","202","The method 'createURL(String)' has a cognitive complexity of 1, current threshold is 1","Design","CognitiveComplexity"
"35","org.apache.commons.cli","/Users/grantnelson/go/src/github.com/apache/commons-cli/src/main/java/org/apache/commons/cli/TypeHandler.java","3","202","The method 'createURL(String)' has a cyclomatic complexity of 3.","Design","CyclomaticComplexity"
"36","org.apache.commons.cli","/Users/grantnelson/go/src/github.com/apache/commons-cli/src/main/java/org/apache/commons/cli/TypeHandler.java","3","202","The method 'createURL(String)' has an NPath complexity of 1, current threshold is 1","Design","NPathComplexity"
"37","org.apache.commons.cli","/Users/grantnelson/go/src/github.com/apache/commons-cli/src/main/java/org/apache/commons/cli/TypeHandler.java","3","202","Avoid long parameter lists (1 parameters - threshold is 1).","Design","ExcessiveParameterList"
"38","org.apache.commons.cli","/Users/grantnelson/go/src/github.com/apache/commons-cli/src/main/java/org/apache/commons/cli/TypeHandler.java","3","220","The method 'createFile(String)' has a NCSS line count of 2.","Design","NcssCount"
"39","org.apache.commons.cli","/Users/grantnelson/go/src/github.com/apache/commons-cli/src/main/java/org/apache/commons/cli/TypeHandler.java","3","220","The method 'createFile(String)' has a cyclomatic complexity of 1.","Design","CyclomaticComplexity"
"40","org.apache.commons.cli","/Users/grantnelson/go/src/github.com/apache/commons-cli/src/main/java/org/apache/commons/cli/TypeHandler.java","3","220","The method 'createFile(String)' has an NPath complexity of 1, current threshold is 1","Design","NPathComplexity"
"41","org.apache.commons.cli","/Users/grantnelson/go/src/github.com/apache/commons-cli/src/main/java/org/apache/commons/cli/TypeHandler.java","3","220","Avoid long parameter lists (1 parameters - threshold is 1).","Design","ExcessiveParameterList"
"42","org.apache.commons.cli","/Users/grantnelson/go/src/github.com/apache/commons-cli/src/main/java/org/apache/commons/cli/TypeHandler.java","3","235","The method 'createFiles(String)' has a NCSS line count of 2.","Design","NcssCount"
"43","org.apache.commons.cli","/Users/grantnelson/go/src/github.com/apache/commons-cli/src/main/java/org/apache/commons/cli/TypeHandler.java","3","235","The method 'createFiles(String)' has a cyclomatic complexity of 2.","Design","CyclomaticComplexity"
"44","org.apache.commons.cli","/Users/grantnelson/go/src/github.com/apache/commons-cli/src/main/java/org/apache/commons/cli/TypeHandler.java","3","235","The method 'createFiles(String)' has an NPath complexity of 1, current threshold is 1","Design","NPathComplexity"
"45","org.apache.commons.cli","/Users/grantnelson/go/src/github.com/apache/commons-cli/src/main/java/org/apache/commons/cli/TypeHandler.java","3","235","Avoid long parameter lists (1 parameters - threshold is 1).","Design","ExcessiveParameterList"
"1","org.apache.commons.cli","/Users/grantnelson/go/src/github.com/apache/commons-cli/src/main/java/org/apache/commons/cli/UnrecognizedOptionException.java","3","26","The class 'UnrecognizedOptionException' has a NCSS line count of 10 (Highest = 3).","Design","NcssCount"
"2","org.apache.commons.cli","/Users/grantnelson/go/src/github.com/apache/commons-cli/src/main/java/org/apache/commons/cli/UnrecognizedOptionException.java","3","26","The class 'UnrecognizedOptionException' has a total cyclomatic complexity of 3 (highest 1).","Design","CyclomaticComplexity"
"3","org.apache.commons.cli","/Users/grantnelson/go/src/github.com/apache/commons-cli/src/main/java/org/apache/commons/cli/UnrecognizedOptionException.java","3","26","This class has 3 public methods and attributes; current threshold is 1.","Design","ExcessivePublicCount"
"4","org.apache.commons.cli","/Users/grantnelson/go/src/github.com/apache/commons-cli/src/main/java/org/apache/commons/cli/UnrecognizedOptionException.java","3","42","The constructor 'UnrecognizedOptionException(String)' has a NCSS line count of 2.","Design","NcssCount"
"5","org.apache.commons.cli","/Users/grantnelson/go/src/github.com/apache/commons-cli/src/main/java/org/apache/commons/cli/UnrecognizedOptionException.java","3","42","The constructor 'UnrecognizedOptionException(String)' has a cyclomatic complexity of 1.","Design","CyclomaticComplexity"
"6","org.apache.commons.cli","/Users/grantnelson/go/src/github.com/apache/commons-cli/src/main/java/org/apache/commons/cli/UnrecognizedOptionException.java","3","42","The constructor 'UnrecognizedOptionException(String)' has an NPath complexity of 1, current threshold is 1","Design","NPathComplexity"
"7","org.apache.commons.cli","/Users/grantnelson/go/src/github.com/apache/commons-cli/src/main/java/org/apache/commons/cli/UnrecognizedOptionException.java","3","42","Avoid long parameter lists (1 parameters - threshold is 1).","Design","ExcessiveParameterList"
"8","org.apache.commons.cli","/Users/grantnelson/go/src/github.com/apache/commons-cli/src/main/java/org/apache/commons/cli/UnrecognizedOptionException.java","3","55","The constructor 'UnrecognizedOptionException(String, String)' has a NCSS line count of 3.","Design","NcssCount"
"9","org.apache.commons.cli","/Users/grantnelson/go/src/github.com/apache/commons-cli/src/main/java/org/apache/commons/cli/UnrecognizedOptionException.java","3","55","The constructor 'UnrecognizedOptionException(String, String)' has a cyclomatic complexity of 1.","Design","CyclomaticComplexity"
"10","org.apache.commons.cli","/Users/grantnelson/go/src/github.com/apache/commons-cli/src/main/java/org/apache/commons/cli/UnrecognizedOptionException.java","3","55","The constructor 'UnrecognizedOptionException(String, String)' has an NPath complexity of 1, current threshold is 1","Design","NPathComplexity"
"11","org.apache.commons.cli","/Users/grantnelson/go/src/github.com/apache/commons-cli/src/main/java/org/apache/commons/cli/UnrecognizedOptionException.java","3","55","Avoid long parameter lists (2 parameters - threshold is 1).","Design","ExcessiveParameterList"
"12","org.apache.commons.cli","/Users/grantnelson/go/src/github.com/apache/commons-cli/src/main/java/org/apache/commons/cli/UnrecognizedOptionException.java","3","67","The method 'getOption()' has a NCSS line count of 2.","Design","NcssCount"
"13","org.apache.commons.cli","/Users/grantnelson/go/src/github.com/apache/commons-cli/src/main/java/org/apache/commons/cli/UnrecognizedOptionException.java","3","67","The method 'getOption()' has a cyclomatic complexity of 1.","Design","CyclomaticComplexity"
"14","org.apache.commons.cli","/Users/grantnelson/go/src/github.com/apache/commons-cli/src/main/java/org/apache/commons/cli/UnrecognizedOptionException.java","3","67","The method 'getOption()' has an NPath complexity of 1, current threshold is 1","Design","NPathComplexity"
"1","org.apache.commons.cli","/Users/grantnelson/go/src/github.com/apache/commons-cli/src/main/java/org/apache/commons/cli/Util.java","3","25","The class 'Util' has a NCSS line count of 15 (Highest = 9).","Design","NcssCount"
"2","org.apache.commons.cli","/Users/grantnelson/go/src/github.com/apache/commons-cli/src/main/java/org/apache/commons/cli/Util.java","3","25","The class 'Util' has a total cyclomatic complexity of 9 (highest 5).","Design","CyclomaticComplexity"
"3","org.apache.commons.cli","/Users/grantnelson/go/src/github.com/apache/commons-cli/src/main/java/org/apache/commons/cli/Util.java","3","35","The method 'stripLeadingHyphens(String)' has a NCSS line count of 9.","Design","NcssCount"
"4","org.apache.commons.cli","/Users/grantnelson/go/src/github.com/apache/commons-cli/src/main/java/org/apache/commons/cli/Util.java","3","35","The method 'stripLeadingHyphens(String)' has a cognitive complexity of 3, current threshold is 1","Design","CognitiveComplexity"
"5","org.apache.commons.cli","/Users/grantnelson/go/src/github.com/apache/commons-cli/src/main/java/org/apache/commons/cli/Util.java","3","35","The method 'stripLeadingHyphens(String)' has a cyclomatic complexity of 4.","Design","CyclomaticComplexity"
"6","org.apache.commons.cli","/Users/grantnelson/go/src/github.com/apache/commons-cli/src/main/java/org/apache/commons/cli/Util.java","3","35","The method 'stripLeadingHyphens(String)' has an NPath complexity of 4, current threshold is 1","Design","NPathComplexity"
"7","org.apache.commons.cli","/Users/grantnelson/go/src/github.com/apache/commons-cli/src/main/java/org/apache/commons/cli/Util.java","3","35","Avoid long parameter lists (1 parameters - threshold is 1).","Design","ExcessiveParameterList"
"8","org.apache.commons.cli","/Users/grantnelson/go/src/github.com/apache/commons-cli/src/main/java/org/apache/commons/cli/Util.java","3","62","The method 'stripLeadingAndTrailingQuotes(String)' has a NCSS line count of 5.","Design","NcssCount"
"9","org.apache.commons.cli","/Users/grantnelson/go/src/github.com/apache/commons-cli/src/main/java/org/apache/commons/cli/Util.java","3","62","The method 'stripLeadingAndTrailingQuotes(String)' has a cognitive complexity of 2, current threshold is 1","Design","CognitiveComplexity"
"10","org.apache.commons.cli","/Users/grantnelson/go/src/github.com/apache/commons-cli/src/main/java/org/apache/commons/cli/Util.java","3","62","The method 'stripLeadingAndTrailingQuotes(String)' has a cyclomatic complexity of 5.","Design","CyclomaticComplexity"
"11","org.apache.commons.cli","/Users/grantnelson/go/src/github.com/apache/commons-cli/src/main/java/org/apache/commons/cli/Util.java","3","62","The method 'stripLeadingAndTrailingQuotes(String)' has an NPath complexity of 5, current threshold is 1","Design","NPathComplexity"
"12","org.apache.commons.cli","/Users/grantnelson/go/src/github.com/apache/commons-cli/src/main/java/org/apache/commons/cli/Util.java","3","62","Avoid long parameter lists (1 parameters - threshold is 1).","Design","ExcessiveParameterList"
"1","org.apache.commons.cli","/Users/grantnelson/go/src/github.com/apache/commons-cli/src/test/java/org/apache/commons/cli/ApplicationTest.java","3","42","A value of 7 may denote a high amount of coupling within the class (threshold: 1)","Design","CouplingBetweenObjects"
"2","org.apache.commons.cli","/Users/grantnelson/go/src/github.com/apache/commons-cli/src/test/java/org/apache/commons/cli/ApplicationTest.java","3","42","The class 'ApplicationTest' has a NCSS line count of 93 (Highest = 29).","Design","NcssCount"
"3","org.apache.commons.cli","/Users/grantnelson/go/src/github.com/apache/commons-cli/src/test/java/org/apache/commons/cli/ApplicationTest.java","3","42","The class 'ApplicationTest' has a total cyclomatic complexity of 5 (highest 1).","Design","CyclomaticComplexity"
"4","org.apache.commons.cli","/Users/grantnelson/go/src/github.com/apache/commons-cli/src/test/java/org/apache/commons/cli/ApplicationTest.java","3","42","This class has 5 public methods and attributes; current threshold is 1.","Design","ExcessivePublicCount"
"5","org.apache.commons.cli","/Users/grantnelson/go/src/github.com/apache/commons-cli/src/test/java/org/apache/commons/cli/ApplicationTest.java","3","45","The method 'testLs()' has a NCSS line count of 14.","Design","NcssCount"
"6","org.apache.commons.cli","/Users/grantnelson/go/src/github.com/apache/commons-cli/src/test/java/org/apache/commons/cli/ApplicationTest.java","3","45","The method 'testLs()' has a cyclomatic complexity of 1.","Design","CyclomaticComplexity"
"7","org.apache.commons.cli","/Users/grantnelson/go/src/github.com/apache/commons-cli/src/test/java/org/apache/commons/cli/ApplicationTest.java","3","45","The method 'testLs()' has an NPath complexity of 1, current threshold is 1","Design","NPathComplexity"
"8","org.apache.commons.cli","/Users/grantnelson/go/src/github.com/apache/commons-cli/src/test/java/org/apache/commons/cli/ApplicationTest.java","3","72","The method 'testAnt()' has a NCSS line count of 24.","Design","NcssCount"
"9","org.apache.commons.cli","/Users/grantnelson/go/src/github.com/apache/commons-cli/src/test/java/org/apache/commons/cli/ApplicationTest.java","3","72","The method 'testAnt()' has a cyclomatic complexity of 1.","Design","CyclomaticComplexity"
"10","org.apache.commons.cli","/Users/grantnelson/go/src/github.com/apache/commons-cli/src/test/java/org/apache/commons/cli/ApplicationTest.java","3","72","The method 'testAnt()' has an NPath complexity of 1, current threshold is 1","Design","NPathComplexity"
"11","org.apache.commons.cli","/Users/grantnelson/go/src/github.com/apache/commons-cli/src/test/java/org/apache/commons/cli/ApplicationTest.java","3","114","The method 'testGroovy()' has a NCSS line count of 17.","Design","NcssCount"
"12","org.apache.commons.cli","/Users/grantnelson/go/src/github.com/apache/commons-cli/src/test/java/org/apache/commons/cli/ApplicationTest.java","3","114","The method 'testGroovy()' has a cyclomatic complexity of 1.","Design","CyclomaticComplexity"
"13","org.apache.commons.cli","/Users/grantnelson/go/src/github.com/apache/commons-cli/src/test/java/org/apache/commons/cli/ApplicationTest.java","3","114","The method 'testGroovy()' has an NPath complexity of 1, current threshold is 1","Design","NPathComplexity"
"14","org.apache.commons.cli","/Users/grantnelson/go/src/github.com/apache/commons-cli/src/test/java/org/apache/commons/cli/ApplicationTest.java","3","185","The method 'testMan()' has a NCSS line count of 8.","Design","NcssCount"
"15","org.apache.commons.cli","/Users/grantnelson/go/src/github.com/apache/commons-cli/src/test/java/org/apache/commons/cli/ApplicationTest.java","3","185","The method 'testMan()' has a cyclomatic complexity of 1.","Design","CyclomaticComplexity"
"16","org.apache.commons.cli","/Users/grantnelson/go/src/github.com/apache/commons-cli/src/test/java/org/apache/commons/cli/ApplicationTest.java","3","185","The method 'testMan()' has an NPath complexity of 1, current threshold is 1","Design","NPathComplexity"
"17","org.apache.commons.cli","/Users/grantnelson/go/src/github.com/apache/commons-cli/src/test/java/org/apache/commons/cli/ApplicationTest.java","3","277","The method 'testNLT()' has a NCSS line count of 29.","Design","NcssCount"
"18","org.apache.commons.cli","/Users/grantnelson/go/src/github.com/apache/commons-cli/src/test/java/org/apache/commons/cli/ApplicationTest.java","3","277","The method 'testNLT()' has a cyclomatic complexity of 1.","Design","CyclomaticComplexity"
"19","org.apache.commons.cli","/Users/grantnelson/go/src/github.com/apache/commons-cli/src/test/java/org/apache/commons/cli/ApplicationTest.java","3","277","The method 'testNLT()' has an NPath complexity of 1, current threshold is 1","Design","NPathComplexity"
"1","org.apache.commons.cli","/Users/grantnelson/go/src/github.com/apache/commons-cli/src/test/java/org/apache/commons/cli/ArgumentIsOptionTest.java","3","27","A value of 3 may denote a high amount of coupling within the class (threshold: 1)","Design","CouplingBetweenObjects"
"2","org.apache.commons.cli","/Users/grantnelson/go/src/github.com/apache/commons-cli/src/test/java/org/apache/commons/cli/ArgumentIsOptionTest.java","3","27","The class 'ArgumentIsOptionTest' has a NCSS line count of 26 (Highest = 7).","Design","NcssCount"
"3","org.apache.commons.cli","/Users/grantnelson/go/src/github.com/apache/commons-cli/src/test/java/org/apache/commons/cli/ArgumentIsOptionTest.java","3","27","The class 'ArgumentIsOptionTest' has a total cyclomatic complexity of 4 (highest 1).","Design","CyclomaticComplexity"
"4","org.apache.commons.cli","/Users/grantnelson/go/src/github.com/apache/commons-cli/src/test/java/org/apache/commons/cli/ArgumentIsOptionTest.java","3","27","This class has 4 public methods and attributes; current threshold is 1.","Design","ExcessivePublicCount"
"5","org.apache.commons.cli","/Users/grantnelson/go/src/github.com/apache/commons-cli/src/test/java/org/apache/commons/cli/ArgumentIsOptionTest.java","3","33","The method 'setUp()' has a NCSS line count of 3.","Design","NcssCount"
"6","org.apache.commons.cli","/Users/grantnelson/go/src/github.com/apache/commons-cli/src/test/java/org/apache/commons/cli/ArgumentIsOptionTest.java","3","33","The method 'setUp()' has a cyclomatic complexity of 1.","Design","CyclomaticComplexity"
"7","org.apache.commons.cli","/Users/grantnelson/go/src/github.com/apache/commons-cli/src/test/java/org/apache/commons/cli/ArgumentIsOptionTest.java","3","33","The method 'setUp()' has an NPath complexity of 1, current threshold is 1","Design","NPathComplexity"
"8","org.apache.commons.cli","/Users/grantnelson/go/src/github.com/apache/commons-cli/src/test/java/org/apache/commons/cli/ArgumentIsOptionTest.java","3","41","The method 'testOptionAndOptionWithArgument()' has a NCSS line count of 7.","Design","NcssCount"
"9","org.apache.commons.cli","/Users/grantnelson/go/src/github.com/apache/commons-cli/src/test/java/org/apache/commons/cli/ArgumentIsOptionTest.java","3","41","The method 'testOptionAndOptionWithArgument()' has a cyclomatic complexity of 1.","Design","CyclomaticComplexity"
"10","org.apache.commons.cli","/Users/grantnelson/go/src/github.com/apache/commons-cli/src/test/java/org/apache/commons/cli/ArgumentIsOptionTest.java","3","41","The method 'testOptionAndOptionWithArgument()' has an NPath complexity of 1, current threshold is 1","Design","NPathComplexity"
"11","org.apache.commons.cli","/Users/grantnelson/go/src/github.com/apache/commons-cli/src/test/java/org/apache/commons/cli/ArgumentIsOptionTest.java","3","57","The method 'testOptionWithArgument()' has a NCSS line count of 7.","Design","NcssCount"
"12","org.apache.commons.cli","/Users/grantnelson/go/src/github.com/apache/commons-cli/src/test/java/org/apache/commons/cli/ArgumentIsOptionTest.java","3","57","The method 'testOptionWithArgument()' has a cyclomatic complexity of 1.","Design","CyclomaticComplexity"
"13","org.apache.commons.cli","/Users/grantnelson/go/src/github.com/apache/commons-cli/src/test/java/org/apache/commons/cli/ArgumentIsOptionTest.java","3","57","The method 'testOptionWithArgument()' has an NPath complexity of 1, current threshold is 1","Design","NPathComplexity"
"14","org.apache.commons.cli","/Users/grantnelson/go/src/github.com/apache/commons-cli/src/test/java/org/apache/commons/cli/ArgumentIsOptionTest.java","3","73","The method 'testOption()' has a NCSS line count of 6.","Design","NcssCount"
"15","org.apache.commons.cli","/Users/grantnelson/go/src/github.com/apache/commons-cli/src/test/java/org/apache/commons/cli/ArgumentIsOptionTest.java","3","73","The method 'testOption()' has a cyclomatic complexity of 1.","Design","CyclomaticComplexity"
"16","org.apache.commons.cli","/Users/grantnelson/go/src/github.com/apache/commons-cli/src/test/java/org/apache/commons/cli/ArgumentIsOptionTest.java","3","73","The method 'testOption()' has an NPath complexity of 1, current threshold is 1","Design","NPathComplexity"
"1","org.apache.commons.cli","/Users/grantnelson/go/src/github.com/apache/commons-cli/src/test/java/org/apache/commons/cli/BasicParserTest.java","3","25","The class 'BasicParserTest' has a NCSS line count of 28 (Highest = 3).","Design","NcssCount"
"2","org.apache.commons.cli","/Users/grantnelson/go/src/github.com/apache/commons-cli/src/test/java/org/apache/commons/cli/BasicParserTest.java","3","25","The class 'BasicParserTest' has a total cyclomatic complexity of 25 (highest 1).","Design","CyclomaticComplexity"
"3","org.apache.commons.cli","/Users/grantnelson/go/src/github.com/apache/commons-cli/src/test/java/org/apache/commons/cli/BasicParserTest.java","3","25","This class has 25 public methods and attributes; current threshold is 1.","Design","ExcessivePublicCount"
"4","org.apache.commons.cli","/Users/grantnelson/go/src/github.com/apache/commons-cli/src/test/java/org/apache/commons/cli/BasicParserTest.java","3","28","The method 'setUp()' has a NCSS line count of 3.","Design","NcssCount"
"5","org.apache.commons.cli","/Users/grantnelson/go/src/github.com/apache/commons-cli/src/test/java/org/apache/commons/cli/BasicParserTest.java","3","28","The method 'setUp()' has a cyclomatic complexity of 1.","Design","CyclomaticComplexity"
"6","org.apache.commons.cli","/Users/grantnelson/go/src/github.com/apache/commons-cli/src/test/java/org/apache/commons/cli/BasicParserTest.java","3","28","The method 'setUp()' has an NPath complexity of 1, current threshold is 1","Design","NPathComplexity"
"7","org.apache.commons.cli","/Users/grantnelson/go/src/github.com/apache/commons-cli/src/test/java/org/apache/commons/cli/BasicParserTest.java","3","35","The method 'testDoubleDash2()' has a NCSS line count of 1.","Design","NcssCount"
"8","org.apache.commons.cli","/Users/grantnelson/go/src/github.com/apache/commons-cli/src/test/java/org/apache/commons/cli/BasicParserTest.java","3","35","The method 'testDoubleDash2()' has a cyclomatic complexity of 1.","Design","CyclomaticComplexity"
"9","org.apache.commons.cli","/Users/grantnelson/go/src/github.com/apache/commons-cli/src/test/java/org/apache/commons/cli/BasicParserTest.java","3","35","The method 'testDoubleDash2()' has an NPath complexity of 1, current threshold is 1","Design","NPathComplexity"
"10","org.apache.commons.cli","/Users/grantnelson/go/src/github.com/apache/commons-cli/src/test/java/org/apache/commons/cli/BasicParserTest.java","3","40","The method 'testLongWithoutEqualSingleDash()' has a NCSS line count of 1.","Design","NcssCount"
"11","org.apache.commons.cli","/Users/grantnelson/go/src/github.com/apache/commons-cli/src/test/java/org/apache/commons/cli/BasicParserTest.java","3","40","The method 'testLongWithoutEqualSingleDash()' has a cyclomatic complexity of 1.","Design","CyclomaticComplexity"
"12","org.apache.commons.cli","/Users/grantnelson/go/src/github.com/apache/commons-cli/src/test/java/org/apache/commons/cli/BasicParserTest.java","3","40","The method 'testLongWithoutEqualSingleDash()' has an NPath complexity of 1, current threshold is 1","Design","NPathComplexity"
"13","org.apache.commons.cli","/Users/grantnelson/go/src/github.com/apache/commons-cli/src/test/java/org/apache/commons/cli/BasicParserTest.java","3","45","The method 'testAmbiguousLongWithoutEqualSingleDash()' has a NCSS line count of 1.","Design","NcssCount"
"14","org.apache.commons.cli","/Users/grantnelson/go/src/github.com/apache/commons-cli/src/test/java/org/apache/commons/cli/BasicParserTest.java","3","45","The method 'testAmbiguousLongWithoutEqualSingleDash()' has a cyclomatic complexity of 1.","Design","CyclomaticComplexity"
"15","org.apache.commons.cli","/Users/grantnelson/go/src/github.com/apache/commons-cli/src/test/java/org/apache/commons/cli/BasicParserTest.java","3","45","The method 'testAmbiguousLongWithoutEqualSingleDash()' has an NPath complexity of 1, current threshold is 1","Design","NPathComplexity"
"16","org.apache.commons.cli","/Users/grantnelson/go/src/github.com/apache/commons-cli/src/test/java/org/apache/commons/cli/BasicParserTest.java","3","50","The method 'testNegativeOption()' has a NCSS line count of 1.","Design","NcssCount"
"17","org.apache.commons.cli","/Users/grantnelson/go/src/github.com/apache/commons-cli/src/test/java/org/apache/commons/cli/BasicParserTest.java","3","50","The method 'testNegativeOption()' has a cyclomatic complexity of 1.","Design","CyclomaticComplexity"
"18","org.apache.commons.cli","/Users/grantnelson/go/src/github.com/apache/commons-cli/src/test/java/org/apache/commons/cli/BasicParserTest.java","3","50","The method 'testNegativeOption()' has an NPath complexity of 1, current threshold is 1","Design","NPathComplexity"
"19","org.apache.commons.cli","/Users/grantnelson/go/src/github.com/apache/commons-cli/src/test/java/org/apache/commons/cli/BasicParserTest.java","3","55","The method 'testPropertiesOption1()' has a NCSS line count of 1.","Design","NcssCount"
"20","org.apache.commons.cli","/Users/grantnelson/go/src/github.com/apache/commons-cli/src/test/java/org/apache/commons/cli/BasicParserTest.java","3","55","The method 'testPropertiesOption1()' has a cyclomatic complexity of 1.","Design","CyclomaticComplexity"
"21","org.apache.commons.cli","/Users/grantnelson/go/src/github.com/apache/commons-cli/src/test/java/org/apache/commons/cli/BasicParserTest.java","3","55","The method 'testPropertiesOption1()' has an NPath complexity of 1, current threshold is 1","Design","NPathComplexity"
"22","org.apache.commons.cli","/Users/grantnelson/go/src/github.com/apache/commons-cli/src/test/java/org/apache/commons/cli/BasicParserTest.java","3","60","The method 'testPropertiesOption2()' has a NCSS line count of 1.","Design","NcssCount"
"23","org.apache.commons.cli","/Users/grantnelson/go/src/github.com/apache/commons-cli/src/test/java/org/apache/commons/cli/BasicParserTest.java","3","60","The method 'testPropertiesOption2()' has a cyclomatic complexity of 1.","Design","CyclomaticComplexity"
"24","org.apache.commons.cli","/Users/grantnelson/go/src/github.com/apache/commons-cli/src/test/java/org/apache/commons/cli/BasicParserTest.java","3","60","The method 'testPropertiesOption2()' has an NPath complexity of 1, current threshold is 1","Design","NPathComplexity"
"25","org.apache.commons.cli","/Users/grantnelson/go/src/github.com/apache/commons-cli/src/test/java/org/apache/commons/cli/BasicParserTest.java","3","65","The method 'testShortWithEqual()' has a NCSS line count of 1.","Design","NcssCount"
"26","org.apache.commons.cli","/Users/grantnelson/go/src/github.com/apache/commons-cli/src/test/java/org/apache/commons/cli/BasicParserTest.java","3","65","The method 'testShortWithEqual()' has a cyclomatic complexity of 1.","Design","CyclomaticComplexity"
"27","org.apache.commons.cli","/Users/grantnelson/go/src/github.com/apache/commons-cli/src/test/java/org/apache/commons/cli/BasicParserTest.java","3","65","The method 'testShortWithEqual()' has an NPath complexity of 1, current threshold is 1","Design","NPathComplexity"
"28","org.apache.commons.cli","/Users/grantnelson/go/src/github.com/apache/commons-cli/src/test/java/org/apache/commons/cli/BasicParserTest.java","3","70","The method 'testShortWithoutEqual()' has a NCSS line count of 1.","Design","NcssCount"
"29","org.apache.commons.cli","/Users/grantnelson/go/src/github.com/apache/commons-cli/src/test/java/org/apache/commons/cli/BasicParserTest.java","3","70","The method 'testShortWithoutEqual()' has a cyclomatic complexity of 1.","Design","CyclomaticComplexity"
"30","org.apache.commons.cli","/Users/grantnelson/go/src/github.com/apache/commons-cli/src/test/java/org/apache/commons/cli/BasicParserTest.java","3","70","The method 'testShortWithoutEqual()' has an NPath complexity of 1, current threshold is 1","Design","NPathComplexity"
"31","org.apache.commons.cli","/Users/grantnelson/go/src/github.com/apache/commons-cli/src/test/java/org/apache/commons/cli/BasicParserTest.java","3","75","The method 'testLongWithEqualDoubleDash()' has a NCSS line count of 1.","Design","NcssCount"
"32","org.apache.commons.cli","/Users/grantnelson/go/src/github.com/apache/commons-cli/src/test/java/org/apache/commons/cli/BasicParserTest.java","3","75","The method 'testLongWithEqualDoubleDash()' has a cyclomatic complexity of 1.","Design","CyclomaticComplexity"
"33","org.apache.commons.cli","/Users/grantnelson/go/src/github.com/apache/commons-cli/src/test/java/org/apache/commons/cli/BasicParserTest.java","3","75","The method 'testLongWithEqualDoubleDash()' has an NPath complexity of 1, current threshold is 1","Design","NPathComplexity"
"34","org.apache.commons.cli","/Users/grantnelson/go/src/github.com/apache/commons-cli/src/test/java/org/apache/commons/cli/BasicParserTest.java","3","80","The method 'testLongWithEqualSingleDash()' has a NCSS line count of 1.","Design","NcssCount"
"35","org.apache.commons.cli","/Users/grantnelson/go/src/github.com/apache/commons-cli/src/test/java/org/apache/commons/cli/BasicParserTest.java","3","80","The method 'testLongWithEqualSingleDash()' has a cyclomatic complexity of 1.","Design","CyclomaticComplexity"
"36","org.apache.commons.cli","/Users/grantnelson/go/src/github.com/apache/commons-cli/src/test/java/org/apache/commons/cli/BasicParserTest.java","3","80","The method 'testLongWithEqualSingleDash()' has an NPath complexity of 1, current threshold is 1","Design","NPathComplexity"
"37","org.apache.commons.cli","/Users/grantnelson/go/src/github.com/apache/commons-cli/src/test/java/org/apache/commons/cli/BasicParserTest.java","3","85","The method 'testUnambiguousPartialLongOption1()' has a NCSS line count of 1.","Design","NcssCount"
"38","org.apache.commons.cli","/Users/grantnelson/go/src/github.com/apache/commons-cli/src/test/java/org/apache/commons/cli/BasicParserTest.java","3","85","The method 'testUnambiguousPartialLongOption1()' has a cyclomatic complexity of 1.","Design","CyclomaticComplexity"
"39","org.apache.commons.cli","/Users/grantnelson/go/src/github.com/apache/commons-cli/src/test/java/org/apache/commons/cli/BasicParserTest.java","3","85","The method 'testUnambiguousPartialLongOption1()' has an NPath complexity of 1, current threshold is 1","Design","NPathComplexity"
"40","org.apache.commons.cli","/Users/grantnelson/go/src/github.com/apache/commons-cli/src/test/java/org/apache/commons/cli/BasicParserTest.java","3","90","The method 'testUnambiguousPartialLongOption2()' has a NCSS line count of 1.","Design","NcssCount"
"41","org.apache.commons.cli","/Users/grantnelson/go/src/github.com/apache/commons-cli/src/test/java/org/apache/commons/cli/BasicParserTest.java","3","90","The method 'testUnambiguousPartialLongOption2()' has a cyclomatic complexity of 1.","Design","CyclomaticComplexity"
"42","org.apache.commons.cli","/Users/grantnelson/go/src/github.com/apache/commons-cli/src/test/java/org/apache/commons/cli/BasicParserTest.java","3","90","The method 'testUnambiguousPartialLongOption2()' has an NPath complexity of 1, current threshold is 1","Design","NPathComplexity"
"43","org.apache.commons.cli","/Users/grantnelson/go/src/github.com/apache/commons-cli/src/test/java/org/apache/commons/cli/BasicParserTest.java","3","95","The method 'testUnambiguousPartialLongOption3()' has a NCSS line count of 1.","Design","NcssCount"
"44","org.apache.commons.cli","/Users/grantnelson/go/src/github.com/apache/commons-cli/src/test/java/org/apache/commons/cli/BasicParserTest.java","3","95","The method 'testUnambiguousPartialLongOption3()' has a cyclomatic complexity of 1.","Design","CyclomaticComplexity"
"45","org.apache.commons.cli","/Users/grantnelson/go/src/github.com/apache/commons-cli/src/test/java/org/apache/commons/cli/BasicParserTest.java","3","95","The method 'testUnambiguousPartialLongOption3()' has an NPath complexity of 1, current threshold is 1","Design","NPathComplexity"
"46","org.apache.commons.cli","/Users/grantnelson/go/src/github.com/apache/commons-cli/src/test/java/org/apache/commons/cli/BasicParserTest.java","3","100","The method 'testUnambiguousPartialLongOption4()' has a NCSS line count of 1.","Design","NcssCount"
"47","org.apache.commons.cli","/Users/grantnelson/go/src/github.com/apache/commons-cli/src/test/java/org/apache/commons/cli/BasicParserTest.java","3","100","The method 'testUnambiguousPartialLongOption4()' has a cyclomatic complexity of 1.","Design","CyclomaticComplexity"
"48","org.apache.commons.cli","/Users/grantnelson/go/src/github.com/apache/commons-cli/src/test/java/org/apache/commons/cli/BasicParserTest.java","3","100","The method 'testUnambiguousPartialLongOption4()' has an NPath complexity of 1, current threshold is 1","Design","NPathComplexity"
"49","org.apache.commons.cli","/Users/grantnelson/go/src/github.com/apache/commons-cli/src/test/java/org/apache/commons/cli/BasicParserTest.java","3","105","The method 'testAmbiguousPartialLongOption1()' has a NCSS line count of 1.","Design","NcssCount"
"50","org.apache.commons.cli","/Users/grantnelson/go/src/github.com/apache/commons-cli/src/test/java/org/apache/commons/cli/BasicParserTest.java","3","105","The method 'testAmbiguousPartialLongOption1()' has a cyclomatic complexity of 1.","Design","CyclomaticComplexity"
"51","org.apache.commons.cli","/Users/grantnelson/go/src/github.com/apache/commons-cli/src/test/java/org/apache/commons/cli/BasicParserTest.java","3","105","The method 'testAmbiguousPartialLongOption1()' has an NPath complexity of 1, current threshold is 1","Design","NPathComplexity"
"52","org.apache.commons.cli","/Users/grantnelson/go/src/github.com/apache/commons-cli/src/test/java/org/apache/commons/cli/BasicParserTest.java","3","110","The method 'testAmbiguousPartialLongOption2()' has a NCSS line count of 1.","Design","NcssCount"
"53","org.apache.commons.cli","/Users/grantnelson/go/src/github.com/apache/commons-cli/src/test/java/org/apache/commons/cli/BasicParserTest.java","3","110","The method 'testAmbiguousPartialLongOption2()' has a cyclomatic complexity of 1.","Design","CyclomaticComplexity"
"54","org.apache.commons.cli","/Users/grantnelson/go/src/github.com/apache/commons-cli/src/test/java/org/apache/commons/cli/BasicParserTest.java","3","110","The method 'testAmbiguousPartialLongOption2()' has an NPath complexity of 1, current threshold is 1","Design","NPathComplexity"
"55","org.apache.commons.cli","/Users/grantnelson/go/src/github.com/apache/commons-cli/src/test/java/org/apache/commons/cli/BasicParserTest.java","3","115","The method 'testAmbiguousPartialLongOption3()' has a NCSS line count of 1.","Design","NcssCount"
"56","org.apache.commons.cli","/Users/grantnelson/go/src/github.com/apache/commons-cli/src/test/java/org/apache/commons/cli/BasicParserTest.java","3","115","The method 'testAmbiguousPartialLongOption3()' has a cyclomatic complexity of 1.","Design","CyclomaticComplexity"
"57","org.apache.commons.cli","/Users/grantnelson/go/src/github.com/apache/commons-cli/src/test/java/org/apache/commons/cli/BasicParserTest.java","3","115","The method 'testAmbiguousPartialLongOption3()' has an NPath complexity of 1, current threshold is 1","Design","NPathComplexity"
"58","org.apache.commons.cli","/Users/grantnelson/go/src/github.com/apache/commons-cli/src/test/java/org/apache/commons/cli/BasicParserTest.java","3","120","The method 'testAmbiguousPartialLongOption4()' has a NCSS line count of 1.","Design","NcssCount"
"59","org.apache.commons.cli","/Users/grantnelson/go/src/github.com/apache/commons-cli/src/test/java/org/apache/commons/cli/BasicParserTest.java","3","120","The method 'testAmbiguousPartialLongOption4()' has a cyclomatic complexity of 1.","Design","CyclomaticComplexity"
"60","org.apache.commons.cli","/Users/grantnelson/go/src/github.com/apache/commons-cli/src/test/java/org/apache/commons/cli/BasicParserTest.java","3","120","The method 'testAmbiguousPartialLongOption4()' has an NPath complexity of 1, current threshold is 1","Design","NPathComplexity"
"61","org.apache.commons.cli","/Users/grantnelson/go/src/github.com/apache/commons-cli/src/test/java/org/apache/commons/cli/BasicParserTest.java","3","125","The method 'testPartialLongOptionSingleDash()' has a NCSS line count of 1.","Design","NcssCount"
"62","org.apache.commons.cli","/Users/grantnelson/go/src/github.com/apache/commons-cli/src/test/java/org/apache/commons/cli/BasicParserTest.java","3","125","The method 'testPartialLongOptionSingleDash()' has a cyclomatic complexity of 1.","Design","CyclomaticComplexity"
"63","org.apache.commons.cli","/Users/grantnelson/go/src/github.com/apache/commons-cli/src/test/java/org/apache/commons/cli/BasicParserTest.java","3","125","The method 'testPartialLongOptionSingleDash()' has an NPath complexity of 1, current threshold is 1","Design","NPathComplexity"
"64","org.apache.commons.cli","/Users/grantnelson/go/src/github.com/apache/commons-cli/src/test/java/org/apache/commons/cli/BasicParserTest.java","3","130","The method 'testBursting()' has a NCSS line count of 1.","Design","NcssCount"
"65","org.apache.commons.cli","/Users/grantnelson/go/src/github.com/apache/commons-cli/src/test/java/org/apache/commons/cli/BasicParserTest.java","3","130","The method 'testBursting()' has a cyclomatic complexity of 1.","Design","CyclomaticComplexity"
"66","org.apache.commons.cli","/Users/grantnelson/go/src/github.com/apache/commons-cli/src/test/java/org/apache/commons/cli/BasicParserTest.java","3","130","The method 'testBursting()' has an NPath complexity of 1, current threshold is 1","Design","NPathComplexity"
"67","org.apache.commons.cli","/Users/grantnelson/go/src/github.com/apache/commons-cli/src/test/java/org/apache/commons/cli/BasicParserTest.java","3","135","The method 'testUnrecognizedOptionWithBursting()' has a NCSS line count of 1.","Design","NcssCount"
"68","org.apache.commons.cli","/Users/grantnelson/go/src/github.com/apache/commons-cli/src/test/java/org/apache/commons/cli/BasicParserTest.java","3","135","The method 'testUnrecognizedOptionWithBursting()' has a cyclomatic complexity of 1.","Design","CyclomaticComplexity"
"69","org.apache.commons.cli","/Users/grantnelson/go/src/github.com/apache/commons-cli/src/test/java/org/apache/commons/cli/BasicParserTest.java","3","135","The method 'testUnrecognizedOptionWithBursting()' has an NPath complexity of 1, current threshold is 1","Design","NPathComplexity"
"70","org.apache.commons.cli","/Users/grantnelson/go/src/github.com/apache/commons-cli/src/test/java/org/apache/commons/cli/BasicParserTest.java","3","140","The method 'testMissingArgWithBursting()' has a NCSS line count of 1.","Design","NcssCount"
"71","org.apache.commons.cli","/Users/grantnelson/go/src/github.com/apache/commons-cli/src/test/java/org/apache/commons/cli/BasicParserTest.java","3","140","The method 'testMissingArgWithBursting()' has a cyclomatic complexity of 1.","Design","CyclomaticComplexity"
"72","org.apache.commons.cli","/Users/grantnelson/go/src/github.com/apache/commons-cli/src/test/java/org/apache/commons/cli/BasicParserTest.java","3","140","The method 'testMissingArgWithBursting()' has an NPath complexity of 1, current threshold is 1","Design","NPathComplexity"
"73","org.apache.commons.cli","/Users/grantnelson/go/src/github.com/apache/commons-cli/src/test/java/org/apache/commons/cli/BasicParserTest.java","3","145","The method 'testStopBursting()' has a NCSS line count of 1.","Design","NcssCount"
"74","org.apache.commons.cli","/Users/grantnelson/go/src/github.com/apache/commons-cli/src/test/java/org/apache/commons/cli/BasicParserTest.java","3","145","The method 'testStopBursting()' has a cyclomatic complexity of 1.","Design","CyclomaticComplexity"
"75","org.apache.commons.cli","/Users/grantnelson/go/src/github.com/apache/commons-cli/src/test/java/org/apache/commons/cli/BasicParserTest.java","3","145","The method 'testStopBursting()' has an NPath complexity of 1, current threshold is 1","Design","NPathComplexity"
"76","org.apache.commons.cli","/Users/grantnelson/go/src/github.com/apache/commons-cli/src/test/java/org/apache/commons/cli/BasicParserTest.java","3","150","The method 'testStopBursting2()' has a NCSS line count of 1.","Design","NcssCount"
"77","org.apache.commons.cli","/Users/grantnelson/go/src/github.com/apache/commons-cli/src/test/java/org/apache/commons/cli/BasicParserTest.java","3","150","The method 'testStopBursting2()' has a cyclomatic complexity of 1.","Design","CyclomaticComplexity"
"78","org.apache.commons.cli","/Users/grantnelson/go/src/github.com/apache/commons-cli/src/test/java/org/apache/commons/cli/BasicParserTest.java","3","150","The method 'testStopBursting2()' has an NPath complexity of 1, current threshold is 1","Design","NPathComplexity"
"1","org.apache.commons.cli","/Users/grantnelson/go/src/github.com/apache/commons-cli/src/test/java/org/apache/commons/cli/CommandLineTest.java","3","29","A value of 7 may denote a high amount of coupling within the class (threshold: 1)","Design","CouplingBetweenObjects"
"2","org.apache.commons.cli","/Users/grantnelson/go/src/github.com/apache/commons-cli/src/test/java/org/apache/commons/cli/CommandLineTest.java","3","29","The class 'CommandLineTest' has a NCSS line count of 85 (Highest = 17).","Design","NcssCount"
"3","org.apache.commons.cli","/Users/grantnelson/go/src/github.com/apache/commons-cli/src/test/java/org/apache/commons/cli/CommandLineTest.java","3","29","The class 'CommandLineTest' has a total cyclomatic complexity of 8 (highest 1).","Design","CyclomaticComplexity"
"4","org.apache.commons.cli","/Users/grantnelson/go/src/github.com/apache/commons-cli/src/test/java/org/apache/commons/cli/CommandLineTest.java","3","29","This class has 8 public methods and attributes; current threshold is 1.","Design","ExcessivePublicCount"
"5","org.apache.commons.cli","/Users/grantnelson/go/src/github.com/apache/commons-cli/src/test/java/org/apache/commons/cli/CommandLineTest.java","3","32","The method 'testGetOptionProperties()' has a NCSS line count of 15.","Design","NcssCount"
"6","org.apache.commons.cli","/Users/grantnelson/go/src/github.com/apache/commons-cli/src/test/java/org/apache/commons/cli/CommandLineTest.java","3","32","The method 'testGetOptionProperties()' has a cyclomatic complexity of 1.","Design","CyclomaticComplexity"
"7","org.apache.commons.cli","/Users/grantnelson/go/src/github.com/apache/commons-cli/src/test/java/org/apache/commons/cli/CommandLineTest.java","3","32","The method 'testGetOptionProperties()' has an NPath complexity of 1, current threshold is 1","Design","NPathComplexity"
"8","org.apache.commons.cli","/Users/grantnelson/go/src/github.com/apache/commons-cli/src/test/java/org/apache/commons/cli/CommandLineTest.java","3","55","The method 'testGetOptionPropertiesWithOption()' has a NCSS line count of 17.","Design","NcssCount"
"9","org.apache.commons.cli","/Users/grantnelson/go/src/github.com/apache/commons-cli/src/test/java/org/apache/commons/cli/CommandLineTest.java","3","55","The method 'testGetOptionPropertiesWithOption()' has a cyclomatic complexity of 1.","Design","CyclomaticComplexity"
"10","org.apache.commons.cli","/Users/grantnelson/go/src/github.com/apache/commons-cli/src/test/java/org/apache/commons/cli/CommandLineTest.java","3","55","The method 'testGetOptionPropertiesWithOption()' has an NPath complexity of 1, current threshold is 1","Design","NPathComplexity"
"11","org.apache.commons.cli","/Users/grantnelson/go/src/github.com/apache/commons-cli/src/test/java/org/apache/commons/cli/CommandLineTest.java","3","80","The method 'testGetOptions()' has a NCSS line count of 8.","Design","NcssCount"
"12","org.apache.commons.cli","/Users/grantnelson/go/src/github.com/apache/commons-cli/src/test/java/org/apache/commons/cli/CommandLineTest.java","3","80","The method 'testGetOptions()' has a cyclomatic complexity of 1.","Design","CyclomaticComplexity"
"13","org.apache.commons.cli","/Users/grantnelson/go/src/github.com/apache/commons-cli/src/test/java/org/apache/commons/cli/CommandLineTest.java","3","80","The method 'testGetOptions()' has an NPath complexity of 1, current threshold is 1","Design","NPathComplexity"
"14","org.apache.commons.cli","/Users/grantnelson/go/src/github.com/apache/commons-cli/src/test/java/org/apache/commons/cli/CommandLineTest.java","3","94","The method 'testGetParsedOptionValue()' has a NCSS line count of 8.","Design","NcssCount"
"15","org.apache.commons.cli","/Users/grantnelson/go/src/github.com/apache/commons-cli/src/test/java/org/apache/commons/cli/CommandLineTest.java","3","94","The method 'testGetParsedOptionValue()' has a cyclomatic complexity of 1.","Design","CyclomaticComplexity"
"16","org.apache.commons.cli","/Users/grantnelson/go/src/github.com/apache/commons-cli/src/test/java/org/apache/commons/cli/CommandLineTest.java","3","94","The method 'testGetParsedOptionValue()' has an NPath complexity of 1, current threshold is 1","Design","NPathComplexity"
"17","org.apache.commons.cli","/Users/grantnelson/go/src/github.com/apache/commons-cli/src/test/java/org/apache/commons/cli/CommandLineTest.java","3","107","The method 'testGetParsedOptionValueWithChar()' has a NCSS line count of 8.","Design","NcssCount"
"18","org.apache.commons.cli","/Users/grantnelson/go/src/github.com/apache/commons-cli/src/test/java/org/apache/commons/cli/CommandLineTest.java","3","107","The method 'testGetParsedOptionValueWithChar()' has a cyclomatic complexity of 1.","Design","CyclomaticComplexity"
"19","org.apache.commons.cli","/Users/grantnelson/go/src/github.com/apache/commons-cli/src/test/java/org/apache/commons/cli/CommandLineTest.java","3","107","The method 'testGetParsedOptionValueWithChar()' has an NPath complexity of 1, current threshold is 1","Design","NPathComplexity"
"20","org.apache.commons.cli","/Users/grantnelson/go/src/github.com/apache/commons-cli/src/test/java/org/apache/commons/cli/CommandLineTest.java","3","120","The method 'testGetParsedOptionValueWithOption()' has a NCSS line count of 10.","Design","NcssCount"
"21","org.apache.commons.cli","/Users/grantnelson/go/src/github.com/apache/commons-cli/src/test/java/org/apache/commons/cli/CommandLineTest.java","3","120","The method 'testGetParsedOptionValueWithOption()' has a cyclomatic complexity of 1.","Design","CyclomaticComplexity"
"22","org.apache.commons.cli","/Users/grantnelson/go/src/github.com/apache/commons-cli/src/test/java/org/apache/commons/cli/CommandLineTest.java","3","120","The method 'testGetParsedOptionValueWithOption()' has an NPath complexity of 1, current threshold is 1","Design","NPathComplexity"
"23","org.apache.commons.cli","/Users/grantnelson/go/src/github.com/apache/commons-cli/src/test/java/org/apache/commons/cli/CommandLineTest.java","3","135","The method 'testNullhOption()' has a NCSS line count of 10.","Design","NcssCount"
"24","org.apache.commons.cli","/Users/grantnelson/go/src/github.com/apache/commons-cli/src/test/java/org/apache/commons/cli/CommandLineTest.java","3","135","The method 'testNullhOption()' has a cyclomatic complexity of 1.","Design","CyclomaticComplexity"
"25","org.apache.commons.cli","/Users/grantnelson/go/src/github.com/apache/commons-cli/src/test/java/org/apache/commons/cli/CommandLineTest.java","3","135","The method 'testNullhOption()' has an NPath complexity of 1, current threshold is 1","Design","NPathComplexity"
"26","org.apache.commons.cli","/Users/grantnelson/go/src/github.com/apache/commons-cli/src/test/java/org/apache/commons/cli/CommandLineTest.java","3","148","The method 'testBuilder()' has a NCSS line count of 8.","Design","NcssCount"
"27","org.apache.commons.cli","/Users/grantnelson/go/src/github.com/apache/commons-cli/src/test/java/org/apache/commons/cli/CommandLineTest.java","3","148","The method 'testBuilder()' has a cyclomatic complexity of 1.","Design","CyclomaticComplexity"
"28","org.apache.commons.cli","/Users/grantnelson/go/src/github.com/apache/commons-cli/src/test/java/org/apache/commons/cli/CommandLineTest.java","3","148","The method 'testBuilder()' has an NPath complexity of 1, current threshold is 1","Design","NPathComplexity"
"1","org.apache.commons.cli","/Users/grantnelson/go/src/github.com/apache/commons-cli/src/test/java/org/apache/commons/cli/DefaultParserTest.java","3","22","The class 'DefaultParserTest' has a NCSS line count of 4 (Highest = 3).","Design","NcssCount"
"2","org.apache.commons.cli","/Users/grantnelson/go/src/github.com/apache/commons-cli/src/test/java/org/apache/commons/cli/DefaultParserTest.java","3","22","The class 'DefaultParserTest' has a total cyclomatic complexity of 1 (highest 1).","Design","CyclomaticComplexity"
"3","org.apache.commons.cli","/Users/grantnelson/go/src/github.com/apache/commons-cli/src/test/java/org/apache/commons/cli/DefaultParserTest.java","3","22","This class has 1 public methods and attributes; current threshold is 1.","Design","ExcessivePublicCount"
"4","org.apache.commons.cli","/Users/grantnelson/go/src/github.com/apache/commons-cli/src/test/java/org/apache/commons/cli/DefaultParserTest.java","3","25","The method 'setUp()' has a NCSS line count of 3.","Design","NcssCount"
"5","org.apache.commons.cli","/Users/grantnelson/go/src/github.com/apache/commons-cli/src/test/java/org/apache/commons/cli/DefaultParserTest.java","3","25","The method 'setUp()' has a cyclomatic complexity of 1.","Design","CyclomaticComplexity"
"6","org.apache.commons.cli","/Users/grantnelson/go/src/github.com/apache/commons-cli/src/test/java/org/apache/commons/cli/DefaultParserTest.java","3","25","The method 'setUp()' has an NPath complexity of 1, current threshold is 1","Design","NPathComplexity"
"1","org.apache.commons.cli","/Users/grantnelson/go/src/github.com/apache/commons-cli/src/test/java/org/apache/commons/cli/GnuParserTest.java","3","25","The class 'GnuParserTest' has a NCSS line count of 25 (Highest = 3).","Design","NcssCount"
"2","org.apache.commons.cli","/Users/grantnelson/go/src/github.com/apache/commons-cli/src/test/java/org/apache/commons/cli/GnuParserTest.java","3","25","The class 'GnuParserTest' has a total cyclomatic complexity of 22 (highest 1).","Design","CyclomaticComplexity"
"3","org.apache.commons.cli","/Users/grantnelson/go/src/github.com/apache/commons-cli/src/test/java/org/apache/commons/cli/GnuParserTest.java","3","25","This class has 22 public methods and attributes; current threshold is 1.","Design","ExcessivePublicCount"
"4","org.apache.commons.cli","/Users/grantnelson/go/src/github.com/apache/commons-cli/src/test/java/org/apache/commons/cli/GnuParserTest.java","3","28","The method 'setUp()' has a NCSS line count of 3.","Design","NcssCount"
"5","org.apache.commons.cli","/Users/grantnelson/go/src/github.com/apache/commons-cli/src/test/java/org/apache/commons/cli/GnuParserTest.java","3","28","The method 'setUp()' has a cyclomatic complexity of 1.","Design","CyclomaticComplexity"
"6","org.apache.commons.cli","/Users/grantnelson/go/src/github.com/apache/commons-cli/src/test/java/org/apache/commons/cli/GnuParserTest.java","3","28","The method 'setUp()' has an NPath complexity of 1, current threshold is 1","Design","NPathComplexity"
"7","org.apache.commons.cli","/Users/grantnelson/go/src/github.com/apache/commons-cli/src/test/java/org/apache/commons/cli/GnuParserTest.java","3","35","The method 'testDoubleDash2()' has a NCSS line count of 1.","Design","NcssCount"
"8","org.apache.commons.cli","/Users/grantnelson/go/src/github.com/apache/commons-cli/src/test/java/org/apache/commons/cli/GnuParserTest.java","3","35","The method 'testDoubleDash2()' has a cyclomatic complexity of 1.","Design","CyclomaticComplexity"
"9","org.apache.commons.cli","/Users/grantnelson/go/src/github.com/apache/commons-cli/src/test/java/org/apache/commons/cli/GnuParserTest.java","3","35","The method 'testDoubleDash2()' has an NPath complexity of 1, current threshold is 1","Design","NPathComplexity"
"10","org.apache.commons.cli","/Users/grantnelson/go/src/github.com/apache/commons-cli/src/test/java/org/apache/commons/cli/GnuParserTest.java","3","40","The method 'testLongWithoutEqualSingleDash()' has a NCSS line count of 1.","Design","NcssCount"
"11","org.apache.commons.cli","/Users/grantnelson/go/src/github.com/apache/commons-cli/src/test/java/org/apache/commons/cli/GnuParserTest.java","3","40","The method 'testLongWithoutEqualSingleDash()' has a cyclomatic complexity of 1.","Design","CyclomaticComplexity"
"12","org.apache.commons.cli","/Users/grantnelson/go/src/github.com/apache/commons-cli/src/test/java/org/apache/commons/cli/GnuParserTest.java","3","40","The method 'testLongWithoutEqualSingleDash()' has an NPath complexity of 1, current threshold is 1","Design","NPathComplexity"
"13","org.apache.commons.cli","/Users/grantnelson/go/src/github.com/apache/commons-cli/src/test/java/org/apache/commons/cli/GnuParserTest.java","3","45","The method 'testAmbiguousLongWithoutEqualSingleDash()' has a NCSS line count of 1.","Design","NcssCount"
"14","org.apache.commons.cli","/Users/grantnelson/go/src/github.com/apache/commons-cli/src/test/java/org/apache/commons/cli/GnuParserTest.java","3","45","The method 'testAmbiguousLongWithoutEqualSingleDash()' has a cyclomatic complexity of 1.","Design","CyclomaticComplexity"
"15","org.apache.commons.cli","/Users/grantnelson/go/src/github.com/apache/commons-cli/src/test/java/org/apache/commons/cli/GnuParserTest.java","3","45","The method 'testAmbiguousLongWithoutEqualSingleDash()' has an NPath complexity of 1, current threshold is 1","Design","NPathComplexity"
"16","org.apache.commons.cli","/Users/grantnelson/go/src/github.com/apache/commons-cli/src/test/java/org/apache/commons/cli/GnuParserTest.java","3","50","The method 'testNegativeOption()' has a NCSS line count of 1.","Design","NcssCount"
"17","org.apache.commons.cli","/Users/grantnelson/go/src/github.com/apache/commons-cli/src/test/java/org/apache/commons/cli/GnuParserTest.java","3","50","The method 'testNegativeOption()' has a cyclomatic complexity of 1.","Design","CyclomaticComplexity"
"18","org.apache.commons.cli","/Users/grantnelson/go/src/github.com/apache/commons-cli/src/test/java/org/apache/commons/cli/GnuParserTest.java","3","50","The method 'testNegativeOption()' has an NPath complexity of 1, current threshold is 1","Design","NPathComplexity"
"19","org.apache.commons.cli","/Users/grantnelson/go/src/github.com/apache/commons-cli/src/test/java/org/apache/commons/cli/GnuParserTest.java","3","55","The method 'testLongWithUnexpectedArgument1()' has a NCSS line count of 1.","Design","NcssCount"
"20","org.apache.commons.cli","/Users/grantnelson/go/src/github.com/apache/commons-cli/src/test/java/org/apache/commons/cli/GnuParserTest.java","3","55","The method 'testLongWithUnexpectedArgument1()' has a cyclomatic complexity of 1.","Design","CyclomaticComplexity"
"21","org.apache.commons.cli","/Users/grantnelson/go/src/github.com/apache/commons-cli/src/test/java/org/apache/commons/cli/GnuParserTest.java","3","55","The method 'testLongWithUnexpectedArgument1()' has an NPath complexity of 1, current threshold is 1","Design","NPathComplexity"
"22","org.apache.commons.cli","/Users/grantnelson/go/src/github.com/apache/commons-cli/src/test/java/org/apache/commons/cli/GnuParserTest.java","3","60","The method 'testLongWithUnexpectedArgument2()' has a NCSS line count of 1.","Design","NcssCount"
"23","org.apache.commons.cli","/Users/grantnelson/go/src/github.com/apache/commons-cli/src/test/java/org/apache/commons/cli/GnuParserTest.java","3","60","The method 'testLongWithUnexpectedArgument2()' has a cyclomatic complexity of 1.","Design","CyclomaticComplexity"
"24","org.apache.commons.cli","/Users/grantnelson/go/src/github.com/apache/commons-cli/src/test/java/org/apache/commons/cli/GnuParserTest.java","3","60","The method 'testLongWithUnexpectedArgument2()' has an NPath complexity of 1, current threshold is 1","Design","NPathComplexity"
"25","org.apache.commons.cli","/Users/grantnelson/go/src/github.com/apache/commons-cli/src/test/java/org/apache/commons/cli/GnuParserTest.java","3","65","The method 'testShortWithUnexpectedArgument()' has a NCSS line count of 1.","Design","NcssCount"
"26","org.apache.commons.cli","/Users/grantnelson/go/src/github.com/apache/commons-cli/src/test/java/org/apache/commons/cli/GnuParserTest.java","3","65","The method 'testShortWithUnexpectedArgument()' has a cyclomatic complexity of 1.","Design","CyclomaticComplexity"
"27","org.apache.commons.cli","/Users/grantnelson/go/src/github.com/apache/commons-cli/src/test/java/org/apache/commons/cli/GnuParserTest.java","3","65","The method 'testShortWithUnexpectedArgument()' has an NPath complexity of 1, current threshold is 1","Design","NPathComplexity"
"28","org.apache.commons.cli","/Users/grantnelson/go/src/github.com/apache/commons-cli/src/test/java/org/apache/commons/cli/GnuParserTest.java","3","70","The method 'testUnambiguousPartialLongOption1()' has a NCSS line count of 1.","Design","NcssCount"
"29","org.apache.commons.cli","/Users/grantnelson/go/src/github.com/apache/commons-cli/src/test/java/org/apache/commons/cli/GnuParserTest.java","3","70","The method 'testUnambiguousPartialLongOption1()' has a cyclomatic complexity of 1.","Design","CyclomaticComplexity"
"30","org.apache.commons.cli","/Users/grantnelson/go/src/github.com/apache/commons-cli/src/test/java/org/apache/commons/cli/GnuParserTest.java","3","70","The method 'testUnambiguousPartialLongOption1()' has an NPath complexity of 1, current threshold is 1","Design","NPathComplexity"
"31","org.apache.commons.cli","/Users/grantnelson/go/src/github.com/apache/commons-cli/src/test/java/org/apache/commons/cli/GnuParserTest.java","3","75","The method 'testUnambiguousPartialLongOption2()' has a NCSS line count of 1.","Design","NcssCount"
"32","org.apache.commons.cli","/Users/grantnelson/go/src/github.com/apache/commons-cli/src/test/java/org/apache/commons/cli/GnuParserTest.java","3","75","The method 'testUnambiguousPartialLongOption2()' has a cyclomatic complexity of 1.","Design","CyclomaticComplexity"
"33","org.apache.commons.cli","/Users/grantnelson/go/src/github.com/apache/commons-cli/src/test/java/org/apache/commons/cli/GnuParserTest.java","3","75","The method 'testUnambiguousPartialLongOption2()' has an NPath complexity of 1, current threshold is 1","Design","NPathComplexity"
"34","org.apache.commons.cli","/Users/grantnelson/go/src/github.com/apache/commons-cli/src/test/java/org/apache/commons/cli/GnuParserTest.java","3","80","The method 'testUnambiguousPartialLongOption3()' has a NCSS line count of 1.","Design","NcssCount"
"35","org.apache.commons.cli","/Users/grantnelson/go/src/github.com/apache/commons-cli/src/test/java/org/apache/commons/cli/GnuParserTest.java","3","80","The method 'testUnambiguousPartialLongOption3()' has a cyclomatic complexity of 1.","Design","CyclomaticComplexity"
"36","org.apache.commons.cli","/Users/grantnelson/go/src/github.com/apache/commons-cli/src/test/java/org/apache/commons/cli/GnuParserTest.java","3","80","The method 'testUnambiguousPartialLongOption3()' has an NPath complexity of 1, current threshold is 1","Design","NPathComplexity"
"37","org.apache.commons.cli","/Users/grantnelson/go/src/github.com/apache/commons-cli/src/test/java/org/apache/commons/cli/GnuParserTest.java","3","85","The method 'testUnambiguousPartialLongOption4()' has a NCSS line count of 1.","Design","NcssCount"
"38","org.apache.commons.cli","/Users/grantnelson/go/src/github.com/apache/commons-cli/src/test/java/org/apache/commons/cli/GnuParserTest.java","3","85","The method 'testUnambiguousPartialLongOption4()' has a cyclomatic complexity of 1.","Design","CyclomaticComplexity"
"39","org.apache.commons.cli","/Users/grantnelson/go/src/github.com/apache/commons-cli/src/test/java/org/apache/commons/cli/GnuParserTest.java","3","85","The method 'testUnambiguousPartialLongOption4()' has an NPath complexity of 1, current threshold is 1","Design","NPathComplexity"
"40","org.apache.commons.cli","/Users/grantnelson/go/src/github.com/apache/commons-cli/src/test/java/org/apache/commons/cli/GnuParserTest.java","3","90","The method 'testAmbiguousPartialLongOption1()' has a NCSS line count of 1.","Design","NcssCount"
"41","org.apache.commons.cli","/Users/grantnelson/go/src/github.com/apache/commons-cli/src/test/java/org/apache/commons/cli/GnuParserTest.java","3","90","The method 'testAmbiguousPartialLongOption1()' has a cyclomatic complexity of 1.","Design","CyclomaticComplexity"
"42","org.apache.commons.cli","/Users/grantnelson/go/src/github.com/apache/commons-cli/src/test/java/org/apache/commons/cli/GnuParserTest.java","3","90","The method 'testAmbiguousPartialLongOption1()' has an NPath complexity of 1, current threshold is 1","Design","NPathComplexity"
"43","org.apache.commons.cli","/Users/grantnelson/go/src/github.com/apache/commons-cli/src/test/java/org/apache/commons/cli/GnuParserTest.java","3","95","The method 'testAmbiguousPartialLongOption2()' has a NCSS line count of 1.","Design","NcssCount"
"44","org.apache.commons.cli","/Users/grantnelson/go/src/github.com/apache/commons-cli/src/test/java/org/apache/commons/cli/GnuParserTest.java","3","95","The method 'testAmbiguousPartialLongOption2()' has a cyclomatic complexity of 1.","Design","CyclomaticComplexity"
"45","org.apache.commons.cli","/Users/grantnelson/go/src/github.com/apache/commons-cli/src/test/java/org/apache/commons/cli/GnuParserTest.java","3","95","The method 'testAmbiguousPartialLongOption2()' has an NPath complexity of 1, current threshold is 1","Design","NPathComplexity"
"46","org.apache.commons.cli","/Users/grantnelson/go/src/github.com/apache/commons-cli/src/test/java/org/apache/commons/cli/GnuParserTest.java","3","100","The method 'testAmbiguousPartialLongOption3()' has a NCSS line count of 1.","Design","NcssCount"
"47","org.apache.commons.cli","/Users/grantnelson/go/src/github.com/apache/commons-cli/src/test/java/org/apache/commons/cli/GnuParserTest.java","3","100","The method 'testAmbiguousPartialLongOption3()' has a cyclomatic complexity of 1.","Design","CyclomaticComplexity"
"48","org.apache.commons.cli","/Users/grantnelson/go/src/github.com/apache/commons-cli/src/test/java/org/apache/commons/cli/GnuParserTest.java","3","100","The method 'testAmbiguousPartialLongOption3()' has an NPath complexity of 1, current threshold is 1","Design","NPathComplexity"
"49","org.apache.commons.cli","/Users/grantnelson/go/src/github.com/apache/commons-cli/src/test/java/org/apache/commons/cli/GnuParserTest.java","3","105","The method 'testAmbiguousPartialLongOption4()' has a NCSS line count of 1.","Design","NcssCount"
"50","org.apache.commons.cli","/Users/grantnelson/go/src/github.com/apache/commons-cli/src/test/java/org/apache/commons/cli/GnuParserTest.java","3","105","The method 'testAmbiguousPartialLongOption4()' has a cyclomatic complexity of 1.","Design","CyclomaticComplexity"
"51","org.apache.commons.cli","/Users/grantnelson/go/src/github.com/apache/commons-cli/src/test/java/org/apache/commons/cli/GnuParserTest.java","3","105","The method 'testAmbiguousPartialLongOption4()' has an NPath complexity of 1, current threshold is 1","Design","NPathComplexity"
"52","org.apache.commons.cli","/Users/grantnelson/go/src/github.com/apache/commons-cli/src/test/java/org/apache/commons/cli/GnuParserTest.java","3","110","The method 'testPartialLongOptionSingleDash()' has a NCSS line count of 1.","Design","NcssCount"
"53","org.apache.commons.cli","/Users/grantnelson/go/src/github.com/apache/commons-cli/src/test/java/org/apache/commons/cli/GnuParserTest.java","3","110","The method 'testPartialLongOptionSingleDash()' has a cyclomatic complexity of 1.","Design","CyclomaticComplexity"
"54","org.apache.commons.cli","/Users/grantnelson/go/src/github.com/apache/commons-cli/src/test/java/org/apache/commons/cli/GnuParserTest.java","3","110","The method 'testPartialLongOptionSingleDash()' has an NPath complexity of 1, current threshold is 1","Design","NPathComplexity"
"55","org.apache.commons.cli","/Users/grantnelson/go/src/github.com/apache/commons-cli/src/test/java/org/apache/commons/cli/GnuParserTest.java","3","115","The method 'testBursting()' has a NCSS line count of 1.","Design","NcssCount"
"56","org.apache.commons.cli","/Users/grantnelson/go/src/github.com/apache/commons-cli/src/test/java/org/apache/commons/cli/GnuParserTest.java","3","115","The method 'testBursting()' has a cyclomatic complexity of 1.","Design","CyclomaticComplexity"
"57","org.apache.commons.cli","/Users/grantnelson/go/src/github.com/apache/commons-cli/src/test/java/org/apache/commons/cli/GnuParserTest.java","3","115","The method 'testBursting()' has an NPath complexity of 1, current threshold is 1","Design","NPathComplexity"
"58","org.apache.commons.cli","/Users/grantnelson/go/src/github.com/apache/commons-cli/src/test/java/org/apache/commons/cli/GnuParserTest.java","3","120","The method 'testUnrecognizedOptionWithBursting()' has a NCSS line count of 1.","Design","NcssCount"
"59","org.apache.commons.cli","/Users/grantnelson/go/src/github.com/apache/commons-cli/src/test/java/org/apache/commons/cli/GnuParserTest.java","3","120","The method 'testUnrecognizedOptionWithBursting()' has a cyclomatic complexity of 1.","Design","CyclomaticComplexity"
"60","org.apache.commons.cli","/Users/grantnelson/go/src/github.com/apache/commons-cli/src/test/java/org/apache/commons/cli/GnuParserTest.java","3","120","The method 'testUnrecognizedOptionWithBursting()' has an NPath complexity of 1, current threshold is 1","Design","NPathComplexity"
"61","org.apache.commons.cli","/Users/grantnelson/go/src/github.com/apache/commons-cli/src/test/java/org/apache/commons/cli/GnuParserTest.java","3","125","The method 'testMissingArgWithBursting()' has a NCSS line count of 1.","Design","NcssCount"
"62","org.apache.commons.cli","/Users/grantnelson/go/src/github.com/apache/commons-cli/src/test/java/org/apache/commons/cli/GnuParserTest.java","3","125","The method 'testMissingArgWithBursting()' has a cyclomatic complexity of 1.","Design","CyclomaticComplexity"
"63","org.apache.commons.cli","/Users/grantnelson/go/src/github.com/apache/commons-cli/src/test/java/org/apache/commons/cli/GnuParserTest.java","3","125","The method 'testMissingArgWithBursting()' has an NPath complexity of 1, current threshold is 1","Design","NPathComplexity"
"64","org.apache.commons.cli","/Users/grantnelson/go/src/github.com/apache/commons-cli/src/test/java/org/apache/commons/cli/GnuParserTest.java","3","130","The method 'testStopBursting()' has a NCSS line count of 1.","Design","NcssCount"
"65","org.apache.commons.cli","/Users/grantnelson/go/src/github.com/apache/commons-cli/src/test/java/org/apache/commons/cli/GnuParserTest.java","3","130","The method 'testStopBursting()' has a cyclomatic complexity of 1.","Design","CyclomaticComplexity"
"66","org.apache.commons.cli","/Users/grantnelson/go/src/github.com/apache/commons-cli/src/test/java/org/apache/commons/cli/GnuParserTest.java","3","130","The method 'testStopBursting()' has an NPath complexity of 1, current threshold is 1","Design","NPathComplexity"
"67","org.apache.commons.cli","/Users/grantnelson/go/src/github.com/apache/commons-cli/src/test/java/org/apache/commons/cli/GnuParserTest.java","3","135","The method 'testStopBursting2()' has a NCSS line count of 1.","Design","NcssCount"
"68","org.apache.commons.cli","/Users/grantnelson/go/src/github.com/apache/commons-cli/src/test/java/org/apache/commons/cli/GnuParserTest.java","3","135","The method 'testStopBursting2()' has a cyclomatic complexity of 1.","Design","CyclomaticComplexity"
"69","org.apache.commons.cli","/Users/grantnelson/go/src/github.com/apache/commons-cli/src/test/java/org/apache/commons/cli/GnuParserTest.java","3","135","The method 'testStopBursting2()' has an NPath complexity of 1, current threshold is 1","Design","NPathComplexity"
"1","org.apache.commons.cli","/Users/grantnelson/go/src/github.com/apache/commons-cli/src/test/java/org/apache/commons/cli/HelpFormatterTest.java","3","33","A value of 7 may denote a high amount of coupling within the class (threshold: 1)","Design","CouplingBetweenObjects"
"2","org.apache.commons.cli","/Users/grantnelson/go/src/github.com/apache/commons-cli/src/test/java/org/apache/commons/cli/HelpFormatterTest.java","3","33","The class 'HelpFormatterTest' has a NCSS line count of 292 (Highest = 33).","Design","NcssCount"
"3","org.apache.commons.cli","/Users/grantnelson/go/src/github.com/apache/commons-cli/src/test/java/org/apache/commons/cli/HelpFormatterTest.java","3","33","The class 'HelpFormatterTest' has a total cyclomatic complexity of 27 (highest 3).","Design","CyclomaticComplexity"
"4","org.apache.commons.cli","/Users/grantnelson/go/src/github.com/apache/commons-cli/src/test/java/org/apache/commons/cli/HelpFormatterTest.java","3","33","This class has 25 public methods and attributes; current threshold is 1.","Design","ExcessivePublicCount"
"5","org.apache.commons.cli","/Users/grantnelson/go/src/github.com/apache/commons-cli/src/test/java/org/apache/commons/cli/HelpFormatterTest.java","3","38","The method 'testFindWrapPos()' has a NCSS line count of 14.","Design","NcssCount"
"6","org.apache.commons.cli","/Users/grantnelson/go/src/github.com/apache/commons-cli/src/test/java/org/apache/commons/cli/HelpFormatterTest.java","3","38","The method 'testFindWrapPos()' has a cyclomatic complexity of 1.","Design","CyclomaticComplexity"
"7","org.apache.commons.cli","/Users/grantnelson/go/src/github.com/apache/commons-cli/src/test/java/org/apache/commons/cli/HelpFormatterTest.java","3","38","The method 'testFindWrapPos()' has an NPath complexity of 1, current threshold is 1","Design","NPathComplexity"
"8","org.apache.commons.cli","/Users/grantnelson/go/src/github.com/apache/commons-cli/src/test/java/org/apache/commons/cli/HelpFormatterTest.java","3","66","The method 'testRenderWrappedTextWordCut()' has a NCSS line count of 8.","Design","NcssCount"
"9","org.apache.commons.cli","/Users/grantnelson/go/src/github.com/apache/commons-cli/src/test/java/org/apache/commons/cli/HelpFormatterTest.java","3","66","The method 'testRenderWrappedTextWordCut()' has a cyclomatic complexity of 1.","Design","CyclomaticComplexity"
"10","org.apache.commons.cli","/Users/grantnelson/go/src/github.com/apache/commons-cli/src/test/java/org/apache/commons/cli/HelpFormatterTest.java","3","66","The method 'testRenderWrappedTextWordCut()' has an NPath complexity of 1, current threshold is 1","Design","NPathComplexity"
"11","org.apache.commons.cli","/Users/grantnelson/go/src/github.com/apache/commons-cli/src/test/java/org/apache/commons/cli/HelpFormatterTest.java","3","80","The method 'testRenderWrappedTextSingleLine()' has a NCSS line count of 8.","Design","NcssCount"
"12","org.apache.commons.cli","/Users/grantnelson/go/src/github.com/apache/commons-cli/src/test/java/org/apache/commons/cli/HelpFormatterTest.java","3","80","The method 'testRenderWrappedTextSingleLine()' has a cyclomatic complexity of 1.","Design","CyclomaticComplexity"
"13","org.apache.commons.cli","/Users/grantnelson/go/src/github.com/apache/commons-cli/src/test/java/org/apache/commons/cli/HelpFormatterTest.java","3","80","The method 'testRenderWrappedTextSingleLine()' has an NPath complexity of 1, current threshold is 1","Design","NPathComplexity"
"14","org.apache.commons.cli","/Users/grantnelson/go/src/github.com/apache/commons-cli/src/test/java/org/apache/commons/cli/HelpFormatterTest.java","3","95","The method 'testRenderWrappedTextSingleLinePadded()' has a NCSS line count of 8.","Design","NcssCount"
"15","org.apache.commons.cli","/Users/grantnelson/go/src/github.com/apache/commons-cli/src/test/java/org/apache/commons/cli/HelpFormatterTest.java","3","95","The method 'testRenderWrappedTextSingleLinePadded()' has a cyclomatic complexity of 1.","Design","CyclomaticComplexity"
"16","org.apache.commons.cli","/Users/grantnelson/go/src/github.com/apache/commons-cli/src/test/java/org/apache/commons/cli/HelpFormatterTest.java","3","95","The method 'testRenderWrappedTextSingleLinePadded()' has an NPath complexity of 1, current threshold is 1","Design","NPathComplexity"
"17","org.apache.commons.cli","/Users/grantnelson/go/src/github.com/apache/commons-cli/src/test/java/org/apache/commons/cli/HelpFormatterTest.java","3","110","The method 'testRenderWrappedTextSingleLinePadded2()' has a NCSS line count of 8.","Design","NcssCount"
"18","org.apache.commons.cli","/Users/grantnelson/go/src/github.com/apache/commons-cli/src/test/java/org/apache/commons/cli/HelpFormatterTest.java","3","110","The method 'testRenderWrappedTextSingleLinePadded2()' has a cyclomatic complexity of 1.","Design","CyclomaticComplexity"
"19","org.apache.commons.cli","/Users/grantnelson/go/src/github.com/apache/commons-cli/src/test/java/org/apache/commons/cli/HelpFormatterTest.java","3","110","The method 'testRenderWrappedTextSingleLinePadded2()' has an NPath complexity of 1, current threshold is 1","Design","NPathComplexity"
"20","org.apache.commons.cli","/Users/grantnelson/go/src/github.com/apache/commons-cli/src/test/java/org/apache/commons/cli/HelpFormatterTest.java","3","127","The method 'testRenderWrappedTextMultiLine()' has a NCSS line count of 7.","Design","NcssCount"
"21","org.apache.commons.cli","/Users/grantnelson/go/src/github.com/apache/commons-cli/src/test/java/org/apache/commons/cli/HelpFormatterTest.java","3","127","The method 'testRenderWrappedTextMultiLine()' has a cyclomatic complexity of 1.","Design","CyclomaticComplexity"
"22","org.apache.commons.cli","/Users/grantnelson/go/src/github.com/apache/commons-cli/src/test/java/org/apache/commons/cli/HelpFormatterTest.java","3","127","The method 'testRenderWrappedTextMultiLine()' has an NPath complexity of 1, current threshold is 1","Design","NPathComplexity"
"23","org.apache.commons.cli","/Users/grantnelson/go/src/github.com/apache/commons-cli/src/test/java/org/apache/commons/cli/HelpFormatterTest.java","3","142","The method 'testRenderWrappedTextMultiLinePadded()' has a NCSS line count of 8.","Design","NcssCount"
"24","org.apache.commons.cli","/Users/grantnelson/go/src/github.com/apache/commons-cli/src/test/java/org/apache/commons/cli/HelpFormatterTest.java","3","142","The method 'testRenderWrappedTextMultiLinePadded()' has a cyclomatic complexity of 1.","Design","CyclomaticComplexity"
"25","org.apache.commons.cli","/Users/grantnelson/go/src/github.com/apache/commons-cli/src/test/java/org/apache/commons/cli/HelpFormatterTest.java","3","142","The method 'testRenderWrappedTextMultiLinePadded()' has an NPath complexity of 1, current threshold is 1","Design","NPathComplexity"
"26","org.apache.commons.cli","/Users/grantnelson/go/src/github.com/apache/commons-cli/src/test/java/org/apache/commons/cli/HelpFormatterTest.java","3","160","The method 'testPrintOptions()' has a NCSS line count of 33.","Design","NcssCount"
"27","org.apache.commons.cli","/Users/grantnelson/go/src/github.com/apache/commons-cli/src/test/java/org/apache/commons/cli/HelpFormatterTest.java","3","160","The method 'testPrintOptions()' has a cyclomatic complexity of 1.","Design","CyclomaticComplexity"
"28","org.apache.commons.cli","/Users/grantnelson/go/src/github.com/apache/commons-cli/src/test/java/org/apache/commons/cli/HelpFormatterTest.java","3","160","The method 'testPrintOptions()' has an NPath complexity of 1, current threshold is 1","Design","NPathComplexity"
"29","org.apache.commons.cli","/Users/grantnelson/go/src/github.com/apache/commons-cli/src/test/java/org/apache/commons/cli/HelpFormatterTest.java","3","210","The method 'testPrintHelpWithEmptySyntax()' has a NCSS line count of 8.","Design","NcssCount"
"30","org.apache.commons.cli","/Users/grantnelson/go/src/github.com/apache/commons-cli/src/test/java/org/apache/commons/cli/HelpFormatterTest.java","3","210","The method 'testPrintHelpWithEmptySyntax()' has a cognitive complexity of 2, current threshold is 1","Design","CognitiveComplexity"
"31","org.apache.commons.cli","/Users/grantnelson/go/src/github.com/apache/commons-cli/src/test/java/org/apache/commons/cli/HelpFormatterTest.java","3","210","The method 'testPrintHelpWithEmptySyntax()' has a cyclomatic complexity of 3.","Design","CyclomaticComplexity"
"32","org.apache.commons.cli","/Users/grantnelson/go/src/github.com/apache/commons-cli/src/test/java/org/apache/commons/cli/HelpFormatterTest.java","3","210","The method 'testPrintHelpWithEmptySyntax()' has an NPath complexity of 1, current threshold is 1","Design","NPathComplexity"
"33","org.apache.commons.cli","/Users/grantnelson/go/src/github.com/apache/commons-cli/src/test/java/org/apache/commons/cli/HelpFormatterTest.java","3","235","The method 'testAutomaticUsage()' has a NCSS line count of 17.","Design","NcssCount"
"34","org.apache.commons.cli","/Users/grantnelson/go/src/github.com/apache/commons-cli/src/test/java/org/apache/commons/cli/HelpFormatterTest.java","3","235","The method 'testAutomaticUsage()' has a cyclomatic complexity of 1.","Design","CyclomaticComplexity"
"35","org.apache.commons.cli","/Users/grantnelson/go/src/github.com/apache/commons-cli/src/test/java/org/apache/commons/cli/HelpFormatterTest.java","3","235","The method 'testAutomaticUsage()' has an NPath complexity of 1, current threshold is 1","Design","NPathComplexity"
"36","org.apache.commons.cli","/Users/grantnelson/go/src/github.com/apache/commons-cli/src/test/java/org/apache/commons/cli/HelpFormatterTest.java","3","261","The method 'testPrintUsage()' has a NCSS line count of 14.","Design","NcssCount"
"37","org.apache.commons.cli","/Users/grantnelson/go/src/github.com/apache/commons-cli/src/test/java/org/apache/commons/cli/HelpFormatterTest.java","3","261","The method 'testPrintUsage()' has a cyclomatic complexity of 1.","Design","CyclomaticComplexity"
"38","org.apache.commons.cli","/Users/grantnelson/go/src/github.com/apache/commons-cli/src/test/java/org/apache/commons/cli/HelpFormatterTest.java","3","261","The method 'testPrintUsage()' has an NPath complexity of 1, current threshold is 1","Design","NPathComplexity"
"39","org.apache.commons.cli","/Users/grantnelson/go/src/github.com/apache/commons-cli/src/test/java/org/apache/commons/cli/HelpFormatterTest.java","3","280","The method 'testPrintSortedUsage()' has a NCSS line count of 10.","Design","NcssCount"
"40","org.apache.commons.cli","/Users/grantnelson/go/src/github.com/apache/commons-cli/src/test/java/org/apache/commons/cli/HelpFormatterTest.java","3","280","The method 'testPrintSortedUsage()' has a cyclomatic complexity of 1.","Design","CyclomaticComplexity"
"41","org.apache.commons.cli","/Users/grantnelson/go/src/github.com/apache/commons-cli/src/test/java/org/apache/commons/cli/HelpFormatterTest.java","3","280","The method 'testPrintSortedUsage()' has an NPath complexity of 1, current threshold is 1","Design","NPathComplexity"
"42","org.apache.commons.cli","/Users/grantnelson/go/src/github.com/apache/commons-cli/src/test/java/org/apache/commons/cli/HelpFormatterTest.java","3","288","The class '' has a NCSS line count of 2 (Highest = 2).","Design","NcssCount"
"43","org.apache.commons.cli","/Users/grantnelson/go/src/github.com/apache/commons-cli/src/test/java/org/apache/commons/cli/HelpFormatterTest.java","3","288","The class '' has a total cyclomatic complexity of 1 (highest 1).","Design","CyclomaticComplexity"
"44","org.apache.commons.cli","/Users/grantnelson/go/src/github.com/apache/commons-cli/src/test/java/org/apache/commons/cli/HelpFormatterTest.java","3","288","This class has 1 public methods and attributes; current threshold is 1.","Design","ExcessivePublicCount"
"45","org.apache.commons.cli","/Users/grantnelson/go/src/github.com/apache/commons-cli/src/test/java/org/apache/commons/cli/HelpFormatterTest.java","3","290","The method 'compare(Option, Option)' has a NCSS line count of 2.","Design","NcssCount"
"46","org.apache.commons.cli","/Users/grantnelson/go/src/github.com/apache/commons-cli/src/test/java/org/apache/commons/cli/HelpFormatterTest.java","3","290","The method 'compare(Option, Option)' has a cyclomatic complexity of 1.","Design","CyclomaticComplexity"
"47","org.apache.commons.cli","/Users/grantnelson/go/src/github.com/apache/commons-cli/src/test/java/org/apache/commons/cli/HelpFormatterTest.java","3","290","The method 'compare(Option, Option)' has an NPath complexity of 1, current threshold is 1","Design","NPathComplexity"
"48","org.apache.commons.cli","/Users/grantnelson/go/src/github.com/apache/commons-cli/src/test/java/org/apache/commons/cli/HelpFormatterTest.java","3","290","Avoid long parameter lists (2 parameters - threshold is 1).","Design","ExcessiveParameterList"
"49","org.apache.commons.cli","/Users/grantnelson/go/src/github.com/apache/commons-cli/src/test/java/org/apache/commons/cli/HelpFormatterTest.java","3","304","The method 'testPrintSortedUsageWithNullComparator()' has a NCSS line count of 10.","Design","NcssCount"
"50","org.apache.commons.cli","/Users/grantnelson/go/src/github.com/apache/commons-cli/src/test/java/org/apache/commons/cli/HelpFormatterTest.java","3","304","The method 'testPrintSortedUsageWithNullComparator()' has a cyclomatic complexity of 1.","Design","CyclomaticComplexity"
"51","org.apache.commons.cli","/Users/grantnelson/go/src/github.com/apache/commons-cli/src/test/java/org/apache/commons/cli/HelpFormatterTest.java","3","304","The method 'testPrintSortedUsageWithNullComparator()' has an NPath complexity of 1, current threshold is 1","Design","NPathComplexity"
"52","org.apache.commons.cli","/Users/grantnelson/go/src/github.com/apache/commons-cli/src/test/java/org/apache/commons/cli/HelpFormatterTest.java","3","321","The method 'testPrintOptionGroupUsage()' has a NCSS line count of 11.","Design","NcssCount"
"53","org.apache.commons.cli","/Users/grantnelson/go/src/github.com/apache/commons-cli/src/test/java/org/apache/commons/cli/HelpFormatterTest.java","3","321","The method 'testPrintOptionGroupUsage()' has a cyclomatic complexity of 1.","Design","CyclomaticComplexity"
"54","org.apache.commons.cli","/Users/grantnelson/go/src/github.com/apache/commons-cli/src/test/java/org/apache/commons/cli/HelpFormatterTest.java","3","321","The method 'testPrintOptionGroupUsage()' has an NPath complexity of 1, current threshold is 1","Design","NPathComplexity"
"55","org.apache.commons.cli","/Users/grantnelson/go/src/github.com/apache/commons-cli/src/test/java/org/apache/commons/cli/HelpFormatterTest.java","3","340","The method 'testPrintRequiredOptionGroupUsage()' has a NCSS line count of 12.","Design","NcssCount"
"56","org.apache.commons.cli","/Users/grantnelson/go/src/github.com/apache/commons-cli/src/test/java/org/apache/commons/cli/HelpFormatterTest.java","3","340","The method 'testPrintRequiredOptionGroupUsage()' has a cyclomatic complexity of 1.","Design","CyclomaticComplexity"
"57","org.apache.commons.cli","/Users/grantnelson/go/src/github.com/apache/commons-cli/src/test/java/org/apache/commons/cli/HelpFormatterTest.java","3","340","The method 'testPrintRequiredOptionGroupUsage()' has an NPath complexity of 1, current threshold is 1","Design","NPathComplexity"
"58","org.apache.commons.cli","/Users/grantnelson/go/src/github.com/apache/commons-cli/src/test/java/org/apache/commons/cli/HelpFormatterTest.java","3","360","The method 'testPrintOptionWithEmptyArgNameUsage()' has a NCSS line count of 10.","Design","NcssCount"
"59","org.apache.commons.cli","/Users/grantnelson/go/src/github.com/apache/commons-cli/src/test/java/org/apache/commons/cli/HelpFormatterTest.java","3","360","The method 'testPrintOptionWithEmptyArgNameUsage()' has a cyclomatic complexity of 1.","Design","CyclomaticComplexity"
"60","org.apache.commons.cli","/Users/grantnelson/go/src/github.com/apache/commons-cli/src/test/java/org/apache/commons/cli/HelpFormatterTest.java","3","360","The method 'testPrintOptionWithEmptyArgNameUsage()' has an NPath complexity of 1, current threshold is 1","Design","NPathComplexity"
"61","org.apache.commons.cli","/Users/grantnelson/go/src/github.com/apache/commons-cli/src/test/java/org/apache/commons/cli/HelpFormatterTest.java","3","378","The method 'testDefaultArgName()' has a NCSS line count of 9.","Design","NcssCount"
"62","org.apache.commons.cli","/Users/grantnelson/go/src/github.com/apache/commons-cli/src/test/java/org/apache/commons/cli/HelpFormatterTest.java","3","378","The method 'testDefaultArgName()' has a cyclomatic complexity of 1.","Design","CyclomaticComplexity"
"63","org.apache.commons.cli","/Users/grantnelson/go/src/github.com/apache/commons-cli/src/test/java/org/apache/commons/cli/HelpFormatterTest.java","3","378","The method 'testDefaultArgName()' has an NPath complexity of 1, current threshold is 1","Design","NPathComplexity"
"64","org.apache.commons.cli","/Users/grantnelson/go/src/github.com/apache/commons-cli/src/test/java/org/apache/commons/cli/HelpFormatterTest.java","3","395","The method 'testRtrim()' has a NCSS line count of 5.","Design","NcssCount"
"65","org.apache.commons.cli","/Users/grantnelson/go/src/github.com/apache/commons-cli/src/test/java/org/apache/commons/cli/HelpFormatterTest.java","3","395","The method 'testRtrim()' has a cyclomatic complexity of 1.","Design","CyclomaticComplexity"
"66","org.apache.commons.cli","/Users/grantnelson/go/src/github.com/apache/commons-cli/src/test/java/org/apache/commons/cli/HelpFormatterTest.java","3","395","The method 'testRtrim()' has an NPath complexity of 1, current threshold is 1","Design","NPathComplexity"
"67","org.apache.commons.cli","/Users/grantnelson/go/src/github.com/apache/commons-cli/src/test/java/org/apache/commons/cli/HelpFormatterTest.java","3","405","The method 'testAccessors()' has a NCSS line count of 18.","Design","NcssCount"
"68","org.apache.commons.cli","/Users/grantnelson/go/src/github.com/apache/commons-cli/src/test/java/org/apache/commons/cli/HelpFormatterTest.java","3","405","The method 'testAccessors()' has a cyclomatic complexity of 1.","Design","CyclomaticComplexity"
"69","org.apache.commons.cli","/Users/grantnelson/go/src/github.com/apache/commons-cli/src/test/java/org/apache/commons/cli/HelpFormatterTest.java","3","405","The method 'testAccessors()' has an NPath complexity of 1, current threshold is 1","Design","NPathComplexity"
"70","org.apache.commons.cli","/Users/grantnelson/go/src/github.com/apache/commons-cli/src/test/java/org/apache/commons/cli/HelpFormatterTest.java","3","435","The method 'testHeaderStartingWithLineSeparator()' has a NCSS line count of 8.","Design","NcssCount"
"71","org.apache.commons.cli","/Users/grantnelson/go/src/github.com/apache/commons-cli/src/test/java/org/apache/commons/cli/HelpFormatterTest.java","3","435","The method 'testHeaderStartingWithLineSeparator()' has a cyclomatic complexity of 1.","Design","CyclomaticComplexity"
"72","org.apache.commons.cli","/Users/grantnelson/go/src/github.com/apache/commons-cli/src/test/java/org/apache/commons/cli/HelpFormatterTest.java","3","435","The method 'testHeaderStartingWithLineSeparator()' has an NPath complexity of 1, current threshold is 1","Design","NPathComplexity"
"73","org.apache.commons.cli","/Users/grantnelson/go/src/github.com/apache/commons-cli/src/test/java/org/apache/commons/cli/HelpFormatterTest.java","3","454","The method 'testIndentedHeaderAndFooter()' has a NCSS line count of 8.","Design","NcssCount"
"74","org.apache.commons.cli","/Users/grantnelson/go/src/github.com/apache/commons-cli/src/test/java/org/apache/commons/cli/HelpFormatterTest.java","3","454","The method 'testIndentedHeaderAndFooter()' has a cyclomatic complexity of 1.","Design","CyclomaticComplexity"
"75","org.apache.commons.cli","/Users/grantnelson/go/src/github.com/apache/commons-cli/src/test/java/org/apache/commons/cli/HelpFormatterTest.java","3","454","The method 'testIndentedHeaderAndFooter()' has an NPath complexity of 1, current threshold is 1","Design","NPathComplexity"
"76","org.apache.commons.cli","/Users/grantnelson/go/src/github.com/apache/commons-cli/src/test/java/org/apache/commons/cli/HelpFormatterTest.java","3","475","The method 'testOptionWithoutShortFormat()' has a NCSS line count of 9.","Design","NcssCount"
"77","org.apache.commons.cli","/Users/grantnelson/go/src/github.com/apache/commons-cli/src/test/java/org/apache/commons/cli/HelpFormatterTest.java","3","475","The method 'testOptionWithoutShortFormat()' has a cyclomatic complexity of 1.","Design","CyclomaticComplexity"
"78","org.apache.commons.cli","/Users/grantnelson/go/src/github.com/apache/commons-cli/src/test/java/org/apache/commons/cli/HelpFormatterTest.java","3","475","The method 'testOptionWithoutShortFormat()' has an NPath complexity of 1, current threshold is 1","Design","NPathComplexity"
"79","org.apache.commons.cli","/Users/grantnelson/go/src/github.com/apache/commons-cli/src/test/java/org/apache/commons/cli/HelpFormatterTest.java","3","495","The method 'testOptionWithoutShortFormat2()' has a NCSS line count of 25.","Design","NcssCount"
"80","org.apache.commons.cli","/Users/grantnelson/go/src/github.com/apache/commons-cli/src/test/java/org/apache/commons/cli/HelpFormatterTest.java","3","495","The method 'testOptionWithoutShortFormat2()' has a cyclomatic complexity of 1.","Design","CyclomaticComplexity"
"81","org.apache.commons.cli","/Users/grantnelson/go/src/github.com/apache/commons-cli/src/test/java/org/apache/commons/cli/HelpFormatterTest.java","3","495","The method 'testOptionWithoutShortFormat2()' has an NPath complexity of 1, current threshold is 1","Design","NPathComplexity"
"82","org.apache.commons.cli","/Users/grantnelson/go/src/github.com/apache/commons-cli/src/test/java/org/apache/commons/cli/HelpFormatterTest.java","3","567","The method 'testHelpWithLongOptSeparator()' has a NCSS line count of 12.","Design","NcssCount"
"83","org.apache.commons.cli","/Users/grantnelson/go/src/github.com/apache/commons-cli/src/test/java/org/apache/commons/cli/HelpFormatterTest.java","3","567","The method 'testHelpWithLongOptSeparator()' has a cyclomatic complexity of 1.","Design","CyclomaticComplexity"
"84","org.apache.commons.cli","/Users/grantnelson/go/src/github.com/apache/commons-cli/src/test/java/org/apache/commons/cli/HelpFormatterTest.java","3","567","The method 'testHelpWithLongOptSeparator()' has an NPath complexity of 1, current threshold is 1","Design","NPathComplexity"
"85","org.apache.commons.cli","/Users/grantnelson/go/src/github.com/apache/commons-cli/src/test/java/org/apache/commons/cli/HelpFormatterTest.java","3","594","The method 'testUsageWithLongOptSeparator()' has a NCSS line count of 10.","Design","NcssCount"
"86","org.apache.commons.cli","/Users/grantnelson/go/src/github.com/apache/commons-cli/src/test/java/org/apache/commons/cli/HelpFormatterTest.java","3","594","The method 'testUsageWithLongOptSeparator()' has a cyclomatic complexity of 1.","Design","CyclomaticComplexity"
"87","org.apache.commons.cli","/Users/grantnelson/go/src/github.com/apache/commons-cli/src/test/java/org/apache/commons/cli/HelpFormatterTest.java","3","594","The method 'testUsageWithLongOptSeparator()' has an NPath complexity of 1, current threshold is 1","Design","NPathComplexity"
"1","org.apache.commons.cli","/Users/grantnelson/go/src/github.com/apache/commons-cli/src/test/java/org/apache/commons/cli/OptionBuilderTest.java","3","28","The class 'OptionBuilderTest' has a NCSS line count of 72 (Highest = 17).","Design","NcssCount"
"2","org.apache.commons.cli","/Users/grantnelson/go/src/github.com/apache/commons-cli/src/test/java/org/apache/commons/cli/OptionBuilderTest.java","3","28","The class 'OptionBuilderTest' has a total cyclomatic complexity of 16 (highest 4).","Design","CyclomaticComplexity"
"3","org.apache.commons.cli","/Users/grantnelson/go/src/github.com/apache/commons-cli/src/test/java/org/apache/commons/cli/OptionBuilderTest.java","3","28","This class has 9 public methods and attributes; current threshold is 1.","Design","ExcessivePublicCount"
"4","org.apache.commons.cli","/Users/grantnelson/go/src/github.com/apache/commons-cli/src/test/java/org/apache/commons/cli/OptionBuilderTest.java","3","31","The method 'testCompleteOption()' has a NCSS line count of 9.","Design","NcssCount"
"5","org.apache.commons.cli","/Users/grantnelson/go/src/github.com/apache/commons-cli/src/test/java/org/apache/commons/cli/OptionBuilderTest.java","3","31","The method 'testCompleteOption()' has a cyclomatic complexity of 1.","Design","CyclomaticComplexity"
"6","org.apache.commons.cli","/Users/grantnelson/go/src/github.com/apache/commons-cli/src/test/java/org/apache/commons/cli/OptionBuilderTest.java","3","31","The method 'testCompleteOption()' has an NPath complexity of 1, current threshold is 1","Design","NPathComplexity"
"7","org.apache.commons.cli","/Users/grantnelson/go/src/github.com/apache/commons-cli/src/test/java/org/apache/commons/cli/OptionBuilderTest.java","3","50","The method 'testTwoCompleteOptions()' has a NCSS line count of 17.","Design","NcssCount"
"8","org.apache.commons.cli","/Users/grantnelson/go/src/github.com/apache/commons-cli/src/test/java/org/apache/commons/cli/OptionBuilderTest.java","3","50","The method 'testTwoCompleteOptions()' has a cyclomatic complexity of 1.","Design","CyclomaticComplexity"
"9","org.apache.commons.cli","/Users/grantnelson/go/src/github.com/apache/commons-cli/src/test/java/org/apache/commons/cli/OptionBuilderTest.java","3","50","The method 'testTwoCompleteOptions()' has an NPath complexity of 1, current threshold is 1","Design","NPathComplexity"
"10","org.apache.commons.cli","/Users/grantnelson/go/src/github.com/apache/commons-cli/src/test/java/org/apache/commons/cli/OptionBuilderTest.java","3","82","The method 'testBaseOptionCharOpt()' has a NCSS line count of 5.","Design","NcssCount"
"11","org.apache.commons.cli","/Users/grantnelson/go/src/github.com/apache/commons-cli/src/test/java/org/apache/commons/cli/OptionBuilderTest.java","3","82","The method 'testBaseOptionCharOpt()' has a cyclomatic complexity of 1.","Design","CyclomaticComplexity"
"12","org.apache.commons.cli","/Users/grantnelson/go/src/github.com/apache/commons-cli/src/test/java/org/apache/commons/cli/OptionBuilderTest.java","3","82","The method 'testBaseOptionCharOpt()' has an NPath complexity of 1, current threshold is 1","Design","NPathComplexity"
"13","org.apache.commons.cli","/Users/grantnelson/go/src/github.com/apache/commons-cli/src/test/java/org/apache/commons/cli/OptionBuilderTest.java","3","92","The method 'testBaseOptionStringOpt()' has a NCSS line count of 5.","Design","NcssCount"
"14","org.apache.commons.cli","/Users/grantnelson/go/src/github.com/apache/commons-cli/src/test/java/org/apache/commons/cli/OptionBuilderTest.java","3","92","The method 'testBaseOptionStringOpt()' has a cyclomatic complexity of 1.","Design","CyclomaticComplexity"
"15","org.apache.commons.cli","/Users/grantnelson/go/src/github.com/apache/commons-cli/src/test/java/org/apache/commons/cli/OptionBuilderTest.java","3","92","The method 'testBaseOptionStringOpt()' has an NPath complexity of 1, current threshold is 1","Design","NPathComplexity"
"16","org.apache.commons.cli","/Users/grantnelson/go/src/github.com/apache/commons-cli/src/test/java/org/apache/commons/cli/OptionBuilderTest.java","3","102","The method 'testSpecialOptChars()' has a NCSS line count of 8.","Design","NcssCount"
"17","org.apache.commons.cli","/Users/grantnelson/go/src/github.com/apache/commons-cli/src/test/java/org/apache/commons/cli/OptionBuilderTest.java","3","102","The method 'testSpecialOptChars()' has a cognitive complexity of 1, current threshold is 1","Design","CognitiveComplexity"
"18","org.apache.commons.cli","/Users/grantnelson/go/src/github.com/apache/commons-cli/src/test/java/org/apache/commons/cli/OptionBuilderTest.java","3","102","The method 'testSpecialOptChars()' has a cyclomatic complexity of 2.","Design","CyclomaticComplexity"
"19","org.apache.commons.cli","/Users/grantnelson/go/src/github.com/apache/commons-cli/src/test/java/org/apache/commons/cli/OptionBuilderTest.java","3","102","The method 'testSpecialOptChars()' has an NPath complexity of 1, current threshold is 1","Design","NPathComplexity"
"20","org.apache.commons.cli","/Users/grantnelson/go/src/github.com/apache/commons-cli/src/test/java/org/apache/commons/cli/OptionBuilderTest.java","3","122","The method 'testOptionArgNumbers()' has a NCSS line count of 3.","Design","NcssCount"
"21","org.apache.commons.cli","/Users/grantnelson/go/src/github.com/apache/commons-cli/src/test/java/org/apache/commons/cli/OptionBuilderTest.java","3","122","The method 'testOptionArgNumbers()' has a cyclomatic complexity of 1.","Design","CyclomaticComplexity"
"22","org.apache.commons.cli","/Users/grantnelson/go/src/github.com/apache/commons-cli/src/test/java/org/apache/commons/cli/OptionBuilderTest.java","3","122","The method 'testOptionArgNumbers()' has an NPath complexity of 1, current threshold is 1","Design","NPathComplexity"
"23","org.apache.commons.cli","/Users/grantnelson/go/src/github.com/apache/commons-cli/src/test/java/org/apache/commons/cli/OptionBuilderTest.java","3","131","The method 'testIllegalOptions()' has a NCSS line count of 10.","Design","NcssCount"
"24","org.apache.commons.cli","/Users/grantnelson/go/src/github.com/apache/commons-cli/src/test/java/org/apache/commons/cli/OptionBuilderTest.java","3","131","The method 'testIllegalOptions()' has a cognitive complexity of 3, current threshold is 1","Design","CognitiveComplexity"
"25","org.apache.commons.cli","/Users/grantnelson/go/src/github.com/apache/commons-cli/src/test/java/org/apache/commons/cli/OptionBuilderTest.java","3","131","The method 'testIllegalOptions()' has a cyclomatic complexity of 4.","Design","CyclomaticComplexity"
"26","org.apache.commons.cli","/Users/grantnelson/go/src/github.com/apache/commons-cli/src/test/java/org/apache/commons/cli/OptionBuilderTest.java","3","131","The method 'testIllegalOptions()' has an NPath complexity of 1, current threshold is 1","Design","NPathComplexity"
"27","org.apache.commons.cli","/Users/grantnelson/go/src/github.com/apache/commons-cli/src/test/java/org/apache/commons/cli/OptionBuilderTest.java","3","161","The method 'testCreateIncompleteOption()' has a NCSS line count of 5.","Design","NcssCount"
"28","org.apache.commons.cli","/Users/grantnelson/go/src/github.com/apache/commons-cli/src/test/java/org/apache/commons/cli/OptionBuilderTest.java","3","161","The method 'testCreateIncompleteOption()' has a cognitive complexity of 1, current threshold is 1","Design","CognitiveComplexity"
"29","org.apache.commons.cli","/Users/grantnelson/go/src/github.com/apache/commons-cli/src/test/java/org/apache/commons/cli/OptionBuilderTest.java","3","161","The method 'testCreateIncompleteOption()' has a cyclomatic complexity of 2.","Design","CyclomaticComplexity"
"30","org.apache.commons.cli","/Users/grantnelson/go/src/github.com/apache/commons-cli/src/test/java/org/apache/commons/cli/OptionBuilderTest.java","3","161","The method 'testCreateIncompleteOption()' has an NPath complexity of 1, current threshold is 1","Design","NPathComplexity"
"31","org.apache.commons.cli","/Users/grantnelson/go/src/github.com/apache/commons-cli/src/test/java/org/apache/commons/cli/OptionBuilderTest.java","3","177","The method 'testBuilderIsResettedAlways()' has a NCSS line count of 9.","Design","NcssCount"
"32","org.apache.commons.cli","/Users/grantnelson/go/src/github.com/apache/commons-cli/src/test/java/org/apache/commons/cli/OptionBuilderTest.java","3","177","The method 'testBuilderIsResettedAlways()' has a cognitive complexity of 2, current threshold is 1","Design","CognitiveComplexity"
"33","org.apache.commons.cli","/Users/grantnelson/go/src/github.com/apache/commons-cli/src/test/java/org/apache/commons/cli/OptionBuilderTest.java","3","177","The method 'testBuilderIsResettedAlways()' has a cyclomatic complexity of 3.","Design","CyclomaticComplexity"
"34","org.apache.commons.cli","/Users/grantnelson/go/src/github.com/apache/commons-cli/src/test/java/org/apache/commons/cli/OptionBuilderTest.java","3","177","The method 'testBuilderIsResettedAlways()' has an NPath complexity of 1, current threshold is 1","Design","NPathComplexity"
"1","org.apache.commons.cli","/Users/grantnelson/go/src/github.com/apache/commons-cli/src/test/java/org/apache/commons/cli/OptionGroupTest.java","3","31","A value of 6 may denote a high amount of coupling within the class (threshold: 1)","Design","CouplingBetweenObjects"
"2","org.apache.commons.cli","/Users/grantnelson/go/src/github.com/apache/commons-cli/src/test/java/org/apache/commons/cli/OptionGroupTest.java","3","31","The class 'OptionGroupTest' has a NCSS line count of 133 (Highest = 20).","Design","NcssCount"
"3","org.apache.commons.cli","/Users/grantnelson/go/src/github.com/apache/commons-cli/src/test/java/org/apache/commons/cli/OptionGroupTest.java","3","31","The class 'OptionGroupTest' has a total cyclomatic complexity of 18 (highest 3).","Design","CyclomaticComplexity"
"4","org.apache.commons.cli","/Users/grantnelson/go/src/github.com/apache/commons-cli/src/test/java/org/apache/commons/cli/OptionGroupTest.java","3","31","This class has 14 public methods and attributes; current threshold is 1.","Design","ExcessivePublicCount"
"5","org.apache.commons.cli","/Users/grantnelson/go/src/github.com/apache/commons-cli/src/test/java/org/apache/commons/cli/OptionGroupTest.java","3","37","The method 'setUp()' has a NCSS line count of 20.","Design","NcssCount"
"6","org.apache.commons.cli","/Users/grantnelson/go/src/github.com/apache/commons-cli/src/test/java/org/apache/commons/cli/OptionGroupTest.java","3","37","The method 'setUp()' has a cyclomatic complexity of 1.","Design","CyclomaticComplexity"
"7","org.apache.commons.cli","/Users/grantnelson/go/src/github.com/apache/commons-cli/src/test/java/org/apache/commons/cli/OptionGroupTest.java","3","37","The method 'setUp()' has an NPath complexity of 1, current threshold is 1","Design","NPathComplexity"
"8","org.apache.commons.cli","/Users/grantnelson/go/src/github.com/apache/commons-cli/src/test/java/org/apache/commons/cli/OptionGroupTest.java","3","65","The method 'testSingleOptionFromGroup()' has a NCSS line count of 9.","Design","NcssCount"
"9","org.apache.commons.cli","/Users/grantnelson/go/src/github.com/apache/commons-cli/src/test/java/org/apache/commons/cli/OptionGroupTest.java","3","65","The method 'testSingleOptionFromGroup()' has a cyclomatic complexity of 1.","Design","CyclomaticComplexity"
"10","org.apache.commons.cli","/Users/grantnelson/go/src/github.com/apache/commons-cli/src/test/java/org/apache/commons/cli/OptionGroupTest.java","3","65","The method 'testSingleOptionFromGroup()' has an NPath complexity of 1, current threshold is 1","Design","NPathComplexity"
"11","org.apache.commons.cli","/Users/grantnelson/go/src/github.com/apache/commons-cli/src/test/java/org/apache/commons/cli/OptionGroupTest.java","3","80","The method 'testSingleOption()' has a NCSS line count of 9.","Design","NcssCount"
"12","org.apache.commons.cli","/Users/grantnelson/go/src/github.com/apache/commons-cli/src/test/java/org/apache/commons/cli/OptionGroupTest.java","3","80","The method 'testSingleOption()' has a cyclomatic complexity of 1.","Design","CyclomaticComplexity"
"13","org.apache.commons.cli","/Users/grantnelson/go/src/github.com/apache/commons-cli/src/test/java/org/apache/commons/cli/OptionGroupTest.java","3","80","The method 'testSingleOption()' has an NPath complexity of 1, current threshold is 1","Design","NPathComplexity"
"14","org.apache.commons.cli","/Users/grantnelson/go/src/github.com/apache/commons-cli/src/test/java/org/apache/commons/cli/OptionGroupTest.java","3","95","The method 'testTwoValidOptions()' has a NCSS line count of 9.","Design","NcssCount"
"15","org.apache.commons.cli","/Users/grantnelson/go/src/github.com/apache/commons-cli/src/test/java/org/apache/commons/cli/OptionGroupTest.java","3","95","The method 'testTwoValidOptions()' has a cyclomatic complexity of 1.","Design","CyclomaticComplexity"
"16","org.apache.commons.cli","/Users/grantnelson/go/src/github.com/apache/commons-cli/src/test/java/org/apache/commons/cli/OptionGroupTest.java","3","95","The method 'testTwoValidOptions()' has an NPath complexity of 1, current threshold is 1","Design","NPathComplexity"
"17","org.apache.commons.cli","/Users/grantnelson/go/src/github.com/apache/commons-cli/src/test/java/org/apache/commons/cli/OptionGroupTest.java","3","110","The method 'testSingleLongOption()' has a NCSS line count of 9.","Design","NcssCount"
"18","org.apache.commons.cli","/Users/grantnelson/go/src/github.com/apache/commons-cli/src/test/java/org/apache/commons/cli/OptionGroupTest.java","3","110","The method 'testSingleLongOption()' has a cyclomatic complexity of 1.","Design","CyclomaticComplexity"
"19","org.apache.commons.cli","/Users/grantnelson/go/src/github.com/apache/commons-cli/src/test/java/org/apache/commons/cli/OptionGroupTest.java","3","110","The method 'testSingleLongOption()' has an NPath complexity of 1, current threshold is 1","Design","NPathComplexity"
"20","org.apache.commons.cli","/Users/grantnelson/go/src/github.com/apache/commons-cli/src/test/java/org/apache/commons/cli/OptionGroupTest.java","3","125","The method 'testTwoValidLongOptions()' has a NCSS line count of 9.","Design","NcssCount"
"21","org.apache.commons.cli","/Users/grantnelson/go/src/github.com/apache/commons-cli/src/test/java/org/apache/commons/cli/OptionGroupTest.java","3","125","The method 'testTwoValidLongOptions()' has a cyclomatic complexity of 1.","Design","CyclomaticComplexity"
"22","org.apache.commons.cli","/Users/grantnelson/go/src/github.com/apache/commons-cli/src/test/java/org/apache/commons/cli/OptionGroupTest.java","3","125","The method 'testTwoValidLongOptions()' has an NPath complexity of 1, current threshold is 1","Design","NPathComplexity"
"23","org.apache.commons.cli","/Users/grantnelson/go/src/github.com/apache/commons-cli/src/test/java/org/apache/commons/cli/OptionGroupTest.java","3","140","The method 'testNoOptionsExtraArgs()' has a NCSS line count of 9.","Design","NcssCount"
"24","org.apache.commons.cli","/Users/grantnelson/go/src/github.com/apache/commons-cli/src/test/java/org/apache/commons/cli/OptionGroupTest.java","3","140","The method 'testNoOptionsExtraArgs()' has a cyclomatic complexity of 1.","Design","CyclomaticComplexity"
"25","org.apache.commons.cli","/Users/grantnelson/go/src/github.com/apache/commons-cli/src/test/java/org/apache/commons/cli/OptionGroupTest.java","3","140","The method 'testNoOptionsExtraArgs()' has an NPath complexity of 1, current threshold is 1","Design","NPathComplexity"
"26","org.apache.commons.cli","/Users/grantnelson/go/src/github.com/apache/commons-cli/src/test/java/org/apache/commons/cli/OptionGroupTest.java","3","155","The method 'testTwoOptionsFromGroup()' has a NCSS line count of 8.","Design","NcssCount"
"27","org.apache.commons.cli","/Users/grantnelson/go/src/github.com/apache/commons-cli/src/test/java/org/apache/commons/cli/OptionGroupTest.java","3","155","The method 'testTwoOptionsFromGroup()' has a cognitive complexity of 1, current threshold is 1","Design","CognitiveComplexity"
"28","org.apache.commons.cli","/Users/grantnelson/go/src/github.com/apache/commons-cli/src/test/java/org/apache/commons/cli/OptionGroupTest.java","3","155","The method 'testTwoOptionsFromGroup()' has a cyclomatic complexity of 2.","Design","CyclomaticComplexity"
"29","org.apache.commons.cli","/Users/grantnelson/go/src/github.com/apache/commons-cli/src/test/java/org/apache/commons/cli/OptionGroupTest.java","3","155","The method 'testTwoOptionsFromGroup()' has an NPath complexity of 1, current threshold is 1","Design","NPathComplexity"
"30","org.apache.commons.cli","/Users/grantnelson/go/src/github.com/apache/commons-cli/src/test/java/org/apache/commons/cli/OptionGroupTest.java","3","173","The method 'testTwoLongOptionsFromGroup()' has a NCSS line count of 8.","Design","NcssCount"
"31","org.apache.commons.cli","/Users/grantnelson/go/src/github.com/apache/commons-cli/src/test/java/org/apache/commons/cli/OptionGroupTest.java","3","173","The method 'testTwoLongOptionsFromGroup()' has a cognitive complexity of 1, current threshold is 1","Design","CognitiveComplexity"
"32","org.apache.commons.cli","/Users/grantnelson/go/src/github.com/apache/commons-cli/src/test/java/org/apache/commons/cli/OptionGroupTest.java","3","173","The method 'testTwoLongOptionsFromGroup()' has a cyclomatic complexity of 2.","Design","CyclomaticComplexity"
"33","org.apache.commons.cli","/Users/grantnelson/go/src/github.com/apache/commons-cli/src/test/java/org/apache/commons/cli/OptionGroupTest.java","3","173","The method 'testTwoLongOptionsFromGroup()' has an NPath complexity of 1, current threshold is 1","Design","NPathComplexity"
"34","org.apache.commons.cli","/Users/grantnelson/go/src/github.com/apache/commons-cli/src/test/java/org/apache/commons/cli/OptionGroupTest.java","3","191","The method 'testTwoOptionsFromDifferentGroup()' has a NCSS line count of 9.","Design","NcssCount"
"35","org.apache.commons.cli","/Users/grantnelson/go/src/github.com/apache/commons-cli/src/test/java/org/apache/commons/cli/OptionGroupTest.java","3","191","The method 'testTwoOptionsFromDifferentGroup()' has a cyclomatic complexity of 1.","Design","CyclomaticComplexity"
"36","org.apache.commons.cli","/Users/grantnelson/go/src/github.com/apache/commons-cli/src/test/java/org/apache/commons/cli/OptionGroupTest.java","3","191","The method 'testTwoOptionsFromDifferentGroup()' has an NPath complexity of 1, current threshold is 1","Design","NPathComplexity"
"37","org.apache.commons.cli","/Users/grantnelson/go/src/github.com/apache/commons-cli/src/test/java/org/apache/commons/cli/OptionGroupTest.java","3","205","The method 'testTwoOptionsFromGroupWithProperties()' has a NCSS line count of 7.","Design","NcssCount"
"38","org.apache.commons.cli","/Users/grantnelson/go/src/github.com/apache/commons-cli/src/test/java/org/apache/commons/cli/OptionGroupTest.java","3","205","The method 'testTwoOptionsFromGroupWithProperties()' has a cyclomatic complexity of 1.","Design","CyclomaticComplexity"
"39","org.apache.commons.cli","/Users/grantnelson/go/src/github.com/apache/commons-cli/src/test/java/org/apache/commons/cli/OptionGroupTest.java","3","205","The method 'testTwoOptionsFromGroupWithProperties()' has an NPath complexity of 1, current threshold is 1","Design","NPathComplexity"
"40","org.apache.commons.cli","/Users/grantnelson/go/src/github.com/apache/commons-cli/src/test/java/org/apache/commons/cli/OptionGroupTest.java","3","218","The method 'testValidLongOnlyOptions()' has a NCSS line count of 5.","Design","NcssCount"
"41","org.apache.commons.cli","/Users/grantnelson/go/src/github.com/apache/commons-cli/src/test/java/org/apache/commons/cli/OptionGroupTest.java","3","218","The method 'testValidLongOnlyOptions()' has a cyclomatic complexity of 1.","Design","CyclomaticComplexity"
"42","org.apache.commons.cli","/Users/grantnelson/go/src/github.com/apache/commons-cli/src/test/java/org/apache/commons/cli/OptionGroupTest.java","3","218","The method 'testValidLongOnlyOptions()' has an NPath complexity of 1, current threshold is 1","Design","NPathComplexity"
"43","org.apache.commons.cli","/Users/grantnelson/go/src/github.com/apache/commons-cli/src/test/java/org/apache/commons/cli/OptionGroupTest.java","3","228","The method 'testToString()' has a NCSS line count of 11.","Design","NcssCount"
"44","org.apache.commons.cli","/Users/grantnelson/go/src/github.com/apache/commons-cli/src/test/java/org/apache/commons/cli/OptionGroupTest.java","3","228","The method 'testToString()' has a cognitive complexity of 2, current threshold is 1","Design","CognitiveComplexity"
"45","org.apache.commons.cli","/Users/grantnelson/go/src/github.com/apache/commons-cli/src/test/java/org/apache/commons/cli/OptionGroupTest.java","3","228","The method 'testToString()' has a cyclomatic complexity of 3.","Design","CyclomaticComplexity"
"46","org.apache.commons.cli","/Users/grantnelson/go/src/github.com/apache/commons-cli/src/test/java/org/apache/commons/cli/OptionGroupTest.java","3","228","The method 'testToString()' has an NPath complexity of 4, current threshold is 1","Design","NPathComplexity"
"47","org.apache.commons.cli","/Users/grantnelson/go/src/github.com/apache/commons-cli/src/test/java/org/apache/commons/cli/OptionGroupTest.java","3","248","The method 'testGetNames()' has a NCSS line count of 8.","Design","NcssCount"
"48","org.apache.commons.cli","/Users/grantnelson/go/src/github.com/apache/commons-cli/src/test/java/org/apache/commons/cli/OptionGroupTest.java","3","248","The method 'testGetNames()' has a cyclomatic complexity of 1.","Design","CyclomaticComplexity"
"49","org.apache.commons.cli","/Users/grantnelson/go/src/github.com/apache/commons-cli/src/test/java/org/apache/commons/cli/OptionGroupTest.java","3","248","The method 'testGetNames()' has an NPath complexity of 1, current threshold is 1","Design","NPathComplexity"
"1","org.apache.commons.cli","/Users/grantnelson/go/src/github.com/apache/commons-cli/src/test/java/org/apache/commons/cli/OptionTest.java","3","28","A value of 2 may denote a high amount of coupling within the class (threshold: 1)","Design","CouplingBetweenObjects"
"2","org.apache.commons.cli","/Users/grantnelson/go/src/github.com/apache/commons-cli/src/test/java/org/apache/commons/cli/OptionTest.java","3","28","The class 'OptionTest' has a NCSS line count of 104 (Highest = 16).","Design","NcssCount"
"3","org.apache.commons.cli","/Users/grantnelson/go/src/github.com/apache/commons-cli/src/test/java/org/apache/commons/cli/OptionTest.java","3","28","The class 'OptionTest' has a total cyclomatic complexity of 11 (highest 1).","Design","CyclomaticComplexity"
"4","org.apache.commons.cli","/Users/grantnelson/go/src/github.com/apache/commons-cli/src/test/java/org/apache/commons/cli/OptionTest.java","3","28","This class has 10 public methods and attributes; current threshold is 1.","Design","ExcessivePublicCount"
"5","org.apache.commons.cli","/Users/grantnelson/go/src/github.com/apache/commons-cli/src/test/java/org/apache/commons/cli/OptionTest.java","3","30","The class 'TestOption' has a NCSS line count of 7 (Highest = 3).","Design","NcssCount"
"6","org.apache.commons.cli","/Users/grantnelson/go/src/github.com/apache/commons-cli/src/test/java/org/apache/commons/cli/OptionTest.java","3","30","The class 'TestOption' has a total cyclomatic complexity of 2 (highest 1).","Design","CyclomaticComplexity"
"7","org.apache.commons.cli","/Users/grantnelson/go/src/github.com/apache/commons-cli/src/test/java/org/apache/commons/cli/OptionTest.java","3","30","This class has 2 public methods and attributes; current threshold is 1.","Design","ExcessivePublicCount"
"8","org.apache.commons.cli","/Users/grantnelson/go/src/github.com/apache/commons-cli/src/test/java/org/apache/commons/cli/OptionTest.java","3","34","The constructor 'TestOption(String, boolean, String)' has a NCSS line count of 2.","Design","NcssCount"
"9","org.apache.commons.cli","/Users/grantnelson/go/src/github.com/apache/commons-cli/src/test/java/org/apache/commons/cli/OptionTest.java","3","34","The constructor 'TestOption(String, boolean, String)' has a cyclomatic complexity of 1.","Design","CyclomaticComplexity"
"10","org.apache.commons.cli","/Users/grantnelson/go/src/github.com/apache/commons-cli/src/test/java/org/apache/commons/cli/OptionTest.java","3","34","The constructor 'TestOption(String, boolean, String)' has an NPath complexity of 1, current threshold is 1","Design","NPathComplexity"
"11","org.apache.commons.cli","/Users/grantnelson/go/src/github.com/apache/commons-cli/src/test/java/org/apache/commons/cli/OptionTest.java","3","34","Avoid long parameter lists (3 parameters - threshold is 1).","Design","ExcessiveParameterList"
"12","org.apache.commons.cli","/Users/grantnelson/go/src/github.com/apache/commons-cli/src/test/java/org/apache/commons/cli/OptionTest.java","3","40","The method 'addValue(String)' has a NCSS line count of 3.","Design","NcssCount"
"13","org.apache.commons.cli","/Users/grantnelson/go/src/github.com/apache/commons-cli/src/test/java/org/apache/commons/cli/OptionTest.java","3","40","The method 'addValue(String)' has a cyclomatic complexity of 1.","Design","CyclomaticComplexity"
"14","org.apache.commons.cli","/Users/grantnelson/go/src/github.com/apache/commons-cli/src/test/java/org/apache/commons/cli/OptionTest.java","3","40","The method 'addValue(String)' has an NPath complexity of 1, current threshold is 1","Design","NPathComplexity"
"15","org.apache.commons.cli","/Users/grantnelson/go/src/github.com/apache/commons-cli/src/test/java/org/apache/commons/cli/OptionTest.java","3","40","Avoid long parameter lists (1 parameters - threshold is 1).","Design","ExcessiveParameterList"
"16","org.apache.commons.cli","/Users/grantnelson/go/src/github.com/apache/commons-cli/src/test/java/org/apache/commons/cli/OptionTest.java","3","48","The method 'testClear()' has a NCSS line count of 7.","Design","NcssCount"
"17","org.apache.commons.cli","/Users/grantnelson/go/src/github.com/apache/commons-cli/src/test/java/org/apache/commons/cli/OptionTest.java","3","48","The method 'testClear()' has a cyclomatic complexity of 1.","Design","CyclomaticComplexity"
"18","org.apache.commons.cli","/Users/grantnelson/go/src/github.com/apache/commons-cli/src/test/java/org/apache/commons/cli/OptionTest.java","3","48","The method 'testClear()' has an NPath complexity of 1, current threshold is 1","Design","NPathComplexity"
"19","org.apache.commons.cli","/Users/grantnelson/go/src/github.com/apache/commons-cli/src/test/java/org/apache/commons/cli/OptionTest.java","3","60","The method 'testClone()' has a NCSS line count of 13.","Design","NcssCount"
"20","org.apache.commons.cli","/Users/grantnelson/go/src/github.com/apache/commons-cli/src/test/java/org/apache/commons/cli/OptionTest.java","3","60","The method 'testClone()' has a cyclomatic complexity of 1.","Design","CyclomaticComplexity"
"21","org.apache.commons.cli","/Users/grantnelson/go/src/github.com/apache/commons-cli/src/test/java/org/apache/commons/cli/OptionTest.java","3","60","The method 'testClone()' has an NPath complexity of 1, current threshold is 1","Design","NPathComplexity"
"22","org.apache.commons.cli","/Users/grantnelson/go/src/github.com/apache/commons-cli/src/test/java/org/apache/commons/cli/OptionTest.java","3","77","The method 'testHashCode()' has a NCSS line count of 4.","Design","NcssCount"
"23","org.apache.commons.cli","/Users/grantnelson/go/src/github.com/apache/commons-cli/src/test/java/org/apache/commons/cli/OptionTest.java","3","77","The method 'testHashCode()' has a cyclomatic complexity of 1.","Design","CyclomaticComplexity"
"24","org.apache.commons.cli","/Users/grantnelson/go/src/github.com/apache/commons-cli/src/test/java/org/apache/commons/cli/OptionTest.java","3","77","The method 'testHashCode()' has an NPath complexity of 1, current threshold is 1","Design","NPathComplexity"
"25","org.apache.commons.cli","/Users/grantnelson/go/src/github.com/apache/commons-cli/src/test/java/org/apache/commons/cli/OptionTest.java","3","83","The class 'DefaultOption' has a NCSS line count of 8 (Highest = 3).","Design","NcssCount"
"26","org.apache.commons.cli","/Users/grantnelson/go/src/github.com/apache/commons-cli/src/test/java/org/apache/commons/cli/OptionTest.java","3","83","The class 'DefaultOption' has a total cyclomatic complexity of 3 (highest 2).","Design","CyclomaticComplexity"
"27","org.apache.commons.cli","/Users/grantnelson/go/src/github.com/apache/commons-cli/src/test/java/org/apache/commons/cli/OptionTest.java","3","83","This class has 2 public methods and attributes; current threshold is 1.","Design","ExcessivePublicCount"
"28","org.apache.commons.cli","/Users/grantnelson/go/src/github.com/apache/commons-cli/src/test/java/org/apache/commons/cli/OptionTest.java","3","89","The constructor 'DefaultOption(String, String, String)' has a NCSS line count of 3.","Design","NcssCount"
"29","org.apache.commons.cli","/Users/grantnelson/go/src/github.com/apache/commons-cli/src/test/java/org/apache/commons/cli/OptionTest.java","3","89","The constructor 'DefaultOption(String, String, String)' has a cyclomatic complexity of 1.","Design","CyclomaticComplexity"
"30","org.apache.commons.cli","/Users/grantnelson/go/src/github.com/apache/commons-cli/src/test/java/org/apache/commons/cli/OptionTest.java","3","89","The constructor 'DefaultOption(String, String, String)' has an NPath complexity of 1, current threshold is 1","Design","NPathComplexity"
"31","org.apache.commons.cli","/Users/grantnelson/go/src/github.com/apache/commons-cli/src/test/java/org/apache/commons/cli/OptionTest.java","3","89","Avoid long parameter lists (3 parameters - threshold is 1).","Design","ExcessiveParameterList"
"32","org.apache.commons.cli","/Users/grantnelson/go/src/github.com/apache/commons-cli/src/test/java/org/apache/commons/cli/OptionTest.java","3","96","The method 'getValue()' has a NCSS line count of 2.","Design","NcssCount"
"33","org.apache.commons.cli","/Users/grantnelson/go/src/github.com/apache/commons-cli/src/test/java/org/apache/commons/cli/OptionTest.java","3","96","The method 'getValue()' has a cognitive complexity of 1, current threshold is 1","Design","CognitiveComplexity"
"34","org.apache.commons.cli","/Users/grantnelson/go/src/github.com/apache/commons-cli/src/test/java/org/apache/commons/cli/OptionTest.java","3","96","The method 'getValue()' has a cyclomatic complexity of 2.","Design","CyclomaticComplexity"
"35","org.apache.commons.cli","/Users/grantnelson/go/src/github.com/apache/commons-cli/src/test/java/org/apache/commons/cli/OptionTest.java","3","96","The method 'getValue()' has an NPath complexity of 2, current threshold is 1","Design","NPathComplexity"
"36","org.apache.commons.cli","/Users/grantnelson/go/src/github.com/apache/commons-cli/src/test/java/org/apache/commons/cli/OptionTest.java","3","103","The method 'testSubclass()' has a NCSS line count of 5.","Design","NcssCount"
"37","org.apache.commons.cli","/Users/grantnelson/go/src/github.com/apache/commons-cli/src/test/java/org/apache/commons/cli/OptionTest.java","3","103","The method 'testSubclass()' has a cyclomatic complexity of 1.","Design","CyclomaticComplexity"
"38","org.apache.commons.cli","/Users/grantnelson/go/src/github.com/apache/commons-cli/src/test/java/org/apache/commons/cli/OptionTest.java","3","103","The method 'testSubclass()' has an NPath complexity of 1, current threshold is 1","Design","NPathComplexity"
"39","org.apache.commons.cli","/Users/grantnelson/go/src/github.com/apache/commons-cli/src/test/java/org/apache/commons/cli/OptionTest.java","3","112","The method 'testHasArgName()' has a NCSS line count of 8.","Design","NcssCount"
"40","org.apache.commons.cli","/Users/grantnelson/go/src/github.com/apache/commons-cli/src/test/java/org/apache/commons/cli/OptionTest.java","3","112","The method 'testHasArgName()' has a cyclomatic complexity of 1.","Design","CyclomaticComplexity"
"41","org.apache.commons.cli","/Users/grantnelson/go/src/github.com/apache/commons-cli/src/test/java/org/apache/commons/cli/OptionTest.java","3","112","The method 'testHasArgName()' has an NPath complexity of 1, current threshold is 1","Design","NPathComplexity"
"42","org.apache.commons.cli","/Users/grantnelson/go/src/github.com/apache/commons-cli/src/test/java/org/apache/commons/cli/OptionTest.java","3","127","The method 'testHasArgs()' has a NCSS line count of 12.","Design","NcssCount"
"43","org.apache.commons.cli","/Users/grantnelson/go/src/github.com/apache/commons-cli/src/test/java/org/apache/commons/cli/OptionTest.java","3","127","The method 'testHasArgs()' has a cyclomatic complexity of 1.","Design","CyclomaticComplexity"
"44","org.apache.commons.cli","/Users/grantnelson/go/src/github.com/apache/commons-cli/src/test/java/org/apache/commons/cli/OptionTest.java","3","127","The method 'testHasArgs()' has an NPath complexity of 1, current threshold is 1","Design","NPathComplexity"
"45","org.apache.commons.cli","/Users/grantnelson/go/src/github.com/apache/commons-cli/src/test/java/org/apache/commons/cli/OptionTest.java","3","148","The method 'testGetValue()' has a NCSS line count of 9.","Design","NcssCount"
"46","org.apache.commons.cli","/Users/grantnelson/go/src/github.com/apache/commons-cli/src/test/java/org/apache/commons/cli/OptionTest.java","3","148","The method 'testGetValue()' has a cyclomatic complexity of 1.","Design","CyclomaticComplexity"
"47","org.apache.commons.cli","/Users/grantnelson/go/src/github.com/apache/commons-cli/src/test/java/org/apache/commons/cli/OptionTest.java","3","148","The method 'testGetValue()' has an NPath complexity of 1, current threshold is 1","Design","NPathComplexity"
"48","org.apache.commons.cli","/Users/grantnelson/go/src/github.com/apache/commons-cli/src/test/java/org/apache/commons/cli/OptionTest.java","3","164","The method 'testBuilderMethods()' has a NCSS line count of 16.","Design","NcssCount"
"49","org.apache.commons.cli","/Users/grantnelson/go/src/github.com/apache/commons-cli/src/test/java/org/apache/commons/cli/OptionTest.java","3","164","The method 'testBuilderMethods()' has a cyclomatic complexity of 1.","Design","CyclomaticComplexity"
"50","org.apache.commons.cli","/Users/grantnelson/go/src/github.com/apache/commons-cli/src/test/java/org/apache/commons/cli/OptionTest.java","3","164","The method 'testBuilderMethods()' has an NPath complexity of 1, current threshold is 1","Design","NPathComplexity"
"51","org.apache.commons.cli","/Users/grantnelson/go/src/github.com/apache/commons-cli/src/test/java/org/apache/commons/cli/OptionTest.java","3","200","The method 'testBuilderInsufficientParams1()' has a NCSS line count of 2.","Design","NcssCount"
"52","org.apache.commons.cli","/Users/grantnelson/go/src/github.com/apache/commons-cli/src/test/java/org/apache/commons/cli/OptionTest.java","3","200","The method 'testBuilderInsufficientParams1()' has a cyclomatic complexity of 1.","Design","CyclomaticComplexity"
"53","org.apache.commons.cli","/Users/grantnelson/go/src/github.com/apache/commons-cli/src/test/java/org/apache/commons/cli/OptionTest.java","3","200","The method 'testBuilderInsufficientParams1()' has an NPath complexity of 1, current threshold is 1","Design","NPathComplexity"
"54","org.apache.commons.cli","/Users/grantnelson/go/src/github.com/apache/commons-cli/src/test/java/org/apache/commons/cli/OptionTest.java","3","206","The method 'testBuilderInsufficientParams2()' has a NCSS line count of 2.","Design","NcssCount"
"55","org.apache.commons.cli","/Users/grantnelson/go/src/github.com/apache/commons-cli/src/test/java/org/apache/commons/cli/OptionTest.java","3","206","The method 'testBuilderInsufficientParams2()' has a cyclomatic complexity of 1.","Design","CyclomaticComplexity"
"56","org.apache.commons.cli","/Users/grantnelson/go/src/github.com/apache/commons-cli/src/test/java/org/apache/commons/cli/OptionTest.java","3","206","The method 'testBuilderInsufficientParams2()' has an NPath complexity of 1, current threshold is 1","Design","NPathComplexity"
"57","org.apache.commons.cli","/Users/grantnelson/go/src/github.com/apache/commons-cli/src/test/java/org/apache/commons/cli/OptionTest.java","3","211","The method 'checkOption(Option, String, String, String, int, String, boolean, boolean, char, Class<?>)' has a NCSS line count of 10.","Design","NcssCount"
"58","org.apache.commons.cli","/Users/grantnelson/go/src/github.com/apache/commons-cli/src/test/java/org/apache/commons/cli/OptionTest.java","3","211","The method 'checkOption(Option, String, String, String, int, String, boolean, boolean, char, Class<?>)' has a cyclomatic complexity of 1.","Design","CyclomaticComplexity"
"59","org.apache.commons.cli","/Users/grantnelson/go/src/github.com/apache/commons-cli/src/test/java/org/apache/commons/cli/OptionTest.java","3","211","The method 'checkOption(Option, String, String, String, int, String, boolean, boolean, char, Class<?>)' has an NPath complexity of 1, current threshold is 1","Design","NPathComplexity"
"60","org.apache.commons.cli","/Users/grantnelson/go/src/github.com/apache/commons-cli/src/test/java/org/apache/commons/cli/OptionTest.java","3","211","Avoid long parameter lists (10 parameters - threshold is 1).","Design","ExcessiveParameterList"
"1","org.apache.commons.cli","/Users/grantnelson/go/src/github.com/apache/commons-cli/src/test/java/org/apache/commons/cli/OptionsTest.java","3","31","A value of 4 may denote a high amount of coupling within the class (threshold: 1)","Design","CouplingBetweenObjects"
"2","org.apache.commons.cli","/Users/grantnelson/go/src/github.com/apache/commons-cli/src/test/java/org/apache/commons/cli/OptionsTest.java","3","31","The class 'OptionsTest' has a NCSS line count of 89 (Highest = 24).","Design","NcssCount"
"3","org.apache.commons.cli","/Users/grantnelson/go/src/github.com/apache/commons-cli/src/test/java/org/apache/commons/cli/OptionsTest.java","3","31","The class 'OptionsTest' has a total cyclomatic complexity of 12 (highest 2).","Design","CyclomaticComplexity"
"4","org.apache.commons.cli","/Users/grantnelson/go/src/github.com/apache/commons-cli/src/test/java/org/apache/commons/cli/OptionsTest.java","3","31","This class has 10 public methods and attributes; current threshold is 1.","Design","ExcessivePublicCount"
"5","org.apache.commons.cli","/Users/grantnelson/go/src/github.com/apache/commons-cli/src/test/java/org/apache/commons/cli/OptionsTest.java","3","34","The method 'testSimple()' has a NCSS line count of 6.","Design","NcssCount"
"6","org.apache.commons.cli","/Users/grantnelson/go/src/github.com/apache/commons-cli/src/test/java/org/apache/commons/cli/OptionsTest.java","3","34","The method 'testSimple()' has a cyclomatic complexity of 1.","Design","CyclomaticComplexity"
"7","org.apache.commons.cli","/Users/grantnelson/go/src/github.com/apache/commons-cli/src/test/java/org/apache/commons/cli/OptionsTest.java","3","34","The method 'testSimple()' has an NPath complexity of 1, current threshold is 1","Design","NPathComplexity"
"8","org.apache.commons.cli","/Users/grantnelson/go/src/github.com/apache/commons-cli/src/test/java/org/apache/commons/cli/OptionsTest.java","3","46","The method 'testDuplicateSimple()' has a NCSS line count of 5.","Design","NcssCount"
"9","org.apache.commons.cli","/Users/grantnelson/go/src/github.com/apache/commons-cli/src/test/java/org/apache/commons/cli/OptionsTest.java","3","46","The method 'testDuplicateSimple()' has a cyclomatic complexity of 1.","Design","CyclomaticComplexity"
"10","org.apache.commons.cli","/Users/grantnelson/go/src/github.com/apache/commons-cli/src/test/java/org/apache/commons/cli/OptionsTest.java","3","46","The method 'testDuplicateSimple()' has an NPath complexity of 1, current threshold is 1","Design","NPathComplexity"
"11","org.apache.commons.cli","/Users/grantnelson/go/src/github.com/apache/commons-cli/src/test/java/org/apache/commons/cli/OptionsTest.java","3","56","The method 'testLong()' has a NCSS line count of 6.","Design","NcssCount"
"12","org.apache.commons.cli","/Users/grantnelson/go/src/github.com/apache/commons-cli/src/test/java/org/apache/commons/cli/OptionsTest.java","3","56","The method 'testLong()' has a cyclomatic complexity of 1.","Design","CyclomaticComplexity"
"13","org.apache.commons.cli","/Users/grantnelson/go/src/github.com/apache/commons-cli/src/test/java/org/apache/commons/cli/OptionsTest.java","3","56","The method 'testLong()' has an NPath complexity of 1, current threshold is 1","Design","NPathComplexity"
"14","org.apache.commons.cli","/Users/grantnelson/go/src/github.com/apache/commons-cli/src/test/java/org/apache/commons/cli/OptionsTest.java","3","68","The method 'testDuplicateLong()' has a NCSS line count of 5.","Design","NcssCount"
"15","org.apache.commons.cli","/Users/grantnelson/go/src/github.com/apache/commons-cli/src/test/java/org/apache/commons/cli/OptionsTest.java","3","68","The method 'testDuplicateLong()' has a cyclomatic complexity of 1.","Design","CyclomaticComplexity"
"16","org.apache.commons.cli","/Users/grantnelson/go/src/github.com/apache/commons-cli/src/test/java/org/apache/commons/cli/OptionsTest.java","3","68","The method 'testDuplicateLong()' has an NPath complexity of 1, current threshold is 1","Design","NPathComplexity"
"17","org.apache.commons.cli","/Users/grantnelson/go/src/github.com/apache/commons-cli/src/test/java/org/apache/commons/cli/OptionsTest.java","3","77","The method 'testHelpOptions()' has a NCSS line count of 24.","Design","NcssCount"
"18","org.apache.commons.cli","/Users/grantnelson/go/src/github.com/apache/commons-cli/src/test/java/org/apache/commons/cli/OptionsTest.java","3","77","The method 'testHelpOptions()' has a cyclomatic complexity of 1.","Design","CyclomaticComplexity"
"19","org.apache.commons.cli","/Users/grantnelson/go/src/github.com/apache/commons-cli/src/test/java/org/apache/commons/cli/OptionsTest.java","3","77","The method 'testHelpOptions()' has an NPath complexity of 1, current threshold is 1","Design","NPathComplexity"
"20","org.apache.commons.cli","/Users/grantnelson/go/src/github.com/apache/commons-cli/src/test/java/org/apache/commons/cli/OptionsTest.java","3","109","The method 'testMissingOptionException()' has a NCSS line count of 7.","Design","NcssCount"
"21","org.apache.commons.cli","/Users/grantnelson/go/src/github.com/apache/commons-cli/src/test/java/org/apache/commons/cli/OptionsTest.java","3","109","The method 'testMissingOptionException()' has a cognitive complexity of 1, current threshold is 1","Design","CognitiveComplexity"
"22","org.apache.commons.cli","/Users/grantnelson/go/src/github.com/apache/commons-cli/src/test/java/org/apache/commons/cli/OptionsTest.java","3","109","The method 'testMissingOptionException()' has a cyclomatic complexity of 2.","Design","CyclomaticComplexity"
"23","org.apache.commons.cli","/Users/grantnelson/go/src/github.com/apache/commons-cli/src/test/java/org/apache/commons/cli/OptionsTest.java","3","109","The method 'testMissingOptionException()' has an NPath complexity of 1, current threshold is 1","Design","NPathComplexity"
"24","org.apache.commons.cli","/Users/grantnelson/go/src/github.com/apache/commons-cli/src/test/java/org/apache/commons/cli/OptionsTest.java","3","125","The method 'testMissingOptionsException()' has a NCSS line count of 8.","Design","NcssCount"
"25","org.apache.commons.cli","/Users/grantnelson/go/src/github.com/apache/commons-cli/src/test/java/org/apache/commons/cli/OptionsTest.java","3","125","The method 'testMissingOptionsException()' has a cognitive complexity of 1, current threshold is 1","Design","CognitiveComplexity"
"26","org.apache.commons.cli","/Users/grantnelson/go/src/github.com/apache/commons-cli/src/test/java/org/apache/commons/cli/OptionsTest.java","3","125","The method 'testMissingOptionsException()' has a cyclomatic complexity of 2.","Design","CyclomaticComplexity"
"27","org.apache.commons.cli","/Users/grantnelson/go/src/github.com/apache/commons-cli/src/test/java/org/apache/commons/cli/OptionsTest.java","3","125","The method 'testMissingOptionsException()' has an NPath complexity of 1, current threshold is 1","Design","NPathComplexity"
"28","org.apache.commons.cli","/Users/grantnelson/go/src/github.com/apache/commons-cli/src/test/java/org/apache/commons/cli/OptionsTest.java","3","142","The method 'testToString()' has a NCSS line count of 8.","Design","NcssCount"
"29","org.apache.commons.cli","/Users/grantnelson/go/src/github.com/apache/commons-cli/src/test/java/org/apache/commons/cli/OptionsTest.java","3","142","The method 'testToString()' has a cyclomatic complexity of 1.","Design","CyclomaticComplexity"
"30","org.apache.commons.cli","/Users/grantnelson/go/src/github.com/apache/commons-cli/src/test/java/org/apache/commons/cli/OptionsTest.java","3","142","The method 'testToString()' has an NPath complexity of 1, current threshold is 1","Design","NPathComplexity"
"31","org.apache.commons.cli","/Users/grantnelson/go/src/github.com/apache/commons-cli/src/test/java/org/apache/commons/cli/OptionsTest.java","3","155","The method 'testGetOptionsGroups()' has a NCSS line count of 12.","Design","NcssCount"
"32","org.apache.commons.cli","/Users/grantnelson/go/src/github.com/apache/commons-cli/src/test/java/org/apache/commons/cli/OptionsTest.java","3","155","The method 'testGetOptionsGroups()' has a cyclomatic complexity of 1.","Design","CyclomaticComplexity"
"33","org.apache.commons.cli","/Users/grantnelson/go/src/github.com/apache/commons-cli/src/test/java/org/apache/commons/cli/OptionsTest.java","3","155","The method 'testGetOptionsGroups()' has an NPath complexity of 1, current threshold is 1","Design","NPathComplexity"
"34","org.apache.commons.cli","/Users/grantnelson/go/src/github.com/apache/commons-cli/src/test/java/org/apache/commons/cli/OptionsTest.java","3","175","The method 'testGetMatchingOpts()' has a NCSS line count of 7.","Design","NcssCount"
"35","org.apache.commons.cli","/Users/grantnelson/go/src/github.com/apache/commons-cli/src/test/java/org/apache/commons/cli/OptionsTest.java","3","175","The method 'testGetMatchingOpts()' has a cyclomatic complexity of 1.","Design","CyclomaticComplexity"
"36","org.apache.commons.cli","/Users/grantnelson/go/src/github.com/apache/commons-cli/src/test/java/org/apache/commons/cli/OptionsTest.java","3","175","The method 'testGetMatchingOpts()' has an NPath complexity of 1, current threshold is 1","Design","NPathComplexity"
"1","org.apache.commons.cli","/Users/grantnelson/go/src/github.com/apache/commons-cli/src/test/java/org/apache/commons/cli/ParserTestCase.java","3","36","A value of 7 may denote a high amount of coupling within the class (threshold: 1)","Design","CouplingBetweenObjects"
"2","org.apache.commons.cli","/Users/grantnelson/go/src/github.com/apache/commons-cli/src/test/java/org/apache/commons/cli/ParserTestCase.java","3","36","The class 'ParserTestCase' has a NCSS line count of 552 (Highest = 42).","Design","NcssCount"
"3","org.apache.commons.cli","/Users/grantnelson/go/src/github.com/apache/commons-cli/src/test/java/org/apache/commons/cli/ParserTestCase.java","3","36","The class 'ParserTestCase' has a total cyclomatic complexity of 83 (highest 4).","Design","CyclomaticComplexity"
"4","org.apache.commons.cli","/Users/grantnelson/go/src/github.com/apache/commons-cli/src/test/java/org/apache/commons/cli/ParserTestCase.java","3","36","This class has 59 public methods and attributes; current threshold is 1.","Design","ExcessivePublicCount"
"5","org.apache.commons.cli","/Users/grantnelson/go/src/github.com/apache/commons-cli/src/test/java/org/apache/commons/cli/ParserTestCase.java","3","43","The method 'setUp()' has a NCSS line count of 2.","Design","NcssCount"
"6","org.apache.commons.cli","/Users/grantnelson/go/src/github.com/apache/commons-cli/src/test/java/org/apache/commons/cli/ParserTestCase.java","3","43","The method 'setUp()' has a cyclomatic complexity of 1.","Design","CyclomaticComplexity"
"7","org.apache.commons.cli","/Users/grantnelson/go/src/github.com/apache/commons-cli/src/test/java/org/apache/commons/cli/ParserTestCase.java","3","43","The method 'setUp()' has an NPath complexity of 1, current threshold is 1","Design","NPathComplexity"
"8","org.apache.commons.cli","/Users/grantnelson/go/src/github.com/apache/commons-cli/src/test/java/org/apache/commons/cli/ParserTestCase.java","3","52","The method 'testSimpleShort()' has a NCSS line count of 7.","Design","NcssCount"
"9","org.apache.commons.cli","/Users/grantnelson/go/src/github.com/apache/commons-cli/src/test/java/org/apache/commons/cli/ParserTestCase.java","3","52","The method 'testSimpleShort()' has a cyclomatic complexity of 1.","Design","CyclomaticComplexity"
"10","org.apache.commons.cli","/Users/grantnelson/go/src/github.com/apache/commons-cli/src/test/java/org/apache/commons/cli/ParserTestCase.java","3","52","The method 'testSimpleShort()' has an NPath complexity of 1, current threshold is 1","Design","NPathComplexity"
"11","org.apache.commons.cli","/Users/grantnelson/go/src/github.com/apache/commons-cli/src/test/java/org/apache/commons/cli/ParserTestCase.java","3","67","The method 'testSimpleLong()' has a NCSS line count of 8.","Design","NcssCount"
"12","org.apache.commons.cli","/Users/grantnelson/go/src/github.com/apache/commons-cli/src/test/java/org/apache/commons/cli/ParserTestCase.java","3","67","The method 'testSimpleLong()' has a cyclomatic complexity of 1.","Design","CyclomaticComplexity"
"13","org.apache.commons.cli","/Users/grantnelson/go/src/github.com/apache/commons-cli/src/test/java/org/apache/commons/cli/ParserTestCase.java","3","67","The method 'testSimpleLong()' has an NPath complexity of 1, current threshold is 1","Design","NPathComplexity"
"14","org.apache.commons.cli","/Users/grantnelson/go/src/github.com/apache/commons-cli/src/test/java/org/apache/commons/cli/ParserTestCase.java","3","83","The method 'testMultiple()' has a NCSS line count of 11.","Design","NcssCount"
"15","org.apache.commons.cli","/Users/grantnelson/go/src/github.com/apache/commons-cli/src/test/java/org/apache/commons/cli/ParserTestCase.java","3","83","The method 'testMultiple()' has a cyclomatic complexity of 1.","Design","CyclomaticComplexity"
"16","org.apache.commons.cli","/Users/grantnelson/go/src/github.com/apache/commons-cli/src/test/java/org/apache/commons/cli/ParserTestCase.java","3","83","The method 'testMultiple()' has an NPath complexity of 1, current threshold is 1","Design","NPathComplexity"
"17","org.apache.commons.cli","/Users/grantnelson/go/src/github.com/apache/commons-cli/src/test/java/org/apache/commons/cli/ParserTestCase.java","3","103","The method 'testMultipleWithLong()' has a NCSS line count of 11.","Design","NcssCount"
"18","org.apache.commons.cli","/Users/grantnelson/go/src/github.com/apache/commons-cli/src/test/java/org/apache/commons/cli/ParserTestCase.java","3","103","The method 'testMultipleWithLong()' has a cyclomatic complexity of 1.","Design","CyclomaticComplexity"
"19","org.apache.commons.cli","/Users/grantnelson/go/src/github.com/apache/commons-cli/src/test/java/org/apache/commons/cli/ParserTestCase.java","3","103","The method 'testMultipleWithLong()' has an NPath complexity of 1, current threshold is 1","Design","NPathComplexity"
"20","org.apache.commons.cli","/Users/grantnelson/go/src/github.com/apache/commons-cli/src/test/java/org/apache/commons/cli/ParserTestCase.java","3","123","The method 'testUnrecognizedOption()' has a NCSS line count of 6.","Design","NcssCount"
"21","org.apache.commons.cli","/Users/grantnelson/go/src/github.com/apache/commons-cli/src/test/java/org/apache/commons/cli/ParserTestCase.java","3","123","The method 'testUnrecognizedOption()' has a cognitive complexity of 1, current threshold is 1","Design","CognitiveComplexity"
"22","org.apache.commons.cli","/Users/grantnelson/go/src/github.com/apache/commons-cli/src/test/java/org/apache/commons/cli/ParserTestCase.java","3","123","The method 'testUnrecognizedOption()' has a cyclomatic complexity of 2.","Design","CyclomaticComplexity"
"23","org.apache.commons.cli","/Users/grantnelson/go/src/github.com/apache/commons-cli/src/test/java/org/apache/commons/cli/ParserTestCase.java","3","123","The method 'testUnrecognizedOption()' has an NPath complexity of 1, current threshold is 1","Design","NPathComplexity"
"24","org.apache.commons.cli","/Users/grantnelson/go/src/github.com/apache/commons-cli/src/test/java/org/apache/commons/cli/ParserTestCase.java","3","139","The method 'testMissingArg()' has a NCSS line count of 8.","Design","NcssCount"
"25","org.apache.commons.cli","/Users/grantnelson/go/src/github.com/apache/commons-cli/src/test/java/org/apache/commons/cli/ParserTestCase.java","3","139","The method 'testMissingArg()' has a cognitive complexity of 1, current threshold is 1","Design","CognitiveComplexity"
"26","org.apache.commons.cli","/Users/grantnelson/go/src/github.com/apache/commons-cli/src/test/java/org/apache/commons/cli/ParserTestCase.java","3","139","The method 'testMissingArg()' has a cyclomatic complexity of 2.","Design","CyclomaticComplexity"
"27","org.apache.commons.cli","/Users/grantnelson/go/src/github.com/apache/commons-cli/src/test/java/org/apache/commons/cli/ParserTestCase.java","3","139","The method 'testMissingArg()' has an NPath complexity of 1, current threshold is 1","Design","NPathComplexity"
"28","org.apache.commons.cli","/Users/grantnelson/go/src/github.com/apache/commons-cli/src/test/java/org/apache/commons/cli/ParserTestCase.java","3","159","The method 'testDoubleDash1()' has a NCSS line count of 6.","Design","NcssCount"
"29","org.apache.commons.cli","/Users/grantnelson/go/src/github.com/apache/commons-cli/src/test/java/org/apache/commons/cli/ParserTestCase.java","3","159","The method 'testDoubleDash1()' has a cyclomatic complexity of 1.","Design","CyclomaticComplexity"
"30","org.apache.commons.cli","/Users/grantnelson/go/src/github.com/apache/commons-cli/src/test/java/org/apache/commons/cli/ParserTestCase.java","3","159","The method 'testDoubleDash1()' has an NPath complexity of 1, current threshold is 1","Design","NPathComplexity"
"31","org.apache.commons.cli","/Users/grantnelson/go/src/github.com/apache/commons-cli/src/test/java/org/apache/commons/cli/ParserTestCase.java","3","173","The method 'testDoubleDash2()' has a NCSS line count of 9.","Design","NcssCount"
"32","org.apache.commons.cli","/Users/grantnelson/go/src/github.com/apache/commons-cli/src/test/java/org/apache/commons/cli/ParserTestCase.java","3","173","The method 'testDoubleDash2()' has a cognitive complexity of 1, current threshold is 1","Design","CognitiveComplexity"
"33","org.apache.commons.cli","/Users/grantnelson/go/src/github.com/apache/commons-cli/src/test/java/org/apache/commons/cli/ParserTestCase.java","3","173","The method 'testDoubleDash2()' has a cyclomatic complexity of 2.","Design","CyclomaticComplexity"
"34","org.apache.commons.cli","/Users/grantnelson/go/src/github.com/apache/commons-cli/src/test/java/org/apache/commons/cli/ParserTestCase.java","3","173","The method 'testDoubleDash2()' has an NPath complexity of 1, current threshold is 1","Design","NPathComplexity"
"35","org.apache.commons.cli","/Users/grantnelson/go/src/github.com/apache/commons-cli/src/test/java/org/apache/commons/cli/ParserTestCase.java","3","192","The method 'testSingleDash()' has a NCSS line count of 8.","Design","NcssCount"
"36","org.apache.commons.cli","/Users/grantnelson/go/src/github.com/apache/commons-cli/src/test/java/org/apache/commons/cli/ParserTestCase.java","3","192","The method 'testSingleDash()' has a cyclomatic complexity of 1.","Design","CyclomaticComplexity"
"37","org.apache.commons.cli","/Users/grantnelson/go/src/github.com/apache/commons-cli/src/test/java/org/apache/commons/cli/ParserTestCase.java","3","192","The method 'testSingleDash()' has an NPath complexity of 1, current threshold is 1","Design","NPathComplexity"
"38","org.apache.commons.cli","/Users/grantnelson/go/src/github.com/apache/commons-cli/src/test/java/org/apache/commons/cli/ParserTestCase.java","3","209","The method 'testStopAtUnexpectedArg()' has a NCSS line count of 5.","Design","NcssCount"
"39","org.apache.commons.cli","/Users/grantnelson/go/src/github.com/apache/commons-cli/src/test/java/org/apache/commons/cli/ParserTestCase.java","3","209","The method 'testStopAtUnexpectedArg()' has a cyclomatic complexity of 1.","Design","CyclomaticComplexity"
"40","org.apache.commons.cli","/Users/grantnelson/go/src/github.com/apache/commons-cli/src/test/java/org/apache/commons/cli/ParserTestCase.java","3","209","The method 'testStopAtUnexpectedArg()' has an NPath complexity of 1, current threshold is 1","Design","NPathComplexity"
"41","org.apache.commons.cli","/Users/grantnelson/go/src/github.com/apache/commons-cli/src/test/java/org/apache/commons/cli/ParserTestCase.java","3","222","The method 'testStopAtExpectedArg()' has a NCSS line count of 6.","Design","NcssCount"
"42","org.apache.commons.cli","/Users/grantnelson/go/src/github.com/apache/commons-cli/src/test/java/org/apache/commons/cli/ParserTestCase.java","3","222","The method 'testStopAtExpectedArg()' has a cyclomatic complexity of 1.","Design","CyclomaticComplexity"
"43","org.apache.commons.cli","/Users/grantnelson/go/src/github.com/apache/commons-cli/src/test/java/org/apache/commons/cli/ParserTestCase.java","3","222","The method 'testStopAtExpectedArg()' has an NPath complexity of 1, current threshold is 1","Design","NPathComplexity"
"44","org.apache.commons.cli","/Users/grantnelson/go/src/github.com/apache/commons-cli/src/test/java/org/apache/commons/cli/ParserTestCase.java","3","234","The method 'testStopAtNonOptionShort()' has a NCSS line count of 5.","Design","NcssCount"
"45","org.apache.commons.cli","/Users/grantnelson/go/src/github.com/apache/commons-cli/src/test/java/org/apache/commons/cli/ParserTestCase.java","3","234","The method 'testStopAtNonOptionShort()' has a cyclomatic complexity of 1.","Design","CyclomaticComplexity"
"46","org.apache.commons.cli","/Users/grantnelson/go/src/github.com/apache/commons-cli/src/test/java/org/apache/commons/cli/ParserTestCase.java","3","234","The method 'testStopAtNonOptionShort()' has an NPath complexity of 1, current threshold is 1","Design","NPathComplexity"
"47","org.apache.commons.cli","/Users/grantnelson/go/src/github.com/apache/commons-cli/src/test/java/org/apache/commons/cli/ParserTestCase.java","3","246","The method 'testStopAtNonOptionLong()' has a NCSS line count of 6.","Design","NcssCount"
"48","org.apache.commons.cli","/Users/grantnelson/go/src/github.com/apache/commons-cli/src/test/java/org/apache/commons/cli/ParserTestCase.java","3","246","The method 'testStopAtNonOptionLong()' has a cyclomatic complexity of 1.","Design","CyclomaticComplexity"
"49","org.apache.commons.cli","/Users/grantnelson/go/src/github.com/apache/commons-cli/src/test/java/org/apache/commons/cli/ParserTestCase.java","3","246","The method 'testStopAtNonOptionLong()' has an NPath complexity of 1, current threshold is 1","Design","NPathComplexity"
"50","org.apache.commons.cli","/Users/grantnelson/go/src/github.com/apache/commons-cli/src/test/java/org/apache/commons/cli/ParserTestCase.java","3","260","The method 'testNegativeArgument()' has a NCSS line count of 4.","Design","NcssCount"
"51","org.apache.commons.cli","/Users/grantnelson/go/src/github.com/apache/commons-cli/src/test/java/org/apache/commons/cli/ParserTestCase.java","3","260","The method 'testNegativeArgument()' has a cyclomatic complexity of 1.","Design","CyclomaticComplexity"
"52","org.apache.commons.cli","/Users/grantnelson/go/src/github.com/apache/commons-cli/src/test/java/org/apache/commons/cli/ParserTestCase.java","3","260","The method 'testNegativeArgument()' has an NPath complexity of 1, current threshold is 1","Design","NPathComplexity"
"53","org.apache.commons.cli","/Users/grantnelson/go/src/github.com/apache/commons-cli/src/test/java/org/apache/commons/cli/ParserTestCase.java","3","269","The method 'testNegativeOption()' has a NCSS line count of 5.","Design","NcssCount"
"54","org.apache.commons.cli","/Users/grantnelson/go/src/github.com/apache/commons-cli/src/test/java/org/apache/commons/cli/ParserTestCase.java","3","269","The method 'testNegativeOption()' has a cyclomatic complexity of 1.","Design","CyclomaticComplexity"
"55","org.apache.commons.cli","/Users/grantnelson/go/src/github.com/apache/commons-cli/src/test/java/org/apache/commons/cli/ParserTestCase.java","3","269","The method 'testNegativeOption()' has an NPath complexity of 1, current threshold is 1","Design","NPathComplexity"
"56","org.apache.commons.cli","/Users/grantnelson/go/src/github.com/apache/commons-cli/src/test/java/org/apache/commons/cli/ParserTestCase.java","3","280","The method 'testArgumentStartingWithHyphen()' has a NCSS line count of 4.","Design","NcssCount"
"57","org.apache.commons.cli","/Users/grantnelson/go/src/github.com/apache/commons-cli/src/test/java/org/apache/commons/cli/ParserTestCase.java","3","280","The method 'testArgumentStartingWithHyphen()' has a cyclomatic complexity of 1.","Design","CyclomaticComplexity"
"58","org.apache.commons.cli","/Users/grantnelson/go/src/github.com/apache/commons-cli/src/test/java/org/apache/commons/cli/ParserTestCase.java","3","280","The method 'testArgumentStartingWithHyphen()' has an NPath complexity of 1, current threshold is 1","Design","NPathComplexity"
"59","org.apache.commons.cli","/Users/grantnelson/go/src/github.com/apache/commons-cli/src/test/java/org/apache/commons/cli/ParserTestCase.java","3","289","The method 'testShortWithEqual()' has a NCSS line count of 6.","Design","NcssCount"
"60","org.apache.commons.cli","/Users/grantnelson/go/src/github.com/apache/commons-cli/src/test/java/org/apache/commons/cli/ParserTestCase.java","3","289","The method 'testShortWithEqual()' has a cyclomatic complexity of 1.","Design","CyclomaticComplexity"
"61","org.apache.commons.cli","/Users/grantnelson/go/src/github.com/apache/commons-cli/src/test/java/org/apache/commons/cli/ParserTestCase.java","3","289","The method 'testShortWithEqual()' has an NPath complexity of 1, current threshold is 1","Design","NPathComplexity"
"62","org.apache.commons.cli","/Users/grantnelson/go/src/github.com/apache/commons-cli/src/test/java/org/apache/commons/cli/ParserTestCase.java","3","302","The method 'testShortWithoutEqual()' has a NCSS line count of 6.","Design","NcssCount"
"63","org.apache.commons.cli","/Users/grantnelson/go/src/github.com/apache/commons-cli/src/test/java/org/apache/commons/cli/ParserTestCase.java","3","302","The method 'testShortWithoutEqual()' has a cyclomatic complexity of 1.","Design","CyclomaticComplexity"
"64","org.apache.commons.cli","/Users/grantnelson/go/src/github.com/apache/commons-cli/src/test/java/org/apache/commons/cli/ParserTestCase.java","3","302","The method 'testShortWithoutEqual()' has an NPath complexity of 1, current threshold is 1","Design","NPathComplexity"
"65","org.apache.commons.cli","/Users/grantnelson/go/src/github.com/apache/commons-cli/src/test/java/org/apache/commons/cli/ParserTestCase.java","3","315","The method 'testLongWithEqualDoubleDash()' has a NCSS line count of 6.","Design","NcssCount"
"66","org.apache.commons.cli","/Users/grantnelson/go/src/github.com/apache/commons-cli/src/test/java/org/apache/commons/cli/ParserTestCase.java","3","315","The method 'testLongWithEqualDoubleDash()' has a cyclomatic complexity of 1.","Design","CyclomaticComplexity"
"67","org.apache.commons.cli","/Users/grantnelson/go/src/github.com/apache/commons-cli/src/test/java/org/apache/commons/cli/ParserTestCase.java","3","315","The method 'testLongWithEqualDoubleDash()' has an NPath complexity of 1, current threshold is 1","Design","NPathComplexity"
"68","org.apache.commons.cli","/Users/grantnelson/go/src/github.com/apache/commons-cli/src/test/java/org/apache/commons/cli/ParserTestCase.java","3","328","The method 'testLongWithEqualSingleDash()' has a NCSS line count of 6.","Design","NcssCount"
"69","org.apache.commons.cli","/Users/grantnelson/go/src/github.com/apache/commons-cli/src/test/java/org/apache/commons/cli/ParserTestCase.java","3","328","The method 'testLongWithEqualSingleDash()' has a cyclomatic complexity of 1.","Design","CyclomaticComplexity"
"70","org.apache.commons.cli","/Users/grantnelson/go/src/github.com/apache/commons-cli/src/test/java/org/apache/commons/cli/ParserTestCase.java","3","328","The method 'testLongWithEqualSingleDash()' has an NPath complexity of 1, current threshold is 1","Design","NPathComplexity"
"71","org.apache.commons.cli","/Users/grantnelson/go/src/github.com/apache/commons-cli/src/test/java/org/apache/commons/cli/ParserTestCase.java","3","341","The method 'testLongWithoutEqualSingleDash()' has a NCSS line count of 6.","Design","NcssCount"
"72","org.apache.commons.cli","/Users/grantnelson/go/src/github.com/apache/commons-cli/src/test/java/org/apache/commons/cli/ParserTestCase.java","3","341","The method 'testLongWithoutEqualSingleDash()' has a cyclomatic complexity of 1.","Design","CyclomaticComplexity"
"73","org.apache.commons.cli","/Users/grantnelson/go/src/github.com/apache/commons-cli/src/test/java/org/apache/commons/cli/ParserTestCase.java","3","341","The method 'testLongWithoutEqualSingleDash()' has an NPath complexity of 1, current threshold is 1","Design","NPathComplexity"
"74","org.apache.commons.cli","/Users/grantnelson/go/src/github.com/apache/commons-cli/src/test/java/org/apache/commons/cli/ParserTestCase.java","3","354","The method 'testAmbiguousLongWithoutEqualSingleDash()' has a NCSS line count of 9.","Design","NcssCount"
"75","org.apache.commons.cli","/Users/grantnelson/go/src/github.com/apache/commons-cli/src/test/java/org/apache/commons/cli/ParserTestCase.java","3","354","The method 'testAmbiguousLongWithoutEqualSingleDash()' has a cyclomatic complexity of 1.","Design","CyclomaticComplexity"
"76","org.apache.commons.cli","/Users/grantnelson/go/src/github.com/apache/commons-cli/src/test/java/org/apache/commons/cli/ParserTestCase.java","3","354","The method 'testAmbiguousLongWithoutEqualSingleDash()' has an NPath complexity of 1, current threshold is 1","Design","NPathComplexity"
"77","org.apache.commons.cli","/Users/grantnelson/go/src/github.com/apache/commons-cli/src/test/java/org/apache/commons/cli/ParserTestCase.java","3","370","The method 'testLongWithoutEqualDoubleDash()' has a NCSS line count of 6.","Design","NcssCount"
"78","org.apache.commons.cli","/Users/grantnelson/go/src/github.com/apache/commons-cli/src/test/java/org/apache/commons/cli/ParserTestCase.java","3","370","The method 'testLongWithoutEqualDoubleDash()' has a cyclomatic complexity of 1.","Design","CyclomaticComplexity"
"79","org.apache.commons.cli","/Users/grantnelson/go/src/github.com/apache/commons-cli/src/test/java/org/apache/commons/cli/ParserTestCase.java","3","370","The method 'testLongWithoutEqualDoubleDash()' has an NPath complexity of 1, current threshold is 1","Design","NPathComplexity"
"80","org.apache.commons.cli","/Users/grantnelson/go/src/github.com/apache/commons-cli/src/test/java/org/apache/commons/cli/ParserTestCase.java","3","383","The method 'testLongWithUnexpectedArgument1()' has a NCSS line count of 9.","Design","NcssCount"
"81","org.apache.commons.cli","/Users/grantnelson/go/src/github.com/apache/commons-cli/src/test/java/org/apache/commons/cli/ParserTestCase.java","3","383","The method 'testLongWithUnexpectedArgument1()' has a cognitive complexity of 1, current threshold is 1","Design","CognitiveComplexity"
"82","org.apache.commons.cli","/Users/grantnelson/go/src/github.com/apache/commons-cli/src/test/java/org/apache/commons/cli/ParserTestCase.java","3","383","The method 'testLongWithUnexpectedArgument1()' has a cyclomatic complexity of 2.","Design","CyclomaticComplexity"
"83","org.apache.commons.cli","/Users/grantnelson/go/src/github.com/apache/commons-cli/src/test/java/org/apache/commons/cli/ParserTestCase.java","3","383","The method 'testLongWithUnexpectedArgument1()' has an NPath complexity of 1, current threshold is 1","Design","NPathComplexity"
"84","org.apache.commons.cli","/Users/grantnelson/go/src/github.com/apache/commons-cli/src/test/java/org/apache/commons/cli/ParserTestCase.java","3","404","The method 'testLongWithUnexpectedArgument2()' has a NCSS line count of 9.","Design","NcssCount"
"85","org.apache.commons.cli","/Users/grantnelson/go/src/github.com/apache/commons-cli/src/test/java/org/apache/commons/cli/ParserTestCase.java","3","404","The method 'testLongWithUnexpectedArgument2()' has a cognitive complexity of 1, current threshold is 1","Design","CognitiveComplexity"
"86","org.apache.commons.cli","/Users/grantnelson/go/src/github.com/apache/commons-cli/src/test/java/org/apache/commons/cli/ParserTestCase.java","3","404","The method 'testLongWithUnexpectedArgument2()' has a cyclomatic complexity of 2.","Design","CyclomaticComplexity"
"87","org.apache.commons.cli","/Users/grantnelson/go/src/github.com/apache/commons-cli/src/test/java/org/apache/commons/cli/ParserTestCase.java","3","404","The method 'testLongWithUnexpectedArgument2()' has an NPath complexity of 1, current threshold is 1","Design","NPathComplexity"
"88","org.apache.commons.cli","/Users/grantnelson/go/src/github.com/apache/commons-cli/src/test/java/org/apache/commons/cli/ParserTestCase.java","3","425","The method 'testShortWithUnexpectedArgument()' has a NCSS line count of 9.","Design","NcssCount"
"89","org.apache.commons.cli","/Users/grantnelson/go/src/github.com/apache/commons-cli/src/test/java/org/apache/commons/cli/ParserTestCase.java","3","425","The method 'testShortWithUnexpectedArgument()' has a cognitive complexity of 1, current threshold is 1","Design","CognitiveComplexity"
"90","org.apache.commons.cli","/Users/grantnelson/go/src/github.com/apache/commons-cli/src/test/java/org/apache/commons/cli/ParserTestCase.java","3","425","The method 'testShortWithUnexpectedArgument()' has a cyclomatic complexity of 2.","Design","CyclomaticComplexity"
"91","org.apache.commons.cli","/Users/grantnelson/go/src/github.com/apache/commons-cli/src/test/java/org/apache/commons/cli/ParserTestCase.java","3","425","The method 'testShortWithUnexpectedArgument()' has an NPath complexity of 1, current threshold is 1","Design","NPathComplexity"
"92","org.apache.commons.cli","/Users/grantnelson/go/src/github.com/apache/commons-cli/src/test/java/org/apache/commons/cli/ParserTestCase.java","3","446","The method 'testPropertiesOption1()' has a NCSS line count of 15.","Design","NcssCount"
"93","org.apache.commons.cli","/Users/grantnelson/go/src/github.com/apache/commons-cli/src/test/java/org/apache/commons/cli/ParserTestCase.java","3","446","The method 'testPropertiesOption1()' has a cyclomatic complexity of 1.","Design","CyclomaticComplexity"
"94","org.apache.commons.cli","/Users/grantnelson/go/src/github.com/apache/commons-cli/src/test/java/org/apache/commons/cli/ParserTestCase.java","3","446","The method 'testPropertiesOption1()' has an NPath complexity of 1, current threshold is 1","Design","NPathComplexity"
"95","org.apache.commons.cli","/Users/grantnelson/go/src/github.com/apache/commons-cli/src/test/java/org/apache/commons/cli/ParserTestCase.java","3","469","The method 'testPropertiesOption2()' has a NCSS line count of 12.","Design","NcssCount"
"96","org.apache.commons.cli","/Users/grantnelson/go/src/github.com/apache/commons-cli/src/test/java/org/apache/commons/cli/ParserTestCase.java","3","469","The method 'testPropertiesOption2()' has a cyclomatic complexity of 1.","Design","CyclomaticComplexity"
"97","org.apache.commons.cli","/Users/grantnelson/go/src/github.com/apache/commons-cli/src/test/java/org/apache/commons/cli/ParserTestCase.java","3","469","The method 'testPropertiesOption2()' has an NPath complexity of 1, current threshold is 1","Design","NPathComplexity"
"98","org.apache.commons.cli","/Users/grantnelson/go/src/github.com/apache/commons-cli/src/test/java/org/apache/commons/cli/ParserTestCase.java","3","489","The method 'testUnambiguousPartialLongOption1()' has a NCSS line count of 7.","Design","NcssCount"
"99","org.apache.commons.cli","/Users/grantnelson/go/src/github.com/apache/commons-cli/src/test/java/org/apache/commons/cli/ParserTestCase.java","3","489","The method 'testUnambiguousPartialLongOption1()' has a cyclomatic complexity of 1.","Design","CyclomaticComplexity"
"100","org.apache.commons.cli","/Users/grantnelson/go/src/github.com/apache/commons-cli/src/test/java/org/apache/commons/cli/ParserTestCase.java","3","489","The method 'testUnambiguousPartialLongOption1()' has an NPath complexity of 1, current threshold is 1","Design","NPathComplexity"
"101","org.apache.commons.cli","/Users/grantnelson/go/src/github.com/apache/commons-cli/src/test/java/org/apache/commons/cli/ParserTestCase.java","3","503","The method 'testUnambiguousPartialLongOption2()' has a NCSS line count of 7.","Design","NcssCount"
"102","org.apache.commons.cli","/Users/grantnelson/go/src/github.com/apache/commons-cli/src/test/java/org/apache/commons/cli/ParserTestCase.java","3","503","The method 'testUnambiguousPartialLongOption2()' has a cyclomatic complexity of 1.","Design","CyclomaticComplexity"
"103","org.apache.commons.cli","/Users/grantnelson/go/src/github.com/apache/commons-cli/src/test/java/org/apache/commons/cli/ParserTestCase.java","3","503","The method 'testUnambiguousPartialLongOption2()' has an NPath complexity of 1, current threshold is 1","Design","NPathComplexity"
"104","org.apache.commons.cli","/Users/grantnelson/go/src/github.com/apache/commons-cli/src/test/java/org/apache/commons/cli/ParserTestCase.java","3","517","The method 'testUnambiguousPartialLongOption3()' has a NCSS line count of 8.","Design","NcssCount"
"105","org.apache.commons.cli","/Users/grantnelson/go/src/github.com/apache/commons-cli/src/test/java/org/apache/commons/cli/ParserTestCase.java","3","517","The method 'testUnambiguousPartialLongOption3()' has a cyclomatic complexity of 1.","Design","CyclomaticComplexity"
"106","org.apache.commons.cli","/Users/grantnelson/go/src/github.com/apache/commons-cli/src/test/java/org/apache/commons/cli/ParserTestCase.java","3","517","The method 'testUnambiguousPartialLongOption3()' has an NPath complexity of 1, current threshold is 1","Design","NPathComplexity"
"107","org.apache.commons.cli","/Users/grantnelson/go/src/github.com/apache/commons-cli/src/test/java/org/apache/commons/cli/ParserTestCase.java","3","532","The method 'testUnambiguousPartialLongOption4()' has a NCSS line count of 8.","Design","NcssCount"
"108","org.apache.commons.cli","/Users/grantnelson/go/src/github.com/apache/commons-cli/src/test/java/org/apache/commons/cli/ParserTestCase.java","3","532","The method 'testUnambiguousPartialLongOption4()' has a cyclomatic complexity of 1.","Design","CyclomaticComplexity"
"109","org.apache.commons.cli","/Users/grantnelson/go/src/github.com/apache/commons-cli/src/test/java/org/apache/commons/cli/ParserTestCase.java","3","532","The method 'testUnambiguousPartialLongOption4()' has an NPath complexity of 1, current threshold is 1","Design","NPathComplexity"
"110","org.apache.commons.cli","/Users/grantnelson/go/src/github.com/apache/commons-cli/src/test/java/org/apache/commons/cli/ParserTestCase.java","3","547","The method 'testAmbiguousPartialLongOption1()' has a NCSS line count of 13.","Design","NcssCount"
"111","org.apache.commons.cli","/Users/grantnelson/go/src/github.com/apache/commons-cli/src/test/java/org/apache/commons/cli/ParserTestCase.java","3","547","The method 'testAmbiguousPartialLongOption1()' has a cognitive complexity of 1, current threshold is 1","Design","CognitiveComplexity"
"112","org.apache.commons.cli","/Users/grantnelson/go/src/github.com/apache/commons-cli/src/test/java/org/apache/commons/cli/ParserTestCase.java","3","547","The method 'testAmbiguousPartialLongOption1()' has a cyclomatic complexity of 2.","Design","CyclomaticComplexity"
"113","org.apache.commons.cli","/Users/grantnelson/go/src/github.com/apache/commons-cli/src/test/java/org/apache/commons/cli/ParserTestCase.java","3","547","The method 'testAmbiguousPartialLongOption1()' has an NPath complexity of 1, current threshold is 1","Design","NPathComplexity"
"114","org.apache.commons.cli","/Users/grantnelson/go/src/github.com/apache/commons-cli/src/test/java/org/apache/commons/cli/ParserTestCase.java","3","573","The method 'testAmbiguousPartialLongOption2()' has a NCSS line count of 13.","Design","NcssCount"
"115","org.apache.commons.cli","/Users/grantnelson/go/src/github.com/apache/commons-cli/src/test/java/org/apache/commons/cli/ParserTestCase.java","3","573","The method 'testAmbiguousPartialLongOption2()' has a cognitive complexity of 1, current threshold is 1","Design","CognitiveComplexity"
"116","org.apache.commons.cli","/Users/grantnelson/go/src/github.com/apache/commons-cli/src/test/java/org/apache/commons/cli/ParserTestCase.java","3","573","The method 'testAmbiguousPartialLongOption2()' has a cyclomatic complexity of 2.","Design","CyclomaticComplexity"
"117","org.apache.commons.cli","/Users/grantnelson/go/src/github.com/apache/commons-cli/src/test/java/org/apache/commons/cli/ParserTestCase.java","3","573","The method 'testAmbiguousPartialLongOption2()' has an NPath complexity of 1, current threshold is 1","Design","NPathComplexity"
"118","org.apache.commons.cli","/Users/grantnelson/go/src/github.com/apache/commons-cli/src/test/java/org/apache/commons/cli/ParserTestCase.java","3","599","The method 'testAmbiguousPartialLongOption3()' has a NCSS line count of 13.","Design","NcssCount"
"119","org.apache.commons.cli","/Users/grantnelson/go/src/github.com/apache/commons-cli/src/test/java/org/apache/commons/cli/ParserTestCase.java","3","599","The method 'testAmbiguousPartialLongOption3()' has a cognitive complexity of 1, current threshold is 1","Design","CognitiveComplexity"
"120","org.apache.commons.cli","/Users/grantnelson/go/src/github.com/apache/commons-cli/src/test/java/org/apache/commons/cli/ParserTestCase.java","3","599","The method 'testAmbiguousPartialLongOption3()' has a cyclomatic complexity of 2.","Design","CyclomaticComplexity"
"121","org.apache.commons.cli","/Users/grantnelson/go/src/github.com/apache/commons-cli/src/test/java/org/apache/commons/cli/ParserTestCase.java","3","599","The method 'testAmbiguousPartialLongOption3()' has an NPath complexity of 1, current threshold is 1","Design","NPathComplexity"
"122","org.apache.commons.cli","/Users/grantnelson/go/src/github.com/apache/commons-cli/src/test/java/org/apache/commons/cli/ParserTestCase.java","3","625","The method 'testAmbiguousPartialLongOption4()' has a NCSS line count of 13.","Design","NcssCount"
"123","org.apache.commons.cli","/Users/grantnelson/go/src/github.com/apache/commons-cli/src/test/java/org/apache/commons/cli/ParserTestCase.java","3","625","The method 'testAmbiguousPartialLongOption4()' has a cognitive complexity of 1, current threshold is 1","Design","CognitiveComplexity"
"124","org.apache.commons.cli","/Users/grantnelson/go/src/github.com/apache/commons-cli/src/test/java/org/apache/commons/cli/ParserTestCase.java","3","625","The method 'testAmbiguousPartialLongOption4()' has a cyclomatic complexity of 2.","Design","CyclomaticComplexity"
"125","org.apache.commons.cli","/Users/grantnelson/go/src/github.com/apache/commons-cli/src/test/java/org/apache/commons/cli/ParserTestCase.java","3","625","The method 'testAmbiguousPartialLongOption4()' has an NPath complexity of 1, current threshold is 1","Design","NPathComplexity"
"126","org.apache.commons.cli","/Users/grantnelson/go/src/github.com/apache/commons-cli/src/test/java/org/apache/commons/cli/ParserTestCase.java","3","651","The method 'testPartialLongOptionSingleDash()' has a NCSS line count of 8.","Design","NcssCount"
"127","org.apache.commons.cli","/Users/grantnelson/go/src/github.com/apache/commons-cli/src/test/java/org/apache/commons/cli/ParserTestCase.java","3","651","The method 'testPartialLongOptionSingleDash()' has a cyclomatic complexity of 1.","Design","CyclomaticComplexity"
"128","org.apache.commons.cli","/Users/grantnelson/go/src/github.com/apache/commons-cli/src/test/java/org/apache/commons/cli/ParserTestCase.java","3","651","The method 'testPartialLongOptionSingleDash()' has an NPath complexity of 1, current threshold is 1","Design","NPathComplexity"
"129","org.apache.commons.cli","/Users/grantnelson/go/src/github.com/apache/commons-cli/src/test/java/org/apache/commons/cli/ParserTestCase.java","3","666","The method 'testWithRequiredOption()' has a NCSS line count of 10.","Design","NcssCount"
"130","org.apache.commons.cli","/Users/grantnelson/go/src/github.com/apache/commons-cli/src/test/java/org/apache/commons/cli/ParserTestCase.java","3","666","The method 'testWithRequiredOption()' has a cyclomatic complexity of 1.","Design","CyclomaticComplexity"
"131","org.apache.commons.cli","/Users/grantnelson/go/src/github.com/apache/commons-cli/src/test/java/org/apache/commons/cli/ParserTestCase.java","3","666","The method 'testWithRequiredOption()' has an NPath complexity of 1, current threshold is 1","Design","NPathComplexity"
"132","org.apache.commons.cli","/Users/grantnelson/go/src/github.com/apache/commons-cli/src/test/java/org/apache/commons/cli/ParserTestCase.java","3","683","The method 'testOptionAndRequiredOption()' has a NCSS line count of 10.","Design","NcssCount"
"133","org.apache.commons.cli","/Users/grantnelson/go/src/github.com/apache/commons-cli/src/test/java/org/apache/commons/cli/ParserTestCase.java","3","683","The method 'testOptionAndRequiredOption()' has a cyclomatic complexity of 1.","Design","CyclomaticComplexity"
"134","org.apache.commons.cli","/Users/grantnelson/go/src/github.com/apache/commons-cli/src/test/java/org/apache/commons/cli/ParserTestCase.java","3","683","The method 'testOptionAndRequiredOption()' has an NPath complexity of 1, current threshold is 1","Design","NPathComplexity"
"135","org.apache.commons.cli","/Users/grantnelson/go/src/github.com/apache/commons-cli/src/test/java/org/apache/commons/cli/ParserTestCase.java","3","700","The method 'testMissingRequiredOption()' has a NCSS line count of 12.","Design","NcssCount"
"136","org.apache.commons.cli","/Users/grantnelson/go/src/github.com/apache/commons-cli/src/test/java/org/apache/commons/cli/ParserTestCase.java","3","700","The method 'testMissingRequiredOption()' has a cognitive complexity of 2, current threshold is 1","Design","CognitiveComplexity"
"137","org.apache.commons.cli","/Users/grantnelson/go/src/github.com/apache/commons-cli/src/test/java/org/apache/commons/cli/ParserTestCase.java","3","700","The method 'testMissingRequiredOption()' has a cyclomatic complexity of 3.","Design","CyclomaticComplexity"
"138","org.apache.commons.cli","/Users/grantnelson/go/src/github.com/apache/commons-cli/src/test/java/org/apache/commons/cli/ParserTestCase.java","3","700","The method 'testMissingRequiredOption()' has an NPath complexity of 1, current threshold is 1","Design","NPathComplexity"
"139","org.apache.commons.cli","/Users/grantnelson/go/src/github.com/apache/commons-cli/src/test/java/org/apache/commons/cli/ParserTestCase.java","3","725","The method 'testMissingRequiredOptions()' has a NCSS line count of 14.","Design","NcssCount"
"140","org.apache.commons.cli","/Users/grantnelson/go/src/github.com/apache/commons-cli/src/test/java/org/apache/commons/cli/ParserTestCase.java","3","725","The method 'testMissingRequiredOptions()' has a cognitive complexity of 2, current threshold is 1","Design","CognitiveComplexity"
"141","org.apache.commons.cli","/Users/grantnelson/go/src/github.com/apache/commons-cli/src/test/java/org/apache/commons/cli/ParserTestCase.java","3","725","The method 'testMissingRequiredOptions()' has a cyclomatic complexity of 3.","Design","CyclomaticComplexity"
"142","org.apache.commons.cli","/Users/grantnelson/go/src/github.com/apache/commons-cli/src/test/java/org/apache/commons/cli/ParserTestCase.java","3","725","The method 'testMissingRequiredOptions()' has an NPath complexity of 1, current threshold is 1","Design","NPathComplexity"
"143","org.apache.commons.cli","/Users/grantnelson/go/src/github.com/apache/commons-cli/src/test/java/org/apache/commons/cli/ParserTestCase.java","3","752","The method 'testMissingRequiredGroup()' has a NCSS line count of 15.","Design","NcssCount"
"144","org.apache.commons.cli","/Users/grantnelson/go/src/github.com/apache/commons-cli/src/test/java/org/apache/commons/cli/ParserTestCase.java","3","752","The method 'testMissingRequiredGroup()' has a cognitive complexity of 2, current threshold is 1","Design","CognitiveComplexity"
"145","org.apache.commons.cli","/Users/grantnelson/go/src/github.com/apache/commons-cli/src/test/java/org/apache/commons/cli/ParserTestCase.java","3","752","The method 'testMissingRequiredGroup()' has a cyclomatic complexity of 3.","Design","CyclomaticComplexity"
"146","org.apache.commons.cli","/Users/grantnelson/go/src/github.com/apache/commons-cli/src/test/java/org/apache/commons/cli/ParserTestCase.java","3","752","The method 'testMissingRequiredGroup()' has an NPath complexity of 1, current threshold is 1","Design","NPathComplexity"
"147","org.apache.commons.cli","/Users/grantnelson/go/src/github.com/apache/commons-cli/src/test/java/org/apache/commons/cli/ParserTestCase.java","3","780","The method 'testOptionGroup()' has a NCSS line count of 8.","Design","NcssCount"
"148","org.apache.commons.cli","/Users/grantnelson/go/src/github.com/apache/commons-cli/src/test/java/org/apache/commons/cli/ParserTestCase.java","3","780","The method 'testOptionGroup()' has a cyclomatic complexity of 1.","Design","CyclomaticComplexity"
"149","org.apache.commons.cli","/Users/grantnelson/go/src/github.com/apache/commons-cli/src/test/java/org/apache/commons/cli/ParserTestCase.java","3","780","The method 'testOptionGroup()' has an NPath complexity of 1, current threshold is 1","Design","NPathComplexity"
"150","org.apache.commons.cli","/Users/grantnelson/go/src/github.com/apache/commons-cli/src/test/java/org/apache/commons/cli/ParserTestCase.java","3","795","The method 'testOptionGroupLong()' has a NCSS line count of 9.","Design","NcssCount"
"151","org.apache.commons.cli","/Users/grantnelson/go/src/github.com/apache/commons-cli/src/test/java/org/apache/commons/cli/ParserTestCase.java","3","795","The method 'testOptionGroupLong()' has a cyclomatic complexity of 1.","Design","CyclomaticComplexity"
"152","org.apache.commons.cli","/Users/grantnelson/go/src/github.com/apache/commons-cli/src/test/java/org/apache/commons/cli/ParserTestCase.java","3","795","The method 'testOptionGroupLong()' has an NPath complexity of 1, current threshold is 1","Design","NPathComplexity"
"153","org.apache.commons.cli","/Users/grantnelson/go/src/github.com/apache/commons-cli/src/test/java/org/apache/commons/cli/ParserTestCase.java","3","811","The method 'testReuseOptionsTwice()' has a NCSS line count of 7.","Design","NcssCount"
"154","org.apache.commons.cli","/Users/grantnelson/go/src/github.com/apache/commons-cli/src/test/java/org/apache/commons/cli/ParserTestCase.java","3","811","The method 'testReuseOptionsTwice()' has a cognitive complexity of 1, current threshold is 1","Design","CognitiveComplexity"
"155","org.apache.commons.cli","/Users/grantnelson/go/src/github.com/apache/commons-cli/src/test/java/org/apache/commons/cli/ParserTestCase.java","3","811","The method 'testReuseOptionsTwice()' has a cyclomatic complexity of 2.","Design","CyclomaticComplexity"
"156","org.apache.commons.cli","/Users/grantnelson/go/src/github.com/apache/commons-cli/src/test/java/org/apache/commons/cli/ParserTestCase.java","3","811","The method 'testReuseOptionsTwice()' has an NPath complexity of 1, current threshold is 1","Design","NPathComplexity"
"157","org.apache.commons.cli","/Users/grantnelson/go/src/github.com/apache/commons-cli/src/test/java/org/apache/commons/cli/ParserTestCase.java","3","832","The method 'testBursting()' has a NCSS line count of 8.","Design","NcssCount"
"158","org.apache.commons.cli","/Users/grantnelson/go/src/github.com/apache/commons-cli/src/test/java/org/apache/commons/cli/ParserTestCase.java","3","832","The method 'testBursting()' has a cyclomatic complexity of 1.","Design","CyclomaticComplexity"
"159","org.apache.commons.cli","/Users/grantnelson/go/src/github.com/apache/commons-cli/src/test/java/org/apache/commons/cli/ParserTestCase.java","3","832","The method 'testBursting()' has an NPath complexity of 1, current threshold is 1","Design","NPathComplexity"
"160","org.apache.commons.cli","/Users/grantnelson/go/src/github.com/apache/commons-cli/src/test/java/org/apache/commons/cli/ParserTestCase.java","3","846","The method 'testUnrecognizedOptionWithBursting()' has a NCSS line count of 6.","Design","NcssCount"
"161","org.apache.commons.cli","/Users/grantnelson/go/src/github.com/apache/commons-cli/src/test/java/org/apache/commons/cli/ParserTestCase.java","3","846","The method 'testUnrecognizedOptionWithBursting()' has a cognitive complexity of 1, current threshold is 1","Design","CognitiveComplexity"
"162","org.apache.commons.cli","/Users/grantnelson/go/src/github.com/apache/commons-cli/src/test/java/org/apache/commons/cli/ParserTestCase.java","3","846","The method 'testUnrecognizedOptionWithBursting()' has a cyclomatic complexity of 2.","Design","CyclomaticComplexity"
"163","org.apache.commons.cli","/Users/grantnelson/go/src/github.com/apache/commons-cli/src/test/java/org/apache/commons/cli/ParserTestCase.java","3","846","The method 'testUnrecognizedOptionWithBursting()' has an NPath complexity of 1, current threshold is 1","Design","NPathComplexity"
"164","org.apache.commons.cli","/Users/grantnelson/go/src/github.com/apache/commons-cli/src/test/java/org/apache/commons/cli/ParserTestCase.java","3","862","The method 'testMissingArgWithBursting()' has a NCSS line count of 8.","Design","NcssCount"
"165","org.apache.commons.cli","/Users/grantnelson/go/src/github.com/apache/commons-cli/src/test/java/org/apache/commons/cli/ParserTestCase.java","3","862","The method 'testMissingArgWithBursting()' has a cognitive complexity of 1, current threshold is 1","Design","CognitiveComplexity"
"166","org.apache.commons.cli","/Users/grantnelson/go/src/github.com/apache/commons-cli/src/test/java/org/apache/commons/cli/ParserTestCase.java","3","862","The method 'testMissingArgWithBursting()' has a cyclomatic complexity of 2.","Design","CyclomaticComplexity"
"167","org.apache.commons.cli","/Users/grantnelson/go/src/github.com/apache/commons-cli/src/test/java/org/apache/commons/cli/ParserTestCase.java","3","862","The method 'testMissingArgWithBursting()' has an NPath complexity of 1, current threshold is 1","Design","NPathComplexity"
"168","org.apache.commons.cli","/Users/grantnelson/go/src/github.com/apache/commons-cli/src/test/java/org/apache/commons/cli/ParserTestCase.java","3","882","The method 'testStopBursting()' has a NCSS line count of 7.","Design","NcssCount"
"169","org.apache.commons.cli","/Users/grantnelson/go/src/github.com/apache/commons-cli/src/test/java/org/apache/commons/cli/ParserTestCase.java","3","882","The method 'testStopBursting()' has a cyclomatic complexity of 1.","Design","CyclomaticComplexity"
"170","org.apache.commons.cli","/Users/grantnelson/go/src/github.com/apache/commons-cli/src/test/java/org/apache/commons/cli/ParserTestCase.java","3","882","The method 'testStopBursting()' has an NPath complexity of 1, current threshold is 1","Design","NPathComplexity"
"171","org.apache.commons.cli","/Users/grantnelson/go/src/github.com/apache/commons-cli/src/test/java/org/apache/commons/cli/ParserTestCase.java","3","895","The method 'testStopBursting2()' has a NCSS line count of 11.","Design","NcssCount"
"172","org.apache.commons.cli","/Users/grantnelson/go/src/github.com/apache/commons-cli/src/test/java/org/apache/commons/cli/ParserTestCase.java","3","895","The method 'testStopBursting2()' has a cyclomatic complexity of 1.","Design","CyclomaticComplexity"
"173","org.apache.commons.cli","/Users/grantnelson/go/src/github.com/apache/commons-cli/src/test/java/org/apache/commons/cli/ParserTestCase.java","3","895","The method 'testStopBursting2()' has an NPath complexity of 1, current threshold is 1","Design","NPathComplexity"
"174","org.apache.commons.cli","/Users/grantnelson/go/src/github.com/apache/commons-cli/src/test/java/org/apache/commons/cli/ParserTestCase.java","3","913","The method 'testUnlimitedArgs()' has a NCSS line count of 10.","Design","NcssCount"
"175","org.apache.commons.cli","/Users/grantnelson/go/src/github.com/apache/commons-cli/src/test/java/org/apache/commons/cli/ParserTestCase.java","3","913","The method 'testUnlimitedArgs()' has a cyclomatic complexity of 1.","Design","CyclomaticComplexity"
"176","org.apache.commons.cli","/Users/grantnelson/go/src/github.com/apache/commons-cli/src/test/java/org/apache/commons/cli/ParserTestCase.java","3","913","The method 'testUnlimitedArgs()' has an NPath complexity of 1, current threshold is 1","Design","NPathComplexity"
"177","org.apache.commons.cli","/Users/grantnelson/go/src/github.com/apache/commons-cli/src/test/java/org/apache/commons/cli/ParserTestCase.java","3","930","The method 'parse(CommandLineParser, Options, String[], Properties)' has a NCSS line count of 8.","Design","NcssCount"
"178","org.apache.commons.cli","/Users/grantnelson/go/src/github.com/apache/commons-cli/src/test/java/org/apache/commons/cli/ParserTestCase.java","3","930","The method 'parse(CommandLineParser, Options, String[], Properties)' has a cognitive complexity of 3, current threshold is 1","Design","CognitiveComplexity"
"179","org.apache.commons.cli","/Users/grantnelson/go/src/github.com/apache/commons-cli/src/test/java/org/apache/commons/cli/ParserTestCase.java","3","930","The method 'parse(CommandLineParser, Options, String[], Properties)' has a cyclomatic complexity of 4.","Design","CyclomaticComplexity"
"180","org.apache.commons.cli","/Users/grantnelson/go/src/github.com/apache/commons-cli/src/test/java/org/apache/commons/cli/ParserTestCase.java","3","930","The method 'parse(CommandLineParser, Options, String[], Properties)' has an NPath complexity of 3, current threshold is 1","Design","NPathComplexity"
"181","org.apache.commons.cli","/Users/grantnelson/go/src/github.com/apache/commons-cli/src/test/java/org/apache/commons/cli/ParserTestCase.java","3","930","Avoid long parameter lists (4 parameters - threshold is 1).","Design","ExcessiveParameterList"
"182","org.apache.commons.cli","/Users/grantnelson/go/src/github.com/apache/commons-cli/src/test/java/org/apache/commons/cli/ParserTestCase.java","3","941","The method 'testPropertyOptionSingularValue()' has a NCSS line count of 9.","Design","NcssCount"
"183","org.apache.commons.cli","/Users/grantnelson/go/src/github.com/apache/commons-cli/src/test/java/org/apache/commons/cli/ParserTestCase.java","3","941","The method 'testPropertyOptionSingularValue()' has a cyclomatic complexity of 1.","Design","CyclomaticComplexity"
"184","org.apache.commons.cli","/Users/grantnelson/go/src/github.com/apache/commons-cli/src/test/java/org/apache/commons/cli/ParserTestCase.java","3","941","The method 'testPropertyOptionSingularValue()' has an NPath complexity of 1, current threshold is 1","Design","NPathComplexity"
"185","org.apache.commons.cli","/Users/grantnelson/go/src/github.com/apache/commons-cli/src/test/java/org/apache/commons/cli/ParserTestCase.java","3","956","The method 'testPropertyOptionFlags()' has a NCSS line count of 42.","Design","NcssCount"
"186","org.apache.commons.cli","/Users/grantnelson/go/src/github.com/apache/commons-cli/src/test/java/org/apache/commons/cli/ParserTestCase.java","3","956","The method 'testPropertyOptionFlags()' has a cyclomatic complexity of 1.","Design","CyclomaticComplexity"
"187","org.apache.commons.cli","/Users/grantnelson/go/src/github.com/apache/commons-cli/src/test/java/org/apache/commons/cli/ParserTestCase.java","3","956","The method 'testPropertyOptionFlags()' has an NPath complexity of 1, current threshold is 1","Design","NPathComplexity"
"188","org.apache.commons.cli","/Users/grantnelson/go/src/github.com/apache/commons-cli/src/test/java/org/apache/commons/cli/ParserTestCase.java","3","1016","The method 'testPropertyOptionMultipleValues()' has a NCSS line count of 9.","Design","NcssCount"
"189","org.apache.commons.cli","/Users/grantnelson/go/src/github.com/apache/commons-cli/src/test/java/org/apache/commons/cli/ParserTestCase.java","3","1016","The method 'testPropertyOptionMultipleValues()' has a cyclomatic complexity of 1.","Design","CyclomaticComplexity"
"190","org.apache.commons.cli","/Users/grantnelson/go/src/github.com/apache/commons-cli/src/test/java/org/apache/commons/cli/ParserTestCase.java","3","1016","The method 'testPropertyOptionMultipleValues()' has an NPath complexity of 1, current threshold is 1","Design","NPathComplexity"
"191","org.apache.commons.cli","/Users/grantnelson/go/src/github.com/apache/commons-cli/src/test/java/org/apache/commons/cli/ParserTestCase.java","3","1032","The method 'testPropertyOverrideValues()' has a NCSS line count of 13.","Design","NcssCount"
"192","org.apache.commons.cli","/Users/grantnelson/go/src/github.com/apache/commons-cli/src/test/java/org/apache/commons/cli/ParserTestCase.java","3","1032","The method 'testPropertyOverrideValues()' has a cyclomatic complexity of 1.","Design","CyclomaticComplexity"
"193","org.apache.commons.cli","/Users/grantnelson/go/src/github.com/apache/commons-cli/src/test/java/org/apache/commons/cli/ParserTestCase.java","3","1032","The method 'testPropertyOverrideValues()' has an NPath complexity of 1, current threshold is 1","Design","NPathComplexity"
"194","org.apache.commons.cli","/Users/grantnelson/go/src/github.com/apache/commons-cli/src/test/java/org/apache/commons/cli/ParserTestCase.java","3","1052","The method 'testPropertyOptionRequired()' has a NCSS line count of 7.","Design","NcssCount"
"195","org.apache.commons.cli","/Users/grantnelson/go/src/github.com/apache/commons-cli/src/test/java/org/apache/commons/cli/ParserTestCase.java","3","1052","The method 'testPropertyOptionRequired()' has a cyclomatic complexity of 1.","Design","CyclomaticComplexity"
"196","org.apache.commons.cli","/Users/grantnelson/go/src/github.com/apache/commons-cli/src/test/java/org/apache/commons/cli/ParserTestCase.java","3","1052","The method 'testPropertyOptionRequired()' has an NPath complexity of 1, current threshold is 1","Design","NPathComplexity"
"197","org.apache.commons.cli","/Users/grantnelson/go/src/github.com/apache/commons-cli/src/test/java/org/apache/commons/cli/ParserTestCase.java","3","1065","The method 'testPropertyOptionUnexpected()' has a NCSS line count of 7.","Design","NcssCount"
"198","org.apache.commons.cli","/Users/grantnelson/go/src/github.com/apache/commons-cli/src/test/java/org/apache/commons/cli/ParserTestCase.java","3","1065","The method 'testPropertyOptionUnexpected()' has a cognitive complexity of 1, current threshold is 1","Design","CognitiveComplexity"
"199","org.apache.commons.cli","/Users/grantnelson/go/src/github.com/apache/commons-cli/src/test/java/org/apache/commons/cli/ParserTestCase.java","3","1065","The method 'testPropertyOptionUnexpected()' has a cyclomatic complexity of 2.","Design","CyclomaticComplexity"
"200","org.apache.commons.cli","/Users/grantnelson/go/src/github.com/apache/commons-cli/src/test/java/org/apache/commons/cli/ParserTestCase.java","3","1065","The method 'testPropertyOptionUnexpected()' has an NPath complexity of 1, current threshold is 1","Design","NPathComplexity"
"201","org.apache.commons.cli","/Users/grantnelson/go/src/github.com/apache/commons-cli/src/test/java/org/apache/commons/cli/ParserTestCase.java","3","1081","The method 'testPropertyOptionGroup()' has a NCSS line count of 19.","Design","NcssCount"
"202","org.apache.commons.cli","/Users/grantnelson/go/src/github.com/apache/commons-cli/src/test/java/org/apache/commons/cli/ParserTestCase.java","3","1081","The method 'testPropertyOptionGroup()' has a cyclomatic complexity of 1.","Design","CyclomaticComplexity"
"203","org.apache.commons.cli","/Users/grantnelson/go/src/github.com/apache/commons-cli/src/test/java/org/apache/commons/cli/ParserTestCase.java","3","1081","The method 'testPropertyOptionGroup()' has an NPath complexity of 1, current threshold is 1","Design","NPathComplexity"
"1","org.apache.commons.cli","/Users/grantnelson/go/src/github.com/apache/commons-cli/src/test/java/org/apache/commons/cli/PatternOptionBuilderTest.java","3","38","A value of 3 may denote a high amount of coupling within the class (threshold: 1)","Design","CouplingBetweenObjects"
"2","org.apache.commons.cli","/Users/grantnelson/go/src/github.com/apache/commons-cli/src/test/java/org/apache/commons/cli/PatternOptionBuilderTest.java","3","38","The class 'PatternOptionBuilderTest' has a NCSS line count of 84 (Highest = 29).","Design","NcssCount"
"3","org.apache.commons.cli","/Users/grantnelson/go/src/github.com/apache/commons-cli/src/test/java/org/apache/commons/cli/PatternOptionBuilderTest.java","3","38","The class 'PatternOptionBuilderTest' has a total cyclomatic complexity of 12 (highest 3).","Design","CyclomaticComplexity"
"4","org.apache.commons.cli","/Users/grantnelson/go/src/github.com/apache/commons-cli/src/test/java/org/apache/commons/cli/PatternOptionBuilderTest.java","3","38","This class has 9 public methods and attributes; current threshold is 1.","Design","ExcessivePublicCount"
"5","org.apache.commons.cli","/Users/grantnelson/go/src/github.com/apache/commons-cli/src/test/java/org/apache/commons/cli/PatternOptionBuilderTest.java","3","41","The method 'testSimplePattern()' has a NCSS line count of 29.","Design","NcssCount"
"6","org.apache.commons.cli","/Users/grantnelson/go/src/github.com/apache/commons-cli/src/test/java/org/apache/commons/cli/PatternOptionBuilderTest.java","3","41","The method 'testSimplePattern()' has a cognitive complexity of 2, current threshold is 1","Design","CognitiveComplexity"
"7","org.apache.commons.cli","/Users/grantnelson/go/src/github.com/apache/commons-cli/src/test/java/org/apache/commons/cli/PatternOptionBuilderTest.java","3","41","The method 'testSimplePattern()' has a cyclomatic complexity of 3.","Design","CyclomaticComplexity"
"8","org.apache.commons.cli","/Users/grantnelson/go/src/github.com/apache/commons-cli/src/test/java/org/apache/commons/cli/PatternOptionBuilderTest.java","3","41","The method 'testSimplePattern()' has an NPath complexity of 1, current threshold is 1","Design","NPathComplexity"
"9","org.apache.commons.cli","/Users/grantnelson/go/src/github.com/apache/commons-cli/src/test/java/org/apache/commons/cli/PatternOptionBuilderTest.java","3","88","The method 'testEmptyPattern()' has a NCSS line count of 3.","Design","NcssCount"
"10","org.apache.commons.cli","/Users/grantnelson/go/src/github.com/apache/commons-cli/src/test/java/org/apache/commons/cli/PatternOptionBuilderTest.java","3","88","The method 'testEmptyPattern()' has a cyclomatic complexity of 1.","Design","CyclomaticComplexity"
"11","org.apache.commons.cli","/Users/grantnelson/go/src/github.com/apache/commons-cli/src/test/java/org/apache/commons/cli/PatternOptionBuilderTest.java","3","88","The method 'testEmptyPattern()' has an NPath complexity of 1, current threshold is 1","Design","NPathComplexity"
"12","org.apache.commons.cli","/Users/grantnelson/go/src/github.com/apache/commons-cli/src/test/java/org/apache/commons/cli/PatternOptionBuilderTest.java","3","95","The method 'testUntypedPattern()' has a NCSS line count of 10.","Design","NcssCount"
"13","org.apache.commons.cli","/Users/grantnelson/go/src/github.com/apache/commons-cli/src/test/java/org/apache/commons/cli/PatternOptionBuilderTest.java","3","95","The method 'testUntypedPattern()' has a cyclomatic complexity of 1.","Design","CyclomaticComplexity"
"14","org.apache.commons.cli","/Users/grantnelson/go/src/github.com/apache/commons-cli/src/test/java/org/apache/commons/cli/PatternOptionBuilderTest.java","3","95","The method 'testUntypedPattern()' has an NPath complexity of 1, current threshold is 1","Design","NPathComplexity"
"15","org.apache.commons.cli","/Users/grantnelson/go/src/github.com/apache/commons-cli/src/test/java/org/apache/commons/cli/PatternOptionBuilderTest.java","3","110","The method 'testNumberPattern()' has a NCSS line count of 9.","Design","NcssCount"
"16","org.apache.commons.cli","/Users/grantnelson/go/src/github.com/apache/commons-cli/src/test/java/org/apache/commons/cli/PatternOptionBuilderTest.java","3","110","The method 'testNumberPattern()' has a cyclomatic complexity of 1.","Design","CyclomaticComplexity"
"17","org.apache.commons.cli","/Users/grantnelson/go/src/github.com/apache/commons-cli/src/test/java/org/apache/commons/cli/PatternOptionBuilderTest.java","3","110","The method 'testNumberPattern()' has an NPath complexity of 1, current threshold is 1","Design","NPathComplexity"
"18","org.apache.commons.cli","/Users/grantnelson/go/src/github.com/apache/commons-cli/src/test/java/org/apache/commons/cli/PatternOptionBuilderTest.java","3","126","The method 'testClassPattern()' has a NCSS line count of 6.","Design","NcssCount"
"19","org.apache.commons.cli","/Users/grantnelson/go/src/github.com/apache/commons-cli/src/test/java/org/apache/commons/cli/PatternOptionBuilderTest.java","3","126","The method 'testClassPattern()' has a cyclomatic complexity of 1.","Design","CyclomaticComplexity"
"20","org.apache.commons.cli","/Users/grantnelson/go/src/github.com/apache/commons-cli/src/test/java/org/apache/commons/cli/PatternOptionBuilderTest.java","3","126","The method 'testClassPattern()' has an NPath complexity of 1, current threshold is 1","Design","NPathComplexity"
"21","org.apache.commons.cli","/Users/grantnelson/go/src/github.com/apache/commons-cli/src/test/java/org/apache/commons/cli/PatternOptionBuilderTest.java","3","137","The method 'testObjectPattern()' has a NCSS line count of 7.","Design","NcssCount"
"22","org.apache.commons.cli","/Users/grantnelson/go/src/github.com/apache/commons-cli/src/test/java/org/apache/commons/cli/PatternOptionBuilderTest.java","3","137","The method 'testObjectPattern()' has a cyclomatic complexity of 1.","Design","CyclomaticComplexity"
"23","org.apache.commons.cli","/Users/grantnelson/go/src/github.com/apache/commons-cli/src/test/java/org/apache/commons/cli/PatternOptionBuilderTest.java","3","137","The method 'testObjectPattern()' has an NPath complexity of 1, current threshold is 1","Design","NPathComplexity"
"24","org.apache.commons.cli","/Users/grantnelson/go/src/github.com/apache/commons-cli/src/test/java/org/apache/commons/cli/PatternOptionBuilderTest.java","3","149","The method 'testURLPattern()' has a NCSS line count of 6.","Design","NcssCount"
"25","org.apache.commons.cli","/Users/grantnelson/go/src/github.com/apache/commons-cli/src/test/java/org/apache/commons/cli/PatternOptionBuilderTest.java","3","149","The method 'testURLPattern()' has a cyclomatic complexity of 1.","Design","CyclomaticComplexity"
"26","org.apache.commons.cli","/Users/grantnelson/go/src/github.com/apache/commons-cli/src/test/java/org/apache/commons/cli/PatternOptionBuilderTest.java","3","149","The method 'testURLPattern()' has an NPath complexity of 1, current threshold is 1","Design","NPathComplexity"
"27","org.apache.commons.cli","/Users/grantnelson/go/src/github.com/apache/commons-cli/src/test/java/org/apache/commons/cli/PatternOptionBuilderTest.java","3","160","The method 'testExistingFilePattern()' has a NCSS line count of 5.","Design","NcssCount"
"28","org.apache.commons.cli","/Users/grantnelson/go/src/github.com/apache/commons-cli/src/test/java/org/apache/commons/cli/PatternOptionBuilderTest.java","3","160","The method 'testExistingFilePattern()' has a cyclomatic complexity of 1.","Design","CyclomaticComplexity"
"29","org.apache.commons.cli","/Users/grantnelson/go/src/github.com/apache/commons-cli/src/test/java/org/apache/commons/cli/PatternOptionBuilderTest.java","3","160","The method 'testExistingFilePattern()' has an NPath complexity of 1, current threshold is 1","Design","NPathComplexity"
"30","org.apache.commons.cli","/Users/grantnelson/go/src/github.com/apache/commons-cli/src/test/java/org/apache/commons/cli/PatternOptionBuilderTest.java","3","172","The method 'testRequiredOption()' has a NCSS line count of 8.","Design","NcssCount"
"31","org.apache.commons.cli","/Users/grantnelson/go/src/github.com/apache/commons-cli/src/test/java/org/apache/commons/cli/PatternOptionBuilderTest.java","3","172","The method 'testRequiredOption()' has a cognitive complexity of 1, current threshold is 1","Design","CognitiveComplexity"
"32","org.apache.commons.cli","/Users/grantnelson/go/src/github.com/apache/commons-cli/src/test/java/org/apache/commons/cli/PatternOptionBuilderTest.java","3","172","The method 'testRequiredOption()' has a cyclomatic complexity of 2.","Design","CyclomaticComplexity"
"33","org.apache.commons.cli","/Users/grantnelson/go/src/github.com/apache/commons-cli/src/test/java/org/apache/commons/cli/PatternOptionBuilderTest.java","3","172","The method 'testRequiredOption()' has an NPath complexity of 1, current threshold is 1","Design","NPathComplexity"
"1","org.apache.commons.cli","/Users/grantnelson/go/src/github.com/apache/commons-cli/src/test/java/org/apache/commons/cli/PosixParserTest.java","3","27","The class 'PosixParserTest' has a NCSS line count of 13 (Highest = 3).","Design","NcssCount"
"2","org.apache.commons.cli","/Users/grantnelson/go/src/github.com/apache/commons-cli/src/test/java/org/apache/commons/cli/PosixParserTest.java","3","27","The class 'PosixParserTest' has a total cyclomatic complexity of 10 (highest 1).","Design","CyclomaticComplexity"
"3","org.apache.commons.cli","/Users/grantnelson/go/src/github.com/apache/commons-cli/src/test/java/org/apache/commons/cli/PosixParserTest.java","3","27","This class has 10 public methods and attributes; current threshold is 1.","Design","ExcessivePublicCount"
"4","org.apache.commons.cli","/Users/grantnelson/go/src/github.com/apache/commons-cli/src/test/java/org/apache/commons/cli/PosixParserTest.java","3","31","The method 'setUp()' has a NCSS line count of 3.","Design","NcssCount"
"5","org.apache.commons.cli","/Users/grantnelson/go/src/github.com/apache/commons-cli/src/test/java/org/apache/commons/cli/PosixParserTest.java","3","31","The method 'setUp()' has a cyclomatic complexity of 1.","Design","CyclomaticComplexity"
"6","org.apache.commons.cli","/Users/grantnelson/go/src/github.com/apache/commons-cli/src/test/java/org/apache/commons/cli/PosixParserTest.java","3","31","The method 'setUp()' has an NPath complexity of 1, current threshold is 1","Design","NPathComplexity"
"7","org.apache.commons.cli","/Users/grantnelson/go/src/github.com/apache/commons-cli/src/test/java/org/apache/commons/cli/PosixParserTest.java","3","38","The method 'testDoubleDash2()' has a NCSS line count of 1.","Design","NcssCount"
"8","org.apache.commons.cli","/Users/grantnelson/go/src/github.com/apache/commons-cli/src/test/java/org/apache/commons/cli/PosixParserTest.java","3","38","The method 'testDoubleDash2()' has a cyclomatic complexity of 1.","Design","CyclomaticComplexity"
"9","org.apache.commons.cli","/Users/grantnelson/go/src/github.com/apache/commons-cli/src/test/java/org/apache/commons/cli/PosixParserTest.java","3","38","The method 'testDoubleDash2()' has an NPath complexity of 1, current threshold is 1","Design","NPathComplexity"
"10","org.apache.commons.cli","/Users/grantnelson/go/src/github.com/apache/commons-cli/src/test/java/org/apache/commons/cli/PosixParserTest.java","3","43","The method 'testLongWithoutEqualSingleDash()' has a NCSS line count of 1.","Design","NcssCount"
"11","org.apache.commons.cli","/Users/grantnelson/go/src/github.com/apache/commons-cli/src/test/java/org/apache/commons/cli/PosixParserTest.java","3","43","The method 'testLongWithoutEqualSingleDash()' has a cyclomatic complexity of 1.","Design","CyclomaticComplexity"
"12","org.apache.commons.cli","/Users/grantnelson/go/src/github.com/apache/commons-cli/src/test/java/org/apache/commons/cli/PosixParserTest.java","3","43","The method 'testLongWithoutEqualSingleDash()' has an NPath complexity of 1, current threshold is 1","Design","NPathComplexity"
"13","org.apache.commons.cli","/Users/grantnelson/go/src/github.com/apache/commons-cli/src/test/java/org/apache/commons/cli/PosixParserTest.java","3","48","The method 'testAmbiguousLongWithoutEqualSingleDash()' has a NCSS line count of 1.","Design","NcssCount"
"14","org.apache.commons.cli","/Users/grantnelson/go/src/github.com/apache/commons-cli/src/test/java/org/apache/commons/cli/PosixParserTest.java","3","48","The method 'testAmbiguousLongWithoutEqualSingleDash()' has a cyclomatic complexity of 1.","Design","CyclomaticComplexity"
"15","org.apache.commons.cli","/Users/grantnelson/go/src/github.com/apache/commons-cli/src/test/java/org/apache/commons/cli/PosixParserTest.java","3","48","The method 'testAmbiguousLongWithoutEqualSingleDash()' has an NPath complexity of 1, current threshold is 1","Design","NPathComplexity"
"16","org.apache.commons.cli","/Users/grantnelson/go/src/github.com/apache/commons-cli/src/test/java/org/apache/commons/cli/PosixParserTest.java","3","53","The method 'testNegativeOption()' has a NCSS line count of 1.","Design","NcssCount"
"17","org.apache.commons.cli","/Users/grantnelson/go/src/github.com/apache/commons-cli/src/test/java/org/apache/commons/cli/PosixParserTest.java","3","53","The method 'testNegativeOption()' has a cyclomatic complexity of 1.","Design","CyclomaticComplexity"
"18","org.apache.commons.cli","/Users/grantnelson/go/src/github.com/apache/commons-cli/src/test/java/org/apache/commons/cli/PosixParserTest.java","3","53","The method 'testNegativeOption()' has an NPath complexity of 1, current threshold is 1","Design","NPathComplexity"
"19","org.apache.commons.cli","/Users/grantnelson/go/src/github.com/apache/commons-cli/src/test/java/org/apache/commons/cli/PosixParserTest.java","3","58","The method 'testLongWithUnexpectedArgument1()' has a NCSS line count of 1.","Design","NcssCount"
"20","org.apache.commons.cli","/Users/grantnelson/go/src/github.com/apache/commons-cli/src/test/java/org/apache/commons/cli/PosixParserTest.java","3","58","The method 'testLongWithUnexpectedArgument1()' has a cyclomatic complexity of 1.","Design","CyclomaticComplexity"
"21","org.apache.commons.cli","/Users/grantnelson/go/src/github.com/apache/commons-cli/src/test/java/org/apache/commons/cli/PosixParserTest.java","3","58","The method 'testLongWithUnexpectedArgument1()' has an NPath complexity of 1, current threshold is 1","Design","NPathComplexity"
"22","org.apache.commons.cli","/Users/grantnelson/go/src/github.com/apache/commons-cli/src/test/java/org/apache/commons/cli/PosixParserTest.java","3","63","The method 'testLongWithEqualSingleDash()' has a NCSS line count of 1.","Design","NcssCount"
"23","org.apache.commons.cli","/Users/grantnelson/go/src/github.com/apache/commons-cli/src/test/java/org/apache/commons/cli/PosixParserTest.java","3","63","The method 'testLongWithEqualSingleDash()' has a cyclomatic complexity of 1.","Design","CyclomaticComplexity"
"24","org.apache.commons.cli","/Users/grantnelson/go/src/github.com/apache/commons-cli/src/test/java/org/apache/commons/cli/PosixParserTest.java","3","63","The method 'testLongWithEqualSingleDash()' has an NPath complexity of 1, current threshold is 1","Design","NPathComplexity"
"25","org.apache.commons.cli","/Users/grantnelson/go/src/github.com/apache/commons-cli/src/test/java/org/apache/commons/cli/PosixParserTest.java","3","68","The method 'testShortWithEqual()' has a NCSS line count of 1.","Design","NcssCount"
"26","org.apache.commons.cli","/Users/grantnelson/go/src/github.com/apache/commons-cli/src/test/java/org/apache/commons/cli/PosixParserTest.java","3","68","The method 'testShortWithEqual()' has a cyclomatic complexity of 1.","Design","CyclomaticComplexity"
"27","org.apache.commons.cli","/Users/grantnelson/go/src/github.com/apache/commons-cli/src/test/java/org/apache/commons/cli/PosixParserTest.java","3","68","The method 'testShortWithEqual()' has an NPath complexity of 1, current threshold is 1","Design","NPathComplexity"
"28","org.apache.commons.cli","/Users/grantnelson/go/src/github.com/apache/commons-cli/src/test/java/org/apache/commons/cli/PosixParserTest.java","3","73","The method 'testUnambiguousPartialLongOption4()' has a NCSS line count of 1.","Design","NcssCount"
"29","org.apache.commons.cli","/Users/grantnelson/go/src/github.com/apache/commons-cli/src/test/java/org/apache/commons/cli/PosixParserTest.java","3","73","The method 'testUnambiguousPartialLongOption4()' has a cyclomatic complexity of 1.","Design","CyclomaticComplexity"
"30","org.apache.commons.cli","/Users/grantnelson/go/src/github.com/apache/commons-cli/src/test/java/org/apache/commons/cli/PosixParserTest.java","3","73","The method 'testUnambiguousPartialLongOption4()' has an NPath complexity of 1, current threshold is 1","Design","NPathComplexity"
"31","org.apache.commons.cli","/Users/grantnelson/go/src/github.com/apache/commons-cli/src/test/java/org/apache/commons/cli/PosixParserTest.java","3","78","The method 'testAmbiguousPartialLongOption4()' has a NCSS line count of 1.","Design","NcssCount"
"32","org.apache.commons.cli","/Users/grantnelson/go/src/github.com/apache/commons-cli/src/test/java/org/apache/commons/cli/PosixParserTest.java","3","78","The method 'testAmbiguousPartialLongOption4()' has a cyclomatic complexity of 1.","Design","CyclomaticComplexity"
"33","org.apache.commons.cli","/Users/grantnelson/go/src/github.com/apache/commons-cli/src/test/java/org/apache/commons/cli/PosixParserTest.java","3","78","The method 'testAmbiguousPartialLongOption4()' has an NPath complexity of 1, current threshold is 1","Design","NPathComplexity"
"1","org.apache.commons.cli","/Users/grantnelson/go/src/github.com/apache/commons-cli/src/test/java/org/apache/commons/cli/UtilTest.java","3","25","The class 'UtilTest' has a NCSS line count of 12 (Highest = 6).","Design","NcssCount"
"2","org.apache.commons.cli","/Users/grantnelson/go/src/github.com/apache/commons-cli/src/test/java/org/apache/commons/cli/UtilTest.java","3","25","The class 'UtilTest' has a total cyclomatic complexity of 2 (highest 1).","Design","CyclomaticComplexity"
"3","org.apache.commons.cli","/Users/grantnelson/go/src/github.com/apache/commons-cli/src/test/java/org/apache/commons/cli/UtilTest.java","3","25","This class has 2 public methods and attributes; current threshold is 1.","Design","ExcessivePublicCount"
"4","org.apache.commons.cli","/Users/grantnelson/go/src/github.com/apache/commons-cli/src/test/java/org/apache/commons/cli/UtilTest.java","3","28","The method 'testStripLeadingHyphens()' has a NCSS line count of 5.","Design","NcssCount"
"5","org.apache.commons.cli","/Users/grantnelson/go/src/github.com/apache/commons-cli/src/test/java/org/apache/commons/cli/UtilTest.java","3","28","The method 'testStripLeadingHyphens()' has a cyclomatic complexity of 1.","Design","CyclomaticComplexity"
"6","org.apache.commons.cli","/Users/grantnelson/go/src/github.com/apache/commons-cli/src/test/java/org/apache/commons/cli/UtilTest.java","3","28","The method 'testStripLeadingHyphens()' has an NPath complexity of 1, current threshold is 1","Design","NPathComplexity"
"7","org.apache.commons.cli","/Users/grantnelson/go/src/github.com/apache/commons-cli/src/test/java/org/apache/commons/cli/UtilTest.java","3","37","The method 'testStripLeadingAndTrailingQuotes()' has a NCSS line count of 6.","Design","NcssCount"
"8","org.apache.commons.cli","/Users/grantnelson/go/src/github.com/apache/commons-cli/src/test/java/org/apache/commons/cli/UtilTest.java","3","37","The method 'testStripLeadingAndTrailingQuotes()' has a cyclomatic complexity of 1.","Design","CyclomaticComplexity"
"9","org.apache.commons.cli","/Users/grantnelson/go/src/github.com/apache/commons-cli/src/test/java/org/apache/commons/cli/UtilTest.java","3","37","The method 'testStripLeadingAndTrailingQuotes()' has an NPath complexity of 1, current threshold is 1","Design","NPathComplexity"
"1","org.apache.commons.cli","/Users/grantnelson/go/src/github.com/apache/commons-cli/src/test/java/org/apache/commons/cli/ValueTest.java","3","29","A value of 3 may denote a high amount of coupling within the class (threshold: 1)","Design","CouplingBetweenObjects"
"2","org.apache.commons.cli","/Users/grantnelson/go/src/github.com/apache/commons-cli/src/test/java/org/apache/commons/cli/ValueTest.java","3","29","The class 'ValueTest' has a NCSS line count of 171 (Highest = 14).","Design","NcssCount"
"3","org.apache.commons.cli","/Users/grantnelson/go/src/github.com/apache/commons-cli/src/test/java/org/apache/commons/cli/ValueTest.java","3","29","The class 'ValueTest' has a total cyclomatic complexity of 25 (highest 1).","Design","CyclomaticComplexity"
"4","org.apache.commons.cli","/Users/grantnelson/go/src/github.com/apache/commons-cli/src/test/java/org/apache/commons/cli/ValueTest.java","3","29","This class has 25 public methods and attributes; current threshold is 1.","Design","ExcessivePublicCount"
"5","org.apache.commons.cli","/Users/grantnelson/go/src/github.com/apache/commons-cli/src/test/java/org/apache/commons/cli/ValueTest.java","3","35","The method 'setUp()' has a NCSS line count of 14.","Design","NcssCount"
"6","org.apache.commons.cli","/Users/grantnelson/go/src/github.com/apache/commons-cli/src/test/java/org/apache/commons/cli/ValueTest.java","3","35","The method 'setUp()' has a cyclomatic complexity of 1.","Design","CyclomaticComplexity"
"7","org.apache.commons.cli","/Users/grantnelson/go/src/github.com/apache/commons-cli/src/test/java/org/apache/commons/cli/ValueTest.java","3","35","The method 'setUp()' has an NPath complexity of 1, current threshold is 1","Design","NPathComplexity"
"8","org.apache.commons.cli","/Users/grantnelson/go/src/github.com/apache/commons-cli/src/test/java/org/apache/commons/cli/ValueTest.java","3","60","The method 'testShortNoArg()' has a NCSS line count of 3.","Design","NcssCount"
"9","org.apache.commons.cli","/Users/grantnelson/go/src/github.com/apache/commons-cli/src/test/java/org/apache/commons/cli/ValueTest.java","3","60","The method 'testShortNoArg()' has a cyclomatic complexity of 1.","Design","CyclomaticComplexity"
"10","org.apache.commons.cli","/Users/grantnelson/go/src/github.com/apache/commons-cli/src/test/java/org/apache/commons/cli/ValueTest.java","3","60","The method 'testShortNoArg()' has an NPath complexity of 1, current threshold is 1","Design","NPathComplexity"
"11","org.apache.commons.cli","/Users/grantnelson/go/src/github.com/apache/commons-cli/src/test/java/org/apache/commons/cli/ValueTest.java","3","67","The method 'testShortNoArgWithOption()' has a NCSS line count of 3.","Design","NcssCount"
"12","org.apache.commons.cli","/Users/grantnelson/go/src/github.com/apache/commons-cli/src/test/java/org/apache/commons/cli/ValueTest.java","3","67","The method 'testShortNoArgWithOption()' has a cyclomatic complexity of 1.","Design","CyclomaticComplexity"
"13","org.apache.commons.cli","/Users/grantnelson/go/src/github.com/apache/commons-cli/src/test/java/org/apache/commons/cli/ValueTest.java","3","67","The method 'testShortNoArgWithOption()' has an NPath complexity of 1, current threshold is 1","Design","NPathComplexity"
"14","org.apache.commons.cli","/Users/grantnelson/go/src/github.com/apache/commons-cli/src/test/java/org/apache/commons/cli/ValueTest.java","3","74","The method 'testShortWithArg()' has a NCSS line count of 4.","Design","NcssCount"
"15","org.apache.commons.cli","/Users/grantnelson/go/src/github.com/apache/commons-cli/src/test/java/org/apache/commons/cli/ValueTest.java","3","74","The method 'testShortWithArg()' has a cyclomatic complexity of 1.","Design","CyclomaticComplexity"
"16","org.apache.commons.cli","/Users/grantnelson/go/src/github.com/apache/commons-cli/src/test/java/org/apache/commons/cli/ValueTest.java","3","74","The method 'testShortWithArg()' has an NPath complexity of 1, current threshold is 1","Design","NPathComplexity"
"17","org.apache.commons.cli","/Users/grantnelson/go/src/github.com/apache/commons-cli/src/test/java/org/apache/commons/cli/ValueTest.java","3","82","The method 'testShortWithArgWithOption()' has a NCSS line count of 4.","Design","NcssCount"
"18","org.apache.commons.cli","/Users/grantnelson/go/src/github.com/apache/commons-cli/src/test/java/org/apache/commons/cli/ValueTest.java","3","82","The method 'testShortWithArgWithOption()' has a cyclomatic complexity of 1.","Design","CyclomaticComplexity"
"19","org.apache.commons.cli","/Users/grantnelson/go/src/github.com/apache/commons-cli/src/test/java/org/apache/commons/cli/ValueTest.java","3","82","The method 'testShortWithArgWithOption()' has an NPath complexity of 1, current threshold is 1","Design","NPathComplexity"
"20","org.apache.commons.cli","/Users/grantnelson/go/src/github.com/apache/commons-cli/src/test/java/org/apache/commons/cli/ValueTest.java","3","90","The method 'testLongNoArg()' has a NCSS line count of 3.","Design","NcssCount"
"21","org.apache.commons.cli","/Users/grantnelson/go/src/github.com/apache/commons-cli/src/test/java/org/apache/commons/cli/ValueTest.java","3","90","The method 'testLongNoArg()' has a cyclomatic complexity of 1.","Design","CyclomaticComplexity"
"22","org.apache.commons.cli","/Users/grantnelson/go/src/github.com/apache/commons-cli/src/test/java/org/apache/commons/cli/ValueTest.java","3","90","The method 'testLongNoArg()' has an NPath complexity of 1, current threshold is 1","Design","NPathComplexity"
"23","org.apache.commons.cli","/Users/grantnelson/go/src/github.com/apache/commons-cli/src/test/java/org/apache/commons/cli/ValueTest.java","3","97","The method 'testLongNoArgWithOption()' has a NCSS line count of 3.","Design","NcssCount"
"24","org.apache.commons.cli","/Users/grantnelson/go/src/github.com/apache/commons-cli/src/test/java/org/apache/commons/cli/ValueTest.java","3","97","The method 'testLongNoArgWithOption()' has a cyclomatic complexity of 1.","Design","CyclomaticComplexity"
"25","org.apache.commons.cli","/Users/grantnelson/go/src/github.com/apache/commons-cli/src/test/java/org/apache/commons/cli/ValueTest.java","3","97","The method 'testLongNoArgWithOption()' has an NPath complexity of 1, current threshold is 1","Design","NPathComplexity"
"26","org.apache.commons.cli","/Users/grantnelson/go/src/github.com/apache/commons-cli/src/test/java/org/apache/commons/cli/ValueTest.java","3","104","The method 'testLongWithArg()' has a NCSS line count of 4.","Design","NcssCount"
"27","org.apache.commons.cli","/Users/grantnelson/go/src/github.com/apache/commons-cli/src/test/java/org/apache/commons/cli/ValueTest.java","3","104","The method 'testLongWithArg()' has a cyclomatic complexity of 1.","Design","CyclomaticComplexity"
"28","org.apache.commons.cli","/Users/grantnelson/go/src/github.com/apache/commons-cli/src/test/java/org/apache/commons/cli/ValueTest.java","3","104","The method 'testLongWithArg()' has an NPath complexity of 1, current threshold is 1","Design","NPathComplexity"
"29","org.apache.commons.cli","/Users/grantnelson/go/src/github.com/apache/commons-cli/src/test/java/org/apache/commons/cli/ValueTest.java","3","112","The method 'testLongWithArgWithOption()' has a NCSS line count of 4.","Design","NcssCount"
"30","org.apache.commons.cli","/Users/grantnelson/go/src/github.com/apache/commons-cli/src/test/java/org/apache/commons/cli/ValueTest.java","3","112","The method 'testLongWithArgWithOption()' has a cyclomatic complexity of 1.","Design","CyclomaticComplexity"
"31","org.apache.commons.cli","/Users/grantnelson/go/src/github.com/apache/commons-cli/src/test/java/org/apache/commons/cli/ValueTest.java","3","112","The method 'testLongWithArgWithOption()' has an NPath complexity of 1, current threshold is 1","Design","NPathComplexity"
"32","org.apache.commons.cli","/Users/grantnelson/go/src/github.com/apache/commons-cli/src/test/java/org/apache/commons/cli/ValueTest.java","3","120","The method 'testShortOptionalArgNoValue()' has a NCSS line count of 6.","Design","NcssCount"
"33","org.apache.commons.cli","/Users/grantnelson/go/src/github.com/apache/commons-cli/src/test/java/org/apache/commons/cli/ValueTest.java","3","120","The method 'testShortOptionalArgNoValue()' has a cyclomatic complexity of 1.","Design","CyclomaticComplexity"
"34","org.apache.commons.cli","/Users/grantnelson/go/src/github.com/apache/commons-cli/src/test/java/org/apache/commons/cli/ValueTest.java","3","120","The method 'testShortOptionalArgNoValue()' has an NPath complexity of 1, current threshold is 1","Design","NPathComplexity"
"35","org.apache.commons.cli","/Users/grantnelson/go/src/github.com/apache/commons-cli/src/test/java/org/apache/commons/cli/ValueTest.java","3","131","The method 'testShortOptionalArgNoValueWithOption()' has a NCSS line count of 6.","Design","NcssCount"
"36","org.apache.commons.cli","/Users/grantnelson/go/src/github.com/apache/commons-cli/src/test/java/org/apache/commons/cli/ValueTest.java","3","131","The method 'testShortOptionalArgNoValueWithOption()' has a cyclomatic complexity of 1.","Design","CyclomaticComplexity"
"37","org.apache.commons.cli","/Users/grantnelson/go/src/github.com/apache/commons-cli/src/test/java/org/apache/commons/cli/ValueTest.java","3","131","The method 'testShortOptionalArgNoValueWithOption()' has an NPath complexity of 1, current threshold is 1","Design","NPathComplexity"
"38","org.apache.commons.cli","/Users/grantnelson/go/src/github.com/apache/commons-cli/src/test/java/org/apache/commons/cli/ValueTest.java","3","142","The method 'testShortOptionalArgValue()' has a NCSS line count of 6.","Design","NcssCount"
"39","org.apache.commons.cli","/Users/grantnelson/go/src/github.com/apache/commons-cli/src/test/java/org/apache/commons/cli/ValueTest.java","3","142","The method 'testShortOptionalArgValue()' has a cyclomatic complexity of 1.","Design","CyclomaticComplexity"
"40","org.apache.commons.cli","/Users/grantnelson/go/src/github.com/apache/commons-cli/src/test/java/org/apache/commons/cli/ValueTest.java","3","142","The method 'testShortOptionalArgValue()' has an NPath complexity of 1, current threshold is 1","Design","NPathComplexity"
"41","org.apache.commons.cli","/Users/grantnelson/go/src/github.com/apache/commons-cli/src/test/java/org/apache/commons/cli/ValueTest.java","3","153","The method 'testShortOptionalArgValueWithOption()' has a NCSS line count of 6.","Design","NcssCount"
"42","org.apache.commons.cli","/Users/grantnelson/go/src/github.com/apache/commons-cli/src/test/java/org/apache/commons/cli/ValueTest.java","3","153","The method 'testShortOptionalArgValueWithOption()' has a cyclomatic complexity of 1.","Design","CyclomaticComplexity"
"43","org.apache.commons.cli","/Users/grantnelson/go/src/github.com/apache/commons-cli/src/test/java/org/apache/commons/cli/ValueTest.java","3","153","The method 'testShortOptionalArgValueWithOption()' has an NPath complexity of 1, current threshold is 1","Design","NPathComplexity"
"44","org.apache.commons.cli","/Users/grantnelson/go/src/github.com/apache/commons-cli/src/test/java/org/apache/commons/cli/ValueTest.java","3","164","The method 'testLongOptionalNoValue()' has a NCSS line count of 6.","Design","NcssCount"
"45","org.apache.commons.cli","/Users/grantnelson/go/src/github.com/apache/commons-cli/src/test/java/org/apache/commons/cli/ValueTest.java","3","164","The method 'testLongOptionalNoValue()' has a cyclomatic complexity of 1.","Design","CyclomaticComplexity"
"46","org.apache.commons.cli","/Users/grantnelson/go/src/github.com/apache/commons-cli/src/test/java/org/apache/commons/cli/ValueTest.java","3","164","The method 'testLongOptionalNoValue()' has an NPath complexity of 1, current threshold is 1","Design","NPathComplexity"
"47","org.apache.commons.cli","/Users/grantnelson/go/src/github.com/apache/commons-cli/src/test/java/org/apache/commons/cli/ValueTest.java","3","175","The method 'testLongOptionalNoValueWithOption()' has a NCSS line count of 6.","Design","NcssCount"
"48","org.apache.commons.cli","/Users/grantnelson/go/src/github.com/apache/commons-cli/src/test/java/org/apache/commons/cli/ValueTest.java","3","175","The method 'testLongOptionalNoValueWithOption()' has a cyclomatic complexity of 1.","Design","CyclomaticComplexity"
"49","org.apache.commons.cli","/Users/grantnelson/go/src/github.com/apache/commons-cli/src/test/java/org/apache/commons/cli/ValueTest.java","3","175","The method 'testLongOptionalNoValueWithOption()' has an NPath complexity of 1, current threshold is 1","Design","NPathComplexity"
"50","org.apache.commons.cli","/Users/grantnelson/go/src/github.com/apache/commons-cli/src/test/java/org/apache/commons/cli/ValueTest.java","3","186","The method 'testLongOptionalArgValue()' has a NCSS line count of 6.","Design","NcssCount"
"51","org.apache.commons.cli","/Users/grantnelson/go/src/github.com/apache/commons-cli/src/test/java/org/apache/commons/cli/ValueTest.java","3","186","The method 'testLongOptionalArgValue()' has a cyclomatic complexity of 1.","Design","CyclomaticComplexity"
"52","org.apache.commons.cli","/Users/grantnelson/go/src/github.com/apache/commons-cli/src/test/java/org/apache/commons/cli/ValueTest.java","3","186","The method 'testLongOptionalArgValue()' has an NPath complexity of 1, current threshold is 1","Design","NPathComplexity"
"53","org.apache.commons.cli","/Users/grantnelson/go/src/github.com/apache/commons-cli/src/test/java/org/apache/commons/cli/ValueTest.java","3","197","The method 'testLongOptionalArgValueWithOption()' has a NCSS line count of 6.","Design","NcssCount"
"54","org.apache.commons.cli","/Users/grantnelson/go/src/github.com/apache/commons-cli/src/test/java/org/apache/commons/cli/ValueTest.java","3","197","The method 'testLongOptionalArgValueWithOption()' has a cyclomatic complexity of 1.","Design","CyclomaticComplexity"
"55","org.apache.commons.cli","/Users/grantnelson/go/src/github.com/apache/commons-cli/src/test/java/org/apache/commons/cli/ValueTest.java","3","197","The method 'testLongOptionalArgValueWithOption()' has an NPath complexity of 1, current threshold is 1","Design","NPathComplexity"
"56","org.apache.commons.cli","/Users/grantnelson/go/src/github.com/apache/commons-cli/src/test/java/org/apache/commons/cli/ValueTest.java","3","208","The method 'testShortOptionalArgValues()' has a NCSS line count of 9.","Design","NcssCount"
"57","org.apache.commons.cli","/Users/grantnelson/go/src/github.com/apache/commons-cli/src/test/java/org/apache/commons/cli/ValueTest.java","3","208","The method 'testShortOptionalArgValues()' has a cyclomatic complexity of 1.","Design","CyclomaticComplexity"
"58","org.apache.commons.cli","/Users/grantnelson/go/src/github.com/apache/commons-cli/src/test/java/org/apache/commons/cli/ValueTest.java","3","208","The method 'testShortOptionalArgValues()' has an NPath complexity of 1, current threshold is 1","Design","NPathComplexity"
"59","org.apache.commons.cli","/Users/grantnelson/go/src/github.com/apache/commons-cli/src/test/java/org/apache/commons/cli/ValueTest.java","3","222","The method 'testShortOptionalArgValuesWithOption()' has a NCSS line count of 9.","Design","NcssCount"
"60","org.apache.commons.cli","/Users/grantnelson/go/src/github.com/apache/commons-cli/src/test/java/org/apache/commons/cli/ValueTest.java","3","222","The method 'testShortOptionalArgValuesWithOption()' has a cyclomatic complexity of 1.","Design","CyclomaticComplexity"
"61","org.apache.commons.cli","/Users/grantnelson/go/src/github.com/apache/commons-cli/src/test/java/org/apache/commons/cli/ValueTest.java","3","222","The method 'testShortOptionalArgValuesWithOption()' has an NPath complexity of 1, current threshold is 1","Design","NPathComplexity"
"62","org.apache.commons.cli","/Users/grantnelson/go/src/github.com/apache/commons-cli/src/test/java/org/apache/commons/cli/ValueTest.java","3","236","The method 'testLongOptionalArgValues()' has a NCSS line count of 9.","Design","NcssCount"
"63","org.apache.commons.cli","/Users/grantnelson/go/src/github.com/apache/commons-cli/src/test/java/org/apache/commons/cli/ValueTest.java","3","236","The method 'testLongOptionalArgValues()' has a cyclomatic complexity of 1.","Design","CyclomaticComplexity"
"64","org.apache.commons.cli","/Users/grantnelson/go/src/github.com/apache/commons-cli/src/test/java/org/apache/commons/cli/ValueTest.java","3","236","The method 'testLongOptionalArgValues()' has an NPath complexity of 1, current threshold is 1","Design","NPathComplexity"
"65","org.apache.commons.cli","/Users/grantnelson/go/src/github.com/apache/commons-cli/src/test/java/org/apache/commons/cli/ValueTest.java","3","250","The method 'testLongOptionalArgValuesWithOption()' has a NCSS line count of 9.","Design","NcssCount"
"66","org.apache.commons.cli","/Users/grantnelson/go/src/github.com/apache/commons-cli/src/test/java/org/apache/commons/cli/ValueTest.java","3","250","The method 'testLongOptionalArgValuesWithOption()' has a cyclomatic complexity of 1.","Design","CyclomaticComplexity"
"67","org.apache.commons.cli","/Users/grantnelson/go/src/github.com/apache/commons-cli/src/test/java/org/apache/commons/cli/ValueTest.java","3","250","The method 'testLongOptionalArgValuesWithOption()' has an NPath complexity of 1, current threshold is 1","Design","NPathComplexity"
"68","org.apache.commons.cli","/Users/grantnelson/go/src/github.com/apache/commons-cli/src/test/java/org/apache/commons/cli/ValueTest.java","3","264","The method 'testShortOptionalNArgValues()' has a NCSS line count of 11.","Design","NcssCount"
"69","org.apache.commons.cli","/Users/grantnelson/go/src/github.com/apache/commons-cli/src/test/java/org/apache/commons/cli/ValueTest.java","3","264","The method 'testShortOptionalNArgValues()' has a cyclomatic complexity of 1.","Design","CyclomaticComplexity"
"70","org.apache.commons.cli","/Users/grantnelson/go/src/github.com/apache/commons-cli/src/test/java/org/apache/commons/cli/ValueTest.java","3","264","The method 'testShortOptionalNArgValues()' has an NPath complexity of 1, current threshold is 1","Design","NPathComplexity"
"71","org.apache.commons.cli","/Users/grantnelson/go/src/github.com/apache/commons-cli/src/test/java/org/apache/commons/cli/ValueTest.java","3","280","The method 'testShortOptionalNArgValuesWithOption()' has a NCSS line count of 11.","Design","NcssCount"
"72","org.apache.commons.cli","/Users/grantnelson/go/src/github.com/apache/commons-cli/src/test/java/org/apache/commons/cli/ValueTest.java","3","280","The method 'testShortOptionalNArgValuesWithOption()' has a cyclomatic complexity of 1.","Design","CyclomaticComplexity"
"73","org.apache.commons.cli","/Users/grantnelson/go/src/github.com/apache/commons-cli/src/test/java/org/apache/commons/cli/ValueTest.java","3","280","The method 'testShortOptionalNArgValuesWithOption()' has an NPath complexity of 1, current threshold is 1","Design","NPathComplexity"
"74","org.apache.commons.cli","/Users/grantnelson/go/src/github.com/apache/commons-cli/src/test/java/org/apache/commons/cli/ValueTest.java","3","296","The method 'testLongOptionalNArgValues()' has a NCSS line count of 10.","Design","NcssCount"
"75","org.apache.commons.cli","/Users/grantnelson/go/src/github.com/apache/commons-cli/src/test/java/org/apache/commons/cli/ValueTest.java","3","296","The method 'testLongOptionalNArgValues()' has a cyclomatic complexity of 1.","Design","CyclomaticComplexity"
"76","org.apache.commons.cli","/Users/grantnelson/go/src/github.com/apache/commons-cli/src/test/java/org/apache/commons/cli/ValueTest.java","3","296","The method 'testLongOptionalNArgValues()' has an NPath complexity of 1, current threshold is 1","Design","NPathComplexity"
"77","org.apache.commons.cli","/Users/grantnelson/go/src/github.com/apache/commons-cli/src/test/java/org/apache/commons/cli/ValueTest.java","3","314","The method 'testLongOptionalNArgValuesWithOption()' has a NCSS line count of 10.","Design","NcssCount"
"78","org.apache.commons.cli","/Users/grantnelson/go/src/github.com/apache/commons-cli/src/test/java/org/apache/commons/cli/ValueTest.java","3","314","The method 'testLongOptionalNArgValuesWithOption()' has a cyclomatic complexity of 1.","Design","CyclomaticComplexity"
"79","org.apache.commons.cli","/Users/grantnelson/go/src/github.com/apache/commons-cli/src/test/java/org/apache/commons/cli/ValueTest.java","3","314","The method 'testLongOptionalNArgValuesWithOption()' has an NPath complexity of 1, current threshold is 1","Design","NPathComplexity"
"1","org.apache.commons.cli","/Users/grantnelson/go/src/github.com/apache/commons-cli/src/test/java/org/apache/commons/cli/ValuesTest.java","3","29","A value of 3 may denote a high amount of coupling within the class (threshold: 1)","Design","CouplingBetweenObjects"
"2","org.apache.commons.cli","/Users/grantnelson/go/src/github.com/apache/commons-cli/src/test/java/org/apache/commons/cli/ValuesTest.java","3","29","The class 'ValuesTest' has a NCSS line count of 56 (Highest = 17).","Design","NcssCount"
"3","org.apache.commons.cli","/Users/grantnelson/go/src/github.com/apache/commons-cli/src/test/java/org/apache/commons/cli/ValuesTest.java","3","29","The class 'ValuesTest' has a total cyclomatic complexity of 8 (highest 1).","Design","CyclomaticComplexity"
"4","org.apache.commons.cli","/Users/grantnelson/go/src/github.com/apache/commons-cli/src/test/java/org/apache/commons/cli/ValuesTest.java","3","29","This class has 8 public methods and attributes; current threshold is 1.","Design","ExcessivePublicCount"
"5","org.apache.commons.cli","/Users/grantnelson/go/src/github.com/apache/commons-cli/src/test/java/org/apache/commons/cli/ValuesTest.java","3","34","The method 'setUp()' has a NCSS line count of 17.","Design","NcssCount"
"6","org.apache.commons.cli","/Users/grantnelson/go/src/github.com/apache/commons-cli/src/test/java/org/apache/commons/cli/ValuesTest.java","3","34","The method 'setUp()' has a cyclomatic complexity of 1.","Design","CyclomaticComplexity"
"7","org.apache.commons.cli","/Users/grantnelson/go/src/github.com/apache/commons-cli/src/test/java/org/apache/commons/cli/ValuesTest.java","3","34","The method 'setUp()' has an NPath complexity of 1, current threshold is 1","Design","NPathComplexity"
"8","org.apache.commons.cli","/Users/grantnelson/go/src/github.com/apache/commons-cli/src/test/java/org/apache/commons/cli/ValuesTest.java","3","74","The method 'testShortArgs()' has a NCSS line count of 5.","Design","NcssCount"
"9","org.apache.commons.cli","/Users/grantnelson/go/src/github.com/apache/commons-cli/src/test/java/org/apache/commons/cli/ValuesTest.java","3","74","The method 'testShortArgs()' has a cyclomatic complexity of 1.","Design","CyclomaticComplexity"
"10","org.apache.commons.cli","/Users/grantnelson/go/src/github.com/apache/commons-cli/src/test/java/org/apache/commons/cli/ValuesTest.java","3","74","The method 'testShortArgs()' has an NPath complexity of 1, current threshold is 1","Design","NPathComplexity"
"11","org.apache.commons.cli","/Users/grantnelson/go/src/github.com/apache/commons-cli/src/test/java/org/apache/commons/cli/ValuesTest.java","3","84","The method 'testShortArgsWithValue()' has a NCSS line count of 7.","Design","NcssCount"
"12","org.apache.commons.cli","/Users/grantnelson/go/src/github.com/apache/commons-cli/src/test/java/org/apache/commons/cli/ValuesTest.java","3","84","The method 'testShortArgsWithValue()' has a cyclomatic complexity of 1.","Design","CyclomaticComplexity"
"13","org.apache.commons.cli","/Users/grantnelson/go/src/github.com/apache/commons-cli/src/test/java/org/apache/commons/cli/ValuesTest.java","3","84","The method 'testShortArgsWithValue()' has an NPath complexity of 1, current threshold is 1","Design","NPathComplexity"
"14","org.apache.commons.cli","/Users/grantnelson/go/src/github.com/apache/commons-cli/src/test/java/org/apache/commons/cli/ValuesTest.java","3","96","The method 'testMultipleArgValues()' has a NCSS line count of 3.","Design","NcssCount"
"15","org.apache.commons.cli","/Users/grantnelson/go/src/github.com/apache/commons-cli/src/test/java/org/apache/commons/cli/ValuesTest.java","3","96","The method 'testMultipleArgValues()' has a cyclomatic complexity of 1.","Design","CyclomaticComplexity"
"16","org.apache.commons.cli","/Users/grantnelson/go/src/github.com/apache/commons-cli/src/test/java/org/apache/commons/cli/ValuesTest.java","3","96","The method 'testMultipleArgValues()' has an NPath complexity of 1, current threshold is 1","Design","NPathComplexity"
"17","org.apache.commons.cli","/Users/grantnelson/go/src/github.com/apache/commons-cli/src/test/java/org/apache/commons/cli/ValuesTest.java","3","103","The method 'testTwoArgValues()' has a NCSS line count of 3.","Design","NcssCount"
"18","org.apache.commons.cli","/Users/grantnelson/go/src/github.com/apache/commons-cli/src/test/java/org/apache/commons/cli/ValuesTest.java","3","103","The method 'testTwoArgValues()' has a cyclomatic complexity of 1.","Design","CyclomaticComplexity"
"19","org.apache.commons.cli","/Users/grantnelson/go/src/github.com/apache/commons-cli/src/test/java/org/apache/commons/cli/ValuesTest.java","3","103","The method 'testTwoArgValues()' has an NPath complexity of 1, current threshold is 1","Design","NPathComplexity"
"20","org.apache.commons.cli","/Users/grantnelson/go/src/github.com/apache/commons-cli/src/test/java/org/apache/commons/cli/ValuesTest.java","3","110","The method 'testComplexValues()' has a NCSS line count of 4.","Design","NcssCount"
"21","org.apache.commons.cli","/Users/grantnelson/go/src/github.com/apache/commons-cli/src/test/java/org/apache/commons/cli/ValuesTest.java","3","110","The method 'testComplexValues()' has a cyclomatic complexity of 1.","Design","CyclomaticComplexity"
"22","org.apache.commons.cli","/Users/grantnelson/go/src/github.com/apache/commons-cli/src/test/java/org/apache/commons/cli/ValuesTest.java","3","110","The method 'testComplexValues()' has an NPath complexity of 1, current threshold is 1","Design","NPathComplexity"
"23","org.apache.commons.cli","/Users/grantnelson/go/src/github.com/apache/commons-cli/src/test/java/org/apache/commons/cli/ValuesTest.java","3","118","The method 'testExtraArgs()' has a NCSS line count of 2.","Design","NcssCount"
"24","org.apache.commons.cli","/Users/grantnelson/go/src/github.com/apache/commons-cli/src/test/java/org/apache/commons/cli/ValuesTest.java","3","118","The method 'testExtraArgs()' has a cyclomatic complexity of 1.","Design","CyclomaticComplexity"
"25","org.apache.commons.cli","/Users/grantnelson/go/src/github.com/apache/commons-cli/src/test/java/org/apache/commons/cli/ValuesTest.java","3","118","The method 'testExtraArgs()' has an NPath complexity of 1, current threshold is 1","Design","NPathComplexity"
"26","org.apache.commons.cli","/Users/grantnelson/go/src/github.com/apache/commons-cli/src/test/java/org/apache/commons/cli/ValuesTest.java","3","124","The method 'testCharSeparator()' has a NCSS line count of 13.","Design","NcssCount"
"27","org.apache.commons.cli","/Users/grantnelson/go/src/github.com/apache/commons-cli/src/test/java/org/apache/commons/cli/ValuesTest.java","3","124","The method 'testCharSeparator()' has a cyclomatic complexity of 1.","Design","CyclomaticComplexity"
"28","org.apache.commons.cli","/Users/grantnelson/go/src/github.com/apache/commons-cli/src/test/java/org/apache/commons/cli/ValuesTest.java","3","124","The method 'testCharSeparator()' has an NPath complexity of 1, current threshold is 1","Design","NPathComplexity"
"1","org.apache.commons.cli.bug","/Users/grantnelson/go/src/github.com/apache/commons-cli/src/test/java/org/apache/commons/cli/bug/BugCLI133Test.java","3","30","A value of 4 may denote a high amount of coupling within the class (threshold: 1)","Design","CouplingBetweenObjects"
"2","org.apache.commons.cli.bug","/Users/grantnelson/go/src/github.com/apache/commons-cli/src/test/java/org/apache/commons/cli/bug/BugCLI133Test.java","3","30","The class 'BugCLI133Test' has a NCSS line count of 8 (Highest = 7).","Design","NcssCount"
"3","org.apache.commons.cli.bug","/Users/grantnelson/go/src/github.com/apache/commons-cli/src/test/java/org/apache/commons/cli/bug/BugCLI133Test.java","3","30","The class 'BugCLI133Test' has a total cyclomatic complexity of 1 (highest 1).","Design","CyclomaticComplexity"
"4","org.apache.commons.cli.bug","/Users/grantnelson/go/src/github.com/apache/commons-cli/src/test/java/org/apache/commons/cli/bug/BugCLI133Test.java","3","30","This class has 1 public methods and attributes; current threshold is 1.","Design","ExcessivePublicCount"
"5","org.apache.commons.cli.bug","/Users/grantnelson/go/src/github.com/apache/commons-cli/src/test/java/org/apache/commons/cli/bug/BugCLI133Test.java","3","33","The method 'testOrder()' has a NCSS line count of 7.","Design","NcssCount"
"6","org.apache.commons.cli.bug","/Users/grantnelson/go/src/github.com/apache/commons-cli/src/test/java/org/apache/commons/cli/bug/BugCLI133Test.java","3","33","The method 'testOrder()' has a cyclomatic complexity of 1.","Design","CyclomaticComplexity"
"7","org.apache.commons.cli.bug","/Users/grantnelson/go/src/github.com/apache/commons-cli/src/test/java/org/apache/commons/cli/bug/BugCLI133Test.java","3","33","The method 'testOrder()' has an NPath complexity of 1, current threshold is 1","Design","NPathComplexity"
"1","org.apache.commons.cli.bug","/Users/grantnelson/go/src/github.com/apache/commons-cli/src/test/java/org/apache/commons/cli/bug/BugCLI13Test.java","3","32","A value of 3 may denote a high amount of coupling within the class (threshold: 1)","Design","CouplingBetweenObjects"
"2","org.apache.commons.cli.bug","/Users/grantnelson/go/src/github.com/apache/commons-cli/src/test/java/org/apache/commons/cli/bug/BugCLI13Test.java","3","32","The class 'BugCLI13Test' has a NCSS line count of 11 (Highest = 10).","Design","NcssCount"
"3","org.apache.commons.cli.bug","/Users/grantnelson/go/src/github.com/apache/commons-cli/src/test/java/org/apache/commons/cli/bug/BugCLI13Test.java","3","32","The class 'BugCLI13Test' has a total cyclomatic complexity of 1 (highest 1).","Design","CyclomaticComplexity"
"4","org.apache.commons.cli.bug","/Users/grantnelson/go/src/github.com/apache/commons-cli/src/test/java/org/apache/commons/cli/bug/BugCLI13Test.java","3","32","This class has 1 public methods and attributes; current threshold is 1.","Design","ExcessivePublicCount"
"5","org.apache.commons.cli.bug","/Users/grantnelson/go/src/github.com/apache/commons-cli/src/test/java/org/apache/commons/cli/bug/BugCLI13Test.java","3","35","The method 'testCLI13()' has a NCSS line count of 10.","Design","NcssCount"
"6","org.apache.commons.cli.bug","/Users/grantnelson/go/src/github.com/apache/commons-cli/src/test/java/org/apache/commons/cli/bug/BugCLI13Test.java","3","35","The method 'testCLI13()' has a cyclomatic complexity of 1.","Design","CyclomaticComplexity"
"7","org.apache.commons.cli.bug","/Users/grantnelson/go/src/github.com/apache/commons-cli/src/test/java/org/apache/commons/cli/bug/BugCLI13Test.java","3","35","The method 'testCLI13()' has an NPath complexity of 1, current threshold is 1","Design","NPathComplexity"
"1","org.apache.commons.cli.bug","/Users/grantnelson/go/src/github.com/apache/commons-cli/src/test/java/org/apache/commons/cli/bug/BugCLI148Test.java","3","34","A value of 3 may denote a high amount of coupling within the class (threshold: 1)","Design","CouplingBetweenObjects"
"2","org.apache.commons.cli.bug","/Users/grantnelson/go/src/github.com/apache/commons-cli/src/test/java/org/apache/commons/cli/bug/BugCLI148Test.java","3","34","The class 'BugCLI148Test' has a NCSS line count of 16 (Highest = 5).","Design","NcssCount"
"3","org.apache.commons.cli.bug","/Users/grantnelson/go/src/github.com/apache/commons-cli/src/test/java/org/apache/commons/cli/bug/BugCLI148Test.java","3","34","The class 'BugCLI148Test' has a total cyclomatic complexity of 3 (highest 1).","Design","CyclomaticComplexity"
"4","org.apache.commons.cli.bug","/Users/grantnelson/go/src/github.com/apache/commons-cli/src/test/java/org/apache/commons/cli/bug/BugCLI148Test.java","3","34","This class has 3 public methods and attributes; current threshold is 1.","Design","ExcessivePublicCount"
"5","org.apache.commons.cli.bug","/Users/grantnelson/go/src/github.com/apache/commons-cli/src/test/java/org/apache/commons/cli/bug/BugCLI148Test.java","3","39","The method 'setUp()' has a NCSS line count of 4.","Design","NcssCount"
"6","org.apache.commons.cli.bug","/Users/grantnelson/go/src/github.com/apache/commons-cli/src/test/java/org/apache/commons/cli/bug/BugCLI148Test.java","3","39","The method 'setUp()' has a cyclomatic complexity of 1.","Design","CyclomaticComplexity"
"7","org.apache.commons.cli.bug","/Users/grantnelson/go/src/github.com/apache/commons-cli/src/test/java/org/apache/commons/cli/bug/BugCLI148Test.java","3","39","The method 'setUp()' has an NPath complexity of 1, current threshold is 1","Design","NPathComplexity"
"8","org.apache.commons.cli.bug","/Users/grantnelson/go/src/github.com/apache/commons-cli/src/test/java/org/apache/commons/cli/bug/BugCLI148Test.java","3","47","The method 'testWorkaround1()' has a NCSS line count of 5.","Design","NcssCount"
"9","org.apache.commons.cli.bug","/Users/grantnelson/go/src/github.com/apache/commons-cli/src/test/java/org/apache/commons/cli/bug/BugCLI148Test.java","3","47","The method 'testWorkaround1()' has a cyclomatic complexity of 1.","Design","CyclomaticComplexity"
"10","org.apache.commons.cli.bug","/Users/grantnelson/go/src/github.com/apache/commons-cli/src/test/java/org/apache/commons/cli/bug/BugCLI148Test.java","3","47","The method 'testWorkaround1()' has an NPath complexity of 1, current threshold is 1","Design","NPathComplexity"
"11","org.apache.commons.cli.bug","/Users/grantnelson/go/src/github.com/apache/commons-cli/src/test/java/org/apache/commons/cli/bug/BugCLI148Test.java","3","57","The method 'testWorkaround2()' has a NCSS line count of 5.","Design","NcssCount"
"12","org.apache.commons.cli.bug","/Users/grantnelson/go/src/github.com/apache/commons-cli/src/test/java/org/apache/commons/cli/bug/BugCLI148Test.java","3","57","The method 'testWorkaround2()' has a cyclomatic complexity of 1.","Design","CyclomaticComplexity"
"13","org.apache.commons.cli.bug","/Users/grantnelson/go/src/github.com/apache/commons-cli/src/test/java/org/apache/commons/cli/bug/BugCLI148Test.java","3","57","The method 'testWorkaround2()' has an NPath complexity of 1, current threshold is 1","Design","NPathComplexity"
"1","org.apache.commons.cli.bug","/Users/grantnelson/go/src/github.com/apache/commons-cli/src/test/java/org/apache/commons/cli/bug/BugCLI162Test.java","3","34","A value of 5 may denote a high amount of coupling within the class (threshold: 1)","Design","CouplingBetweenObjects"
"2","org.apache.commons.cli.bug","/Users/grantnelson/go/src/github.com/apache/commons-cli/src/test/java/org/apache/commons/cli/bug/BugCLI162Test.java","3","34","The class 'BugCLI162Test' has a NCSS line count of 108 (Highest = 83).","Design","NcssCount"
"3","org.apache.commons.cli.bug","/Users/grantnelson/go/src/github.com/apache/commons-cli/src/test/java/org/apache/commons/cli/bug/BugCLI162Test.java","3","34","The class 'BugCLI162Test' has a total cyclomatic complexity of 5 (highest 1).","Design","CyclomaticComplexity"
"4","org.apache.commons.cli.bug","/Users/grantnelson/go/src/github.com/apache/commons-cli/src/test/java/org/apache/commons/cli/bug/BugCLI162Test.java","3","34","This class has 5 public methods and attributes; current threshold is 1.","Design","ExcessivePublicCount"
"5","org.apache.commons.cli.bug","/Users/grantnelson/go/src/github.com/apache/commons-cli/src/test/java/org/apache/commons/cli/bug/BugCLI162Test.java","3","43","The method 'setUp()' has a NCSS line count of 3.","Design","NcssCount"
"6","org.apache.commons.cli.bug","/Users/grantnelson/go/src/github.com/apache/commons-cli/src/test/java/org/apache/commons/cli/bug/BugCLI162Test.java","3","43","The method 'setUp()' has a cyclomatic complexity of 1.","Design","CyclomaticComplexity"
"7","org.apache.commons.cli.bug","/Users/grantnelson/go/src/github.com/apache/commons-cli/src/test/java/org/apache/commons/cli/bug/BugCLI162Test.java","3","43","The method 'setUp()' has an NPath complexity of 1, current threshold is 1","Design","NPathComplexity"
"8","org.apache.commons.cli.bug","/Users/grantnelson/go/src/github.com/apache/commons-cli/src/test/java/org/apache/commons/cli/bug/BugCLI162Test.java","3","50","The method 'testInfiniteLoop()' has a NCSS line count of 6.","Design","NcssCount"
"9","org.apache.commons.cli.bug","/Users/grantnelson/go/src/github.com/apache/commons-cli/src/test/java/org/apache/commons/cli/bug/BugCLI162Test.java","3","50","The method 'testInfiniteLoop()' has a cyclomatic complexity of 1.","Design","CyclomaticComplexity"
"10","org.apache.commons.cli.bug","/Users/grantnelson/go/src/github.com/apache/commons-cli/src/test/java/org/apache/commons/cli/bug/BugCLI162Test.java","3","50","The method 'testInfiniteLoop()' has an NPath complexity of 1, current threshold is 1","Design","NPathComplexity"
"11","org.apache.commons.cli.bug","/Users/grantnelson/go/src/github.com/apache/commons-cli/src/test/java/org/apache/commons/cli/bug/BugCLI162Test.java","3","67","The method 'testPrintHelpLongLines()' has a NCSS line count of 83.","Design","NcssCount"
"12","org.apache.commons.cli.bug","/Users/grantnelson/go/src/github.com/apache/commons-cli/src/test/java/org/apache/commons/cli/bug/BugCLI162Test.java","3","67","The method 'testPrintHelpLongLines()' has a cyclomatic complexity of 1.","Design","CyclomaticComplexity"
"13","org.apache.commons.cli.bug","/Users/grantnelson/go/src/github.com/apache/commons-cli/src/test/java/org/apache/commons/cli/bug/BugCLI162Test.java","3","67","The method 'testPrintHelpLongLines()' has an NPath complexity of 1, current threshold is 1","Design","NPathComplexity"
"14","org.apache.commons.cli.bug","/Users/grantnelson/go/src/github.com/apache/commons-cli/src/test/java/org/apache/commons/cli/bug/BugCLI162Test.java","3","314","The method 'testLongLineChunking()' has a NCSS line count of 6.","Design","NcssCount"
"15","org.apache.commons.cli.bug","/Users/grantnelson/go/src/github.com/apache/commons-cli/src/test/java/org/apache/commons/cli/bug/BugCLI162Test.java","3","314","The method 'testLongLineChunking()' has a cyclomatic complexity of 1.","Design","CyclomaticComplexity"
"16","org.apache.commons.cli.bug","/Users/grantnelson/go/src/github.com/apache/commons-cli/src/test/java/org/apache/commons/cli/bug/BugCLI162Test.java","3","314","The method 'testLongLineChunking()' has an NPath complexity of 1, current threshold is 1","Design","NPathComplexity"
"17","org.apache.commons.cli.bug","/Users/grantnelson/go/src/github.com/apache/commons-cli/src/test/java/org/apache/commons/cli/bug/BugCLI162Test.java","3","346","The method 'testLongLineChunkingIndentIgnored()' has a NCSS line count of 6.","Design","NcssCount"
"18","org.apache.commons.cli.bug","/Users/grantnelson/go/src/github.com/apache/commons-cli/src/test/java/org/apache/commons/cli/bug/BugCLI162Test.java","3","346","The method 'testLongLineChunkingIndentIgnored()' has a cyclomatic complexity of 1.","Design","CyclomaticComplexity"
"19","org.apache.commons.cli.bug","/Users/grantnelson/go/src/github.com/apache/commons-cli/src/test/java/org/apache/commons/cli/bug/BugCLI162Test.java","3","346","The method 'testLongLineChunkingIndentIgnored()' has an NPath complexity of 1, current threshold is 1","Design","NPathComplexity"
"1","org.apache.commons.cli.bug","/Users/grantnelson/go/src/github.com/apache/commons-cli/src/test/java/org/apache/commons/cli/bug/BugCLI18Test.java","3","31","A value of 3 may denote a high amount of coupling within the class (threshold: 1)","Design","CouplingBetweenObjects"
"2","org.apache.commons.cli.bug","/Users/grantnelson/go/src/github.com/apache/commons-cli/src/test/java/org/apache/commons/cli/bug/BugCLI18Test.java","3","31","The class 'BugCLI18Test' has a NCSS line count of 9 (Highest = 8).","Design","NcssCount"
"3","org.apache.commons.cli.bug","/Users/grantnelson/go/src/github.com/apache/commons-cli/src/test/java/org/apache/commons/cli/bug/BugCLI18Test.java","3","31","The class 'BugCLI18Test' has a total cyclomatic complexity of 1 (highest 1).","Design","CyclomaticComplexity"
"4","org.apache.commons.cli.bug","/Users/grantnelson/go/src/github.com/apache/commons-cli/src/test/java/org/apache/commons/cli/bug/BugCLI18Test.java","3","31","This class has 1 public methods and attributes; current threshold is 1.","Design","ExcessivePublicCount"
"5","org.apache.commons.cli.bug","/Users/grantnelson/go/src/github.com/apache/commons-cli/src/test/java/org/apache/commons/cli/bug/BugCLI18Test.java","3","34","The method 'testCLI18()' has a NCSS line count of 8.","Design","NcssCount"
"6","org.apache.commons.cli.bug","/Users/grantnelson/go/src/github.com/apache/commons-cli/src/test/java/org/apache/commons/cli/bug/BugCLI18Test.java","3","34","The method 'testCLI18()' has a cyclomatic complexity of 1.","Design","CyclomaticComplexity"
"7","org.apache.commons.cli.bug","/Users/grantnelson/go/src/github.com/apache/commons-cli/src/test/java/org/apache/commons/cli/bug/BugCLI18Test.java","3","34","The method 'testCLI18()' has an NPath complexity of 1, current threshold is 1","Design","NPathComplexity"
"1","org.apache.commons.cli.bug","/Users/grantnelson/go/src/github.com/apache/commons-cli/src/test/java/org/apache/commons/cli/bug/BugCLI252Test.java","3","27","The class 'BugCLI252Test' has a NCSS line count of 10 (Highest = 5).","Design","NcssCount"
"2","org.apache.commons.cli.bug","/Users/grantnelson/go/src/github.com/apache/commons-cli/src/test/java/org/apache/commons/cli/bug/BugCLI252Test.java","3","27","The class 'BugCLI252Test' has a total cyclomatic complexity of 3 (highest 1).","Design","CyclomaticComplexity"
"3","org.apache.commons.cli.bug","/Users/grantnelson/go/src/github.com/apache/commons-cli/src/test/java/org/apache/commons/cli/bug/BugCLI252Test.java","3","27","This class has 2 public methods and attributes; current threshold is 1.","Design","ExcessivePublicCount"
"4","org.apache.commons.cli.bug","/Users/grantnelson/go/src/github.com/apache/commons-cli/src/test/java/org/apache/commons/cli/bug/BugCLI252Test.java","3","30","The method 'testExactOptionNameMatch()' has a NCSS line count of 2.","Design","NcssCount"
"5","org.apache.commons.cli.bug","/Users/grantnelson/go/src/github.com/apache/commons-cli/src/test/java/org/apache/commons/cli/bug/BugCLI252Test.java","3","30","The method 'testExactOptionNameMatch()' has a cyclomatic complexity of 1.","Design","CyclomaticComplexity"
"6","org.apache.commons.cli.bug","/Users/grantnelson/go/src/github.com/apache/commons-cli/src/test/java/org/apache/commons/cli/bug/BugCLI252Test.java","3","30","The method 'testExactOptionNameMatch()' has an NPath complexity of 1, current threshold is 1","Design","NPathComplexity"
"7","org.apache.commons.cli.bug","/Users/grantnelson/go/src/github.com/apache/commons-cli/src/test/java/org/apache/commons/cli/bug/BugCLI252Test.java","3","35","The method 'testAmbiquousOptionName()' has a NCSS line count of 2.","Design","NcssCount"
"8","org.apache.commons.cli.bug","/Users/grantnelson/go/src/github.com/apache/commons-cli/src/test/java/org/apache/commons/cli/bug/BugCLI252Test.java","3","35","The method 'testAmbiquousOptionName()' has a cyclomatic complexity of 1.","Design","CyclomaticComplexity"
"9","org.apache.commons.cli.bug","/Users/grantnelson/go/src/github.com/apache/commons-cli/src/test/java/org/apache/commons/cli/bug/BugCLI252Test.java","3","35","The method 'testAmbiquousOptionName()' has an NPath complexity of 1, current threshold is 1","Design","NPathComplexity"
"10","org.apache.commons.cli.bug","/Users/grantnelson/go/src/github.com/apache/commons-cli/src/test/java/org/apache/commons/cli/bug/BugCLI252Test.java","3","39","The method 'getOptions()' has a NCSS line count of 5.","Design","NcssCount"
"11","org.apache.commons.cli.bug","/Users/grantnelson/go/src/github.com/apache/commons-cli/src/test/java/org/apache/commons/cli/bug/BugCLI252Test.java","3","39","The method 'getOptions()' has a cyclomatic complexity of 1.","Design","CyclomaticComplexity"
"12","org.apache.commons.cli.bug","/Users/grantnelson/go/src/github.com/apache/commons-cli/src/test/java/org/apache/commons/cli/bug/BugCLI252Test.java","3","39","The method 'getOptions()' has an NPath complexity of 1, current threshold is 1","Design","NPathComplexity"
"1","org.apache.commons.cli.bug","/Users/grantnelson/go/src/github.com/apache/commons-cli/src/test/java/org/apache/commons/cli/bug/BugCLI265Test.java","3","38","A value of 4 may denote a high amount of coupling within the class (threshold: 1)","Design","CouplingBetweenObjects"
"2","org.apache.commons.cli.bug","/Users/grantnelson/go/src/github.com/apache/commons-cli/src/test/java/org/apache/commons/cli/bug/BugCLI265Test.java","3","38","The class 'BugCLI265Test' has a NCSS line count of 29 (Highest = 8).","Design","NcssCount"
"3","org.apache.commons.cli.bug","/Users/grantnelson/go/src/github.com/apache/commons-cli/src/test/java/org/apache/commons/cli/bug/BugCLI265Test.java","3","38","The class 'BugCLI265Test' has a total cyclomatic complexity of 4 (highest 1).","Design","CyclomaticComplexity"
"4","org.apache.commons.cli.bug","/Users/grantnelson/go/src/github.com/apache/commons-cli/src/test/java/org/apache/commons/cli/bug/BugCLI265Test.java","3","38","This class has 4 public methods and attributes; current threshold is 1.","Design","ExcessivePublicCount"
"5","org.apache.commons.cli.bug","/Users/grantnelson/go/src/github.com/apache/commons-cli/src/test/java/org/apache/commons/cli/bug/BugCLI265Test.java","3","44","The method 'setUp()' has a NCSS line count of 7.","Design","NcssCount"
"6","org.apache.commons.cli.bug","/Users/grantnelson/go/src/github.com/apache/commons-cli/src/test/java/org/apache/commons/cli/bug/BugCLI265Test.java","3","44","The method 'setUp()' has a cyclomatic complexity of 1.","Design","CyclomaticComplexity"
"7","org.apache.commons.cli.bug","/Users/grantnelson/go/src/github.com/apache/commons-cli/src/test/java/org/apache/commons/cli/bug/BugCLI265Test.java","3","44","The method 'setUp()' has an NPath complexity of 1, current threshold is 1","Design","NPathComplexity"
"8","org.apache.commons.cli.bug","/Users/grantnelson/go/src/github.com/apache/commons-cli/src/test/java/org/apache/commons/cli/bug/BugCLI265Test.java","3","56","The method 'shouldParseShortOptionWithValue()' has a NCSS line count of 5.","Design","NcssCount"
"9","org.apache.commons.cli.bug","/Users/grantnelson/go/src/github.com/apache/commons-cli/src/test/java/org/apache/commons/cli/bug/BugCLI265Test.java","3","56","The method 'shouldParseShortOptionWithValue()' has a cyclomatic complexity of 1.","Design","CyclomaticComplexity"
"10","org.apache.commons.cli.bug","/Users/grantnelson/go/src/github.com/apache/commons-cli/src/test/java/org/apache/commons/cli/bug/BugCLI265Test.java","3","56","The method 'shouldParseShortOptionWithValue()' has an NPath complexity of 1, current threshold is 1","Design","NPathComplexity"
"11","org.apache.commons.cli.bug","/Users/grantnelson/go/src/github.com/apache/commons-cli/src/test/java/org/apache/commons/cli/bug/BugCLI265Test.java","3","66","The method 'shouldParseShortOptionWithoutValue()' has a NCSS line count of 6.","Design","NcssCount"
"12","org.apache.commons.cli.bug","/Users/grantnelson/go/src/github.com/apache/commons-cli/src/test/java/org/apache/commons/cli/bug/BugCLI265Test.java","3","66","The method 'shouldParseShortOptionWithoutValue()' has a cyclomatic complexity of 1.","Design","CyclomaticComplexity"
"13","org.apache.commons.cli.bug","/Users/grantnelson/go/src/github.com/apache/commons-cli/src/test/java/org/apache/commons/cli/bug/BugCLI265Test.java","3","66","The method 'shouldParseShortOptionWithoutValue()' has an NPath complexity of 1, current threshold is 1","Design","NPathComplexity"
"14","org.apache.commons.cli.bug","/Users/grantnelson/go/src/github.com/apache/commons-cli/src/test/java/org/apache/commons/cli/bug/BugCLI265Test.java","3","77","The method 'shouldParseConcatenatedShortOptions()' has a NCSS line count of 8.","Design","NcssCount"
"15","org.apache.commons.cli.bug","/Users/grantnelson/go/src/github.com/apache/commons-cli/src/test/java/org/apache/commons/cli/bug/BugCLI265Test.java","3","77","The method 'shouldParseConcatenatedShortOptions()' has a cyclomatic complexity of 1.","Design","CyclomaticComplexity"
"16","org.apache.commons.cli.bug","/Users/grantnelson/go/src/github.com/apache/commons-cli/src/test/java/org/apache/commons/cli/bug/BugCLI265Test.java","3","77","The method 'shouldParseConcatenatedShortOptions()' has an NPath complexity of 1, current threshold is 1","Design","NPathComplexity"
"1","org.apache.commons.cli.bug","/Users/grantnelson/go/src/github.com/apache/commons-cli/src/test/java/org/apache/commons/cli/bug/BugCLI266Test.java","3","34","A value of 7 may denote a high amount of coupling within the class (threshold: 1)","Design","CouplingBetweenObjects"
"2","org.apache.commons.cli.bug","/Users/grantnelson/go/src/github.com/apache/commons-cli/src/test/java/org/apache/commons/cli/bug/BugCLI266Test.java","3","34","The class 'BugCLI266Test' has a NCSS line count of 41 (Highest = 12).","Design","NcssCount"
"3","org.apache.commons.cli.bug","/Users/grantnelson/go/src/github.com/apache/commons-cli/src/test/java/org/apache/commons/cli/bug/BugCLI266Test.java","3","34","The class 'BugCLI266Test' has a total cyclomatic complexity of 6 (highest 2).","Design","CyclomaticComplexity"
"4","org.apache.commons.cli.bug","/Users/grantnelson/go/src/github.com/apache/commons-cli/src/test/java/org/apache/commons/cli/bug/BugCLI266Test.java","3","34","This class has 2 public methods and attributes; current threshold is 1.","Design","ExcessivePublicCount"
"5","org.apache.commons.cli.bug","/Users/grantnelson/go/src/github.com/apache/commons-cli/src/test/java/org/apache/commons/cli/bug/BugCLI266Test.java","3","40","The method 'testOptionComparatorDefaultOrder()' has a NCSS line count of 8.","Design","NcssCount"
"6","org.apache.commons.cli.bug","/Users/grantnelson/go/src/github.com/apache/commons-cli/src/test/java/org/apache/commons/cli/bug/BugCLI266Test.java","3","40","The method 'testOptionComparatorDefaultOrder()' has a cognitive complexity of 1, current threshold is 1","Design","CognitiveComplexity"
"7","org.apache.commons.cli.bug","/Users/grantnelson/go/src/github.com/apache/commons-cli/src/test/java/org/apache/commons/cli/bug/BugCLI266Test.java","3","40","The method 'testOptionComparatorDefaultOrder()' has a cyclomatic complexity of 2.","Design","CyclomaticComplexity"
"8","org.apache.commons.cli.bug","/Users/grantnelson/go/src/github.com/apache/commons-cli/src/test/java/org/apache/commons/cli/bug/BugCLI266Test.java","3","40","The method 'testOptionComparatorDefaultOrder()' has an NPath complexity of 2, current threshold is 1","Design","NPathComplexity"
"9","org.apache.commons.cli.bug","/Users/grantnelson/go/src/github.com/apache/commons-cli/src/test/java/org/apache/commons/cli/bug/BugCLI266Test.java","3","52","The method 'testOptionComparatorInsertedOrder()' has a NCSS line count of 6.","Design","NcssCount"
"10","org.apache.commons.cli.bug","/Users/grantnelson/go/src/github.com/apache/commons-cli/src/test/java/org/apache/commons/cli/bug/BugCLI266Test.java","3","52","The method 'testOptionComparatorInsertedOrder()' has a cognitive complexity of 1, current threshold is 1","Design","CognitiveComplexity"
"11","org.apache.commons.cli.bug","/Users/grantnelson/go/src/github.com/apache/commons-cli/src/test/java/org/apache/commons/cli/bug/BugCLI266Test.java","3","52","The method 'testOptionComparatorInsertedOrder()' has a cyclomatic complexity of 2.","Design","CyclomaticComplexity"
"12","org.apache.commons.cli.bug","/Users/grantnelson/go/src/github.com/apache/commons-cli/src/test/java/org/apache/commons/cli/bug/BugCLI266Test.java","3","52","The method 'testOptionComparatorInsertedOrder()' has an NPath complexity of 2, current threshold is 1","Design","NPathComplexity"
"13","org.apache.commons.cli.bug","/Users/grantnelson/go/src/github.com/apache/commons-cli/src/test/java/org/apache/commons/cli/bug/BugCLI266Test.java","3","61","The method 'getOptions()' has a NCSS line count of 12.","Design","NcssCount"
"14","org.apache.commons.cli.bug","/Users/grantnelson/go/src/github.com/apache/commons-cli/src/test/java/org/apache/commons/cli/bug/BugCLI266Test.java","3","61","The method 'getOptions()' has a cyclomatic complexity of 1.","Design","CyclomaticComplexity"
"15","org.apache.commons.cli.bug","/Users/grantnelson/go/src/github.com/apache/commons-cli/src/test/java/org/apache/commons/cli/bug/BugCLI266Test.java","3","61","The method 'getOptions()' has an NPath complexity of 1, current threshold is 1","Design","NPathComplexity"
"16","org.apache.commons.cli.bug","/Users/grantnelson/go/src/github.com/apache/commons-cli/src/test/java/org/apache/commons/cli/bug/BugCLI266Test.java","3","91","The method 'buildOptionsGroup(Options)' has a NCSS line count of 12.","Design","NcssCount"
"17","org.apache.commons.cli.bug","/Users/grantnelson/go/src/github.com/apache/commons-cli/src/test/java/org/apache/commons/cli/bug/BugCLI266Test.java","3","91","The method 'buildOptionsGroup(Options)' has a cyclomatic complexity of 1.","Design","CyclomaticComplexity"
"18","org.apache.commons.cli.bug","/Users/grantnelson/go/src/github.com/apache/commons-cli/src/test/java/org/apache/commons/cli/bug/BugCLI266Test.java","3","91","The method 'buildOptionsGroup(Options)' has an NPath complexity of 1, current threshold is 1","Design","NPathComplexity"
"19","org.apache.commons.cli.bug","/Users/grantnelson/go/src/github.com/apache/commons-cli/src/test/java/org/apache/commons/cli/bug/BugCLI266Test.java","3","91","Avoid long parameter lists (1 parameters - threshold is 1).","Design","ExcessiveParameterList"
"1","org.apache.commons.cli.bug","/Users/grantnelson/go/src/github.com/apache/commons-cli/src/test/java/org/apache/commons/cli/bug/BugCLI71Test.java","3","33","A value of 4 may denote a high amount of coupling within the class (threshold: 1)","Design","CouplingBetweenObjects"
"2","org.apache.commons.cli.bug","/Users/grantnelson/go/src/github.com/apache/commons-cli/src/test/java/org/apache/commons/cli/bug/BugCLI71Test.java","3","33","The class 'BugCLI71Test' has a NCSS line count of 36 (Highest = 9).","Design","NcssCount"
"3","org.apache.commons.cli.bug","/Users/grantnelson/go/src/github.com/apache/commons-cli/src/test/java/org/apache/commons/cli/bug/BugCLI71Test.java","3","33","The class 'BugCLI71Test' has a total cyclomatic complexity of 6 (highest 2).","Design","CyclomaticComplexity"
"4","org.apache.commons.cli.bug","/Users/grantnelson/go/src/github.com/apache/commons-cli/src/test/java/org/apache/commons/cli/bug/BugCLI71Test.java","3","33","This class has 5 public methods and attributes; current threshold is 1.","Design","ExcessivePublicCount"
"5","org.apache.commons.cli.bug","/Users/grantnelson/go/src/github.com/apache/commons-cli/src/test/java/org/apache/commons/cli/bug/BugCLI71Test.java","3","39","The method 'setUp()' has a NCSS line count of 9.","Design","NcssCount"
"6","org.apache.commons.cli.bug","/Users/grantnelson/go/src/github.com/apache/commons-cli/src/test/java/org/apache/commons/cli/bug/BugCLI71Test.java","3","39","The method 'setUp()' has a cyclomatic complexity of 1.","Design","CyclomaticComplexity"
"7","org.apache.commons.cli.bug","/Users/grantnelson/go/src/github.com/apache/commons-cli/src/test/java/org/apache/commons/cli/bug/BugCLI71Test.java","3","39","The method 'setUp()' has an NPath complexity of 1, current threshold is 1","Design","NPathComplexity"
"8","org.apache.commons.cli.bug","/Users/grantnelson/go/src/github.com/apache/commons-cli/src/test/java/org/apache/commons/cli/bug/BugCLI71Test.java","3","54","The method 'testBasic()' has a NCSS line count of 5.","Design","NcssCount"
"9","org.apache.commons.cli.bug","/Users/grantnelson/go/src/github.com/apache/commons-cli/src/test/java/org/apache/commons/cli/bug/BugCLI71Test.java","3","54","The method 'testBasic()' has a cyclomatic complexity of 1.","Design","CyclomaticComplexity"
"10","org.apache.commons.cli.bug","/Users/grantnelson/go/src/github.com/apache/commons-cli/src/test/java/org/apache/commons/cli/bug/BugCLI71Test.java","3","54","The method 'testBasic()' has an NPath complexity of 1, current threshold is 1","Design","NPathComplexity"
"11","org.apache.commons.cli.bug","/Users/grantnelson/go/src/github.com/apache/commons-cli/src/test/java/org/apache/commons/cli/bug/BugCLI71Test.java","3","62","The method 'testMistakenArgument()' has a NCSS line count of 7.","Design","NcssCount"
"12","org.apache.commons.cli.bug","/Users/grantnelson/go/src/github.com/apache/commons-cli/src/test/java/org/apache/commons/cli/bug/BugCLI71Test.java","3","62","The method 'testMistakenArgument()' has a cyclomatic complexity of 1.","Design","CyclomaticComplexity"
"13","org.apache.commons.cli.bug","/Users/grantnelson/go/src/github.com/apache/commons-cli/src/test/java/org/apache/commons/cli/bug/BugCLI71Test.java","3","62","The method 'testMistakenArgument()' has an NPath complexity of 1, current threshold is 1","Design","NPathComplexity"
"14","org.apache.commons.cli.bug","/Users/grantnelson/go/src/github.com/apache/commons-cli/src/test/java/org/apache/commons/cli/bug/BugCLI71Test.java","3","72","The method 'testLackOfError()' has a NCSS line count of 6.","Design","NcssCount"
"15","org.apache.commons.cli.bug","/Users/grantnelson/go/src/github.com/apache/commons-cli/src/test/java/org/apache/commons/cli/bug/BugCLI71Test.java","3","72","The method 'testLackOfError()' has a cognitive complexity of 1, current threshold is 1","Design","CognitiveComplexity"
"16","org.apache.commons.cli.bug","/Users/grantnelson/go/src/github.com/apache/commons-cli/src/test/java/org/apache/commons/cli/bug/BugCLI71Test.java","3","72","The method 'testLackOfError()' has a cyclomatic complexity of 2.","Design","CyclomaticComplexity"
"17","org.apache.commons.cli.bug","/Users/grantnelson/go/src/github.com/apache/commons-cli/src/test/java/org/apache/commons/cli/bug/BugCLI71Test.java","3","72","The method 'testLackOfError()' has an NPath complexity of 1, current threshold is 1","Design","NPathComplexity"
"18","org.apache.commons.cli.bug","/Users/grantnelson/go/src/github.com/apache/commons-cli/src/test/java/org/apache/commons/cli/bug/BugCLI71Test.java","3","83","The method 'testGetsDefaultIfOptional()' has a NCSS line count of 6.","Design","NcssCount"
"19","org.apache.commons.cli.bug","/Users/grantnelson/go/src/github.com/apache/commons-cli/src/test/java/org/apache/commons/cli/bug/BugCLI71Test.java","3","83","The method 'testGetsDefaultIfOptional()' has a cyclomatic complexity of 1.","Design","CyclomaticComplexity"
"20","org.apache.commons.cli.bug","/Users/grantnelson/go/src/github.com/apache/commons-cli/src/test/java/org/apache/commons/cli/bug/BugCLI71Test.java","3","83","The method 'testGetsDefaultIfOptional()' has an NPath complexity of 1, current threshold is 1","Design","NPathComplexity"
"1","org.apache.commons.cli.bug","/Users/grantnelson/go/src/github.com/apache/commons-cli/src/test/java/org/apache/commons/cli/bug/BugsTest.java","3","45","A value of 12 may denote a high amount of coupling within the class (threshold: 1)","Design","CouplingBetweenObjects"
"2","org.apache.commons.cli.bug","/Users/grantnelson/go/src/github.com/apache/commons-cli/src/test/java/org/apache/commons/cli/bug/BugsTest.java","3","45","The class 'BugsTest' has a NCSS line count of 181 (Highest = 29).","Design","NcssCount"
"3","org.apache.commons.cli.bug","/Users/grantnelson/go/src/github.com/apache/commons-cli/src/test/java/org/apache/commons/cli/bug/BugsTest.java","3","45","The class 'BugsTest' has a total cyclomatic complexity of 20 (highest 4).","Design","CyclomaticComplexity"
"4","org.apache.commons.cli.bug","/Users/grantnelson/go/src/github.com/apache/commons-cli/src/test/java/org/apache/commons/cli/bug/BugsTest.java","3","45","This class has 12 public methods and attributes; current threshold is 1.","Design","ExcessivePublicCount"
"5","org.apache.commons.cli.bug","/Users/grantnelson/go/src/github.com/apache/commons-cli/src/test/java/org/apache/commons/cli/bug/BugsTest.java","3","48","The method 'test11457()' has a NCSS line count of 7.","Design","NcssCount"
"6","org.apache.commons.cli.bug","/Users/grantnelson/go/src/github.com/apache/commons-cli/src/test/java/org/apache/commons/cli/bug/BugsTest.java","3","48","The method 'test11457()' has a cyclomatic complexity of 1.","Design","CyclomaticComplexity"
"7","org.apache.commons.cli.bug","/Users/grantnelson/go/src/github.com/apache/commons-cli/src/test/java/org/apache/commons/cli/bug/BugsTest.java","3","48","The method 'test11457()' has an NPath complexity of 1, current threshold is 1","Design","NPathComplexity"
"8","org.apache.commons.cli.bug","/Users/grantnelson/go/src/github.com/apache/commons-cli/src/test/java/org/apache/commons/cli/bug/BugsTest.java","3","61","The method 'test11458()' has a NCSS line count of 29.","Design","NcssCount"
"9","org.apache.commons.cli.bug","/Users/grantnelson/go/src/github.com/apache/commons-cli/src/test/java/org/apache/commons/cli/bug/BugsTest.java","3","61","The method 'test11458()' has a cognitive complexity of 3, current threshold is 1","Design","CognitiveComplexity"
"10","org.apache.commons.cli.bug","/Users/grantnelson/go/src/github.com/apache/commons-cli/src/test/java/org/apache/commons/cli/bug/BugsTest.java","3","61","The method 'test11458()' has a cyclomatic complexity of 4.","Design","CyclomaticComplexity"
"11","org.apache.commons.cli.bug","/Users/grantnelson/go/src/github.com/apache/commons-cli/src/test/java/org/apache/commons/cli/bug/BugsTest.java","3","61","The method 'test11458()' has an NPath complexity of 4, current threshold is 1","Design","NPathComplexity"
"12","org.apache.commons.cli.bug","/Users/grantnelson/go/src/github.com/apache/commons-cli/src/test/java/org/apache/commons/cli/bug/BugsTest.java","3","105","The method 'test11680()' has a NCSS line count of 9.","Design","NcssCount"
"13","org.apache.commons.cli.bug","/Users/grantnelson/go/src/github.com/apache/commons-cli/src/test/java/org/apache/commons/cli/bug/BugsTest.java","3","105","The method 'test11680()' has a cyclomatic complexity of 1.","Design","CyclomaticComplexity"
"14","org.apache.commons.cli.bug","/Users/grantnelson/go/src/github.com/apache/commons-cli/src/test/java/org/apache/commons/cli/bug/BugsTest.java","3","105","The method 'test11680()' has an NPath complexity of 1, current threshold is 1","Design","NPathComplexity"
"15","org.apache.commons.cli.bug","/Users/grantnelson/go/src/github.com/apache/commons-cli/src/test/java/org/apache/commons/cli/bug/BugsTest.java","3","121","The method 'test11456()' has a NCSS line count of 15.","Design","NcssCount"
"16","org.apache.commons.cli.bug","/Users/grantnelson/go/src/github.com/apache/commons-cli/src/test/java/org/apache/commons/cli/bug/BugsTest.java","3","121","The method 'test11456()' has a cyclomatic complexity of 1.","Design","CyclomaticComplexity"
"17","org.apache.commons.cli.bug","/Users/grantnelson/go/src/github.com/apache/commons-cli/src/test/java/org/apache/commons/cli/bug/BugsTest.java","3","121","The method 'test11456()' has an NPath complexity of 1, current threshold is 1","Design","NPathComplexity"
"18","org.apache.commons.cli.bug","/Users/grantnelson/go/src/github.com/apache/commons-cli/src/test/java/org/apache/commons/cli/bug/BugsTest.java","3","147","The method 'test12210()' has a NCSS line count of 25.","Design","NcssCount"
"19","org.apache.commons.cli.bug","/Users/grantnelson/go/src/github.com/apache/commons-cli/src/test/java/org/apache/commons/cli/bug/BugsTest.java","3","147","The method 'test12210()' has a cognitive complexity of 3, current threshold is 1","Design","CognitiveComplexity"
"20","org.apache.commons.cli.bug","/Users/grantnelson/go/src/github.com/apache/commons-cli/src/test/java/org/apache/commons/cli/bug/BugsTest.java","3","147","The method 'test12210()' has a cyclomatic complexity of 3.","Design","CyclomaticComplexity"
"21","org.apache.commons.cli.bug","/Users/grantnelson/go/src/github.com/apache/commons-cli/src/test/java/org/apache/commons/cli/bug/BugsTest.java","3","147","The method 'test12210()' has an NPath complexity of 3, current threshold is 1","Design","NPathComplexity"
"22","org.apache.commons.cli.bug","/Users/grantnelson/go/src/github.com/apache/commons-cli/src/test/java/org/apache/commons/cli/bug/BugsTest.java","3","204","The method 'test13425()' has a NCSS line count of 11.","Design","NcssCount"
"23","org.apache.commons.cli.bug","/Users/grantnelson/go/src/github.com/apache/commons-cli/src/test/java/org/apache/commons/cli/bug/BugsTest.java","3","204","The method 'test13425()' has a cognitive complexity of 1, current threshold is 1","Design","CognitiveComplexity"
"24","org.apache.commons.cli.bug","/Users/grantnelson/go/src/github.com/apache/commons-cli/src/test/java/org/apache/commons/cli/bug/BugsTest.java","3","204","The method 'test13425()' has a cyclomatic complexity of 2.","Design","CyclomaticComplexity"
"25","org.apache.commons.cli.bug","/Users/grantnelson/go/src/github.com/apache/commons-cli/src/test/java/org/apache/commons/cli/bug/BugsTest.java","3","204","The method 'test13425()' has an NPath complexity of 1, current threshold is 1","Design","NPathComplexity"
"26","org.apache.commons.cli.bug","/Users/grantnelson/go/src/github.com/apache/commons-cli/src/test/java/org/apache/commons/cli/bug/BugsTest.java","3","235","The method 'test13666()' has a NCSS line count of 16.","Design","NcssCount"
"27","org.apache.commons.cli.bug","/Users/grantnelson/go/src/github.com/apache/commons-cli/src/test/java/org/apache/commons/cli/bug/BugsTest.java","3","235","The method 'test13666()' has a cyclomatic complexity of 1.","Design","CyclomaticComplexity"
"28","org.apache.commons.cli.bug","/Users/grantnelson/go/src/github.com/apache/commons-cli/src/test/java/org/apache/commons/cli/bug/BugsTest.java","3","235","The method 'test13666()' has an NPath complexity of 1, current threshold is 1","Design","NPathComplexity"
"29","org.apache.commons.cli.bug","/Users/grantnelson/go/src/github.com/apache/commons-cli/src/test/java/org/apache/commons/cli/bug/BugsTest.java","3","266","The method 'test13935()' has a NCSS line count of 29.","Design","NcssCount"
"30","org.apache.commons.cli.bug","/Users/grantnelson/go/src/github.com/apache/commons-cli/src/test/java/org/apache/commons/cli/bug/BugsTest.java","3","266","The method 'test13935()' has a cognitive complexity of 2, current threshold is 1","Design","CognitiveComplexity"
"31","org.apache.commons.cli.bug","/Users/grantnelson/go/src/github.com/apache/commons-cli/src/test/java/org/apache/commons/cli/bug/BugsTest.java","3","266","The method 'test13935()' has a cyclomatic complexity of 3.","Design","CyclomaticComplexity"
"32","org.apache.commons.cli.bug","/Users/grantnelson/go/src/github.com/apache/commons-cli/src/test/java/org/apache/commons/cli/bug/BugsTest.java","3","266","The method 'test13935()' has an NPath complexity of 1, current threshold is 1","Design","NPathComplexity"
"33","org.apache.commons.cli.bug","/Users/grantnelson/go/src/github.com/apache/commons-cli/src/test/java/org/apache/commons/cli/bug/BugsTest.java","3","313","The method 'test14786()' has a NCSS line count of 9.","Design","NcssCount"
"34","org.apache.commons.cli.bug","/Users/grantnelson/go/src/github.com/apache/commons-cli/src/test/java/org/apache/commons/cli/bug/BugsTest.java","3","313","The method 'test14786()' has a cyclomatic complexity of 1.","Design","CyclomaticComplexity"
"35","org.apache.commons.cli.bug","/Users/grantnelson/go/src/github.com/apache/commons-cli/src/test/java/org/apache/commons/cli/bug/BugsTest.java","3","313","The method 'test14786()' has an NPath complexity of 1, current threshold is 1","Design","NPathComplexity"
"36","org.apache.commons.cli.bug","/Users/grantnelson/go/src/github.com/apache/commons-cli/src/test/java/org/apache/commons/cli/bug/BugsTest.java","3","329","The method 'test15046()' has a NCSS line count of 10.","Design","NcssCount"
"37","org.apache.commons.cli.bug","/Users/grantnelson/go/src/github.com/apache/commons-cli/src/test/java/org/apache/commons/cli/bug/BugsTest.java","3","329","The method 'test15046()' has a cyclomatic complexity of 1.","Design","CyclomaticComplexity"
"38","org.apache.commons.cli.bug","/Users/grantnelson/go/src/github.com/apache/commons-cli/src/test/java/org/apache/commons/cli/bug/BugsTest.java","3","329","The method 'test15046()' has an NPath complexity of 1, current threshold is 1","Design","NPathComplexity"
"39","org.apache.commons.cli.bug","/Users/grantnelson/go/src/github.com/apache/commons-cli/src/test/java/org/apache/commons/cli/bug/BugsTest.java","3","347","The method 'test15648()' has a NCSS line count of 8.","Design","NcssCount"
"40","org.apache.commons.cli.bug","/Users/grantnelson/go/src/github.com/apache/commons-cli/src/test/java/org/apache/commons/cli/bug/BugsTest.java","3","347","The method 'test15648()' has a cyclomatic complexity of 1.","Design","CyclomaticComplexity"
"41","org.apache.commons.cli.bug","/Users/grantnelson/go/src/github.com/apache/commons-cli/src/test/java/org/apache/commons/cli/bug/BugsTest.java","3","347","The method 'test15648()' has an NPath complexity of 1, current threshold is 1","Design","NPathComplexity"
"42","org.apache.commons.cli.bug","/Users/grantnelson/go/src/github.com/apache/commons-cli/src/test/java/org/apache/commons/cli/bug/BugsTest.java","3","359","The method 'test31148()' has a NCSS line count of 12.","Design","NcssCount"
"43","org.apache.commons.cli.bug","/Users/grantnelson/go/src/github.com/apache/commons-cli/src/test/java/org/apache/commons/cli/bug/BugsTest.java","3","359","The method 'test31148()' has a cyclomatic complexity of 1.","Design","CyclomaticComplexity"
"44","org.apache.commons.cli.bug","/Users/grantnelson/go/src/github.com/apache/commons-cli/src/test/java/org/apache/commons/cli/bug/BugsTest.java","3","359","The method 'test31148()' has an NPath complexity of 1, current threshold is 1","Design","NPathComplexity"
